member_id,care_gap_code,ablation_score,label_source_basis,excludes_reward_features,model_version
MOCK00001,DIAB_A1C_TEST,0.017331382060904323,InComm-sourced,True,ablation_v1
MOCK00007,DIAB_A1C_TEST,0.023792454397599933,InComm-sourced,True,ablation_v1
MOCK00013,DIAB_A1C_TEST,0.037224740644004356,InComm-sourced,True,ablation_v1
MOCK00019,DIAB_A1C_TEST,0.049000750943783464,InComm-sourced,True,ablation_v1
MOCK00025,DIAB_A1C_TEST,0.02397416964944733,InComm-sourced,True,ablation_v1
MOCK00031,DIAB_A1C_TEST,0.038859917845898415,InComm-sourced,True,ablation_v1
MOCK00037,DIAB_A1C_TEST,0.031208591988992024,InComm-sourced,True,ablation_v1
MOCK00043,DIAB_A1C_TEST,0.04096021054517081,InComm-sourced,True,ablation_v1
MOCK00049,DIAB_A1C_TEST,0.03744143789055277,InComm-sourced,True,ablation_v1
MOCK00055,DIAB_A1C_TEST,0.028014471595704592,InComm-sourced,True,ablation_v1
MOCK00061,DIAB_A1C_TEST,0.0593777425906878,InComm-sourced,True,ablation_v1
MOCK00067,DIAB_A1C_TEST,0.028795730442350106,InComm-sourced,True,ablation_v1
MOCK00073,DIAB_A1C_TEST,0.05382546385815086,InComm-sourced,True,ablation_v1
MOCK00079,DIAB_A1C_TEST,0.04784895756093078,InComm-sourced,True,ablation_v1
MOCK00085,DIAB_A1C_TEST,0.04623647691168687,InComm-sourced,True,ablation_v1
MOCK00091,DIAB_A1C_TEST,0.026567357527155663,InComm-sourced,True,ablation_v1
MOCK00097,DIAB_A1C_TEST,0.03300849253895822,InComm-sourced,True,ablation_v1
MOCK00103,DIAB_A1C_TEST,0.022669556448133347,InComm-sourced,True,ablation_v1
MOCK00109,DIAB_A1C_TEST,0.03704877245600449,InComm-sourced,True,ablation_v1
MOCK00115,DIAB_A1C_TEST,0.04779744255861929,InComm-sourced,True,ablation_v1
MOCK00121,DIAB_A1C_TEST,0.03737656495355777,InComm-sourced,True,ablation_v1
MOCK00127,DIAB_A1C_TEST,0.030134593557712305,InComm-sourced,True,ablation_v1
MOCK00133,DIAB_A1C_TEST,0.026991945673221322,InComm-sourced,True,ablation_v1
MOCK00139,DIAB_A1C_TEST,0.05933911502859345,InComm-sourced,True,ablation_v1
MOCK00145,DIAB_A1C_TEST,0.058318862304562444,InComm-sourced,True,ablation_v1
MOCK00151,DIAB_A1C_TEST,0.040865980932904146,InComm-sourced,True,ablation_v1
MOCK00157,DIAB_A1C_TEST,0.0437652722329096,InComm-sourced,True,ablation_v1
MOCK00163,DIAB_A1C_TEST,0.02674771944670009,InComm-sourced,True,ablation_v1
MOCK00169,DIAB_A1C_TEST,0.03360229148202202,InComm-sourced,True,ablation_v1
MOCK00175,DIAB_A1C_TEST,0.02856318664194949,InComm-sourced,True,ablation_v1
MOCK00181,DIAB_A1C_TEST,0.0327751029931358,InComm-sourced,True,ablation_v1
MOCK00187,DIAB_A1C_TEST,0.033825884299393955,InComm-sourced,True,ablation_v1
MOCK00193,DIAB_A1C_TEST,0.014647946374011303,InComm-sourced,True,ablation_v1
MOCK00199,DIAB_A1C_TEST,0.03101389287102374,InComm-sourced,True,ablation_v1
MOCK00205,DIAB_A1C_TEST,0.028087887646232525,InComm-sourced,True,ablation_v1
MOCK00211,DIAB_A1C_TEST,0.02249470294713563,InComm-sourced,True,ablation_v1
MOCK00217,DIAB_A1C_TEST,0.02451178034156122,InComm-sourced,True,ablation_v1
MOCK00223,DIAB_A1C_TEST,0.03142762622580335,InComm-sourced,True,ablation_v1
MOCK00229,DIAB_A1C_TEST,0.04973995827132959,InComm-sourced,True,ablation_v1
MOCK00235,DIAB_A1C_TEST,0.01596179512842988,InComm-sourced,True,ablation_v1
MOCK00241,DIAB_A1C_TEST,0.05220319611813594,InComm-sourced,True,ablation_v1
MOCK00247,DIAB_A1C_TEST,0.044843796664003524,InComm-sourced,True,ablation_v1
MOCK00253,DIAB_A1C_TEST,0.033401610121711015,InComm-sourced,True,ablation_v1
MOCK00259,DIAB_A1C_TEST,0.01878225112804963,InComm-sourced,True,ablation_v1
MOCK00265,DIAB_A1C_TEST,0.02356033937703068,InComm-sourced,True,ablation_v1
MOCK00271,DIAB_A1C_TEST,0.03763830270058608,InComm-sourced,True,ablation_v1
MOCK00277,DIAB_A1C_TEST,0.044925232991561176,InComm-sourced,True,ablation_v1
MOCK00283,DIAB_A1C_TEST,0.032095741818823104,InComm-sourced,True,ablation_v1
MOCK00289,DIAB_A1C_TEST,0.050217207677989435,InComm-sourced,True,ablation_v1
MOCK00295,DIAB_A1C_TEST,0.058913491385901295,InComm-sourced,True,ablation_v1
MOCK00301,DIAB_A1C_TEST,0.029758689708361822,InComm-sourced,True,ablation_v1
MOCK00307,DIAB_A1C_TEST,0.04922846785286854,InComm-sourced,True,ablation_v1
MOCK00313,DIAB_A1C_TEST,0.048566379895737886,InComm-sourced,True,ablation_v1
MOCK00319,DIAB_A1C_TEST,0.031529505760670186,InComm-sourced,True,ablation_v1
MOCK00325,DIAB_A1C_TEST,0.041380093137446526,InComm-sourced,True,ablation_v1
MOCK00331,DIAB_A1C_TEST,0.06149305370007961,InComm-sourced,True,ablation_v1
MOCK00337,DIAB_A1C_TEST,0.030993154519544066,InComm-sourced,True,ablation_v1
MOCK00343,DIAB_A1C_TEST,0.04149845181848041,InComm-sourced,True,ablation_v1
MOCK00349,DIAB_A1C_TEST,0.06816516711568844,InComm-sourced,True,ablation_v1
MOCK00355,DIAB_A1C_TEST,0.01797960107696552,InComm-sourced,True,ablation_v1
MOCK00361,DIAB_A1C_TEST,0.024947849758907754,InComm-sourced,True,ablation_v1
MOCK00367,DIAB_A1C_TEST,0.06839185750254594,InComm-sourced,True,ablation_v1
MOCK00373,DIAB_A1C_TEST,0.029851801364659203,InComm-sourced,True,ablation_v1
MOCK00379,DIAB_A1C_TEST,0.03366283407436331,InComm-sourced,True,ablation_v1
MOCK00385,DIAB_A1C_TEST,0.028503572669677367,InComm-sourced,True,ablation_v1
MOCK00391,DIAB_A1C_TEST,0.019093951420326664,InComm-sourced,True,ablation_v1
MOCK00397,DIAB_A1C_TEST,0.03889882384827655,InComm-sourced,True,ablation_v1
MOCK00403,DIAB_A1C_TEST,0.034837347206032016,InComm-sourced,True,ablation_v1
MOCK00409,DIAB_A1C_TEST,0.0249218245414272,InComm-sourced,True,ablation_v1
MOCK00415,DIAB_A1C_TEST,0.021581550476902446,InComm-sourced,True,ablation_v1
MOCK00421,DIAB_A1C_TEST,0.055059154894420474,InComm-sourced,True,ablation_v1
MOCK00427,DIAB_A1C_TEST,0.02894308684861116,InComm-sourced,True,ablation_v1
MOCK00433,DIAB_A1C_TEST,0.02466276212640311,InComm-sourced,True,ablation_v1
MOCK00439,DIAB_A1C_TEST,0.03037683676762668,InComm-sourced,True,ablation_v1
MOCK00445,DIAB_A1C_TEST,0.02099045803171709,InComm-sourced,True,ablation_v1
MOCK00451,DIAB_A1C_TEST,0.051554196069019995,InComm-sourced,True,ablation_v1
MOCK00457,DIAB_A1C_TEST,0.028812548520173224,InComm-sourced,True,ablation_v1
MOCK00463,DIAB_A1C_TEST,0.01994735550709623,InComm-sourced,True,ablation_v1
MOCK00469,DIAB_A1C_TEST,0.04597005011789119,InComm-sourced,True,ablation_v1
MOCK00475,DIAB_A1C_TEST,0.02656884214321785,InComm-sourced,True,ablation_v1
MOCK00481,DIAB_A1C_TEST,0.0523438249306675,InComm-sourced,True,ablation_v1
MOCK00487,DIAB_A1C_TEST,0.05003832590584002,InComm-sourced,True,ablation_v1
MOCK00493,DIAB_A1C_TEST,0.06229431573377892,InComm-sourced,True,ablation_v1
MOCK00499,DIAB_A1C_TEST,0.022386328461003045,InComm-sourced,True,ablation_v1
MOCK00505,DIAB_A1C_TEST,0.018061681529188415,InComm-sourced,True,ablation_v1
MOCK00511,DIAB_A1C_TEST,0.02507465296502246,InComm-sourced,True,ablation_v1
MOCK00517,DIAB_A1C_TEST,0.033898993990729126,InComm-sourced,True,ablation_v1
MOCK00523,DIAB_A1C_TEST,0.03333666580214328,InComm-sourced,True,ablation_v1
MOCK00529,DIAB_A1C_TEST,0.08222997255315709,InComm-sourced,True,ablation_v1
MOCK00535,DIAB_A1C_TEST,0.020494312307676628,InComm-sourced,True,ablation_v1
MOCK00541,DIAB_A1C_TEST,0.07238306414935411,InComm-sourced,True,ablation_v1
MOCK00547,DIAB_A1C_TEST,0.05208067124393065,InComm-sourced,True,ablation_v1
MOCK00553,DIAB_A1C_TEST,0.03915764850174164,InComm-sourced,True,ablation_v1
MOCK00559,DIAB_A1C_TEST,0.05609033188235025,InComm-sourced,True,ablation_v1
MOCK00565,DIAB_A1C_TEST,0.019053692549029434,InComm-sourced,True,ablation_v1
MOCK00571,DIAB_A1C_TEST,0.024203486244265864,InComm-sourced,True,ablation_v1
MOCK00577,DIAB_A1C_TEST,0.03476646990456026,InComm-sourced,True,ablation_v1
MOCK00583,DIAB_A1C_TEST,0.039563120548859514,InComm-sourced,True,ablation_v1
MOCK00589,DIAB_A1C_TEST,0.026646688890936597,InComm-sourced,True,ablation_v1
MOCK00595,DIAB_A1C_TEST,0.017207403460727834,InComm-sourced,True,ablation_v1
MOCK00601,DIAB_A1C_TEST,0.022874423192380186,InComm-sourced,True,ablation_v1
MOCK00607,DIAB_A1C_TEST,0.05878376779958565,InComm-sourced,True,ablation_v1
MOCK00613,DIAB_A1C_TEST,0.02713405365087554,InComm-sourced,True,ablation_v1
MOCK00619,DIAB_A1C_TEST,0.05220850289931385,InComm-sourced,True,ablation_v1
MOCK00625,DIAB_A1C_TEST,0.06558625773470991,InComm-sourced,True,ablation_v1
MOCK00631,DIAB_A1C_TEST,0.030156731246647812,InComm-sourced,True,ablation_v1
MOCK00637,DIAB_A1C_TEST,0.04229084419497755,InComm-sourced,True,ablation_v1
MOCK00643,DIAB_A1C_TEST,0.03209626221823276,InComm-sourced,True,ablation_v1
MOCK00649,DIAB_A1C_TEST,0.03761581345317328,InComm-sourced,True,ablation_v1
MOCK00655,DIAB_A1C_TEST,0.03317163033977566,InComm-sourced,True,ablation_v1
MOCK00661,DIAB_A1C_TEST,0.02966523453839448,InComm-sourced,True,ablation_v1
MOCK00667,DIAB_A1C_TEST,0.03350364288011541,InComm-sourced,True,ablation_v1
MOCK00673,DIAB_A1C_TEST,0.01708361457182768,InComm-sourced,True,ablation_v1
MOCK00679,DIAB_A1C_TEST,0.03086854618472527,InComm-sourced,True,ablation_v1
MOCK00685,DIAB_A1C_TEST,0.02399141849094306,InComm-sourced,True,ablation_v1
MOCK00691,DIAB_A1C_TEST,0.03586584714288953,InComm-sourced,True,ablation_v1
MOCK00697,DIAB_A1C_TEST,0.023123201174226973,InComm-sourced,True,ablation_v1
MOCK00703,DIAB_A1C_TEST,0.049793419063803857,InComm-sourced,True,ablation_v1
MOCK00709,DIAB_A1C_TEST,0.03527848950498074,InComm-sourced,True,ablation_v1
MOCK00715,DIAB_A1C_TEST,0.020073173994694726,InComm-sourced,True,ablation_v1
MOCK00721,DIAB_A1C_TEST,0.03970434214502833,InComm-sourced,True,ablation_v1
MOCK00727,DIAB_A1C_TEST,0.01589199129204128,InComm-sourced,True,ablation_v1
MOCK00733,DIAB_A1C_TEST,0.05001508324479051,InComm-sourced,True,ablation_v1
MOCK00739,DIAB_A1C_TEST,0.019752592115259586,InComm-sourced,True,ablation_v1
MOCK00745,DIAB_A1C_TEST,0.03672412997329808,InComm-sourced,True,ablation_v1
MOCK00751,DIAB_A1C_TEST,0.021073839324652104,InComm-sourced,True,ablation_v1
MOCK00757,DIAB_A1C_TEST,0.0647398653006537,InComm-sourced,True,ablation_v1
MOCK00763,DIAB_A1C_TEST,0.02253453467049184,InComm-sourced,True,ablation_v1
MOCK00769,DIAB_A1C_TEST,0.03070598483615093,InComm-sourced,True,ablation_v1
MOCK00775,DIAB_A1C_TEST,0.02325227321343448,InComm-sourced,True,ablation_v1
MOCK00781,DIAB_A1C_TEST,0.024500711809326513,InComm-sourced,True,ablation_v1
MOCK00787,DIAB_A1C_TEST,0.029949292498867363,InComm-sourced,True,ablation_v1
MOCK00793,DIAB_A1C_TEST,0.0299352735629241,InComm-sourced,True,ablation_v1
MOCK00799,DIAB_A1C_TEST,0.03227068203080508,InComm-sourced,True,ablation_v1
MOCK00805,DIAB_A1C_TEST,0.02319023657429799,InComm-sourced,True,ablation_v1
MOCK00811,DIAB_A1C_TEST,0.04421601117850802,InComm-sourced,True,ablation_v1
MOCK00817,DIAB_A1C_TEST,0.04440851600128592,InComm-sourced,True,ablation_v1
MOCK00823,DIAB_A1C_TEST,0.023980485336557916,InComm-sourced,True,ablation_v1
MOCK00829,DIAB_A1C_TEST,0.051231336013361516,InComm-sourced,True,ablation_v1
MOCK00835,DIAB_A1C_TEST,0.04456875302787314,InComm-sourced,True,ablation_v1
MOCK00841,DIAB_A1C_TEST,0.02999214295505662,InComm-sourced,True,ablation_v1
MOCK00847,DIAB_A1C_TEST,0.024566124263784735,InComm-sourced,True,ablation_v1
MOCK00853,DIAB_A1C_TEST,0.036647369866361204,InComm-sourced,True,ablation_v1
MOCK00859,DIAB_A1C_TEST,0.046066831336122195,InComm-sourced,True,ablation_v1
MOCK00865,DIAB_A1C_TEST,0.050048937431044514,InComm-sourced,True,ablation_v1
MOCK00871,DIAB_A1C_TEST,0.030748907802533674,InComm-sourced,True,ablation_v1
MOCK00877,DIAB_A1C_TEST,0.01592475905100592,InComm-sourced,True,ablation_v1
MOCK00883,DIAB_A1C_TEST,0.033083574721151976,InComm-sourced,True,ablation_v1
MOCK00889,DIAB_A1C_TEST,0.02905547389477728,InComm-sourced,True,ablation_v1
MOCK00895,DIAB_A1C_TEST,0.03575259439710017,InComm-sourced,True,ablation_v1
MOCK00901,DIAB_A1C_TEST,0.025036120299820604,InComm-sourced,True,ablation_v1
MOCK00907,DIAB_A1C_TEST,0.0239969821762097,InComm-sourced,True,ablation_v1
MOCK00913,DIAB_A1C_TEST,0.07151591443366738,InComm-sourced,True,ablation_v1
MOCK00919,DIAB_A1C_TEST,0.05444460044954829,InComm-sourced,True,ablation_v1
MOCK00925,DIAB_A1C_TEST,0.021906934789353256,InComm-sourced,True,ablation_v1
MOCK00931,DIAB_A1C_TEST,0.035109036881146485,InComm-sourced,True,ablation_v1
MOCK00937,DIAB_A1C_TEST,0.03244715992156134,InComm-sourced,True,ablation_v1
MOCK00943,DIAB_A1C_TEST,0.0593279993738541,InComm-sourced,True,ablation_v1
MOCK00949,DIAB_A1C_TEST,0.02699670360326804,InComm-sourced,True,ablation_v1
MOCK00955,DIAB_A1C_TEST,0.029487251419492398,InComm-sourced,True,ablation_v1
MOCK00961,DIAB_A1C_TEST,0.05082984620589554,InComm-sourced,True,ablation_v1
MOCK00967,DIAB_A1C_TEST,0.017454730038813614,InComm-sourced,True,ablation_v1
MOCK00973,DIAB_A1C_TEST,0.05122784994466295,InComm-sourced,True,ablation_v1
MOCK00979,DIAB_A1C_TEST,0.04818768297435171,InComm-sourced,True,ablation_v1
MOCK00985,DIAB_A1C_TEST,0.026360606996586974,InComm-sourced,True,ablation_v1
MOCK00991,DIAB_A1C_TEST,0.03332662496026799,InComm-sourced,True,ablation_v1
MOCK00997,DIAB_A1C_TEST,0.05123557883548476,InComm-sourced,True,ablation_v1
MOCK01003,DIAB_A1C_TEST,0.02716907292071209,InComm-sourced,True,ablation_v1
MOCK01009,DIAB_A1C_TEST,0.03790817482197107,InComm-sourced,True,ablation_v1
MOCK01015,DIAB_A1C_TEST,0.04997030799246707,InComm-sourced,True,ablation_v1
MOCK01021,DIAB_A1C_TEST,0.02729408562883665,InComm-sourced,True,ablation_v1
MOCK01027,DIAB_A1C_TEST,0.0377878460965184,InComm-sourced,True,ablation_v1
MOCK01033,DIAB_A1C_TEST,0.03089940539311976,InComm-sourced,True,ablation_v1
MOCK01039,DIAB_A1C_TEST,0.024469091056781345,InComm-sourced,True,ablation_v1
MOCK01045,DIAB_A1C_TEST,0.04424804431809936,InComm-sourced,True,ablation_v1
MOCK01051,DIAB_A1C_TEST,0.047009022193130766,InComm-sourced,True,ablation_v1
MOCK01057,DIAB_A1C_TEST,0.02139005860071567,InComm-sourced,True,ablation_v1
MOCK01063,DIAB_A1C_TEST,0.025865205178603603,InComm-sourced,True,ablation_v1
MOCK01069,DIAB_A1C_TEST,0.028228192674506467,InComm-sourced,True,ablation_v1
MOCK01075,DIAB_A1C_TEST,0.04401177998214586,InComm-sourced,True,ablation_v1
MOCK01081,DIAB_A1C_TEST,0.0684145011365447,InComm-sourced,True,ablation_v1
MOCK01087,DIAB_A1C_TEST,0.026832511779520077,InComm-sourced,True,ablation_v1
MOCK01093,DIAB_A1C_TEST,0.025041991864778394,InComm-sourced,True,ablation_v1
MOCK01099,DIAB_A1C_TEST,0.07714767652890159,InComm-sourced,True,ablation_v1
MOCK01105,DIAB_A1C_TEST,0.021909033529295525,InComm-sourced,True,ablation_v1
MOCK01111,DIAB_A1C_TEST,0.053977813419802914,InComm-sourced,True,ablation_v1
MOCK01117,DIAB_A1C_TEST,0.04010411709560899,InComm-sourced,True,ablation_v1
MOCK01123,DIAB_A1C_TEST,0.029042210341665438,InComm-sourced,True,ablation_v1
MOCK01129,DIAB_A1C_TEST,0.02880947786820526,InComm-sourced,True,ablation_v1
MOCK01135,DIAB_A1C_TEST,0.02074197665037586,InComm-sourced,True,ablation_v1
MOCK01141,DIAB_A1C_TEST,0.027835851577210035,InComm-sourced,True,ablation_v1
MOCK01147,DIAB_A1C_TEST,0.0709272647615906,InComm-sourced,True,ablation_v1
MOCK01153,DIAB_A1C_TEST,0.044735592527468185,InComm-sourced,True,ablation_v1
MOCK01159,DIAB_A1C_TEST,0.03792864163253792,InComm-sourced,True,ablation_v1
MOCK01165,DIAB_A1C_TEST,0.03960079838891682,InComm-sourced,True,ablation_v1
MOCK01171,DIAB_A1C_TEST,0.06183772120490365,InComm-sourced,True,ablation_v1
MOCK01177,DIAB_A1C_TEST,0.047630186551020276,InComm-sourced,True,ablation_v1
MOCK01183,DIAB_A1C_TEST,0.05121996908671848,InComm-sourced,True,ablation_v1
MOCK01189,DIAB_A1C_TEST,0.03154213475891891,InComm-sourced,True,ablation_v1
MOCK01195,DIAB_A1C_TEST,0.015332381773592528,InComm-sourced,True,ablation_v1
MOCK01201,DIAB_A1C_TEST,0.06343707184921363,InComm-sourced,True,ablation_v1
MOCK01207,DIAB_A1C_TEST,0.02929047172692602,InComm-sourced,True,ablation_v1
MOCK01213,DIAB_A1C_TEST,0.031135876662219043,InComm-sourced,True,ablation_v1
MOCK01219,DIAB_A1C_TEST,0.02737022548753422,InComm-sourced,True,ablation_v1
MOCK01225,DIAB_A1C_TEST,0.039940921130933185,InComm-sourced,True,ablation_v1
MOCK01231,DIAB_A1C_TEST,0.024047254784808743,InComm-sourced,True,ablation_v1
MOCK01237,DIAB_A1C_TEST,0.022749766189427947,InComm-sourced,True,ablation_v1
MOCK01243,DIAB_A1C_TEST,0.028373404771299692,InComm-sourced,True,ablation_v1
MOCK01249,DIAB_A1C_TEST,0.08363842330204047,InComm-sourced,True,ablation_v1
MOCK01255,DIAB_A1C_TEST,0.023269188392271652,InComm-sourced,True,ablation_v1
MOCK01261,DIAB_A1C_TEST,0.018842595081881155,InComm-sourced,True,ablation_v1
MOCK01267,DIAB_A1C_TEST,0.05059871193931157,InComm-sourced,True,ablation_v1
MOCK01273,DIAB_A1C_TEST,0.04490245299161131,InComm-sourced,True,ablation_v1
MOCK01279,DIAB_A1C_TEST,0.03237080692796734,InComm-sourced,True,ablation_v1
MOCK01285,DIAB_A1C_TEST,0.027057324243987886,InComm-sourced,True,ablation_v1
MOCK01291,DIAB_A1C_TEST,0.052174195458952154,InComm-sourced,True,ablation_v1
MOCK01297,DIAB_A1C_TEST,0.036121833327569935,InComm-sourced,True,ablation_v1
MOCK01303,DIAB_A1C_TEST,0.027999833346296552,InComm-sourced,True,ablation_v1
MOCK01309,DIAB_A1C_TEST,0.053721699609852736,InComm-sourced,True,ablation_v1
MOCK01315,DIAB_A1C_TEST,0.03502717777926495,InComm-sourced,True,ablation_v1
MOCK01321,DIAB_A1C_TEST,0.03357308049436309,InComm-sourced,True,ablation_v1
MOCK01327,DIAB_A1C_TEST,0.023845135844650967,InComm-sourced,True,ablation_v1
MOCK01333,DIAB_A1C_TEST,0.030837528493055585,InComm-sourced,True,ablation_v1
MOCK01339,DIAB_A1C_TEST,0.04434513629549789,InComm-sourced,True,ablation_v1
MOCK01345,DIAB_A1C_TEST,0.05160676525856107,InComm-sourced,True,ablation_v1
MOCK01351,DIAB_A1C_TEST,0.021520681543680777,InComm-sourced,True,ablation_v1
MOCK01357,DIAB_A1C_TEST,0.02302762961452285,InComm-sourced,True,ablation_v1
MOCK01363,DIAB_A1C_TEST,0.021944467342370176,InComm-sourced,True,ablation_v1
MOCK01369,DIAB_A1C_TEST,0.02544536003570397,InComm-sourced,True,ablation_v1
MOCK01375,DIAB_A1C_TEST,0.027234848039920646,InComm-sourced,True,ablation_v1
MOCK01381,DIAB_A1C_TEST,0.03482731894312322,InComm-sourced,True,ablation_v1
MOCK01387,DIAB_A1C_TEST,0.018762233233177977,InComm-sourced,True,ablation_v1
MOCK01393,DIAB_A1C_TEST,0.08009874215966986,InComm-sourced,True,ablation_v1
MOCK01399,DIAB_A1C_TEST,0.042911355887663385,InComm-sourced,True,ablation_v1
MOCK01405,DIAB_A1C_TEST,0.0322658805230922,InComm-sourced,True,ablation_v1
MOCK01411,DIAB_A1C_TEST,0.035331662703641895,InComm-sourced,True,ablation_v1
MOCK01417,DIAB_A1C_TEST,0.03130976489373198,InComm-sourced,True,ablation_v1
MOCK01423,DIAB_A1C_TEST,0.018442459943530762,InComm-sourced,True,ablation_v1
MOCK01429,DIAB_A1C_TEST,0.06953848873158613,InComm-sourced,True,ablation_v1
MOCK01435,DIAB_A1C_TEST,0.03423512085493639,InComm-sourced,True,ablation_v1
MOCK01441,DIAB_A1C_TEST,0.04397577983242628,InComm-sourced,True,ablation_v1
MOCK01447,DIAB_A1C_TEST,0.035289447578017184,InComm-sourced,True,ablation_v1
MOCK01453,DIAB_A1C_TEST,0.03861320103274043,InComm-sourced,True,ablation_v1
MOCK01459,DIAB_A1C_TEST,0.047263340287190536,InComm-sourced,True,ablation_v1
MOCK01465,DIAB_A1C_TEST,0.03359238331580215,InComm-sourced,True,ablation_v1
MOCK01471,DIAB_A1C_TEST,0.045568156023877426,InComm-sourced,True,ablation_v1
MOCK01477,DIAB_A1C_TEST,0.03211429869313936,InComm-sourced,True,ablation_v1
MOCK01483,DIAB_A1C_TEST,0.02471377878411556,InComm-sourced,True,ablation_v1
MOCK01489,DIAB_A1C_TEST,0.027567597696412583,InComm-sourced,True,ablation_v1
MOCK01495,DIAB_A1C_TEST,0.03543972415364894,InComm-sourced,True,ablation_v1
MOCK01501,DIAB_A1C_TEST,0.02600059387869169,InComm-sourced,True,ablation_v1
MOCK01507,DIAB_A1C_TEST,0.029052528196745232,InComm-sourced,True,ablation_v1
MOCK01513,DIAB_A1C_TEST,0.06751859620774942,InComm-sourced,True,ablation_v1
MOCK01519,DIAB_A1C_TEST,0.0677708847121382,InComm-sourced,True,ablation_v1
MOCK01525,DIAB_A1C_TEST,0.025727498292863304,InComm-sourced,True,ablation_v1
MOCK01531,DIAB_A1C_TEST,0.034884688714022,InComm-sourced,True,ablation_v1
MOCK01537,DIAB_A1C_TEST,0.03610327853893316,InComm-sourced,True,ablation_v1
MOCK01543,DIAB_A1C_TEST,0.0788868474439991,InComm-sourced,True,ablation_v1
MOCK01549,DIAB_A1C_TEST,0.04064989281790824,InComm-sourced,True,ablation_v1
MOCK01555,DIAB_A1C_TEST,0.03309362237119255,InComm-sourced,True,ablation_v1
MOCK01561,DIAB_A1C_TEST,0.02321417868489957,InComm-sourced,True,ablation_v1
MOCK01567,DIAB_A1C_TEST,0.022250109590511186,InComm-sourced,True,ablation_v1
MOCK01573,DIAB_A1C_TEST,0.02859613815785472,InComm-sourced,True,ablation_v1
MOCK01579,DIAB_A1C_TEST,0.050146885300799984,InComm-sourced,True,ablation_v1
MOCK01585,DIAB_A1C_TEST,0.05078682070158427,InComm-sourced,True,ablation_v1
MOCK01591,DIAB_A1C_TEST,0.07215004042773271,InComm-sourced,True,ablation_v1
MOCK01597,DIAB_A1C_TEST,0.013764404532613362,InComm-sourced,True,ablation_v1
MOCK01603,DIAB_A1C_TEST,0.03527996047798508,InComm-sourced,True,ablation_v1
MOCK01609,DIAB_A1C_TEST,0.09312417455525453,InComm-sourced,True,ablation_v1
MOCK01615,DIAB_A1C_TEST,0.023624534217979862,InComm-sourced,True,ablation_v1
MOCK01621,DIAB_A1C_TEST,0.04278933397429692,InComm-sourced,True,ablation_v1
MOCK01627,DIAB_A1C_TEST,0.01844721912095107,InComm-sourced,True,ablation_v1
MOCK01633,DIAB_A1C_TEST,0.07684399797396538,InComm-sourced,True,ablation_v1
MOCK01639,DIAB_A1C_TEST,0.04678163380614216,InComm-sourced,True,ablation_v1
MOCK01645,DIAB_A1C_TEST,0.013722864186573733,InComm-sourced,True,ablation_v1
MOCK01651,DIAB_A1C_TEST,0.01651331443355086,InComm-sourced,True,ablation_v1
MOCK01657,DIAB_A1C_TEST,0.04035971243308522,InComm-sourced,True,ablation_v1
MOCK01663,DIAB_A1C_TEST,0.04290219832827718,InComm-sourced,True,ablation_v1
MOCK01669,DIAB_A1C_TEST,0.055942055487816174,InComm-sourced,True,ablation_v1
MOCK01675,DIAB_A1C_TEST,0.023842155343398494,InComm-sourced,True,ablation_v1
MOCK01681,DIAB_A1C_TEST,0.055939529064882955,InComm-sourced,True,ablation_v1
MOCK01687,DIAB_A1C_TEST,0.03055165604099478,InComm-sourced,True,ablation_v1
MOCK01693,DIAB_A1C_TEST,0.024832477497978813,InComm-sourced,True,ablation_v1
MOCK01699,DIAB_A1C_TEST,0.030558357770133864,InComm-sourced,True,ablation_v1
MOCK01705,DIAB_A1C_TEST,0.018480415472125204,InComm-sourced,True,ablation_v1
MOCK01711,DIAB_A1C_TEST,0.028967630353229554,InComm-sourced,True,ablation_v1
MOCK01717,DIAB_A1C_TEST,0.03724922439498279,InComm-sourced,True,ablation_v1
MOCK01723,DIAB_A1C_TEST,0.031784216442315584,InComm-sourced,True,ablation_v1
MOCK01729,DIAB_A1C_TEST,0.06329347926153346,InComm-sourced,True,ablation_v1
MOCK01735,DIAB_A1C_TEST,0.02847512367048972,InComm-sourced,True,ablation_v1
MOCK01741,DIAB_A1C_TEST,0.027077603729111888,InComm-sourced,True,ablation_v1
MOCK01747,DIAB_A1C_TEST,0.03225915622807662,InComm-sourced,True,ablation_v1
MOCK01753,DIAB_A1C_TEST,0.02287925812648468,InComm-sourced,True,ablation_v1
MOCK01759,DIAB_A1C_TEST,0.05557932934700371,InComm-sourced,True,ablation_v1
MOCK01765,DIAB_A1C_TEST,0.022923026118033308,InComm-sourced,True,ablation_v1
MOCK01771,DIAB_A1C_TEST,0.04695184019857098,InComm-sourced,True,ablation_v1
MOCK01777,DIAB_A1C_TEST,0.02255124932621787,InComm-sourced,True,ablation_v1
MOCK01783,DIAB_A1C_TEST,0.04872158025559997,InComm-sourced,True,ablation_v1
MOCK01789,DIAB_A1C_TEST,0.04485377645167816,InComm-sourced,True,ablation_v1
MOCK01795,DIAB_A1C_TEST,0.023480965035832285,InComm-sourced,True,ablation_v1
MOCK01801,DIAB_A1C_TEST,0.08277985362621279,InComm-sourced,True,ablation_v1
MOCK01807,DIAB_A1C_TEST,0.03633744899856115,InComm-sourced,True,ablation_v1
MOCK01813,DIAB_A1C_TEST,0.04963154561458713,InComm-sourced,True,ablation_v1
MOCK01819,DIAB_A1C_TEST,0.06870683307597675,InComm-sourced,True,ablation_v1
MOCK01825,DIAB_A1C_TEST,0.017750005105835902,InComm-sourced,True,ablation_v1
MOCK01831,DIAB_A1C_TEST,0.025621842294533966,InComm-sourced,True,ablation_v1
MOCK01837,DIAB_A1C_TEST,0.019217464586520308,InComm-sourced,True,ablation_v1
MOCK01843,DIAB_A1C_TEST,0.0407515002343287,InComm-sourced,True,ablation_v1
MOCK01849,DIAB_A1C_TEST,0.04464501915951189,InComm-sourced,True,ablation_v1
MOCK01855,DIAB_A1C_TEST,0.046888107004847496,InComm-sourced,True,ablation_v1
MOCK01861,DIAB_A1C_TEST,0.025494474288623774,InComm-sourced,True,ablation_v1
MOCK01867,DIAB_A1C_TEST,0.028029681037111964,InComm-sourced,True,ablation_v1
MOCK01873,DIAB_A1C_TEST,0.059513871655622774,InComm-sourced,True,ablation_v1
MOCK01879,DIAB_A1C_TEST,0.01743101371121913,InComm-sourced,True,ablation_v1
MOCK01885,DIAB_A1C_TEST,0.04554089233206512,InComm-sourced,True,ablation_v1
MOCK01891,DIAB_A1C_TEST,0.06840780879251425,InComm-sourced,True,ablation_v1
MOCK01897,DIAB_A1C_TEST,0.04073085528389489,InComm-sourced,True,ablation_v1
MOCK01903,DIAB_A1C_TEST,0.058108103151875846,InComm-sourced,True,ablation_v1
MOCK01909,DIAB_A1C_TEST,0.01908315720971462,InComm-sourced,True,ablation_v1
MOCK01915,DIAB_A1C_TEST,0.024422390976576697,InComm-sourced,True,ablation_v1
MOCK01921,DIAB_A1C_TEST,0.04813501340713328,InComm-sourced,True,ablation_v1
MOCK01927,DIAB_A1C_TEST,0.0710923828237987,InComm-sourced,True,ablation_v1
MOCK01933,DIAB_A1C_TEST,0.11256846153019918,InComm-sourced,True,ablation_v1
MOCK01939,DIAB_A1C_TEST,0.03550167367684299,InComm-sourced,True,ablation_v1
MOCK01945,DIAB_A1C_TEST,0.018308325670422374,InComm-sourced,True,ablation_v1
MOCK01951,DIAB_A1C_TEST,0.03328547034535316,InComm-sourced,True,ablation_v1
MOCK01957,DIAB_A1C_TEST,0.020710212191887397,InComm-sourced,True,ablation_v1
MOCK01963,DIAB_A1C_TEST,0.024379276071261374,InComm-sourced,True,ablation_v1
MOCK01969,DIAB_A1C_TEST,0.037354652550294215,InComm-sourced,True,ablation_v1
MOCK01975,DIAB_A1C_TEST,0.02183943863942001,InComm-sourced,True,ablation_v1
MOCK01981,DIAB_A1C_TEST,0.017835637148224618,InComm-sourced,True,ablation_v1
MOCK01987,DIAB_A1C_TEST,0.022953305508425836,InComm-sourced,True,ablation_v1
MOCK01993,DIAB_A1C_TEST,0.07311457044722725,InComm-sourced,True,ablation_v1
MOCK01999,DIAB_A1C_TEST,0.04205703272053276,InComm-sourced,True,ablation_v1
MOCK02005,DIAB_A1C_TEST,0.027030868616184693,InComm-sourced,True,ablation_v1
MOCK02011,DIAB_A1C_TEST,0.037114842178224465,InComm-sourced,True,ablation_v1
MOCK02017,DIAB_A1C_TEST,0.03606091488431984,InComm-sourced,True,ablation_v1
MOCK02023,DIAB_A1C_TEST,0.10274310570596218,InComm-sourced,True,ablation_v1
MOCK02029,DIAB_A1C_TEST,0.03456197118422697,InComm-sourced,True,ablation_v1
MOCK02035,DIAB_A1C_TEST,0.06409584038114524,InComm-sourced,True,ablation_v1
MOCK02041,DIAB_A1C_TEST,0.016803935347085634,InComm-sourced,True,ablation_v1
MOCK02047,DIAB_A1C_TEST,0.023830462307884638,InComm-sourced,True,ablation_v1
MOCK02053,DIAB_A1C_TEST,0.05815825751049954,InComm-sourced,True,ablation_v1
MOCK02059,DIAB_A1C_TEST,0.07834339245626447,InComm-sourced,True,ablation_v1
MOCK02065,DIAB_A1C_TEST,0.026511491391101476,InComm-sourced,True,ablation_v1
MOCK02071,DIAB_A1C_TEST,0.021461179894172955,InComm-sourced,True,ablation_v1
MOCK02077,DIAB_A1C_TEST,0.024934960449373947,InComm-sourced,True,ablation_v1
MOCK02083,DIAB_A1C_TEST,0.039901962441043486,InComm-sourced,True,ablation_v1
MOCK02089,DIAB_A1C_TEST,0.05040611524891022,InComm-sourced,True,ablation_v1
MOCK02095,DIAB_A1C_TEST,0.01938610658168031,InComm-sourced,True,ablation_v1
MOCK02101,DIAB_A1C_TEST,0.03723747884641776,InComm-sourced,True,ablation_v1
MOCK02107,DIAB_A1C_TEST,0.03007604813685894,InComm-sourced,True,ablation_v1
MOCK02113,DIAB_A1C_TEST,0.02328794505215207,InComm-sourced,True,ablation_v1
MOCK02119,DIAB_A1C_TEST,0.10300198987248113,InComm-sourced,True,ablation_v1
MOCK02125,DIAB_A1C_TEST,0.03241625583444791,InComm-sourced,True,ablation_v1
MOCK02131,DIAB_A1C_TEST,0.03957356764727208,InComm-sourced,True,ablation_v1
MOCK02137,DIAB_A1C_TEST,0.05636562546793511,InComm-sourced,True,ablation_v1
MOCK02143,DIAB_A1C_TEST,0.03270348203126243,InComm-sourced,True,ablation_v1
MOCK02149,DIAB_A1C_TEST,0.02522639528378862,InComm-sourced,True,ablation_v1
MOCK02155,DIAB_A1C_TEST,0.03891957002452048,InComm-sourced,True,ablation_v1
MOCK02161,DIAB_A1C_TEST,0.05458846552326219,InComm-sourced,True,ablation_v1
MOCK02167,DIAB_A1C_TEST,0.06200849669137524,InComm-sourced,True,ablation_v1
MOCK02173,DIAB_A1C_TEST,0.031043901422799346,InComm-sourced,True,ablation_v1
MOCK02179,DIAB_A1C_TEST,0.023494794191453207,InComm-sourced,True,ablation_v1
MOCK02185,DIAB_A1C_TEST,0.023457408394335726,InComm-sourced,True,ablation_v1
MOCK02191,DIAB_A1C_TEST,0.023699292835243687,InComm-sourced,True,ablation_v1
MOCK02197,DIAB_A1C_TEST,0.03438770585191332,InComm-sourced,True,ablation_v1
MOCK02203,DIAB_A1C_TEST,0.03403970348258964,InComm-sourced,True,ablation_v1
MOCK02209,DIAB_A1C_TEST,0.02596358538255454,InComm-sourced,True,ablation_v1
MOCK02215,DIAB_A1C_TEST,0.021650759095070367,InComm-sourced,True,ablation_v1
MOCK02221,DIAB_A1C_TEST,0.028765116461152897,InComm-sourced,True,ablation_v1
MOCK02227,DIAB_A1C_TEST,0.03811618520159134,InComm-sourced,True,ablation_v1
MOCK02233,DIAB_A1C_TEST,0.03382269523201458,InComm-sourced,True,ablation_v1
MOCK02239,DIAB_A1C_TEST,0.028019361652292095,InComm-sourced,True,ablation_v1
MOCK02245,DIAB_A1C_TEST,0.014739089305935666,InComm-sourced,True,ablation_v1
MOCK02251,DIAB_A1C_TEST,0.024892281471251398,InComm-sourced,True,ablation_v1
MOCK02257,DIAB_A1C_TEST,0.04246905277882207,InComm-sourced,True,ablation_v1
MOCK02263,DIAB_A1C_TEST,0.013025814910063424,InComm-sourced,True,ablation_v1
MOCK02269,DIAB_A1C_TEST,0.0335058778028862,InComm-sourced,True,ablation_v1
MOCK02275,DIAB_A1C_TEST,0.029553494320374785,InComm-sourced,True,ablation_v1
MOCK02281,DIAB_A1C_TEST,0.056668055880191734,InComm-sourced,True,ablation_v1
MOCK02287,DIAB_A1C_TEST,0.03683517271609757,InComm-sourced,True,ablation_v1
MOCK02293,DIAB_A1C_TEST,0.02803714077407003,InComm-sourced,True,ablation_v1
MOCK02299,DIAB_A1C_TEST,0.04922336455650047,InComm-sourced,True,ablation_v1
MOCK02305,DIAB_A1C_TEST,0.033154642527132155,InComm-sourced,True,ablation_v1
MOCK02311,DIAB_A1C_TEST,0.02230528613557133,InComm-sourced,True,ablation_v1
MOCK02317,DIAB_A1C_TEST,0.029012407915907312,InComm-sourced,True,ablation_v1
MOCK02323,DIAB_A1C_TEST,0.041908566670986934,InComm-sourced,True,ablation_v1
MOCK02329,DIAB_A1C_TEST,0.04093311398928706,InComm-sourced,True,ablation_v1
MOCK02335,DIAB_A1C_TEST,0.03245757831005458,InComm-sourced,True,ablation_v1
MOCK02341,DIAB_A1C_TEST,0.020792959663521574,InComm-sourced,True,ablation_v1
MOCK02347,DIAB_A1C_TEST,0.04152203471645809,InComm-sourced,True,ablation_v1
MOCK02353,DIAB_A1C_TEST,0.052807244403351376,InComm-sourced,True,ablation_v1
MOCK02359,DIAB_A1C_TEST,0.019946091300162713,InComm-sourced,True,ablation_v1
MOCK02365,DIAB_A1C_TEST,0.03320848662455715,InComm-sourced,True,ablation_v1
MOCK02371,DIAB_A1C_TEST,0.021517117119423074,InComm-sourced,True,ablation_v1
MOCK02377,DIAB_A1C_TEST,0.03815123411887268,InComm-sourced,True,ablation_v1
MOCK02383,DIAB_A1C_TEST,0.0562908551639953,InComm-sourced,True,ablation_v1
MOCK02389,DIAB_A1C_TEST,0.04966583728548467,InComm-sourced,True,ablation_v1
MOCK02395,DIAB_A1C_TEST,0.04497186998037972,InComm-sourced,True,ablation_v1
MOCK02401,DIAB_A1C_TEST,0.022706610515272885,InComm-sourced,True,ablation_v1
MOCK02407,DIAB_A1C_TEST,0.025304449578682584,InComm-sourced,True,ablation_v1
MOCK02413,DIAB_A1C_TEST,0.042810787254250846,InComm-sourced,True,ablation_v1
MOCK02419,DIAB_A1C_TEST,0.03956877307595614,InComm-sourced,True,ablation_v1
MOCK02425,DIAB_A1C_TEST,0.02072923125745604,InComm-sourced,True,ablation_v1
MOCK02431,DIAB_A1C_TEST,0.03789648581544153,InComm-sourced,True,ablation_v1
MOCK02437,DIAB_A1C_TEST,0.02638907445721906,InComm-sourced,True,ablation_v1
MOCK02443,DIAB_A1C_TEST,0.05322026366060132,InComm-sourced,True,ablation_v1
MOCK02449,DIAB_A1C_TEST,0.06102263240796963,InComm-sourced,True,ablation_v1
MOCK02455,DIAB_A1C_TEST,0.03500720865989388,InComm-sourced,True,ablation_v1
MOCK02461,DIAB_A1C_TEST,0.019236941954740575,InComm-sourced,True,ablation_v1
MOCK02467,DIAB_A1C_TEST,0.01786613857212208,InComm-sourced,True,ablation_v1
MOCK02473,DIAB_A1C_TEST,0.024945272737563914,InComm-sourced,True,ablation_v1
MOCK02479,DIAB_A1C_TEST,0.08212142227603499,InComm-sourced,True,ablation_v1
MOCK02485,DIAB_A1C_TEST,0.02376399117763087,InComm-sourced,True,ablation_v1
MOCK02491,DIAB_A1C_TEST,0.031610081957654926,InComm-sourced,True,ablation_v1
MOCK02497,DIAB_A1C_TEST,0.02890962338842199,InComm-sourced,True,ablation_v1
MOCK02503,DIAB_A1C_TEST,0.05104753790028092,InComm-sourced,True,ablation_v1
MOCK02509,DIAB_A1C_TEST,0.03992682309653278,InComm-sourced,True,ablation_v1
MOCK02515,DIAB_A1C_TEST,0.044534474395987005,InComm-sourced,True,ablation_v1
MOCK02521,DIAB_A1C_TEST,0.020351588972291088,InComm-sourced,True,ablation_v1
MOCK02527,DIAB_A1C_TEST,0.04498200935667324,InComm-sourced,True,ablation_v1
MOCK02533,DIAB_A1C_TEST,0.047896295332218265,InComm-sourced,True,ablation_v1
MOCK02539,DIAB_A1C_TEST,0.03476753207209289,InComm-sourced,True,ablation_v1
MOCK02545,DIAB_A1C_TEST,0.05355005453505782,InComm-sourced,True,ablation_v1
MOCK02551,DIAB_A1C_TEST,0.01649515935336983,InComm-sourced,True,ablation_v1
MOCK02557,DIAB_A1C_TEST,0.02453239712837224,InComm-sourced,True,ablation_v1
MOCK02563,DIAB_A1C_TEST,0.05500394745835428,InComm-sourced,True,ablation_v1
MOCK02569,DIAB_A1C_TEST,0.04806217580042703,InComm-sourced,True,ablation_v1
MOCK02575,DIAB_A1C_TEST,0.030018260761329626,InComm-sourced,True,ablation_v1
MOCK02581,DIAB_A1C_TEST,0.04496756808509419,InComm-sourced,True,ablation_v1
MOCK02587,DIAB_A1C_TEST,0.047512636783603415,InComm-sourced,True,ablation_v1
MOCK02593,DIAB_A1C_TEST,0.019244675226106466,InComm-sourced,True,ablation_v1
MOCK02599,DIAB_A1C_TEST,0.017771996268970098,InComm-sourced,True,ablation_v1
MOCK02605,DIAB_A1C_TEST,0.02634383757880937,InComm-sourced,True,ablation_v1
MOCK02611,DIAB_A1C_TEST,0.04404392221858644,InComm-sourced,True,ablation_v1
MOCK02617,DIAB_A1C_TEST,0.020183313278276313,InComm-sourced,True,ablation_v1
MOCK02623,DIAB_A1C_TEST,0.04206627294120598,InComm-sourced,True,ablation_v1
MOCK02629,DIAB_A1C_TEST,0.05078201763876029,InComm-sourced,True,ablation_v1
MOCK02635,DIAB_A1C_TEST,0.021144657054002664,InComm-sourced,True,ablation_v1
MOCK02641,DIAB_A1C_TEST,0.031851378179920044,InComm-sourced,True,ablation_v1
MOCK02647,DIAB_A1C_TEST,0.0425884330301098,InComm-sourced,True,ablation_v1
MOCK02653,DIAB_A1C_TEST,0.04480835188283464,InComm-sourced,True,ablation_v1
MOCK02659,DIAB_A1C_TEST,0.0348912084637026,InComm-sourced,True,ablation_v1
MOCK02665,DIAB_A1C_TEST,0.020491168747985927,InComm-sourced,True,ablation_v1
MOCK02671,DIAB_A1C_TEST,0.03822382409735299,InComm-sourced,True,ablation_v1
MOCK02677,DIAB_A1C_TEST,0.08751076016882844,InComm-sourced,True,ablation_v1
MOCK02683,DIAB_A1C_TEST,0.04824349580194747,InComm-sourced,True,ablation_v1
MOCK02689,DIAB_A1C_TEST,0.053679261571573676,InComm-sourced,True,ablation_v1
MOCK02695,DIAB_A1C_TEST,0.0761760240199266,InComm-sourced,True,ablation_v1
MOCK02701,DIAB_A1C_TEST,0.029217569996037907,InComm-sourced,True,ablation_v1
MOCK02707,DIAB_A1C_TEST,0.02535669876219463,InComm-sourced,True,ablation_v1
MOCK02713,DIAB_A1C_TEST,0.028445499827449598,InComm-sourced,True,ablation_v1
MOCK02719,DIAB_A1C_TEST,0.05057747573998461,InComm-sourced,True,ablation_v1
MOCK02725,DIAB_A1C_TEST,0.021862113625796178,InComm-sourced,True,ablation_v1
MOCK02731,DIAB_A1C_TEST,0.02407790463233287,InComm-sourced,True,ablation_v1
MOCK02737,DIAB_A1C_TEST,0.0320969271526537,InComm-sourced,True,ablation_v1
MOCK02743,DIAB_A1C_TEST,0.05400842211570824,InComm-sourced,True,ablation_v1
MOCK02749,DIAB_A1C_TEST,0.03678390913149786,InComm-sourced,True,ablation_v1
MOCK02755,DIAB_A1C_TEST,0.02855281190995284,InComm-sourced,True,ablation_v1
MOCK02761,DIAB_A1C_TEST,0.02002829956217995,InComm-sourced,True,ablation_v1
MOCK02767,DIAB_A1C_TEST,0.031684085703001255,InComm-sourced,True,ablation_v1
MOCK02773,DIAB_A1C_TEST,0.05838749293580964,InComm-sourced,True,ablation_v1
MOCK02779,DIAB_A1C_TEST,0.03050629415931395,InComm-sourced,True,ablation_v1
MOCK02785,DIAB_A1C_TEST,0.02445169404376806,InComm-sourced,True,ablation_v1
MOCK02791,DIAB_A1C_TEST,0.03753577940586959,InComm-sourced,True,ablation_v1
MOCK02797,DIAB_A1C_TEST,0.01760853676078626,InComm-sourced,True,ablation_v1
MOCK02803,DIAB_A1C_TEST,0.03817653577738227,InComm-sourced,True,ablation_v1
MOCK02809,DIAB_A1C_TEST,0.03332309803381948,InComm-sourced,True,ablation_v1
MOCK02815,DIAB_A1C_TEST,0.0434314571285784,InComm-sourced,True,ablation_v1
MOCK02821,DIAB_A1C_TEST,0.022472651429884912,InComm-sourced,True,ablation_v1
MOCK02827,DIAB_A1C_TEST,0.09992926531531841,InComm-sourced,True,ablation_v1
MOCK02833,DIAB_A1C_TEST,0.02037087070428331,InComm-sourced,True,ablation_v1
MOCK02839,DIAB_A1C_TEST,0.05847620160520536,InComm-sourced,True,ablation_v1
MOCK02845,DIAB_A1C_TEST,0.048010528233711415,InComm-sourced,True,ablation_v1
MOCK02851,DIAB_A1C_TEST,0.027289591937934742,InComm-sourced,True,ablation_v1
MOCK02857,DIAB_A1C_TEST,0.05231273507387384,InComm-sourced,True,ablation_v1
MOCK02863,DIAB_A1C_TEST,0.026279951068415016,InComm-sourced,True,ablation_v1
MOCK02869,DIAB_A1C_TEST,0.04150341815376545,InComm-sourced,True,ablation_v1
MOCK02875,DIAB_A1C_TEST,0.026433392245589833,InComm-sourced,True,ablation_v1
MOCK02881,DIAB_A1C_TEST,0.026594825819731938,InComm-sourced,True,ablation_v1
MOCK02887,DIAB_A1C_TEST,0.06274387310856618,InComm-sourced,True,ablation_v1
MOCK02893,DIAB_A1C_TEST,0.02084097091404224,InComm-sourced,True,ablation_v1
MOCK02899,DIAB_A1C_TEST,0.029435715310128337,InComm-sourced,True,ablation_v1
MOCK02905,DIAB_A1C_TEST,0.03492187860221481,InComm-sourced,True,ablation_v1
MOCK02911,DIAB_A1C_TEST,0.0415516559821633,InComm-sourced,True,ablation_v1
MOCK02917,DIAB_A1C_TEST,0.043331302328740946,InComm-sourced,True,ablation_v1
MOCK02923,DIAB_A1C_TEST,0.04443444520276146,InComm-sourced,True,ablation_v1
MOCK02929,DIAB_A1C_TEST,0.024651374106050658,InComm-sourced,True,ablation_v1
MOCK02935,DIAB_A1C_TEST,0.04051780274287878,InComm-sourced,True,ablation_v1
MOCK02941,DIAB_A1C_TEST,0.03091704921584027,InComm-sourced,True,ablation_v1
MOCK02947,DIAB_A1C_TEST,0.06498982795036831,InComm-sourced,True,ablation_v1
MOCK02953,DIAB_A1C_TEST,0.0914452841828055,InComm-sourced,True,ablation_v1
MOCK02959,DIAB_A1C_TEST,0.02395874208356438,InComm-sourced,True,ablation_v1
MOCK02965,DIAB_A1C_TEST,0.05517715156132432,InComm-sourced,True,ablation_v1
MOCK02971,DIAB_A1C_TEST,0.047708954959025086,InComm-sourced,True,ablation_v1
MOCK02977,DIAB_A1C_TEST,0.03688890343647438,InComm-sourced,True,ablation_v1
MOCK02983,DIAB_A1C_TEST,0.04131736613578239,InComm-sourced,True,ablation_v1
MOCK02989,DIAB_A1C_TEST,0.03192512400485783,InComm-sourced,True,ablation_v1
MOCK02995,DIAB_A1C_TEST,0.024309652944149676,InComm-sourced,True,ablation_v1
MOCK03001,DIAB_A1C_TEST,0.02728720708011249,InComm-sourced,True,ablation_v1
MOCK03007,DIAB_A1C_TEST,0.036807629551794056,InComm-sourced,True,ablation_v1
MOCK03013,DIAB_A1C_TEST,0.028047778753244577,InComm-sourced,True,ablation_v1
MOCK03019,DIAB_A1C_TEST,0.036712705587314265,InComm-sourced,True,ablation_v1
MOCK03025,DIAB_A1C_TEST,0.022608207385933443,InComm-sourced,True,ablation_v1
MOCK03031,DIAB_A1C_TEST,0.017362315388854816,InComm-sourced,True,ablation_v1
MOCK03037,DIAB_A1C_TEST,0.022158241483336425,InComm-sourced,True,ablation_v1
MOCK03043,DIAB_A1C_TEST,0.018878049604739155,InComm-sourced,True,ablation_v1
MOCK03049,DIAB_A1C_TEST,0.046730187630604214,InComm-sourced,True,ablation_v1
MOCK03055,DIAB_A1C_TEST,0.032319197397393015,InComm-sourced,True,ablation_v1
MOCK03061,DIAB_A1C_TEST,0.02110384351434123,InComm-sourced,True,ablation_v1
MOCK03067,DIAB_A1C_TEST,0.020711019897004072,InComm-sourced,True,ablation_v1
MOCK03073,DIAB_A1C_TEST,0.0254887041543594,InComm-sourced,True,ablation_v1
MOCK03079,DIAB_A1C_TEST,0.033298164030478854,InComm-sourced,True,ablation_v1
MOCK03085,DIAB_A1C_TEST,0.02865317229286932,InComm-sourced,True,ablation_v1
MOCK03091,DIAB_A1C_TEST,0.037320717705626914,InComm-sourced,True,ablation_v1
MOCK03097,DIAB_A1C_TEST,0.012137511785684757,InComm-sourced,True,ablation_v1
MOCK03103,DIAB_A1C_TEST,0.02751622073148989,InComm-sourced,True,ablation_v1
MOCK03109,DIAB_A1C_TEST,0.02739310646784873,InComm-sourced,True,ablation_v1
MOCK03115,DIAB_A1C_TEST,0.015353009367871932,InComm-sourced,True,ablation_v1
MOCK03121,DIAB_A1C_TEST,0.03704080325612931,InComm-sourced,True,ablation_v1
MOCK03127,DIAB_A1C_TEST,0.029546669069696198,InComm-sourced,True,ablation_v1
MOCK03133,DIAB_A1C_TEST,0.049263858311752756,InComm-sourced,True,ablation_v1
MOCK03139,DIAB_A1C_TEST,0.03781477642650596,InComm-sourced,True,ablation_v1
MOCK03145,DIAB_A1C_TEST,0.03064683206231316,InComm-sourced,True,ablation_v1
MOCK03151,DIAB_A1C_TEST,0.01931741144316111,InComm-sourced,True,ablation_v1
MOCK03157,DIAB_A1C_TEST,0.04034378002474553,InComm-sourced,True,ablation_v1
MOCK03163,DIAB_A1C_TEST,0.03958174955894976,InComm-sourced,True,ablation_v1
MOCK03169,DIAB_A1C_TEST,0.023591694729556988,InComm-sourced,True,ablation_v1
MOCK03175,DIAB_A1C_TEST,0.02468071114966792,InComm-sourced,True,ablation_v1
MOCK03181,DIAB_A1C_TEST,0.041371223344361926,InComm-sourced,True,ablation_v1
MOCK03187,DIAB_A1C_TEST,0.05230567849157554,InComm-sourced,True,ablation_v1
MOCK03193,DIAB_A1C_TEST,0.05086384393177613,InComm-sourced,True,ablation_v1
MOCK03199,DIAB_A1C_TEST,0.04170848461991618,InComm-sourced,True,ablation_v1
MOCK03205,DIAB_A1C_TEST,0.03782228508396038,InComm-sourced,True,ablation_v1
MOCK03211,DIAB_A1C_TEST,0.021066089196659116,InComm-sourced,True,ablation_v1
MOCK03217,DIAB_A1C_TEST,0.03726555191758392,InComm-sourced,True,ablation_v1
MOCK03223,DIAB_A1C_TEST,0.07319762680815198,InComm-sourced,True,ablation_v1
MOCK03229,DIAB_A1C_TEST,0.039415896496845515,InComm-sourced,True,ablation_v1
MOCK03235,DIAB_A1C_TEST,0.04685126190602006,InComm-sourced,True,ablation_v1
MOCK03241,DIAB_A1C_TEST,0.036237410895052044,InComm-sourced,True,ablation_v1
MOCK03247,DIAB_A1C_TEST,0.0177035237106346,InComm-sourced,True,ablation_v1
MOCK03253,DIAB_A1C_TEST,0.022363319800565263,InComm-sourced,True,ablation_v1
MOCK03259,DIAB_A1C_TEST,0.06564951305890586,InComm-sourced,True,ablation_v1
MOCK03265,DIAB_A1C_TEST,0.02897736093428272,InComm-sourced,True,ablation_v1
MOCK03271,DIAB_A1C_TEST,0.03196981228368926,InComm-sourced,True,ablation_v1
MOCK03277,DIAB_A1C_TEST,0.039782102859775535,InComm-sourced,True,ablation_v1
MOCK03283,DIAB_A1C_TEST,0.059161803542795134,InComm-sourced,True,ablation_v1
MOCK03289,DIAB_A1C_TEST,0.06078671889613237,InComm-sourced,True,ablation_v1
MOCK03295,DIAB_A1C_TEST,0.0272924407365531,InComm-sourced,True,ablation_v1
MOCK03301,DIAB_A1C_TEST,0.020947052094645095,InComm-sourced,True,ablation_v1
MOCK03307,DIAB_A1C_TEST,0.03338446963546527,InComm-sourced,True,ablation_v1
MOCK03313,DIAB_A1C_TEST,0.05269302513048952,InComm-sourced,True,ablation_v1
MOCK03319,DIAB_A1C_TEST,0.031610809299402964,InComm-sourced,True,ablation_v1
MOCK03325,DIAB_A1C_TEST,0.02368078743762845,InComm-sourced,True,ablation_v1
MOCK03331,DIAB_A1C_TEST,0.023079037768843735,InComm-sourced,True,ablation_v1
MOCK03337,DIAB_A1C_TEST,0.022221747213310983,InComm-sourced,True,ablation_v1
MOCK03343,DIAB_A1C_TEST,0.03905423976233998,InComm-sourced,True,ablation_v1
MOCK03349,DIAB_A1C_TEST,0.03824702607248812,InComm-sourced,True,ablation_v1
MOCK03355,DIAB_A1C_TEST,0.03497060041830608,InComm-sourced,True,ablation_v1
MOCK03361,DIAB_A1C_TEST,0.027871769675582057,InComm-sourced,True,ablation_v1
MOCK03367,DIAB_A1C_TEST,0.042386886283301256,InComm-sourced,True,ablation_v1
MOCK03373,DIAB_A1C_TEST,0.03552977657705639,InComm-sourced,True,ablation_v1
MOCK03379,DIAB_A1C_TEST,0.02860177771586334,InComm-sourced,True,ablation_v1
MOCK03385,DIAB_A1C_TEST,0.02058487959749161,InComm-sourced,True,ablation_v1
MOCK03391,DIAB_A1C_TEST,0.033736823075240854,InComm-sourced,True,ablation_v1
MOCK03397,DIAB_A1C_TEST,0.05550820254592846,InComm-sourced,True,ablation_v1
MOCK03403,DIAB_A1C_TEST,0.03485335064262776,InComm-sourced,True,ablation_v1
MOCK03409,DIAB_A1C_TEST,0.06543710026527759,InComm-sourced,True,ablation_v1
MOCK03415,DIAB_A1C_TEST,0.02647383288124683,InComm-sourced,True,ablation_v1
MOCK03421,DIAB_A1C_TEST,0.030534045676240382,InComm-sourced,True,ablation_v1
MOCK03427,DIAB_A1C_TEST,0.05806409765982328,InComm-sourced,True,ablation_v1
MOCK03433,DIAB_A1C_TEST,0.05079064565266584,InComm-sourced,True,ablation_v1
MOCK03439,DIAB_A1C_TEST,0.0933847317639799,InComm-sourced,True,ablation_v1
MOCK03445,DIAB_A1C_TEST,0.02511532872027863,InComm-sourced,True,ablation_v1
MOCK03451,DIAB_A1C_TEST,0.02613072208768598,InComm-sourced,True,ablation_v1
MOCK03457,DIAB_A1C_TEST,0.02526699676489529,InComm-sourced,True,ablation_v1
MOCK03463,DIAB_A1C_TEST,0.03317762011384603,InComm-sourced,True,ablation_v1
MOCK03469,DIAB_A1C_TEST,0.05636677992658846,InComm-sourced,True,ablation_v1
MOCK03475,DIAB_A1C_TEST,0.04025271165409868,InComm-sourced,True,ablation_v1
MOCK03481,DIAB_A1C_TEST,0.028413335690553286,InComm-sourced,True,ablation_v1
MOCK03487,DIAB_A1C_TEST,0.03460106203311346,InComm-sourced,True,ablation_v1
MOCK03493,DIAB_A1C_TEST,0.026651177692013594,InComm-sourced,True,ablation_v1
MOCK03499,DIAB_A1C_TEST,0.026696985981208284,InComm-sourced,True,ablation_v1
MOCK03505,DIAB_A1C_TEST,0.03435736787024521,InComm-sourced,True,ablation_v1
MOCK03511,DIAB_A1C_TEST,0.03473954410933451,InComm-sourced,True,ablation_v1
MOCK03517,DIAB_A1C_TEST,0.02723786281761593,InComm-sourced,True,ablation_v1
MOCK03523,DIAB_A1C_TEST,0.09636624261220268,InComm-sourced,True,ablation_v1
MOCK03529,DIAB_A1C_TEST,0.04772600458980235,InComm-sourced,True,ablation_v1
MOCK03535,DIAB_A1C_TEST,0.03043933669159868,InComm-sourced,True,ablation_v1
MOCK03541,DIAB_A1C_TEST,0.043241443819111706,InComm-sourced,True,ablation_v1
MOCK03547,DIAB_A1C_TEST,0.07276905803742266,InComm-sourced,True,ablation_v1
MOCK03553,DIAB_A1C_TEST,0.028554474001792226,InComm-sourced,True,ablation_v1
MOCK03559,DIAB_A1C_TEST,0.029806294778391935,InComm-sourced,True,ablation_v1
MOCK03565,DIAB_A1C_TEST,0.018333357412866565,InComm-sourced,True,ablation_v1
MOCK03571,DIAB_A1C_TEST,0.025428730122222,InComm-sourced,True,ablation_v1
MOCK03577,DIAB_A1C_TEST,0.026022608446715646,InComm-sourced,True,ablation_v1
MOCK03583,DIAB_A1C_TEST,0.02727090388553774,InComm-sourced,True,ablation_v1
MOCK03589,DIAB_A1C_TEST,0.03947429452976881,InComm-sourced,True,ablation_v1
MOCK03595,DIAB_A1C_TEST,0.02435377152197768,InComm-sourced,True,ablation_v1
MOCK03601,DIAB_A1C_TEST,0.03898963752621545,InComm-sourced,True,ablation_v1
MOCK03607,DIAB_A1C_TEST,0.03616767853801404,InComm-sourced,True,ablation_v1
MOCK03613,DIAB_A1C_TEST,0.09687996927531381,InComm-sourced,True,ablation_v1
MOCK03619,DIAB_A1C_TEST,0.025514575264459317,InComm-sourced,True,ablation_v1
MOCK03625,DIAB_A1C_TEST,0.020034117732474006,InComm-sourced,True,ablation_v1
MOCK03631,DIAB_A1C_TEST,0.03536629694114016,InComm-sourced,True,ablation_v1
MOCK03637,DIAB_A1C_TEST,0.032810704212664236,InComm-sourced,True,ablation_v1
MOCK03643,DIAB_A1C_TEST,0.048882807068692434,InComm-sourced,True,ablation_v1
MOCK03649,DIAB_A1C_TEST,0.029631858120411612,InComm-sourced,True,ablation_v1
MOCK03655,DIAB_A1C_TEST,0.03634460345282473,InComm-sourced,True,ablation_v1
MOCK03661,DIAB_A1C_TEST,0.03551775923221128,InComm-sourced,True,ablation_v1
MOCK03667,DIAB_A1C_TEST,0.036892242460030575,InComm-sourced,True,ablation_v1
MOCK03673,DIAB_A1C_TEST,0.03970049942634757,InComm-sourced,True,ablation_v1
MOCK03679,DIAB_A1C_TEST,0.03551569587496112,InComm-sourced,True,ablation_v1
MOCK03685,DIAB_A1C_TEST,0.03243220747805701,InComm-sourced,True,ablation_v1
MOCK03691,DIAB_A1C_TEST,0.02732192256736848,InComm-sourced,True,ablation_v1
MOCK03697,DIAB_A1C_TEST,0.01818819120827209,InComm-sourced,True,ablation_v1
MOCK03703,DIAB_A1C_TEST,0.026923131801301417,InComm-sourced,True,ablation_v1
MOCK03709,DIAB_A1C_TEST,0.04971427980156747,InComm-sourced,True,ablation_v1
MOCK03715,DIAB_A1C_TEST,0.04355424727054795,InComm-sourced,True,ablation_v1
MOCK03721,DIAB_A1C_TEST,0.025860073744856774,InComm-sourced,True,ablation_v1
MOCK03727,DIAB_A1C_TEST,0.042521928353223264,InComm-sourced,True,ablation_v1
MOCK03733,DIAB_A1C_TEST,0.02766174737277605,InComm-sourced,True,ablation_v1
MOCK03739,DIAB_A1C_TEST,0.07589751489647524,InComm-sourced,True,ablation_v1
MOCK03745,DIAB_A1C_TEST,0.015315538042139006,InComm-sourced,True,ablation_v1
MOCK03751,DIAB_A1C_TEST,0.04147635080139747,InComm-sourced,True,ablation_v1
MOCK03757,DIAB_A1C_TEST,0.019430544437124248,InComm-sourced,True,ablation_v1
MOCK03763,DIAB_A1C_TEST,0.06307735782593615,InComm-sourced,True,ablation_v1
MOCK03769,DIAB_A1C_TEST,0.02234068220268675,InComm-sourced,True,ablation_v1
MOCK03775,DIAB_A1C_TEST,0.02006432466132081,InComm-sourced,True,ablation_v1
MOCK03781,DIAB_A1C_TEST,0.10879643924364761,InComm-sourced,True,ablation_v1
MOCK03787,DIAB_A1C_TEST,0.036472918473885264,InComm-sourced,True,ablation_v1
MOCK03793,DIAB_A1C_TEST,0.031258910136233706,InComm-sourced,True,ablation_v1
MOCK03799,DIAB_A1C_TEST,0.02884644502009628,InComm-sourced,True,ablation_v1
MOCK03805,DIAB_A1C_TEST,0.03012005148919558,InComm-sourced,True,ablation_v1
MOCK03811,DIAB_A1C_TEST,0.04581220758018955,InComm-sourced,True,ablation_v1
MOCK03817,DIAB_A1C_TEST,0.03687268219482812,InComm-sourced,True,ablation_v1
MOCK03823,DIAB_A1C_TEST,0.025968197394601416,InComm-sourced,True,ablation_v1
MOCK03829,DIAB_A1C_TEST,0.053348527379816546,InComm-sourced,True,ablation_v1
MOCK03835,DIAB_A1C_TEST,0.03686527174143147,InComm-sourced,True,ablation_v1
MOCK03841,DIAB_A1C_TEST,0.015447748039021058,InComm-sourced,True,ablation_v1
MOCK03847,DIAB_A1C_TEST,0.027828191729079913,InComm-sourced,True,ablation_v1
MOCK03853,DIAB_A1C_TEST,0.039458382936355424,InComm-sourced,True,ablation_v1
MOCK03859,DIAB_A1C_TEST,0.030120701996550092,InComm-sourced,True,ablation_v1
MOCK03865,DIAB_A1C_TEST,0.038103311361802145,InComm-sourced,True,ablation_v1
MOCK03871,DIAB_A1C_TEST,0.018385532247537358,InComm-sourced,True,ablation_v1
MOCK03877,DIAB_A1C_TEST,0.027737850240022975,InComm-sourced,True,ablation_v1
MOCK03883,DIAB_A1C_TEST,0.031964194019028856,InComm-sourced,True,ablation_v1
MOCK03889,DIAB_A1C_TEST,0.04108478300195682,InComm-sourced,True,ablation_v1
MOCK03895,DIAB_A1C_TEST,0.022901532333233676,InComm-sourced,True,ablation_v1
MOCK03901,DIAB_A1C_TEST,0.05948810810783858,InComm-sourced,True,ablation_v1
MOCK03907,DIAB_A1C_TEST,0.02305371596575972,InComm-sourced,True,ablation_v1
MOCK03913,DIAB_A1C_TEST,0.03005738091300907,InComm-sourced,True,ablation_v1
MOCK03919,DIAB_A1C_TEST,0.02425336842720087,InComm-sourced,True,ablation_v1
MOCK03925,DIAB_A1C_TEST,0.033974202635494805,InComm-sourced,True,ablation_v1
MOCK03931,DIAB_A1C_TEST,0.037038629117439256,InComm-sourced,True,ablation_v1
MOCK03937,DIAB_A1C_TEST,0.030594017779290973,InComm-sourced,True,ablation_v1
MOCK03943,DIAB_A1C_TEST,0.03051573650114309,InComm-sourced,True,ablation_v1
MOCK03949,DIAB_A1C_TEST,0.04730285994383582,InComm-sourced,True,ablation_v1
MOCK03955,DIAB_A1C_TEST,0.0527644270307475,InComm-sourced,True,ablation_v1
MOCK03961,DIAB_A1C_TEST,0.03496699308491135,InComm-sourced,True,ablation_v1
MOCK03967,DIAB_A1C_TEST,0.05705771278284637,InComm-sourced,True,ablation_v1
MOCK03973,DIAB_A1C_TEST,0.03013136281401181,InComm-sourced,True,ablation_v1
MOCK03979,DIAB_A1C_TEST,0.03885535920822987,InComm-sourced,True,ablation_v1
MOCK03985,DIAB_A1C_TEST,0.04199136701478772,InComm-sourced,True,ablation_v1
MOCK03991,DIAB_A1C_TEST,0.027263068319451928,InComm-sourced,True,ablation_v1
MOCK03997,DIAB_A1C_TEST,0.028500915997826802,InComm-sourced,True,ablation_v1
MOCK04003,DIAB_A1C_TEST,0.07724811694033536,InComm-sourced,True,ablation_v1
MOCK04009,DIAB_A1C_TEST,0.054213574792258135,InComm-sourced,True,ablation_v1
MOCK04015,DIAB_A1C_TEST,0.03317382549358734,InComm-sourced,True,ablation_v1
MOCK04021,DIAB_A1C_TEST,0.02217046344939744,InComm-sourced,True,ablation_v1
MOCK04027,DIAB_A1C_TEST,0.017321892481759513,InComm-sourced,True,ablation_v1
MOCK04033,DIAB_A1C_TEST,0.04706765406403967,InComm-sourced,True,ablation_v1
MOCK04039,DIAB_A1C_TEST,0.04402087895310993,InComm-sourced,True,ablation_v1
MOCK04045,DIAB_A1C_TEST,0.02415554384309258,InComm-sourced,True,ablation_v1
MOCK04051,DIAB_A1C_TEST,0.03353720187681483,InComm-sourced,True,ablation_v1
MOCK04057,DIAB_A1C_TEST,0.045683739216663063,InComm-sourced,True,ablation_v1
MOCK04063,DIAB_A1C_TEST,0.0420776179389063,InComm-sourced,True,ablation_v1
MOCK04069,DIAB_A1C_TEST,0.06581136030854792,InComm-sourced,True,ablation_v1
MOCK04075,DIAB_A1C_TEST,0.03668895457117475,InComm-sourced,True,ablation_v1
MOCK04081,DIAB_A1C_TEST,0.022748507989872335,InComm-sourced,True,ablation_v1
MOCK04087,DIAB_A1C_TEST,0.03170226971427829,InComm-sourced,True,ablation_v1
MOCK04093,DIAB_A1C_TEST,0.02250008597256065,InComm-sourced,True,ablation_v1
MOCK04099,DIAB_A1C_TEST,0.04058701959032445,InComm-sourced,True,ablation_v1
MOCK04105,DIAB_A1C_TEST,0.046198305932500676,InComm-sourced,True,ablation_v1
MOCK04111,DIAB_A1C_TEST,0.020090605008914644,InComm-sourced,True,ablation_v1
MOCK04117,DIAB_A1C_TEST,0.07026423378340632,InComm-sourced,True,ablation_v1
MOCK04123,DIAB_A1C_TEST,0.057171121174339305,InComm-sourced,True,ablation_v1
MOCK04129,DIAB_A1C_TEST,0.029101676382612438,InComm-sourced,True,ablation_v1
MOCK04135,DIAB_A1C_TEST,0.038268831842856114,InComm-sourced,True,ablation_v1
MOCK04141,DIAB_A1C_TEST,0.04349686083342209,InComm-sourced,True,ablation_v1
MOCK04147,DIAB_A1C_TEST,0.03248880948860034,InComm-sourced,True,ablation_v1
MOCK04153,DIAB_A1C_TEST,0.05123406551665787,InComm-sourced,True,ablation_v1
MOCK04159,DIAB_A1C_TEST,0.030422997392149924,InComm-sourced,True,ablation_v1
MOCK04165,DIAB_A1C_TEST,0.023720643384929636,InComm-sourced,True,ablation_v1
MOCK04171,DIAB_A1C_TEST,0.049502112728921056,InComm-sourced,True,ablation_v1
MOCK04177,DIAB_A1C_TEST,0.08866927614199678,InComm-sourced,True,ablation_v1
MOCK04183,DIAB_A1C_TEST,0.029030712833783237,InComm-sourced,True,ablation_v1
MOCK04189,DIAB_A1C_TEST,0.040209976287061994,InComm-sourced,True,ablation_v1
MOCK04195,DIAB_A1C_TEST,0.02688974255132144,InComm-sourced,True,ablation_v1
MOCK04201,DIAB_A1C_TEST,0.02954204856467106,InComm-sourced,True,ablation_v1
MOCK04207,DIAB_A1C_TEST,0.022244840995294328,InComm-sourced,True,ablation_v1
MOCK04213,DIAB_A1C_TEST,0.0660065315612249,InComm-sourced,True,ablation_v1
MOCK04219,DIAB_A1C_TEST,0.029143213156437427,InComm-sourced,True,ablation_v1
MOCK04225,DIAB_A1C_TEST,0.02923765895820457,InComm-sourced,True,ablation_v1
MOCK04231,DIAB_A1C_TEST,0.0342495070538783,InComm-sourced,True,ablation_v1
MOCK04237,DIAB_A1C_TEST,0.05472172694099374,InComm-sourced,True,ablation_v1
MOCK04243,DIAB_A1C_TEST,0.03544046018097819,InComm-sourced,True,ablation_v1
MOCK04249,DIAB_A1C_TEST,0.023744724113630156,InComm-sourced,True,ablation_v1
MOCK04255,DIAB_A1C_TEST,0.06851582169661724,InComm-sourced,True,ablation_v1
MOCK04261,DIAB_A1C_TEST,0.03759250194105609,InComm-sourced,True,ablation_v1
MOCK04267,DIAB_A1C_TEST,0.015408339704445294,InComm-sourced,True,ablation_v1
MOCK04273,DIAB_A1C_TEST,0.04937186502959375,InComm-sourced,True,ablation_v1
MOCK04279,DIAB_A1C_TEST,0.0238585498531577,InComm-sourced,True,ablation_v1
MOCK04285,DIAB_A1C_TEST,0.020843797161173936,InComm-sourced,True,ablation_v1
MOCK04291,DIAB_A1C_TEST,0.022533851041373336,InComm-sourced,True,ablation_v1
MOCK04297,DIAB_A1C_TEST,0.030246927553014304,InComm-sourced,True,ablation_v1
MOCK04303,DIAB_A1C_TEST,0.026662659433417675,InComm-sourced,True,ablation_v1
MOCK04309,DIAB_A1C_TEST,0.0382548356120972,InComm-sourced,True,ablation_v1
MOCK04315,DIAB_A1C_TEST,0.040981749033418745,InComm-sourced,True,ablation_v1
MOCK04321,DIAB_A1C_TEST,0.041037665431879984,InComm-sourced,True,ablation_v1
MOCK04327,DIAB_A1C_TEST,0.059212462411226366,InComm-sourced,True,ablation_v1
MOCK04333,DIAB_A1C_TEST,0.04066421093909545,InComm-sourced,True,ablation_v1
MOCK04339,DIAB_A1C_TEST,0.023981280615520684,InComm-sourced,True,ablation_v1
MOCK04345,DIAB_A1C_TEST,0.02489294260504327,InComm-sourced,True,ablation_v1
MOCK04351,DIAB_A1C_TEST,0.05851567172026797,InComm-sourced,True,ablation_v1
MOCK04357,DIAB_A1C_TEST,0.017060218510257404,InComm-sourced,True,ablation_v1
MOCK04363,DIAB_A1C_TEST,0.0757538079873432,InComm-sourced,True,ablation_v1
MOCK04369,DIAB_A1C_TEST,0.019307562947022298,InComm-sourced,True,ablation_v1
MOCK04375,DIAB_A1C_TEST,0.031213864564333723,InComm-sourced,True,ablation_v1
MOCK04381,DIAB_A1C_TEST,0.07454248143026279,InComm-sourced,True,ablation_v1
MOCK04387,DIAB_A1C_TEST,0.0401977814609328,InComm-sourced,True,ablation_v1
MOCK04393,DIAB_A1C_TEST,0.05340646917417709,InComm-sourced,True,ablation_v1
MOCK04399,DIAB_A1C_TEST,0.06088000869544799,InComm-sourced,True,ablation_v1
MOCK04405,DIAB_A1C_TEST,0.033201619021560075,InComm-sourced,True,ablation_v1
MOCK04411,DIAB_A1C_TEST,0.037103621415114786,InComm-sourced,True,ablation_v1
MOCK04417,DIAB_A1C_TEST,0.04108460680063589,InComm-sourced,True,ablation_v1
MOCK04423,DIAB_A1C_TEST,0.05198117338876566,InComm-sourced,True,ablation_v1
MOCK04429,DIAB_A1C_TEST,0.02528526605181267,InComm-sourced,True,ablation_v1
MOCK04435,DIAB_A1C_TEST,0.02176616240922322,InComm-sourced,True,ablation_v1
MOCK04441,DIAB_A1C_TEST,0.026596887743974545,InComm-sourced,True,ablation_v1
MOCK04447,DIAB_A1C_TEST,0.028921261609566457,InComm-sourced,True,ablation_v1
MOCK04453,DIAB_A1C_TEST,0.038386791461935715,InComm-sourced,True,ablation_v1
MOCK04459,DIAB_A1C_TEST,0.03198154789566133,InComm-sourced,True,ablation_v1
MOCK04465,DIAB_A1C_TEST,0.027469502551116534,InComm-sourced,True,ablation_v1
MOCK04471,DIAB_A1C_TEST,0.03425234857071408,InComm-sourced,True,ablation_v1
MOCK04477,DIAB_A1C_TEST,0.08947299145966014,InComm-sourced,True,ablation_v1
MOCK04483,DIAB_A1C_TEST,0.035382486224354796,InComm-sourced,True,ablation_v1
MOCK04489,DIAB_A1C_TEST,0.04562905856789701,InComm-sourced,True,ablation_v1
MOCK04495,DIAB_A1C_TEST,0.019136730749045185,InComm-sourced,True,ablation_v1
MOCK04501,DIAB_A1C_TEST,0.05988414068214237,InComm-sourced,True,ablation_v1
MOCK04507,DIAB_A1C_TEST,0.026553912715925908,InComm-sourced,True,ablation_v1
MOCK04513,DIAB_A1C_TEST,0.037220712321038664,InComm-sourced,True,ablation_v1
MOCK04519,DIAB_A1C_TEST,0.056780544343755096,InComm-sourced,True,ablation_v1
MOCK04525,DIAB_A1C_TEST,0.02204069462679098,InComm-sourced,True,ablation_v1
MOCK04531,DIAB_A1C_TEST,0.03399599021434437,InComm-sourced,True,ablation_v1
MOCK04537,DIAB_A1C_TEST,0.027041098987399856,InComm-sourced,True,ablation_v1
MOCK04543,DIAB_A1C_TEST,0.05006708921738811,InComm-sourced,True,ablation_v1
MOCK04549,DIAB_A1C_TEST,0.05514634937906652,InComm-sourced,True,ablation_v1
MOCK04555,DIAB_A1C_TEST,0.04795537033987358,InComm-sourced,True,ablation_v1
MOCK04561,DIAB_A1C_TEST,0.050454744858866085,InComm-sourced,True,ablation_v1
MOCK04567,DIAB_A1C_TEST,0.03367456233077087,InComm-sourced,True,ablation_v1
MOCK04573,DIAB_A1C_TEST,0.08638310382146328,InComm-sourced,True,ablation_v1
MOCK04579,DIAB_A1C_TEST,0.08080605518026128,InComm-sourced,True,ablation_v1
MOCK04585,DIAB_A1C_TEST,0.05304487765396117,InComm-sourced,True,ablation_v1
MOCK04591,DIAB_A1C_TEST,0.03637899985740366,InComm-sourced,True,ablation_v1
MOCK04597,DIAB_A1C_TEST,0.04652402912386744,InComm-sourced,True,ablation_v1
MOCK04603,DIAB_A1C_TEST,0.06428349881510662,InComm-sourced,True,ablation_v1
MOCK04609,DIAB_A1C_TEST,0.07297467862013077,InComm-sourced,True,ablation_v1
MOCK04615,DIAB_A1C_TEST,0.0612372771138421,InComm-sourced,True,ablation_v1
MOCK04621,DIAB_A1C_TEST,0.04535302224895466,InComm-sourced,True,ablation_v1
MOCK04627,DIAB_A1C_TEST,0.060641938606100426,InComm-sourced,True,ablation_v1
MOCK04633,DIAB_A1C_TEST,0.08581363673443584,InComm-sourced,True,ablation_v1
MOCK04639,DIAB_A1C_TEST,0.03757589085033824,InComm-sourced,True,ablation_v1
MOCK04645,DIAB_A1C_TEST,0.0159640499756717,InComm-sourced,True,ablation_v1
MOCK04651,DIAB_A1C_TEST,0.05222739819951882,InComm-sourced,True,ablation_v1
MOCK04657,DIAB_A1C_TEST,0.051583461916108825,InComm-sourced,True,ablation_v1
MOCK04663,DIAB_A1C_TEST,0.018967543673702677,InComm-sourced,True,ablation_v1
MOCK04669,DIAB_A1C_TEST,0.06273735796010281,InComm-sourced,True,ablation_v1
MOCK04675,DIAB_A1C_TEST,0.02812760088764239,InComm-sourced,True,ablation_v1
MOCK04681,DIAB_A1C_TEST,0.030821650552117035,InComm-sourced,True,ablation_v1
MOCK04687,DIAB_A1C_TEST,0.04492256556725551,InComm-sourced,True,ablation_v1
MOCK04693,DIAB_A1C_TEST,0.06289285969061152,InComm-sourced,True,ablation_v1
MOCK04699,DIAB_A1C_TEST,0.06879720710785667,InComm-sourced,True,ablation_v1
MOCK04705,DIAB_A1C_TEST,0.04535179500912672,InComm-sourced,True,ablation_v1
MOCK04711,DIAB_A1C_TEST,0.020859907677848104,InComm-sourced,True,ablation_v1
MOCK04717,DIAB_A1C_TEST,0.01734773174633708,InComm-sourced,True,ablation_v1
MOCK04723,DIAB_A1C_TEST,0.03154377059295082,InComm-sourced,True,ablation_v1
MOCK04729,DIAB_A1C_TEST,0.018378554346831562,InComm-sourced,True,ablation_v1
MOCK04735,DIAB_A1C_TEST,0.028803459157552672,InComm-sourced,True,ablation_v1
MOCK04741,DIAB_A1C_TEST,0.0311142755670029,InComm-sourced,True,ablation_v1
MOCK04747,DIAB_A1C_TEST,0.020837290769008636,InComm-sourced,True,ablation_v1
MOCK04753,DIAB_A1C_TEST,0.06209096292093147,InComm-sourced,True,ablation_v1
MOCK04759,DIAB_A1C_TEST,0.058836554079699746,InComm-sourced,True,ablation_v1
MOCK04765,DIAB_A1C_TEST,0.0200789276537639,InComm-sourced,True,ablation_v1
MOCK04771,DIAB_A1C_TEST,0.08287293385336728,InComm-sourced,True,ablation_v1
MOCK04777,DIAB_A1C_TEST,0.04779381136380749,InComm-sourced,True,ablation_v1
MOCK04783,DIAB_A1C_TEST,0.02355145585134328,InComm-sourced,True,ablation_v1
MOCK04789,DIAB_A1C_TEST,0.041516642060880876,InComm-sourced,True,ablation_v1
MOCK04795,DIAB_A1C_TEST,0.06055412938514208,InComm-sourced,True,ablation_v1
MOCK04801,DIAB_A1C_TEST,0.034034693668288,InComm-sourced,True,ablation_v1
MOCK04807,DIAB_A1C_TEST,0.045445897312897075,InComm-sourced,True,ablation_v1
MOCK04813,DIAB_A1C_TEST,0.028888323738277686,InComm-sourced,True,ablation_v1
MOCK04819,DIAB_A1C_TEST,0.024226158135384483,InComm-sourced,True,ablation_v1
MOCK04825,DIAB_A1C_TEST,0.01619762145400542,InComm-sourced,True,ablation_v1
MOCK04831,DIAB_A1C_TEST,0.020584864740455514,InComm-sourced,True,ablation_v1
MOCK04837,DIAB_A1C_TEST,0.05362987483230108,InComm-sourced,True,ablation_v1
MOCK04843,DIAB_A1C_TEST,0.04221196940303078,InComm-sourced,True,ablation_v1
MOCK04849,DIAB_A1C_TEST,0.03830881261393439,InComm-sourced,True,ablation_v1
MOCK04855,DIAB_A1C_TEST,0.018880447294330645,InComm-sourced,True,ablation_v1
MOCK04861,DIAB_A1C_TEST,0.027265374553829498,InComm-sourced,True,ablation_v1
MOCK04867,DIAB_A1C_TEST,0.05204743343828232,InComm-sourced,True,ablation_v1
MOCK04873,DIAB_A1C_TEST,0.06589970136412755,InComm-sourced,True,ablation_v1
MOCK04879,DIAB_A1C_TEST,0.04696315481448441,InComm-sourced,True,ablation_v1
MOCK04885,DIAB_A1C_TEST,0.14724656297220312,InComm-sourced,True,ablation_v1
MOCK04891,DIAB_A1C_TEST,0.020287356261219608,InComm-sourced,True,ablation_v1
MOCK04897,DIAB_A1C_TEST,0.04627996627545136,InComm-sourced,True,ablation_v1
MOCK04903,DIAB_A1C_TEST,0.021850920296636163,InComm-sourced,True,ablation_v1
MOCK04909,DIAB_A1C_TEST,0.030075503605009317,InComm-sourced,True,ablation_v1
MOCK04915,DIAB_A1C_TEST,0.08039731894955865,InComm-sourced,True,ablation_v1
MOCK04921,DIAB_A1C_TEST,0.06184552885935757,InComm-sourced,True,ablation_v1
MOCK04927,DIAB_A1C_TEST,0.0505361075967709,InComm-sourced,True,ablation_v1
MOCK04933,DIAB_A1C_TEST,0.027553200945418327,InComm-sourced,True,ablation_v1
MOCK04939,DIAB_A1C_TEST,0.01914984888996248,InComm-sourced,True,ablation_v1
MOCK04945,DIAB_A1C_TEST,0.026032065134568457,InComm-sourced,True,ablation_v1
MOCK04951,DIAB_A1C_TEST,0.0355213006585651,InComm-sourced,True,ablation_v1
MOCK04957,DIAB_A1C_TEST,0.028803341482028073,InComm-sourced,True,ablation_v1
MOCK04963,DIAB_A1C_TEST,0.04618539109608891,InComm-sourced,True,ablation_v1
MOCK04969,DIAB_A1C_TEST,0.04216398523539693,InComm-sourced,True,ablation_v1
MOCK04975,DIAB_A1C_TEST,0.06251626664542537,InComm-sourced,True,ablation_v1
MOCK04981,DIAB_A1C_TEST,0.0338542291386371,InComm-sourced,True,ablation_v1
MOCK04987,DIAB_A1C_TEST,0.08252344447195711,InComm-sourced,True,ablation_v1
MOCK04993,DIAB_A1C_TEST,0.021740913012157307,InComm-sourced,True,ablation_v1
MOCK04999,DIAB_A1C_TEST,0.03738021274374303,InComm-sourced,True,ablation_v1
MOCK05005,DIAB_A1C_TEST,0.016527506078209683,InComm-sourced,True,ablation_v1
MOCK05011,DIAB_A1C_TEST,0.032058429336327084,InComm-sourced,True,ablation_v1
MOCK05017,DIAB_A1C_TEST,0.038130234103032776,InComm-sourced,True,ablation_v1
MOCK05023,DIAB_A1C_TEST,0.046119112180924196,InComm-sourced,True,ablation_v1
MOCK05029,DIAB_A1C_TEST,0.05233379745179187,InComm-sourced,True,ablation_v1
MOCK05035,DIAB_A1C_TEST,0.039852289828920785,InComm-sourced,True,ablation_v1
MOCK05041,DIAB_A1C_TEST,0.0390987638598955,InComm-sourced,True,ablation_v1
MOCK05047,DIAB_A1C_TEST,0.021874584762254682,InComm-sourced,True,ablation_v1
MOCK05053,DIAB_A1C_TEST,0.05876076006217709,InComm-sourced,True,ablation_v1
MOCK05059,DIAB_A1C_TEST,0.0266138466217665,InComm-sourced,True,ablation_v1
MOCK05065,DIAB_A1C_TEST,0.06155853730594949,InComm-sourced,True,ablation_v1
MOCK05071,DIAB_A1C_TEST,0.05095543519253799,InComm-sourced,True,ablation_v1
MOCK05077,DIAB_A1C_TEST,0.040678544680363214,InComm-sourced,True,ablation_v1
MOCK05083,DIAB_A1C_TEST,0.04052699452758742,InComm-sourced,True,ablation_v1
MOCK05089,DIAB_A1C_TEST,0.040809529115467195,InComm-sourced,True,ablation_v1
MOCK05095,DIAB_A1C_TEST,0.03344483764507716,InComm-sourced,True,ablation_v1
MOCK05101,DIAB_A1C_TEST,0.05380238949292569,InComm-sourced,True,ablation_v1
MOCK05107,DIAB_A1C_TEST,0.018893210690096855,InComm-sourced,True,ablation_v1
MOCK05113,DIAB_A1C_TEST,0.020938811380932197,InComm-sourced,True,ablation_v1
MOCK05119,DIAB_A1C_TEST,0.03216432643526854,InComm-sourced,True,ablation_v1
MOCK05125,DIAB_A1C_TEST,0.039508420360971915,InComm-sourced,True,ablation_v1
MOCK05131,DIAB_A1C_TEST,0.031414726166840976,InComm-sourced,True,ablation_v1
MOCK05137,DIAB_A1C_TEST,0.07163659961459067,InComm-sourced,True,ablation_v1
MOCK05143,DIAB_A1C_TEST,0.03893273833955193,InComm-sourced,True,ablation_v1
MOCK05149,DIAB_A1C_TEST,0.03541932115000547,InComm-sourced,True,ablation_v1
MOCK05155,DIAB_A1C_TEST,0.031959642062930275,InComm-sourced,True,ablation_v1
MOCK05161,DIAB_A1C_TEST,0.033513773720380426,InComm-sourced,True,ablation_v1
MOCK05167,DIAB_A1C_TEST,0.014528500098148451,InComm-sourced,True,ablation_v1
MOCK05173,DIAB_A1C_TEST,0.031294306561041596,InComm-sourced,True,ablation_v1
MOCK05179,DIAB_A1C_TEST,0.027678516134055513,InComm-sourced,True,ablation_v1
MOCK05185,DIAB_A1C_TEST,0.046209181316747235,InComm-sourced,True,ablation_v1
MOCK05191,DIAB_A1C_TEST,0.03757602563627714,InComm-sourced,True,ablation_v1
MOCK05197,DIAB_A1C_TEST,0.027819762433330227,InComm-sourced,True,ablation_v1
MOCK05203,DIAB_A1C_TEST,0.0459120329758642,InComm-sourced,True,ablation_v1
MOCK05209,DIAB_A1C_TEST,0.027126931802665052,InComm-sourced,True,ablation_v1
MOCK05215,DIAB_A1C_TEST,0.04183398153048387,InComm-sourced,True,ablation_v1
MOCK05221,DIAB_A1C_TEST,0.02965309062815565,InComm-sourced,True,ablation_v1
MOCK05227,DIAB_A1C_TEST,0.05613658274585853,InComm-sourced,True,ablation_v1
MOCK05233,DIAB_A1C_TEST,0.0512673526375287,InComm-sourced,True,ablation_v1
MOCK05239,DIAB_A1C_TEST,0.042286091305102344,InComm-sourced,True,ablation_v1
MOCK05245,DIAB_A1C_TEST,0.022664460897511715,InComm-sourced,True,ablation_v1
MOCK05251,DIAB_A1C_TEST,0.036253769874236744,InComm-sourced,True,ablation_v1
MOCK05257,DIAB_A1C_TEST,0.03529751221598632,InComm-sourced,True,ablation_v1
MOCK05263,DIAB_A1C_TEST,0.035591913101483665,InComm-sourced,True,ablation_v1
MOCK05269,DIAB_A1C_TEST,0.042222738962311115,InComm-sourced,True,ablation_v1
MOCK05275,DIAB_A1C_TEST,0.09247843242795267,InComm-sourced,True,ablation_v1
MOCK05281,DIAB_A1C_TEST,0.030698203400644233,InComm-sourced,True,ablation_v1
MOCK05287,DIAB_A1C_TEST,0.02821848798819863,InComm-sourced,True,ablation_v1
MOCK05293,DIAB_A1C_TEST,0.03841809709639409,InComm-sourced,True,ablation_v1
MOCK05299,DIAB_A1C_TEST,0.041475617804133405,InComm-sourced,True,ablation_v1
MOCK05305,DIAB_A1C_TEST,0.03745806119445315,InComm-sourced,True,ablation_v1
MOCK05311,DIAB_A1C_TEST,0.03788504645099035,InComm-sourced,True,ablation_v1
MOCK05317,DIAB_A1C_TEST,0.03456668512666355,InComm-sourced,True,ablation_v1
MOCK05323,DIAB_A1C_TEST,0.03840229877187843,InComm-sourced,True,ablation_v1
MOCK05329,DIAB_A1C_TEST,0.054012947369076955,InComm-sourced,True,ablation_v1
MOCK05335,DIAB_A1C_TEST,0.027513164422010045,InComm-sourced,True,ablation_v1
MOCK05341,DIAB_A1C_TEST,0.07428507557851342,InComm-sourced,True,ablation_v1
MOCK05347,DIAB_A1C_TEST,0.026668925766495547,InComm-sourced,True,ablation_v1
MOCK05353,DIAB_A1C_TEST,0.045349592135899806,InComm-sourced,True,ablation_v1
MOCK05359,DIAB_A1C_TEST,0.026429937243311906,InComm-sourced,True,ablation_v1
MOCK05365,DIAB_A1C_TEST,0.031569164465505305,InComm-sourced,True,ablation_v1
MOCK05371,DIAB_A1C_TEST,0.02101319813102507,InComm-sourced,True,ablation_v1
MOCK05377,DIAB_A1C_TEST,0.084732281473178,InComm-sourced,True,ablation_v1
MOCK05383,DIAB_A1C_TEST,0.04761032828958046,InComm-sourced,True,ablation_v1
MOCK05389,DIAB_A1C_TEST,0.03688970053977389,InComm-sourced,True,ablation_v1
MOCK05395,DIAB_A1C_TEST,0.033583249524743085,InComm-sourced,True,ablation_v1
MOCK05401,DIAB_A1C_TEST,0.030675742481615406,InComm-sourced,True,ablation_v1
MOCK05407,DIAB_A1C_TEST,0.024771585002888445,InComm-sourced,True,ablation_v1
MOCK05413,DIAB_A1C_TEST,0.024162223278488076,InComm-sourced,True,ablation_v1
MOCK05419,DIAB_A1C_TEST,0.04587151027417351,InComm-sourced,True,ablation_v1
MOCK05425,DIAB_A1C_TEST,0.027484681878189126,InComm-sourced,True,ablation_v1
MOCK05431,DIAB_A1C_TEST,0.048412419641765986,InComm-sourced,True,ablation_v1
MOCK05437,DIAB_A1C_TEST,0.02395330928226127,InComm-sourced,True,ablation_v1
MOCK05443,DIAB_A1C_TEST,0.04395581754398093,InComm-sourced,True,ablation_v1
MOCK05449,DIAB_A1C_TEST,0.048742369947796176,InComm-sourced,True,ablation_v1
MOCK05455,DIAB_A1C_TEST,0.03518856582959493,InComm-sourced,True,ablation_v1
MOCK05461,DIAB_A1C_TEST,0.03650388562216682,InComm-sourced,True,ablation_v1
MOCK05467,DIAB_A1C_TEST,0.05667122923044954,InComm-sourced,True,ablation_v1
MOCK05473,DIAB_A1C_TEST,0.021028670668839653,InComm-sourced,True,ablation_v1
MOCK05479,DIAB_A1C_TEST,0.02455318724952351,InComm-sourced,True,ablation_v1
MOCK05485,DIAB_A1C_TEST,0.020857271477538276,InComm-sourced,True,ablation_v1
MOCK05491,DIAB_A1C_TEST,0.023527985831890846,InComm-sourced,True,ablation_v1
MOCK05497,DIAB_A1C_TEST,0.020833218425062017,InComm-sourced,True,ablation_v1
MOCK05503,DIAB_A1C_TEST,0.05580684671210742,InComm-sourced,True,ablation_v1
MOCK05509,DIAB_A1C_TEST,0.029006969783385957,InComm-sourced,True,ablation_v1
MOCK05515,DIAB_A1C_TEST,0.019839498287474378,InComm-sourced,True,ablation_v1
MOCK05521,DIAB_A1C_TEST,0.024978520359724605,InComm-sourced,True,ablation_v1
MOCK05527,DIAB_A1C_TEST,0.035466301111583595,InComm-sourced,True,ablation_v1
MOCK05533,DIAB_A1C_TEST,0.03570201836818006,InComm-sourced,True,ablation_v1
MOCK05539,DIAB_A1C_TEST,0.04664818906407314,InComm-sourced,True,ablation_v1
MOCK05545,DIAB_A1C_TEST,0.04354105549284141,InComm-sourced,True,ablation_v1
MOCK05551,DIAB_A1C_TEST,0.017813182747468022,InComm-sourced,True,ablation_v1
MOCK05557,DIAB_A1C_TEST,0.03168915993902807,InComm-sourced,True,ablation_v1
MOCK05563,DIAB_A1C_TEST,0.04436910365725161,InComm-sourced,True,ablation_v1
MOCK05569,DIAB_A1C_TEST,0.041132232168583936,InComm-sourced,True,ablation_v1
MOCK05575,DIAB_A1C_TEST,0.0404140142279258,InComm-sourced,True,ablation_v1
MOCK05581,DIAB_A1C_TEST,0.04980828164260481,InComm-sourced,True,ablation_v1
MOCK05587,DIAB_A1C_TEST,0.031602025690095195,InComm-sourced,True,ablation_v1
MOCK05593,DIAB_A1C_TEST,0.023709163217897677,InComm-sourced,True,ablation_v1
MOCK05599,DIAB_A1C_TEST,0.025133672239186184,InComm-sourced,True,ablation_v1
MOCK05605,DIAB_A1C_TEST,0.024104014041153896,InComm-sourced,True,ablation_v1
MOCK05611,DIAB_A1C_TEST,0.045103660166577055,InComm-sourced,True,ablation_v1
MOCK05617,DIAB_A1C_TEST,0.02538414135662376,InComm-sourced,True,ablation_v1
MOCK05623,DIAB_A1C_TEST,0.044056822914435696,InComm-sourced,True,ablation_v1
MOCK05629,DIAB_A1C_TEST,0.03747262097663485,InComm-sourced,True,ablation_v1
MOCK05635,DIAB_A1C_TEST,0.04186402508668929,InComm-sourced,True,ablation_v1
MOCK05641,DIAB_A1C_TEST,0.02689640714542664,InComm-sourced,True,ablation_v1
MOCK05647,DIAB_A1C_TEST,0.03566714062428944,InComm-sourced,True,ablation_v1
MOCK05653,DIAB_A1C_TEST,0.02164154703733603,InComm-sourced,True,ablation_v1
MOCK05659,DIAB_A1C_TEST,0.03523465079345571,InComm-sourced,True,ablation_v1
MOCK05665,DIAB_A1C_TEST,0.03444924959988116,InComm-sourced,True,ablation_v1
MOCK05671,DIAB_A1C_TEST,0.03543124314804602,InComm-sourced,True,ablation_v1
MOCK05677,DIAB_A1C_TEST,0.04788236768277258,InComm-sourced,True,ablation_v1
MOCK05683,DIAB_A1C_TEST,0.04105443842175765,InComm-sourced,True,ablation_v1
MOCK05689,DIAB_A1C_TEST,0.04703578091952793,InComm-sourced,True,ablation_v1
MOCK05695,DIAB_A1C_TEST,0.04958862799336629,InComm-sourced,True,ablation_v1
MOCK05701,DIAB_A1C_TEST,0.023169955652882924,InComm-sourced,True,ablation_v1
MOCK05707,DIAB_A1C_TEST,0.021918558313069735,InComm-sourced,True,ablation_v1
MOCK05713,DIAB_A1C_TEST,0.0364811770586366,InComm-sourced,True,ablation_v1
MOCK05719,DIAB_A1C_TEST,0.11688533261448522,InComm-sourced,True,ablation_v1
MOCK05725,DIAB_A1C_TEST,0.022081963119862026,InComm-sourced,True,ablation_v1
MOCK05731,DIAB_A1C_TEST,0.019398643329572404,InComm-sourced,True,ablation_v1
MOCK05737,DIAB_A1C_TEST,0.01950745325575568,InComm-sourced,True,ablation_v1
MOCK05743,DIAB_A1C_TEST,0.08688792295221118,InComm-sourced,True,ablation_v1
MOCK05749,DIAB_A1C_TEST,0.0363936907586275,InComm-sourced,True,ablation_v1
MOCK05755,DIAB_A1C_TEST,0.05876971773208423,InComm-sourced,True,ablation_v1
MOCK05761,DIAB_A1C_TEST,0.022045471467875593,InComm-sourced,True,ablation_v1
MOCK05767,DIAB_A1C_TEST,0.0433061085633444,InComm-sourced,True,ablation_v1
MOCK05773,DIAB_A1C_TEST,0.055403203040748035,InComm-sourced,True,ablation_v1
MOCK05779,DIAB_A1C_TEST,0.03289783040780735,InComm-sourced,True,ablation_v1
MOCK05785,DIAB_A1C_TEST,0.031273907442952255,InComm-sourced,True,ablation_v1
MOCK05791,DIAB_A1C_TEST,0.047999527715065056,InComm-sourced,True,ablation_v1
MOCK05797,DIAB_A1C_TEST,0.023930355391418422,InComm-sourced,True,ablation_v1
MOCK05803,DIAB_A1C_TEST,0.031361363139432025,InComm-sourced,True,ablation_v1
MOCK05809,DIAB_A1C_TEST,0.04258389356294608,InComm-sourced,True,ablation_v1
MOCK05815,DIAB_A1C_TEST,0.04147912892186988,InComm-sourced,True,ablation_v1
MOCK05821,DIAB_A1C_TEST,0.022390964978054644,InComm-sourced,True,ablation_v1
MOCK05827,DIAB_A1C_TEST,0.03437651519781886,InComm-sourced,True,ablation_v1
MOCK05833,DIAB_A1C_TEST,0.03530732004716713,InComm-sourced,True,ablation_v1
MOCK05839,DIAB_A1C_TEST,0.029062980848022654,InComm-sourced,True,ablation_v1
MOCK05845,DIAB_A1C_TEST,0.06114502266897522,InComm-sourced,True,ablation_v1
MOCK05851,DIAB_A1C_TEST,0.02504506074419565,InComm-sourced,True,ablation_v1
MOCK05857,DIAB_A1C_TEST,0.014395199797531752,InComm-sourced,True,ablation_v1
MOCK05863,DIAB_A1C_TEST,0.034423438869916605,InComm-sourced,True,ablation_v1
MOCK05869,DIAB_A1C_TEST,0.019994008477785527,InComm-sourced,True,ablation_v1
MOCK05875,DIAB_A1C_TEST,0.025123641733670855,InComm-sourced,True,ablation_v1
MOCK05881,DIAB_A1C_TEST,0.019013373858331267,InComm-sourced,True,ablation_v1
MOCK05887,DIAB_A1C_TEST,0.07094441985381815,InComm-sourced,True,ablation_v1
MOCK05893,DIAB_A1C_TEST,0.04919890674729591,InComm-sourced,True,ablation_v1
MOCK05899,DIAB_A1C_TEST,0.050856909136742595,InComm-sourced,True,ablation_v1
MOCK05905,DIAB_A1C_TEST,0.027678806882167298,InComm-sourced,True,ablation_v1
MOCK05911,DIAB_A1C_TEST,0.03558413930630184,InComm-sourced,True,ablation_v1
MOCK05917,DIAB_A1C_TEST,0.05376887826752048,InComm-sourced,True,ablation_v1
MOCK05923,DIAB_A1C_TEST,0.0386242288766316,InComm-sourced,True,ablation_v1
MOCK05929,DIAB_A1C_TEST,0.024517097548959796,InComm-sourced,True,ablation_v1
MOCK05935,DIAB_A1C_TEST,0.05792748726473819,InComm-sourced,True,ablation_v1
MOCK05941,DIAB_A1C_TEST,0.03983948501243521,InComm-sourced,True,ablation_v1
MOCK05947,DIAB_A1C_TEST,0.02413819962433222,InComm-sourced,True,ablation_v1
MOCK05953,DIAB_A1C_TEST,0.023632944683543523,InComm-sourced,True,ablation_v1
MOCK05959,DIAB_A1C_TEST,0.02740301254683241,InComm-sourced,True,ablation_v1
MOCK05965,DIAB_A1C_TEST,0.0366612309535122,InComm-sourced,True,ablation_v1
MOCK05971,DIAB_A1C_TEST,0.019344753652444587,InComm-sourced,True,ablation_v1
MOCK05977,DIAB_A1C_TEST,0.04255273278687911,InComm-sourced,True,ablation_v1
MOCK05983,DIAB_A1C_TEST,0.06257773661696621,InComm-sourced,True,ablation_v1
MOCK05989,DIAB_A1C_TEST,0.044684864009453644,InComm-sourced,True,ablation_v1
MOCK05995,DIAB_A1C_TEST,0.03909552405736402,InComm-sourced,True,ablation_v1
MOCK06001,DIAB_A1C_TEST,0.031872102280693634,InComm-sourced,True,ablation_v1
MOCK06007,DIAB_A1C_TEST,0.060599242141821365,InComm-sourced,True,ablation_v1
MOCK06013,DIAB_A1C_TEST,0.06520958107002459,InComm-sourced,True,ablation_v1
MOCK06019,DIAB_A1C_TEST,0.04583217897379259,InComm-sourced,True,ablation_v1
MOCK06025,DIAB_A1C_TEST,0.03309270651609548,InComm-sourced,True,ablation_v1
MOCK06031,DIAB_A1C_TEST,0.021213185851400865,InComm-sourced,True,ablation_v1
MOCK06037,DIAB_A1C_TEST,0.041069303204441514,InComm-sourced,True,ablation_v1
MOCK06043,DIAB_A1C_TEST,0.05630552803032897,InComm-sourced,True,ablation_v1
MOCK06049,DIAB_A1C_TEST,0.028463458657985746,InComm-sourced,True,ablation_v1
MOCK06055,DIAB_A1C_TEST,0.06805230849737924,InComm-sourced,True,ablation_v1
MOCK06061,DIAB_A1C_TEST,0.018599551960078217,InComm-sourced,True,ablation_v1
MOCK06067,DIAB_A1C_TEST,0.03522229177501312,InComm-sourced,True,ablation_v1
MOCK06073,DIAB_A1C_TEST,0.0950890764939178,InComm-sourced,True,ablation_v1
MOCK06079,DIAB_A1C_TEST,0.10442306095928515,InComm-sourced,True,ablation_v1
MOCK06085,DIAB_A1C_TEST,0.022088744782574554,InComm-sourced,True,ablation_v1
MOCK06091,DIAB_A1C_TEST,0.05211112937931019,InComm-sourced,True,ablation_v1
MOCK06097,DIAB_A1C_TEST,0.03391603566642814,InComm-sourced,True,ablation_v1
MOCK06103,DIAB_A1C_TEST,0.021237731542706032,InComm-sourced,True,ablation_v1
MOCK06109,DIAB_A1C_TEST,0.06680402351923394,InComm-sourced,True,ablation_v1
MOCK06115,DIAB_A1C_TEST,0.03707494239835443,InComm-sourced,True,ablation_v1
MOCK06121,DIAB_A1C_TEST,0.056418711676047874,InComm-sourced,True,ablation_v1
MOCK06127,DIAB_A1C_TEST,0.039166891230764916,InComm-sourced,True,ablation_v1
MOCK06133,DIAB_A1C_TEST,0.07484164759513079,InComm-sourced,True,ablation_v1
MOCK06139,DIAB_A1C_TEST,0.053236391151756296,InComm-sourced,True,ablation_v1
MOCK06145,DIAB_A1C_TEST,0.01896661403504826,InComm-sourced,True,ablation_v1
MOCK06151,DIAB_A1C_TEST,0.05553805468426028,InComm-sourced,True,ablation_v1
MOCK06157,DIAB_A1C_TEST,0.02596392662223914,InComm-sourced,True,ablation_v1
MOCK06163,DIAB_A1C_TEST,0.0608624573081864,InComm-sourced,True,ablation_v1
MOCK06169,DIAB_A1C_TEST,0.042738947892056685,InComm-sourced,True,ablation_v1
MOCK06175,DIAB_A1C_TEST,0.05113704886011475,InComm-sourced,True,ablation_v1
MOCK06181,DIAB_A1C_TEST,0.03142256608124944,InComm-sourced,True,ablation_v1
MOCK06187,DIAB_A1C_TEST,0.03370688304687706,InComm-sourced,True,ablation_v1
MOCK06193,DIAB_A1C_TEST,0.026953074235718816,InComm-sourced,True,ablation_v1
MOCK06199,DIAB_A1C_TEST,0.02577068588031419,InComm-sourced,True,ablation_v1
MOCK06205,DIAB_A1C_TEST,0.037319872271847014,InComm-sourced,True,ablation_v1
MOCK06211,DIAB_A1C_TEST,0.0480916301163687,InComm-sourced,True,ablation_v1
MOCK06217,DIAB_A1C_TEST,0.06483284565512037,InComm-sourced,True,ablation_v1
MOCK06223,DIAB_A1C_TEST,0.04332255932991501,InComm-sourced,True,ablation_v1
MOCK06229,DIAB_A1C_TEST,0.058942625480294775,InComm-sourced,True,ablation_v1
MOCK06235,DIAB_A1C_TEST,0.03743336248868298,InComm-sourced,True,ablation_v1
MOCK06241,DIAB_A1C_TEST,0.013834359889950448,InComm-sourced,True,ablation_v1
MOCK06247,DIAB_A1C_TEST,0.08221005991380785,InComm-sourced,True,ablation_v1
MOCK06253,DIAB_A1C_TEST,0.025332539986305684,InComm-sourced,True,ablation_v1
MOCK06259,DIAB_A1C_TEST,0.024963517472386034,InComm-sourced,True,ablation_v1
MOCK06265,DIAB_A1C_TEST,0.0160284098918676,InComm-sourced,True,ablation_v1
MOCK06271,DIAB_A1C_TEST,0.08275836848294542,InComm-sourced,True,ablation_v1
MOCK06277,DIAB_A1C_TEST,0.0553392127815814,InComm-sourced,True,ablation_v1
MOCK06283,DIAB_A1C_TEST,0.029885147150462015,InComm-sourced,True,ablation_v1
MOCK06289,DIAB_A1C_TEST,0.021009750985583844,InComm-sourced,True,ablation_v1
MOCK06295,DIAB_A1C_TEST,0.07892112130771851,InComm-sourced,True,ablation_v1
MOCK06301,DIAB_A1C_TEST,0.02986995401357276,InComm-sourced,True,ablation_v1
MOCK06307,DIAB_A1C_TEST,0.021715222632087063,InComm-sourced,True,ablation_v1
MOCK06313,DIAB_A1C_TEST,0.05925226002399659,InComm-sourced,True,ablation_v1
MOCK06319,DIAB_A1C_TEST,0.026080280306522225,InComm-sourced,True,ablation_v1
MOCK06325,DIAB_A1C_TEST,0.03420354432707947,InComm-sourced,True,ablation_v1
MOCK06331,DIAB_A1C_TEST,0.02639136587904926,InComm-sourced,True,ablation_v1
MOCK06337,DIAB_A1C_TEST,0.03184168504903407,InComm-sourced,True,ablation_v1
MOCK06343,DIAB_A1C_TEST,0.04780423175513751,InComm-sourced,True,ablation_v1
MOCK06349,DIAB_A1C_TEST,0.021430449455001364,InComm-sourced,True,ablation_v1
MOCK06355,DIAB_A1C_TEST,0.021159165774031926,InComm-sourced,True,ablation_v1
MOCK06361,DIAB_A1C_TEST,0.015095204657494133,InComm-sourced,True,ablation_v1
MOCK06367,DIAB_A1C_TEST,0.027164413378809517,InComm-sourced,True,ablation_v1
MOCK06373,DIAB_A1C_TEST,0.03401954283747059,InComm-sourced,True,ablation_v1
MOCK06379,DIAB_A1C_TEST,0.08249614927135791,InComm-sourced,True,ablation_v1
MOCK06385,DIAB_A1C_TEST,0.02843881014545766,InComm-sourced,True,ablation_v1
MOCK06391,DIAB_A1C_TEST,0.07333204985184731,InComm-sourced,True,ablation_v1
MOCK06397,DIAB_A1C_TEST,0.022064431160506975,InComm-sourced,True,ablation_v1
MOCK06403,DIAB_A1C_TEST,0.02365023744005133,InComm-sourced,True,ablation_v1
MOCK06409,DIAB_A1C_TEST,0.03833849477549258,InComm-sourced,True,ablation_v1
MOCK06415,DIAB_A1C_TEST,0.09469290523660209,InComm-sourced,True,ablation_v1
MOCK06421,DIAB_A1C_TEST,0.036037970397555276,InComm-sourced,True,ablation_v1
MOCK06427,DIAB_A1C_TEST,0.03621604920230131,InComm-sourced,True,ablation_v1
MOCK06433,DIAB_A1C_TEST,0.05389383978417802,InComm-sourced,True,ablation_v1
MOCK06439,DIAB_A1C_TEST,0.03760742881892575,InComm-sourced,True,ablation_v1
MOCK06445,DIAB_A1C_TEST,0.05246817050648893,InComm-sourced,True,ablation_v1
MOCK06451,DIAB_A1C_TEST,0.038603208747612625,InComm-sourced,True,ablation_v1
MOCK06457,DIAB_A1C_TEST,0.02949091090216837,InComm-sourced,True,ablation_v1
MOCK06463,DIAB_A1C_TEST,0.03752417322675464,InComm-sourced,True,ablation_v1
MOCK06469,DIAB_A1C_TEST,0.03490790573169119,InComm-sourced,True,ablation_v1
MOCK06475,DIAB_A1C_TEST,0.015664522924293645,InComm-sourced,True,ablation_v1
MOCK06481,DIAB_A1C_TEST,0.023101914147129293,InComm-sourced,True,ablation_v1
MOCK06487,DIAB_A1C_TEST,0.025026063407022268,InComm-sourced,True,ablation_v1
MOCK06493,DIAB_A1C_TEST,0.047912550538810314,InComm-sourced,True,ablation_v1
MOCK06499,DIAB_A1C_TEST,0.043011638109990855,InComm-sourced,True,ablation_v1
MOCK06505,DIAB_A1C_TEST,0.024746267556032996,InComm-sourced,True,ablation_v1
MOCK06511,DIAB_A1C_TEST,0.05915723702003476,InComm-sourced,True,ablation_v1
MOCK06517,DIAB_A1C_TEST,0.03206709381339602,InComm-sourced,True,ablation_v1
MOCK06523,DIAB_A1C_TEST,0.030932323361646034,InComm-sourced,True,ablation_v1
MOCK06529,DIAB_A1C_TEST,0.0338785341720426,InComm-sourced,True,ablation_v1
MOCK06535,DIAB_A1C_TEST,0.04998795587683113,InComm-sourced,True,ablation_v1
MOCK06541,DIAB_A1C_TEST,0.03627104382688966,InComm-sourced,True,ablation_v1
MOCK06547,DIAB_A1C_TEST,0.02159798474586468,InComm-sourced,True,ablation_v1
MOCK06553,DIAB_A1C_TEST,0.03713553752093913,InComm-sourced,True,ablation_v1
MOCK06559,DIAB_A1C_TEST,0.02484879440742837,InComm-sourced,True,ablation_v1
MOCK06565,DIAB_A1C_TEST,0.04985583668307902,InComm-sourced,True,ablation_v1
MOCK06571,DIAB_A1C_TEST,0.0409957125530988,InComm-sourced,True,ablation_v1
MOCK06577,DIAB_A1C_TEST,0.0329780201345568,InComm-sourced,True,ablation_v1
MOCK06583,DIAB_A1C_TEST,0.01750121924849302,InComm-sourced,True,ablation_v1
MOCK06589,DIAB_A1C_TEST,0.03399681063725164,InComm-sourced,True,ablation_v1
MOCK06595,DIAB_A1C_TEST,0.04836596179095354,InComm-sourced,True,ablation_v1
MOCK06601,DIAB_A1C_TEST,0.07090596906393695,InComm-sourced,True,ablation_v1
MOCK06607,DIAB_A1C_TEST,0.022815640563116253,InComm-sourced,True,ablation_v1
MOCK06613,DIAB_A1C_TEST,0.04145370251853686,InComm-sourced,True,ablation_v1
MOCK06619,DIAB_A1C_TEST,0.03438694241777368,InComm-sourced,True,ablation_v1
MOCK06625,DIAB_A1C_TEST,0.04573552384252145,InComm-sourced,True,ablation_v1
MOCK06631,DIAB_A1C_TEST,0.040589517727245346,InComm-sourced,True,ablation_v1
MOCK06637,DIAB_A1C_TEST,0.06274202476196017,InComm-sourced,True,ablation_v1
MOCK06643,DIAB_A1C_TEST,0.021668489900668605,InComm-sourced,True,ablation_v1
MOCK06649,DIAB_A1C_TEST,0.027892380636765426,InComm-sourced,True,ablation_v1
MOCK06655,DIAB_A1C_TEST,0.04974385092283652,InComm-sourced,True,ablation_v1
MOCK06661,DIAB_A1C_TEST,0.01684642012439316,InComm-sourced,True,ablation_v1
MOCK06667,DIAB_A1C_TEST,0.02555153719234228,InComm-sourced,True,ablation_v1
MOCK06673,DIAB_A1C_TEST,0.026085956723449506,InComm-sourced,True,ablation_v1
MOCK06679,DIAB_A1C_TEST,0.03752492820013985,InComm-sourced,True,ablation_v1
MOCK06685,DIAB_A1C_TEST,0.018030928523905247,InComm-sourced,True,ablation_v1
MOCK06691,DIAB_A1C_TEST,0.029373631699178962,InComm-sourced,True,ablation_v1
MOCK06697,DIAB_A1C_TEST,0.05473298618804084,InComm-sourced,True,ablation_v1
MOCK06703,DIAB_A1C_TEST,0.020324031594130685,InComm-sourced,True,ablation_v1
MOCK06709,DIAB_A1C_TEST,0.047425804406519695,InComm-sourced,True,ablation_v1
MOCK06715,DIAB_A1C_TEST,0.020424772924229555,InComm-sourced,True,ablation_v1
MOCK06721,DIAB_A1C_TEST,0.09688593082444116,InComm-sourced,True,ablation_v1
MOCK06727,DIAB_A1C_TEST,0.032080933755612585,InComm-sourced,True,ablation_v1
MOCK06733,DIAB_A1C_TEST,0.040963255120100614,InComm-sourced,True,ablation_v1
MOCK06739,DIAB_A1C_TEST,0.06432077169935077,InComm-sourced,True,ablation_v1
MOCK06745,DIAB_A1C_TEST,0.030585934129931835,InComm-sourced,True,ablation_v1
MOCK06751,DIAB_A1C_TEST,0.05515138596910198,InComm-sourced,True,ablation_v1
MOCK06757,DIAB_A1C_TEST,0.035945775831323974,InComm-sourced,True,ablation_v1
MOCK06763,DIAB_A1C_TEST,0.03472210143715659,InComm-sourced,True,ablation_v1
MOCK06769,DIAB_A1C_TEST,0.05743285997323499,InComm-sourced,True,ablation_v1
MOCK06775,DIAB_A1C_TEST,0.024407473265590663,InComm-sourced,True,ablation_v1
MOCK06781,DIAB_A1C_TEST,0.048023098687895775,InComm-sourced,True,ablation_v1
MOCK06787,DIAB_A1C_TEST,0.04295421974512603,InComm-sourced,True,ablation_v1
MOCK06793,DIAB_A1C_TEST,0.0598739702417363,InComm-sourced,True,ablation_v1
MOCK06799,DIAB_A1C_TEST,0.05836513116858426,InComm-sourced,True,ablation_v1
MOCK06805,DIAB_A1C_TEST,0.023952734721370394,InComm-sourced,True,ablation_v1
MOCK06811,DIAB_A1C_TEST,0.025306152312045232,InComm-sourced,True,ablation_v1
MOCK06817,DIAB_A1C_TEST,0.06755654717941735,InComm-sourced,True,ablation_v1
MOCK06823,DIAB_A1C_TEST,0.05291906115129859,InComm-sourced,True,ablation_v1
MOCK06829,DIAB_A1C_TEST,0.036207651190194534,InComm-sourced,True,ablation_v1
MOCK06835,DIAB_A1C_TEST,0.016537541795641375,InComm-sourced,True,ablation_v1
MOCK06841,DIAB_A1C_TEST,0.016827479518826176,InComm-sourced,True,ablation_v1
MOCK06847,DIAB_A1C_TEST,0.06142219739375368,InComm-sourced,True,ablation_v1
MOCK06853,DIAB_A1C_TEST,0.019873831244083543,InComm-sourced,True,ablation_v1
MOCK06859,DIAB_A1C_TEST,0.03331304132396081,InComm-sourced,True,ablation_v1
MOCK06865,DIAB_A1C_TEST,0.027465307171123225,InComm-sourced,True,ablation_v1
MOCK06871,DIAB_A1C_TEST,0.020190932986226127,InComm-sourced,True,ablation_v1
MOCK06877,DIAB_A1C_TEST,0.024950891665016385,InComm-sourced,True,ablation_v1
MOCK06883,DIAB_A1C_TEST,0.075543530746701,InComm-sourced,True,ablation_v1
MOCK06889,DIAB_A1C_TEST,0.035150983887511235,InComm-sourced,True,ablation_v1
MOCK06895,DIAB_A1C_TEST,0.0211842736522651,InComm-sourced,True,ablation_v1
MOCK06901,DIAB_A1C_TEST,0.09874012012988845,InComm-sourced,True,ablation_v1
MOCK06907,DIAB_A1C_TEST,0.04622409516537101,InComm-sourced,True,ablation_v1
MOCK06913,DIAB_A1C_TEST,0.029705413953653247,InComm-sourced,True,ablation_v1
MOCK06919,DIAB_A1C_TEST,0.06360306900375327,InComm-sourced,True,ablation_v1
MOCK06925,DIAB_A1C_TEST,0.03913577220388252,InComm-sourced,True,ablation_v1
MOCK06931,DIAB_A1C_TEST,0.04785026821094625,InComm-sourced,True,ablation_v1
MOCK06937,DIAB_A1C_TEST,0.01889169194035619,InComm-sourced,True,ablation_v1
MOCK06943,DIAB_A1C_TEST,0.027250673515761468,InComm-sourced,True,ablation_v1
MOCK06949,DIAB_A1C_TEST,0.08472318551696521,InComm-sourced,True,ablation_v1
MOCK06955,DIAB_A1C_TEST,0.037857094612675835,InComm-sourced,True,ablation_v1
MOCK06961,DIAB_A1C_TEST,0.0333555859000736,InComm-sourced,True,ablation_v1
MOCK06967,DIAB_A1C_TEST,0.024769332415389058,InComm-sourced,True,ablation_v1
MOCK06973,DIAB_A1C_TEST,0.043768129580374265,InComm-sourced,True,ablation_v1
MOCK06979,DIAB_A1C_TEST,0.02908210146376104,InComm-sourced,True,ablation_v1
MOCK06985,DIAB_A1C_TEST,0.016861158698719046,InComm-sourced,True,ablation_v1
MOCK06991,DIAB_A1C_TEST,0.023059293912367773,InComm-sourced,True,ablation_v1
MOCK06997,DIAB_A1C_TEST,0.038405592084864514,InComm-sourced,True,ablation_v1
MOCK07003,DIAB_A1C_TEST,0.036344220962278795,InComm-sourced,True,ablation_v1
MOCK07009,DIAB_A1C_TEST,0.02064739370089046,InComm-sourced,True,ablation_v1
MOCK07015,DIAB_A1C_TEST,0.021443908495694736,InComm-sourced,True,ablation_v1
MOCK07021,DIAB_A1C_TEST,0.0471680703949044,InComm-sourced,True,ablation_v1
MOCK07027,DIAB_A1C_TEST,0.05178278178371387,InComm-sourced,True,ablation_v1
MOCK07033,DIAB_A1C_TEST,0.026933579822458885,InComm-sourced,True,ablation_v1
MOCK07039,DIAB_A1C_TEST,0.05060805237011214,InComm-sourced,True,ablation_v1
MOCK07045,DIAB_A1C_TEST,0.03797213472311837,InComm-sourced,True,ablation_v1
MOCK07051,DIAB_A1C_TEST,0.0435619863185225,InComm-sourced,True,ablation_v1
MOCK07057,DIAB_A1C_TEST,0.034570070429352694,InComm-sourced,True,ablation_v1
MOCK07063,DIAB_A1C_TEST,0.027003248105986363,InComm-sourced,True,ablation_v1
MOCK07069,DIAB_A1C_TEST,0.07376654774198611,InComm-sourced,True,ablation_v1
MOCK07075,DIAB_A1C_TEST,0.019356706930841204,InComm-sourced,True,ablation_v1
MOCK07081,DIAB_A1C_TEST,0.020309862619975725,InComm-sourced,True,ablation_v1
MOCK07087,DIAB_A1C_TEST,0.025263220067335775,InComm-sourced,True,ablation_v1
MOCK07093,DIAB_A1C_TEST,0.036587746049234864,InComm-sourced,True,ablation_v1
MOCK07099,DIAB_A1C_TEST,0.04039625349739189,InComm-sourced,True,ablation_v1
MOCK07105,DIAB_A1C_TEST,0.0233953482973539,InComm-sourced,True,ablation_v1
MOCK07111,DIAB_A1C_TEST,0.04659272725241742,InComm-sourced,True,ablation_v1
MOCK07117,DIAB_A1C_TEST,0.12344078311325175,InComm-sourced,True,ablation_v1
MOCK07123,DIAB_A1C_TEST,0.028658736544869973,InComm-sourced,True,ablation_v1
MOCK07129,DIAB_A1C_TEST,0.028894798567919718,InComm-sourced,True,ablation_v1
MOCK07135,DIAB_A1C_TEST,0.024822386467359226,InComm-sourced,True,ablation_v1
MOCK07141,DIAB_A1C_TEST,0.015217278799516948,InComm-sourced,True,ablation_v1
MOCK07147,DIAB_A1C_TEST,0.06835228084420016,InComm-sourced,True,ablation_v1
MOCK07153,DIAB_A1C_TEST,0.07441844835201777,InComm-sourced,True,ablation_v1
MOCK07159,DIAB_A1C_TEST,0.028505634098156526,InComm-sourced,True,ablation_v1
MOCK07165,DIAB_A1C_TEST,0.06655823917063004,InComm-sourced,True,ablation_v1
MOCK07171,DIAB_A1C_TEST,0.03094810498914801,InComm-sourced,True,ablation_v1
MOCK07177,DIAB_A1C_TEST,0.040177272992226246,InComm-sourced,True,ablation_v1
MOCK07183,DIAB_A1C_TEST,0.04922752827916953,InComm-sourced,True,ablation_v1
MOCK07189,DIAB_A1C_TEST,0.03773812497762614,InComm-sourced,True,ablation_v1
MOCK07195,DIAB_A1C_TEST,0.0267651766380923,InComm-sourced,True,ablation_v1
MOCK07201,DIAB_A1C_TEST,0.04613377111192563,InComm-sourced,True,ablation_v1
MOCK07207,DIAB_A1C_TEST,0.01916691322335002,InComm-sourced,True,ablation_v1
MOCK07213,DIAB_A1C_TEST,0.06366106643058227,InComm-sourced,True,ablation_v1
MOCK07219,DIAB_A1C_TEST,0.05313413576842569,InComm-sourced,True,ablation_v1
MOCK07225,DIAB_A1C_TEST,0.01817342476104509,InComm-sourced,True,ablation_v1
MOCK07231,DIAB_A1C_TEST,0.05140643947301802,InComm-sourced,True,ablation_v1
MOCK07237,DIAB_A1C_TEST,0.024294849176313464,InComm-sourced,True,ablation_v1
MOCK07243,DIAB_A1C_TEST,0.025256170401180143,InComm-sourced,True,ablation_v1
MOCK07249,DIAB_A1C_TEST,0.03419447467394693,InComm-sourced,True,ablation_v1
MOCK07255,DIAB_A1C_TEST,0.034289780497282075,InComm-sourced,True,ablation_v1
MOCK07261,DIAB_A1C_TEST,0.02751811626813327,InComm-sourced,True,ablation_v1
MOCK07267,DIAB_A1C_TEST,0.02641470721196534,InComm-sourced,True,ablation_v1
MOCK07273,DIAB_A1C_TEST,0.041376756281412554,InComm-sourced,True,ablation_v1
MOCK07279,DIAB_A1C_TEST,0.02503953607133912,InComm-sourced,True,ablation_v1
MOCK07285,DIAB_A1C_TEST,0.049907480612945074,InComm-sourced,True,ablation_v1
MOCK07291,DIAB_A1C_TEST,0.027923838902479205,InComm-sourced,True,ablation_v1
MOCK07297,DIAB_A1C_TEST,0.03377599412708142,InComm-sourced,True,ablation_v1
MOCK07303,DIAB_A1C_TEST,0.05256946328366543,InComm-sourced,True,ablation_v1
MOCK07309,DIAB_A1C_TEST,0.02756175855750855,InComm-sourced,True,ablation_v1
MOCK07315,DIAB_A1C_TEST,0.02092182352331259,InComm-sourced,True,ablation_v1
MOCK07321,DIAB_A1C_TEST,0.019062737883019952,InComm-sourced,True,ablation_v1
MOCK07327,DIAB_A1C_TEST,0.055311139012737986,InComm-sourced,True,ablation_v1
MOCK07333,DIAB_A1C_TEST,0.028957693493238144,InComm-sourced,True,ablation_v1
MOCK07339,DIAB_A1C_TEST,0.035143538615785855,InComm-sourced,True,ablation_v1
MOCK07345,DIAB_A1C_TEST,0.020408530446829578,InComm-sourced,True,ablation_v1
MOCK07351,DIAB_A1C_TEST,0.03338906244713842,InComm-sourced,True,ablation_v1
MOCK07357,DIAB_A1C_TEST,0.04162268664652854,InComm-sourced,True,ablation_v1
MOCK07363,DIAB_A1C_TEST,0.04133338497769813,InComm-sourced,True,ablation_v1
MOCK07369,DIAB_A1C_TEST,0.03020884749055267,InComm-sourced,True,ablation_v1
MOCK07375,DIAB_A1C_TEST,0.03223360072678269,InComm-sourced,True,ablation_v1
MOCK07381,DIAB_A1C_TEST,0.02034117130663266,InComm-sourced,True,ablation_v1
MOCK07387,DIAB_A1C_TEST,0.03489194689395903,InComm-sourced,True,ablation_v1
MOCK07393,DIAB_A1C_TEST,0.015143541819326941,InComm-sourced,True,ablation_v1
MOCK07399,DIAB_A1C_TEST,0.030875012278120197,InComm-sourced,True,ablation_v1
MOCK07405,DIAB_A1C_TEST,0.02399079753554711,InComm-sourced,True,ablation_v1
MOCK07411,DIAB_A1C_TEST,0.02575884446504323,InComm-sourced,True,ablation_v1
MOCK07417,DIAB_A1C_TEST,0.03785414992499156,InComm-sourced,True,ablation_v1
MOCK07423,DIAB_A1C_TEST,0.030045767229717413,InComm-sourced,True,ablation_v1
MOCK07429,DIAB_A1C_TEST,0.03107162698859714,InComm-sourced,True,ablation_v1
MOCK07435,DIAB_A1C_TEST,0.02978084128875355,InComm-sourced,True,ablation_v1
MOCK07441,DIAB_A1C_TEST,0.08242580394383477,InComm-sourced,True,ablation_v1
MOCK07447,DIAB_A1C_TEST,0.015628039158205032,InComm-sourced,True,ablation_v1
MOCK07453,DIAB_A1C_TEST,0.0268025145185413,InComm-sourced,True,ablation_v1
MOCK07459,DIAB_A1C_TEST,0.02537516028877447,InComm-sourced,True,ablation_v1
MOCK07465,DIAB_A1C_TEST,0.03123033428481034,InComm-sourced,True,ablation_v1
MOCK07471,DIAB_A1C_TEST,0.046767359939277796,InComm-sourced,True,ablation_v1
MOCK07477,DIAB_A1C_TEST,0.040867445411860964,InComm-sourced,True,ablation_v1
MOCK07483,DIAB_A1C_TEST,0.02904362600499228,InComm-sourced,True,ablation_v1
MOCK07489,DIAB_A1C_TEST,0.022443609928373846,InComm-sourced,True,ablation_v1
MOCK07495,DIAB_A1C_TEST,0.028887443140830377,InComm-sourced,True,ablation_v1
MOCK07501,DIAB_A1C_TEST,0.037313886148491106,InComm-sourced,True,ablation_v1
MOCK07507,DIAB_A1C_TEST,0.02442469964824403,InComm-sourced,True,ablation_v1
MOCK07513,DIAB_A1C_TEST,0.03674846857491354,InComm-sourced,True,ablation_v1
MOCK07519,DIAB_A1C_TEST,0.038641184555897844,InComm-sourced,True,ablation_v1
MOCK07525,DIAB_A1C_TEST,0.05683737898128922,InComm-sourced,True,ablation_v1
MOCK07531,DIAB_A1C_TEST,0.05364016065303916,InComm-sourced,True,ablation_v1
MOCK07537,DIAB_A1C_TEST,0.028767638600436556,InComm-sourced,True,ablation_v1
MOCK07543,DIAB_A1C_TEST,0.02145211917387908,InComm-sourced,True,ablation_v1
MOCK07549,DIAB_A1C_TEST,0.025424902998732,InComm-sourced,True,ablation_v1
MOCK07555,DIAB_A1C_TEST,0.04259790474552693,InComm-sourced,True,ablation_v1
MOCK07561,DIAB_A1C_TEST,0.03279641639719678,InComm-sourced,True,ablation_v1
MOCK07567,DIAB_A1C_TEST,0.024088670084826545,InComm-sourced,True,ablation_v1
MOCK07573,DIAB_A1C_TEST,0.04685777917678849,InComm-sourced,True,ablation_v1
MOCK07579,DIAB_A1C_TEST,0.03921521397410485,InComm-sourced,True,ablation_v1
MOCK07585,DIAB_A1C_TEST,0.030509687047412894,InComm-sourced,True,ablation_v1
MOCK07591,DIAB_A1C_TEST,0.024526623166958014,InComm-sourced,True,ablation_v1
MOCK07597,DIAB_A1C_TEST,0.026484489956526223,InComm-sourced,True,ablation_v1
MOCK07603,DIAB_A1C_TEST,0.0445356049721275,InComm-sourced,True,ablation_v1
MOCK07609,DIAB_A1C_TEST,0.014641579496405181,InComm-sourced,True,ablation_v1
MOCK07615,DIAB_A1C_TEST,0.02133043421870691,InComm-sourced,True,ablation_v1
MOCK07621,DIAB_A1C_TEST,0.024266099795698617,InComm-sourced,True,ablation_v1
MOCK07627,DIAB_A1C_TEST,0.052220561261522774,InComm-sourced,True,ablation_v1
MOCK07633,DIAB_A1C_TEST,0.023232708219320494,InComm-sourced,True,ablation_v1
MOCK07639,DIAB_A1C_TEST,0.029651109298741245,InComm-sourced,True,ablation_v1
MOCK07645,DIAB_A1C_TEST,0.03288098307901483,InComm-sourced,True,ablation_v1
MOCK07651,DIAB_A1C_TEST,0.043979462759761154,InComm-sourced,True,ablation_v1
MOCK07657,DIAB_A1C_TEST,0.029957102165398816,InComm-sourced,True,ablation_v1
MOCK07663,DIAB_A1C_TEST,0.027568428210266272,InComm-sourced,True,ablation_v1
MOCK07669,DIAB_A1C_TEST,0.05029112403948772,InComm-sourced,True,ablation_v1
MOCK07675,DIAB_A1C_TEST,0.02622350251685276,InComm-sourced,True,ablation_v1
MOCK07681,DIAB_A1C_TEST,0.030979568904747522,InComm-sourced,True,ablation_v1
MOCK07687,DIAB_A1C_TEST,0.028595079394034734,InComm-sourced,True,ablation_v1
MOCK07693,DIAB_A1C_TEST,0.024048479510533398,InComm-sourced,True,ablation_v1
MOCK07699,DIAB_A1C_TEST,0.03562626716982289,InComm-sourced,True,ablation_v1
MOCK07705,DIAB_A1C_TEST,0.018303793213227806,InComm-sourced,True,ablation_v1
MOCK07711,DIAB_A1C_TEST,0.027371512281824262,InComm-sourced,True,ablation_v1
MOCK07717,DIAB_A1C_TEST,0.026227328528680004,InComm-sourced,True,ablation_v1
MOCK07723,DIAB_A1C_TEST,0.017240688783893482,InComm-sourced,True,ablation_v1
MOCK07729,DIAB_A1C_TEST,0.07523096867807373,InComm-sourced,True,ablation_v1
MOCK07735,DIAB_A1C_TEST,0.030579615979874623,InComm-sourced,True,ablation_v1
MOCK07741,DIAB_A1C_TEST,0.04345499005206948,InComm-sourced,True,ablation_v1
MOCK07747,DIAB_A1C_TEST,0.027245133313787962,InComm-sourced,True,ablation_v1
MOCK07753,DIAB_A1C_TEST,0.0421787086313736,InComm-sourced,True,ablation_v1
MOCK07759,DIAB_A1C_TEST,0.02061526363623356,InComm-sourced,True,ablation_v1
MOCK07765,DIAB_A1C_TEST,0.05102463758804392,InComm-sourced,True,ablation_v1
MOCK07771,DIAB_A1C_TEST,0.04441937702235912,InComm-sourced,True,ablation_v1
MOCK07777,DIAB_A1C_TEST,0.03997224879801385,InComm-sourced,True,ablation_v1
MOCK07783,DIAB_A1C_TEST,0.040805946969470985,InComm-sourced,True,ablation_v1
MOCK07789,DIAB_A1C_TEST,0.05627025434963037,InComm-sourced,True,ablation_v1
MOCK07795,DIAB_A1C_TEST,0.04369800272304341,InComm-sourced,True,ablation_v1
MOCK07801,DIAB_A1C_TEST,0.040133766546797345,InComm-sourced,True,ablation_v1
MOCK07807,DIAB_A1C_TEST,0.028878075695005168,InComm-sourced,True,ablation_v1
MOCK07813,DIAB_A1C_TEST,0.033249542919243695,InComm-sourced,True,ablation_v1
MOCK07819,DIAB_A1C_TEST,0.057320716785151035,InComm-sourced,True,ablation_v1
MOCK07825,DIAB_A1C_TEST,0.026843705984295467,InComm-sourced,True,ablation_v1
MOCK07831,DIAB_A1C_TEST,0.03594231966299779,InComm-sourced,True,ablation_v1
MOCK07837,DIAB_A1C_TEST,0.09879866743376231,InComm-sourced,True,ablation_v1
MOCK07843,DIAB_A1C_TEST,0.056558411111596985,InComm-sourced,True,ablation_v1
MOCK07849,DIAB_A1C_TEST,0.04047565119182697,InComm-sourced,True,ablation_v1
MOCK07855,DIAB_A1C_TEST,0.043221381536582386,InComm-sourced,True,ablation_v1
MOCK07861,DIAB_A1C_TEST,0.026325785514818845,InComm-sourced,True,ablation_v1
MOCK07867,DIAB_A1C_TEST,0.03919448164743008,InComm-sourced,True,ablation_v1
MOCK07873,DIAB_A1C_TEST,0.0387775620305335,InComm-sourced,True,ablation_v1
MOCK07879,DIAB_A1C_TEST,0.1280609729605288,InComm-sourced,True,ablation_v1
MOCK07885,DIAB_A1C_TEST,0.013073526700634544,InComm-sourced,True,ablation_v1
MOCK07891,DIAB_A1C_TEST,0.08509255697965293,InComm-sourced,True,ablation_v1
MOCK07897,DIAB_A1C_TEST,0.020999776668934704,InComm-sourced,True,ablation_v1
MOCK07903,DIAB_A1C_TEST,0.04169129271414494,InComm-sourced,True,ablation_v1
MOCK07909,DIAB_A1C_TEST,0.05302187337965477,InComm-sourced,True,ablation_v1
MOCK07915,DIAB_A1C_TEST,0.020486208519654128,InComm-sourced,True,ablation_v1
MOCK07921,DIAB_A1C_TEST,0.0473163319618598,InComm-sourced,True,ablation_v1
MOCK07927,DIAB_A1C_TEST,0.03975461370625994,InComm-sourced,True,ablation_v1
MOCK07933,DIAB_A1C_TEST,0.0429831213968684,InComm-sourced,True,ablation_v1
MOCK07939,DIAB_A1C_TEST,0.024963520735354454,InComm-sourced,True,ablation_v1
MOCK07945,DIAB_A1C_TEST,0.03604544397102646,InComm-sourced,True,ablation_v1
MOCK07951,DIAB_A1C_TEST,0.03618034538730771,InComm-sourced,True,ablation_v1
MOCK07957,DIAB_A1C_TEST,0.03918889961684051,InComm-sourced,True,ablation_v1
MOCK07963,DIAB_A1C_TEST,0.02116849667242966,InComm-sourced,True,ablation_v1
MOCK07969,DIAB_A1C_TEST,0.04095932517201574,InComm-sourced,True,ablation_v1
MOCK07975,DIAB_A1C_TEST,0.05779442031999253,InComm-sourced,True,ablation_v1
MOCK07981,DIAB_A1C_TEST,0.02949899231237134,InComm-sourced,True,ablation_v1
MOCK07987,DIAB_A1C_TEST,0.07510004021599402,InComm-sourced,True,ablation_v1
MOCK07993,DIAB_A1C_TEST,0.029452695357825468,InComm-sourced,True,ablation_v1
MOCK07999,DIAB_A1C_TEST,0.04166569493961554,InComm-sourced,True,ablation_v1
MOCK08005,DIAB_A1C_TEST,0.027927424550202196,InComm-sourced,True,ablation_v1
MOCK08011,DIAB_A1C_TEST,0.03338450255938343,InComm-sourced,True,ablation_v1
MOCK08017,DIAB_A1C_TEST,0.032793986334234505,InComm-sourced,True,ablation_v1
MOCK08023,DIAB_A1C_TEST,0.062375592598426795,InComm-sourced,True,ablation_v1
MOCK08029,DIAB_A1C_TEST,0.043793835433319904,InComm-sourced,True,ablation_v1
MOCK08035,DIAB_A1C_TEST,0.024479165477467774,InComm-sourced,True,ablation_v1
MOCK08041,DIAB_A1C_TEST,0.026885989202238933,InComm-sourced,True,ablation_v1
MOCK08047,DIAB_A1C_TEST,0.056431315353710106,InComm-sourced,True,ablation_v1
MOCK08053,DIAB_A1C_TEST,0.037953506953525284,InComm-sourced,True,ablation_v1
MOCK08059,DIAB_A1C_TEST,0.05891994300894134,InComm-sourced,True,ablation_v1
MOCK08065,DIAB_A1C_TEST,0.03943126232014097,InComm-sourced,True,ablation_v1
MOCK08071,DIAB_A1C_TEST,0.025201268566876094,InComm-sourced,True,ablation_v1
MOCK08077,DIAB_A1C_TEST,0.0819286224308033,InComm-sourced,True,ablation_v1
MOCK08083,DIAB_A1C_TEST,0.019899482385582406,InComm-sourced,True,ablation_v1
MOCK08089,DIAB_A1C_TEST,0.05741654458335851,InComm-sourced,True,ablation_v1
MOCK08095,DIAB_A1C_TEST,0.053458492952128435,InComm-sourced,True,ablation_v1
MOCK08101,DIAB_A1C_TEST,0.03401617493352852,InComm-sourced,True,ablation_v1
MOCK08107,DIAB_A1C_TEST,0.03363683633076906,InComm-sourced,True,ablation_v1
MOCK08113,DIAB_A1C_TEST,0.1182206588898361,InComm-sourced,True,ablation_v1
MOCK08119,DIAB_A1C_TEST,0.037156044742296286,InComm-sourced,True,ablation_v1
MOCK08125,DIAB_A1C_TEST,0.05114627967791808,InComm-sourced,True,ablation_v1
MOCK08131,DIAB_A1C_TEST,0.06006558055806811,InComm-sourced,True,ablation_v1
MOCK08137,DIAB_A1C_TEST,0.01781692388810538,InComm-sourced,True,ablation_v1
MOCK08143,DIAB_A1C_TEST,0.03681471781612479,InComm-sourced,True,ablation_v1
MOCK08149,DIAB_A1C_TEST,0.07716481052632769,InComm-sourced,True,ablation_v1
MOCK08155,DIAB_A1C_TEST,0.017379543111692163,InComm-sourced,True,ablation_v1
MOCK08161,DIAB_A1C_TEST,0.013862410587737645,InComm-sourced,True,ablation_v1
MOCK08167,DIAB_A1C_TEST,0.02251212937117372,InComm-sourced,True,ablation_v1
MOCK08173,DIAB_A1C_TEST,0.019144498585906784,InComm-sourced,True,ablation_v1
MOCK08179,DIAB_A1C_TEST,0.038284043627608864,InComm-sourced,True,ablation_v1
MOCK08185,DIAB_A1C_TEST,0.03918785067807593,InComm-sourced,True,ablation_v1
MOCK08191,DIAB_A1C_TEST,0.03307143491051498,InComm-sourced,True,ablation_v1
MOCK08197,DIAB_A1C_TEST,0.04051281138628473,InComm-sourced,True,ablation_v1
MOCK08203,DIAB_A1C_TEST,0.040512583659003794,InComm-sourced,True,ablation_v1
MOCK08209,DIAB_A1C_TEST,0.04647189188907377,InComm-sourced,True,ablation_v1
MOCK08215,DIAB_A1C_TEST,0.014088446641732841,InComm-sourced,True,ablation_v1
MOCK08221,DIAB_A1C_TEST,0.053082182325319575,InComm-sourced,True,ablation_v1
MOCK08227,DIAB_A1C_TEST,0.037922691923511886,InComm-sourced,True,ablation_v1
MOCK08233,DIAB_A1C_TEST,0.05305538003984,InComm-sourced,True,ablation_v1
MOCK08239,DIAB_A1C_TEST,0.03445293033799567,InComm-sourced,True,ablation_v1
MOCK08245,DIAB_A1C_TEST,0.031275865213574415,InComm-sourced,True,ablation_v1
MOCK08251,DIAB_A1C_TEST,0.024182648584693118,InComm-sourced,True,ablation_v1
MOCK08257,DIAB_A1C_TEST,0.01923518970058519,InComm-sourced,True,ablation_v1
MOCK08263,DIAB_A1C_TEST,0.0964493841849772,InComm-sourced,True,ablation_v1
MOCK08269,DIAB_A1C_TEST,0.03298466860282795,InComm-sourced,True,ablation_v1
MOCK08275,DIAB_A1C_TEST,0.023976672932131925,InComm-sourced,True,ablation_v1
MOCK08281,DIAB_A1C_TEST,0.026943338748616236,InComm-sourced,True,ablation_v1
MOCK08287,DIAB_A1C_TEST,0.03207294557706646,InComm-sourced,True,ablation_v1
MOCK08293,DIAB_A1C_TEST,0.026050879122750826,InComm-sourced,True,ablation_v1
MOCK08299,DIAB_A1C_TEST,0.022254010265353345,InComm-sourced,True,ablation_v1
MOCK08305,DIAB_A1C_TEST,0.02769981330982733,InComm-sourced,True,ablation_v1
MOCK08311,DIAB_A1C_TEST,0.03047815608611598,InComm-sourced,True,ablation_v1
MOCK08317,DIAB_A1C_TEST,0.046539999592464444,InComm-sourced,True,ablation_v1
MOCK08323,DIAB_A1C_TEST,0.027192746352260693,InComm-sourced,True,ablation_v1
MOCK08329,DIAB_A1C_TEST,0.07676064348949567,InComm-sourced,True,ablation_v1
MOCK08335,DIAB_A1C_TEST,0.03882882695634129,InComm-sourced,True,ablation_v1
MOCK08341,DIAB_A1C_TEST,0.03481553950329149,InComm-sourced,True,ablation_v1
MOCK08347,DIAB_A1C_TEST,0.025369853719909415,InComm-sourced,True,ablation_v1
MOCK08353,DIAB_A1C_TEST,0.022948475324639332,InComm-sourced,True,ablation_v1
MOCK08359,DIAB_A1C_TEST,0.0612834308616158,InComm-sourced,True,ablation_v1
MOCK08365,DIAB_A1C_TEST,0.025677868037307434,InComm-sourced,True,ablation_v1
MOCK08371,DIAB_A1C_TEST,0.01617233384168382,InComm-sourced,True,ablation_v1
MOCK08377,DIAB_A1C_TEST,0.03402556160734119,InComm-sourced,True,ablation_v1
MOCK08383,DIAB_A1C_TEST,0.03765280738709893,InComm-sourced,True,ablation_v1
MOCK08389,DIAB_A1C_TEST,0.028800902506776773,InComm-sourced,True,ablation_v1
MOCK08395,DIAB_A1C_TEST,0.02365788379737457,InComm-sourced,True,ablation_v1
MOCK08401,DIAB_A1C_TEST,0.04737811135511147,InComm-sourced,True,ablation_v1
MOCK08407,DIAB_A1C_TEST,0.01833927358306778,InComm-sourced,True,ablation_v1
MOCK08413,DIAB_A1C_TEST,0.052217710278797444,InComm-sourced,True,ablation_v1
MOCK08419,DIAB_A1C_TEST,0.037779020952687516,InComm-sourced,True,ablation_v1
MOCK08425,DIAB_A1C_TEST,0.032531005758110146,InComm-sourced,True,ablation_v1
MOCK08431,DIAB_A1C_TEST,0.05016676386380583,InComm-sourced,True,ablation_v1
MOCK08437,DIAB_A1C_TEST,0.04597664034829148,InComm-sourced,True,ablation_v1
MOCK08443,DIAB_A1C_TEST,0.04679768244092028,InComm-sourced,True,ablation_v1
MOCK08449,DIAB_A1C_TEST,0.023444893714590503,InComm-sourced,True,ablation_v1
MOCK08455,DIAB_A1C_TEST,0.024808540419805125,InComm-sourced,True,ablation_v1
MOCK08461,DIAB_A1C_TEST,0.03603945495080661,InComm-sourced,True,ablation_v1
MOCK08467,DIAB_A1C_TEST,0.06869300620194409,InComm-sourced,True,ablation_v1
MOCK08473,DIAB_A1C_TEST,0.032553465290244776,InComm-sourced,True,ablation_v1
MOCK08479,DIAB_A1C_TEST,0.06429741380803773,InComm-sourced,True,ablation_v1
MOCK08485,DIAB_A1C_TEST,0.023642455089443355,InComm-sourced,True,ablation_v1
MOCK08491,DIAB_A1C_TEST,0.03177603875692092,InComm-sourced,True,ablation_v1
MOCK08497,DIAB_A1C_TEST,0.03740122099706475,InComm-sourced,True,ablation_v1
MOCK08503,DIAB_A1C_TEST,0.026719502986872253,InComm-sourced,True,ablation_v1
MOCK08509,DIAB_A1C_TEST,0.06589646124418086,InComm-sourced,True,ablation_v1
MOCK08515,DIAB_A1C_TEST,0.022430831697441884,InComm-sourced,True,ablation_v1
MOCK08521,DIAB_A1C_TEST,0.06439967908209712,InComm-sourced,True,ablation_v1
MOCK08527,DIAB_A1C_TEST,0.04114871864396877,InComm-sourced,True,ablation_v1
MOCK08533,DIAB_A1C_TEST,0.023730293773642712,InComm-sourced,True,ablation_v1
MOCK08539,DIAB_A1C_TEST,0.04268484305979777,InComm-sourced,True,ablation_v1
MOCK08545,DIAB_A1C_TEST,0.028743346098625555,InComm-sourced,True,ablation_v1
MOCK08551,DIAB_A1C_TEST,0.0720219212262606,InComm-sourced,True,ablation_v1
MOCK08557,DIAB_A1C_TEST,0.036952144082697994,InComm-sourced,True,ablation_v1
MOCK08563,DIAB_A1C_TEST,0.04649156794605693,InComm-sourced,True,ablation_v1
MOCK08569,DIAB_A1C_TEST,0.036018046522743825,InComm-sourced,True,ablation_v1
MOCK08575,DIAB_A1C_TEST,0.03850194057412739,InComm-sourced,True,ablation_v1
MOCK08581,DIAB_A1C_TEST,0.03943701380502772,InComm-sourced,True,ablation_v1
MOCK08587,DIAB_A1C_TEST,0.05663691084208349,InComm-sourced,True,ablation_v1
MOCK08593,DIAB_A1C_TEST,0.024140104063741646,InComm-sourced,True,ablation_v1
MOCK08599,DIAB_A1C_TEST,0.0534888876068805,InComm-sourced,True,ablation_v1
MOCK08605,DIAB_A1C_TEST,0.02702104141754647,InComm-sourced,True,ablation_v1
MOCK08611,DIAB_A1C_TEST,0.03538096277107615,InComm-sourced,True,ablation_v1
MOCK08617,DIAB_A1C_TEST,0.04023059765891414,InComm-sourced,True,ablation_v1
MOCK08623,DIAB_A1C_TEST,0.02683074607198512,InComm-sourced,True,ablation_v1
MOCK08629,DIAB_A1C_TEST,0.033937127257075074,InComm-sourced,True,ablation_v1
MOCK08635,DIAB_A1C_TEST,0.03209452737809824,InComm-sourced,True,ablation_v1
MOCK08641,DIAB_A1C_TEST,0.01863649894182807,InComm-sourced,True,ablation_v1
MOCK08647,DIAB_A1C_TEST,0.04522982104370627,InComm-sourced,True,ablation_v1
MOCK08653,DIAB_A1C_TEST,0.01887417747054317,InComm-sourced,True,ablation_v1
MOCK08659,DIAB_A1C_TEST,0.03736652341424303,InComm-sourced,True,ablation_v1
MOCK08665,DIAB_A1C_TEST,0.049057439661284674,InComm-sourced,True,ablation_v1
MOCK08671,DIAB_A1C_TEST,0.029217582294928216,InComm-sourced,True,ablation_v1
MOCK08677,DIAB_A1C_TEST,0.026496521079499506,InComm-sourced,True,ablation_v1
MOCK08683,DIAB_A1C_TEST,0.019631530802043433,InComm-sourced,True,ablation_v1
MOCK08689,DIAB_A1C_TEST,0.03932881624630622,InComm-sourced,True,ablation_v1
MOCK08695,DIAB_A1C_TEST,0.04067739189462853,InComm-sourced,True,ablation_v1
MOCK08701,DIAB_A1C_TEST,0.07212148898550037,InComm-sourced,True,ablation_v1
MOCK08707,DIAB_A1C_TEST,0.03443924887443303,InComm-sourced,True,ablation_v1
MOCK08713,DIAB_A1C_TEST,0.035228899986446495,InComm-sourced,True,ablation_v1
MOCK08719,DIAB_A1C_TEST,0.0531917648157524,InComm-sourced,True,ablation_v1
MOCK08725,DIAB_A1C_TEST,0.06698889971389996,InComm-sourced,True,ablation_v1
MOCK08731,DIAB_A1C_TEST,0.044770432489211226,InComm-sourced,True,ablation_v1
MOCK08737,DIAB_A1C_TEST,0.029898569473413447,InComm-sourced,True,ablation_v1
MOCK08743,DIAB_A1C_TEST,0.041041715278804854,InComm-sourced,True,ablation_v1
MOCK08749,DIAB_A1C_TEST,0.021080537080020622,InComm-sourced,True,ablation_v1
MOCK08755,DIAB_A1C_TEST,0.025915419572934827,InComm-sourced,True,ablation_v1
MOCK08761,DIAB_A1C_TEST,0.02601804468999415,InComm-sourced,True,ablation_v1
MOCK08767,DIAB_A1C_TEST,0.023866646073722884,InComm-sourced,True,ablation_v1
MOCK08773,DIAB_A1C_TEST,0.06520067229272156,InComm-sourced,True,ablation_v1
MOCK08779,DIAB_A1C_TEST,0.023679237322058278,InComm-sourced,True,ablation_v1
MOCK08785,DIAB_A1C_TEST,0.04233319508651738,InComm-sourced,True,ablation_v1
MOCK08791,DIAB_A1C_TEST,0.03252507363471678,InComm-sourced,True,ablation_v1
MOCK08797,DIAB_A1C_TEST,0.025529011879865348,InComm-sourced,True,ablation_v1
MOCK08803,DIAB_A1C_TEST,0.03762026332649633,InComm-sourced,True,ablation_v1
MOCK08809,DIAB_A1C_TEST,0.0589007896631396,InComm-sourced,True,ablation_v1
MOCK08815,DIAB_A1C_TEST,0.01623277847398567,InComm-sourced,True,ablation_v1
MOCK08821,DIAB_A1C_TEST,0.024359759743762054,InComm-sourced,True,ablation_v1
MOCK08827,DIAB_A1C_TEST,0.029856945276494826,InComm-sourced,True,ablation_v1
MOCK08833,DIAB_A1C_TEST,0.042950370759181046,InComm-sourced,True,ablation_v1
MOCK08839,DIAB_A1C_TEST,0.03326190405586012,InComm-sourced,True,ablation_v1
MOCK08845,DIAB_A1C_TEST,0.015203947632280952,InComm-sourced,True,ablation_v1
MOCK08851,DIAB_A1C_TEST,0.030627206113691154,InComm-sourced,True,ablation_v1
MOCK08857,DIAB_A1C_TEST,0.04032798285295783,InComm-sourced,True,ablation_v1
MOCK08863,DIAB_A1C_TEST,0.0704279900989343,InComm-sourced,True,ablation_v1
MOCK08869,DIAB_A1C_TEST,0.028259573706673202,InComm-sourced,True,ablation_v1
MOCK08875,DIAB_A1C_TEST,0.023923574169928827,InComm-sourced,True,ablation_v1
MOCK08881,DIAB_A1C_TEST,0.027778672648788392,InComm-sourced,True,ablation_v1
MOCK08887,DIAB_A1C_TEST,0.0463154124173614,InComm-sourced,True,ablation_v1
MOCK08893,DIAB_A1C_TEST,0.05270829104691959,InComm-sourced,True,ablation_v1
MOCK08899,DIAB_A1C_TEST,0.04366203772733322,InComm-sourced,True,ablation_v1
MOCK08905,DIAB_A1C_TEST,0.02178361860375758,InComm-sourced,True,ablation_v1
MOCK08911,DIAB_A1C_TEST,0.02757571332625174,InComm-sourced,True,ablation_v1
MOCK08917,DIAB_A1C_TEST,0.05013960011077315,InComm-sourced,True,ablation_v1
MOCK08923,DIAB_A1C_TEST,0.036590681294153396,InComm-sourced,True,ablation_v1
MOCK08929,DIAB_A1C_TEST,0.04677784285692282,InComm-sourced,True,ablation_v1
MOCK08935,DIAB_A1C_TEST,0.0306038009611248,InComm-sourced,True,ablation_v1
MOCK08941,DIAB_A1C_TEST,0.023305279980177483,InComm-sourced,True,ablation_v1
MOCK08947,DIAB_A1C_TEST,0.03287892570582721,InComm-sourced,True,ablation_v1
MOCK08953,DIAB_A1C_TEST,0.0710332942106854,InComm-sourced,True,ablation_v1
MOCK08959,DIAB_A1C_TEST,0.024908974643383167,InComm-sourced,True,ablation_v1
MOCK08965,DIAB_A1C_TEST,0.04743805018962979,InComm-sourced,True,ablation_v1
MOCK08971,DIAB_A1C_TEST,0.05556783039573662,InComm-sourced,True,ablation_v1
MOCK08977,DIAB_A1C_TEST,0.031128152465652356,InComm-sourced,True,ablation_v1
MOCK08983,DIAB_A1C_TEST,0.021082526444435746,InComm-sourced,True,ablation_v1
MOCK08989,DIAB_A1C_TEST,0.027589774637913112,InComm-sourced,True,ablation_v1
MOCK08995,DIAB_A1C_TEST,0.0391771445211708,InComm-sourced,True,ablation_v1
MOCK09001,DIAB_A1C_TEST,0.04123780068188649,InComm-sourced,True,ablation_v1
MOCK09007,DIAB_A1C_TEST,0.030992475970380323,InComm-sourced,True,ablation_v1
MOCK09013,DIAB_A1C_TEST,0.04174506206010935,InComm-sourced,True,ablation_v1
MOCK09019,DIAB_A1C_TEST,0.02499136729560216,InComm-sourced,True,ablation_v1
MOCK09025,DIAB_A1C_TEST,0.04099825894576526,InComm-sourced,True,ablation_v1
MOCK09031,DIAB_A1C_TEST,0.0462489137851658,InComm-sourced,True,ablation_v1
MOCK09037,DIAB_A1C_TEST,0.05411027870860035,InComm-sourced,True,ablation_v1
MOCK09043,DIAB_A1C_TEST,0.0316607469319837,InComm-sourced,True,ablation_v1
MOCK09049,DIAB_A1C_TEST,0.02700090350630897,InComm-sourced,True,ablation_v1
MOCK09055,DIAB_A1C_TEST,0.0357246796557954,InComm-sourced,True,ablation_v1
MOCK09061,DIAB_A1C_TEST,0.02321837239868813,InComm-sourced,True,ablation_v1
MOCK09067,DIAB_A1C_TEST,0.060279361358340645,InComm-sourced,True,ablation_v1
MOCK09073,DIAB_A1C_TEST,0.06348233841623747,InComm-sourced,True,ablation_v1
MOCK09079,DIAB_A1C_TEST,0.03159342058384421,InComm-sourced,True,ablation_v1
MOCK09085,DIAB_A1C_TEST,0.0749069377819824,InComm-sourced,True,ablation_v1
MOCK09091,DIAB_A1C_TEST,0.029237637440992486,InComm-sourced,True,ablation_v1
MOCK09097,DIAB_A1C_TEST,0.09099211077157138,InComm-sourced,True,ablation_v1
MOCK09103,DIAB_A1C_TEST,0.030446240763299527,InComm-sourced,True,ablation_v1
MOCK09109,DIAB_A1C_TEST,0.03806408511552603,InComm-sourced,True,ablation_v1
MOCK09115,DIAB_A1C_TEST,0.026636553517564266,InComm-sourced,True,ablation_v1
MOCK09121,DIAB_A1C_TEST,0.02223955980782537,InComm-sourced,True,ablation_v1
MOCK09127,DIAB_A1C_TEST,0.030134885928994107,InComm-sourced,True,ablation_v1
MOCK09133,DIAB_A1C_TEST,0.0404706097877515,InComm-sourced,True,ablation_v1
MOCK09139,DIAB_A1C_TEST,0.027316657926835484,InComm-sourced,True,ablation_v1
MOCK09145,DIAB_A1C_TEST,0.021431787512341424,InComm-sourced,True,ablation_v1
MOCK09151,DIAB_A1C_TEST,0.04730974131432836,InComm-sourced,True,ablation_v1
MOCK09157,DIAB_A1C_TEST,0.020136322347994458,InComm-sourced,True,ablation_v1
MOCK09163,DIAB_A1C_TEST,0.022970937953568096,InComm-sourced,True,ablation_v1
MOCK09169,DIAB_A1C_TEST,0.03504071765401062,InComm-sourced,True,ablation_v1
MOCK09175,DIAB_A1C_TEST,0.04083191817872384,InComm-sourced,True,ablation_v1
MOCK09181,DIAB_A1C_TEST,0.034223652520779996,InComm-sourced,True,ablation_v1
MOCK09187,DIAB_A1C_TEST,0.02435343878740046,InComm-sourced,True,ablation_v1
MOCK09193,DIAB_A1C_TEST,0.044950612190868676,InComm-sourced,True,ablation_v1
MOCK09199,DIAB_A1C_TEST,0.02472432189815732,InComm-sourced,True,ablation_v1
MOCK09205,DIAB_A1C_TEST,0.019427127970700675,InComm-sourced,True,ablation_v1
MOCK09211,DIAB_A1C_TEST,0.022272884870262993,InComm-sourced,True,ablation_v1
MOCK09217,DIAB_A1C_TEST,0.034133453445022006,InComm-sourced,True,ablation_v1
MOCK09223,DIAB_A1C_TEST,0.03184126044570783,InComm-sourced,True,ablation_v1
MOCK09229,DIAB_A1C_TEST,0.028262576265494627,InComm-sourced,True,ablation_v1
MOCK09235,DIAB_A1C_TEST,0.015720697964717638,InComm-sourced,True,ablation_v1
MOCK09241,DIAB_A1C_TEST,0.024552955314608896,InComm-sourced,True,ablation_v1
MOCK09247,DIAB_A1C_TEST,0.041938055593863606,InComm-sourced,True,ablation_v1
MOCK09253,DIAB_A1C_TEST,0.02722391278453138,InComm-sourced,True,ablation_v1
MOCK09259,DIAB_A1C_TEST,0.04557140022117986,InComm-sourced,True,ablation_v1
MOCK09265,DIAB_A1C_TEST,0.030079606842392814,InComm-sourced,True,ablation_v1
MOCK09271,DIAB_A1C_TEST,0.024752522479746516,InComm-sourced,True,ablation_v1
MOCK09277,DIAB_A1C_TEST,0.045859151642466504,InComm-sourced,True,ablation_v1
MOCK09283,DIAB_A1C_TEST,0.042177700894512136,InComm-sourced,True,ablation_v1
MOCK09289,DIAB_A1C_TEST,0.07699912948984446,InComm-sourced,True,ablation_v1
MOCK09295,DIAB_A1C_TEST,0.02574662052853729,InComm-sourced,True,ablation_v1
MOCK09301,DIAB_A1C_TEST,0.05121762660238868,InComm-sourced,True,ablation_v1
MOCK09307,DIAB_A1C_TEST,0.02966827741618706,InComm-sourced,True,ablation_v1
MOCK09313,DIAB_A1C_TEST,0.02414526305669807,InComm-sourced,True,ablation_v1
MOCK09319,DIAB_A1C_TEST,0.027341475979695887,InComm-sourced,True,ablation_v1
MOCK09325,DIAB_A1C_TEST,0.015538492561951112,InComm-sourced,True,ablation_v1
MOCK09331,DIAB_A1C_TEST,0.02362816578157854,InComm-sourced,True,ablation_v1
MOCK09337,DIAB_A1C_TEST,0.016897535561021033,InComm-sourced,True,ablation_v1
MOCK09343,DIAB_A1C_TEST,0.03420540840730867,InComm-sourced,True,ablation_v1
MOCK09349,DIAB_A1C_TEST,0.021377316675624494,InComm-sourced,True,ablation_v1
MOCK09355,DIAB_A1C_TEST,0.017864715700529648,InComm-sourced,True,ablation_v1
MOCK09361,DIAB_A1C_TEST,0.02344765990434021,InComm-sourced,True,ablation_v1
MOCK09367,DIAB_A1C_TEST,0.02788369563284875,InComm-sourced,True,ablation_v1
MOCK09373,DIAB_A1C_TEST,0.07844386354769262,InComm-sourced,True,ablation_v1
MOCK09379,DIAB_A1C_TEST,0.031350299661201946,InComm-sourced,True,ablation_v1
MOCK09385,DIAB_A1C_TEST,0.01939000232180842,InComm-sourced,True,ablation_v1
MOCK09391,DIAB_A1C_TEST,0.03658820081725166,InComm-sourced,True,ablation_v1
MOCK09397,DIAB_A1C_TEST,0.025158265537267147,InComm-sourced,True,ablation_v1
MOCK09403,DIAB_A1C_TEST,0.030515903524127204,InComm-sourced,True,ablation_v1
MOCK09409,DIAB_A1C_TEST,0.07411470779210798,InComm-sourced,True,ablation_v1
MOCK09415,DIAB_A1C_TEST,0.024386621427956095,InComm-sourced,True,ablation_v1
MOCK09421,DIAB_A1C_TEST,0.03278714961184436,InComm-sourced,True,ablation_v1
MOCK09427,DIAB_A1C_TEST,0.0492893576370863,InComm-sourced,True,ablation_v1
MOCK09433,DIAB_A1C_TEST,0.027293908088703824,InComm-sourced,True,ablation_v1
MOCK09439,DIAB_A1C_TEST,0.052136808018044094,InComm-sourced,True,ablation_v1
MOCK09445,DIAB_A1C_TEST,0.025375953818285946,InComm-sourced,True,ablation_v1
MOCK09451,DIAB_A1C_TEST,0.03651143690894969,InComm-sourced,True,ablation_v1
MOCK09457,DIAB_A1C_TEST,0.03183968254808003,InComm-sourced,True,ablation_v1
MOCK09463,DIAB_A1C_TEST,0.053746399318523555,InComm-sourced,True,ablation_v1
MOCK09469,DIAB_A1C_TEST,0.02332741655948985,InComm-sourced,True,ablation_v1
MOCK09475,DIAB_A1C_TEST,0.02617867337038397,InComm-sourced,True,ablation_v1
MOCK09481,DIAB_A1C_TEST,0.04785414932607062,InComm-sourced,True,ablation_v1
MOCK09487,DIAB_A1C_TEST,0.03646455281928273,InComm-sourced,True,ablation_v1
MOCK09493,DIAB_A1C_TEST,0.030378181967128656,InComm-sourced,True,ablation_v1
MOCK09499,DIAB_A1C_TEST,0.04410757736495992,InComm-sourced,True,ablation_v1
MOCK09505,DIAB_A1C_TEST,0.024236441485550524,InComm-sourced,True,ablation_v1
MOCK09511,DIAB_A1C_TEST,0.0270546489791943,InComm-sourced,True,ablation_v1
MOCK09517,DIAB_A1C_TEST,0.044002106510066294,InComm-sourced,True,ablation_v1
MOCK09523,DIAB_A1C_TEST,0.03261911329570192,InComm-sourced,True,ablation_v1
MOCK09529,DIAB_A1C_TEST,0.03361201658676888,InComm-sourced,True,ablation_v1
MOCK09535,DIAB_A1C_TEST,0.028129895523017475,InComm-sourced,True,ablation_v1
MOCK09541,DIAB_A1C_TEST,0.026400502111536137,InComm-sourced,True,ablation_v1
MOCK09547,DIAB_A1C_TEST,0.03644566135157729,InComm-sourced,True,ablation_v1
MOCK09553,DIAB_A1C_TEST,0.025419930962150228,InComm-sourced,True,ablation_v1
MOCK09559,DIAB_A1C_TEST,0.032799869994557626,InComm-sourced,True,ablation_v1
MOCK09565,DIAB_A1C_TEST,0.023067005552119286,InComm-sourced,True,ablation_v1
MOCK09571,DIAB_A1C_TEST,0.0406537456971486,InComm-sourced,True,ablation_v1
MOCK09577,DIAB_A1C_TEST,0.03257713622537241,InComm-sourced,True,ablation_v1
MOCK09583,DIAB_A1C_TEST,0.0406453477227224,InComm-sourced,True,ablation_v1
MOCK09589,DIAB_A1C_TEST,0.07602056800397002,InComm-sourced,True,ablation_v1
MOCK09595,DIAB_A1C_TEST,0.02203640255050375,InComm-sourced,True,ablation_v1
MOCK09601,DIAB_A1C_TEST,0.021699855327552555,InComm-sourced,True,ablation_v1
MOCK09607,DIAB_A1C_TEST,0.029385379968434024,InComm-sourced,True,ablation_v1
MOCK09613,DIAB_A1C_TEST,0.034319613656003216,InComm-sourced,True,ablation_v1
MOCK09619,DIAB_A1C_TEST,0.03428033576471244,InComm-sourced,True,ablation_v1
MOCK09625,DIAB_A1C_TEST,0.03239415020270131,InComm-sourced,True,ablation_v1
MOCK09631,DIAB_A1C_TEST,0.05973634992403568,InComm-sourced,True,ablation_v1
MOCK09637,DIAB_A1C_TEST,0.04007032628506715,InComm-sourced,True,ablation_v1
MOCK09643,DIAB_A1C_TEST,0.031689717896665505,InComm-sourced,True,ablation_v1
MOCK09649,DIAB_A1C_TEST,0.0321353223675248,InComm-sourced,True,ablation_v1
MOCK09655,DIAB_A1C_TEST,0.019528599256514213,InComm-sourced,True,ablation_v1
MOCK09661,DIAB_A1C_TEST,0.024484075014774162,InComm-sourced,True,ablation_v1
MOCK09667,DIAB_A1C_TEST,0.017101962213003554,InComm-sourced,True,ablation_v1
MOCK09673,DIAB_A1C_TEST,0.04275314757306259,InComm-sourced,True,ablation_v1
MOCK09679,DIAB_A1C_TEST,0.026748268359467437,InComm-sourced,True,ablation_v1
MOCK09685,DIAB_A1C_TEST,0.027125163809908013,InComm-sourced,True,ablation_v1
MOCK09691,DIAB_A1C_TEST,0.017236176253007527,InComm-sourced,True,ablation_v1
MOCK09697,DIAB_A1C_TEST,0.025308709924901095,InComm-sourced,True,ablation_v1
MOCK09703,DIAB_A1C_TEST,0.03251227653056952,InComm-sourced,True,ablation_v1
MOCK09709,DIAB_A1C_TEST,0.03456059237380701,InComm-sourced,True,ablation_v1
MOCK09715,DIAB_A1C_TEST,0.024836042003167875,InComm-sourced,True,ablation_v1
MOCK09721,DIAB_A1C_TEST,0.07655053854931025,InComm-sourced,True,ablation_v1
MOCK09727,DIAB_A1C_TEST,0.027341883977272392,InComm-sourced,True,ablation_v1
MOCK09733,DIAB_A1C_TEST,0.044931430953484446,InComm-sourced,True,ablation_v1
MOCK09739,DIAB_A1C_TEST,0.035560898423089946,InComm-sourced,True,ablation_v1
MOCK09745,DIAB_A1C_TEST,0.039427117396325616,InComm-sourced,True,ablation_v1
MOCK09751,DIAB_A1C_TEST,0.01889372603441568,InComm-sourced,True,ablation_v1
MOCK09757,DIAB_A1C_TEST,0.02494419111167141,InComm-sourced,True,ablation_v1
MOCK09763,DIAB_A1C_TEST,0.04007677515317247,InComm-sourced,True,ablation_v1
MOCK09769,DIAB_A1C_TEST,0.0452860865796097,InComm-sourced,True,ablation_v1
MOCK09775,DIAB_A1C_TEST,0.028150571487470157,InComm-sourced,True,ablation_v1
MOCK09781,DIAB_A1C_TEST,0.02627591960858559,InComm-sourced,True,ablation_v1
MOCK09787,DIAB_A1C_TEST,0.042526917827312334,InComm-sourced,True,ablation_v1
MOCK09793,DIAB_A1C_TEST,0.052048427113615216,InComm-sourced,True,ablation_v1
MOCK09799,DIAB_A1C_TEST,0.03618371050001233,InComm-sourced,True,ablation_v1
MOCK09805,DIAB_A1C_TEST,0.028924011323650366,InComm-sourced,True,ablation_v1
MOCK09811,DIAB_A1C_TEST,0.03310173235768095,InComm-sourced,True,ablation_v1
MOCK09817,DIAB_A1C_TEST,0.02001159650355944,InComm-sourced,True,ablation_v1
MOCK09823,DIAB_A1C_TEST,0.05795770560328882,InComm-sourced,True,ablation_v1
MOCK09829,DIAB_A1C_TEST,0.035788889771334105,InComm-sourced,True,ablation_v1
MOCK09835,DIAB_A1C_TEST,0.035145517508762616,InComm-sourced,True,ablation_v1
MOCK09841,DIAB_A1C_TEST,0.0286297465533057,InComm-sourced,True,ablation_v1
MOCK09847,DIAB_A1C_TEST,0.03273156465703531,InComm-sourced,True,ablation_v1
MOCK09853,DIAB_A1C_TEST,0.03281914081454505,InComm-sourced,True,ablation_v1
MOCK09859,DIAB_A1C_TEST,0.06511956614727396,InComm-sourced,True,ablation_v1
MOCK09865,DIAB_A1C_TEST,0.0375001990395333,InComm-sourced,True,ablation_v1
MOCK09871,DIAB_A1C_TEST,0.02296845359636621,InComm-sourced,True,ablation_v1
MOCK09877,DIAB_A1C_TEST,0.040304885460219396,InComm-sourced,True,ablation_v1
MOCK09883,DIAB_A1C_TEST,0.02795335417424167,InComm-sourced,True,ablation_v1
MOCK09889,DIAB_A1C_TEST,0.04079645699204916,InComm-sourced,True,ablation_v1
MOCK09895,DIAB_A1C_TEST,0.05043000831152933,InComm-sourced,True,ablation_v1
MOCK09901,DIAB_A1C_TEST,0.019769936818390357,InComm-sourced,True,ablation_v1
MOCK09907,DIAB_A1C_TEST,0.03267657856487849,InComm-sourced,True,ablation_v1
MOCK09913,DIAB_A1C_TEST,0.034921430335420375,InComm-sourced,True,ablation_v1
MOCK09919,DIAB_A1C_TEST,0.0816173725434207,InComm-sourced,True,ablation_v1
MOCK09925,DIAB_A1C_TEST,0.03493502770813563,InComm-sourced,True,ablation_v1
MOCK09931,DIAB_A1C_TEST,0.015535669577995476,InComm-sourced,True,ablation_v1
MOCK09937,DIAB_A1C_TEST,0.03078142901457528,InComm-sourced,True,ablation_v1
MOCK09943,DIAB_A1C_TEST,0.035933689847174224,InComm-sourced,True,ablation_v1
MOCK09949,DIAB_A1C_TEST,0.022747811343750025,InComm-sourced,True,ablation_v1
MOCK09955,DIAB_A1C_TEST,0.05214441886526486,InComm-sourced,True,ablation_v1
MOCK09961,DIAB_A1C_TEST,0.03184584009953494,InComm-sourced,True,ablation_v1
MOCK09967,DIAB_A1C_TEST,0.021932877444376903,InComm-sourced,True,ablation_v1
MOCK09973,DIAB_A1C_TEST,0.02847496594958328,InComm-sourced,True,ablation_v1
MOCK09979,DIAB_A1C_TEST,0.0932139859475831,InComm-sourced,True,ablation_v1
MOCK09985,DIAB_A1C_TEST,0.02982729932925136,InComm-sourced,True,ablation_v1
MOCK09991,DIAB_A1C_TEST,0.02481557625805462,InComm-sourced,True,ablation_v1
MOCK09997,DIAB_A1C_TEST,0.023364686249583565,InComm-sourced,True,ablation_v1
MOCK00001,DIAB_EYE_EXAM,0.0215109960498354,InComm-sourced,True,ablation_v1
MOCK00007,DIAB_EYE_EXAM,0.021829326606712097,InComm-sourced,True,ablation_v1
MOCK00013,DIAB_EYE_EXAM,0.037224740644004356,InComm-sourced,True,ablation_v1
MOCK00019,DIAB_EYE_EXAM,0.049000750943783464,InComm-sourced,True,ablation_v1
MOCK00025,DIAB_EYE_EXAM,0.02397416964944733,InComm-sourced,True,ablation_v1
MOCK00031,DIAB_EYE_EXAM,0.035699029396078365,InComm-sourced,True,ablation_v1
MOCK00037,DIAB_EYE_EXAM,0.031208591988992024,InComm-sourced,True,ablation_v1
MOCK00043,DIAB_EYE_EXAM,0.04096021054517081,InComm-sourced,True,ablation_v1
MOCK00049,DIAB_EYE_EXAM,0.040750084327526435,InComm-sourced,True,ablation_v1
MOCK00055,DIAB_EYE_EXAM,0.02260041047527026,InComm-sourced,True,ablation_v1
MOCK00061,DIAB_EYE_EXAM,0.0593777425906878,InComm-sourced,True,ablation_v1
MOCK00067,DIAB_EYE_EXAM,0.023234292827218325,InComm-sourced,True,ablation_v1
MOCK00073,DIAB_EYE_EXAM,0.05849395956796988,InComm-sourced,True,ablation_v1
MOCK00079,DIAB_EYE_EXAM,0.04784895756093078,InComm-sourced,True,ablation_v1
MOCK00085,DIAB_EYE_EXAM,0.04623647691168687,InComm-sourced,True,ablation_v1
MOCK00091,DIAB_EYE_EXAM,0.026567357527155663,InComm-sourced,True,ablation_v1
MOCK00097,DIAB_EYE_EXAM,0.03300849253895822,InComm-sourced,True,ablation_v1
MOCK00103,DIAB_EYE_EXAM,0.020797105718504162,InComm-sourced,True,ablation_v1
MOCK00109,DIAB_EYE_EXAM,0.029942532751954784,InComm-sourced,True,ablation_v1
MOCK00115,DIAB_EYE_EXAM,0.04779744255861929,InComm-sourced,True,ablation_v1
MOCK00121,DIAB_EYE_EXAM,0.03400887991416283,InComm-sourced,True,ablation_v1
MOCK00127,DIAB_EYE_EXAM,0.02766300123605191,InComm-sourced,True,ablation_v1
MOCK00133,DIAB_EYE_EXAM,0.026991945673221322,InComm-sourced,True,ablation_v1
MOCK00139,DIAB_EYE_EXAM,0.05933911502859345,InComm-sourced,True,ablation_v1
MOCK00145,DIAB_EYE_EXAM,0.05366354485619543,InComm-sourced,True,ablation_v1
MOCK00151,DIAB_EYE_EXAM,0.040865980932904146,InComm-sourced,True,ablation_v1
MOCK00157,DIAB_EYE_EXAM,0.0437652722329096,InComm-sourced,True,ablation_v1
MOCK00163,DIAB_EYE_EXAM,0.02674771944670009,InComm-sourced,True,ablation_v1
MOCK00169,DIAB_EYE_EXAM,0.03360229148202202,InComm-sourced,True,ablation_v1
MOCK00175,DIAB_EYE_EXAM,0.03140915277162073,InComm-sourced,True,ablation_v1
MOCK00181,DIAB_EYE_EXAM,0.030093660108882887,InComm-sourced,True,ablation_v1
MOCK00187,DIAB_EYE_EXAM,0.033825884299393955,InComm-sourced,True,ablation_v1
MOCK00193,DIAB_EYE_EXAM,0.0181924069993399,InComm-sourced,True,ablation_v1
MOCK00199,DIAB_EYE_EXAM,0.03101389287102374,InComm-sourced,True,ablation_v1
MOCK00205,DIAB_EYE_EXAM,0.028087887646232525,InComm-sourced,True,ablation_v1
MOCK00211,DIAB_EYE_EXAM,0.020636389741529735,InComm-sourced,True,ablation_v1
MOCK00217,DIAB_EYE_EXAM,0.02227640786829064,InComm-sourced,True,ablation_v1
MOCK00223,DIAB_EYE_EXAM,0.034223735752181524,InComm-sourced,True,ablation_v1
MOCK00229,DIAB_EYE_EXAM,0.04573619347879033,InComm-sourced,True,ablation_v1
MOCK00235,DIAB_EYE_EXAM,0.019817782296938126,InComm-sourced,True,ablation_v1
MOCK00241,DIAB_EYE_EXAM,0.048011173357579005,InComm-sourced,True,ablation_v1
MOCK00247,DIAB_EYE_EXAM,0.044843796664003524,InComm-sourced,True,ablation_v1
MOCK00253,DIAB_EYE_EXAM,0.036366750447653765,InComm-sourced,True,ablation_v1
MOCK00259,DIAB_EYE_EXAM,0.023303457403686036,InComm-sourced,True,ablation_v1
MOCK00265,DIAB_EYE_EXAM,0.02356033937703068,InComm-sourced,True,ablation_v1
MOCK00271,DIAB_EYE_EXAM,0.03763830270058608,InComm-sourced,True,ablation_v1
MOCK00277,DIAB_EYE_EXAM,0.044925232991561176,InComm-sourced,True,ablation_v1
MOCK00283,DIAB_EYE_EXAM,0.0294681864205006,InComm-sourced,True,ablation_v1
MOCK00289,DIAB_EYE_EXAM,0.061828533418554835,InComm-sourced,True,ablation_v1
MOCK00295,DIAB_EYE_EXAM,0.058913491385901295,InComm-sourced,True,ablation_v1
MOCK00301,DIAB_EYE_EXAM,0.024015870724774513,InComm-sourced,True,ablation_v1
MOCK00307,DIAB_EYE_EXAM,0.05352080142519831,InComm-sourced,True,ablation_v1
MOCK00313,DIAB_EYE_EXAM,0.048566379895737886,InComm-sourced,True,ablation_v1
MOCK00319,DIAB_EYE_EXAM,0.03433435817698357,InComm-sourced,True,ablation_v1
MOCK00325,DIAB_EYE_EXAM,0.038022321578684855,InComm-sourced,True,ablation_v1
MOCK00331,DIAB_EYE_EXAM,0.06149305370007961,InComm-sourced,True,ablation_v1
MOCK00337,DIAB_EYE_EXAM,0.030993154519544066,InComm-sourced,True,ablation_v1
MOCK00343,DIAB_EYE_EXAM,0.04149845181848041,InComm-sourced,True,ablation_v1
MOCK00349,DIAB_EYE_EXAM,0.06816516711568844,InComm-sourced,True,ablation_v1
MOCK00355,DIAB_EYE_EXAM,0.01797960107696552,InComm-sourced,True,ablation_v1
MOCK00361,DIAB_EYE_EXAM,0.024947849758907754,InComm-sourced,True,ablation_v1
MOCK00367,DIAB_EYE_EXAM,0.06839185750254594,InComm-sourced,True,ablation_v1
MOCK00373,DIAB_EYE_EXAM,0.029851801364659203,InComm-sourced,True,ablation_v1
MOCK00379,DIAB_EYE_EXAM,0.03091108397840898,InComm-sourced,True,ablation_v1
MOCK00385,DIAB_EYE_EXAM,0.028503572669677367,InComm-sourced,True,ablation_v1
MOCK00391,DIAB_EYE_EXAM,0.02081631983254229,InComm-sourced,True,ablation_v1
MOCK00397,DIAB_EYE_EXAM,0.03889882384827655,InComm-sourced,True,ablation_v1
MOCK00403,DIAB_EYE_EXAM,0.0319927657967655,InComm-sourced,True,ablation_v1
MOCK00409,DIAB_EYE_EXAM,0.027415213400684396,InComm-sourced,True,ablation_v1
MOCK00415,DIAB_EYE_EXAM,0.023522931425291833,InComm-sourced,True,ablation_v1
MOCK00421,DIAB_EYE_EXAM,0.055059154894420474,InComm-sourced,True,ablation_v1
MOCK00427,DIAB_EYE_EXAM,0.02894308684861116,InComm-sourced,True,ablation_v1
MOCK00433,DIAB_EYE_EXAM,0.022629489410683167,InComm-sourced,True,ablation_v1
MOCK00439,DIAB_EYE_EXAM,0.03758215625388583,InComm-sourced,True,ablation_v1
MOCK00445,DIAB_EYE_EXAM,0.02099045803171709,InComm-sourced,True,ablation_v1
MOCK00451,DIAB_EYE_EXAM,0.051554196069019995,InComm-sourced,True,ablation_v1
MOCK00457,DIAB_EYE_EXAM,0.028812548520173224,InComm-sourced,True,ablation_v1
MOCK00463,DIAB_EYE_EXAM,0.01994735550709623,InComm-sourced,True,ablation_v1
MOCK00469,DIAB_EYE_EXAM,0.04597005011789119,InComm-sourced,True,ablation_v1
MOCK00475,DIAB_EYE_EXAM,0.02656884214321785,InComm-sourced,True,ablation_v1
MOCK00481,DIAB_EYE_EXAM,0.0523438249306675,InComm-sourced,True,ablation_v1
MOCK00487,DIAB_EYE_EXAM,0.05003832590584002,InComm-sourced,True,ablation_v1
MOCK00493,DIAB_EYE_EXAM,0.07647329303331658,InComm-sourced,True,ablation_v1
MOCK00499,DIAB_EYE_EXAM,0.02439829842456767,InComm-sourced,True,ablation_v1
MOCK00505,DIAB_EYE_EXAM,0.019882719223161222,InComm-sourced,True,ablation_v1
MOCK00511,DIAB_EYE_EXAM,0.02507465296502246,InComm-sourced,True,ablation_v1
MOCK00517,DIAB_EYE_EXAM,0.033898993990729126,InComm-sourced,True,ablation_v1
MOCK00523,DIAB_EYE_EXAM,0.03333666580214328,InComm-sourced,True,ablation_v1
MOCK00529,DIAB_EYE_EXAM,0.08222997255315709,InComm-sourced,True,ablation_v1
MOCK00535,DIAB_EYE_EXAM,0.025416965332528046,InComm-sourced,True,ablation_v1
MOCK00541,DIAB_EYE_EXAM,0.07238306414935411,InComm-sourced,True,ablation_v1
MOCK00547,DIAB_EYE_EXAM,0.05208067124393065,InComm-sourced,True,ablation_v1
MOCK00553,DIAB_EYE_EXAM,0.03597344887943419,InComm-sourced,True,ablation_v1
MOCK00559,DIAB_EYE_EXAM,0.05609033188235025,InComm-sourced,True,ablation_v1
MOCK00565,DIAB_EYE_EXAM,0.019053692549029434,InComm-sourced,True,ablation_v1
MOCK00571,DIAB_EYE_EXAM,0.02637436714181292,InComm-sourced,True,ablation_v1
MOCK00577,DIAB_EYE_EXAM,0.028085225689719155,InComm-sourced,True,ablation_v1
MOCK00583,DIAB_EYE_EXAM,0.039563120548859514,InComm-sourced,True,ablation_v1
MOCK00589,DIAB_EYE_EXAM,0.026646688890936597,InComm-sourced,True,ablation_v1
MOCK00595,DIAB_EYE_EXAM,0.017207403460727834,InComm-sourced,True,ablation_v1
MOCK00601,DIAB_EYE_EXAM,0.02078518924927713,InComm-sourced,True,ablation_v1
MOCK00607,DIAB_EYE_EXAM,0.05878376779958565,InComm-sourced,True,ablation_v1
MOCK00613,DIAB_EYE_EXAM,0.02490224208064688,InComm-sourced,True,ablation_v1
MOCK00619,DIAB_EYE_EXAM,0.05220850289931385,InComm-sourced,True,ablation_v1
MOCK00625,DIAB_EYE_EXAM,0.07119805585569694,InComm-sourced,True,ablation_v1
MOCK00631,DIAB_EYE_EXAM,0.030156731246647812,InComm-sourced,True,ablation_v1
MOCK00637,DIAB_EYE_EXAM,0.04229084419497755,InComm-sourced,True,ablation_v1
MOCK00643,DIAB_EYE_EXAM,0.025914388137842834,InComm-sourced,True,ablation_v1
MOCK00649,DIAB_EYE_EXAM,0.03761581345317328,InComm-sourced,True,ablation_v1
MOCK00655,DIAB_EYE_EXAM,0.030170941539112057,InComm-sourced,True,ablation_v1
MOCK00661,DIAB_EYE_EXAM,0.02966523453839448,InComm-sourced,True,ablation_v1
MOCK00667,DIAB_EYE_EXAM,0.03350364288011541,InComm-sourced,True,ablation_v1
MOCK00673,DIAB_EYE_EXAM,0.013752156144972083,InComm-sourced,True,ablation_v1
MOCK00679,DIAB_EYE_EXAM,0.033616640862981606,InComm-sourced,True,ablation_v1
MOCK00685,DIAB_EYE_EXAM,0.02972856841497306,InComm-sourced,True,ablation_v1
MOCK00691,DIAB_EYE_EXAM,0.03586584714288953,InComm-sourced,True,ablation_v1
MOCK00697,DIAB_EYE_EXAM,0.023123201174226973,InComm-sourced,True,ablation_v1
MOCK00703,DIAB_EYE_EXAM,0.04578555834260754,InComm-sourced,True,ablation_v1
MOCK00709,DIAB_EYE_EXAM,0.03239909657033893,InComm-sourced,True,ablation_v1
MOCK00715,DIAB_EYE_EXAM,0.016168314413426227,InComm-sourced,True,ablation_v1
MOCK00721,DIAB_EYE_EXAM,0.03647737451184602,InComm-sourced,True,ablation_v1
MOCK00727,DIAB_EYE_EXAM,0.019731453653890414,InComm-sourced,True,ablation_v1
MOCK00733,DIAB_EYE_EXAM,0.05001508324479051,InComm-sourced,True,ablation_v1
MOCK00739,DIAB_EYE_EXAM,0.015909083262360332,InComm-sourced,True,ablation_v1
MOCK00745,DIAB_EYE_EXAM,0.03672412997329808,InComm-sourced,True,ablation_v1
MOCK00751,DIAB_EYE_EXAM,0.023191399924431384,InComm-sourced,True,ablation_v1
MOCK00757,DIAB_EYE_EXAM,0.0647398653006537,InComm-sourced,True,ablation_v1
MOCK00763,DIAB_EYE_EXAM,0.02253453467049184,InComm-sourced,True,ablation_v1
MOCK00769,DIAB_EYE_EXAM,0.03070598483615093,InComm-sourced,True,ablation_v1
MOCK00775,DIAB_EYE_EXAM,0.02325227321343448,InComm-sourced,True,ablation_v1
MOCK00781,DIAB_EYE_EXAM,0.01975191847526398,InComm-sourced,True,ablation_v1
MOCK00787,DIAB_EYE_EXAM,0.02749246746495907,InComm-sourced,True,ablation_v1
MOCK00793,DIAB_EYE_EXAM,0.02721910190523432,InComm-sourced,True,ablation_v1
MOCK00799,DIAB_EYE_EXAM,0.03227068203080508,InComm-sourced,True,ablation_v1
MOCK00805,DIAB_EYE_EXAM,0.025272589944886934,InComm-sourced,True,ablation_v1
MOCK00811,DIAB_EYE_EXAM,0.03578612903403417,InComm-sourced,True,ablation_v1
MOCK00817,DIAB_EYE_EXAM,0.04440851600128592,InComm-sourced,True,ablation_v1
MOCK00823,DIAB_EYE_EXAM,0.02971510037731514,InComm-sourced,True,ablation_v1
MOCK00829,DIAB_EYE_EXAM,0.051231336013361516,InComm-sourced,True,ablation_v1
MOCK00835,DIAB_EYE_EXAM,0.054949592740790795,InComm-sourced,True,ablation_v1
MOCK00841,DIAB_EYE_EXAM,0.02999214295505662,InComm-sourced,True,ablation_v1
MOCK00847,DIAB_EYE_EXAM,0.024566124263784735,InComm-sourced,True,ablation_v1
MOCK00853,DIAB_EYE_EXAM,0.03988875354107466,InComm-sourced,True,ablation_v1
MOCK00859,DIAB_EYE_EXAM,0.04234555555213869,InComm-sourced,True,ablation_v1
MOCK00865,DIAB_EYE_EXAM,0.050048937431044514,InComm-sourced,True,ablation_v1
MOCK00871,DIAB_EYE_EXAM,0.030748907802533674,InComm-sourced,True,ablation_v1
MOCK00877,DIAB_EYE_EXAM,0.012816341199667585,InComm-sourced,True,ablation_v1
MOCK00883,DIAB_EYE_EXAM,0.036021534418740044,InComm-sourced,True,ablation_v1
MOCK00889,DIAB_EYE_EXAM,0.02905547389477728,InComm-sourced,True,ablation_v1
MOCK00895,DIAB_EYE_EXAM,0.03575259439710017,InComm-sourced,True,ablation_v1
MOCK00901,DIAB_EYE_EXAM,0.025036120299820604,InComm-sourced,True,ablation_v1
MOCK00907,DIAB_EYE_EXAM,0.01934388700345437,InComm-sourced,True,ablation_v1
MOCK00913,DIAB_EYE_EXAM,0.07151591443366738,InComm-sourced,True,ablation_v1
MOCK00919,DIAB_EYE_EXAM,0.05444460044954829,InComm-sourced,True,ablation_v1
MOCK00925,DIAB_EYE_EXAM,0.021906934789353256,InComm-sourced,True,ablation_v1
MOCK00931,DIAB_EYE_EXAM,0.035109036881146485,InComm-sourced,True,ablation_v1
MOCK00937,DIAB_EYE_EXAM,0.029791720776287983,InComm-sourced,True,ablation_v1
MOCK00943,DIAB_EYE_EXAM,0.05409360048502986,InComm-sourced,True,ablation_v1
MOCK00949,DIAB_EYE_EXAM,0.029410565226631845,InComm-sourced,True,ablation_v1
MOCK00955,DIAB_EYE_EXAM,0.03211645051038682,InComm-sourced,True,ablation_v1
MOCK00961,DIAB_EYE_EXAM,0.05082984620589554,InComm-sourced,True,ablation_v1
MOCK00967,DIAB_EYE_EXAM,0.01600595720807868,InComm-sourced,True,ablation_v1
MOCK00973,DIAB_EYE_EXAM,0.05122784994466295,InComm-sourced,True,ablation_v1
MOCK00979,DIAB_EYE_EXAM,0.05239426919775536,InComm-sourced,True,ablation_v1
MOCK00985,DIAB_EYE_EXAM,0.028993663500946454,InComm-sourced,True,ablation_v1
MOCK00991,DIAB_EYE_EXAM,0.030601487770426403,InComm-sourced,True,ablation_v1
MOCK00997,DIAB_EYE_EXAM,0.05569266553501589,InComm-sourced,True,ablation_v1
MOCK01003,DIAB_EYE_EXAM,0.02716907292071209,InComm-sourced,True,ablation_v1
MOCK01009,DIAB_EYE_EXAM,0.03482189696567506,InComm-sourced,True,ablation_v1
MOCK01015,DIAB_EYE_EXAM,0.06152824336326113,InComm-sourced,True,ablation_v1
MOCK01021,DIAB_EYE_EXAM,0.02504945013625866,InComm-sourced,True,ablation_v1
MOCK01027,DIAB_EYE_EXAM,0.0377878460965184,InComm-sourced,True,ablation_v1
MOCK01033,DIAB_EYE_EXAM,0.03365015194435809,InComm-sourced,True,ablation_v1
MOCK01039,DIAB_EYE_EXAM,0.024469091056781345,InComm-sourced,True,ablation_v1
MOCK01045,DIAB_EYE_EXAM,0.04812810623580456,InComm-sourced,True,ablation_v1
MOCK01051,DIAB_EYE_EXAM,0.047009022193130766,InComm-sourced,True,ablation_v1
MOCK01057,DIAB_EYE_EXAM,0.02139005860071567,InComm-sourced,True,ablation_v1
MOCK01063,DIAB_EYE_EXAM,0.023735211861447846,InComm-sourced,True,ablation_v1
MOCK01069,DIAB_EYE_EXAM,0.034942224809574235,InComm-sourced,True,ablation_v1
MOCK01075,DIAB_EYE_EXAM,0.04044947195504047,InComm-sourced,True,ablation_v1
MOCK01081,DIAB_EYE_EXAM,0.07492490398610271,InComm-sourced,True,ablation_v1
MOCK01087,DIAB_EYE_EXAM,0.024624874638659505,InComm-sourced,True,ablation_v1
MOCK01093,DIAB_EYE_EXAM,0.025041991864778394,InComm-sourced,True,ablation_v1
MOCK01099,DIAB_EYE_EXAM,0.09436723477943516,InComm-sourced,True,ablation_v1
MOCK01105,DIAB_EYE_EXAM,0.021909033529295525,InComm-sourced,True,ablation_v1
MOCK01111,DIAB_EYE_EXAM,0.04377205495214996,InComm-sourced,True,ablation_v1
MOCK01117,DIAB_EYE_EXAM,0.04010411709560899,InComm-sourced,True,ablation_v1
MOCK01123,DIAB_EYE_EXAM,0.029042210341665438,InComm-sourced,True,ablation_v1
MOCK01129,DIAB_EYE_EXAM,0.02880947786820526,InComm-sourced,True,ablation_v1
MOCK01135,DIAB_EYE_EXAM,0.01884375351600355,InComm-sourced,True,ablation_v1
MOCK01141,DIAB_EYE_EXAM,0.027835851577210035,InComm-sourced,True,ablation_v1
MOCK01147,DIAB_EYE_EXAM,0.06533530888189279,InComm-sourced,True,ablation_v1
MOCK01153,DIAB_EYE_EXAM,0.044735592527468185,InComm-sourced,True,ablation_v1
MOCK01159,DIAB_EYE_EXAM,0.03792864163253792,InComm-sourced,True,ablation_v1
MOCK01165,DIAB_EYE_EXAM,0.03960079838891682,InComm-sourced,True,ablation_v1
MOCK01171,DIAB_EYE_EXAM,0.05691848818215923,InComm-sourced,True,ablation_v1
MOCK01177,DIAB_EYE_EXAM,0.043380268411443774,InComm-sourced,True,ablation_v1
MOCK01183,DIAB_EYE_EXAM,0.05121996908671848,InComm-sourced,True,ablation_v1
MOCK01189,DIAB_EYE_EXAM,0.02895854507821869,InComm-sourced,True,ablation_v1
MOCK01195,DIAB_EYE_EXAM,0.019039259659805824,InComm-sourced,True,ablation_v1
MOCK01201,DIAB_EYE_EXAM,0.06343707184921363,InComm-sourced,True,ablation_v1
MOCK01207,DIAB_EYE_EXAM,0.02929047172692602,InComm-sourced,True,ablation_v1
MOCK01213,DIAB_EYE_EXAM,0.031135876662219043,InComm-sourced,True,ablation_v1
MOCK01219,DIAB_EYE_EXAM,0.02207784294498379,InComm-sourced,True,ablation_v1
MOCK01225,DIAB_EYE_EXAM,0.03669546030813579,InComm-sourced,True,ablation_v1
MOCK01231,DIAB_EYE_EXAM,0.024047254784808743,InComm-sourced,True,ablation_v1
MOCK01237,DIAB_EYE_EXAM,0.022749766189427947,InComm-sourced,True,ablation_v1
MOCK01243,DIAB_EYE_EXAM,0.02604238370024696,InComm-sourced,True,ablation_v1
MOCK01249,DIAB_EYE_EXAM,0.08363842330204047,InComm-sourced,True,ablation_v1
MOCK01255,DIAB_EYE_EXAM,0.023269188392271652,InComm-sourced,True,ablation_v1
MOCK01261,DIAB_EYE_EXAM,0.01517341484255768,InComm-sourced,True,ablation_v1
MOCK01267,DIAB_EYE_EXAM,0.055003608190327666,InComm-sourced,True,ablation_v1
MOCK01273,DIAB_EYE_EXAM,0.04929381353563907,InComm-sourced,True,ablation_v1
MOCK01279,DIAB_EYE_EXAM,0.03237080692796734,InComm-sourced,True,ablation_v1
MOCK01285,DIAB_EYE_EXAM,0.027057324243987886,InComm-sourced,True,ablation_v1
MOCK01291,DIAB_EYE_EXAM,0.06420743000665054,InComm-sourced,True,ablation_v1
MOCK01297,DIAB_EYE_EXAM,0.03317597466773475,InComm-sourced,True,ablation_v1
MOCK01303,DIAB_EYE_EXAM,0.022588535461455294,InComm-sourced,True,ablation_v1
MOCK01309,DIAB_EYE_EXAM,0.053721699609852736,InComm-sourced,True,ablation_v1
MOCK01315,DIAB_EYE_EXAM,0.03502717777926495,InComm-sourced,True,ablation_v1
MOCK01321,DIAB_EYE_EXAM,0.03655286702432853,InComm-sourced,True,ablation_v1
MOCK01327,DIAB_EYE_EXAM,0.026233701861787403,InComm-sourced,True,ablation_v1
MOCK01333,DIAB_EYE_EXAM,0.03358295748767792,InComm-sourced,True,ablation_v1
MOCK01339,DIAB_EYE_EXAM,0.04434513629549789,InComm-sourced,True,ablation_v1
MOCK01345,DIAB_EYE_EXAM,0.04182948629086197,InComm-sourced,True,ablation_v1
MOCK01351,DIAB_EYE_EXAM,0.019741208331722396,InComm-sourced,True,ablation_v1
MOCK01357,DIAB_EYE_EXAM,0.02302762961452285,InComm-sourced,True,ablation_v1
MOCK01363,DIAB_EYE_EXAM,0.021944467342370176,InComm-sourced,True,ablation_v1
MOCK01369,DIAB_EYE_EXAM,0.027989624251082836,InComm-sourced,True,ablation_v1
MOCK01375,DIAB_EYE_EXAM,0.027234848039920646,InComm-sourced,True,ablation_v1
MOCK01381,DIAB_EYE_EXAM,0.03482731894312322,InComm-sourced,True,ablation_v1
MOCK01387,DIAB_EYE_EXAM,0.018762233233177977,InComm-sourced,True,ablation_v1
MOCK01393,DIAB_EYE_EXAM,0.07384117016116679,InComm-sourced,True,ablation_v1
MOCK01399,DIAB_EYE_EXAM,0.034721173293919064,InComm-sourced,True,ablation_v1
MOCK01405,DIAB_EYE_EXAM,0.02962482283631427,InComm-sourced,True,ablation_v1
MOCK01411,DIAB_EYE_EXAM,0.035331662703641895,InComm-sourced,True,ablation_v1
MOCK01417,DIAB_EYE_EXAM,0.03130976489373198,InComm-sourced,True,ablation_v1
MOCK01423,DIAB_EYE_EXAM,0.020301095238433924,InComm-sourced,True,ablation_v1
MOCK01429,DIAB_EYE_EXAM,0.06953848873158613,InComm-sourced,True,ablation_v1
MOCK01435,DIAB_EYE_EXAM,0.03423512085493639,InComm-sourced,True,ablation_v1
MOCK01441,DIAB_EYE_EXAM,0.03558999288225111,InComm-sourced,True,ablation_v1
MOCK01447,DIAB_EYE_EXAM,0.035289447578017184,InComm-sourced,True,ablation_v1
MOCK01453,DIAB_EYE_EXAM,0.03861320103274043,InComm-sourced,True,ablation_v1
MOCK01459,DIAB_EYE_EXAM,0.047263340287190536,InComm-sourced,True,ablation_v1
MOCK01465,DIAB_EYE_EXAM,0.03359238331580215,InComm-sourced,True,ablation_v1
MOCK01471,DIAB_EYE_EXAM,0.045568156023877426,InComm-sourced,True,ablation_v1
MOCK01477,DIAB_EYE_EXAM,0.03211429869313936,InComm-sourced,True,ablation_v1
MOCK01483,DIAB_EYE_EXAM,0.030618250173169177,InComm-sourced,True,ablation_v1
MOCK01489,DIAB_EYE_EXAM,0.02530105394715725,InComm-sourced,True,ablation_v1
MOCK01495,DIAB_EYE_EXAM,0.03543972415364894,InComm-sourced,True,ablation_v1
MOCK01501,DIAB_EYE_EXAM,0.02600059387869169,InComm-sourced,True,ablation_v1
MOCK01507,DIAB_EYE_EXAM,0.03595537282626334,InComm-sourced,True,ablation_v1
MOCK01513,DIAB_EYE_EXAM,0.06751859620774942,InComm-sourced,True,ablation_v1
MOCK01519,DIAB_EYE_EXAM,0.0677708847121382,InComm-sourced,True,ablation_v1
MOCK01525,DIAB_EYE_EXAM,0.02360857027122666,InComm-sourced,True,ablation_v1
MOCK01531,DIAB_EYE_EXAM,0.034884688714022,InComm-sourced,True,ablation_v1
MOCK01537,DIAB_EYE_EXAM,0.03610327853893316,InComm-sourced,True,ablation_v1
MOCK01543,DIAB_EYE_EXAM,0.0788868474439991,InComm-sourced,True,ablation_v1
MOCK01549,DIAB_EYE_EXAM,0.03287651275591208,InComm-sourced,True,ablation_v1
MOCK01555,DIAB_EYE_EXAM,0.03309362237119255,InComm-sourced,True,ablation_v1
MOCK01561,DIAB_EYE_EXAM,0.02554119546794263,InComm-sourced,True,ablation_v1
MOCK01567,DIAB_EYE_EXAM,0.022250109590511186,InComm-sourced,True,ablation_v1
MOCK01573,DIAB_EYE_EXAM,0.02624731271098028,InComm-sourced,True,ablation_v1
MOCK01579,DIAB_EYE_EXAM,0.050146885300799984,InComm-sourced,True,ablation_v1
MOCK01585,DIAB_EYE_EXAM,0.05078682070158427,InComm-sourced,True,ablation_v1
MOCK01591,DIAB_EYE_EXAM,0.07215004042773271,InComm-sourced,True,ablation_v1
MOCK01597,DIAB_EYE_EXAM,0.015013379779647163,InComm-sourced,True,ablation_v1
MOCK01603,DIAB_EYE_EXAM,0.03527996047798508,InComm-sourced,True,ablation_v1
MOCK01609,DIAB_EYE_EXAM,0.09312417455525453,InComm-sourced,True,ablation_v1
MOCK01615,DIAB_EYE_EXAM,0.023624534217979862,InComm-sourced,True,ablation_v1
MOCK01621,DIAB_EYE_EXAM,0.04278933397429692,InComm-sourced,True,ablation_v1
MOCK01627,DIAB_EYE_EXAM,0.01844721912095107,InComm-sourced,True,ablation_v1
MOCK01633,DIAB_EYE_EXAM,0.07684399797396538,InComm-sourced,True,ablation_v1
MOCK01639,DIAB_EYE_EXAM,0.04678163380614216,InComm-sourced,True,ablation_v1
MOCK01645,DIAB_EYE_EXAM,0.011039421573003633,InComm-sourced,True,ablation_v1
MOCK01651,DIAB_EYE_EXAM,0.018007170102200563,InComm-sourced,True,ablation_v1
MOCK01657,DIAB_EYE_EXAM,0.03673349811171878,InComm-sourced,True,ablation_v1
MOCK01663,DIAB_EYE_EXAM,0.04667000729182006,InComm-sourced,True,ablation_v1
MOCK01669,DIAB_EYE_EXAM,0.055942055487816174,InComm-sourced,True,ablation_v1
MOCK01675,DIAB_EYE_EXAM,0.023842155343398494,InComm-sourced,True,ablation_v1
MOCK01681,DIAB_EYE_EXAM,0.05146376257379733,InComm-sourced,True,ablation_v1
MOCK01687,DIAB_EYE_EXAM,0.03779682586487224,InComm-sourced,True,ablation_v1
MOCK01693,DIAB_EYE_EXAM,0.022785539807054625,InComm-sourced,True,ablation_v1
MOCK01699,DIAB_EYE_EXAM,0.024665142252014653,InComm-sourced,True,ablation_v1
MOCK01705,DIAB_EYE_EXAM,0.018480415472125204,InComm-sourced,True,ablation_v1
MOCK01711,DIAB_EYE_EXAM,0.026336873921658656,InComm-sourced,True,ablation_v1
MOCK01717,DIAB_EYE_EXAM,0.03421468682667613,InComm-sourced,True,ablation_v1
MOCK01723,DIAB_EYE_EXAM,0.031784216442315584,InComm-sourced,True,ablation_v1
MOCK01729,DIAB_EYE_EXAM,0.05142211775177752,InComm-sourced,True,ablation_v1
MOCK01735,DIAB_EYE_EXAM,0.02847512367048972,InComm-sourced,True,ablation_v1
MOCK01741,DIAB_EYE_EXAM,0.021840532779671785,InComm-sourced,True,ablation_v1
MOCK01747,DIAB_EYE_EXAM,0.03225915622807662,InComm-sourced,True,ablation_v1
MOCK01753,DIAB_EYE_EXAM,0.02287925812648468,InComm-sourced,True,ablation_v1
MOCK01759,DIAB_EYE_EXAM,0.05557932934700371,InComm-sourced,True,ablation_v1
MOCK01765,DIAB_EYE_EXAM,0.022923026118033308,InComm-sourced,True,ablation_v1
MOCK01771,DIAB_EYE_EXAM,0.04695184019857098,InComm-sourced,True,ablation_v1
MOCK01777,DIAB_EYE_EXAM,0.020688363626191877,InComm-sourced,True,ablation_v1
MOCK01783,DIAB_EYE_EXAM,0.04872158025559997,InComm-sourced,True,ablation_v1
MOCK01789,DIAB_EYE_EXAM,0.04878424316060756,InComm-sourced,True,ablation_v1
MOCK01795,DIAB_EYE_EXAM,0.023480965035832285,InComm-sourced,True,ablation_v1
MOCK01801,DIAB_EYE_EXAM,0.07633020457411734,InComm-sourced,True,ablation_v1
MOCK01807,DIAB_EYE_EXAM,0.033060174405973135,InComm-sourced,True,ablation_v1
MOCK01813,DIAB_EYE_EXAM,0.04963154561458713,InComm-sourced,True,ablation_v1
MOCK01819,DIAB_EYE_EXAM,0.06870683307597675,InComm-sourced,True,ablation_v1
MOCK01825,DIAB_EYE_EXAM,0.01429048388992247,InComm-sourced,True,ablation_v1
MOCK01831,DIAB_EYE_EXAM,0.02791630015923451,InComm-sourced,True,ablation_v1
MOCK01837,DIAB_EYE_EXAM,0.015476438209123549,InComm-sourced,True,ablation_v1
MOCK01843,DIAB_EYE_EXAM,0.0407515002343287,InComm-sourced,True,ablation_v1
MOCK01849,DIAB_EYE_EXAM,0.040650090756141836,InComm-sourced,True,ablation_v1
MOCK01855,DIAB_EYE_EXAM,0.046888107004847496,InComm-sourced,True,ablation_v1
MOCK01861,DIAB_EYE_EXAM,0.023394277387755704,InComm-sourced,True,ablation_v1
MOCK01867,DIAB_EYE_EXAM,0.028029681037111964,InComm-sourced,True,ablation_v1
MOCK01873,DIAB_EYE_EXAM,0.054768710341442546,InComm-sourced,True,ablation_v1
MOCK01879,DIAB_EYE_EXAM,0.01743101371121913,InComm-sourced,True,ablation_v1
MOCK01885,DIAB_EYE_EXAM,0.04554089233206512,InComm-sourced,True,ablation_v1
MOCK01891,DIAB_EYE_EXAM,0.05563417358863108,InComm-sourced,True,ablation_v1
MOCK01897,DIAB_EYE_EXAM,0.04073085528389489,InComm-sourced,True,ablation_v1
MOCK01903,DIAB_EYE_EXAM,0.058108103151875846,InComm-sourced,True,ablation_v1
MOCK01909,DIAB_EYE_EXAM,0.01908315720971462,InComm-sourced,True,ablation_v1
MOCK01915,DIAB_EYE_EXAM,0.02661237060169333,InComm-sourced,True,ablation_v1
MOCK01921,DIAB_EYE_EXAM,0.04813501340713328,InComm-sourced,True,ablation_v1
MOCK01927,DIAB_EYE_EXAM,0.0710923828237987,InComm-sourced,True,ablation_v1
MOCK01933,DIAB_EYE_EXAM,0.09236639178683789,InComm-sourced,True,ablation_v1
MOCK01939,DIAB_EYE_EXAM,0.03550167367684299,InComm-sourced,True,ablation_v1
MOCK01945,DIAB_EYE_EXAM,0.016629038552076588,InComm-sourced,True,ablation_v1
MOCK01951,DIAB_EYE_EXAM,0.03328547034535316,InComm-sourced,True,ablation_v1
MOCK01957,DIAB_EYE_EXAM,0.020710212191887397,InComm-sourced,True,ablation_v1
MOCK01963,DIAB_EYE_EXAM,0.01965354553214981,InComm-sourced,True,ablation_v1
MOCK01969,DIAB_EYE_EXAM,0.037354652550294215,InComm-sourced,True,ablation_v1
MOCK01975,DIAB_EYE_EXAM,0.017597155518305815,InComm-sourced,True,ablation_v1
MOCK01981,DIAB_EYE_EXAM,0.01635577465714389,InComm-sourced,True,ablation_v1
MOCK01987,DIAB_EYE_EXAM,0.02844944403395397,InComm-sourced,True,ablation_v1
MOCK01993,DIAB_EYE_EXAM,0.07311457044722725,InComm-sourced,True,ablation_v1
MOCK01999,DIAB_EYE_EXAM,0.04205703272053276,InComm-sourced,True,ablation_v1
MOCK02005,DIAB_EYE_EXAM,0.024807327736063995,InComm-sourced,True,ablation_v1
MOCK02011,DIAB_EYE_EXAM,0.037114842178224465,InComm-sourced,True,ablation_v1
MOCK02017,DIAB_EYE_EXAM,0.029138420335775368,InComm-sourced,True,ablation_v1
MOCK02023,DIAB_EYE_EXAM,0.09489898207002122,InComm-sourced,True,ablation_v1
MOCK02029,DIAB_EYE_EXAM,0.03456197118422697,InComm-sourced,True,ablation_v1
MOCK02035,DIAB_EYE_EXAM,0.06409584038114524,InComm-sourced,True,ablation_v1
MOCK02041,DIAB_EYE_EXAM,0.01850055217464682,InComm-sourced,True,ablation_v1
MOCK02047,DIAB_EYE_EXAM,0.021864268703187965,InComm-sourced,True,ablation_v1
MOCK02053,DIAB_EYE_EXAM,0.06317746083733314,InComm-sourced,True,ablation_v1
MOCK02059,DIAB_EYE_EXAM,0.07834339245626447,InComm-sourced,True,ablation_v1
MOCK02065,DIAB_EYE_EXAM,0.026511491391101476,InComm-sourced,True,ablation_v1
MOCK02071,DIAB_EYE_EXAM,0.021461179894172955,InComm-sourced,True,ablation_v1
MOCK02077,DIAB_EYE_EXAM,0.024934960449373947,InComm-sourced,True,ablation_v1
MOCK02083,DIAB_EYE_EXAM,0.039901962441043486,InComm-sourced,True,ablation_v1
MOCK02089,DIAB_EYE_EXAM,0.05040611524891022,InComm-sourced,True,ablation_v1
MOCK02095,DIAB_EYE_EXAM,0.021337775429246926,InComm-sourced,True,ablation_v1
MOCK02101,DIAB_EYE_EXAM,0.04052886060233774,InComm-sourced,True,ablation_v1
MOCK02107,DIAB_EYE_EXAM,0.03007604813685894,InComm-sourced,True,ablation_v1
MOCK02113,DIAB_EYE_EXAM,0.01876969055863077,InComm-sourced,True,ablation_v1
MOCK02119,DIAB_EYE_EXAM,0.10300198987248113,InComm-sourced,True,ablation_v1
MOCK02125,DIAB_EYE_EXAM,0.04008532248029927,InComm-sourced,True,ablation_v1
MOCK02131,DIAB_EYE_EXAM,0.03635682629976018,InComm-sourced,True,ablation_v1
MOCK02137,DIAB_EYE_EXAM,0.05636562546793511,InComm-sourced,True,ablation_v1
MOCK02143,DIAB_EYE_EXAM,0.03002771679079141,InComm-sourced,True,ablation_v1
MOCK02149,DIAB_EYE_EXAM,0.023147757765410476,InComm-sourced,True,ablation_v1
MOCK02155,DIAB_EYE_EXAM,0.031466222496066946,InComm-sourced,True,ablation_v1
MOCK02161,DIAB_EYE_EXAM,0.05458846552326219,InComm-sourced,True,ablation_v1
MOCK02167,DIAB_EYE_EXAM,0.06200849669137524,InComm-sourced,True,ablation_v1
MOCK02173,DIAB_EYE_EXAM,0.02849992065590506,InComm-sourced,True,ablation_v1
MOCK02179,DIAB_EYE_EXAM,0.023494794191453207,InComm-sourced,True,ablation_v1
MOCK02185,DIAB_EYE_EXAM,0.023457408394335726,InComm-sourced,True,ablation_v1
MOCK02191,DIAB_EYE_EXAM,0.023699292835243687,InComm-sourced,True,ablation_v1
MOCK02197,DIAB_EYE_EXAM,0.03438770585191332,InComm-sourced,True,ablation_v1
MOCK02203,DIAB_EYE_EXAM,0.03403970348258964,InComm-sourced,True,ablation_v1
MOCK02209,DIAB_EYE_EXAM,0.02596358538255454,InComm-sourced,True,ablation_v1
MOCK02215,DIAB_EYE_EXAM,0.0198607485193255,InComm-sourced,True,ablation_v1
MOCK02221,DIAB_EYE_EXAM,0.028765116461152897,InComm-sourced,True,ablation_v1
MOCK02227,DIAB_EYE_EXAM,0.035013588590523996,InComm-sourced,True,ablation_v1
MOCK02233,DIAB_EYE_EXAM,0.03717265304489371,InComm-sourced,True,ablation_v1
MOCK02239,DIAB_EYE_EXAM,0.030521794081550174,InComm-sourced,True,ablation_v1
MOCK02245,DIAB_EYE_EXAM,0.013512619469261347,InComm-sourced,True,ablation_v1
MOCK02251,DIAB_EYE_EXAM,0.024892281471251398,InComm-sourced,True,ablation_v1
MOCK02257,DIAB_EYE_EXAM,0.04620065777149285,InComm-sourced,True,ablation_v1
MOCK02263,DIAB_EYE_EXAM,0.016184204664260845,InComm-sourced,True,ablation_v1
MOCK02269,DIAB_EYE_EXAM,0.03647992488909385,InComm-sourced,True,ablation_v1
MOCK02275,DIAB_EYE_EXAM,0.029553494320374785,InComm-sourced,True,ablation_v1
MOCK02281,DIAB_EYE_EXAM,0.056668055880191734,InComm-sourced,True,ablation_v1
MOCK02287,DIAB_EYE_EXAM,0.03351456960919226,InComm-sourced,True,ablation_v1
MOCK02293,DIAB_EYE_EXAM,0.02803714077407003,InComm-sourced,True,ablation_v1
MOCK02299,DIAB_EYE_EXAM,0.05351527820718588,InComm-sourced,True,ablation_v1
MOCK02305,DIAB_EYE_EXAM,0.033154642527132155,InComm-sourced,True,ablation_v1
MOCK02311,DIAB_EYE_EXAM,0.024310153546762893,InComm-sourced,True,ablation_v1
MOCK02317,DIAB_EYE_EXAM,0.029012407915907312,InComm-sourced,True,ablation_v1
MOCK02323,DIAB_EYE_EXAM,0.045593268700135456,InComm-sourced,True,ablation_v1
MOCK02329,DIAB_EYE_EXAM,0.03725738121740979,InComm-sourced,True,ablation_v1
MOCK02335,DIAB_EYE_EXAM,0.029801312797145707,InComm-sourced,True,ablation_v1
MOCK02341,DIAB_EYE_EXAM,0.019072486453049663,InComm-sourced,True,ablation_v1
MOCK02347,DIAB_EYE_EXAM,0.04152203471645809,InComm-sourced,True,ablation_v1
MOCK02353,DIAB_EYE_EXAM,0.04856920101019158,InComm-sourced,True,ablation_v1
MOCK02359,DIAB_EYE_EXAM,0.024740389791592775,InComm-sourced,True,ablation_v1
MOCK02365,DIAB_EYE_EXAM,0.03320848662455715,InComm-sourced,True,ablation_v1
MOCK02371,DIAB_EYE_EXAM,0.01733633487078792,InComm-sourced,True,ablation_v1
MOCK02377,DIAB_EYE_EXAM,0.03815123411887268,InComm-sourced,True,ablation_v1
MOCK02383,DIAB_EYE_EXAM,0.0562908551639953,InComm-sourced,True,ablation_v1
MOCK02389,DIAB_EYE_EXAM,0.04966583728548467,InComm-sourced,True,ablation_v1
MOCK02395,DIAB_EYE_EXAM,0.04497186998037972,InComm-sourced,True,ablation_v1
MOCK02401,DIAB_EYE_EXAM,0.022706610515272885,InComm-sourced,True,ablation_v1
MOCK02407,DIAB_EYE_EXAM,0.02757128891408244,InComm-sourced,True,ablation_v1
MOCK02413,DIAB_EYE_EXAM,0.042810787254250846,InComm-sourced,True,ablation_v1
MOCK02419,DIAB_EYE_EXAM,0.03956877307595614,InComm-sourced,True,ablation_v1
MOCK02425,DIAB_EYE_EXAM,0.02072923125745604,InComm-sourced,True,ablation_v1
MOCK02431,DIAB_EYE_EXAM,0.03481112518110854,InComm-sourced,True,ablation_v1
MOCK02437,DIAB_EYE_EXAM,0.02638907445721906,InComm-sourced,True,ablation_v1
MOCK02443,DIAB_EYE_EXAM,0.05322026366060132,InComm-sourced,True,ablation_v1
MOCK02449,DIAB_EYE_EXAM,0.06102263240796963,InComm-sourced,True,ablation_v1
MOCK02455,DIAB_EYE_EXAM,0.0282810560097261,InComm-sourced,True,ablation_v1
MOCK02461,DIAB_EYE_EXAM,0.019236941954740575,InComm-sourced,True,ablation_v1
MOCK02467,DIAB_EYE_EXAM,0.014384314116082746,InComm-sourced,True,ablation_v1
MOCK02473,DIAB_EYE_EXAM,0.024945272737563914,InComm-sourced,True,ablation_v1
MOCK02479,DIAB_EYE_EXAM,0.08212142227603499,InComm-sourced,True,ablation_v1
MOCK02485,DIAB_EYE_EXAM,0.021803159448795895,InComm-sourced,True,ablation_v1
MOCK02491,DIAB_EYE_EXAM,0.031610081957654926,InComm-sourced,True,ablation_v1
MOCK02497,DIAB_EYE_EXAM,0.02890962338842199,InComm-sourced,True,ablation_v1
MOCK02503,DIAB_EYE_EXAM,0.05104753790028092,InComm-sourced,True,ablation_v1
MOCK02509,DIAB_EYE_EXAM,0.03992682309653278,InComm-sourced,True,ablation_v1
MOCK02515,DIAB_EYE_EXAM,0.044534474395987005,InComm-sourced,True,ablation_v1
MOCK02521,DIAB_EYE_EXAM,0.020351588972291088,InComm-sourced,True,ablation_v1
MOCK02527,DIAB_EYE_EXAM,0.04134456735916069,InComm-sourced,True,ablation_v1
MOCK02533,DIAB_EYE_EXAM,0.044034057346583284,InComm-sourced,True,ablation_v1
MOCK02539,DIAB_EYE_EXAM,0.03476753207209289,InComm-sourced,True,ablation_v1
MOCK02545,DIAB_EYE_EXAM,0.05355005453505782,InComm-sourced,True,ablation_v1
MOCK02551,DIAB_EYE_EXAM,0.020477313277353117,InComm-sourced,True,ablation_v1
MOCK02557,DIAB_EYE_EXAM,0.02453239712837224,InComm-sourced,True,ablation_v1
MOCK02563,DIAB_EYE_EXAM,0.05500394745835428,InComm-sourced,True,ablation_v1
MOCK02569,DIAB_EYE_EXAM,0.04806217580042703,InComm-sourced,True,ablation_v1
MOCK02575,DIAB_EYE_EXAM,0.033004281267060426,InComm-sourced,True,ablation_v1
MOCK02581,DIAB_EYE_EXAM,0.04133124333261657,InComm-sourced,True,ablation_v1
MOCK02587,DIAB_EYE_EXAM,0.043679916750529464,InComm-sourced,True,ablation_v1
MOCK02593,DIAB_EYE_EXAM,0.02387448640340873,InComm-sourced,True,ablation_v1
MOCK02599,DIAB_EYE_EXAM,0.019377473501118417,InComm-sourced,True,ablation_v1
MOCK02605,DIAB_EYE_EXAM,0.02634383757880937,InComm-sourced,True,ablation_v1
MOCK02611,DIAB_EYE_EXAM,0.04047912276112817,InComm-sourced,True,ablation_v1
MOCK02617,DIAB_EYE_EXAM,0.022213421740008968,InComm-sourced,True,ablation_v1
MOCK02623,DIAB_EYE_EXAM,0.04206627294120598,InComm-sourced,True,ablation_v1
MOCK02629,DIAB_EYE_EXAM,0.04669849546717388,InComm-sourced,True,ablation_v1
MOCK02635,DIAB_EYE_EXAM,0.01703498399048098,InComm-sourced,True,ablation_v1
MOCK02641,DIAB_EYE_EXAM,0.031851378179920044,InComm-sourced,True,ablation_v1
MOCK02647,DIAB_EYE_EXAM,0.0525333830899697,InComm-sourced,True,ablation_v1
MOCK02653,DIAB_EYE_EXAM,0.04873504120622334,InComm-sourced,True,ablation_v1
MOCK02659,DIAB_EYE_EXAM,0.02818669264191103,InComm-sourced,True,ablation_v1
MOCK02665,DIAB_EYE_EXAM,0.020491168747985927,InComm-sourced,True,ablation_v1
MOCK02671,DIAB_EYE_EXAM,0.03822382409735299,InComm-sourced,True,ablation_v1
MOCK02677,DIAB_EYE_EXAM,0.09480816027612511,InComm-sourced,True,ablation_v1
MOCK02683,DIAB_EYE_EXAM,0.04824349580194747,InComm-sourced,True,ablation_v1
MOCK02689,DIAB_EYE_EXAM,0.053679261571573676,InComm-sourced,True,ablation_v1
MOCK02695,DIAB_EYE_EXAM,0.08261381053930447,InComm-sourced,True,ablation_v1
MOCK02701,DIAB_EYE_EXAM,0.036158168029582556,InComm-sourced,True,ablation_v1
MOCK02707,DIAB_EYE_EXAM,0.02535669876219463,InComm-sourced,True,ablation_v1
MOCK02713,DIAB_EYE_EXAM,0.028445499827449598,InComm-sourced,True,ablation_v1
MOCK02719,DIAB_EYE_EXAM,0.05498063032441385,InComm-sourced,True,ablation_v1
MOCK02725,DIAB_EYE_EXAM,0.021862113625796178,InComm-sourced,True,ablation_v1
MOCK02731,DIAB_EYE_EXAM,0.019409430368562706,InComm-sourced,True,ablation_v1
MOCK02737,DIAB_EYE_EXAM,0.029469277670080455,InComm-sourced,True,ablation_v1
MOCK02743,DIAB_EYE_EXAM,0.06643504328619286,InComm-sourced,True,ablation_v1
MOCK02749,DIAB_EYE_EXAM,0.03678390913149786,InComm-sourced,True,ablation_v1
MOCK02755,DIAB_EYE_EXAM,0.02855281190995284,InComm-sourced,True,ablation_v1
MOCK02761,DIAB_EYE_EXAM,0.02002829956217995,InComm-sourced,True,ablation_v1
MOCK02767,DIAB_EYE_EXAM,0.03482986148555021,InComm-sourced,True,ablation_v1
MOCK02773,DIAB_EYE_EXAM,0.05372700960034055,InComm-sourced,True,ablation_v1
MOCK02779,DIAB_EYE_EXAM,0.03050629415931395,InComm-sourced,True,ablation_v1
MOCK02785,DIAB_EYE_EXAM,0.019712209479197152,InComm-sourced,True,ablation_v1
MOCK02791,DIAB_EYE_EXAM,0.03753577940586959,InComm-sourced,True,ablation_v1
MOCK02797,DIAB_EYE_EXAM,0.021853502611620633,InComm-sourced,True,ablation_v1
MOCK02803,DIAB_EYE_EXAM,0.03506920582788891,InComm-sourced,True,ablation_v1
MOCK02809,DIAB_EYE_EXAM,0.03662544916512267,InComm-sourced,True,ablation_v1
MOCK02815,DIAB_EYE_EXAM,0.0434314571285784,InComm-sourced,True,ablation_v1
MOCK02821,DIAB_EYE_EXAM,0.022472651429884912,InComm-sourced,True,ablation_v1
MOCK02827,DIAB_EYE_EXAM,0.09992926531531841,InComm-sourced,True,ablation_v1
MOCK02833,DIAB_EYE_EXAM,0.01868465601078467,InComm-sourced,True,ablation_v1
MOCK02839,DIAB_EYE_EXAM,0.05847620160520536,InComm-sourced,True,ablation_v1
MOCK02845,DIAB_EYE_EXAM,0.052202497755014406,InComm-sourced,True,ablation_v1
MOCK02851,DIAB_EYE_EXAM,0.027289591937934742,InComm-sourced,True,ablation_v1
MOCK02857,DIAB_EYE_EXAM,0.04811236262805493,InComm-sourced,True,ablation_v1
MOCK02863,DIAB_EYE_EXAM,0.0238872773815838,InComm-sourced,True,ablation_v1
MOCK02869,DIAB_EYE_EXAM,0.04150341815376545,InComm-sourced,True,ablation_v1
MOCK02875,DIAB_EYE_EXAM,0.024257774022451946,InComm-sourced,True,ablation_v1
MOCK02881,DIAB_EYE_EXAM,0.026594825819731938,InComm-sourced,True,ablation_v1
MOCK02887,DIAB_EYE_EXAM,0.06274387310856618,InComm-sourced,True,ablation_v1
MOCK02893,DIAB_EYE_EXAM,0.02084097091404224,InComm-sourced,True,ablation_v1
MOCK02899,DIAB_EYE_EXAM,0.029435715310128337,InComm-sourced,True,ablation_v1
MOCK02905,DIAB_EYE_EXAM,0.031768065531820086,InComm-sourced,True,ablation_v1
MOCK02911,DIAB_EYE_EXAM,0.038180517493413293,InComm-sourced,True,ablation_v1
MOCK02917,DIAB_EYE_EXAM,0.03982177780881748,InComm-sourced,True,ablation_v1
MOCK02923,DIAB_EYE_EXAM,0.04443444520276146,InComm-sourced,True,ablation_v1
MOCK02929,DIAB_EYE_EXAM,0.024651374106050658,InComm-sourced,True,ablation_v1
MOCK02935,DIAB_EYE_EXAM,0.03276881915592509,InComm-sourced,True,ablation_v1
MOCK02941,DIAB_EYE_EXAM,0.033669311896130844,InComm-sourced,True,ablation_v1
MOCK02947,DIAB_EYE_EXAM,0.06498982795036831,InComm-sourced,True,ablation_v1
MOCK02953,DIAB_EYE_EXAM,0.08438259587000922,InComm-sourced,True,ablation_v1
MOCK02959,DIAB_EYE_EXAM,0.021772678707251473,InComm-sourced,True,ablation_v1
MOCK02965,DIAB_EYE_EXAM,0.05517715156132432,InComm-sourced,True,ablation_v1
MOCK02971,DIAB_EYE_EXAM,0.05187602790641554,InComm-sourced,True,ablation_v1
MOCK02977,DIAB_EYE_EXAM,0.03688890343647438,InComm-sourced,True,ablation_v1
MOCK02983,DIAB_EYE_EXAM,0.04131736613578239,InComm-sourced,True,ablation_v1
MOCK02989,DIAB_EYE_EXAM,0.03192512400485783,InComm-sourced,True,ablation_v1
MOCK02995,DIAB_EYE_EXAM,0.022304825874045968,InComm-sourced,True,ablation_v1
MOCK03001,DIAB_EYE_EXAM,0.03000996523761942,InComm-sourced,True,ablation_v1
MOCK03007,DIAB_EYE_EXAM,0.03380780356919081,InComm-sourced,True,ablation_v1
MOCK03013,DIAB_EYE_EXAM,0.0257428007556073,InComm-sourced,True,ablation_v1
MOCK03019,DIAB_EYE_EXAM,0.036712705587314265,InComm-sourced,True,ablation_v1
MOCK03025,DIAB_EYE_EXAM,0.024639616106241876,InComm-sourced,True,ablation_v1
MOCK03031,DIAB_EYE_EXAM,0.021549225630653545,InComm-sourced,True,ablation_v1
MOCK03037,DIAB_EYE_EXAM,0.020327145740525732,InComm-sourced,True,ablation_v1
MOCK03043,DIAB_EYE_EXAM,0.023421765745772417,InComm-sourced,True,ablation_v1
MOCK03049,DIAB_EYE_EXAM,0.046730187630604214,InComm-sourced,True,ablation_v1
MOCK03055,DIAB_EYE_EXAM,0.029393274948169984,InComm-sourced,True,ablation_v1
MOCK03061,DIAB_EYE_EXAM,0.02110384351434123,InComm-sourced,True,ablation_v1
MOCK03067,DIAB_EYE_EXAM,0.020711019897004072,InComm-sourced,True,ablation_v1
MOCK03073,DIAB_EYE_EXAM,0.0254887041543594,InComm-sourced,True,ablation_v1
MOCK03079,DIAB_EYE_EXAM,0.033298164030478854,InComm-sourced,True,ablation_v1
MOCK03085,DIAB_EYE_EXAM,0.02865317229286932,InComm-sourced,True,ablation_v1
MOCK03091,DIAB_EYE_EXAM,0.037320717705626914,InComm-sourced,True,ablation_v1
MOCK03097,DIAB_EYE_EXAM,0.013369387687289772,InComm-sourced,True,ablation_v1
MOCK03103,DIAB_EYE_EXAM,0.02751622073148989,InComm-sourced,True,ablation_v1
MOCK03109,DIAB_EYE_EXAM,0.025140538083947145,InComm-sourced,True,ablation_v1
MOCK03115,DIAB_EYE_EXAM,0.01906477778619141,InComm-sourced,True,ablation_v1
MOCK03121,DIAB_EYE_EXAM,0.040315529012751046,InComm-sourced,True,ablation_v1
MOCK03127,DIAB_EYE_EXAM,0.029546669069696198,InComm-sourced,True,ablation_v1
MOCK03133,DIAB_EYE_EXAM,0.049263858311752756,InComm-sourced,True,ablation_v1
MOCK03139,DIAB_EYE_EXAM,0.04669938783078907,InComm-sourced,True,ablation_v1
MOCK03145,DIAB_EYE_EXAM,0.03337586824519299,InComm-sourced,True,ablation_v1
MOCK03151,DIAB_EYE_EXAM,0.01931741144316111,InComm-sourced,True,ablation_v1
MOCK03157,DIAB_EYE_EXAM,0.04034378002474553,InComm-sourced,True,ablation_v1
MOCK03163,DIAB_EYE_EXAM,0.03958174955894976,InComm-sourced,True,ablation_v1
MOCK03169,DIAB_EYE_EXAM,0.023591694729556988,InComm-sourced,True,ablation_v1
MOCK03175,DIAB_EYE_EXAM,0.02468071114966792,InComm-sourced,True,ablation_v1
MOCK03181,DIAB_EYE_EXAM,0.041371223344361926,InComm-sourced,True,ablation_v1
MOCK03187,DIAB_EYE_EXAM,0.05230567849157554,InComm-sourced,True,ablation_v1
MOCK03193,DIAB_EYE_EXAM,0.04633943396153804,InComm-sourced,True,ablation_v1
MOCK03199,DIAB_EYE_EXAM,0.038325131203394154,InComm-sourced,True,ablation_v1
MOCK03205,DIAB_EYE_EXAM,0.03782228508396038,InComm-sourced,True,ablation_v1
MOCK03211,DIAB_EYE_EXAM,0.016971421813354634,InComm-sourced,True,ablation_v1
MOCK03217,DIAB_EYE_EXAM,0.03726555191758392,InComm-sourced,True,ablation_v1
MOCK03223,DIAB_EYE_EXAM,0.07319762680815198,InComm-sourced,True,ablation_v1
MOCK03229,DIAB_EYE_EXAM,0.042891248255979654,InComm-sourced,True,ablation_v1
MOCK03235,DIAB_EYE_EXAM,0.037938906202225155,InComm-sourced,True,ablation_v1
MOCK03241,DIAB_EYE_EXAM,0.03944401920042746,InComm-sourced,True,ablation_v1
MOCK03247,DIAB_EYE_EXAM,0.01607880200646495,InComm-sourced,True,ablation_v1
MOCK03253,DIAB_EYE_EXAM,0.02437327341779989,InComm-sourced,True,ablation_v1
MOCK03259,DIAB_EYE_EXAM,0.060446586793137,InComm-sourced,True,ablation_v1
MOCK03265,DIAB_EYE_EXAM,0.023381688802720912,InComm-sourced,True,ablation_v1
MOCK03271,DIAB_EYE_EXAM,0.02935225361633917,InComm-sourced,True,ablation_v1
MOCK03277,DIAB_EYE_EXAM,0.039782102859775535,InComm-sourced,True,ablation_v1
MOCK03283,DIAB_EYE_EXAM,0.054443088344308554,InComm-sourced,True,ablation_v1
MOCK03289,DIAB_EYE_EXAM,0.05543120384261124,InComm-sourced,True,ablation_v1
MOCK03295,DIAB_EYE_EXAM,0.0272924407365531,InComm-sourced,True,ablation_v1
MOCK03301,DIAB_EYE_EXAM,0.020947052094645095,InComm-sourced,True,ablation_v1
MOCK03307,DIAB_EYE_EXAM,0.026961392759507395,InComm-sourced,True,ablation_v1
MOCK03313,DIAB_EYE_EXAM,0.05269302513048952,InComm-sourced,True,ablation_v1
MOCK03319,DIAB_EYE_EXAM,0.02551997022847527,InComm-sourced,True,ablation_v1
MOCK03325,DIAB_EYE_EXAM,0.02368078743762845,InComm-sourced,True,ablation_v1
MOCK03331,DIAB_EYE_EXAM,0.023079037768843735,InComm-sourced,True,ablation_v1
MOCK03337,DIAB_EYE_EXAM,0.022221747213310983,InComm-sourced,True,ablation_v1
MOCK03343,DIAB_EYE_EXAM,0.03905423976233998,InComm-sourced,True,ablation_v1
MOCK03349,DIAB_EYE_EXAM,0.03513416823847888,InComm-sourced,True,ablation_v1
MOCK03355,DIAB_EYE_EXAM,0.03211550050299398,InComm-sourced,True,ablation_v1
MOCK03361,DIAB_EYE_EXAM,0.022484649083463253,InComm-sourced,True,ablation_v1
MOCK03367,DIAB_EYE_EXAM,0.042386886283301256,InComm-sourced,True,ablation_v1
MOCK03373,DIAB_EYE_EXAM,0.03552977657705639,InComm-sourced,True,ablation_v1
MOCK03379,DIAB_EYE_EXAM,0.02860177771586334,InComm-sourced,True,ablation_v1
MOCK03385,DIAB_EYE_EXAM,0.02265444512508249,InComm-sourced,True,ablation_v1
MOCK03391,DIAB_EYE_EXAM,0.033736823075240854,InComm-sourced,True,ablation_v1
MOCK03397,DIAB_EYE_EXAM,0.05550820254592846,InComm-sourced,True,ablation_v1
MOCK03403,DIAB_EYE_EXAM,0.028155897158986306,InComm-sourced,True,ablation_v1
MOCK03409,DIAB_EYE_EXAM,0.07103710617449902,InComm-sourced,True,ablation_v1
MOCK03415,DIAB_EYE_EXAM,0.02647383288124683,InComm-sourced,True,ablation_v1
MOCK03421,DIAB_EYE_EXAM,0.030534045676240382,InComm-sourced,True,ablation_v1
MOCK03427,DIAB_EYE_EXAM,0.05806409765982328,InComm-sourced,True,ablation_v1
MOCK03433,DIAB_EYE_EXAM,0.05521127910442336,InComm-sourced,True,ablation_v1
MOCK03439,DIAB_EYE_EXAM,0.0933847317639799,InComm-sourced,True,ablation_v1
MOCK03445,DIAB_EYE_EXAM,0.027365701775019256,InComm-sourced,True,ablation_v1
MOCK03451,DIAB_EYE_EXAM,0.02613072208768598,InComm-sourced,True,ablation_v1
MOCK03457,DIAB_EYE_EXAM,0.02037278186800207,InComm-sourced,True,ablation_v1
MOCK03463,DIAB_EYE_EXAM,0.03317762011384603,InComm-sourced,True,ablation_v1
MOCK03469,DIAB_EYE_EXAM,0.04573116678278297,InComm-sourced,True,ablation_v1
MOCK03475,DIAB_EYE_EXAM,0.036982891756234995,InComm-sourced,True,ablation_v1
MOCK03481,DIAB_EYE_EXAM,0.031244851264446705,InComm-sourced,True,ablation_v1
MOCK03487,DIAB_EYE_EXAM,0.03460106203311346,InComm-sourced,True,ablation_v1
MOCK03493,DIAB_EYE_EXAM,0.02903506665318117,InComm-sourced,True,ablation_v1
MOCK03499,DIAB_EYE_EXAM,0.026696985981208284,InComm-sourced,True,ablation_v1
MOCK03505,DIAB_EYE_EXAM,0.03435736787024521,InComm-sourced,True,ablation_v1
MOCK03511,DIAB_EYE_EXAM,0.028063323914529675,InComm-sourced,True,ablation_v1
MOCK03517,DIAB_EYE_EXAM,0.02499773220171905,InComm-sourced,True,ablation_v1
MOCK03523,DIAB_EYE_EXAM,0.09636624261220268,InComm-sourced,True,ablation_v1
MOCK03529,DIAB_EYE_EXAM,0.05189448556199318,InComm-sourced,True,ablation_v1
MOCK03535,DIAB_EYE_EXAM,0.033465797955837116,InComm-sourced,True,ablation_v1
MOCK03541,DIAB_EYE_EXAM,0.04703758217275876,InComm-sourced,True,ablation_v1
MOCK03547,DIAB_EYE_EXAM,0.07276905803742266,InComm-sourced,True,ablation_v1
MOCK03553,DIAB_EYE_EXAM,0.028554474001792226,InComm-sourced,True,ablation_v1
MOCK03559,DIAB_EYE_EXAM,0.029806294778391935,InComm-sourced,True,ablation_v1
MOCK03565,DIAB_EYE_EXAM,0.014761848051296848,InComm-sourced,True,ablation_v1
MOCK03571,DIAB_EYE_EXAM,0.025428730122222,InComm-sourced,True,ablation_v1
MOCK03577,DIAB_EYE_EXAM,0.023652795531201573,InComm-sourced,True,ablation_v1
MOCK03583,DIAB_EYE_EXAM,0.025028125780439763,InComm-sourced,True,ablation_v1
MOCK03589,DIAB_EYE_EXAM,0.03947429452976881,InComm-sourced,True,ablation_v1
MOCK03595,DIAB_EYE_EXAM,0.02435377152197768,InComm-sourced,True,ablation_v1
MOCK03601,DIAB_EYE_EXAM,0.03898963752621545,InComm-sourced,True,ablation_v1
MOCK03607,DIAB_EYE_EXAM,0.029225310306281522,InComm-sourced,True,ablation_v1
MOCK03613,DIAB_EYE_EXAM,0.10486886455012502,InComm-sourced,True,ablation_v1
MOCK03619,DIAB_EYE_EXAM,0.025514575264459317,InComm-sourced,True,ablation_v1
MOCK03625,DIAB_EYE_EXAM,0.01837525516739683,InComm-sourced,True,ablation_v1
MOCK03631,DIAB_EYE_EXAM,0.03886299069726665,InComm-sourced,True,ablation_v1
MOCK03637,DIAB_EYE_EXAM,0.03572532718665215,InComm-sourced,True,ablation_v1
MOCK03643,DIAB_EYE_EXAM,0.048882807068692434,InComm-sourced,True,ablation_v1
MOCK03649,DIAB_EYE_EXAM,0.036667152637350285,InComm-sourced,True,ablation_v1
MOCK03655,DIAB_EYE_EXAM,0.03634460345282473,InComm-sourced,True,ablation_v1
MOCK03661,DIAB_EYE_EXAM,0.03551775923221128,InComm-sourced,True,ablation_v1
MOCK03667,DIAB_EYE_EXAM,0.03388576312043351,InComm-sourced,True,ablation_v1
MOCK03673,DIAB_EYE_EXAM,0.03970049942634757,InComm-sourced,True,ablation_v1
MOCK03679,DIAB_EYE_EXAM,0.038661002291213546,InComm-sourced,True,ablation_v1
MOCK03685,DIAB_EYE_EXAM,0.03243220747805701,InComm-sourced,True,ablation_v1
MOCK03691,DIAB_EYE_EXAM,0.033827903338387144,InComm-sourced,True,ablation_v1
MOCK03697,DIAB_EYE_EXAM,0.01983050736176614,InComm-sourced,True,ablation_v1
MOCK03703,DIAB_EYE_EXAM,0.026923131801301417,InComm-sourced,True,ablation_v1
MOCK03709,DIAB_EYE_EXAM,0.054046564445278056,InComm-sourced,True,ablation_v1
MOCK03715,DIAB_EYE_EXAM,0.04355424727054795,InComm-sourced,True,ablation_v1
MOCK03721,DIAB_EYE_EXAM,0.028175248547575228,InComm-sourced,True,ablation_v1
MOCK03727,DIAB_EYE_EXAM,0.042521928353223264,InComm-sourced,True,ablation_v1
MOCK03733,DIAB_EYE_EXAM,0.025387664947336658,InComm-sourced,True,ablation_v1
MOCK03739,DIAB_EYE_EXAM,0.07589751489647524,InComm-sourced,True,ablation_v1
MOCK03745,DIAB_EYE_EXAM,0.012324547186552246,InComm-sourced,True,ablation_v1
MOCK03751,DIAB_EYE_EXAM,0.04147635080139747,InComm-sourced,True,ablation_v1
MOCK03757,DIAB_EYE_EXAM,0.024103972350494288,InComm-sourced,True,ablation_v1
MOCK03763,DIAB_EYE_EXAM,0.0684902201931477,InComm-sourced,True,ablation_v1
MOCK03769,DIAB_EYE_EXAM,0.02234068220268675,InComm-sourced,True,ablation_v1
MOCK03775,DIAB_EYE_EXAM,0.02006432466132081,InComm-sourced,True,ablation_v1
MOCK03781,DIAB_EYE_EXAM,0.10054194853603507,InComm-sourced,True,ablation_v1
MOCK03787,DIAB_EYE_EXAM,0.036472918473885264,InComm-sourced,True,ablation_v1
MOCK03793,DIAB_EYE_EXAM,0.028697831710448984,InComm-sourced,True,ablation_v1
MOCK03799,DIAB_EYE_EXAM,0.02327544742615288,InComm-sourced,True,ablation_v1
MOCK03805,DIAB_EYE_EXAM,0.02764961788244147,InComm-sourced,True,ablation_v1
MOCK03811,DIAB_EYE_EXAM,0.04581220758018955,InComm-sourced,True,ablation_v1
MOCK03817,DIAB_EYE_EXAM,0.033867740836092806,InComm-sourced,True,ablation_v1
MOCK03823,DIAB_EYE_EXAM,0.025968197394601416,InComm-sourced,True,ablation_v1
MOCK03829,DIAB_EYE_EXAM,0.057978191296171516,InComm-sourced,True,ablation_v1
MOCK03835,DIAB_EYE_EXAM,0.040125125635085274,InComm-sourced,True,ablation_v1
MOCK03841,DIAB_EYE_EXAM,0.019181974434193862,InComm-sourced,True,ablation_v1
MOCK03847,DIAB_EYE_EXAM,0.027828191729079913,InComm-sourced,True,ablation_v1
MOCK03853,DIAB_EYE_EXAM,0.039458382936355424,InComm-sourced,True,ablation_v1
MOCK03859,DIAB_EYE_EXAM,0.030120701996550092,InComm-sourced,True,ablation_v1
MOCK03865,DIAB_EYE_EXAM,0.038103311361802145,InComm-sourced,True,ablation_v1
MOCK03871,DIAB_EYE_EXAM,0.02004530365054295,InComm-sourced,True,ablation_v1
MOCK03877,DIAB_EYE_EXAM,0.027737850240022975,InComm-sourced,True,ablation_v1
MOCK03883,DIAB_EYE_EXAM,0.03953068089260358,InComm-sourced,True,ablation_v1
MOCK03889,DIAB_EYE_EXAM,0.04470043521693611,InComm-sourced,True,ablation_v1
MOCK03895,DIAB_EYE_EXAM,0.018456831718816354,InComm-sourced,True,ablation_v1
MOCK03901,DIAB_EYE_EXAM,0.05948810810783858,InComm-sourced,True,ablation_v1
MOCK03907,DIAB_EYE_EXAM,0.02305371596575972,InComm-sourced,True,ablation_v1
MOCK03913,DIAB_EYE_EXAM,0.027591941286813478,InComm-sourced,True,ablation_v1
MOCK03919,DIAB_EYE_EXAM,0.022041029573522945,InComm-sourced,True,ablation_v1
MOCK03925,DIAB_EYE_EXAM,0.033974202635494805,InComm-sourced,True,ablation_v1
MOCK03931,DIAB_EYE_EXAM,0.04031317070824804,InComm-sourced,True,ablation_v1
MOCK03937,DIAB_EYE_EXAM,0.02469410036241703,InComm-sourced,True,ablation_v1
MOCK03943,DIAB_EYE_EXAM,0.03051573650114309,InComm-sourced,True,ablation_v1
MOCK03949,DIAB_EYE_EXAM,0.05828167449411217,InComm-sourced,True,ablation_v1
MOCK03955,DIAB_EYE_EXAM,0.0527644270307475,InComm-sourced,True,ablation_v1
MOCK03961,DIAB_EYE_EXAM,0.03842578000178523,InComm-sourced,True,ablation_v1
MOCK03967,DIAB_EYE_EXAM,0.05705771278284637,InComm-sourced,True,ablation_v1
MOCK03973,DIAB_EYE_EXAM,0.03013136281401181,InComm-sourced,True,ablation_v1
MOCK03979,DIAB_EYE_EXAM,0.03885535920822987,InComm-sourced,True,ablation_v1
MOCK03985,DIAB_EYE_EXAM,0.03858599041833892,InComm-sourced,True,ablation_v1
MOCK03991,DIAB_EYE_EXAM,0.027263068319451928,InComm-sourced,True,ablation_v1
MOCK03997,DIAB_EYE_EXAM,0.028500915997826802,InComm-sourced,True,ablation_v1
MOCK04003,DIAB_EYE_EXAM,0.07724811694033536,InComm-sourced,True,ablation_v1
MOCK04009,DIAB_EYE_EXAM,0.04986860861911854,InComm-sourced,True,ablation_v1
MOCK04015,DIAB_EYE_EXAM,0.03317382549358734,InComm-sourced,True,ablation_v1
MOCK04021,DIAB_EYE_EXAM,0.0241635120853115,InComm-sourced,True,ablation_v1
MOCK04027,DIAB_EYE_EXAM,0.015883967154573415,InComm-sourced,True,ablation_v1
MOCK04033,DIAB_EYE_EXAM,0.038115780920844756,InComm-sourced,True,ablation_v1
MOCK04039,DIAB_EYE_EXAM,0.04402087895310993,InComm-sourced,True,ablation_v1
MOCK04045,DIAB_EYE_EXAM,0.01947231644110173,InComm-sourced,True,ablation_v1
MOCK04051,DIAB_EYE_EXAM,0.030795394238988145,InComm-sourced,True,ablation_v1
MOCK04057,DIAB_EYE_EXAM,0.050147496011353314,InComm-sourced,True,ablation_v1
MOCK04063,DIAB_EYE_EXAM,0.0457764732069667,InComm-sourced,True,ablation_v1
MOCK04069,DIAB_EYE_EXAM,0.06581136030854792,InComm-sourced,True,ablation_v1
MOCK04075,DIAB_EYE_EXAM,0.029649605684900358,InComm-sourced,True,ablation_v1
MOCK04081,DIAB_EYE_EXAM,0.02086967530542777,InComm-sourced,True,ablation_v1
MOCK04087,DIAB_EYE_EXAM,0.03170226971427829,InComm-sourced,True,ablation_v1
MOCK04093,DIAB_EYE_EXAM,0.02452202343286067,InComm-sourced,True,ablation_v1
MOCK04099,DIAB_EYE_EXAM,0.04058701959032445,InComm-sourced,True,ablation_v1
MOCK04105,DIAB_EYE_EXAM,0.046198305932500676,InComm-sourced,True,ablation_v1
MOCK04111,DIAB_EYE_EXAM,0.022111598983911056,InComm-sourced,True,ablation_v1
MOCK04117,DIAB_EYE_EXAM,0.06472091024543933,InComm-sourced,True,ablation_v1
MOCK04123,DIAB_EYE_EXAM,0.057171121174339305,InComm-sourced,True,ablation_v1
MOCK04129,DIAB_EYE_EXAM,0.029101676382612438,InComm-sourced,True,ablation_v1
MOCK04135,DIAB_EYE_EXAM,0.04164743037796566,InComm-sourced,True,ablation_v1
MOCK04141,DIAB_EYE_EXAM,0.0536420552932647,InComm-sourced,True,ablation_v1
MOCK04147,DIAB_EYE_EXAM,0.029830066876681507,InComm-sourced,True,ablation_v1
MOCK04153,DIAB_EYE_EXAM,0.05123406551665787,InComm-sourced,True,ablation_v1
MOCK04159,DIAB_EYE_EXAM,0.033132782848679744,InComm-sourced,True,ablation_v1
MOCK04165,DIAB_EYE_EXAM,0.021763308664044287,InComm-sourced,True,ablation_v1
MOCK04171,DIAB_EYE_EXAM,0.04010671313049338,InComm-sourced,True,ablation_v1
MOCK04177,DIAB_EYE_EXAM,0.09605311394678494,InComm-sourced,True,ablation_v1
MOCK04183,DIAB_EYE_EXAM,0.029030712833783237,InComm-sourced,True,ablation_v1
MOCK04189,DIAB_EYE_EXAM,0.03694349425295628,InComm-sourced,True,ablation_v1
MOCK04195,DIAB_EYE_EXAM,0.03329633412385943,InComm-sourced,True,ablation_v1
MOCK04201,DIAB_EYE_EXAM,0.02954204856467106,InComm-sourced,True,ablation_v1
MOCK04207,DIAB_EYE_EXAM,0.020211920449890276,InComm-sourced,True,ablation_v1
MOCK04213,DIAB_EYE_EXAM,0.07165153238435551,InComm-sourced,True,ablation_v1
MOCK04219,DIAB_EYE_EXAM,0.0317427397643767,InComm-sourced,True,ablation_v1
MOCK04225,DIAB_EYE_EXAM,0.02923765895820457,InComm-sourced,True,ablation_v1
MOCK04231,DIAB_EYE_EXAM,0.03728701363495734,InComm-sourced,True,ablation_v1
MOCK04237,DIAB_EYE_EXAM,0.06730079393578489,InComm-sourced,True,ablation_v1
MOCK04243,DIAB_EYE_EXAM,0.032548293390629285,InComm-sourced,True,ablation_v1
MOCK04249,DIAB_EYE_EXAM,0.023744724113630156,InComm-sourced,True,ablation_v1
MOCK04255,DIAB_EYE_EXAM,0.06851582169661724,InComm-sourced,True,ablation_v1
MOCK04261,DIAB_EYE_EXAM,0.034531002030331354,InComm-sourced,True,ablation_v1
MOCK04267,DIAB_EYE_EXAM,0.012399453709414164,InComm-sourced,True,ablation_v1
MOCK04273,DIAB_EYE_EXAM,0.04937186502959375,InComm-sourced,True,ablation_v1
MOCK04279,DIAB_EYE_EXAM,0.0238585498531577,InComm-sourced,True,ablation_v1
MOCK04285,DIAB_EYE_EXAM,0.022720354176387996,InComm-sourced,True,ablation_v1
MOCK04291,DIAB_EYE_EXAM,0.018159183354703623,InComm-sourced,True,ablation_v1
MOCK04297,DIAB_EYE_EXAM,0.030246927553014304,InComm-sourced,True,ablation_v1
MOCK04303,DIAB_EYE_EXAM,0.0242360091062588,InComm-sourced,True,ablation_v1
MOCK04309,DIAB_EYE_EXAM,0.04163225196802778,InComm-sourced,True,ablation_v1
MOCK04315,DIAB_EYE_EXAM,0.040981749033418745,InComm-sourced,True,ablation_v1
MOCK04321,DIAB_EYE_EXAM,0.033192698181048357,InComm-sourced,True,ablation_v1
MOCK04327,DIAB_EYE_EXAM,0.059212462411226366,InComm-sourced,True,ablation_v1
MOCK04333,DIAB_EYE_EXAM,0.050183382226604255,InComm-sourced,True,ablation_v1
MOCK04339,DIAB_EYE_EXAM,0.023981280615520684,InComm-sourced,True,ablation_v1
MOCK04345,DIAB_EYE_EXAM,0.02738352302215561,InComm-sourced,True,ablation_v1
MOCK04351,DIAB_EYE_EXAM,0.05851567172026797,InComm-sourced,True,ablation_v1
MOCK04357,DIAB_EYE_EXAM,0.017060218510257404,InComm-sourced,True,ablation_v1
MOCK04363,DIAB_EYE_EXAM,0.0757538079873432,InComm-sourced,True,ablation_v1
MOCK04369,DIAB_EYE_EXAM,0.017707773402270116,InComm-sourced,True,ablation_v1
MOCK04375,DIAB_EYE_EXAM,0.031213864564333723,InComm-sourced,True,ablation_v1
MOCK04381,DIAB_EYE_EXAM,0.06868657136245536,InComm-sourced,True,ablation_v1
MOCK04387,DIAB_EYE_EXAM,0.0401977814609328,InComm-sourced,True,ablation_v1
MOCK04393,DIAB_EYE_EXAM,0.05340646917417709,InComm-sourced,True,ablation_v1
MOCK04399,DIAB_EYE_EXAM,0.06672477500453965,InComm-sourced,True,ablation_v1
MOCK04405,DIAB_EYE_EXAM,0.033201619021560075,InComm-sourced,True,ablation_v1
MOCK04411,DIAB_EYE_EXAM,0.037103621415114786,InComm-sourced,True,ablation_v1
MOCK04417,DIAB_EYE_EXAM,0.04108460680063589,InComm-sourced,True,ablation_v1
MOCK04423,DIAB_EYE_EXAM,0.05198117338876566,InComm-sourced,True,ablation_v1
MOCK04429,DIAB_EYE_EXAM,0.02038758641270586,InComm-sourced,True,ablation_v1
MOCK04435,DIAB_EYE_EXAM,0.023723747564081448,InComm-sourced,True,ablation_v1
MOCK04441,DIAB_EYE_EXAM,0.026596887743974545,InComm-sourced,True,ablation_v1
MOCK04447,DIAB_EYE_EXAM,0.02654646101071663,InComm-sourced,True,ablation_v1
MOCK04453,DIAB_EYE_EXAM,0.038386791461935715,InComm-sourced,True,ablation_v1
MOCK04459,DIAB_EYE_EXAM,0.03198154789566133,InComm-sourced,True,ablation_v1
MOCK04465,DIAB_EYE_EXAM,0.027469502551116534,InComm-sourced,True,ablation_v1
MOCK04471,DIAB_EYE_EXAM,0.03425234857071408,InComm-sourced,True,ablation_v1
MOCK04477,DIAB_EYE_EXAM,0.08947299145966014,InComm-sourced,True,ablation_v1
MOCK04483,DIAB_EYE_EXAM,0.028586365140169486,InComm-sourced,True,ablation_v1
MOCK04489,DIAB_EYE_EXAM,0.04562905856789701,InComm-sourced,True,ablation_v1
MOCK04495,DIAB_EYE_EXAM,0.02106383331127293,InComm-sourced,True,ablation_v1
MOCK04501,DIAB_EYE_EXAM,0.05988414068214237,InComm-sourced,True,ablation_v1
MOCK04507,DIAB_EYE_EXAM,0.024368623262094442,InComm-sourced,True,ablation_v1
MOCK04513,DIAB_EYE_EXAM,0.037220712321038664,InComm-sourced,True,ablation_v1
MOCK04519,DIAB_EYE_EXAM,0.05224121117199438,InComm-sourced,True,ablation_v1
MOCK04525,DIAB_EYE_EXAM,0.02204069462679098,InComm-sourced,True,ablation_v1
MOCK04531,DIAB_EYE_EXAM,0.03121788624449603,InComm-sourced,True,ablation_v1
MOCK04537,DIAB_EYE_EXAM,0.02974005092794827,InComm-sourced,True,ablation_v1
MOCK04543,DIAB_EYE_EXAM,0.05006708921738811,InComm-sourced,True,ablation_v1
MOCK04549,DIAB_EYE_EXAM,0.05514634937906652,InComm-sourced,True,ablation_v1
MOCK04555,DIAB_EYE_EXAM,0.038841542771269125,InComm-sourced,True,ablation_v1
MOCK04561,DIAB_EYE_EXAM,0.04639625326638026,InComm-sourced,True,ablation_v1
MOCK04567,DIAB_EYE_EXAM,0.027197242832906622,InComm-sourced,True,ablation_v1
MOCK04573,DIAB_EYE_EXAM,0.08638310382146328,InComm-sourced,True,ablation_v1
MOCK04579,DIAB_EYE_EXAM,0.08080605518026128,InComm-sourced,True,ablation_v1
MOCK04585,DIAB_EYE_EXAM,0.04878874535003635,InComm-sourced,True,ablation_v1
MOCK04591,DIAB_EYE_EXAM,0.03637899985740366,InComm-sourced,True,ablation_v1
MOCK04597,DIAB_EYE_EXAM,0.04652402912386744,InComm-sourced,True,ablation_v1
MOCK04603,DIAB_EYE_EXAM,0.06428349881510662,InComm-sourced,True,ablation_v1
MOCK04609,DIAB_EYE_EXAM,0.07297467862013077,InComm-sourced,True,ablation_v1
MOCK04615,DIAB_EYE_EXAM,0.0612372771138421,InComm-sourced,True,ablation_v1
MOCK04621,DIAB_EYE_EXAM,0.055905843237380314,InComm-sourced,True,ablation_v1
MOCK04627,DIAB_EYE_EXAM,0.060641938606100426,InComm-sourced,True,ablation_v1
MOCK04633,DIAB_EYE_EXAM,0.09381302600637886,InComm-sourced,True,ablation_v1
MOCK04639,DIAB_EYE_EXAM,0.0408959139016202,InComm-sourced,True,ablation_v1
MOCK04645,DIAB_EYE_EXAM,0.0159640499756717,InComm-sourced,True,ablation_v1
MOCK04651,DIAB_EYE_EXAM,0.05222739819951882,InComm-sourced,True,ablation_v1
MOCK04657,DIAB_EYE_EXAM,0.051583461916108825,InComm-sourced,True,ablation_v1
MOCK04663,DIAB_EYE_EXAM,0.015274411227722141,InComm-sourced,True,ablation_v1
MOCK04669,DIAB_EYE_EXAM,0.06812316529524882,InComm-sourced,True,ablation_v1
MOCK04675,DIAB_EYE_EXAM,0.02812760088764239,InComm-sourced,True,ablation_v1
MOCK04681,DIAB_EYE_EXAM,0.030821650552117035,InComm-sourced,True,ablation_v1
MOCK04687,DIAB_EYE_EXAM,0.04090386507643085,InComm-sourced,True,ablation_v1
MOCK04693,DIAB_EYE_EXAM,0.06289285969061152,InComm-sourced,True,ablation_v1
MOCK04699,DIAB_EYE_EXAM,0.06336173348607888,InComm-sourced,True,ablation_v1
MOCK04705,DIAB_EYE_EXAM,0.03671369086963607,InComm-sourced,True,ablation_v1
MOCK04711,DIAB_EYE_EXAM,0.019134003226682388,InComm-sourced,True,ablation_v1
MOCK04717,DIAB_EYE_EXAM,0.021531202212541827,InComm-sourced,True,ablation_v1
MOCK04723,DIAB_EYE_EXAM,0.03154377059295082,InComm-sourced,True,ablation_v1
MOCK04729,DIAB_EYE_EXAM,0.020230881964713114,InComm-sourced,True,ablation_v1
MOCK04735,DIAB_EYE_EXAM,0.028803459157552672,InComm-sourced,True,ablation_v1
MOCK04741,DIAB_EYE_EXAM,0.0338834816285209,InComm-sourced,True,ablation_v1
MOCK04747,DIAB_EYE_EXAM,0.020837290769008636,InComm-sourced,True,ablation_v1
MOCK04753,DIAB_EYE_EXAM,0.06209096292093147,InComm-sourced,True,ablation_v1
MOCK04759,DIAB_EYE_EXAM,0.04775851497704838,InComm-sourced,True,ablation_v1
MOCK04765,DIAB_EYE_EXAM,0.0200789276537639,InComm-sourced,True,ablation_v1
MOCK04771,DIAB_EYE_EXAM,0.08287293385336728,InComm-sourced,True,ablation_v1
MOCK04777,DIAB_EYE_EXAM,0.05196789151171827,InComm-sourced,True,ablation_v1
MOCK04783,DIAB_EYE_EXAM,0.02140173956936969,InComm-sourced,True,ablation_v1
MOCK04789,DIAB_EYE_EXAM,0.041516642060880876,InComm-sourced,True,ablation_v1
MOCK04795,DIAB_EYE_EXAM,0.06055412938514208,InComm-sourced,True,ablation_v1
MOCK04801,DIAB_EYE_EXAM,0.034034693668288,InComm-sourced,True,ablation_v1
MOCK04807,DIAB_EYE_EXAM,0.045445897312897075,InComm-sourced,True,ablation_v1
MOCK04813,DIAB_EYE_EXAM,0.028888323738277686,InComm-sourced,True,ablation_v1
MOCK04819,DIAB_EYE_EXAM,0.02639901752647994,InComm-sourced,True,ablation_v1
MOCK04825,DIAB_EYE_EXAM,0.01619762145400542,InComm-sourced,True,ablation_v1
MOCK04831,DIAB_EYE_EXAM,0.0188812779326355,InComm-sourced,True,ablation_v1
MOCK04837,DIAB_EYE_EXAM,0.05362987483230108,InComm-sourced,True,ablation_v1
MOCK04843,DIAB_EYE_EXAM,0.04221196940303078,InComm-sourced,True,ablation_v1
MOCK04849,DIAB_EYE_EXAM,0.03830881261393439,InComm-sourced,True,ablation_v1
MOCK04855,DIAB_EYE_EXAM,0.018880447294330645,InComm-sourced,True,ablation_v1
MOCK04861,DIAB_EYE_EXAM,0.025023039486926302,InComm-sourced,True,ablation_v1
MOCK04867,DIAB_EYE_EXAM,0.05204743343828232,InComm-sourced,True,ablation_v1
MOCK04873,DIAB_EYE_EXAM,0.06589970136412755,InComm-sourced,True,ablation_v1
MOCK04879,DIAB_EYE_EXAM,0.04277008130992459,InComm-sourced,True,ablation_v1
MOCK04885,DIAB_EYE_EXAM,0.15865912697915946,InComm-sourced,True,ablation_v1
MOCK04891,DIAB_EYE_EXAM,0.020287356261219608,InComm-sourced,True,ablation_v1
MOCK04897,DIAB_EYE_EXAM,0.037472013725662605,InComm-sourced,True,ablation_v1
MOCK04903,DIAB_EYE_EXAM,0.021850920296636163,InComm-sourced,True,ablation_v1
MOCK04909,DIAB_EYE_EXAM,0.030075503605009317,InComm-sourced,True,ablation_v1
MOCK04915,DIAB_EYE_EXAM,0.08039731894955865,InComm-sourced,True,ablation_v1
MOCK04921,DIAB_EYE_EXAM,0.06184552885935757,InComm-sourced,True,ablation_v1
MOCK04927,DIAB_EYE_EXAM,0.0505361075967709,InComm-sourced,True,ablation_v1
MOCK04933,DIAB_EYE_EXAM,0.03001528583092738,InComm-sourced,True,ablation_v1
MOCK04939,DIAB_EYE_EXAM,0.015421778160086911,InComm-sourced,True,ablation_v1
MOCK04945,DIAB_EYE_EXAM,0.023888667907826126,InComm-sourced,True,ablation_v1
MOCK04951,DIAB_EYE_EXAM,0.0355213006585651,InComm-sourced,True,ablation_v1
MOCK04957,DIAB_EYE_EXAM,0.028803341482028073,InComm-sourced,True,ablation_v1
MOCK04963,DIAB_EYE_EXAM,0.03739473224463789,InComm-sourced,True,ablation_v1
MOCK04969,DIAB_EYE_EXAM,0.04216398523539693,InComm-sourced,True,ablation_v1
MOCK04975,DIAB_EYE_EXAM,0.06251626664542537,InComm-sourced,True,ablation_v1
MOCK04981,DIAB_EYE_EXAM,0.0338542291386371,InComm-sourced,True,ablation_v1
MOCK04987,DIAB_EYE_EXAM,0.08944572597218346,InComm-sourced,True,ablation_v1
MOCK04993,DIAB_EYE_EXAM,0.021740913012157307,InComm-sourced,True,ablation_v1
MOCK04999,DIAB_EYE_EXAM,0.03738021274374303,InComm-sourced,True,ablation_v1
MOCK05005,DIAB_EYE_EXAM,0.020517306032328472,InComm-sourced,True,ablation_v1
MOCK05011,DIAB_EYE_EXAM,0.029433835677094462,InComm-sourced,True,ablation_v1
MOCK05017,DIAB_EYE_EXAM,0.038130234103032776,InComm-sourced,True,ablation_v1
MOCK05023,DIAB_EYE_EXAM,0.046119112180924196,InComm-sourced,True,ablation_v1
MOCK05029,DIAB_EYE_EXAM,0.04813181972644526,InComm-sourced,True,ablation_v1
MOCK05035,DIAB_EYE_EXAM,0.03222630989819238,InComm-sourced,True,ablation_v1
MOCK05041,DIAB_EYE_EXAM,0.04254739214277639,InComm-sourced,True,ablation_v1
MOCK05047,DIAB_EYE_EXAM,0.02711959454520841,InComm-sourced,True,ablation_v1
MOCK05053,DIAB_EYE_EXAM,0.06382843700929204,InComm-sourced,True,ablation_v1
MOCK05059,DIAB_EYE_EXAM,0.032956931088149996,InComm-sourced,True,ablation_v1
MOCK05065,DIAB_EYE_EXAM,0.056660172227757176,InComm-sourced,True,ablation_v1
MOCK05071,DIAB_EYE_EXAM,0.05095543519253799,InComm-sourced,True,ablation_v1
MOCK05077,DIAB_EYE_EXAM,0.04426009616338918,InComm-sourced,True,ablation_v1
MOCK05083,DIAB_EYE_EXAM,0.04052699452758742,InComm-sourced,True,ablation_v1
MOCK05089,DIAB_EYE_EXAM,0.03300667247686601,InComm-sourced,True,ablation_v1
MOCK05095,DIAB_EYE_EXAM,0.03344483764507716,InComm-sourced,True,ablation_v1
MOCK05101,DIAB_EYE_EXAM,0.05380238949292569,InComm-sourced,True,ablation_v1
MOCK05107,DIAB_EYE_EXAM,0.017327147023919638,InComm-sourced,True,ablation_v1
MOCK05113,DIAB_EYE_EXAM,0.020938811380932197,InComm-sourced,True,ablation_v1
MOCK05119,DIAB_EYE_EXAM,0.03216432643526854,InComm-sourced,True,ablation_v1
MOCK05125,DIAB_EYE_EXAM,0.03629677438751047,InComm-sourced,True,ablation_v1
MOCK05131,DIAB_EYE_EXAM,0.025360679370414474,InComm-sourced,True,ablation_v1
MOCK05137,DIAB_EYE_EXAM,0.06599269162583575,InComm-sourced,True,ablation_v1
MOCK05143,DIAB_EYE_EXAM,0.03147695158784311,InComm-sourced,True,ablation_v1
MOCK05149,DIAB_EYE_EXAM,0.03252882126233079,InComm-sourced,True,ablation_v1
MOCK05155,DIAB_EYE_EXAM,0.039525095404128054,InComm-sourced,True,ablation_v1
MOCK05161,DIAB_EYE_EXAM,0.033513773720380426,InComm-sourced,True,ablation_v1
MOCK05167,DIAB_EYE_EXAM,0.015999115053802707,InComm-sourced,True,ablation_v1
MOCK05173,DIAB_EYE_EXAM,0.028730414074244363,InComm-sourced,True,ablation_v1
MOCK05179,DIAB_EYE_EXAM,0.030151451672446105,InComm-sourced,True,ablation_v1
MOCK05185,DIAB_EYE_EXAM,0.046209181316747235,InComm-sourced,True,ablation_v1
MOCK05191,DIAB_EYE_EXAM,0.03451581941822785,InComm-sourced,True,ablation_v1
MOCK05197,DIAB_EYE_EXAM,0.027819762433330227,InComm-sourced,True,ablation_v1
MOCK05203,DIAB_EYE_EXAM,0.0459120329758642,InComm-sourced,True,ablation_v1
MOCK05209,DIAB_EYE_EXAM,0.027126931802665052,InComm-sourced,True,ablation_v1
MOCK05215,DIAB_EYE_EXAM,0.0455124373667681,InComm-sourced,True,ablation_v1
MOCK05221,DIAB_EYE_EXAM,0.02965309062815565,InComm-sourced,True,ablation_v1
MOCK05227,DIAB_EYE_EXAM,0.05613658274585853,InComm-sourced,True,ablation_v1
MOCK05233,DIAB_EYE_EXAM,0.04714674177914486,InComm-sourced,True,ablation_v1
MOCK05239,DIAB_EYE_EXAM,0.042286091305102344,InComm-sourced,True,ablation_v1
MOCK05245,DIAB_EYE_EXAM,0.020792422093979367,InComm-sourced,True,ablation_v1
MOCK05251,DIAB_EYE_EXAM,0.036253769874236744,InComm-sourced,True,ablation_v1
MOCK05257,DIAB_EYE_EXAM,0.03241661883882191,InComm-sourced,True,ablation_v1
MOCK05263,DIAB_EYE_EXAM,0.03237961909384428,InComm-sourced,True,ablation_v1
MOCK05269,DIAB_EYE_EXAM,0.045933739457299415,InComm-sourced,True,ablation_v1
MOCK05275,DIAB_EYE_EXAM,0.08534344523177968,InComm-sourced,True,ablation_v1
MOCK05281,DIAB_EYE_EXAM,0.024778707818531982,InComm-sourced,True,ablation_v1
MOCK05287,DIAB_EYE_EXAM,0.02821848798819863,InComm-sourced,True,ablation_v1
MOCK05293,DIAB_EYE_EXAM,0.031057681436249433,InComm-sourced,True,ablation_v1
MOCK05299,DIAB_EYE_EXAM,0.041475617804133405,InComm-sourced,True,ablation_v1
MOCK05305,DIAB_EYE_EXAM,0.03745806119445315,InComm-sourced,True,ablation_v1
MOCK05311,DIAB_EYE_EXAM,0.041231214765440595,InComm-sourced,True,ablation_v1
MOCK05317,DIAB_EYE_EXAM,0.03456668512666355,InComm-sourced,True,ablation_v1
MOCK05323,DIAB_EYE_EXAM,0.031044812149211717,InComm-sourced,True,ablation_v1
MOCK05329,DIAB_EYE_EXAM,0.054012947369076955,InComm-sourced,True,ablation_v1
MOCK05335,DIAB_EYE_EXAM,0.027513164422010045,InComm-sourced,True,ablation_v1
MOCK05341,DIAB_EYE_EXAM,0.08057699292367362,InComm-sourced,True,ablation_v1
MOCK05347,DIAB_EYE_EXAM,0.03302469228959048,InComm-sourced,True,ablation_v1
MOCK05353,DIAB_EYE_EXAM,0.045349592135899806,InComm-sourced,True,ablation_v1
MOCK05359,DIAB_EYE_EXAM,0.026429937243311906,InComm-sourced,True,ablation_v1
MOCK05365,DIAB_EYE_EXAM,0.03437741967173442,InComm-sourced,True,ablation_v1
MOCK05371,DIAB_EYE_EXAM,0.02101319813102507,InComm-sourced,True,ablation_v1
MOCK05377,DIAB_EYE_EXAM,0.10345496255249728,InComm-sourced,True,ablation_v1
MOCK05383,DIAB_EYE_EXAM,0.043770089875522056,InComm-sourced,True,ablation_v1
MOCK05389,DIAB_EYE_EXAM,0.029813027424435482,InComm-sourced,True,ablation_v1
MOCK05395,DIAB_EYE_EXAM,0.0308377974177098,InComm-sourced,True,ablation_v1
MOCK05401,DIAB_EYE_EXAM,0.030675742481615406,InComm-sourced,True,ablation_v1
MOCK05407,DIAB_EYE_EXAM,0.022729549678907536,InComm-sourced,True,ablation_v1
MOCK05413,DIAB_EYE_EXAM,0.022169278530592546,InComm-sourced,True,ablation_v1
MOCK05419,DIAB_EYE_EXAM,0.03713826751545537,InComm-sourced,True,ablation_v1
MOCK05425,DIAB_EYE_EXAM,0.027484681878189126,InComm-sourced,True,ablation_v1
MOCK05431,DIAB_EYE_EXAM,0.03921530858961991,InComm-sourced,True,ablation_v1
MOCK05437,DIAB_EYE_EXAM,0.021977208066573536,InComm-sourced,True,ablation_v1
MOCK05443,DIAB_EYE_EXAM,0.04395581754398093,InComm-sourced,True,ablation_v1
MOCK05449,DIAB_EYE_EXAM,0.04481511795035323,InComm-sourced,True,ablation_v1
MOCK05455,DIAB_EYE_EXAM,0.03518856582959493,InComm-sourced,True,ablation_v1
MOCK05461,DIAB_EYE_EXAM,0.03650388562216682,InComm-sourced,True,ablation_v1
MOCK05467,DIAB_EYE_EXAM,0.05667122923044954,InComm-sourced,True,ablation_v1
MOCK05473,DIAB_EYE_EXAM,0.016941150549762012,InComm-sourced,True,ablation_v1
MOCK05479,DIAB_EYE_EXAM,0.026754573854096762,InComm-sourced,True,ablation_v1
MOCK05485,DIAB_EYE_EXAM,0.02586480375520151,InComm-sourced,True,ablation_v1
MOCK05491,DIAB_EYE_EXAM,0.025639871127514046,InComm-sourced,True,ablation_v1
MOCK05497,DIAB_EYE_EXAM,0.018926806594611077,InComm-sourced,True,ablation_v1
MOCK05503,DIAB_EYE_EXAM,0.05134111890804565,InComm-sourced,True,ablation_v1
MOCK05509,DIAB_EYE_EXAM,0.029006969783385957,InComm-sourced,True,ablation_v1
MOCK05515,DIAB_EYE_EXAM,0.019839498287474378,InComm-sourced,True,ablation_v1
MOCK05521,DIAB_EYE_EXAM,0.024978520359724605,InComm-sourced,True,ablation_v1
MOCK05527,DIAB_EYE_EXAM,0.035466301111583595,InComm-sourced,True,ablation_v1
MOCK05533,DIAB_EYE_EXAM,0.03570201836818006,InComm-sourced,True,ablation_v1
MOCK05539,DIAB_EYE_EXAM,0.04664818906407314,InComm-sourced,True,ablation_v1
MOCK05545,DIAB_EYE_EXAM,0.04736219450419781,InComm-sourced,True,ablation_v1
MOCK05551,DIAB_EYE_EXAM,0.019609666329717126,InComm-sourced,True,ablation_v1
MOCK05557,DIAB_EYE_EXAM,0.03168915993902807,InComm-sourced,True,ablation_v1
MOCK05563,DIAB_EYE_EXAM,0.04436910365725161,InComm-sourced,True,ablation_v1
MOCK05569,DIAB_EYE_EXAM,0.041132232168583936,InComm-sourced,True,ablation_v1
MOCK05575,DIAB_EYE_EXAM,0.0404140142279258,InComm-sourced,True,ablation_v1
MOCK05581,DIAB_EYE_EXAM,0.04980828164260481,InComm-sourced,True,ablation_v1
MOCK05587,DIAB_EYE_EXAM,0.031602025690095195,InComm-sourced,True,ablation_v1
MOCK05593,DIAB_EYE_EXAM,0.023709163217897677,InComm-sourced,True,ablation_v1
MOCK05599,DIAB_EYE_EXAM,0.023062494270774586,InComm-sourced,True,ablation_v1
MOCK05605,DIAB_EYE_EXAM,0.024104014041153896,InComm-sourced,True,ablation_v1
MOCK05611,DIAB_EYE_EXAM,0.045103660166577055,InComm-sourced,True,ablation_v1
MOCK05617,DIAB_EYE_EXAM,0.02538414135662376,InComm-sourced,True,ablation_v1
MOCK05623,DIAB_EYE_EXAM,0.044056822914435696,InComm-sourced,True,ablation_v1
MOCK05629,DIAB_EYE_EXAM,0.03747262097663485,InComm-sourced,True,ablation_v1
MOCK05635,DIAB_EYE_EXAM,0.05164894202545599,InComm-sourced,True,ablation_v1
MOCK05641,DIAB_EYE_EXAM,0.02468364637090698,InComm-sourced,True,ablation_v1
MOCK05647,DIAB_EYE_EXAM,0.03566714062428944,InComm-sourced,True,ablation_v1
MOCK05653,DIAB_EYE_EXAM,0.019852282628434706,InComm-sourced,True,ablation_v1
MOCK05659,DIAB_EYE_EXAM,0.03523465079345571,InComm-sourced,True,ablation_v1
MOCK05665,DIAB_EYE_EXAM,0.03444924959988116,InComm-sourced,True,ablation_v1
MOCK05671,DIAB_EYE_EXAM,0.038569369435505735,InComm-sourced,True,ablation_v1
MOCK05677,DIAB_EYE_EXAM,0.05898735596279786,InComm-sourced,True,ablation_v1
MOCK05683,DIAB_EYE_EXAM,0.037722052149636975,InComm-sourced,True,ablation_v1
MOCK05689,DIAB_EYE_EXAM,0.04703578091952793,InComm-sourced,True,ablation_v1
MOCK05695,DIAB_EYE_EXAM,0.05391058406767716,InComm-sourced,True,ablation_v1
MOCK05701,DIAB_EYE_EXAM,0.02125707212655954,InComm-sourced,True,ablation_v1
MOCK05707,DIAB_EYE_EXAM,0.027173818993473608,InComm-sourced,True,ablation_v1
MOCK05713,DIAB_EYE_EXAM,0.03350703143861061,InComm-sourced,True,ablation_v1
MOCK05719,DIAB_EYE_EXAM,0.11688533261448522,InComm-sourced,True,ablation_v1
MOCK05725,DIAB_EYE_EXAM,0.022081963119862026,InComm-sourced,True,ablation_v1
MOCK05731,DIAB_EYE_EXAM,0.024064586702077034,InComm-sourced,True,ablation_v1
MOCK05737,DIAB_EYE_EXAM,0.01789140332484014,InComm-sourced,True,ablation_v1
MOCK05743,DIAB_EYE_EXAM,0.08688792295221118,InComm-sourced,True,ablation_v1
MOCK05749,DIAB_EYE_EXAM,0.03342643006536603,InComm-sourced,True,ablation_v1
MOCK05755,DIAB_EYE_EXAM,0.05408047751390746,InComm-sourced,True,ablation_v1
MOCK05761,DIAB_EYE_EXAM,0.027330310961861413,InComm-sourced,True,ablation_v1
MOCK05767,DIAB_EYE_EXAM,0.03979853966983082,InComm-sourced,True,ablation_v1
MOCK05773,DIAB_EYE_EXAM,0.055403203040748035,InComm-sourced,True,ablation_v1
MOCK05779,DIAB_EYE_EXAM,0.03581990629493078,InComm-sourced,True,ablation_v1
MOCK05785,DIAB_EYE_EXAM,0.031273907442952255,InComm-sourced,True,ablation_v1
MOCK05791,DIAB_EYE_EXAM,0.04412935115745793,InComm-sourced,True,ablation_v1
MOCK05797,DIAB_EYE_EXAM,0.02195610522932151,InComm-sourced,True,ablation_v1
MOCK05803,DIAB_EYE_EXAM,0.031361363139432025,InComm-sourced,True,ablation_v1
MOCK05809,DIAB_EYE_EXAM,0.039132427622123836,InComm-sourced,True,ablation_v1
MOCK05815,DIAB_EYE_EXAM,0.04147912892186988,InComm-sourced,True,ablation_v1
MOCK05821,DIAB_EYE_EXAM,0.024403341246422565,InComm-sourced,True,ablation_v1
MOCK05827,DIAB_EYE_EXAM,0.027768054627787052,InComm-sourced,True,ablation_v1
MOCK05833,DIAB_EYE_EXAM,0.03530732004716713,InComm-sourced,True,ablation_v1
MOCK05839,DIAB_EYE_EXAM,0.029062980848022654,InComm-sourced,True,ablation_v1
MOCK05845,DIAB_EYE_EXAM,0.06114502266897522,InComm-sourced,True,ablation_v1
MOCK05851,DIAB_EYE_EXAM,0.02504506074419565,InComm-sourced,True,ablation_v1
MOCK05857,DIAB_EYE_EXAM,0.017879611409820237,InComm-sourced,True,ablation_v1
MOCK05863,DIAB_EYE_EXAM,0.03161154747059354,InComm-sourced,True,ablation_v1
MOCK05869,DIAB_EYE_EXAM,0.019994008477785527,InComm-sourced,True,ablation_v1
MOCK05875,DIAB_EYE_EXAM,0.025123641733670855,InComm-sourced,True,ablation_v1
MOCK05881,DIAB_EYE_EXAM,0.019013373858331267,InComm-sourced,True,ablation_v1
MOCK05887,DIAB_EYE_EXAM,0.06535120659104396,InComm-sourced,True,ablation_v1
MOCK05893,DIAB_EYE_EXAM,0.05348880783023484,InComm-sourced,True,ablation_v1
MOCK05899,DIAB_EYE_EXAM,0.041215521963895656,InComm-sourced,True,ablation_v1
MOCK05905,DIAB_EYE_EXAM,0.027678806882167298,InComm-sourced,True,ablation_v1
MOCK05911,DIAB_EYE_EXAM,0.03558413930630184,InComm-sourced,True,ablation_v1
MOCK05917,DIAB_EYE_EXAM,0.05376887826752048,InComm-sourced,True,ablation_v1
MOCK05923,DIAB_EYE_EXAM,0.047689595644354224,InComm-sourced,True,ablation_v1
MOCK05929,DIAB_EYE_EXAM,0.024517097548959796,InComm-sourced,True,ablation_v1
MOCK05935,DIAB_EYE_EXAM,0.05792748726473819,InComm-sourced,True,ablation_v1
MOCK05941,DIAB_EYE_EXAM,0.036601952300147504,InComm-sourced,True,ablation_v1
MOCK05947,DIAB_EYE_EXAM,0.022147191420134684,InComm-sourced,True,ablation_v1
MOCK05953,DIAB_EYE_EXAM,0.01904905990191243,InComm-sourced,True,ablation_v1
MOCK05959,DIAB_EYE_EXAM,0.02740301254683241,InComm-sourced,True,ablation_v1
MOCK05965,DIAB_EYE_EXAM,0.0366612309535122,InComm-sourced,True,ablation_v1
MOCK05971,DIAB_EYE_EXAM,0.02108925925840439,InComm-sourced,True,ablation_v1
MOCK05977,DIAB_EYE_EXAM,0.04255273278687911,InComm-sourced,True,ablation_v1
MOCK05983,DIAB_EYE_EXAM,0.06257773661696621,InComm-sourced,True,ablation_v1
MOCK05989,DIAB_EYE_EXAM,0.044684864009453644,InComm-sourced,True,ablation_v1
MOCK05995,DIAB_EYE_EXAM,0.03160958846200398,InComm-sourced,True,ablation_v1
MOCK06001,DIAB_EYE_EXAM,0.03470633975845707,InComm-sourced,True,ablation_v1
MOCK06007,DIAB_EYE_EXAM,0.060599242141821365,InComm-sourced,True,ablation_v1
MOCK06013,DIAB_EYE_EXAM,0.06003928036110999,InComm-sourced,True,ablation_v1
MOCK06019,DIAB_EYE_EXAM,0.04583217897379259,InComm-sourced,True,ablation_v1
MOCK06025,DIAB_EYE_EXAM,0.03309270651609548,InComm-sourced,True,ablation_v1
MOCK06031,DIAB_EYE_EXAM,0.019272688230310267,InComm-sourced,True,ablation_v1
MOCK06037,DIAB_EYE_EXAM,0.037735757839053904,InComm-sourced,True,ablation_v1
MOCK06043,DIAB_EYE_EXAM,0.05180208452115895,InComm-sourced,True,ablation_v1
MOCK06049,DIAB_EYE_EXAM,0.028463458657985746,InComm-sourced,True,ablation_v1
MOCK06055,DIAB_EYE_EXAM,0.06805230849737924,InComm-sourced,True,ablation_v1
MOCK06061,DIAB_EYE_EXAM,0.018599551960078217,InComm-sourced,True,ablation_v1
MOCK06067,DIAB_EYE_EXAM,0.0323473318431274,InComm-sourced,True,ablation_v1
MOCK06073,DIAB_EYE_EXAM,0.0950890764939178,InComm-sourced,True,ablation_v1
MOCK06079,DIAB_EYE_EXAM,0.09646446707935122,InComm-sourced,True,ablation_v1
MOCK06085,DIAB_EYE_EXAM,0.02026327304543199,InComm-sourced,True,ablation_v1
MOCK06091,DIAB_EYE_EXAM,0.06413080278304577,InComm-sourced,True,ablation_v1
MOCK06097,DIAB_EYE_EXAM,0.03114425481778222,InComm-sourced,True,ablation_v1
MOCK06103,DIAB_EYE_EXAM,0.017110284742780327,InComm-sourced,True,ablation_v1
MOCK06109,DIAB_EYE_EXAM,0.06680402351923394,InComm-sourced,True,ablation_v1
MOCK06115,DIAB_EYE_EXAM,0.03707494239835443,InComm-sourced,True,ablation_v1
MOCK06121,DIAB_EYE_EXAM,0.05190671341420749,InComm-sourced,True,ablation_v1
MOCK06127,DIAB_EYE_EXAM,0.035643868087756485,InComm-sourced,True,ablation_v1
MOCK06133,DIAB_EYE_EXAM,0.07484164759513079,InComm-sourced,True,ablation_v1
MOCK06139,DIAB_EYE_EXAM,0.05785691847587037,InComm-sourced,True,ablation_v1
MOCK06145,DIAB_EYE_EXAM,0.02353113530359955,InComm-sourced,True,ablation_v1
MOCK06151,DIAB_EYE_EXAM,0.05553805468426028,InComm-sourced,True,ablation_v1
MOCK06157,DIAB_EYE_EXAM,0.02596392662223914,InComm-sourced,True,ablation_v1
MOCK06163,DIAB_EYE_EXAM,0.0608624573081864,InComm-sourced,True,ablation_v1
MOCK06169,DIAB_EYE_EXAM,0.042738947892056685,InComm-sourced,True,ablation_v1
MOCK06175,DIAB_EYE_EXAM,0.05558606641298729,InComm-sourced,True,ablation_v1
MOCK06181,DIAB_EYE_EXAM,0.03142256608124944,InComm-sourced,True,ablation_v1
MOCK06187,DIAB_EYE_EXAM,0.03370688304687706,InComm-sourced,True,ablation_v1
MOCK06193,DIAB_EYE_EXAM,0.026953074235718816,InComm-sourced,True,ablation_v1
MOCK06199,DIAB_EYE_EXAM,0.02078098649286565,InComm-sourced,True,ablation_v1
MOCK06205,DIAB_EYE_EXAM,0.037319872271847014,InComm-sourced,True,ablation_v1
MOCK06211,DIAB_EYE_EXAM,0.03895296616749445,InComm-sourced,True,ablation_v1
MOCK06217,DIAB_EYE_EXAM,0.06483284565512037,InComm-sourced,True,ablation_v1
MOCK06223,DIAB_EYE_EXAM,0.039441081932982,InComm-sourced,True,ablation_v1
MOCK06229,DIAB_EYE_EXAM,0.058942625480294775,InComm-sourced,True,ablation_v1
MOCK06235,DIAB_EYE_EXAM,0.03438435971943012,InComm-sourced,True,ablation_v1
MOCK06241,DIAB_EYE_EXAM,0.017185385166513693,InComm-sourced,True,ablation_v1
MOCK06247,DIAB_EYE_EXAM,0.08221005991380785,InComm-sourced,True,ablation_v1
MOCK06253,DIAB_EYE_EXAM,0.03138008568619135,InComm-sourced,True,ablation_v1
MOCK06259,DIAB_EYE_EXAM,0.024963517472386034,InComm-sourced,True,ablation_v1
MOCK06265,DIAB_EYE_EXAM,0.014555142028531491,InComm-sourced,True,ablation_v1
MOCK06271,DIAB_EYE_EXAM,0.08275836848294542,InComm-sourced,True,ablation_v1
MOCK06277,DIAB_EYE_EXAM,0.0553392127815814,InComm-sourced,True,ablation_v1
MOCK06283,DIAB_EYE_EXAM,0.029885147150462015,InComm-sourced,True,ablation_v1
MOCK06289,DIAB_EYE_EXAM,0.01927169283255615,InComm-sourced,True,ablation_v1
MOCK06295,DIAB_EYE_EXAM,0.07892112130771851,InComm-sourced,True,ablation_v1
MOCK06301,DIAB_EYE_EXAM,0.02986995401357276,InComm-sourced,True,ablation_v1
MOCK06307,DIAB_EYE_EXAM,0.021715222632087063,InComm-sourced,True,ablation_v1
MOCK06313,DIAB_EYE_EXAM,0.05452674819800351,InComm-sourced,True,ablation_v1
MOCK06319,DIAB_EYE_EXAM,0.026080280306522225,InComm-sourced,True,ablation_v1
MOCK06325,DIAB_EYE_EXAM,0.03420354432707947,InComm-sourced,True,ablation_v1
MOCK06331,DIAB_EYE_EXAM,0.02639136587904926,InComm-sourced,True,ablation_v1
MOCK06337,DIAB_EYE_EXAM,0.03184168504903407,InComm-sourced,True,ablation_v1
MOCK06343,DIAB_EYE_EXAM,0.04780423175513751,InComm-sourced,True,ablation_v1
MOCK06349,DIAB_EYE_EXAM,0.026571859065723253,InComm-sourced,True,ablation_v1
MOCK06355,DIAB_EYE_EXAM,0.01940899214804048,InComm-sourced,True,ablation_v1
MOCK06361,DIAB_EYE_EXAM,0.01370651846886692,InComm-sourced,True,ablation_v1
MOCK06367,DIAB_EYE_EXAM,0.02493016867118354,InComm-sourced,True,ablation_v1
MOCK06373,DIAB_EYE_EXAM,0.03401954283747059,InComm-sourced,True,ablation_v1
MOCK06379,DIAB_EYE_EXAM,0.06728182446482922,InComm-sourced,True,ablation_v1
MOCK06385,DIAB_EYE_EXAM,0.026102560041685055,InComm-sourced,True,ablation_v1
MOCK06391,DIAB_EYE_EXAM,0.059697844737973994,InComm-sourced,True,ablation_v1
MOCK06397,DIAB_EYE_EXAM,0.020240927175193744,InComm-sourced,True,ablation_v1
MOCK06403,DIAB_EYE_EXAM,0.02365023744005133,InComm-sourced,True,ablation_v1
MOCK06409,DIAB_EYE_EXAM,0.03833849477549258,InComm-sourced,True,ablation_v1
MOCK06415,DIAB_EYE_EXAM,0.0866256611939799,InComm-sourced,True,ablation_v1
MOCK06421,DIAB_EYE_EXAM,0.036037970397555276,InComm-sourced,True,ablation_v1
MOCK06427,DIAB_EYE_EXAM,0.03621604920230131,InComm-sourced,True,ablation_v1
MOCK06433,DIAB_EYE_EXAM,0.06629594468493022,InComm-sourced,True,ablation_v1
MOCK06439,DIAB_EYE_EXAM,0.034544756910559866,InComm-sourced,True,ablation_v1
MOCK06445,DIAB_EYE_EXAM,0.06456458768766944,InComm-sourced,True,ablation_v1
MOCK06451,DIAB_EYE_EXAM,0.038603208747612625,InComm-sourced,True,ablation_v1
MOCK06457,DIAB_EYE_EXAM,0.02681394393244372,InComm-sourced,True,ablation_v1
MOCK06463,DIAB_EYE_EXAM,0.03752417322675464,InComm-sourced,True,ablation_v1
MOCK06469,DIAB_EYE_EXAM,0.03490790573169119,InComm-sourced,True,ablation_v1
MOCK06475,DIAB_EYE_EXAM,0.015664522924293645,InComm-sourced,True,ablation_v1
MOCK06481,DIAB_EYE_EXAM,0.023101914147129293,InComm-sourced,True,ablation_v1
MOCK06487,DIAB_EYE_EXAM,0.02017755120769922,InComm-sourced,True,ablation_v1
MOCK06493,DIAB_EYE_EXAM,0.044049062416980735,InComm-sourced,True,ablation_v1
MOCK06499,DIAB_EYE_EXAM,0.043011638109990855,InComm-sourced,True,ablation_v1
MOCK06505,DIAB_EYE_EXAM,0.024746267556032996,InComm-sourced,True,ablation_v1
MOCK06511,DIAB_EYE_EXAM,0.05915723702003476,InComm-sourced,True,ablation_v1
MOCK06517,DIAB_EYE_EXAM,0.029441812377851234,InComm-sourced,True,ablation_v1
MOCK06523,DIAB_EYE_EXAM,0.028397218205066625,InComm-sourced,True,ablation_v1
MOCK06529,DIAB_EYE_EXAM,0.0338785341720426,InComm-sourced,True,ablation_v1
MOCK06535,DIAB_EYE_EXAM,0.04998795587683113,InComm-sourced,True,ablation_v1
MOCK06541,DIAB_EYE_EXAM,0.03627104382688966,InComm-sourced,True,ablation_v1
MOCK06547,DIAB_EYE_EXAM,0.019812249014614487,InComm-sourced,True,ablation_v1
MOCK06553,DIAB_EYE_EXAM,0.03713553752093913,InComm-sourced,True,ablation_v1
MOCK06559,DIAB_EYE_EXAM,0.027075948851014584,InComm-sourced,True,ablation_v1
MOCK06565,DIAB_EYE_EXAM,0.054199753538299034,InComm-sourced,True,ablation_v1
MOCK06571,DIAB_EYE_EXAM,0.03315848791766652,InComm-sourced,True,ablation_v1
MOCK06577,DIAB_EYE_EXAM,0.030280495638489748,InComm-sourced,True,ablation_v1
MOCK06583,DIAB_EYE_EXAM,0.014089491498999218,InComm-sourced,True,ablation_v1
MOCK06589,DIAB_EYE_EXAM,0.031218641790284572,InComm-sourced,True,ablation_v1
MOCK06595,DIAB_EYE_EXAM,0.04836596179095354,InComm-sourced,True,ablation_v1
MOCK06601,DIAB_EYE_EXAM,0.06531557411752596,InComm-sourced,True,ablation_v1
MOCK06607,DIAB_EYE_EXAM,0.022815640563116253,InComm-sourced,True,ablation_v1
MOCK06613,DIAB_EYE_EXAM,0.04145370251853686,InComm-sourced,True,ablation_v1
MOCK06619,DIAB_EYE_EXAM,0.03438694241777368,InComm-sourced,True,ablation_v1
MOCK06625,DIAB_EYE_EXAM,0.03702716613437215,InComm-sourced,True,ablation_v1
MOCK06631,DIAB_EYE_EXAM,0.044163591663131864,InComm-sourced,True,ablation_v1
MOCK06637,DIAB_EYE_EXAM,0.05096846643896499,InComm-sourced,True,ablation_v1
MOCK06643,DIAB_EYE_EXAM,0.023617502756347074,InComm-sourced,True,ablation_v1
MOCK06649,DIAB_EYE_EXAM,0.027892380636765426,InComm-sourced,True,ablation_v1
MOCK06655,DIAB_EYE_EXAM,0.04573978787752248,InComm-sourced,True,ablation_v1
MOCK06661,DIAB_EYE_EXAM,0.01684642012439316,InComm-sourced,True,ablation_v1
MOCK06667,DIAB_EYE_EXAM,0.02060337184166607,InComm-sourced,True,ablation_v1
MOCK06673,DIAB_EYE_EXAM,0.026085956723449506,InComm-sourced,True,ablation_v1
MOCK06679,DIAB_EYE_EXAM,0.03033023480640023,InComm-sourced,True,ablation_v1
MOCK06685,DIAB_EYE_EXAM,0.018030928523905247,InComm-sourced,True,ablation_v1
MOCK06691,DIAB_EYE_EXAM,0.029373631699178962,InComm-sourced,True,ablation_v1
MOCK06697,DIAB_EYE_EXAM,0.05473298618804084,InComm-sourced,True,ablation_v1
MOCK06703,DIAB_EYE_EXAM,0.020324031594130685,InComm-sourced,True,ablation_v1
MOCK06709,DIAB_EYE_EXAM,0.047425804406519695,InComm-sourced,True,ablation_v1
MOCK06715,DIAB_EYE_EXAM,0.020424772924229555,InComm-sourced,True,ablation_v1
MOCK06721,DIAB_EYE_EXAM,0.09688593082444116,InComm-sourced,True,ablation_v1
MOCK06727,DIAB_EYE_EXAM,0.032080933755612585,InComm-sourced,True,ablation_v1
MOCK06733,DIAB_EYE_EXAM,0.040963255120100614,InComm-sourced,True,ablation_v1
MOCK06739,DIAB_EYE_EXAM,0.06432077169935077,InComm-sourced,True,ablation_v1
MOCK06745,DIAB_EYE_EXAM,0.030585934129931835,InComm-sourced,True,ablation_v1
MOCK06751,DIAB_EYE_EXAM,0.05992760027548839,InComm-sourced,True,ablation_v1
MOCK06757,DIAB_EYE_EXAM,0.035945775831323974,InComm-sourced,True,ablation_v1
MOCK06763,DIAB_EYE_EXAM,0.028049135954363476,InComm-sourced,True,ablation_v1
MOCK06769,DIAB_EYE_EXAM,0.052844298984668754,InComm-sourced,True,ablation_v1
MOCK06775,DIAB_EYE_EXAM,0.01967638715729013,InComm-sourced,True,ablation_v1
MOCK06781,DIAB_EYE_EXAM,0.05221610557897277,InComm-sourced,True,ablation_v1
MOCK06787,DIAB_EYE_EXAM,0.04295421974512603,InComm-sourced,True,ablation_v1
MOCK06793,DIAB_EYE_EXAM,0.05510177969970363,InComm-sourced,True,ablation_v1
MOCK06799,DIAB_EYE_EXAM,0.053210878874865045,InComm-sourced,True,ablation_v1
MOCK06805,DIAB_EYE_EXAM,0.023952734721370394,InComm-sourced,True,ablation_v1
MOCK06811,DIAB_EYE_EXAM,0.025306152312045232,InComm-sourced,True,ablation_v1
MOCK06817,DIAB_EYE_EXAM,0.06755654717941735,InComm-sourced,True,ablation_v1
MOCK06823,DIAB_EYE_EXAM,0.05291906115129859,InComm-sourced,True,ablation_v1
MOCK06829,DIAB_EYE_EXAM,0.02925784313882544,InComm-sourced,True,ablation_v1
MOCK06835,DIAB_EYE_EXAM,0.016537541795641375,InComm-sourced,True,ablation_v1
MOCK06841,DIAB_EYE_EXAM,0.018526428701435015,InComm-sourced,True,ablation_v1
MOCK06847,DIAB_EYE_EXAM,0.056534027654880546,InComm-sourced,True,ablation_v1
MOCK06853,DIAB_EYE_EXAM,0.018227993833081317,InComm-sourced,True,ablation_v1
MOCK06859,DIAB_EYE_EXAM,0.026903324560715928,InComm-sourced,True,ablation_v1
MOCK06865,DIAB_EYE_EXAM,0.02520695550834196,InComm-sourced,True,ablation_v1
MOCK06871,DIAB_EYE_EXAM,0.02504257854155331,InComm-sourced,True,ablation_v1
MOCK06877,DIAB_EYE_EXAM,0.024950891665016385,InComm-sourced,True,ablation_v1
MOCK06883,DIAB_EYE_EXAM,0.075543530746701,InComm-sourced,True,ablation_v1
MOCK06889,DIAB_EYE_EXAM,0.038265272488390206,InComm-sourced,True,ablation_v1
MOCK06895,DIAB_EYE_EXAM,0.023312666749943405,InComm-sourced,True,ablation_v1
MOCK06901,DIAB_EYE_EXAM,0.09874012012988845,InComm-sourced,True,ablation_v1
MOCK06907,DIAB_EYE_EXAM,0.04622409516537101,InComm-sourced,True,ablation_v1
MOCK06913,DIAB_EYE_EXAM,0.03675751081086165,InComm-sourced,True,ablation_v1
MOCK06919,DIAB_EYE_EXAM,0.058552166099239675,InComm-sourced,True,ablation_v1
MOCK06925,DIAB_EYE_EXAM,0.03913577220388252,InComm-sourced,True,ablation_v1
MOCK06931,DIAB_EYE_EXAM,0.04785026821094625,InComm-sourced,True,ablation_v1
MOCK06937,DIAB_EYE_EXAM,0.01889169194035619,InComm-sourced,True,ablation_v1
MOCK06943,DIAB_EYE_EXAM,0.02968655056715789,InComm-sourced,True,ablation_v1
MOCK06949,DIAB_EYE_EXAM,0.07813502336677296,InComm-sourced,True,ablation_v1
MOCK06955,DIAB_EYE_EXAM,0.037857094612675835,InComm-sourced,True,ablation_v1
MOCK06961,DIAB_EYE_EXAM,0.03631679405259727,InComm-sourced,True,ablation_v1
MOCK06967,DIAB_EYE_EXAM,0.024769332415389058,InComm-sourced,True,ablation_v1
MOCK06973,DIAB_EYE_EXAM,0.043768129580374265,InComm-sourced,True,ablation_v1
MOCK06979,DIAB_EYE_EXAM,0.02908210146376104,InComm-sourced,True,ablation_v1
MOCK06985,DIAB_EYE_EXAM,0.018385893381331196,InComm-sourced,True,ablation_v1
MOCK06991,DIAB_EYE_EXAM,0.020953536900405016,InComm-sourced,True,ablation_v1
MOCK06997,DIAB_EYE_EXAM,0.035280302256767565,InComm-sourced,True,ablation_v1
MOCK07003,DIAB_EYE_EXAM,0.03338085393157035,InComm-sourced,True,ablation_v1
MOCK07009,DIAB_EYE_EXAM,0.01663272643908364,InComm-sourced,True,ablation_v1
MOCK07015,DIAB_EYE_EXAM,0.021443908495694736,InComm-sourced,True,ablation_v1
MOCK07021,DIAB_EYE_EXAM,0.0471680703949044,InComm-sourced,True,ablation_v1
MOCK07027,DIAB_EYE_EXAM,0.04762282284375232,InComm-sourced,True,ablation_v1
MOCK07033,DIAB_EYE_EXAM,0.024482892419185887,InComm-sourced,True,ablation_v1
MOCK07039,DIAB_EYE_EXAM,0.04653783337808095,InComm-sourced,True,ablation_v1
MOCK07045,DIAB_EYE_EXAM,0.03797213472311837,InComm-sourced,True,ablation_v1
MOCK07051,DIAB_EYE_EXAM,0.0435619863185225,InComm-sourced,True,ablation_v1
MOCK07057,DIAB_EYE_EXAM,0.03763489910158848,InComm-sourced,True,ablation_v1
MOCK07063,DIAB_EYE_EXAM,0.027003248105986363,InComm-sourced,True,ablation_v1
MOCK07069,DIAB_EYE_EXAM,0.07376654774198611,InComm-sourced,True,ablation_v1
MOCK07075,DIAB_EYE_EXAM,0.015589005353357341,InComm-sourced,True,ablation_v1
MOCK07081,DIAB_EYE_EXAM,0.020309862619975725,InComm-sourced,True,ablation_v1
MOCK07087,DIAB_EYE_EXAM,0.02296093242336748,InComm-sourced,True,ablation_v1
MOCK07093,DIAB_EYE_EXAM,0.036587746049234864,InComm-sourced,True,ablation_v1
MOCK07099,DIAB_EYE_EXAM,0.04395408936645374,InComm-sourced,True,ablation_v1
MOCK07105,DIAB_EYE_EXAM,0.0233953482973539,InComm-sourced,True,ablation_v1
MOCK07111,DIAB_EYE_EXAM,0.050667492156439196,InComm-sourced,True,ablation_v1
MOCK07117,DIAB_EYE_EXAM,0.10151070689194044,InComm-sourced,True,ablation_v1
MOCK07123,DIAB_EYE_EXAM,0.028658736544869973,InComm-sourced,True,ablation_v1
MOCK07129,DIAB_EYE_EXAM,0.028894798567919718,InComm-sourced,True,ablation_v1
MOCK07135,DIAB_EYE_EXAM,0.022776261150909936,InComm-sourced,True,ablation_v1
MOCK07141,DIAB_EYE_EXAM,0.013951581288736392,InComm-sourced,True,ablation_v1
MOCK07147,DIAB_EYE_EXAM,0.06835228084420016,InComm-sourced,True,ablation_v1
MOCK07153,DIAB_EYE_EXAM,0.07441844835201777,InComm-sourced,True,ablation_v1
MOCK07159,DIAB_EYE_EXAM,0.028505634098156526,InComm-sourced,True,ablation_v1
MOCK07165,DIAB_EYE_EXAM,0.06655823917063004,InComm-sourced,True,ablation_v1
MOCK07171,DIAB_EYE_EXAM,0.03094810498914801,InComm-sourced,True,ablation_v1
MOCK07177,DIAB_EYE_EXAM,0.043716701130462755,InComm-sourced,True,ablation_v1
MOCK07183,DIAB_EYE_EXAM,0.04922752827916953,InComm-sourced,True,ablation_v1
MOCK07189,DIAB_EYE_EXAM,0.034665192823399305,InComm-sourced,True,ablation_v1
MOCK07195,DIAB_EYE_EXAM,0.024562939646333506,InComm-sourced,True,ablation_v1
MOCK07201,DIAB_EYE_EXAM,0.03735255254723219,InComm-sourced,True,ablation_v1
MOCK07207,DIAB_EYE_EXAM,0.01757856876533715,InComm-sourced,True,ablation_v1
MOCK07213,DIAB_EYE_EXAM,0.06366106643058227,InComm-sourced,True,ablation_v1
MOCK07219,DIAB_EYE_EXAM,0.05313413576842569,InComm-sourced,True,ablation_v1
MOCK07225,DIAB_EYE_EXAM,0.01817342476104509,InComm-sourced,True,ablation_v1
MOCK07231,DIAB_EYE_EXAM,0.05140643947301802,InComm-sourced,True,ablation_v1
MOCK07237,DIAB_EYE_EXAM,0.024294849176313464,InComm-sourced,True,ablation_v1
MOCK07243,DIAB_EYE_EXAM,0.020364008758268493,InComm-sourced,True,ablation_v1
MOCK07249,DIAB_EYE_EXAM,0.03419447467394693,InComm-sourced,True,ablation_v1
MOCK07255,DIAB_EYE_EXAM,0.04238267220981065,InComm-sourced,True,ablation_v1
MOCK07261,DIAB_EYE_EXAM,0.02751811626813327,InComm-sourced,True,ablation_v1
MOCK07267,DIAB_EYE_EXAM,0.02641470721196534,InComm-sourced,True,ablation_v1
MOCK07273,DIAB_EYE_EXAM,0.04501689723571881,InComm-sourced,True,ablation_v1
MOCK07279,DIAB_EYE_EXAM,0.022757157273437526,InComm-sourced,True,ablation_v1
MOCK07285,DIAB_EYE_EXAM,0.054255640235786544,InComm-sourced,True,ablation_v1
MOCK07291,DIAB_EYE_EXAM,0.030418007099012774,InComm-sourced,True,ablation_v1
MOCK07297,DIAB_EYE_EXAM,0.027279714957952575,InComm-sourced,True,ablation_v1
MOCK07303,DIAB_EYE_EXAM,0.05256946328366543,InComm-sourced,True,ablation_v1
MOCK07309,DIAB_EYE_EXAM,0.02756175855750855,InComm-sourced,True,ablation_v1
MOCK07315,DIAB_EYE_EXAM,0.02092182352331259,InComm-sourced,True,ablation_v1
MOCK07321,DIAB_EYE_EXAM,0.019062737883019952,InComm-sourced,True,ablation_v1
MOCK07327,DIAB_EYE_EXAM,0.055311139012737986,InComm-sourced,True,ablation_v1
MOCK07333,DIAB_EYE_EXAM,0.02657998325955832,InComm-sourced,True,ablation_v1
MOCK07339,DIAB_EYE_EXAM,0.035143538615785855,InComm-sourced,True,ablation_v1
MOCK07345,DIAB_EYE_EXAM,0.022246790949255364,InComm-sourced,True,ablation_v1
MOCK07351,DIAB_EYE_EXAM,0.026965126577808893,InComm-sourced,True,ablation_v1
MOCK07357,DIAB_EYE_EXAM,0.045283441414362226,InComm-sourced,True,ablation_v1
MOCK07363,DIAB_EYE_EXAM,0.03343385742615681,InComm-sourced,True,ablation_v1
MOCK07369,DIAB_EYE_EXAM,0.03290020579404273,InComm-sourced,True,ablation_v1
MOCK07375,DIAB_EYE_EXAM,0.02931519276000307,InComm-sourced,True,ablation_v1
MOCK07381,DIAB_EYE_EXAM,0.02034117130663266,InComm-sourced,True,ablation_v1
MOCK07387,DIAB_EYE_EXAM,0.03204305525660057,InComm-sourced,True,ablation_v1
MOCK07393,DIAB_EYE_EXAM,0.01218572464729439,InComm-sourced,True,ablation_v1
MOCK07399,DIAB_EYE_EXAM,0.030875012278120197,InComm-sourced,True,ablation_v1
MOCK07405,DIAB_EYE_EXAM,0.02399079753554711,InComm-sourced,True,ablation_v1
MOCK07411,DIAB_EYE_EXAM,0.023637397394707105,InComm-sourced,True,ablation_v1
MOCK07417,DIAB_EYE_EXAM,0.041586215430279704,InComm-sourced,True,ablation_v1
MOCK07423,DIAB_EYE_EXAM,0.030045767229717413,InComm-sourced,True,ablation_v1
MOCK07429,DIAB_EYE_EXAM,0.03107162698859714,InComm-sourced,True,ablation_v1
MOCK07435,DIAB_EYE_EXAM,0.03685016461548747,InComm-sourced,True,ablation_v1
MOCK07441,DIAB_EYE_EXAM,0.08242580394383477,InComm-sourced,True,ablation_v1
MOCK07447,DIAB_EYE_EXAM,0.012576799047596324,InComm-sourced,True,ablation_v1
MOCK07453,DIAB_EYE_EXAM,0.024597283013338505,InComm-sourced,True,ablation_v1
MOCK07459,DIAB_EYE_EXAM,0.020460433911460175,InComm-sourced,True,ablation_v1
MOCK07465,DIAB_EYE_EXAM,0.02867152781805287,InComm-sourced,True,ablation_v1
MOCK07471,DIAB_EYE_EXAM,0.046767359939277796,InComm-sourced,True,ablation_v1
MOCK07477,DIAB_EYE_EXAM,0.040867445411860964,InComm-sourced,True,ablation_v1
MOCK07483,DIAB_EYE_EXAM,0.02904362600499228,InComm-sourced,True,ablation_v1
MOCK07489,DIAB_EYE_EXAM,0.022443609928373846,InComm-sourced,True,ablation_v1
MOCK07495,DIAB_EYE_EXAM,0.03146489488151009,InComm-sourced,True,ablation_v1
MOCK07501,DIAB_EYE_EXAM,0.04608644980757279,InComm-sourced,True,ablation_v1
MOCK07507,DIAB_EYE_EXAM,0.02442469964824403,InComm-sourced,True,ablation_v1
MOCK07513,DIAB_EYE_EXAM,0.03674846857491354,InComm-sourced,True,ablation_v1
MOCK07519,DIAB_EYE_EXAM,0.038641184555897844,InComm-sourced,True,ablation_v1
MOCK07525,DIAB_EYE_EXAM,0.05683737898128922,InComm-sourced,True,ablation_v1
MOCK07531,DIAB_EYE_EXAM,0.05364016065303916,InComm-sourced,True,ablation_v1
MOCK07537,DIAB_EYE_EXAM,0.03133474582136459,InComm-sourced,True,ablation_v1
MOCK07543,DIAB_EYE_EXAM,0.026598586288276962,InComm-sourced,True,ablation_v1
MOCK07549,DIAB_EYE_EXAM,0.02770222618693439,InComm-sourced,True,ablation_v1
MOCK07555,DIAB_EYE_EXAM,0.03446539394226437,InComm-sourced,True,ablation_v1
MOCK07561,DIAB_EYE_EXAM,0.03279641639719678,InComm-sourced,True,ablation_v1
MOCK07567,DIAB_EYE_EXAM,0.024088670084826545,InComm-sourced,True,ablation_v1
MOCK07573,DIAB_EYE_EXAM,0.04685777917678849,InComm-sourced,True,ablation_v1
MOCK07579,DIAB_EYE_EXAM,0.036026508790744156,InComm-sourced,True,ablation_v1
MOCK07585,DIAB_EYE_EXAM,0.037745291645773595,InComm-sourced,True,ablation_v1
MOCK07591,DIAB_EYE_EXAM,0.0225043151901427,InComm-sourced,True,ablation_v1
MOCK07597,DIAB_EYE_EXAM,0.021359614519044515,InComm-sourced,True,ablation_v1
MOCK07603,DIAB_EYE_EXAM,0.0445356049721275,InComm-sourced,True,ablation_v1
MOCK07609,DIAB_EYE_EXAM,0.013294061357961363,InComm-sourced,True,ablation_v1
MOCK07615,DIAB_EYE_EXAM,0.02324976263840721,InComm-sourced,True,ablation_v1
MOCK07621,DIAB_EYE_EXAM,0.024266099795698617,InComm-sourced,True,ablation_v1
MOCK07627,DIAB_EYE_EXAM,0.052220561261522774,InComm-sourced,True,ablation_v1
MOCK07633,DIAB_EYE_EXAM,0.023232708219320494,InComm-sourced,True,ablation_v1
MOCK07639,DIAB_EYE_EXAM,0.0239285391228217,InComm-sourced,True,ablation_v1
MOCK07645,DIAB_EYE_EXAM,0.0301911481742532,InComm-sourced,True,ablation_v1
MOCK07651,DIAB_EYE_EXAM,0.043979462759761154,InComm-sourced,True,ablation_v1
MOCK07657,DIAB_EYE_EXAM,0.027499654644044,InComm-sourced,True,ablation_v1
MOCK07663,DIAB_EYE_EXAM,0.030318372411362995,InComm-sourced,True,ablation_v1
MOCK07669,DIAB_EYE_EXAM,0.05029112403948772,InComm-sourced,True,ablation_v1
MOCK07675,DIAB_EYE_EXAM,0.02857025974815496,InComm-sourced,True,ablation_v1
MOCK07681,DIAB_EYE_EXAM,0.025007217714829336,InComm-sourced,True,ablation_v1
MOCK07687,DIAB_EYE_EXAM,0.028595079394034734,InComm-sourced,True,ablation_v1
MOCK07693,DIAB_EYE_EXAM,0.029798858025000603,InComm-sourced,True,ablation_v1
MOCK07699,DIAB_EYE_EXAM,0.03878097215413022,InComm-sourced,True,ablation_v1
MOCK07705,DIAB_EYE_EXAM,0.018303793213227806,InComm-sourced,True,ablation_v1
MOCK07711,DIAB_EYE_EXAM,0.029817859740983516,InComm-sourced,True,ablation_v1
MOCK07717,DIAB_EYE_EXAM,0.026227328528680004,InComm-sourced,True,ablation_v1
MOCK07723,DIAB_EYE_EXAM,0.017240688783893482,InComm-sourced,True,ablation_v1
MOCK07729,DIAB_EYE_EXAM,0.08159594101534998,InComm-sourced,True,ablation_v1
MOCK07735,DIAB_EYE_EXAM,0.030579615979874623,InComm-sourced,True,ablation_v1
MOCK07741,DIAB_EYE_EXAM,0.04726894928573714,InComm-sourced,True,ablation_v1
MOCK07747,DIAB_EYE_EXAM,0.027245133313787962,InComm-sourced,True,ablation_v1
MOCK07753,DIAB_EYE_EXAM,0.045886024655896446,InComm-sourced,True,ablation_v1
MOCK07759,DIAB_EYE_EXAM,0.02061526363623356,InComm-sourced,True,ablation_v1
MOCK07765,DIAB_EYE_EXAM,0.05546444682836455,InComm-sourced,True,ablation_v1
MOCK07771,DIAB_EYE_EXAM,0.04441937702235912,InComm-sourced,True,ablation_v1
MOCK07777,DIAB_EYE_EXAM,0.0493377678344663,InComm-sourced,True,ablation_v1
MOCK07783,DIAB_EYE_EXAM,0.040805946969470985,InComm-sourced,True,ablation_v1
MOCK07789,DIAB_EYE_EXAM,0.05627025434963037,InComm-sourced,True,ablation_v1
MOCK07795,DIAB_EYE_EXAM,0.04369800272304341,InComm-sourced,True,ablation_v1
MOCK07801,DIAB_EYE_EXAM,0.040133766546797345,InComm-sourced,True,ablation_v1
MOCK07807,DIAB_EYE_EXAM,0.02650672440963564,InComm-sourced,True,ablation_v1
MOCK07813,DIAB_EYE_EXAM,0.030530509702582025,InComm-sourced,True,ablation_v1
MOCK07819,DIAB_EYE_EXAM,0.057320716785151035,InComm-sourced,True,ablation_v1
MOCK07825,DIAB_EYE_EXAM,0.02463517115805717,InComm-sourced,True,ablation_v1
MOCK07831,DIAB_EYE_EXAM,0.03594231966299779,InComm-sourced,True,ablation_v1
MOCK07837,DIAB_EYE_EXAM,0.09879866743376231,InComm-sourced,True,ablation_v1
MOCK07843,DIAB_EYE_EXAM,0.056558411111596985,InComm-sourced,True,ablation_v1
MOCK07849,DIAB_EYE_EXAM,0.03718842312957748,InComm-sourced,True,ablation_v1
MOCK07855,DIAB_EYE_EXAM,0.043221381536582386,InComm-sourced,True,ablation_v1
MOCK07861,DIAB_EYE_EXAM,0.024158804161067207,InComm-sourced,True,ablation_v1
MOCK07867,DIAB_EYE_EXAM,0.036007399091846526,InComm-sourced,True,ablation_v1
MOCK07873,DIAB_EYE_EXAM,0.0387775620305335,InComm-sourced,True,ablation_v1
MOCK07879,DIAB_EYE_EXAM,0.1280609729605288,InComm-sourced,True,ablation_v1
MOCK07885,DIAB_EYE_EXAM,0.013073526700634544,InComm-sourced,True,ablation_v1
MOCK07891,DIAB_EYE_EXAM,0.08509255697965293,InComm-sourced,True,ablation_v1
MOCK07897,DIAB_EYE_EXAM,0.01907842035106507,InComm-sourced,True,ablation_v1
MOCK07903,DIAB_EYE_EXAM,0.0383092781379208,InComm-sourced,True,ablation_v1
MOCK07909,DIAB_EYE_EXAM,0.04876749180050441,InComm-sourced,True,ablation_v1
MOCK07915,DIAB_EYE_EXAM,0.020486208519654128,InComm-sourced,True,ablation_v1
MOCK07921,DIAB_EYE_EXAM,0.05145096460387584,InComm-sourced,True,ablation_v1
MOCK07927,DIAB_EYE_EXAM,0.03975461370625994,InComm-sourced,True,ablation_v1
MOCK07933,DIAB_EYE_EXAM,0.0429831213968684,InComm-sourced,True,ablation_v1
MOCK07939,DIAB_EYE_EXAM,0.020126875324231103,InComm-sourced,True,ablation_v1
MOCK07945,DIAB_EYE_EXAM,0.03604544397102646,InComm-sourced,True,ablation_v1
MOCK07951,DIAB_EYE_EXAM,0.03618034538730771,InComm-sourced,True,ablation_v1
MOCK07957,DIAB_EYE_EXAM,0.03600225395363226,InComm-sourced,True,ablation_v1
MOCK07963,DIAB_EYE_EXAM,0.02116849667242966,InComm-sourced,True,ablation_v1
MOCK07969,DIAB_EYE_EXAM,0.04095932517201574,InComm-sourced,True,ablation_v1
MOCK07975,DIAB_EYE_EXAM,0.05779442031999253,InComm-sourced,True,ablation_v1
MOCK07981,DIAB_EYE_EXAM,0.023805060006223868,InComm-sourced,True,ablation_v1
MOCK07987,DIAB_EYE_EXAM,0.07510004021599402,InComm-sourced,True,ablation_v1
MOCK07993,DIAB_EYE_EXAM,0.029452695357825468,InComm-sourced,True,ablation_v1
MOCK07999,DIAB_EYE_EXAM,0.03828567390630627,InComm-sourced,True,ablation_v1
MOCK08005,DIAB_EYE_EXAM,0.02563207647393897,InComm-sourced,True,ablation_v1
MOCK08011,DIAB_EYE_EXAM,0.03338450255938343,InComm-sourced,True,ablation_v1
MOCK08017,DIAB_EYE_EXAM,0.032793986334234505,InComm-sourced,True,ablation_v1
MOCK08023,DIAB_EYE_EXAM,0.062375592598426795,InComm-sourced,True,ablation_v1
MOCK08029,DIAB_EYE_EXAM,0.043793835433319904,InComm-sourced,True,ablation_v1
MOCK08035,DIAB_EYE_EXAM,0.019734463826580746,InComm-sourced,True,ablation_v1
MOCK08041,DIAB_EYE_EXAM,0.024674063777128278,InComm-sourced,True,ablation_v1
MOCK08047,DIAB_EYE_EXAM,0.056431315353710106,InComm-sourced,True,ablation_v1
MOCK08053,DIAB_EYE_EXAM,0.037953506953525284,InComm-sourced,True,ablation_v1
MOCK08059,DIAB_EYE_EXAM,0.05891994300894134,InComm-sourced,True,ablation_v1
MOCK08065,DIAB_EYE_EXAM,0.03943126232014097,InComm-sourced,True,ablation_v1
MOCK08071,DIAB_EYE_EXAM,0.027459125075307112,InComm-sourced,True,ablation_v1
MOCK08077,DIAB_EYE_EXAM,0.0819286224308033,InComm-sourced,True,ablation_v1
MOCK08083,DIAB_EYE_EXAM,0.02169290670459769,InComm-sourced,True,ablation_v1
MOCK08089,DIAB_EYE_EXAM,0.05234140600006332,InComm-sourced,True,ablation_v1
MOCK08095,DIAB_EYE_EXAM,0.053458492952128435,InComm-sourced,True,ablation_v1
MOCK08101,DIAB_EYE_EXAM,0.031236474833892,InComm-sourced,True,ablation_v1
MOCK08107,DIAB_EYE_EXAM,0.03363683633076906,InComm-sourced,True,ablation_v1
MOCK08113,DIAB_EYE_EXAM,0.1277204734304555,InComm-sourced,True,ablation_v1
MOCK08119,DIAB_EYE_EXAM,0.03002987104482525,InComm-sourced,True,ablation_v1
MOCK08125,DIAB_EYE_EXAM,0.05114627967791808,InComm-sourced,True,ablation_v1
MOCK08131,DIAB_EYE_EXAM,0.06006558055806811,InComm-sourced,True,ablation_v1
MOCK08137,DIAB_EYE_EXAM,0.01942637949642055,InComm-sourced,True,ablation_v1
MOCK08143,DIAB_EYE_EXAM,0.03349589454249853,InComm-sourced,True,ablation_v1
MOCK08149,DIAB_EYE_EXAM,0.07716481052632769,InComm-sourced,True,ablation_v1
MOCK08155,DIAB_EYE_EXAM,0.017379543111692163,InComm-sourced,True,ablation_v1
MOCK08161,DIAB_EYE_EXAM,0.013862410587737645,InComm-sourced,True,ablation_v1
MOCK08167,DIAB_EYE_EXAM,0.02251212937117372,InComm-sourced,True,ablation_v1
MOCK08173,DIAB_EYE_EXAM,0.02375079327465044,InComm-sourced,True,ablation_v1
MOCK08179,DIAB_EYE_EXAM,0.035168283168616025,InComm-sourced,True,ablation_v1
MOCK08185,DIAB_EYE_EXAM,0.03566301222904785,InComm-sourced,True,ablation_v1
MOCK08191,DIAB_EYE_EXAM,0.03307143491051498,InComm-sourced,True,ablation_v1
MOCK08197,DIAB_EYE_EXAM,0.04051281138628473,InComm-sourced,True,ablation_v1
MOCK08203,DIAB_EYE_EXAM,0.032764564131103124,InComm-sourced,True,ablation_v1
MOCK08209,DIAB_EYE_EXAM,0.04647189188907377,InComm-sourced,True,ablation_v1
MOCK08215,DIAB_EYE_EXAM,0.011334337612706694,InComm-sourced,True,ablation_v1
MOCK08221,DIAB_EYE_EXAM,0.05769014101018191,InComm-sourced,True,ablation_v1
MOCK08227,DIAB_EYE_EXAM,0.037922691923511886,InComm-sourced,True,ablation_v1
MOCK08233,DIAB_EYE_EXAM,0.05305538003984,InComm-sourced,True,ablation_v1
MOCK08239,DIAB_EYE_EXAM,0.03445293033799567,InComm-sourced,True,ablation_v1
MOCK08245,DIAB_EYE_EXAM,0.028713438813128687,InComm-sourced,True,ablation_v1
MOCK08251,DIAB_EYE_EXAM,0.024182648584693118,InComm-sourced,True,ablation_v1
MOCK08257,DIAB_EYE_EXAM,0.01923518970058519,InComm-sourced,True,ablation_v1
MOCK08263,DIAB_EYE_EXAM,0.08903808462755675,InComm-sourced,True,ablation_v1
MOCK08269,DIAB_EYE_EXAM,0.02663639265671172,InComm-sourced,True,ablation_v1
MOCK08275,DIAB_EYE_EXAM,0.023976672932131925,InComm-sourced,True,ablation_v1
MOCK08281,DIAB_EYE_EXAM,0.026943338748616236,InComm-sourced,True,ablation_v1
MOCK08287,DIAB_EYE_EXAM,0.03207294557706646,InComm-sourced,True,ablation_v1
MOCK08293,DIAB_EYE_EXAM,0.02838263844874341,InComm-sourced,True,ablation_v1
MOCK08299,DIAB_EYE_EXAM,0.017932673495554226,InComm-sourced,True,ablation_v1
MOCK08305,DIAB_EYE_EXAM,0.02769981330982733,InComm-sourced,True,ablation_v1
MOCK08311,DIAB_EYE_EXAM,0.037706573712725275,InComm-sourced,True,ablation_v1
MOCK08317,DIAB_EYE_EXAM,0.046539999592464444,InComm-sourced,True,ablation_v1
MOCK08323,DIAB_EYE_EXAM,0.027192746352260693,InComm-sourced,True,ablation_v1
MOCK08329,DIAB_EYE_EXAM,0.07676064348949567,InComm-sourced,True,ablation_v1
MOCK08335,DIAB_EYE_EXAM,0.042652726581174166,InComm-sourced,True,ablation_v1
MOCK08341,DIAB_EYE_EXAM,0.031972679775332934,InComm-sourced,True,ablation_v1
MOCK08347,DIAB_EYE_EXAM,0.02327967763343511,InComm-sourced,True,ablation_v1
MOCK08353,DIAB_EYE_EXAM,0.022948475324639332,InComm-sourced,True,ablation_v1
MOCK08359,DIAB_EYE_EXAM,0.05640564091672604,InComm-sourced,True,ablation_v1
MOCK08365,DIAB_EYE_EXAM,0.025677868037307434,InComm-sourced,True,ablation_v1
MOCK08371,DIAB_EYE_EXAM,0.017635896278853213,InComm-sourced,True,ablation_v1
MOCK08377,DIAB_EYE_EXAM,0.03739483458303343,InComm-sourced,True,ablation_v1
MOCK08383,DIAB_EYE_EXAM,0.04097933704201705,InComm-sourced,True,ablation_v1
MOCK08389,DIAB_EYE_EXAM,0.026435715863992782,InComm-sourced,True,ablation_v1
MOCK08395,DIAB_EYE_EXAM,0.02365788379737457,InComm-sourced,True,ablation_v1
MOCK08401,DIAB_EYE_EXAM,0.04737811135511147,InComm-sourced,True,ablation_v1
MOCK08407,DIAB_EYE_EXAM,0.01833927358306778,InComm-sourced,True,ablation_v1
MOCK08413,DIAB_EYE_EXAM,0.052217710278797444,InComm-sourced,True,ablation_v1
MOCK08419,DIAB_EYE_EXAM,0.037779020952687516,InComm-sourced,True,ablation_v1
MOCK08425,DIAB_EYE_EXAM,0.029868916592950122,InComm-sourced,True,ablation_v1
MOCK08431,DIAB_EYE_EXAM,0.05016676386380583,InComm-sourced,True,ablation_v1
MOCK08437,DIAB_EYE_EXAM,0.0500003510664248,InComm-sourced,True,ablation_v1
MOCK08443,DIAB_EYE_EXAM,0.043020031022812245,InComm-sourced,True,ablation_v1
MOCK08449,DIAB_EYE_EXAM,0.018896777670682936,InComm-sourced,True,ablation_v1
MOCK08455,DIAB_EYE_EXAM,0.024808540419805125,InComm-sourced,True,ablation_v1
MOCK08461,DIAB_EYE_EXAM,0.029120955540305343,InComm-sourced,True,ablation_v1
MOCK08467,DIAB_EYE_EXAM,0.06326520588242329,InComm-sourced,True,ablation_v1
MOCK08473,DIAB_EYE_EXAM,0.032553465290244776,InComm-sourced,True,ablation_v1
MOCK08479,DIAB_EYE_EXAM,0.06429741380803773,InComm-sourced,True,ablation_v1
MOCK08485,DIAB_EYE_EXAM,0.025764344107639527,InComm-sourced,True,ablation_v1
MOCK08491,DIAB_EYE_EXAM,0.02565420632477836,InComm-sourced,True,ablation_v1
MOCK08497,DIAB_EYE_EXAM,0.03740122099706475,InComm-sourced,True,ablation_v1
MOCK08503,DIAB_EYE_EXAM,0.026719502986872253,InComm-sourced,True,ablation_v1
MOCK08509,DIAB_EYE_EXAM,0.0715327696055414,InComm-sourced,True,ablation_v1
MOCK08515,DIAB_EYE_EXAM,0.022430831697441884,InComm-sourced,True,ablation_v1
MOCK08521,DIAB_EYE_EXAM,0.06439967908209712,InComm-sourced,True,ablation_v1
MOCK08527,DIAB_EYE_EXAM,0.04114871864396877,InComm-sourced,True,ablation_v1
MOCK08533,DIAB_EYE_EXAM,0.023730293773642712,InComm-sourced,True,ablation_v1
MOCK08539,DIAB_EYE_EXAM,0.04268484305979777,InComm-sourced,True,ablation_v1
MOCK08545,DIAB_EYE_EXAM,0.028743346098625555,InComm-sourced,True,ablation_v1
MOCK08551,DIAB_EYE_EXAM,0.06634982522699422,InComm-sourced,True,ablation_v1
MOCK08557,DIAB_EYE_EXAM,0.029863863650119896,InComm-sourced,True,ablation_v1
MOCK08563,DIAB_EYE_EXAM,0.04273751910907099,InComm-sourced,True,ablation_v1
MOCK08569,DIAB_EYE_EXAM,0.0395765355028978,InComm-sourced,True,ablation_v1
MOCK08575,DIAB_EYE_EXAM,0.03536909868557585,InComm-sourced,True,ablation_v1
MOCK08581,DIAB_EYE_EXAM,0.036230953523473074,InComm-sourced,True,ablation_v1
MOCK08587,DIAB_EYE_EXAM,0.05663691084208349,InComm-sourced,True,ablation_v1
MOCK08593,DIAB_EYE_EXAM,0.022148942339652637,InComm-sourced,True,ablation_v1
MOCK08599,DIAB_EYE_EXAM,0.0658042859852159,InComm-sourced,True,ablation_v1
MOCK08605,DIAB_EYE_EXAM,0.029437013326855298,InComm-sourced,True,ablation_v1
MOCK08611,DIAB_EYE_EXAM,0.04371973037100173,InComm-sourced,True,ablation_v1
MOCK08617,DIAB_EYE_EXAM,0.04023059765891414,InComm-sourced,True,ablation_v1
MOCK08623,DIAB_EYE_EXAM,0.02683074607198512,InComm-sourced,True,ablation_v1
MOCK08629,DIAB_EYE_EXAM,0.033937127257075074,InComm-sourced,True,ablation_v1
MOCK08635,DIAB_EYE_EXAM,0.03209452737809824,InComm-sourced,True,ablation_v1
MOCK08641,DIAB_EYE_EXAM,0.015006837554118387,InComm-sourced,True,ablation_v1
MOCK08647,DIAB_EYE_EXAM,0.04522982104370627,InComm-sourced,True,ablation_v1
MOCK08653,DIAB_EYE_EXAM,0.023416983880110095,InComm-sourced,True,ablation_v1
MOCK08659,DIAB_EYE_EXAM,0.04066882946947808,InComm-sourced,True,ablation_v1
MOCK08665,DIAB_EYE_EXAM,0.049057439661284674,InComm-sourced,True,ablation_v1
MOCK08671,DIAB_EYE_EXAM,0.026819122016630986,InComm-sourced,True,ablation_v1
MOCK08677,DIAB_EYE_EXAM,0.024315836767030488,InComm-sourced,True,ablation_v1
MOCK08683,DIAB_EYE_EXAM,0.024352099351186342,InComm-sourced,True,ablation_v1
MOCK08689,DIAB_EYE_EXAM,0.03613122110456825,InComm-sourced,True,ablation_v1
MOCK08695,DIAB_EYE_EXAM,0.03289893358333247,InComm-sourced,True,ablation_v1
MOCK08701,DIAB_EYE_EXAM,0.07824564092105603,InComm-sourced,True,ablation_v1
MOCK08707,DIAB_EYE_EXAM,0.03443924887443303,InComm-sourced,True,ablation_v1
MOCK08713,DIAB_EYE_EXAM,0.035228899986446495,InComm-sourced,True,ablation_v1
MOCK08719,DIAB_EYE_EXAM,0.0531917648157524,InComm-sourced,True,ablation_v1
MOCK08725,DIAB_EYE_EXAM,0.07271137399684617,InComm-sourced,True,ablation_v1
MOCK08731,DIAB_EYE_EXAM,0.044770432489211226,InComm-sourced,True,ablation_v1
MOCK08737,DIAB_EYE_EXAM,0.036994773313764384,InComm-sourced,True,ablation_v1
MOCK08743,DIAB_EYE_EXAM,0.03771032113128173,InComm-sourced,True,ablation_v1
MOCK08749,DIAB_EYE_EXAM,0.016983110145716507,InComm-sourced,True,ablation_v1
MOCK08755,DIAB_EYE_EXAM,0.025915419572934827,InComm-sourced,True,ablation_v1
MOCK08761,DIAB_EYE_EXAM,0.028617889739504444,InComm-sourced,True,ablation_v1
MOCK08767,DIAB_EYE_EXAM,0.023866646073722884,InComm-sourced,True,ablation_v1
MOCK08773,DIAB_EYE_EXAM,0.06520067229272156,InComm-sourced,True,ablation_v1
MOCK08779,DIAB_EYE_EXAM,0.023679237322058278,InComm-sourced,True,ablation_v1
MOCK08785,DIAB_EYE_EXAM,0.04605343688411444,InComm-sourced,True,ablation_v1
MOCK08791,DIAB_EYE_EXAM,0.03252507363471678,InComm-sourced,True,ablation_v1
MOCK08797,DIAB_EYE_EXAM,0.025529011879865348,InComm-sourced,True,ablation_v1
MOCK08803,DIAB_EYE_EXAM,0.030407868716657044,InComm-sourced,True,ablation_v1
MOCK08809,DIAB_EYE_EXAM,0.0589007896631396,InComm-sourced,True,ablation_v1
MOCK08815,DIAB_EYE_EXAM,0.017872776479776194,InComm-sourced,True,ablation_v1
MOCK08821,DIAB_EYE_EXAM,0.024359759743762054,InComm-sourced,True,ablation_v1
MOCK08827,DIAB_EYE_EXAM,0.029856945276494826,InComm-sourced,True,ablation_v1
MOCK08833,DIAB_EYE_EXAM,0.042950370759181046,InComm-sourced,True,ablation_v1
MOCK08839,DIAB_EYE_EXAM,0.03326190405586012,InComm-sourced,True,ablation_v1
MOCK08845,DIAB_EYE_EXAM,0.018880369652529268,InComm-sourced,True,ablation_v1
MOCK08851,DIAB_EYE_EXAM,0.0333545547819895,InComm-sourced,True,ablation_v1
MOCK08857,DIAB_EYE_EXAM,0.04032798285295783,InComm-sourced,True,ablation_v1
MOCK08863,DIAB_EYE_EXAM,0.0704279900989343,InComm-sourced,True,ablation_v1
MOCK08869,DIAB_EYE_EXAM,0.028259573706673202,InComm-sourced,True,ablation_v1
MOCK08875,DIAB_EYE_EXAM,0.029644993027735947,InComm-sourced,True,ablation_v1
MOCK08881,DIAB_EYE_EXAM,0.03026027817392886,InComm-sourced,True,ablation_v1
MOCK08887,DIAB_EYE_EXAM,0.0463154124173614,InComm-sourced,True,ablation_v1
MOCK08893,DIAB_EYE_EXAM,0.05270829104691959,InComm-sourced,True,ablation_v1
MOCK08899,DIAB_EYE_EXAM,0.04366203772733322,InComm-sourced,True,ablation_v1
MOCK08905,DIAB_EYE_EXAM,0.02178361860375758,InComm-sourced,True,ablation_v1
MOCK08911,DIAB_EYE_EXAM,0.025068103385907613,InComm-sourced,True,ablation_v1
MOCK08917,DIAB_EYE_EXAM,0.05013960011077315,InComm-sourced,True,ablation_v1
MOCK08923,DIAB_EYE_EXAM,0.036590681294153396,InComm-sourced,True,ablation_v1
MOCK08929,DIAB_EYE_EXAM,0.0378788983781156,InComm-sourced,True,ablation_v1
MOCK08935,DIAB_EYE_EXAM,0.0306038009611248,InComm-sourced,True,ablation_v1
MOCK08941,DIAB_EYE_EXAM,0.023305279980177483,InComm-sourced,True,ablation_v1
MOCK08947,DIAB_EYE_EXAM,0.035799384583297456,InComm-sourced,True,ablation_v1
MOCK08953,DIAB_EYE_EXAM,0.0710332942106854,InComm-sourced,True,ablation_v1
MOCK08959,DIAB_EYE_EXAM,0.024908974643383167,InComm-sourced,True,ablation_v1
MOCK08965,DIAB_EYE_EXAM,0.04743805018962979,InComm-sourced,True,ablation_v1
MOCK08971,DIAB_EYE_EXAM,0.06832733527424203,InComm-sourced,True,ablation_v1
MOCK08977,DIAB_EYE_EXAM,0.0338985503757754,InComm-sourced,True,ablation_v1
MOCK08983,DIAB_EYE_EXAM,0.01698471954605426,InComm-sourced,True,ablation_v1
MOCK08989,DIAB_EYE_EXAM,0.030055026649894626,InComm-sourced,True,ablation_v1
MOCK08995,DIAB_EYE_EXAM,0.0391771445211708,InComm-sourced,True,ablation_v1
MOCK09001,DIAB_EYE_EXAM,0.037891119002830244,InComm-sourced,True,ablation_v1
MOCK09007,DIAB_EYE_EXAM,0.034072000989202114,InComm-sourced,True,ablation_v1
MOCK09013,DIAB_EYE_EXAM,0.038358860285047,InComm-sourced,True,ablation_v1
MOCK09019,DIAB_EYE_EXAM,0.02499136729560216,InComm-sourced,True,ablation_v1
MOCK09025,DIAB_EYE_EXAM,0.033160564344410386,InComm-sourced,True,ablation_v1
MOCK09031,DIAB_EYE_EXAM,0.05029519668814824,InComm-sourced,True,ablation_v1
MOCK09037,DIAB_EYE_EXAM,0.066558686814648,InComm-sourced,True,ablation_v1
MOCK09043,DIAB_EYE_EXAM,0.0290677334312455,InComm-sourced,True,ablation_v1
MOCK09049,DIAB_EYE_EXAM,0.02700090350630897,InComm-sourced,True,ablation_v1
MOCK09055,DIAB_EYE_EXAM,0.03281010771258854,InComm-sourced,True,ablation_v1
MOCK09061,DIAB_EYE_EXAM,0.02321837239868813,InComm-sourced,True,ablation_v1
MOCK09067,DIAB_EYE_EXAM,0.07403592021485568,InComm-sourced,True,ablation_v1
MOCK09073,DIAB_EYE_EXAM,0.06892739673846515,InComm-sourced,True,ablation_v1
MOCK09079,DIAB_EYE_EXAM,0.03159342058384421,InComm-sourced,True,ablation_v1
MOCK09085,DIAB_EYE_EXAM,0.06902453216202886,InComm-sourced,True,ablation_v1
MOCK09091,DIAB_EYE_EXAM,0.029237637440992486,InComm-sourced,True,ablation_v1
MOCK09097,DIAB_EYE_EXAM,0.08396118841858788,InComm-sourced,True,ablation_v1
MOCK09103,DIAB_EYE_EXAM,0.027685029745388508,InComm-sourced,True,ablation_v1
MOCK09109,DIAB_EYE_EXAM,0.0349655752080275,InComm-sourced,True,ablation_v1
MOCK09115,DIAB_EYE_EXAM,0.026636553517564266,InComm-sourced,True,ablation_v1
MOCK09121,DIAB_EYE_EXAM,0.017920977631070634,InComm-sourced,True,ablation_v1
MOCK09127,DIAB_EYE_EXAM,0.030134885928994107,InComm-sourced,True,ablation_v1
MOCK09133,DIAB_EYE_EXAM,0.04994682013648,InComm-sourced,True,ablation_v1
MOCK09139,DIAB_EYE_EXAM,0.027316657926835484,InComm-sourced,True,ablation_v1
MOCK09145,DIAB_EYE_EXAM,0.021431787512341424,InComm-sourced,True,ablation_v1
MOCK09151,DIAB_EYE_EXAM,0.04730974131432836,InComm-sourced,True,ablation_v1
MOCK09157,DIAB_EYE_EXAM,0.021950613622993602,InComm-sourced,True,ablation_v1
MOCK09163,DIAB_EYE_EXAM,0.018513022401758932,InComm-sourced,True,ablation_v1
MOCK09169,DIAB_EYE_EXAM,0.032180084059717055,InComm-sourced,True,ablation_v1
MOCK09175,DIAB_EYE_EXAM,0.04083191817872384,InComm-sourced,True,ablation_v1
MOCK09181,DIAB_EYE_EXAM,0.034223652520779996,InComm-sourced,True,ablation_v1
MOCK09187,DIAB_EYE_EXAM,0.019632615818016463,InComm-sourced,True,ablation_v1
MOCK09193,DIAB_EYE_EXAM,0.04888913013170059,InComm-sourced,True,ablation_v1
MOCK09199,DIAB_EYE_EXAM,0.027198502106363105,InComm-sourced,True,ablation_v1
MOCK09205,DIAB_EYE_EXAM,0.019427127970700675,InComm-sourced,True,ablation_v1
MOCK09211,DIAB_EYE_EXAM,0.022272884870262993,InComm-sourced,True,ablation_v1
MOCK09217,DIAB_EYE_EXAM,0.034133453445022006,InComm-sourced,True,ablation_v1
MOCK09223,DIAB_EYE_EXAM,0.029233909224260213,InComm-sourced,True,ablation_v1
MOCK09229,DIAB_EYE_EXAM,0.028262576265494627,InComm-sourced,True,ablation_v1
MOCK09235,DIAB_EYE_EXAM,0.015720697964717638,InComm-sourced,True,ablation_v1
MOCK09241,DIAB_EYE_EXAM,0.024552955314608896,InComm-sourced,True,ablation_v1
MOCK09247,DIAB_EYE_EXAM,0.03853682848419558,InComm-sourced,True,ablation_v1
MOCK09253,DIAB_EYE_EXAM,0.02722391278453138,InComm-sourced,True,ablation_v1
MOCK09259,DIAB_EYE_EXAM,0.05617204393585438,InComm-sourced,True,ablation_v1
MOCK09265,DIAB_EYE_EXAM,0.030079606842392814,InComm-sourced,True,ablation_v1
MOCK09271,DIAB_EYE_EXAM,0.019955920973228243,InComm-sourced,True,ablation_v1
MOCK09277,DIAB_EYE_EXAM,0.045859151642466504,InComm-sourced,True,ablation_v1
MOCK09283,DIAB_EYE_EXAM,0.042177700894512136,InComm-sourced,True,ablation_v1
MOCK09289,DIAB_EYE_EXAM,0.07699912948984446,InComm-sourced,True,ablation_v1
MOCK09295,DIAB_EYE_EXAM,0.02574662052853729,InComm-sourced,True,ablation_v1
MOCK09301,DIAB_EYE_EXAM,0.05121762660238868,InComm-sourced,True,ablation_v1
MOCK09307,DIAB_EYE_EXAM,0.027233857652708703,InComm-sourced,True,ablation_v1
MOCK09313,DIAB_EYE_EXAM,0.019463989116226838,InComm-sourced,True,ablation_v1
MOCK09319,DIAB_EYE_EXAM,0.025093043696966473,InComm-sourced,True,ablation_v1
MOCK09325,DIAB_EYE_EXAM,0.01929422500166327,InComm-sourced,True,ablation_v1
MOCK09331,DIAB_EYE_EXAM,0.02362816578157854,InComm-sourced,True,ablation_v1
MOCK09337,DIAB_EYE_EXAM,0.015345626992599672,InComm-sourced,True,ablation_v1
MOCK09343,DIAB_EYE_EXAM,0.03420540840730867,InComm-sourced,True,ablation_v1
MOCK09349,DIAB_EYE_EXAM,0.019609460255019775,InComm-sourced,True,ablation_v1
MOCK09355,DIAB_EYE_EXAM,0.017864715700529648,InComm-sourced,True,ablation_v1
MOCK09361,DIAB_EYE_EXAM,0.02151235436170763,InComm-sourced,True,ablation_v1
MOCK09367,DIAB_EYE_EXAM,0.02788369563284875,InComm-sourced,True,ablation_v1
MOCK09373,DIAB_EYE_EXAM,0.07844386354769262,InComm-sourced,True,ablation_v1
MOCK09379,DIAB_EYE_EXAM,0.031350299661201946,InComm-sourced,True,ablation_v1
MOCK09385,DIAB_EYE_EXAM,0.01778350586714205,InComm-sourced,True,ablation_v1
MOCK09391,DIAB_EYE_EXAM,0.03328909214865013,InComm-sourced,True,ablation_v1
MOCK09397,DIAB_EYE_EXAM,0.023085108912816323,InComm-sourced,True,ablation_v1
MOCK09403,DIAB_EYE_EXAM,0.02801394009664327,InComm-sourced,True,ablation_v1
MOCK09409,DIAB_EYE_EXAM,0.07411470779210798,InComm-sourced,True,ablation_v1
MOCK09415,DIAB_EYE_EXAM,0.022375592305940568,InComm-sourced,True,ablation_v1
MOCK09421,DIAB_EYE_EXAM,0.026475847645726445,InComm-sourced,True,ablation_v1
MOCK09427,DIAB_EYE_EXAM,0.045320133630214185,InComm-sourced,True,ablation_v1
MOCK09433,DIAB_EYE_EXAM,0.027293908088703824,InComm-sourced,True,ablation_v1
MOCK09439,DIAB_EYE_EXAM,0.052136808018044094,InComm-sourced,True,ablation_v1
MOCK09445,DIAB_EYE_EXAM,0.02328528716305455,InComm-sourced,True,ablation_v1
MOCK09451,DIAB_EYE_EXAM,0.029505104354144142,InComm-sourced,True,ablation_v1
MOCK09457,DIAB_EYE_EXAM,0.03183968254808003,InComm-sourced,True,ablation_v1
MOCK09463,DIAB_EYE_EXAM,0.053746399318523555,InComm-sourced,True,ablation_v1
MOCK09469,DIAB_EYE_EXAM,0.02332741655948985,InComm-sourced,True,ablation_v1
MOCK09475,DIAB_EYE_EXAM,0.03242149426164705,InComm-sourced,True,ablation_v1
MOCK09481,DIAB_EYE_EXAM,0.04785414932607062,InComm-sourced,True,ablation_v1
MOCK09487,DIAB_EYE_EXAM,0.03646455281928273,InComm-sourced,True,ablation_v1
MOCK09493,DIAB_EYE_EXAM,0.027887185366420323,InComm-sourced,True,ablation_v1
MOCK09499,DIAB_EYE_EXAM,0.04410757736495992,InComm-sourced,True,ablation_v1
MOCK09505,DIAB_EYE_EXAM,0.024236441485550524,InComm-sourced,True,ablation_v1
MOCK09511,DIAB_EYE_EXAM,0.024829201861738294,InComm-sourced,True,ablation_v1
MOCK09517,DIAB_EYE_EXAM,0.044002106510066294,InComm-sourced,True,ablation_v1
MOCK09523,DIAB_EYE_EXAM,0.03261911329570192,InComm-sourced,True,ablation_v1
MOCK09529,DIAB_EYE_EXAM,0.03361201658676888,InComm-sourced,True,ablation_v1
MOCK09535,DIAB_EYE_EXAM,0.030641888611174575,InComm-sourced,True,ablation_v1
MOCK09541,DIAB_EYE_EXAM,0.024227523567428324,InComm-sourced,True,ablation_v1
MOCK09547,DIAB_EYE_EXAM,0.03644566135157729,InComm-sourced,True,ablation_v1
MOCK09553,DIAB_EYE_EXAM,0.025419930962150228,InComm-sourced,True,ablation_v1
MOCK09559,DIAB_EYE_EXAM,0.032799869994557626,InComm-sourced,True,ablation_v1
MOCK09565,DIAB_EYE_EXAM,0.023067005552119286,InComm-sourced,True,ablation_v1
MOCK09571,DIAB_EYE_EXAM,0.0406537456971486,InComm-sourced,True,ablation_v1
MOCK09577,DIAB_EYE_EXAM,0.03257713622537241,InComm-sourced,True,ablation_v1
MOCK09583,DIAB_EYE_EXAM,0.0406453477227224,InComm-sourced,True,ablation_v1
MOCK09589,DIAB_EYE_EXAM,0.07602056800397002,InComm-sourced,True,ablation_v1
MOCK09595,DIAB_EYE_EXAM,0.02203640255050375,InComm-sourced,True,ablation_v1
MOCK09601,DIAB_EYE_EXAM,0.021699855327552555,InComm-sourced,True,ablation_v1
MOCK09607,DIAB_EYE_EXAM,0.03200579535066102,InComm-sourced,True,ablation_v1
MOCK09613,DIAB_EYE_EXAM,0.042419237150316626,InComm-sourced,True,ablation_v1
MOCK09619,DIAB_EYE_EXAM,0.031479752696611074,InComm-sourced,True,ablation_v1
MOCK09625,DIAB_EYE_EXAM,0.03239415020270131,InComm-sourced,True,ablation_v1
MOCK09631,DIAB_EYE_EXAM,0.05973634992403568,InComm-sourced,True,ablation_v1
MOCK09637,DIAB_EYE_EXAM,0.04007032628506715,InComm-sourced,True,ablation_v1
MOCK09643,DIAB_EYE_EXAM,0.039193862086808744,InComm-sourced,True,ablation_v1
MOCK09649,DIAB_EYE_EXAM,0.029504625435648944,InComm-sourced,True,ablation_v1
MOCK09655,DIAB_EYE_EXAM,0.019528599256514213,InComm-sourced,True,ablation_v1
MOCK09661,DIAB_EYE_EXAM,0.024484075014774162,InComm-sourced,True,ablation_v1
MOCK09667,DIAB_EYE_EXAM,0.021227444760080788,InComm-sourced,True,ablation_v1
MOCK09673,DIAB_EYE_EXAM,0.046508502511602545,InComm-sourced,True,ablation_v1
MOCK09679,DIAB_EYE_EXAM,0.02941887682182967,InComm-sourced,True,ablation_v1
MOCK09685,DIAB_EYE_EXAM,0.027125163809908013,InComm-sourced,True,ablation_v1
MOCK09691,DIAB_EYE_EXAM,0.018794175044136975,InComm-sourced,True,ablation_v1
MOCK09697,DIAB_EYE_EXAM,0.03135074974602378,InComm-sourced,True,ablation_v1
MOCK09703,DIAB_EYE_EXAM,0.029851672731617755,InComm-sourced,True,ablation_v1
MOCK09709,DIAB_EYE_EXAM,0.03456059237380701,InComm-sourced,True,ablation_v1
MOCK09715,DIAB_EYE_EXAM,0.027062085190330716,InComm-sourced,True,ablation_v1
MOCK09721,DIAB_EYE_EXAM,0.06990955535980793,InComm-sourced,True,ablation_v1
MOCK09727,DIAB_EYE_EXAM,0.027341883977272392,InComm-sourced,True,ablation_v1
MOCK09733,DIAB_EYE_EXAM,0.04886835425313686,InComm-sourced,True,ablation_v1
MOCK09739,DIAB_EYE_EXAM,0.028731529370911505,InComm-sourced,True,ablation_v1
MOCK09745,DIAB_EYE_EXAM,0.039427117396325616,InComm-sourced,True,ablation_v1
MOCK09751,DIAB_EYE_EXAM,0.02344112515262461,InComm-sourced,True,ablation_v1
MOCK09757,DIAB_EYE_EXAM,0.027179657482318313,InComm-sourced,True,ablation_v1
MOCK09763,DIAB_EYE_EXAM,0.0324092885589037,InComm-sourced,True,ablation_v1
MOCK09769,DIAB_EYE_EXAM,0.0452860865796097,InComm-sourced,True,ablation_v1
MOCK09775,DIAB_EYE_EXAM,0.03095673576454978,InComm-sourced,True,ablation_v1
MOCK09781,DIAB_EYE_EXAM,0.024112941266695713,InComm-sourced,True,ablation_v1
MOCK09787,DIAB_EYE_EXAM,0.042526917827312334,InComm-sourced,True,ablation_v1
MOCK09793,DIAB_EYE_EXAM,0.042191194577943306,InComm-sourced,True,ablation_v1
MOCK09799,DIAB_EYE_EXAM,0.03618371050001233,InComm-sourced,True,ablation_v1
MOCK09805,DIAB_EYE_EXAM,0.02333839365760754,InComm-sourced,True,ablation_v1
MOCK09811,DIAB_EYE_EXAM,0.030394406553926778,InComm-sourced,True,ablation_v1
MOCK09817,DIAB_EYE_EXAM,0.02001159650355944,InComm-sourced,True,ablation_v1
MOCK09823,DIAB_EYE_EXAM,0.05795770560328882,InComm-sourced,True,ablation_v1
MOCK09829,DIAB_EYE_EXAM,0.03286925785865151,InComm-sourced,True,ablation_v1
MOCK09835,DIAB_EYE_EXAM,0.035145517508762616,InComm-sourced,True,ablation_v1
MOCK09841,DIAB_EYE_EXAM,0.02627823526203273,InComm-sourced,True,ablation_v1
MOCK09847,DIAB_EYE_EXAM,0.026430670026987804,InComm-sourced,True,ablation_v1
MOCK09853,DIAB_EYE_EXAM,0.03281914081454505,InComm-sourced,True,ablation_v1
MOCK09859,DIAB_EYE_EXAM,0.052925054500368815,InComm-sourced,True,ablation_v1
MOCK09865,DIAB_EYE_EXAM,0.034445947148384504,InComm-sourced,True,ablation_v1
MOCK09871,DIAB_EYE_EXAM,0.02296845359636621,InComm-sourced,True,ablation_v1
MOCK09877,DIAB_EYE_EXAM,0.04385504199639981,InComm-sourced,True,ablation_v1
MOCK09883,DIAB_EYE_EXAM,0.030450076104358723,InComm-sourced,True,ablation_v1
MOCK09889,DIAB_EYE_EXAM,0.04079645699204916,InComm-sourced,True,ablation_v1
MOCK09895,DIAB_EYE_EXAM,0.05043000831152933,InComm-sourced,True,ablation_v1
MOCK09901,DIAB_EYE_EXAM,0.015923107812708035,InComm-sourced,True,ablation_v1
MOCK09907,DIAB_EYE_EXAM,0.03267657856487849,InComm-sourced,True,ablation_v1
MOCK09913,DIAB_EYE_EXAM,0.03176765641564035,InComm-sourced,True,ablation_v1
MOCK09919,DIAB_EYE_EXAM,0.07525086539905207,InComm-sourced,True,ablation_v1
MOCK09925,DIAB_EYE_EXAM,0.038030937297730376,InComm-sourced,True,ablation_v1
MOCK09931,DIAB_EYE_EXAM,0.019290733058564387,InComm-sourced,True,ablation_v1
MOCK09937,DIAB_EYE_EXAM,0.03078142901457528,InComm-sourced,True,ablation_v1
MOCK09943,DIAB_EYE_EXAM,0.035933689847174224,InComm-sourced,True,ablation_v1
MOCK09949,DIAB_EYE_EXAM,0.022747811343750025,InComm-sourced,True,ablation_v1
MOCK09955,DIAB_EYE_EXAM,0.042269817491117946,InComm-sourced,True,ablation_v1
MOCK09961,DIAB_EYE_EXAM,0.03467782585578408,InComm-sourced,True,ablation_v1
MOCK09967,DIAB_EYE_EXAM,0.024134628574097962,InComm-sourced,True,ablation_v1
MOCK09973,DIAB_EYE_EXAM,0.031016790308753626,InComm-sourced,True,ablation_v1
MOCK09979,DIAB_EYE_EXAM,0.0932139859475831,InComm-sourced,True,ablation_v1
MOCK09985,DIAB_EYE_EXAM,0.02407156858000208,InComm-sourced,True,ablation_v1
MOCK09991,DIAB_EYE_EXAM,0.0270398359731344,InComm-sourced,True,ablation_v1
MOCK09997,DIAB_EYE_EXAM,0.028956409999877412,InComm-sourced,True,ablation_v1
MOCK00001,DIAB_NEPHRO_SCREEN,0.0215109960498354,InComm-sourced,True,ablation_v1
MOCK00007,DIAB_NEPHRO_SCREEN,0.023792454397599933,InComm-sourced,True,ablation_v1
MOCK00013,DIAB_NEPHRO_SCREEN,0.030085803413691086,InComm-sourced,True,ablation_v1
MOCK00019,DIAB_NEPHRO_SCREEN,0.045053666764326344,InComm-sourced,True,ablation_v1
MOCK00025,DIAB_NEPHRO_SCREEN,0.021786730039399828,InComm-sourced,True,ablation_v1
MOCK00031,DIAB_NEPHRO_SCREEN,0.038859917845898415,InComm-sourced,True,ablation_v1
MOCK00037,DIAB_NEPHRO_SCREEN,0.028651514255994843,InComm-sourced,True,ablation_v1
MOCK00043,DIAB_NEPHRO_SCREEN,0.03312953843137099,InComm-sourced,True,ablation_v1
MOCK00049,DIAB_NEPHRO_SCREEN,0.040750084327526435,InComm-sourced,True,ablation_v1
MOCK00055,DIAB_NEPHRO_SCREEN,0.028014471595704592,InComm-sourced,True,ablation_v1
MOCK00061,DIAB_NEPHRO_SCREEN,0.054642804507188995,InComm-sourced,True,ablation_v1
MOCK00067,DIAB_NEPHRO_SCREEN,0.028795730442350106,InComm-sourced,True,ablation_v1
MOCK00073,DIAB_NEPHRO_SCREEN,0.05849395956796988,InComm-sourced,True,ablation_v1
MOCK00079,DIAB_NEPHRO_SCREEN,0.04358041230248679,InComm-sourced,True,ablation_v1
MOCK00085,DIAB_NEPHRO_SCREEN,0.04250210774298216,InComm-sourced,True,ablation_v1
MOCK00091,DIAB_NEPHRO_SCREEN,0.024380989327185947,InComm-sourced,True,ablation_v1
MOCK00097,DIAB_NEPHRO_SCREEN,0.03300849253895822,InComm-sourced,True,ablation_v1
MOCK00103,DIAB_NEPHRO_SCREEN,0.022669556448133347,InComm-sourced,True,ablation_v1
MOCK00109,DIAB_NEPHRO_SCREEN,0.03704877245600449,InComm-sourced,True,ablation_v1
MOCK00115,DIAB_NEPHRO_SCREEN,0.04394280791471678,InComm-sourced,True,ablation_v1
MOCK00121,DIAB_NEPHRO_SCREEN,0.03737656495355777,InComm-sourced,True,ablation_v1
MOCK00127,DIAB_NEPHRO_SCREEN,0.030134593557712305,InComm-sourced,True,ablation_v1
MOCK00133,DIAB_NEPHRO_SCREEN,0.02477152505163185,InComm-sourced,True,ablation_v1
MOCK00139,DIAB_NEPHRO_SCREEN,0.04817129439753816,InComm-sourced,True,ablation_v1
MOCK00145,DIAB_NEPHRO_SCREEN,0.058318862304562444,InComm-sourced,True,ablation_v1
MOCK00151,DIAB_NEPHRO_SCREEN,0.040865980932904146,InComm-sourced,True,ablation_v1
MOCK00157,DIAB_NEPHRO_SCREEN,0.04022207704275464,InComm-sourced,True,ablation_v1
MOCK00163,DIAB_NEPHRO_SCREEN,0.02674771944670009,InComm-sourced,True,ablation_v1
MOCK00169,DIAB_NEPHRO_SCREEN,0.03360229148202202,InComm-sourced,True,ablation_v1
MOCK00175,DIAB_NEPHRO_SCREEN,0.03140915277162073,InComm-sourced,True,ablation_v1
MOCK00181,DIAB_NEPHRO_SCREEN,0.0327751029931358,InComm-sourced,True,ablation_v1
MOCK00187,DIAB_NEPHRO_SCREEN,0.031061234171318116,InComm-sourced,True,ablation_v1
MOCK00193,DIAB_NEPHRO_SCREEN,0.0181924069993399,InComm-sourced,True,ablation_v1
MOCK00199,DIAB_NEPHRO_SCREEN,0.03101389287102374,InComm-sourced,True,ablation_v1
MOCK00205,DIAB_NEPHRO_SCREEN,0.028087887646232525,InComm-sourced,True,ablation_v1
MOCK00211,DIAB_NEPHRO_SCREEN,0.02249470294713563,InComm-sourced,True,ablation_v1
MOCK00217,DIAB_NEPHRO_SCREEN,0.02451178034156122,InComm-sourced,True,ablation_v1
MOCK00223,DIAB_NEPHRO_SCREEN,0.034223735752181524,InComm-sourced,True,ablation_v1
MOCK00229,DIAB_NEPHRO_SCREEN,0.04973995827132959,InComm-sourced,True,ablation_v1
MOCK00235,DIAB_NEPHRO_SCREEN,0.019817782296938126,InComm-sourced,True,ablation_v1
MOCK00241,DIAB_NEPHRO_SCREEN,0.05220319611813594,InComm-sourced,True,ablation_v1
MOCK00247,DIAB_NEPHRO_SCREEN,0.036298771341373305,InComm-sourced,True,ablation_v1
MOCK00253,DIAB_NEPHRO_SCREEN,0.036366750447653765,InComm-sourced,True,ablation_v1
MOCK00259,DIAB_NEPHRO_SCREEN,0.023303457403686036,InComm-sourced,True,ablation_v1
MOCK00265,DIAB_NEPHRO_SCREEN,0.02356033937703068,InComm-sourced,True,ablation_v1
MOCK00271,DIAB_NEPHRO_SCREEN,0.03424787372066806,InComm-sourced,True,ablation_v1
MOCK00277,DIAB_NEPHRO_SCREEN,0.044925232991561176,InComm-sourced,True,ablation_v1
MOCK00283,DIAB_NEPHRO_SCREEN,0.032095741818823104,InComm-sourced,True,ablation_v1
MOCK00289,DIAB_NEPHRO_SCREEN,0.061828533418554835,InComm-sourced,True,ablation_v1
MOCK00295,DIAB_NEPHRO_SCREEN,0.058913491385901295,InComm-sourced,True,ablation_v1
MOCK00301,DIAB_NEPHRO_SCREEN,0.029758689708361822,InComm-sourced,True,ablation_v1
MOCK00307,DIAB_NEPHRO_SCREEN,0.05352080142519831,InComm-sourced,True,ablation_v1
MOCK00313,DIAB_NEPHRO_SCREEN,0.04423680774132402,InComm-sourced,True,ablation_v1
MOCK00319,DIAB_NEPHRO_SCREEN,0.03433435817698357,InComm-sourced,True,ablation_v1
MOCK00325,DIAB_NEPHRO_SCREEN,0.041380093137446526,InComm-sourced,True,ablation_v1
MOCK00331,DIAB_NEPHRO_SCREEN,0.04994137685339936,InComm-sourced,True,ablation_v1
MOCK00337,DIAB_NEPHRO_SCREEN,0.028453210235450832,InComm-sourced,True,ablation_v1
MOCK00343,DIAB_NEPHRO_SCREEN,0.033568481775999116,InComm-sourced,True,ablation_v1
MOCK00349,DIAB_NEPHRO_SCREEN,0.06277626282031255,InComm-sourced,True,ablation_v1
MOCK00355,DIAB_NEPHRO_SCREEN,0.01797960107696552,InComm-sourced,True,ablation_v1
MOCK00361,DIAB_NEPHRO_SCREEN,0.022891625194286756,InComm-sourced,True,ablation_v1
MOCK00367,DIAB_NEPHRO_SCREEN,0.06839185750254594,InComm-sourced,True,ablation_v1
MOCK00373,DIAB_NEPHRO_SCREEN,0.027402747884936716,InComm-sourced,True,ablation_v1
MOCK00379,DIAB_NEPHRO_SCREEN,0.03366283407436331,InComm-sourced,True,ablation_v1
MOCK00385,DIAB_NEPHRO_SCREEN,0.028503572669677367,InComm-sourced,True,ablation_v1
MOCK00391,DIAB_NEPHRO_SCREEN,0.02081631983254229,InComm-sourced,True,ablation_v1
MOCK00397,DIAB_NEPHRO_SCREEN,0.03889882384827655,InComm-sourced,True,ablation_v1
MOCK00403,DIAB_NEPHRO_SCREEN,0.034837347206032016,InComm-sourced,True,ablation_v1
MOCK00409,DIAB_NEPHRO_SCREEN,0.027415213400684396,InComm-sourced,True,ablation_v1
MOCK00415,DIAB_NEPHRO_SCREEN,0.023522931425291833,InComm-sourced,True,ablation_v1
MOCK00421,DIAB_NEPHRO_SCREEN,0.050650048679384295,InComm-sourced,True,ablation_v1
MOCK00427,DIAB_NEPHRO_SCREEN,0.023353874032859653,InComm-sourced,True,ablation_v1
MOCK00433,DIAB_NEPHRO_SCREEN,0.02466276212640311,InComm-sourced,True,ablation_v1
MOCK00439,DIAB_NEPHRO_SCREEN,0.03758215625388583,InComm-sourced,True,ablation_v1
MOCK00445,DIAB_NEPHRO_SCREEN,0.01925396452316929,InComm-sourced,True,ablation_v1
MOCK00451,DIAB_NEPHRO_SCREEN,0.04178643789543145,InComm-sourced,True,ablation_v1
MOCK00457,DIAB_NEPHRO_SCREEN,0.028812548520173224,InComm-sourced,True,ablation_v1
MOCK00463,DIAB_NEPHRO_SCREEN,0.018120507291725717,InComm-sourced,True,ablation_v1
MOCK00469,DIAB_NEPHRO_SCREEN,0.04597005011789119,InComm-sourced,True,ablation_v1
MOCK00475,DIAB_NEPHRO_SCREEN,0.024382354826613092,InComm-sourced,True,ablation_v1
MOCK00481,DIAB_NEPHRO_SCREEN,0.0523438249306675,InComm-sourced,True,ablation_v1
MOCK00487,DIAB_NEPHRO_SCREEN,0.05003832590584002,InComm-sourced,True,ablation_v1
MOCK00493,DIAB_NEPHRO_SCREEN,0.07647329303331658,InComm-sourced,True,ablation_v1
MOCK00499,DIAB_NEPHRO_SCREEN,0.02439829842456767,InComm-sourced,True,ablation_v1
MOCK00505,DIAB_NEPHRO_SCREEN,0.019882719223161222,InComm-sourced,True,ablation_v1
MOCK00511,DIAB_NEPHRO_SCREEN,0.023008223781271476,InComm-sourced,True,ablation_v1
MOCK00517,DIAB_NEPHRO_SCREEN,0.031128560993828346,InComm-sourced,True,ablation_v1
MOCK00523,DIAB_NEPHRO_SCREEN,0.02692253008040048,InComm-sourced,True,ablation_v1
MOCK00529,DIAB_NEPHRO_SCREEN,0.07581962502517742,InComm-sourced,True,ablation_v1
MOCK00535,DIAB_NEPHRO_SCREEN,0.025416965332528046,InComm-sourced,True,ablation_v1
MOCK00541,DIAB_NEPHRO_SCREEN,0.07238306414935411,InComm-sourced,True,ablation_v1
MOCK00547,DIAB_NEPHRO_SCREEN,0.04221760408842318,InComm-sourced,True,ablation_v1
MOCK00553,DIAB_NEPHRO_SCREEN,0.03915764850174164,InComm-sourced,True,ablation_v1
MOCK00559,DIAB_NEPHRO_SCREEN,0.051126060942185594,InComm-sourced,True,ablation_v1
MOCK00565,DIAB_NEPHRO_SCREEN,0.01747456342520142,InComm-sourced,True,ablation_v1
MOCK00571,DIAB_NEPHRO_SCREEN,0.02637436714181292,InComm-sourced,True,ablation_v1
MOCK00577,DIAB_NEPHRO_SCREEN,0.03476646990456026,InComm-sourced,True,ablation_v1
MOCK00583,DIAB_NEPHRO_SCREEN,0.036347196257172455,InComm-sourced,True,ablation_v1
MOCK00589,DIAB_NEPHRO_SCREEN,0.026646688890936597,InComm-sourced,True,ablation_v1
MOCK00595,DIAB_NEPHRO_SCREEN,0.017207403460727834,InComm-sourced,True,ablation_v1
MOCK00601,DIAB_NEPHRO_SCREEN,0.022874423192380186,InComm-sourced,True,ablation_v1
MOCK00607,DIAB_NEPHRO_SCREEN,0.05878376779958565,InComm-sourced,True,ablation_v1
MOCK00613,DIAB_NEPHRO_SCREEN,0.02713405365087554,InComm-sourced,True,ablation_v1
MOCK00619,DIAB_NEPHRO_SCREEN,0.04232230777801224,InComm-sourced,True,ablation_v1
MOCK00625,DIAB_NEPHRO_SCREEN,0.07119805585569694,InComm-sourced,True,ablation_v1
MOCK00631,DIAB_NEPHRO_SCREEN,0.030156731246647812,InComm-sourced,True,ablation_v1
MOCK00637,DIAB_NEPHRO_SCREEN,0.04229084419497755,InComm-sourced,True,ablation_v1
MOCK00643,DIAB_NEPHRO_SCREEN,0.03209626221823276,InComm-sourced,True,ablation_v1
MOCK00649,DIAB_NEPHRO_SCREEN,0.034552483232724786,InComm-sourced,True,ablation_v1
MOCK00655,DIAB_NEPHRO_SCREEN,0.03317163033977566,InComm-sourced,True,ablation_v1
MOCK00661,DIAB_NEPHRO_SCREEN,0.02966523453839448,InComm-sourced,True,ablation_v1
MOCK00667,DIAB_NEPHRO_SCREEN,0.03076449149767019,InComm-sourced,True,ablation_v1
MOCK00673,DIAB_NEPHRO_SCREEN,0.01708361457182768,InComm-sourced,True,ablation_v1
MOCK00679,DIAB_NEPHRO_SCREEN,0.033616640862981606,InComm-sourced,True,ablation_v1
MOCK00685,DIAB_NEPHRO_SCREEN,0.02972856841497306,InComm-sourced,True,ablation_v1
MOCK00691,DIAB_NEPHRO_SCREEN,0.0329401515815319,InComm-sourced,True,ablation_v1
MOCK00697,DIAB_NEPHRO_SCREEN,0.021011733718226563,InComm-sourced,True,ablation_v1
MOCK00703,DIAB_NEPHRO_SCREEN,0.049793419063803857,InComm-sourced,True,ablation_v1
MOCK00709,DIAB_NEPHRO_SCREEN,0.03527848950498074,InComm-sourced,True,ablation_v1
MOCK00715,DIAB_NEPHRO_SCREEN,0.020073173994694726,InComm-sourced,True,ablation_v1
MOCK00721,DIAB_NEPHRO_SCREEN,0.03970434214502833,InComm-sourced,True,ablation_v1
MOCK00727,DIAB_NEPHRO_SCREEN,0.019731453653890414,InComm-sourced,True,ablation_v1
MOCK00733,DIAB_NEPHRO_SCREEN,0.05001508324479051,InComm-sourced,True,ablation_v1
MOCK00739,DIAB_NEPHRO_SCREEN,0.019752592115259586,InComm-sourced,True,ablation_v1
MOCK00745,DIAB_NEPHRO_SCREEN,0.03672412997329808,InComm-sourced,True,ablation_v1
MOCK00751,DIAB_NEPHRO_SCREEN,0.023191399924431384,InComm-sourced,True,ablation_v1
MOCK00757,DIAB_NEPHRO_SCREEN,0.05960443247922015,InComm-sourced,True,ablation_v1
MOCK00763,DIAB_NEPHRO_SCREEN,0.020673000511393994,InComm-sourced,True,ablation_v1
MOCK00769,DIAB_NEPHRO_SCREEN,0.024785027137064174,InComm-sourced,True,ablation_v1
MOCK00775,DIAB_NEPHRO_SCREEN,0.021332742065779235,InComm-sourced,True,ablation_v1
MOCK00781,DIAB_NEPHRO_SCREEN,0.024500711809326513,InComm-sourced,True,ablation_v1
MOCK00787,DIAB_NEPHRO_SCREEN,0.029949292498867363,InComm-sourced,True,ablation_v1
MOCK00793,DIAB_NEPHRO_SCREEN,0.0299352735629241,InComm-sourced,True,ablation_v1
MOCK00799,DIAB_NEPHRO_SCREEN,0.02962924335950109,InComm-sourced,True,ablation_v1
MOCK00805,DIAB_NEPHRO_SCREEN,0.025272589944886934,InComm-sourced,True,ablation_v1
MOCK00811,DIAB_NEPHRO_SCREEN,0.04421601117850802,InComm-sourced,True,ablation_v1
MOCK00817,DIAB_NEPHRO_SCREEN,0.04440851600128592,InComm-sourced,True,ablation_v1
MOCK00823,DIAB_NEPHRO_SCREEN,0.02971510037731514,InComm-sourced,True,ablation_v1
MOCK00829,DIAB_NEPHRO_SCREEN,0.051231336013361516,InComm-sourced,True,ablation_v1
MOCK00835,DIAB_NEPHRO_SCREEN,0.054949592740790795,InComm-sourced,True,ablation_v1
MOCK00841,DIAB_NEPHRO_SCREEN,0.027531902543763913,InComm-sourced,True,ablation_v1
MOCK00847,DIAB_NEPHRO_SCREEN,0.022325909276850558,InComm-sourced,True,ablation_v1
MOCK00853,DIAB_NEPHRO_SCREEN,0.03988875354107466,InComm-sourced,True,ablation_v1
MOCK00859,DIAB_NEPHRO_SCREEN,0.046066831336122195,InComm-sourced,True,ablation_v1
MOCK00865,DIAB_NEPHRO_SCREEN,0.04055417979247851,InComm-sourced,True,ablation_v1
MOCK00871,DIAB_NEPHRO_SCREEN,0.030748907802533674,InComm-sourced,True,ablation_v1
MOCK00877,DIAB_NEPHRO_SCREEN,0.01592475905100592,InComm-sourced,True,ablation_v1
MOCK00883,DIAB_NEPHRO_SCREEN,0.036021534418740044,InComm-sourced,True,ablation_v1
MOCK00889,DIAB_NEPHRO_SCREEN,0.02641695680016017,InComm-sourced,True,ablation_v1
MOCK00895,DIAB_NEPHRO_SCREEN,0.03575259439710017,InComm-sourced,True,ablation_v1
MOCK00901,DIAB_NEPHRO_SCREEN,0.022972791807770357,InComm-sourced,True,ablation_v1
MOCK00907,DIAB_NEPHRO_SCREEN,0.0239969821762097,InComm-sourced,True,ablation_v1
MOCK00913,DIAB_NEPHRO_SCREEN,0.06588083991249505,InComm-sourced,True,ablation_v1
MOCK00919,DIAB_NEPHRO_SCREEN,0.04415470436929704,InComm-sourced,True,ablation_v1
MOCK00925,DIAB_NEPHRO_SCREEN,0.021906934789353256,InComm-sourced,True,ablation_v1
MOCK00931,DIAB_NEPHRO_SCREEN,0.035109036881146485,InComm-sourced,True,ablation_v1
MOCK00937,DIAB_NEPHRO_SCREEN,0.03244715992156134,InComm-sourced,True,ablation_v1
MOCK00943,DIAB_NEPHRO_SCREEN,0.0593279993738541,InComm-sourced,True,ablation_v1
MOCK00949,DIAB_NEPHRO_SCREEN,0.029410565226631845,InComm-sourced,True,ablation_v1
MOCK00955,DIAB_NEPHRO_SCREEN,0.03211645051038682,InComm-sourced,True,ablation_v1
MOCK00961,DIAB_NEPHRO_SCREEN,0.041193366919419834,InComm-sourced,True,ablation_v1
MOCK00967,DIAB_NEPHRO_SCREEN,0.017454730038813614,InComm-sourced,True,ablation_v1
MOCK00973,DIAB_NEPHRO_SCREEN,0.041519216471585345,InComm-sourced,True,ablation_v1
MOCK00979,DIAB_NEPHRO_SCREEN,0.05239426919775536,InComm-sourced,True,ablation_v1
MOCK00985,DIAB_NEPHRO_SCREEN,0.028993663500946454,InComm-sourced,True,ablation_v1
MOCK00991,DIAB_NEPHRO_SCREEN,0.03332662496026799,InComm-sourced,True,ablation_v1
MOCK00997,DIAB_NEPHRO_SCREEN,0.05569266553501589,InComm-sourced,True,ablation_v1
MOCK01003,DIAB_NEPHRO_SCREEN,0.021914709426981635,InComm-sourced,True,ablation_v1
MOCK01009,DIAB_NEPHRO_SCREEN,0.03790817482197107,InComm-sourced,True,ablation_v1
MOCK01015,DIAB_NEPHRO_SCREEN,0.06152824336326113,InComm-sourced,True,ablation_v1
MOCK01021,DIAB_NEPHRO_SCREEN,0.02729408562883665,InComm-sourced,True,ablation_v1
MOCK01027,DIAB_NEPHRO_SCREEN,0.03054434293832333,InComm-sourced,True,ablation_v1
MOCK01033,DIAB_NEPHRO_SCREEN,0.03365015194435809,InComm-sourced,True,ablation_v1
MOCK01039,DIAB_NEPHRO_SCREEN,0.024469091056781345,InComm-sourced,True,ablation_v1
MOCK01045,DIAB_NEPHRO_SCREEN,0.04812810623580456,InComm-sourced,True,ablation_v1
MOCK01051,DIAB_NEPHRO_SCREEN,0.047009022193130766,InComm-sourced,True,ablation_v1
MOCK01057,DIAB_NEPHRO_SCREEN,0.017233529051296863,InComm-sourced,True,ablation_v1
MOCK01063,DIAB_NEPHRO_SCREEN,0.025865205178603603,InComm-sourced,True,ablation_v1
MOCK01069,DIAB_NEPHRO_SCREEN,0.034942224809574235,InComm-sourced,True,ablation_v1
MOCK01075,DIAB_NEPHRO_SCREEN,0.04401177998214586,InComm-sourced,True,ablation_v1
MOCK01081,DIAB_NEPHRO_SCREEN,0.07492490398610271,InComm-sourced,True,ablation_v1
MOCK01087,DIAB_NEPHRO_SCREEN,0.026832511779520077,InComm-sourced,True,ablation_v1
MOCK01093,DIAB_NEPHRO_SCREEN,0.025041991864778394,InComm-sourced,True,ablation_v1
MOCK01099,DIAB_NEPHRO_SCREEN,0.09436723477943516,InComm-sourced,True,ablation_v1
MOCK01105,DIAB_NEPHRO_SCREEN,0.021909033529295525,InComm-sourced,True,ablation_v1
MOCK01111,DIAB_NEPHRO_SCREEN,0.053977813419802914,InComm-sourced,True,ablation_v1
MOCK01117,DIAB_NEPHRO_SCREEN,0.04010411709560899,InComm-sourced,True,ablation_v1
MOCK01123,DIAB_NEPHRO_SCREEN,0.023434317687310018,InComm-sourced,True,ablation_v1
MOCK01129,DIAB_NEPHRO_SCREEN,0.02880947786820526,InComm-sourced,True,ablation_v1
MOCK01135,DIAB_NEPHRO_SCREEN,0.02074197665037586,InComm-sourced,True,ablation_v1
MOCK01141,DIAB_NEPHRO_SCREEN,0.027835851577210035,InComm-sourced,True,ablation_v1
MOCK01147,DIAB_NEPHRO_SCREEN,0.0709272647615906,InComm-sourced,True,ablation_v1
MOCK01153,DIAB_NEPHRO_SCREEN,0.03621040394658984,InComm-sourced,True,ablation_v1
MOCK01159,DIAB_NEPHRO_SCREEN,0.03792864163253792,InComm-sourced,True,ablation_v1
MOCK01165,DIAB_NEPHRO_SCREEN,0.032021337916402,InComm-sourced,True,ablation_v1
MOCK01171,DIAB_NEPHRO_SCREEN,0.06183772120490365,InComm-sourced,True,ablation_v1
MOCK01177,DIAB_NEPHRO_SCREEN,0.047630186551020276,InComm-sourced,True,ablation_v1
MOCK01183,DIAB_NEPHRO_SCREEN,0.0471029775956685,InComm-sourced,True,ablation_v1
MOCK01189,DIAB_NEPHRO_SCREEN,0.03154213475891891,InComm-sourced,True,ablation_v1
MOCK01195,DIAB_NEPHRO_SCREEN,0.019039259659805824,InComm-sourced,True,ablation_v1
MOCK01201,DIAB_NEPHRO_SCREEN,0.06343707184921363,InComm-sourced,True,ablation_v1
MOCK01207,DIAB_NEPHRO_SCREEN,0.023635808093187494,InComm-sourced,True,ablation_v1
MOCK01213,DIAB_NEPHRO_SCREEN,0.031135876662219043,InComm-sourced,True,ablation_v1
MOCK01219,DIAB_NEPHRO_SCREEN,0.02737022548753422,InComm-sourced,True,ablation_v1
MOCK01225,DIAB_NEPHRO_SCREEN,0.039940921130933185,InComm-sourced,True,ablation_v1
MOCK01231,DIAB_NEPHRO_SCREEN,0.024047254784808743,InComm-sourced,True,ablation_v1
MOCK01237,DIAB_NEPHRO_SCREEN,0.022749766189427947,InComm-sourced,True,ablation_v1
MOCK01243,DIAB_NEPHRO_SCREEN,0.028373404771299692,InComm-sourced,True,ablation_v1
MOCK01249,DIAB_NEPHRO_SCREEN,0.08363842330204047,InComm-sourced,True,ablation_v1
MOCK01255,DIAB_NEPHRO_SCREEN,0.023269188392271652,InComm-sourced,True,ablation_v1
MOCK01261,DIAB_NEPHRO_SCREEN,0.018842595081881155,InComm-sourced,True,ablation_v1
MOCK01267,DIAB_NEPHRO_SCREEN,0.055003608190327666,InComm-sourced,True,ablation_v1
MOCK01273,DIAB_NEPHRO_SCREEN,0.04929381353563907,InComm-sourced,True,ablation_v1
MOCK01279,DIAB_NEPHRO_SCREEN,0.03237080692796734,InComm-sourced,True,ablation_v1
MOCK01285,DIAB_NEPHRO_SCREEN,0.02483166268242349,InComm-sourced,True,ablation_v1
MOCK01291,DIAB_NEPHRO_SCREEN,0.06420743000665054,InComm-sourced,True,ablation_v1
MOCK01297,DIAB_NEPHRO_SCREEN,0.036121833327569935,InComm-sourced,True,ablation_v1
MOCK01303,DIAB_NEPHRO_SCREEN,0.027999833346296552,InComm-sourced,True,ablation_v1
MOCK01309,DIAB_NEPHRO_SCREEN,0.04941409530892987,InComm-sourced,True,ablation_v1
MOCK01315,DIAB_NEPHRO_SCREEN,0.02829730084751188,InComm-sourced,True,ablation_v1
MOCK01321,DIAB_NEPHRO_SCREEN,0.03655286702432853,InComm-sourced,True,ablation_v1
MOCK01327,DIAB_NEPHRO_SCREEN,0.026233701861787403,InComm-sourced,True,ablation_v1
MOCK01333,DIAB_NEPHRO_SCREEN,0.03358295748767792,InComm-sourced,True,ablation_v1
MOCK01339,DIAB_NEPHRO_SCREEN,0.040756996775414674,InComm-sourced,True,ablation_v1
MOCK01345,DIAB_NEPHRO_SCREEN,0.05160676525856107,InComm-sourced,True,ablation_v1
MOCK01351,DIAB_NEPHRO_SCREEN,0.021520681543680777,InComm-sourced,True,ablation_v1
MOCK01357,DIAB_NEPHRO_SCREEN,0.02302762961452285,InComm-sourced,True,ablation_v1
MOCK01363,DIAB_NEPHRO_SCREEN,0.021944467342370176,InComm-sourced,True,ablation_v1
MOCK01369,DIAB_NEPHRO_SCREEN,0.027989624251082836,InComm-sourced,True,ablation_v1
MOCK01375,DIAB_NEPHRO_SCREEN,0.024994958998259015,InComm-sourced,True,ablation_v1
MOCK01381,DIAB_NEPHRO_SCREEN,0.03198352923907547,InComm-sourced,True,ablation_v1
MOCK01387,DIAB_NEPHRO_SCREEN,0.015108460725074773,InComm-sourced,True,ablation_v1
MOCK01393,DIAB_NEPHRO_SCREEN,0.08009874215966986,InComm-sourced,True,ablation_v1
MOCK01399,DIAB_NEPHRO_SCREEN,0.042911355887663385,InComm-sourced,True,ablation_v1
MOCK01405,DIAB_NEPHRO_SCREEN,0.0322658805230922,InComm-sourced,True,ablation_v1
MOCK01411,DIAB_NEPHRO_SCREEN,0.035331662703641895,InComm-sourced,True,ablation_v1
MOCK01417,DIAB_NEPHRO_SCREEN,0.02874464351092982,InComm-sourced,True,ablation_v1
MOCK01423,DIAB_NEPHRO_SCREEN,0.020301095238433924,InComm-sourced,True,ablation_v1
MOCK01429,DIAB_NEPHRO_SCREEN,0.06404847676681887,InComm-sourced,True,ablation_v1
MOCK01435,DIAB_NEPHRO_SCREEN,0.03423512085493639,InComm-sourced,True,ablation_v1
MOCK01441,DIAB_NEPHRO_SCREEN,0.04397577983242628,InComm-sourced,True,ablation_v1
MOCK01447,DIAB_NEPHRO_SCREEN,0.035289447578017184,InComm-sourced,True,ablation_v1
MOCK01453,DIAB_NEPHRO_SCREEN,0.03861320103274043,InComm-sourced,True,ablation_v1
MOCK01459,DIAB_NEPHRO_SCREEN,0.043449812983489364,InComm-sourced,True,ablation_v1
MOCK01465,DIAB_NEPHRO_SCREEN,0.030554836266251297,InComm-sourced,True,ablation_v1
MOCK01471,DIAB_NEPHRO_SCREEN,0.045568156023877426,InComm-sourced,True,ablation_v1
MOCK01477,DIAB_NEPHRO_SCREEN,0.029485270393413695,InComm-sourced,True,ablation_v1
MOCK01483,DIAB_NEPHRO_SCREEN,0.030618250173169177,InComm-sourced,True,ablation_v1
MOCK01489,DIAB_NEPHRO_SCREEN,0.027567597696412583,InComm-sourced,True,ablation_v1
MOCK01495,DIAB_NEPHRO_SCREEN,0.03543972415364894,InComm-sourced,True,ablation_v1
MOCK01501,DIAB_NEPHRO_SCREEN,0.02600059387869169,InComm-sourced,True,ablation_v1
MOCK01507,DIAB_NEPHRO_SCREEN,0.03595537282626334,InComm-sourced,True,ablation_v1
MOCK01513,DIAB_NEPHRO_SCREEN,0.06751859620774942,InComm-sourced,True,ablation_v1
MOCK01519,DIAB_NEPHRO_SCREEN,0.0677708847121382,InComm-sourced,True,ablation_v1
MOCK01525,DIAB_NEPHRO_SCREEN,0.025727498292863304,InComm-sourced,True,ablation_v1
MOCK01531,DIAB_NEPHRO_SCREEN,0.034884688714022,InComm-sourced,True,ablation_v1
MOCK01537,DIAB_NEPHRO_SCREEN,0.029172897701087188,InComm-sourced,True,ablation_v1
MOCK01543,DIAB_NEPHRO_SCREEN,0.07271646851926021,InComm-sourced,True,ablation_v1
MOCK01549,DIAB_NEPHRO_SCREEN,0.04064989281790824,InComm-sourced,True,ablation_v1
MOCK01555,DIAB_NEPHRO_SCREEN,0.03038693902165441,InComm-sourced,True,ablation_v1
MOCK01561,DIAB_NEPHRO_SCREEN,0.02554119546794263,InComm-sourced,True,ablation_v1
MOCK01567,DIAB_NEPHRO_SCREEN,0.022250109590511186,InComm-sourced,True,ablation_v1
MOCK01573,DIAB_NEPHRO_SCREEN,0.02859613815785472,InComm-sourced,True,ablation_v1
MOCK01579,DIAB_NEPHRO_SCREEN,0.04063434085650436,InComm-sourced,True,ablation_v1
MOCK01585,DIAB_NEPHRO_SCREEN,0.046702931305429164,InComm-sourced,True,ablation_v1
MOCK01591,DIAB_NEPHRO_SCREEN,0.05872167335451395,InComm-sourced,True,ablation_v1
MOCK01597,DIAB_NEPHRO_SCREEN,0.015013379779647163,InComm-sourced,True,ablation_v1
MOCK01603,DIAB_NEPHRO_SCREEN,0.03527996047798508,InComm-sourced,True,ablation_v1
MOCK01609,DIAB_NEPHRO_SCREEN,0.09312417455525453,InComm-sourced,True,ablation_v1
MOCK01615,DIAB_NEPHRO_SCREEN,0.023624534217979862,InComm-sourced,True,ablation_v1
MOCK01621,DIAB_NEPHRO_SCREEN,0.03932190076536735,InComm-sourced,True,ablation_v1
MOCK01627,DIAB_NEPHRO_SCREEN,0.01844721912095107,InComm-sourced,True,ablation_v1
MOCK01633,DIAB_NEPHRO_SCREEN,0.06260094698480428,InComm-sourced,True,ablation_v1
MOCK01639,DIAB_NEPHRO_SCREEN,0.04300521943442274,InComm-sourced,True,ablation_v1
MOCK01645,DIAB_NEPHRO_SCREEN,0.013722864186573733,InComm-sourced,True,ablation_v1
MOCK01651,DIAB_NEPHRO_SCREEN,0.018007170102200563,InComm-sourced,True,ablation_v1
MOCK01657,DIAB_NEPHRO_SCREEN,0.04035971243308522,InComm-sourced,True,ablation_v1
MOCK01663,DIAB_NEPHRO_SCREEN,0.04667000729182006,InComm-sourced,True,ablation_v1
MOCK01669,DIAB_NEPHRO_SCREEN,0.05146609787547018,InComm-sourced,True,ablation_v1
MOCK01675,DIAB_NEPHRO_SCREEN,0.023842155343398494,InComm-sourced,True,ablation_v1
MOCK01681,DIAB_NEPHRO_SCREEN,0.055939529064882955,InComm-sourced,True,ablation_v1
MOCK01687,DIAB_NEPHRO_SCREEN,0.03779682586487224,InComm-sourced,True,ablation_v1
MOCK01693,DIAB_NEPHRO_SCREEN,0.024832477497978813,InComm-sourced,True,ablation_v1
MOCK01699,DIAB_NEPHRO_SCREEN,0.030558357770133864,InComm-sourced,True,ablation_v1
MOCK01705,DIAB_NEPHRO_SCREEN,0.016947977448912643,InComm-sourced,True,ablation_v1
MOCK01711,DIAB_NEPHRO_SCREEN,0.028967630353229554,InComm-sourced,True,ablation_v1
MOCK01717,DIAB_NEPHRO_SCREEN,0.03724922439498279,InComm-sourced,True,ablation_v1
MOCK01723,DIAB_NEPHRO_SCREEN,0.029181395529875687,InComm-sourced,True,ablation_v1
MOCK01729,DIAB_NEPHRO_SCREEN,0.06329347926153346,InComm-sourced,True,ablation_v1
MOCK01735,DIAB_NEPHRO_SCREEN,0.02847512367048972,InComm-sourced,True,ablation_v1
MOCK01741,DIAB_NEPHRO_SCREEN,0.027077603729111888,InComm-sourced,True,ablation_v1
MOCK01747,DIAB_NEPHRO_SCREEN,0.029618632098981187,InComm-sourced,True,ablation_v1
MOCK01753,DIAB_NEPHRO_SCREEN,0.020789591980560625,InComm-sourced,True,ablation_v1
MOCK01759,DIAB_NEPHRO_SCREEN,0.051130821824123554,InComm-sourced,True,ablation_v1
MOCK01765,DIAB_NEPHRO_SCREEN,0.022923026118033308,InComm-sourced,True,ablation_v1
MOCK01771,DIAB_NEPHRO_SCREEN,0.04695184019857098,InComm-sourced,True,ablation_v1
MOCK01777,DIAB_NEPHRO_SCREEN,0.02255124932621787,InComm-sourced,True,ablation_v1
MOCK01783,DIAB_NEPHRO_SCREEN,0.03946817265959033,InComm-sourced,True,ablation_v1
MOCK01789,DIAB_NEPHRO_SCREEN,0.04878424316060756,InComm-sourced,True,ablation_v1
MOCK01795,DIAB_NEPHRO_SCREEN,0.023480965035832285,InComm-sourced,True,ablation_v1
MOCK01801,DIAB_NEPHRO_SCREEN,0.08277985362621279,InComm-sourced,True,ablation_v1
MOCK01807,DIAB_NEPHRO_SCREEN,0.03633744899856115,InComm-sourced,True,ablation_v1
MOCK01813,DIAB_NEPHRO_SCREEN,0.04563608829129969,InComm-sourced,True,ablation_v1
MOCK01819,DIAB_NEPHRO_SCREEN,0.06327801445420012,InComm-sourced,True,ablation_v1
MOCK01825,DIAB_NEPHRO_SCREEN,0.017750005105835902,InComm-sourced,True,ablation_v1
MOCK01831,DIAB_NEPHRO_SCREEN,0.02791630015923451,InComm-sourced,True,ablation_v1
MOCK01837,DIAB_NEPHRO_SCREEN,0.019217464586520308,InComm-sourced,True,ablation_v1
MOCK01843,DIAB_NEPHRO_SCREEN,0.0407515002343287,InComm-sourced,True,ablation_v1
MOCK01849,DIAB_NEPHRO_SCREEN,0.04464501915951189,InComm-sourced,True,ablation_v1
MOCK01855,DIAB_NEPHRO_SCREEN,0.043103486314573294,InComm-sourced,True,ablation_v1
MOCK01861,DIAB_NEPHRO_SCREEN,0.025494474288623774,InComm-sourced,True,ablation_v1
MOCK01867,DIAB_NEPHRO_SCREEN,0.028029681037111964,InComm-sourced,True,ablation_v1
MOCK01873,DIAB_NEPHRO_SCREEN,0.059513871655622774,InComm-sourced,True,ablation_v1
MOCK01879,DIAB_NEPHRO_SCREEN,0.01743101371121913,InComm-sourced,True,ablation_v1
MOCK01885,DIAB_NEPHRO_SCREEN,0.04186023753893535,InComm-sourced,True,ablation_v1
MOCK01891,DIAB_NEPHRO_SCREEN,0.06840780879251425,InComm-sourced,True,ablation_v1
MOCK01897,DIAB_NEPHRO_SCREEN,0.03742370921154157,InComm-sourced,True,ablation_v1
MOCK01903,DIAB_NEPHRO_SCREEN,0.058108103151875846,InComm-sourced,True,ablation_v1
MOCK01909,DIAB_NEPHRO_SCREEN,0.01908315720971462,InComm-sourced,True,ablation_v1
MOCK01915,DIAB_NEPHRO_SCREEN,0.02661237060169333,InComm-sourced,True,ablation_v1
MOCK01921,DIAB_NEPHRO_SCREEN,0.03898844315911797,InComm-sourced,True,ablation_v1
MOCK01927,DIAB_NEPHRO_SCREEN,0.06548832653134139,InComm-sourced,True,ablation_v1
MOCK01933,DIAB_NEPHRO_SCREEN,0.11256846153019918,InComm-sourced,True,ablation_v1
MOCK01939,DIAB_NEPHRO_SCREEN,0.03550167367684299,InComm-sourced,True,ablation_v1
MOCK01945,DIAB_NEPHRO_SCREEN,0.018308325670422374,InComm-sourced,True,ablation_v1
MOCK01951,DIAB_NEPHRO_SCREEN,0.030563591992264685,InComm-sourced,True,ablation_v1
MOCK01957,DIAB_NEPHRO_SCREEN,0.020710212191887397,InComm-sourced,True,ablation_v1
MOCK01963,DIAB_NEPHRO_SCREEN,0.024379276071261374,InComm-sourced,True,ablation_v1
MOCK01969,DIAB_NEPHRO_SCREEN,0.03431183229282173,InComm-sourced,True,ablation_v1
MOCK01975,DIAB_NEPHRO_SCREEN,0.02183943863942001,InComm-sourced,True,ablation_v1
MOCK01981,DIAB_NEPHRO_SCREEN,0.017835637148224618,InComm-sourced,True,ablation_v1
MOCK01987,DIAB_NEPHRO_SCREEN,0.02844944403395397,InComm-sourced,True,ablation_v1
MOCK01993,DIAB_NEPHRO_SCREEN,0.06736266927713555,InComm-sourced,True,ablation_v1
MOCK01999,DIAB_NEPHRO_SCREEN,0.04205703272053276,InComm-sourced,True,ablation_v1
MOCK02005,DIAB_NEPHRO_SCREEN,0.027030868616184693,InComm-sourced,True,ablation_v1
MOCK02011,DIAB_NEPHRO_SCREEN,0.037114842178224465,InComm-sourced,True,ablation_v1
MOCK02017,DIAB_NEPHRO_SCREEN,0.03606091488431984,InComm-sourced,True,ablation_v1
MOCK02023,DIAB_NEPHRO_SCREEN,0.10274310570596218,InComm-sourced,True,ablation_v1
MOCK02029,DIAB_NEPHRO_SCREEN,0.02791888977946109,InComm-sourced,True,ablation_v1
MOCK02035,DIAB_NEPHRO_SCREEN,0.06409584038114524,InComm-sourced,True,ablation_v1
MOCK02041,DIAB_NEPHRO_SCREEN,0.01850055217464682,InComm-sourced,True,ablation_v1
MOCK02047,DIAB_NEPHRO_SCREEN,0.023830462307884638,InComm-sourced,True,ablation_v1
MOCK02053,DIAB_NEPHRO_SCREEN,0.06317746083733314,InComm-sourced,True,ablation_v1
MOCK02059,DIAB_NEPHRO_SCREEN,0.06384164770641511,InComm-sourced,True,ablation_v1
MOCK02065,DIAB_NEPHRO_SCREEN,0.02432960580193966,InComm-sourced,True,ablation_v1
MOCK02071,DIAB_NEPHRO_SCREEN,0.021461179894172955,InComm-sourced,True,ablation_v1
MOCK02077,DIAB_NEPHRO_SCREEN,0.022879773305216233,InComm-sourced,True,ablation_v1
MOCK02083,DIAB_NEPHRO_SCREEN,0.039901962441043486,InComm-sourced,True,ablation_v1
MOCK02089,DIAB_NEPHRO_SCREEN,0.04635134439156065,InComm-sourced,True,ablation_v1
MOCK02095,DIAB_NEPHRO_SCREEN,0.021337775429246926,InComm-sourced,True,ablation_v1
MOCK02101,DIAB_NEPHRO_SCREEN,0.04052886060233774,InComm-sourced,True,ablation_v1
MOCK02107,DIAB_NEPHRO_SCREEN,0.03007604813685894,InComm-sourced,True,ablation_v1
MOCK02113,DIAB_NEPHRO_SCREEN,0.02328794505215207,InComm-sourced,True,ablation_v1
MOCK02119,DIAB_NEPHRO_SCREEN,0.09514019699191946,InComm-sourced,True,ablation_v1
MOCK02125,DIAB_NEPHRO_SCREEN,0.04008532248029927,InComm-sourced,True,ablation_v1
MOCK02131,DIAB_NEPHRO_SCREEN,0.03957356764727208,InComm-sourced,True,ablation_v1
MOCK02137,DIAB_NEPHRO_SCREEN,0.05137831590014671,InComm-sourced,True,ablation_v1
MOCK02143,DIAB_NEPHRO_SCREEN,0.03270348203126243,InComm-sourced,True,ablation_v1
MOCK02149,DIAB_NEPHRO_SCREEN,0.02522639528378862,InComm-sourced,True,ablation_v1
MOCK02155,DIAB_NEPHRO_SCREEN,0.03891957002452048,InComm-sourced,True,ablation_v1
MOCK02161,DIAB_NEPHRO_SCREEN,0.05021504883163289,InComm-sourced,True,ablation_v1
MOCK02167,DIAB_NEPHRO_SCREEN,0.05036518842655232,InComm-sourced,True,ablation_v1
MOCK02173,DIAB_NEPHRO_SCREEN,0.031043901422799346,InComm-sourced,True,ablation_v1
MOCK02179,DIAB_NEPHRO_SCREEN,0.018937185584849105,InComm-sourced,True,ablation_v1
MOCK02185,DIAB_NEPHRO_SCREEN,0.021521315970195302,InComm-sourced,True,ablation_v1
MOCK02191,DIAB_NEPHRO_SCREEN,0.023699292835243687,InComm-sourced,True,ablation_v1
MOCK02197,DIAB_NEPHRO_SCREEN,0.03438770585191332,InComm-sourced,True,ablation_v1
MOCK02203,DIAB_NEPHRO_SCREEN,0.03125814291611395,InComm-sourced,True,ablation_v1
MOCK02209,DIAB_NEPHRO_SCREEN,0.020937339624416424,InComm-sourced,True,ablation_v1
MOCK02215,DIAB_NEPHRO_SCREEN,0.021650759095070367,InComm-sourced,True,ablation_v1
MOCK02221,DIAB_NEPHRO_SCREEN,0.023209450152832118,InComm-sourced,True,ablation_v1
MOCK02227,DIAB_NEPHRO_SCREEN,0.03811618520159134,InComm-sourced,True,ablation_v1
MOCK02233,DIAB_NEPHRO_SCREEN,0.03717265304489371,InComm-sourced,True,ablation_v1
MOCK02239,DIAB_NEPHRO_SCREEN,0.030521794081550174,InComm-sourced,True,ablation_v1
MOCK02245,DIAB_NEPHRO_SCREEN,0.014739089305935666,InComm-sourced,True,ablation_v1
MOCK02251,DIAB_NEPHRO_SCREEN,0.024892281471251398,InComm-sourced,True,ablation_v1
MOCK02257,DIAB_NEPHRO_SCREEN,0.04620065777149285,InComm-sourced,True,ablation_v1
MOCK02263,DIAB_NEPHRO_SCREEN,0.016184204664260845,InComm-sourced,True,ablation_v1
MOCK02269,DIAB_NEPHRO_SCREEN,0.03647992488909385,InComm-sourced,True,ablation_v1
MOCK02275,DIAB_NEPHRO_SCREEN,0.023849300490495724,InComm-sourced,True,ablation_v1
MOCK02281,DIAB_NEPHRO_SCREEN,0.05213721853286439,InComm-sourced,True,ablation_v1
MOCK02287,DIAB_NEPHRO_SCREEN,0.03683517271609757,InComm-sourced,True,ablation_v1
MOCK02293,DIAB_NEPHRO_SCREEN,0.02803714077407003,InComm-sourced,True,ablation_v1
MOCK02299,DIAB_NEPHRO_SCREEN,0.05351527820718588,InComm-sourced,True,ablation_v1
MOCK02305,DIAB_NEPHRO_SCREEN,0.0267745589230262,InComm-sourced,True,ablation_v1
MOCK02311,DIAB_NEPHRO_SCREEN,0.024310153546762893,InComm-sourced,True,ablation_v1
MOCK02317,DIAB_NEPHRO_SCREEN,0.023410131200172372,InComm-sourced,True,ablation_v1
MOCK02323,DIAB_NEPHRO_SCREEN,0.045593268700135456,InComm-sourced,True,ablation_v1
MOCK02329,DIAB_NEPHRO_SCREEN,0.04093311398928706,InComm-sourced,True,ablation_v1
MOCK02335,DIAB_NEPHRO_SCREEN,0.03245757831005458,InComm-sourced,True,ablation_v1
MOCK02341,DIAB_NEPHRO_SCREEN,0.020792959663521574,InComm-sourced,True,ablation_v1
MOCK02347,DIAB_NEPHRO_SCREEN,0.03358771611584909,InComm-sourced,True,ablation_v1
MOCK02353,DIAB_NEPHRO_SCREEN,0.052807244403351376,InComm-sourced,True,ablation_v1
MOCK02359,DIAB_NEPHRO_SCREEN,0.024740389791592775,InComm-sourced,True,ablation_v1
MOCK02365,DIAB_NEPHRO_SCREEN,0.030492704951827126,InComm-sourced,True,ablation_v1
MOCK02371,DIAB_NEPHRO_SCREEN,0.021517117119423074,InComm-sourced,True,ablation_v1
MOCK02377,DIAB_NEPHRO_SCREEN,0.03504588852722737,InComm-sourced,True,ablation_v1
MOCK02383,DIAB_NEPHRO_SCREEN,0.051309801646646135,InComm-sourced,True,ablation_v1
MOCK02389,DIAB_NEPHRO_SCREEN,0.04966583728548467,InComm-sourced,True,ablation_v1
MOCK02395,DIAB_NEPHRO_SCREEN,0.04133521240953965,InComm-sourced,True,ablation_v1
MOCK02401,DIAB_NEPHRO_SCREEN,0.018299031601336835,InComm-sourced,True,ablation_v1
MOCK02407,DIAB_NEPHRO_SCREEN,0.02757128891408244,InComm-sourced,True,ablation_v1
MOCK02413,DIAB_NEPHRO_SCREEN,0.034639104772201716,InComm-sourced,True,ablation_v1
MOCK02419,DIAB_NEPHRO_SCREEN,0.03635240670436366,InComm-sourced,True,ablation_v1
MOCK02425,DIAB_NEPHRO_SCREEN,0.018832152099473587,InComm-sourced,True,ablation_v1
MOCK02431,DIAB_NEPHRO_SCREEN,0.03789648581544153,InComm-sourced,True,ablation_v1
MOCK02437,DIAB_NEPHRO_SCREEN,0.02638907445721906,InComm-sourced,True,ablation_v1
MOCK02443,DIAB_NEPHRO_SCREEN,0.04315120425546053,InComm-sourced,True,ablation_v1
MOCK02449,DIAB_NEPHRO_SCREEN,0.06102263240796963,InComm-sourced,True,ablation_v1
MOCK02455,DIAB_NEPHRO_SCREEN,0.03500720865989388,InComm-sourced,True,ablation_v1
MOCK02461,DIAB_NEPHRO_SCREEN,0.01764289866653486,InComm-sourced,True,ablation_v1
MOCK02467,DIAB_NEPHRO_SCREEN,0.01786613857212208,InComm-sourced,True,ablation_v1
MOCK02473,DIAB_NEPHRO_SCREEN,0.022889255587315693,InComm-sourced,True,ablation_v1
MOCK02479,DIAB_NEPHRO_SCREEN,0.07503641919297332,InComm-sourced,True,ablation_v1
MOCK02485,DIAB_NEPHRO_SCREEN,0.02376399117763087,InComm-sourced,True,ablation_v1
MOCK02491,DIAB_NEPHRO_SCREEN,0.031610081957654926,InComm-sourced,True,ablation_v1
MOCK02497,DIAB_NEPHRO_SCREEN,0.0233267174833115,InComm-sourced,True,ablation_v1
MOCK02503,DIAB_NEPHRO_SCREEN,0.04694372043945877,InComm-sourced,True,ablation_v1
MOCK02509,DIAB_NEPHRO_SCREEN,0.03992682309653278,InComm-sourced,True,ablation_v1
MOCK02515,DIAB_NEPHRO_SCREEN,0.044534474395987005,InComm-sourced,True,ablation_v1
MOCK02521,DIAB_NEPHRO_SCREEN,0.020351588972291088,InComm-sourced,True,ablation_v1
MOCK02527,DIAB_NEPHRO_SCREEN,0.04498200935667324,InComm-sourced,True,ablation_v1
MOCK02533,DIAB_NEPHRO_SCREEN,0.047896295332218265,InComm-sourced,True,ablation_v1
MOCK02539,DIAB_NEPHRO_SCREEN,0.03476753207209289,InComm-sourced,True,ablation_v1
MOCK02545,DIAB_NEPHRO_SCREEN,0.049255496974094204,InComm-sourced,True,ablation_v1
MOCK02551,DIAB_NEPHRO_SCREEN,0.020477313277353117,InComm-sourced,True,ablation_v1
MOCK02557,DIAB_NEPHRO_SCREEN,0.02453239712837224,InComm-sourced,True,ablation_v1
MOCK02563,DIAB_NEPHRO_SCREEN,0.04461332403367118,InComm-sourced,True,ablation_v1
MOCK02569,DIAB_NEPHRO_SCREEN,0.04418718241648135,InComm-sourced,True,ablation_v1
MOCK02575,DIAB_NEPHRO_SCREEN,0.033004281267060426,InComm-sourced,True,ablation_v1
MOCK02581,DIAB_NEPHRO_SCREEN,0.04496756808509419,InComm-sourced,True,ablation_v1
MOCK02587,DIAB_NEPHRO_SCREEN,0.047512636783603415,InComm-sourced,True,ablation_v1
MOCK02593,DIAB_NEPHRO_SCREEN,0.02387448640340873,InComm-sourced,True,ablation_v1
MOCK02599,DIAB_NEPHRO_SCREEN,0.019377473501118417,InComm-sourced,True,ablation_v1
MOCK02605,DIAB_NEPHRO_SCREEN,0.02634383757880937,InComm-sourced,True,ablation_v1
MOCK02611,DIAB_NEPHRO_SCREEN,0.04404392221858644,InComm-sourced,True,ablation_v1
MOCK02617,DIAB_NEPHRO_SCREEN,0.022213421740008968,InComm-sourced,True,ablation_v1
MOCK02623,DIAB_NEPHRO_SCREEN,0.038655066802485906,InComm-sourced,True,ablation_v1
MOCK02629,DIAB_NEPHRO_SCREEN,0.05078201763876029,InComm-sourced,True,ablation_v1
MOCK02635,DIAB_NEPHRO_SCREEN,0.021144657054002664,InComm-sourced,True,ablation_v1
MOCK02641,DIAB_NEPHRO_SCREEN,0.029243223483232907,InComm-sourced,True,ablation_v1
MOCK02647,DIAB_NEPHRO_SCREEN,0.0525333830899697,InComm-sourced,True,ablation_v1
MOCK02653,DIAB_NEPHRO_SCREEN,0.04873504120622334,InComm-sourced,True,ablation_v1
MOCK02659,DIAB_NEPHRO_SCREEN,0.0348912084637026,InComm-sourced,True,ablation_v1
MOCK02665,DIAB_NEPHRO_SCREEN,0.018795187340093684,InComm-sourced,True,ablation_v1
MOCK02671,DIAB_NEPHRO_SCREEN,0.034782558103318255,InComm-sourced,True,ablation_v1
MOCK02677,DIAB_NEPHRO_SCREEN,0.09480816027612511,InComm-sourced,True,ablation_v1
MOCK02683,DIAB_NEPHRO_SCREEN,0.04435456471695499,InComm-sourced,True,ablation_v1
MOCK02689,DIAB_NEPHRO_SCREEN,0.04352735402852357,InComm-sourced,True,ablation_v1
MOCK02695,DIAB_NEPHRO_SCREEN,0.08261381053930447,InComm-sourced,True,ablation_v1
MOCK02701,DIAB_NEPHRO_SCREEN,0.036158168029582556,InComm-sourced,True,ablation_v1
MOCK02707,DIAB_NEPHRO_SCREEN,0.02535669876219463,InComm-sourced,True,ablation_v1
MOCK02713,DIAB_NEPHRO_SCREEN,0.02586089891630308,InComm-sourced,True,ablation_v1
MOCK02719,DIAB_NEPHRO_SCREEN,0.05498063032441385,InComm-sourced,True,ablation_v1
MOCK02725,DIAB_NEPHRO_SCREEN,0.02005498717912096,InComm-sourced,True,ablation_v1
MOCK02731,DIAB_NEPHRO_SCREEN,0.02407790463233287,InComm-sourced,True,ablation_v1
MOCK02737,DIAB_NEPHRO_SCREEN,0.0320969271526537,InComm-sourced,True,ablation_v1
MOCK02743,DIAB_NEPHRO_SCREEN,0.06643504328619286,InComm-sourced,True,ablation_v1
MOCK02749,DIAB_NEPHRO_SCREEN,0.03678390913149786,InComm-sourced,True,ablation_v1
MOCK02755,DIAB_NEPHRO_SCREEN,0.02855281190995284,InComm-sourced,True,ablation_v1
MOCK02761,DIAB_NEPHRO_SCREEN,0.018369909721801254,InComm-sourced,True,ablation_v1
MOCK02767,DIAB_NEPHRO_SCREEN,0.03482986148555021,InComm-sourced,True,ablation_v1
MOCK02773,DIAB_NEPHRO_SCREEN,0.05838749293580964,InComm-sourced,True,ablation_v1
MOCK02779,DIAB_NEPHRO_SCREEN,0.02800509583385904,InComm-sourced,True,ablation_v1
MOCK02785,DIAB_NEPHRO_SCREEN,0.02445169404376806,InComm-sourced,True,ablation_v1
MOCK02791,DIAB_NEPHRO_SCREEN,0.034478733434435395,InComm-sourced,True,ablation_v1
MOCK02797,DIAB_NEPHRO_SCREEN,0.021853502611620633,InComm-sourced,True,ablation_v1
MOCK02803,DIAB_NEPHRO_SCREEN,0.03817653577738227,InComm-sourced,True,ablation_v1
MOCK02809,DIAB_NEPHRO_SCREEN,0.03662544916512267,InComm-sourced,True,ablation_v1
MOCK02815,DIAB_NEPHRO_SCREEN,0.03991415923022368,InComm-sourced,True,ablation_v1
MOCK02821,DIAB_NEPHRO_SCREEN,0.022472651429884912,InComm-sourced,True,ablation_v1
MOCK02827,DIAB_NEPHRO_SCREEN,0.08178643811798793,InComm-sourced,True,ablation_v1
MOCK02833,DIAB_NEPHRO_SCREEN,0.02037087070428331,InComm-sourced,True,ablation_v1
MOCK02839,DIAB_NEPHRO_SCREEN,0.04746258985663706,InComm-sourced,True,ablation_v1
MOCK02845,DIAB_NEPHRO_SCREEN,0.052202497755014406,InComm-sourced,True,ablation_v1
MOCK02851,DIAB_NEPHRO_SCREEN,0.022012448055998345,InComm-sourced,True,ablation_v1
MOCK02857,DIAB_NEPHRO_SCREEN,0.05231273507387384,InComm-sourced,True,ablation_v1
MOCK02863,DIAB_NEPHRO_SCREEN,0.026279951068415016,InComm-sourced,True,ablation_v1
MOCK02869,DIAB_NEPHRO_SCREEN,0.03813603754169268,InComm-sourced,True,ablation_v1
MOCK02875,DIAB_NEPHRO_SCREEN,0.026433392245589833,InComm-sourced,True,ablation_v1
MOCK02881,DIAB_NEPHRO_SCREEN,0.02144907027240553,InComm-sourced,True,ablation_v1
MOCK02887,DIAB_NEPHRO_SCREEN,0.06274387310856618,InComm-sourced,True,ablation_v1
MOCK02893,DIAB_NEPHRO_SCREEN,0.02084097091404224,InComm-sourced,True,ablation_v1
MOCK02899,DIAB_NEPHRO_SCREEN,0.029435715310128337,InComm-sourced,True,ablation_v1
MOCK02905,DIAB_NEPHRO_SCREEN,0.03492187860221481,InComm-sourced,True,ablation_v1
MOCK02911,DIAB_NEPHRO_SCREEN,0.0415516559821633,InComm-sourced,True,ablation_v1
MOCK02917,DIAB_NEPHRO_SCREEN,0.043331302328740946,InComm-sourced,True,ablation_v1
MOCK02923,DIAB_NEPHRO_SCREEN,0.03596448514590104,InComm-sourced,True,ablation_v1
MOCK02929,DIAB_NEPHRO_SCREEN,0.024651374106050658,InComm-sourced,True,ablation_v1
MOCK02935,DIAB_NEPHRO_SCREEN,0.04051780274287878,InComm-sourced,True,ablation_v1
MOCK02941,DIAB_NEPHRO_SCREEN,0.033669311896130844,InComm-sourced,True,ablation_v1
MOCK02947,DIAB_NEPHRO_SCREEN,0.06498982795036831,InComm-sourced,True,ablation_v1
MOCK02953,DIAB_NEPHRO_SCREEN,0.0914452841828055,InComm-sourced,True,ablation_v1
MOCK02959,DIAB_NEPHRO_SCREEN,0.02395874208356438,InComm-sourced,True,ablation_v1
MOCK02965,DIAB_NEPHRO_SCREEN,0.05075910381427991,InComm-sourced,True,ablation_v1
MOCK02971,DIAB_NEPHRO_SCREEN,0.05187602790641554,InComm-sourced,True,ablation_v1
MOCK02977,DIAB_NEPHRO_SCREEN,0.029812378498847582,InComm-sourced,True,ablation_v1
MOCK02983,DIAB_NEPHRO_SCREEN,0.03796448295618034,InComm-sourced,True,ablation_v1
MOCK02989,DIAB_NEPHRO_SCREEN,0.025775334080464923,InComm-sourced,True,ablation_v1
MOCK02995,DIAB_NEPHRO_SCREEN,0.024309652944149676,InComm-sourced,True,ablation_v1
MOCK03001,DIAB_NEPHRO_SCREEN,0.03000996523761942,InComm-sourced,True,ablation_v1
MOCK03007,DIAB_NEPHRO_SCREEN,0.036807629551794056,InComm-sourced,True,ablation_v1
MOCK03013,DIAB_NEPHRO_SCREEN,0.028047778753244577,InComm-sourced,True,ablation_v1
MOCK03019,DIAB_NEPHRO_SCREEN,0.036712705587314265,InComm-sourced,True,ablation_v1
MOCK03025,DIAB_NEPHRO_SCREEN,0.024639616106241876,InComm-sourced,True,ablation_v1
MOCK03031,DIAB_NEPHRO_SCREEN,0.021549225630653545,InComm-sourced,True,ablation_v1
MOCK03037,DIAB_NEPHRO_SCREEN,0.022158241483336425,InComm-sourced,True,ablation_v1
MOCK03043,DIAB_NEPHRO_SCREEN,0.023421765745772417,InComm-sourced,True,ablation_v1
MOCK03049,DIAB_NEPHRO_SCREEN,0.04295773905797035,InComm-sourced,True,ablation_v1
MOCK03055,DIAB_NEPHRO_SCREEN,0.032319197397393015,InComm-sourced,True,ablation_v1
MOCK03061,DIAB_NEPHRO_SCREEN,0.02110384351434123,InComm-sourced,True,ablation_v1
MOCK03067,DIAB_NEPHRO_SCREEN,0.018997195098963825,InComm-sourced,True,ablation_v1
MOCK03073,DIAB_NEPHRO_SCREEN,0.0254887041543594,InComm-sourced,True,ablation_v1
MOCK03079,DIAB_NEPHRO_SCREEN,0.033298164030478854,InComm-sourced,True,ablation_v1
MOCK03085,DIAB_NEPHRO_SCREEN,0.023118612124691358,InComm-sourced,True,ablation_v1
MOCK03091,DIAB_NEPHRO_SCREEN,0.03428056326191264,InComm-sourced,True,ablation_v1
MOCK03097,DIAB_NEPHRO_SCREEN,0.013369387687289772,InComm-sourced,True,ablation_v1
MOCK03103,DIAB_NEPHRO_SCREEN,0.025253791378240045,InComm-sourced,True,ablation_v1
MOCK03109,DIAB_NEPHRO_SCREEN,0.02739310646784873,InComm-sourced,True,ablation_v1
MOCK03115,DIAB_NEPHRO_SCREEN,0.01906477778619141,InComm-sourced,True,ablation_v1
MOCK03121,DIAB_NEPHRO_SCREEN,0.040315529012751046,InComm-sourced,True,ablation_v1
MOCK03127,DIAB_NEPHRO_SCREEN,0.023843760231162105,InComm-sourced,True,ablation_v1
MOCK03133,DIAB_NEPHRO_SCREEN,0.049263858311752756,InComm-sourced,True,ablation_v1
MOCK03139,DIAB_NEPHRO_SCREEN,0.04669938783078907,InComm-sourced,True,ablation_v1
MOCK03145,DIAB_NEPHRO_SCREEN,0.03337586824519299,InComm-sourced,True,ablation_v1
MOCK03151,DIAB_NEPHRO_SCREEN,0.017547222749609768,InComm-sourced,True,ablation_v1
MOCK03157,DIAB_NEPHRO_SCREEN,0.037066848144421315,InComm-sourced,True,ablation_v1
MOCK03163,DIAB_NEPHRO_SCREEN,0.03636436832521273,InComm-sourced,True,ablation_v1
MOCK03169,DIAB_NEPHRO_SCREEN,0.023591694729556988,InComm-sourced,True,ablation_v1
MOCK03175,DIAB_NEPHRO_SCREEN,0.02468071114966792,InComm-sourced,True,ablation_v1
MOCK03181,DIAB_NEPHRO_SCREEN,0.03346471666041013,InComm-sourced,True,ablation_v1
MOCK03187,DIAB_NEPHRO_SCREEN,0.05230567849157554,InComm-sourced,True,ablation_v1
MOCK03193,DIAB_NEPHRO_SCREEN,0.05086384393177613,InComm-sourced,True,ablation_v1
MOCK03199,DIAB_NEPHRO_SCREEN,0.04170848461991618,InComm-sourced,True,ablation_v1
MOCK03205,DIAB_NEPHRO_SCREEN,0.03782228508396038,InComm-sourced,True,ablation_v1
MOCK03211,DIAB_NEPHRO_SCREEN,0.021066089196659116,InComm-sourced,True,ablation_v1
MOCK03217,DIAB_NEPHRO_SCREEN,0.03422973150644557,InComm-sourced,True,ablation_v1
MOCK03223,DIAB_NEPHRO_SCREEN,0.05958680712222327,InComm-sourced,True,ablation_v1
MOCK03229,DIAB_NEPHRO_SCREEN,0.042891248255979654,InComm-sourced,True,ablation_v1
MOCK03235,DIAB_NEPHRO_SCREEN,0.04685126190602006,InComm-sourced,True,ablation_v1
MOCK03241,DIAB_NEPHRO_SCREEN,0.03944401920042746,InComm-sourced,True,ablation_v1
MOCK03247,DIAB_NEPHRO_SCREEN,0.0177035237106346,InComm-sourced,True,ablation_v1
MOCK03253,DIAB_NEPHRO_SCREEN,0.02437327341779989,InComm-sourced,True,ablation_v1
MOCK03259,DIAB_NEPHRO_SCREEN,0.06564951305890586,InComm-sourced,True,ablation_v1
MOCK03265,DIAB_NEPHRO_SCREEN,0.02897736093428272,InComm-sourced,True,ablation_v1
MOCK03271,DIAB_NEPHRO_SCREEN,0.03196981228368926,InComm-sourced,True,ablation_v1
MOCK03277,DIAB_NEPHRO_SCREEN,0.039782102859775535,InComm-sourced,True,ablation_v1
MOCK03283,DIAB_NEPHRO_SCREEN,0.059161803542795134,InComm-sourced,True,ablation_v1
MOCK03289,DIAB_NEPHRO_SCREEN,0.06078671889613237,InComm-sourced,True,ablation_v1
MOCK03295,DIAB_NEPHRO_SCREEN,0.0272924407365531,InComm-sourced,True,ablation_v1
MOCK03301,DIAB_NEPHRO_SCREEN,0.020947052094645095,InComm-sourced,True,ablation_v1
MOCK03307,DIAB_NEPHRO_SCREEN,0.03338446963546527,InComm-sourced,True,ablation_v1
MOCK03313,DIAB_NEPHRO_SCREEN,0.05269302513048952,InComm-sourced,True,ablation_v1
MOCK03319,DIAB_NEPHRO_SCREEN,0.031610809299402964,InComm-sourced,True,ablation_v1
MOCK03325,DIAB_NEPHRO_SCREEN,0.021726668283797893,InComm-sourced,True,ablation_v1
MOCK03331,DIAB_NEPHRO_SCREEN,0.01860054293086988,InComm-sourced,True,ablation_v1
MOCK03337,DIAB_NEPHRO_SCREEN,0.020385512938907897,InComm-sourced,True,ablation_v1
MOCK03343,DIAB_NEPHRO_SCREEN,0.03905423976233998,InComm-sourced,True,ablation_v1
MOCK03349,DIAB_NEPHRO_SCREEN,0.03824702607248812,InComm-sourced,True,ablation_v1
MOCK03355,DIAB_NEPHRO_SCREEN,0.03497060041830608,InComm-sourced,True,ablation_v1
MOCK03361,DIAB_NEPHRO_SCREEN,0.027871769675582057,InComm-sourced,True,ablation_v1
MOCK03367,DIAB_NEPHRO_SCREEN,0.038950738359742526,InComm-sourced,True,ablation_v1
MOCK03373,DIAB_NEPHRO_SCREEN,0.028706206487302904,InComm-sourced,True,ablation_v1
MOCK03379,DIAB_NEPHRO_SCREEN,0.026252501566493173,InComm-sourced,True,ablation_v1
MOCK03385,DIAB_NEPHRO_SCREEN,0.02265444512508249,InComm-sourced,True,ablation_v1
MOCK03391,DIAB_NEPHRO_SCREEN,0.0309792186838657,InComm-sourced,True,ablation_v1
MOCK03397,DIAB_NEPHRO_SCREEN,0.05550820254592846,InComm-sourced,True,ablation_v1
MOCK03403,DIAB_NEPHRO_SCREEN,0.03485335064262776,InComm-sourced,True,ablation_v1
MOCK03409,DIAB_NEPHRO_SCREEN,0.07103710617449902,InComm-sourced,True,ablation_v1
MOCK03415,DIAB_NEPHRO_SCREEN,0.02647383288124683,InComm-sourced,True,ablation_v1
MOCK03421,DIAB_NEPHRO_SCREEN,0.030534045676240382,InComm-sourced,True,ablation_v1
MOCK03427,DIAB_NEPHRO_SCREEN,0.04712421819150095,InComm-sourced,True,ablation_v1
MOCK03433,DIAB_NEPHRO_SCREEN,0.05521127910442336,InComm-sourced,True,ablation_v1
MOCK03439,DIAB_NEPHRO_SCREEN,0.0933847317639799,InComm-sourced,True,ablation_v1
MOCK03445,DIAB_NEPHRO_SCREEN,0.027365701775019256,InComm-sourced,True,ablation_v1
MOCK03451,DIAB_NEPHRO_SCREEN,0.02613072208768598,InComm-sourced,True,ablation_v1
MOCK03457,DIAB_NEPHRO_SCREEN,0.02526699676489529,InComm-sourced,True,ablation_v1
MOCK03463,DIAB_NEPHRO_SCREEN,0.030464283155516234,InComm-sourced,True,ablation_v1
MOCK03469,DIAB_NEPHRO_SCREEN,0.05636677992658846,InComm-sourced,True,ablation_v1
MOCK03475,DIAB_NEPHRO_SCREEN,0.04025271165409868,InComm-sourced,True,ablation_v1
MOCK03481,DIAB_NEPHRO_SCREEN,0.031244851264446705,InComm-sourced,True,ablation_v1
MOCK03487,DIAB_NEPHRO_SCREEN,0.031775138888079556,InComm-sourced,True,ablation_v1
MOCK03493,DIAB_NEPHRO_SCREEN,0.02903506665318117,InComm-sourced,True,ablation_v1
MOCK03499,DIAB_NEPHRO_SCREEN,0.02153190100360261,InComm-sourced,True,ablation_v1
MOCK03505,DIAB_NEPHRO_SCREEN,0.031550697154297765,InComm-sourced,True,ablation_v1
MOCK03511,DIAB_NEPHRO_SCREEN,0.03473954410933451,InComm-sourced,True,ablation_v1
MOCK03517,DIAB_NEPHRO_SCREEN,0.02723786281761593,InComm-sourced,True,ablation_v1
MOCK03523,DIAB_NEPHRO_SCREEN,0.078813661806863,InComm-sourced,True,ablation_v1
MOCK03529,DIAB_NEPHRO_SCREEN,0.05189448556199318,InComm-sourced,True,ablation_v1
MOCK03535,DIAB_NEPHRO_SCREEN,0.033465797955837116,InComm-sourced,True,ablation_v1
MOCK03541,DIAB_NEPHRO_SCREEN,0.04703758217275876,InComm-sourced,True,ablation_v1
MOCK03547,DIAB_NEPHRO_SCREEN,0.06704237217472403,InComm-sourced,True,ablation_v1
MOCK03553,DIAB_NEPHRO_SCREEN,0.028554474001792226,InComm-sourced,True,ablation_v1
MOCK03559,DIAB_NEPHRO_SCREEN,0.02736086938521921,InComm-sourced,True,ablation_v1
MOCK03565,DIAB_NEPHRO_SCREEN,0.018333357412866565,InComm-sourced,True,ablation_v1
MOCK03571,DIAB_NEPHRO_SCREEN,0.025428730122222,InComm-sourced,True,ablation_v1
MOCK03577,DIAB_NEPHRO_SCREEN,0.026022608446715646,InComm-sourced,True,ablation_v1
MOCK03583,DIAB_NEPHRO_SCREEN,0.02727090388553774,InComm-sourced,True,ablation_v1
MOCK03589,DIAB_NEPHRO_SCREEN,0.03947429452976881,InComm-sourced,True,ablation_v1
MOCK03595,DIAB_NEPHRO_SCREEN,0.019632885351158244,InComm-sourced,True,ablation_v1
MOCK03601,DIAB_NEPHRO_SCREEN,0.03581859082114396,InComm-sourced,True,ablation_v1
MOCK03607,DIAB_NEPHRO_SCREEN,0.03616767853801404,InComm-sourced,True,ablation_v1
MOCK03613,DIAB_NEPHRO_SCREEN,0.10486886455012502,InComm-sourced,True,ablation_v1
MOCK03619,DIAB_NEPHRO_SCREEN,0.020573416627919738,InComm-sourced,True,ablation_v1
MOCK03625,DIAB_NEPHRO_SCREEN,0.020034117732474006,InComm-sourced,True,ablation_v1
MOCK03631,DIAB_NEPHRO_SCREEN,0.03886299069726665,InComm-sourced,True,ablation_v1
MOCK03637,DIAB_NEPHRO_SCREEN,0.03572532718665215,InComm-sourced,True,ablation_v1
MOCK03643,DIAB_NEPHRO_SCREEN,0.04494477444395197,InComm-sourced,True,ablation_v1
MOCK03649,DIAB_NEPHRO_SCREEN,0.036667152637350285,InComm-sourced,True,ablation_v1
MOCK03655,DIAB_NEPHRO_SCREEN,0.033381206315634564,InComm-sourced,True,ablation_v1
MOCK03661,DIAB_NEPHRO_SCREEN,0.028696428429460054,InComm-sourced,True,ablation_v1
MOCK03667,DIAB_NEPHRO_SCREEN,0.036892242460030575,InComm-sourced,True,ablation_v1
MOCK03673,DIAB_NEPHRO_SCREEN,0.03970049942634757,InComm-sourced,True,ablation_v1
MOCK03679,DIAB_NEPHRO_SCREEN,0.038661002291213546,InComm-sourced,True,ablation_v1
MOCK03685,DIAB_NEPHRO_SCREEN,0.029777954362962183,InComm-sourced,True,ablation_v1
MOCK03691,DIAB_NEPHRO_SCREEN,0.033827903338387144,InComm-sourced,True,ablation_v1
MOCK03697,DIAB_NEPHRO_SCREEN,0.01983050736176614,InComm-sourced,True,ablation_v1
MOCK03703,DIAB_NEPHRO_SCREEN,0.026923131801301417,InComm-sourced,True,ablation_v1
MOCK03709,DIAB_NEPHRO_SCREEN,0.054046564445278056,InComm-sourced,True,ablation_v1
MOCK03715,DIAB_NEPHRO_SCREEN,0.03524587932848003,InComm-sourced,True,ablation_v1
MOCK03721,DIAB_NEPHRO_SCREEN,0.028175248547575228,InComm-sourced,True,ablation_v1
MOCK03727,DIAB_NEPHRO_SCREEN,0.03870928090249332,InComm-sourced,True,ablation_v1
MOCK03733,DIAB_NEPHRO_SCREEN,0.02766174737277605,InComm-sourced,True,ablation_v1
MOCK03739,DIAB_NEPHRO_SCREEN,0.06994320114232302,InComm-sourced,True,ablation_v1
MOCK03745,DIAB_NEPHRO_SCREEN,0.015315538042139006,InComm-sourced,True,ablation_v1
MOCK03751,DIAB_NEPHRO_SCREEN,0.04147635080139747,InComm-sourced,True,ablation_v1
MOCK03757,DIAB_NEPHRO_SCREEN,0.024103972350494288,InComm-sourced,True,ablation_v1
MOCK03763,DIAB_NEPHRO_SCREEN,0.0684902201931477,InComm-sourced,True,ablation_v1
MOCK03769,DIAB_NEPHRO_SCREEN,0.020299184723192514,InComm-sourced,True,ablation_v1
MOCK03775,DIAB_NEPHRO_SCREEN,0.02006432466132081,InComm-sourced,True,ablation_v1
MOCK03781,DIAB_NEPHRO_SCREEN,0.10879643924364761,InComm-sourced,True,ablation_v1
MOCK03787,DIAB_NEPHRO_SCREEN,0.02947375127315793,InComm-sourced,True,ablation_v1
MOCK03793,DIAB_NEPHRO_SCREEN,0.031258910136233706,InComm-sourced,True,ablation_v1
MOCK03799,DIAB_NEPHRO_SCREEN,0.02884644502009628,InComm-sourced,True,ablation_v1
MOCK03805,DIAB_NEPHRO_SCREEN,0.03012005148919558,InComm-sourced,True,ablation_v1
MOCK03811,DIAB_NEPHRO_SCREEN,0.04581220758018955,InComm-sourced,True,ablation_v1
MOCK03817,DIAB_NEPHRO_SCREEN,0.03687268219482812,InComm-sourced,True,ablation_v1
MOCK03823,DIAB_NEPHRO_SCREEN,0.025968197394601416,InComm-sourced,True,ablation_v1
MOCK03829,DIAB_NEPHRO_SCREEN,0.057978191296171516,InComm-sourced,True,ablation_v1
MOCK03835,DIAB_NEPHRO_SCREEN,0.040125125635085274,InComm-sourced,True,ablation_v1
MOCK03841,DIAB_NEPHRO_SCREEN,0.019181974434193862,InComm-sourced,True,ablation_v1
MOCK03847,DIAB_NEPHRO_SCREEN,0.025540785280415,InComm-sourced,True,ablation_v1
MOCK03853,DIAB_NEPHRO_SCREEN,0.03190527477694875,InComm-sourced,True,ablation_v1
MOCK03859,DIAB_NEPHRO_SCREEN,0.02765021655653754,InComm-sourced,True,ablation_v1
MOCK03865,DIAB_NEPHRO_SCREEN,0.034672503914467766,InComm-sourced,True,ablation_v1
MOCK03871,DIAB_NEPHRO_SCREEN,0.02004530365054295,InComm-sourced,True,ablation_v1
MOCK03877,DIAB_NEPHRO_SCREEN,0.02545767517556543,InComm-sourced,True,ablation_v1
MOCK03883,DIAB_NEPHRO_SCREEN,0.03953068089260358,InComm-sourced,True,ablation_v1
MOCK03889,DIAB_NEPHRO_SCREEN,0.04470043521693611,InComm-sourced,True,ablation_v1
MOCK03895,DIAB_NEPHRO_SCREEN,0.022901532333233676,InComm-sourced,True,ablation_v1
MOCK03901,DIAB_NEPHRO_SCREEN,0.05474488140139184,InComm-sourced,True,ablation_v1
MOCK03907,DIAB_NEPHRO_SCREEN,0.01858004137832052,InComm-sourced,True,ablation_v1
MOCK03913,DIAB_NEPHRO_SCREEN,0.03005738091300907,InComm-sourced,True,ablation_v1
MOCK03919,DIAB_NEPHRO_SCREEN,0.02425336842720087,InComm-sourced,True,ablation_v1
MOCK03925,DIAB_NEPHRO_SCREEN,0.033974202635494805,InComm-sourced,True,ablation_v1
MOCK03931,DIAB_NEPHRO_SCREEN,0.04031317070824804,InComm-sourced,True,ablation_v1
MOCK03937,DIAB_NEPHRO_SCREEN,0.030594017779290973,InComm-sourced,True,ablation_v1
MOCK03943,DIAB_NEPHRO_SCREEN,0.028013786371982926,InComm-sourced,True,ablation_v1
MOCK03949,DIAB_NEPHRO_SCREEN,0.05828167449411217,InComm-sourced,True,ablation_v1
MOCK03955,DIAB_NEPHRO_SCREEN,0.0527644270307475,InComm-sourced,True,ablation_v1
MOCK03961,DIAB_NEPHRO_SCREEN,0.03842578000178523,InComm-sourced,True,ablation_v1
MOCK03967,DIAB_NEPHRO_SCREEN,0.052497454599200875,InComm-sourced,True,ablation_v1
MOCK03973,DIAB_NEPHRO_SCREEN,0.027660027915806684,InComm-sourced,True,ablation_v1
MOCK03979,DIAB_NEPHRO_SCREEN,0.03141390653026611,InComm-sourced,True,ablation_v1
MOCK03985,DIAB_NEPHRO_SCREEN,0.04199136701478772,InComm-sourced,True,ablation_v1
MOCK03991,DIAB_NEPHRO_SCREEN,0.021990937504313076,InComm-sourced,True,ablation_v1
MOCK03997,DIAB_NEPHRO_SCREEN,0.028500915997826802,InComm-sourced,True,ablation_v1
MOCK04003,DIAB_NEPHRO_SCREEN,0.06293526889291733,InComm-sourced,True,ablation_v1
MOCK04009,DIAB_NEPHRO_SCREEN,0.054213574792258135,InComm-sourced,True,ablation_v1
MOCK04015,DIAB_NEPHRO_SCREEN,0.030172944317511236,InComm-sourced,True,ablation_v1
MOCK04021,DIAB_NEPHRO_SCREEN,0.0241635120853115,InComm-sourced,True,ablation_v1
MOCK04027,DIAB_NEPHRO_SCREEN,0.017321892481759513,InComm-sourced,True,ablation_v1
MOCK04033,DIAB_NEPHRO_SCREEN,0.04706765406403967,InComm-sourced,True,ablation_v1
MOCK04039,DIAB_NEPHRO_SCREEN,0.04402087895310993,InComm-sourced,True,ablation_v1
MOCK04045,DIAB_NEPHRO_SCREEN,0.02415554384309258,InComm-sourced,True,ablation_v1
MOCK04051,DIAB_NEPHRO_SCREEN,0.03353720187681483,InComm-sourced,True,ablation_v1
MOCK04057,DIAB_NEPHRO_SCREEN,0.050147496011353314,InComm-sourced,True,ablation_v1
MOCK04063,DIAB_NEPHRO_SCREEN,0.0457764732069667,InComm-sourced,True,ablation_v1
MOCK04069,DIAB_NEPHRO_SCREEN,0.06059643902571332,InComm-sourced,True,ablation_v1
MOCK04075,DIAB_NEPHRO_SCREEN,0.03668895457117475,InComm-sourced,True,ablation_v1
MOCK04081,DIAB_NEPHRO_SCREEN,0.022748507989872335,InComm-sourced,True,ablation_v1
MOCK04087,DIAB_NEPHRO_SCREEN,0.025594273618649764,InComm-sourced,True,ablation_v1
MOCK04093,DIAB_NEPHRO_SCREEN,0.02452202343286067,InComm-sourced,True,ablation_v1
MOCK04099,DIAB_NEPHRO_SCREEN,0.032825251238808494,InComm-sourced,True,ablation_v1
MOCK04105,DIAB_NEPHRO_SCREEN,0.046198305932500676,InComm-sourced,True,ablation_v1
MOCK04111,DIAB_NEPHRO_SCREEN,0.022111598983911056,InComm-sourced,True,ablation_v1
MOCK04117,DIAB_NEPHRO_SCREEN,0.07026423378340632,InComm-sourced,True,ablation_v1
MOCK04123,DIAB_NEPHRO_SCREEN,0.0526023046212935,InComm-sourced,True,ablation_v1
MOCK04129,DIAB_NEPHRO_SCREEN,0.029101676382612438,InComm-sourced,True,ablation_v1
MOCK04135,DIAB_NEPHRO_SCREEN,0.04164743037796566,InComm-sourced,True,ablation_v1
MOCK04141,DIAB_NEPHRO_SCREEN,0.0536420552932647,InComm-sourced,True,ablation_v1
MOCK04147,DIAB_NEPHRO_SCREEN,0.03248880948860034,InComm-sourced,True,ablation_v1
MOCK04153,DIAB_NEPHRO_SCREEN,0.04667834339562294,InComm-sourced,True,ablation_v1
MOCK04159,DIAB_NEPHRO_SCREEN,0.033132782848679744,InComm-sourced,True,ablation_v1
MOCK04165,DIAB_NEPHRO_SCREEN,0.023720643384929636,InComm-sourced,True,ablation_v1
MOCK04171,DIAB_NEPHRO_SCREEN,0.049502112728921056,InComm-sourced,True,ablation_v1
MOCK04177,DIAB_NEPHRO_SCREEN,0.09605311394678494,InComm-sourced,True,ablation_v1
MOCK04183,DIAB_NEPHRO_SCREEN,0.02342498672408329,InComm-sourced,True,ablation_v1
MOCK04189,DIAB_NEPHRO_SCREEN,0.040209976287061994,InComm-sourced,True,ablation_v1
MOCK04195,DIAB_NEPHRO_SCREEN,0.03329633412385943,InComm-sourced,True,ablation_v1
MOCK04201,DIAB_NEPHRO_SCREEN,0.02954204856467106,InComm-sourced,True,ablation_v1
MOCK04207,DIAB_NEPHRO_SCREEN,0.022244840995294328,InComm-sourced,True,ablation_v1
MOCK04213,DIAB_NEPHRO_SCREEN,0.07165153238435551,InComm-sourced,True,ablation_v1
MOCK04219,DIAB_NEPHRO_SCREEN,0.0317427397643767,InComm-sourced,True,ablation_v1
MOCK04225,DIAB_NEPHRO_SCREEN,0.023592943272206804,InComm-sourced,True,ablation_v1
MOCK04231,DIAB_NEPHRO_SCREEN,0.03728701363495734,InComm-sourced,True,ablation_v1
MOCK04237,DIAB_NEPHRO_SCREEN,0.06730079393578489,InComm-sourced,True,ablation_v1
MOCK04243,DIAB_NEPHRO_SCREEN,0.03544046018097819,InComm-sourced,True,ablation_v1
MOCK04249,DIAB_NEPHRO_SCREEN,0.021577756637064644,InComm-sourced,True,ablation_v1
MOCK04255,DIAB_NEPHRO_SCREEN,0.06310107307336953,InComm-sourced,True,ablation_v1
MOCK04261,DIAB_NEPHRO_SCREEN,0.03759250194105609,InComm-sourced,True,ablation_v1
MOCK04267,DIAB_NEPHRO_SCREEN,0.015408339704445294,InComm-sourced,True,ablation_v1
MOCK04273,DIAB_NEPHRO_SCREEN,0.04539631404432012,InComm-sourced,True,ablation_v1
MOCK04279,DIAB_NEPHRO_SCREEN,0.0238585498531577,InComm-sourced,True,ablation_v1
MOCK04285,DIAB_NEPHRO_SCREEN,0.022720354176387996,InComm-sourced,True,ablation_v1
MOCK04291,DIAB_NEPHRO_SCREEN,0.022533851041373336,InComm-sourced,True,ablation_v1
MOCK04297,DIAB_NEPHRO_SCREEN,0.02776638554556913,InComm-sourced,True,ablation_v1
MOCK04303,DIAB_NEPHRO_SCREEN,0.026662659433417675,InComm-sourced,True,ablation_v1
MOCK04309,DIAB_NEPHRO_SCREEN,0.04163225196802778,InComm-sourced,True,ablation_v1
MOCK04315,DIAB_NEPHRO_SCREEN,0.037655031270931866,InComm-sourced,True,ablation_v1
MOCK04321,DIAB_NEPHRO_SCREEN,0.041037665431879984,InComm-sourced,True,ablation_v1
MOCK04327,DIAB_NEPHRO_SCREEN,0.059212462411226366,InComm-sourced,True,ablation_v1
MOCK04333,DIAB_NEPHRO_SCREEN,0.050183382226604255,InComm-sourced,True,ablation_v1
MOCK04339,DIAB_NEPHRO_SCREEN,0.02200292383904462,InComm-sourced,True,ablation_v1
MOCK04345,DIAB_NEPHRO_SCREEN,0.02738352302215561,InComm-sourced,True,ablation_v1
MOCK04351,DIAB_NEPHRO_SCREEN,0.05384554223410598,InComm-sourced,True,ablation_v1
MOCK04357,DIAB_NEPHRO_SCREEN,0.015643669465571344,InComm-sourced,True,ablation_v1
MOCK04363,DIAB_NEPHRO_SCREEN,0.061699318753714955,InComm-sourced,True,ablation_v1
MOCK04369,DIAB_NEPHRO_SCREEN,0.019307562947022298,InComm-sourced,True,ablation_v1
MOCK04375,DIAB_NEPHRO_SCREEN,0.031213864564333723,InComm-sourced,True,ablation_v1
MOCK04381,DIAB_NEPHRO_SCREEN,0.07454248143026279,InComm-sourced,True,ablation_v1
MOCK04387,DIAB_NEPHRO_SCREEN,0.0401977814609328,InComm-sourced,True,ablation_v1
MOCK04393,DIAB_NEPHRO_SCREEN,0.0491228290784082,InComm-sourced,True,ablation_v1
MOCK04399,DIAB_NEPHRO_SCREEN,0.06672477500453965,InComm-sourced,True,ablation_v1
MOCK04405,DIAB_NEPHRO_SCREEN,0.030486381269451863,InComm-sourced,True,ablation_v1
MOCK04411,DIAB_NEPHRO_SCREEN,0.0340805256165444,InComm-sourced,True,ablation_v1
MOCK04417,DIAB_NEPHRO_SCREEN,0.04108460680063589,InComm-sourced,True,ablation_v1
MOCK04423,DIAB_NEPHRO_SCREEN,0.04780608023101977,InComm-sourced,True,ablation_v1
MOCK04429,DIAB_NEPHRO_SCREEN,0.02528526605181267,InComm-sourced,True,ablation_v1
MOCK04435,DIAB_NEPHRO_SCREEN,0.023723747564081448,InComm-sourced,True,ablation_v1
MOCK04441,DIAB_NEPHRO_SCREEN,0.026596887743974545,InComm-sourced,True,ablation_v1
MOCK04447,DIAB_NEPHRO_SCREEN,0.028921261609566457,InComm-sourced,True,ablation_v1
MOCK04453,DIAB_NEPHRO_SCREEN,0.038386791461935715,InComm-sourced,True,ablation_v1
MOCK04459,DIAB_NEPHRO_SCREEN,0.03198154789566133,InComm-sourced,True,ablation_v1
MOCK04465,DIAB_NEPHRO_SCREEN,0.027469502551116534,InComm-sourced,True,ablation_v1
MOCK04471,DIAB_NEPHRO_SCREEN,0.02766707359188156,InComm-sourced,True,ablation_v1
MOCK04477,DIAB_NEPHRO_SCREEN,0.08947299145966014,InComm-sourced,True,ablation_v1
MOCK04483,DIAB_NEPHRO_SCREEN,0.035382486224354796,InComm-sourced,True,ablation_v1
MOCK04489,DIAB_NEPHRO_SCREEN,0.04562905856789701,InComm-sourced,True,ablation_v1
MOCK04495,DIAB_NEPHRO_SCREEN,0.02106383331127293,InComm-sourced,True,ablation_v1
MOCK04501,DIAB_NEPHRO_SCREEN,0.05988414068214237,InComm-sourced,True,ablation_v1
MOCK04507,DIAB_NEPHRO_SCREEN,0.026553912715925908,InComm-sourced,True,ablation_v1
MOCK04513,DIAB_NEPHRO_SCREEN,0.030082523501166736,InComm-sourced,True,ablation_v1
MOCK04519,DIAB_NEPHRO_SCREEN,0.056780544343755096,InComm-sourced,True,ablation_v1
MOCK04525,DIAB_NEPHRO_SCREEN,0.017760027593955275,InComm-sourced,True,ablation_v1
MOCK04531,DIAB_NEPHRO_SCREEN,0.03399599021434437,InComm-sourced,True,ablation_v1
MOCK04537,DIAB_NEPHRO_SCREEN,0.02974005092794827,InComm-sourced,True,ablation_v1
MOCK04543,DIAB_NEPHRO_SCREEN,0.046038268106269944,InComm-sourced,True,ablation_v1
MOCK04549,DIAB_NEPHRO_SCREEN,0.050730635544359116,InComm-sourced,True,ablation_v1
MOCK04555,DIAB_NEPHRO_SCREEN,0.04795537033987358,InComm-sourced,True,ablation_v1
MOCK04561,DIAB_NEPHRO_SCREEN,0.050454744858866085,InComm-sourced,True,ablation_v1
MOCK04567,DIAB_NEPHRO_SCREEN,0.03367456233077087,InComm-sourced,True,ablation_v1
MOCK04573,DIAB_NEPHRO_SCREEN,0.07967710118161539,InComm-sourced,True,ablation_v1
MOCK04579,DIAB_NEPHRO_SCREEN,0.06588104425897971,InComm-sourced,True,ablation_v1
MOCK04585,DIAB_NEPHRO_SCREEN,0.05304487765396117,InComm-sourced,True,ablation_v1
MOCK04591,DIAB_NEPHRO_SCREEN,0.03637899985740366,InComm-sourced,True,ablation_v1
MOCK04597,DIAB_NEPHRO_SCREEN,0.04276747671348798,InComm-sourced,True,ablation_v1
MOCK04603,DIAB_NEPHRO_SCREEN,0.059181976122089267,InComm-sourced,True,ablation_v1
MOCK04609,DIAB_NEPHRO_SCREEN,0.05940265818725412,InComm-sourced,True,ablation_v1
MOCK04615,DIAB_NEPHRO_SCREEN,0.056362940157901414,InComm-sourced,True,ablation_v1
MOCK04621,DIAB_NEPHRO_SCREEN,0.055905843237380314,InComm-sourced,True,ablation_v1
MOCK04627,DIAB_NEPHRO_SCREEN,0.060641938606100426,InComm-sourced,True,ablation_v1
MOCK04633,DIAB_NEPHRO_SCREEN,0.09381302600637886,InComm-sourced,True,ablation_v1
MOCK04639,DIAB_NEPHRO_SCREEN,0.0408959139016202,InComm-sourced,True,ablation_v1
MOCK04645,DIAB_NEPHRO_SCREEN,0.0159640499756717,InComm-sourced,True,ablation_v1
MOCK04651,DIAB_NEPHRO_SCREEN,0.042337784896242535,InComm-sourced,True,ablation_v1
MOCK04657,DIAB_NEPHRO_SCREEN,0.051583461916108825,InComm-sourced,True,ablation_v1
MOCK04663,DIAB_NEPHRO_SCREEN,0.018967543673702677,InComm-sourced,True,ablation_v1
MOCK04669,DIAB_NEPHRO_SCREEN,0.06812316529524882,InComm-sourced,True,ablation_v1
MOCK04675,DIAB_NEPHRO_SCREEN,0.022692186888961647,InComm-sourced,True,ablation_v1
MOCK04681,DIAB_NEPHRO_SCREEN,0.028295350911277647,InComm-sourced,True,ablation_v1
MOCK04687,DIAB_NEPHRO_SCREEN,0.04492256556725551,InComm-sourced,True,ablation_v1
MOCK04693,DIAB_NEPHRO_SCREEN,0.05789486950940846,InComm-sourced,True,ablation_v1
MOCK04699,DIAB_NEPHRO_SCREEN,0.06879720710785667,InComm-sourced,True,ablation_v1
MOCK04705,DIAB_NEPHRO_SCREEN,0.04535179500912672,InComm-sourced,True,ablation_v1
MOCK04711,DIAB_NEPHRO_SCREEN,0.020859907677848104,InComm-sourced,True,ablation_v1
MOCK04717,DIAB_NEPHRO_SCREEN,0.021531202212541827,InComm-sourced,True,ablation_v1
MOCK04723,DIAB_NEPHRO_SCREEN,0.03154377059295082,InComm-sourced,True,ablation_v1
MOCK04729,DIAB_NEPHRO_SCREEN,0.020230881964713114,InComm-sourced,True,ablation_v1
MOCK04735,DIAB_NEPHRO_SCREEN,0.026438068273061922,InComm-sourced,True,ablation_v1
MOCK04741,DIAB_NEPHRO_SCREEN,0.0338834816285209,InComm-sourced,True,ablation_v1
MOCK04747,DIAB_NEPHRO_SCREEN,0.016786332908379723,InComm-sourced,True,ablation_v1
MOCK04753,DIAB_NEPHRO_SCREEN,0.05715281161271706,InComm-sourced,True,ablation_v1
MOCK04759,DIAB_NEPHRO_SCREEN,0.058836554079699746,InComm-sourced,True,ablation_v1
MOCK04765,DIAB_NEPHRO_SCREEN,0.01841642447131081,InComm-sourced,True,ablation_v1
MOCK04771,DIAB_NEPHRO_SCREEN,0.06759424001541049,InComm-sourced,True,ablation_v1
MOCK04777,DIAB_NEPHRO_SCREEN,0.05196789151171827,InComm-sourced,True,ablation_v1
MOCK04783,DIAB_NEPHRO_SCREEN,0.02355145585134328,InComm-sourced,True,ablation_v1
MOCK04789,DIAB_NEPHRO_SCREEN,0.038148231229224734,InComm-sourced,True,ablation_v1
MOCK04795,DIAB_NEPHRO_SCREEN,0.055730941153198946,InComm-sourced,True,ablation_v1
MOCK04801,DIAB_NEPHRO_SCREEN,0.034034693668288,InComm-sourced,True,ablation_v1
MOCK04807,DIAB_NEPHRO_SCREEN,0.041772584085596635,InComm-sourced,True,ablation_v1
MOCK04813,DIAB_NEPHRO_SCREEN,0.023309432399762364,InComm-sourced,True,ablation_v1
MOCK04819,DIAB_NEPHRO_SCREEN,0.02639901752647994,InComm-sourced,True,ablation_v1
MOCK04825,DIAB_NEPHRO_SCREEN,0.014709032834978573,InComm-sourced,True,ablation_v1
MOCK04831,DIAB_NEPHRO_SCREEN,0.020584864740455514,InComm-sourced,True,ablation_v1
MOCK04837,DIAB_NEPHRO_SCREEN,0.05362987483230108,InComm-sourced,True,ablation_v1
MOCK04843,DIAB_NEPHRO_SCREEN,0.04221196940303078,InComm-sourced,True,ablation_v1
MOCK04849,DIAB_NEPHRO_SCREEN,0.03519111008556189,InComm-sourced,True,ablation_v1
MOCK04855,DIAB_NEPHRO_SCREEN,0.018880447294330645,InComm-sourced,True,ablation_v1
MOCK04861,DIAB_NEPHRO_SCREEN,0.027265374553829498,InComm-sourced,True,ablation_v1
MOCK04867,DIAB_NEPHRO_SCREEN,0.04219038071493628,InComm-sourced,True,ablation_v1
MOCK04873,DIAB_NEPHRO_SCREEN,0.06589970136412755,InComm-sourced,True,ablation_v1
MOCK04879,DIAB_NEPHRO_SCREEN,0.04696315481448441,InComm-sourced,True,ablation_v1
MOCK04885,DIAB_NEPHRO_SCREEN,0.15865912697915946,InComm-sourced,True,ablation_v1
MOCK04891,DIAB_NEPHRO_SCREEN,0.020287356261219608,InComm-sourced,True,ablation_v1
MOCK04897,DIAB_NEPHRO_SCREEN,0.04627996627545136,InComm-sourced,True,ablation_v1
MOCK04903,DIAB_NEPHRO_SCREEN,0.021850920296636163,InComm-sourced,True,ablation_v1
MOCK04909,DIAB_NEPHRO_SCREEN,0.024273075552708943,InComm-sourced,True,ablation_v1
MOCK04915,DIAB_NEPHRO_SCREEN,0.07411830057481884,InComm-sourced,True,ablation_v1
MOCK04921,DIAB_NEPHRO_SCREEN,0.05640233107891038,InComm-sourced,True,ablation_v1
MOCK04927,DIAB_NEPHRO_SCREEN,0.04647139162862203,InComm-sourced,True,ablation_v1
MOCK04933,DIAB_NEPHRO_SCREEN,0.03001528583092738,InComm-sourced,True,ablation_v1
MOCK04939,DIAB_NEPHRO_SCREEN,0.01914984888996248,InComm-sourced,True,ablation_v1
MOCK04945,DIAB_NEPHRO_SCREEN,0.026032065134568457,InComm-sourced,True,ablation_v1
MOCK04951,DIAB_NEPHRO_SCREEN,0.0355213006585651,InComm-sourced,True,ablation_v1
MOCK04957,DIAB_NEPHRO_SCREEN,0.026437959998192706,InComm-sourced,True,ablation_v1
MOCK04963,DIAB_NEPHRO_SCREEN,0.04618539109608891,InComm-sourced,True,ablation_v1
MOCK04969,DIAB_NEPHRO_SCREEN,0.03874517596903411,InComm-sourced,True,ablation_v1
MOCK04975,DIAB_NEPHRO_SCREEN,0.0570176232007314,InComm-sourced,True,ablation_v1
MOCK04981,DIAB_NEPHRO_SCREEN,0.031087336876709438,InComm-sourced,True,ablation_v1
MOCK04987,DIAB_NEPHRO_SCREEN,0.08944572597218346,InComm-sourced,True,ablation_v1
MOCK04993,DIAB_NEPHRO_SCREEN,0.021740913012157307,InComm-sourced,True,ablation_v1
MOCK04999,DIAB_NEPHRO_SCREEN,0.03738021274374303,InComm-sourced,True,ablation_v1
MOCK05005,DIAB_NEPHRO_SCREEN,0.020517306032328472,InComm-sourced,True,ablation_v1
MOCK05011,DIAB_NEPHRO_SCREEN,0.032058429336327084,InComm-sourced,True,ablation_v1
MOCK05017,DIAB_NEPHRO_SCREEN,0.034697089983954967,InComm-sourced,True,ablation_v1
MOCK05023,DIAB_NEPHRO_SCREEN,0.046119112180924196,InComm-sourced,True,ablation_v1
MOCK05029,DIAB_NEPHRO_SCREEN,0.05233379745179187,InComm-sourced,True,ablation_v1
MOCK05035,DIAB_NEPHRO_SCREEN,0.039852289828920785,InComm-sourced,True,ablation_v1
MOCK05041,DIAB_NEPHRO_SCREEN,0.04254739214277639,InComm-sourced,True,ablation_v1
MOCK05047,DIAB_NEPHRO_SCREEN,0.02711959454520841,InComm-sourced,True,ablation_v1
MOCK05053,DIAB_NEPHRO_SCREEN,0.06382843700929204,InComm-sourced,True,ablation_v1
MOCK05059,DIAB_NEPHRO_SCREEN,0.032956931088149996,InComm-sourced,True,ablation_v1
MOCK05065,DIAB_NEPHRO_SCREEN,0.06155853730594949,InComm-sourced,True,ablation_v1
MOCK05071,DIAB_NEPHRO_SCREEN,0.04642327653864018,InComm-sourced,True,ablation_v1
MOCK05077,DIAB_NEPHRO_SCREEN,0.04426009616338918,InComm-sourced,True,ablation_v1
MOCK05083,DIAB_NEPHRO_SCREEN,0.037235758435845756,InComm-sourced,True,ablation_v1
MOCK05089,DIAB_NEPHRO_SCREEN,0.040809529115467195,InComm-sourced,True,ablation_v1
MOCK05095,DIAB_NEPHRO_SCREEN,0.030710341226598697,InComm-sourced,True,ablation_v1
MOCK05101,DIAB_NEPHRO_SCREEN,0.043628269363465665,InComm-sourced,True,ablation_v1
MOCK05107,DIAB_NEPHRO_SCREEN,0.018893210690096855,InComm-sourced,True,ablation_v1
MOCK05113,DIAB_NEPHRO_SCREEN,0.019022924643815765,InComm-sourced,True,ablation_v1
MOCK05119,DIAB_NEPHRO_SCREEN,0.029531327586818694,InComm-sourced,True,ablation_v1
MOCK05125,DIAB_NEPHRO_SCREEN,0.039508420360971915,InComm-sourced,True,ablation_v1
MOCK05131,DIAB_NEPHRO_SCREEN,0.031414726166840976,InComm-sourced,True,ablation_v1
MOCK05137,DIAB_NEPHRO_SCREEN,0.07163659961459067,InComm-sourced,True,ablation_v1
MOCK05143,DIAB_NEPHRO_SCREEN,0.03893273833955193,InComm-sourced,True,ablation_v1
MOCK05149,DIAB_NEPHRO_SCREEN,0.03541932115000547,InComm-sourced,True,ablation_v1
MOCK05155,DIAB_NEPHRO_SCREEN,0.039525095404128054,InComm-sourced,True,ablation_v1
MOCK05161,DIAB_NEPHRO_SCREEN,0.030773820445087783,InComm-sourced,True,ablation_v1
MOCK05167,DIAB_NEPHRO_SCREEN,0.015999115053802707,InComm-sourced,True,ablation_v1
MOCK05173,DIAB_NEPHRO_SCREEN,0.031294306561041596,InComm-sourced,True,ablation_v1
MOCK05179,DIAB_NEPHRO_SCREEN,0.030151451672446105,InComm-sourced,True,ablation_v1
MOCK05185,DIAB_NEPHRO_SCREEN,0.0374141719911856,InComm-sourced,True,ablation_v1
MOCK05191,DIAB_NEPHRO_SCREEN,0.03757602563627714,InComm-sourced,True,ablation_v1
MOCK05197,DIAB_NEPHRO_SCREEN,0.027819762433330227,InComm-sourced,True,ablation_v1
MOCK05203,DIAB_NEPHRO_SCREEN,0.0459120329758642,InComm-sourced,True,ablation_v1
MOCK05209,DIAB_NEPHRO_SCREEN,0.027126931802665052,InComm-sourced,True,ablation_v1
MOCK05215,DIAB_NEPHRO_SCREEN,0.0455124373667681,InComm-sourced,True,ablation_v1
MOCK05221,DIAB_NEPHRO_SCREEN,0.027219882053997568,InComm-sourced,True,ablation_v1
MOCK05227,DIAB_NEPHRO_SCREEN,0.04554230826131131,InComm-sourced,True,ablation_v1
MOCK05233,DIAB_NEPHRO_SCREEN,0.0512673526375287,InComm-sourced,True,ablation_v1
MOCK05239,DIAB_NEPHRO_SCREEN,0.03421098269466831,InComm-sourced,True,ablation_v1
MOCK05245,DIAB_NEPHRO_SCREEN,0.022664460897511715,InComm-sourced,True,ablation_v1
MOCK05251,DIAB_NEPHRO_SCREEN,0.036253769874236744,InComm-sourced,True,ablation_v1
MOCK05257,DIAB_NEPHRO_SCREEN,0.03529751221598632,InComm-sourced,True,ablation_v1
MOCK05263,DIAB_NEPHRO_SCREEN,0.035591913101483665,InComm-sourced,True,ablation_v1
MOCK05269,DIAB_NEPHRO_SCREEN,0.045933739457299415,InComm-sourced,True,ablation_v1
MOCK05275,DIAB_NEPHRO_SCREEN,0.09247843242795267,InComm-sourced,True,ablation_v1
MOCK05281,DIAB_NEPHRO_SCREEN,0.030698203400644233,InComm-sourced,True,ablation_v1
MOCK05287,DIAB_NEPHRO_SCREEN,0.025899854868488444,InComm-sourced,True,ablation_v1
MOCK05293,DIAB_NEPHRO_SCREEN,0.03841809709639409,InComm-sourced,True,ablation_v1
MOCK05299,DIAB_NEPHRO_SCREEN,0.03811040309065216,InComm-sourced,True,ablation_v1
MOCK05305,DIAB_NEPHRO_SCREEN,0.03408329320936315,InComm-sourced,True,ablation_v1
MOCK05311,DIAB_NEPHRO_SCREEN,0.041231214765440595,InComm-sourced,True,ablation_v1
MOCK05317,DIAB_NEPHRO_SCREEN,0.03456668512666355,InComm-sourced,True,ablation_v1
MOCK05323,DIAB_NEPHRO_SCREEN,0.03840229877187843,InComm-sourced,True,ablation_v1
MOCK05329,DIAB_NEPHRO_SCREEN,0.054012947369076955,InComm-sourced,True,ablation_v1
MOCK05335,DIAB_NEPHRO_SCREEN,0.027513164422010045,InComm-sourced,True,ablation_v1
MOCK05341,DIAB_NEPHRO_SCREEN,0.08057699292367362,InComm-sourced,True,ablation_v1
MOCK05347,DIAB_NEPHRO_SCREEN,0.03302469228959048,InComm-sourced,True,ablation_v1
MOCK05353,DIAB_NEPHRO_SCREEN,0.045349592135899806,InComm-sourced,True,ablation_v1
MOCK05359,DIAB_NEPHRO_SCREEN,0.026429937243311906,InComm-sourced,True,ablation_v1
MOCK05365,DIAB_NEPHRO_SCREEN,0.03437741967173442,InComm-sourced,True,ablation_v1
MOCK05371,DIAB_NEPHRO_SCREEN,0.02101319813102507,InComm-sourced,True,ablation_v1
MOCK05377,DIAB_NEPHRO_SCREEN,0.10345496255249728,InComm-sourced,True,ablation_v1
MOCK05383,DIAB_NEPHRO_SCREEN,0.04761032828958046,InComm-sourced,True,ablation_v1
MOCK05389,DIAB_NEPHRO_SCREEN,0.03688970053977389,InComm-sourced,True,ablation_v1
MOCK05395,DIAB_NEPHRO_SCREEN,0.033583249524743085,InComm-sourced,True,ablation_v1
MOCK05401,DIAB_NEPHRO_SCREEN,0.027894316459639454,InComm-sourced,True,ablation_v1
MOCK05407,DIAB_NEPHRO_SCREEN,0.024771585002888445,InComm-sourced,True,ablation_v1
MOCK05413,DIAB_NEPHRO_SCREEN,0.024162223278488076,InComm-sourced,True,ablation_v1
MOCK05419,DIAB_NEPHRO_SCREEN,0.04587151027417351,InComm-sourced,True,ablation_v1
MOCK05425,DIAB_NEPHRO_SCREEN,0.027484681878189126,InComm-sourced,True,ablation_v1
MOCK05431,DIAB_NEPHRO_SCREEN,0.048412419641765986,InComm-sourced,True,ablation_v1
MOCK05437,DIAB_NEPHRO_SCREEN,0.02395330928226127,InComm-sourced,True,ablation_v1
MOCK05443,DIAB_NEPHRO_SCREEN,0.04395581754398093,InComm-sourced,True,ablation_v1
MOCK05449,DIAB_NEPHRO_SCREEN,0.048742369947796176,InComm-sourced,True,ablation_v1
MOCK05455,DIAB_NEPHRO_SCREEN,0.03201146698051069,InComm-sourced,True,ablation_v1
MOCK05461,DIAB_NEPHRO_SCREEN,0.03352795309686558,InComm-sourced,True,ablation_v1
MOCK05467,DIAB_NEPHRO_SCREEN,0.0521401521849045,InComm-sourced,True,ablation_v1
MOCK05473,DIAB_NEPHRO_SCREEN,0.021028670668839653,InComm-sourced,True,ablation_v1
MOCK05479,DIAB_NEPHRO_SCREEN,0.026754573854096762,InComm-sourced,True,ablation_v1
MOCK05485,DIAB_NEPHRO_SCREEN,0.02586480375520151,InComm-sourced,True,ablation_v1
MOCK05491,DIAB_NEPHRO_SCREEN,0.025639871127514046,InComm-sourced,True,ablation_v1
MOCK05497,DIAB_NEPHRO_SCREEN,0.020833218425062017,InComm-sourced,True,ablation_v1
MOCK05503,DIAB_NEPHRO_SCREEN,0.05580684671210742,InComm-sourced,True,ablation_v1
MOCK05509,DIAB_NEPHRO_SCREEN,0.02662532442409465,InComm-sourced,True,ablation_v1
MOCK05515,DIAB_NEPHRO_SCREEN,0.015979354676552565,InComm-sourced,True,ablation_v1
MOCK05521,DIAB_NEPHRO_SCREEN,0.024978520359724605,InComm-sourced,True,ablation_v1
MOCK05527,DIAB_NEPHRO_SCREEN,0.035466301111583595,InComm-sourced,True,ablation_v1
MOCK05533,DIAB_NEPHRO_SCREEN,0.03570201836818006,InComm-sourced,True,ablation_v1
MOCK05539,DIAB_NEPHRO_SCREEN,0.04664818906407314,InComm-sourced,True,ablation_v1
MOCK05545,DIAB_NEPHRO_SCREEN,0.04736219450419781,InComm-sourced,True,ablation_v1
MOCK05551,DIAB_NEPHRO_SCREEN,0.019609666329717126,InComm-sourced,True,ablation_v1
MOCK05557,DIAB_NEPHRO_SCREEN,0.029093889330271606,InComm-sourced,True,ablation_v1
MOCK05563,DIAB_NEPHRO_SCREEN,0.04077910759591783,InComm-sourced,True,ablation_v1
MOCK05569,DIAB_NEPHRO_SCREEN,0.041132232168583936,InComm-sourced,True,ablation_v1
MOCK05575,DIAB_NEPHRO_SCREEN,0.03713159829300765,InComm-sourced,True,ablation_v1
MOCK05581,DIAB_NEPHRO_SCREEN,0.04980828164260481,InComm-sourced,True,ablation_v1
MOCK05587,DIAB_NEPHRO_SCREEN,0.031602025690095195,InComm-sourced,True,ablation_v1
MOCK05593,DIAB_NEPHRO_SCREEN,0.023709163217897677,InComm-sourced,True,ablation_v1
MOCK05599,DIAB_NEPHRO_SCREEN,0.025133672239186184,InComm-sourced,True,ablation_v1
MOCK05605,DIAB_NEPHRO_SCREEN,0.022115761687093984,InComm-sourced,True,ablation_v1
MOCK05611,DIAB_NEPHRO_SCREEN,0.045103660166577055,InComm-sourced,True,ablation_v1
MOCK05617,DIAB_NEPHRO_SCREEN,0.02538414135662376,InComm-sourced,True,ablation_v1
MOCK05623,DIAB_NEPHRO_SCREEN,0.03565615815905732,InComm-sourced,True,ablation_v1
MOCK05629,DIAB_NEPHRO_SCREEN,0.03747262097663485,InComm-sourced,True,ablation_v1
MOCK05635,DIAB_NEPHRO_SCREEN,0.05164894202545599,InComm-sourced,True,ablation_v1
MOCK05641,DIAB_NEPHRO_SCREEN,0.02689640714542664,InComm-sourced,True,ablation_v1
MOCK05647,DIAB_NEPHRO_SCREEN,0.03566714062428944,InComm-sourced,True,ablation_v1
MOCK05653,DIAB_NEPHRO_SCREEN,0.02164154703733603,InComm-sourced,True,ablation_v1
MOCK05659,DIAB_NEPHRO_SCREEN,0.03235871591230316,InComm-sourced,True,ablation_v1
MOCK05665,DIAB_NEPHRO_SCREEN,0.0278272096789686,InComm-sourced,True,ablation_v1
MOCK05671,DIAB_NEPHRO_SCREEN,0.038569369435505735,InComm-sourced,True,ablation_v1
MOCK05677,DIAB_NEPHRO_SCREEN,0.05898735596279786,InComm-sourced,True,ablation_v1
MOCK05683,DIAB_NEPHRO_SCREEN,0.04105443842175765,InComm-sourced,True,ablation_v1
MOCK05689,DIAB_NEPHRO_SCREEN,0.04283651449791221,InComm-sourced,True,ablation_v1
MOCK05695,DIAB_NEPHRO_SCREEN,0.05391058406767716,InComm-sourced,True,ablation_v1
MOCK05701,DIAB_NEPHRO_SCREEN,0.023169955652882924,InComm-sourced,True,ablation_v1
MOCK05707,DIAB_NEPHRO_SCREEN,0.027173818993473608,InComm-sourced,True,ablation_v1
MOCK05713,DIAB_NEPHRO_SCREEN,0.0364811770586366,InComm-sourced,True,ablation_v1
MOCK05719,DIAB_NEPHRO_SCREEN,0.09599233786158848,InComm-sourced,True,ablation_v1
MOCK05725,DIAB_NEPHRO_SCREEN,0.022081963119862026,InComm-sourced,True,ablation_v1
MOCK05731,DIAB_NEPHRO_SCREEN,0.024064586702077034,InComm-sourced,True,ablation_v1
MOCK05737,DIAB_NEPHRO_SCREEN,0.01950745325575568,InComm-sourced,True,ablation_v1
MOCK05743,DIAB_NEPHRO_SCREEN,0.08688792295221118,InComm-sourced,True,ablation_v1
MOCK05749,DIAB_NEPHRO_SCREEN,0.0363936907586275,InComm-sourced,True,ablation_v1
MOCK05755,DIAB_NEPHRO_SCREEN,0.05876971773208423,InComm-sourced,True,ablation_v1
MOCK05761,DIAB_NEPHRO_SCREEN,0.027330310961861413,InComm-sourced,True,ablation_v1
MOCK05767,DIAB_NEPHRO_SCREEN,0.0433061085633444,InComm-sourced,True,ablation_v1
MOCK05773,DIAB_NEPHRO_SCREEN,0.04494074430986456,InComm-sourced,True,ablation_v1
MOCK05779,DIAB_NEPHRO_SCREEN,0.03581990629493078,InComm-sourced,True,ablation_v1
MOCK05785,DIAB_NEPHRO_SCREEN,0.031273907442952255,InComm-sourced,True,ablation_v1
MOCK05791,DIAB_NEPHRO_SCREEN,0.047999527715065056,InComm-sourced,True,ablation_v1
MOCK05797,DIAB_NEPHRO_SCREEN,0.023930355391418422,InComm-sourced,True,ablation_v1
MOCK05803,DIAB_NEPHRO_SCREEN,0.02531733132489875,InComm-sourced,True,ablation_v1
MOCK05809,DIAB_NEPHRO_SCREEN,0.04258389356294608,InComm-sourced,True,ablation_v1
MOCK05815,DIAB_NEPHRO_SCREEN,0.033552722051240234,InComm-sourced,True,ablation_v1
MOCK05821,DIAB_NEPHRO_SCREEN,0.024403341246422565,InComm-sourced,True,ablation_v1
MOCK05827,DIAB_NEPHRO_SCREEN,0.03437651519781886,InComm-sourced,True,ablation_v1
MOCK05833,DIAB_NEPHRO_SCREEN,0.03242565308585013,InComm-sourced,True,ablation_v1
MOCK05839,DIAB_NEPHRO_SCREEN,0.02642380060193888,InComm-sourced,True,ablation_v1
MOCK05845,DIAB_NEPHRO_SCREEN,0.056277588723605186,InComm-sourced,True,ablation_v1
MOCK05851,DIAB_NEPHRO_SCREEN,0.022981012801416248,InComm-sourced,True,ablation_v1
MOCK05857,DIAB_NEPHRO_SCREEN,0.017879611409820237,InComm-sourced,True,ablation_v1
MOCK05863,DIAB_NEPHRO_SCREEN,0.034423438869916605,InComm-sourced,True,ablation_v1
MOCK05869,DIAB_NEPHRO_SCREEN,0.019994008477785527,InComm-sourced,True,ablation_v1
MOCK05875,DIAB_NEPHRO_SCREEN,0.023053270797490175,InComm-sourced,True,ablation_v1
MOCK05881,DIAB_NEPHRO_SCREEN,0.019013373858331267,InComm-sourced,True,ablation_v1
MOCK05887,DIAB_NEPHRO_SCREEN,0.07094441985381815,InComm-sourced,True,ablation_v1
MOCK05893,DIAB_NEPHRO_SCREEN,0.05348880783023484,InComm-sourced,True,ablation_v1
MOCK05899,DIAB_NEPHRO_SCREEN,0.050856909136742595,InComm-sourced,True,ablation_v1
MOCK05905,DIAB_NEPHRO_SCREEN,0.027678806882167298,InComm-sourced,True,ablation_v1
MOCK05911,DIAB_NEPHRO_SCREEN,0.0287504399635165,InComm-sourced,True,ablation_v1
MOCK05917,DIAB_NEPHRO_SCREEN,0.05376887826752048,InComm-sourced,True,ablation_v1
MOCK05923,DIAB_NEPHRO_SCREEN,0.047689595644354224,InComm-sourced,True,ablation_v1
MOCK05929,DIAB_NEPHRO_SCREEN,0.022495556880750958,InComm-sourced,True,ablation_v1
MOCK05935,DIAB_NEPHRO_SCREEN,0.05280971598445328,InComm-sourced,True,ablation_v1
MOCK05941,DIAB_NEPHRO_SCREEN,0.03983948501243521,InComm-sourced,True,ablation_v1
MOCK05947,DIAB_NEPHRO_SCREEN,0.02413819962433222,InComm-sourced,True,ablation_v1
MOCK05953,DIAB_NEPHRO_SCREEN,0.023632944683543523,InComm-sourced,True,ablation_v1
MOCK05959,DIAB_NEPHRO_SCREEN,0.025149650637660084,InComm-sourced,True,ablation_v1
MOCK05965,DIAB_NEPHRO_SCREEN,0.0366612309535122,InComm-sourced,True,ablation_v1
MOCK05971,DIAB_NEPHRO_SCREEN,0.02108925925840439,InComm-sourced,True,ablation_v1
MOCK05977,DIAB_NEPHRO_SCREEN,0.04255273278687911,InComm-sourced,True,ablation_v1
MOCK05983,DIAB_NEPHRO_SCREEN,0.05760324940749943,InComm-sourced,True,ablation_v1
MOCK05989,DIAB_NEPHRO_SCREEN,0.04107041714308925,InComm-sourced,True,ablation_v1
MOCK05995,DIAB_NEPHRO_SCREEN,0.03909552405736402,InComm-sourced,True,ablation_v1
MOCK06001,DIAB_NEPHRO_SCREEN,0.03470633975845707,InComm-sourced,True,ablation_v1
MOCK06007,DIAB_NEPHRO_SCREEN,0.049206667381387265,InComm-sourced,True,ablation_v1
MOCK06013,DIAB_NEPHRO_SCREEN,0.06520958107002459,InComm-sourced,True,ablation_v1
MOCK06019,DIAB_NEPHRO_SCREEN,0.03710613308840097,InComm-sourced,True,ablation_v1
MOCK06025,DIAB_NEPHRO_SCREEN,0.03038609571910608,InComm-sourced,True,ablation_v1
MOCK06031,DIAB_NEPHRO_SCREEN,0.021213185851400865,InComm-sourced,True,ablation_v1
MOCK06037,DIAB_NEPHRO_SCREEN,0.041069303204441514,InComm-sourced,True,ablation_v1
MOCK06043,DIAB_NEPHRO_SCREEN,0.05630552803032897,InComm-sourced,True,ablation_v1
MOCK06049,DIAB_NEPHRO_SCREEN,0.028463458657985746,InComm-sourced,True,ablation_v1
MOCK06055,DIAB_NEPHRO_SCREEN,0.06267172634241154,InComm-sourced,True,ablation_v1
MOCK06061,DIAB_NEPHRO_SCREEN,0.014976976581575823,InComm-sourced,True,ablation_v1
MOCK06067,DIAB_NEPHRO_SCREEN,0.03522229177501312,InComm-sourced,True,ablation_v1
MOCK06073,DIAB_NEPHRO_SCREEN,0.08699132431242267,InComm-sourced,True,ablation_v1
MOCK06079,DIAB_NEPHRO_SCREEN,0.10442306095928515,InComm-sourced,True,ablation_v1
MOCK06085,DIAB_NEPHRO_SCREEN,0.022088744782574554,InComm-sourced,True,ablation_v1
MOCK06091,DIAB_NEPHRO_SCREEN,0.06413080278304577,InComm-sourced,True,ablation_v1
MOCK06097,DIAB_NEPHRO_SCREEN,0.03391603566642814,InComm-sourced,True,ablation_v1
MOCK06103,DIAB_NEPHRO_SCREEN,0.021237731542706032,InComm-sourced,True,ablation_v1
MOCK06109,DIAB_NEPHRO_SCREEN,0.06680402351923394,InComm-sourced,True,ablation_v1
MOCK06115,DIAB_NEPHRO_SCREEN,0.02996383929108712,InComm-sourced,True,ablation_v1
MOCK06121,DIAB_NEPHRO_SCREEN,0.056418711676047874,InComm-sourced,True,ablation_v1
MOCK06127,DIAB_NEPHRO_SCREEN,0.039166891230764916,InComm-sourced,True,ablation_v1
MOCK06133,DIAB_NEPHRO_SCREEN,0.06896398695815299,InComm-sourced,True,ablation_v1
MOCK06139,DIAB_NEPHRO_SCREEN,0.05785691847587037,InComm-sourced,True,ablation_v1
MOCK06145,DIAB_NEPHRO_SCREEN,0.02353113530359955,InComm-sourced,True,ablation_v1
MOCK06151,DIAB_NEPHRO_SCREEN,0.05553805468426028,InComm-sourced,True,ablation_v1
MOCK06157,DIAB_NEPHRO_SCREEN,0.02596392662223914,InComm-sourced,True,ablation_v1
MOCK06163,DIAB_NEPHRO_SCREEN,0.05601617484362106,InComm-sourced,True,ablation_v1
MOCK06169,DIAB_NEPHRO_SCREEN,0.038907632511393515,InComm-sourced,True,ablation_v1
MOCK06175,DIAB_NEPHRO_SCREEN,0.05558606641298729,InComm-sourced,True,ablation_v1
MOCK06181,DIAB_NEPHRO_SCREEN,0.02884847843281685,InComm-sourced,True,ablation_v1
MOCK06187,DIAB_NEPHRO_SCREEN,0.03370688304687706,InComm-sourced,True,ablation_v1
MOCK06193,DIAB_NEPHRO_SCREEN,0.02473576997888881,InComm-sourced,True,ablation_v1
MOCK06199,DIAB_NEPHRO_SCREEN,0.02577068588031419,InComm-sourced,True,ablation_v1
MOCK06205,DIAB_NEPHRO_SCREEN,0.037319872271847014,InComm-sourced,True,ablation_v1
MOCK06211,DIAB_NEPHRO_SCREEN,0.0480916301163687,InComm-sourced,True,ablation_v1
MOCK06217,DIAB_NEPHRO_SCREEN,0.06483284565512037,InComm-sourced,True,ablation_v1
MOCK06223,DIAB_NEPHRO_SCREEN,0.04332255932991501,InComm-sourced,True,ablation_v1
MOCK06229,DIAB_NEPHRO_SCREEN,0.05424038398205024,InComm-sourced,True,ablation_v1
MOCK06235,DIAB_NEPHRO_SCREEN,0.03743336248868298,InComm-sourced,True,ablation_v1
MOCK06241,DIAB_NEPHRO_SCREEN,0.017185385166513693,InComm-sourced,True,ablation_v1
MOCK06247,DIAB_NEPHRO_SCREEN,0.07580113649221007,InComm-sourced,True,ablation_v1
MOCK06253,DIAB_NEPHRO_SCREEN,0.03138008568619135,InComm-sourced,True,ablation_v1
MOCK06259,DIAB_NEPHRO_SCREEN,0.024963517472386034,InComm-sourced,True,ablation_v1
MOCK06265,DIAB_NEPHRO_SCREEN,0.0160284098918676,InComm-sourced,True,ablation_v1
MOCK06271,DIAB_NEPHRO_SCREEN,0.08275836848294542,InComm-sourced,True,ablation_v1
MOCK06277,DIAB_NEPHRO_SCREEN,0.0553392127815814,InComm-sourced,True,ablation_v1
MOCK06283,DIAB_NEPHRO_SCREEN,0.029885147150462015,InComm-sourced,True,ablation_v1
MOCK06289,DIAB_NEPHRO_SCREEN,0.021009750985583844,InComm-sourced,True,ablation_v1
MOCK06295,DIAB_NEPHRO_SCREEN,0.0643198992055066,InComm-sourced,True,ablation_v1
MOCK06301,DIAB_NEPHRO_SCREEN,0.02741945337434385,InComm-sourced,True,ablation_v1
MOCK06307,DIAB_NEPHRO_SCREEN,0.021715222632087063,InComm-sourced,True,ablation_v1
MOCK06313,DIAB_NEPHRO_SCREEN,0.05925226002399659,InComm-sourced,True,ablation_v1
MOCK06319,DIAB_NEPHRO_SCREEN,0.026080280306522225,InComm-sourced,True,ablation_v1
MOCK06325,DIAB_NEPHRO_SCREEN,0.03420354432707947,InComm-sourced,True,ablation_v1
MOCK06331,DIAB_NEPHRO_SCREEN,0.02421912061572427,InComm-sourced,True,ablation_v1
MOCK06337,DIAB_NEPHRO_SCREEN,0.02570754128665089,InComm-sourced,True,ablation_v1
MOCK06343,DIAB_NEPHRO_SCREEN,0.04780423175513751,InComm-sourced,True,ablation_v1
MOCK06349,DIAB_NEPHRO_SCREEN,0.026571859065723253,InComm-sourced,True,ablation_v1
MOCK06355,DIAB_NEPHRO_SCREEN,0.021159165774031926,InComm-sourced,True,ablation_v1
MOCK06361,DIAB_NEPHRO_SCREEN,0.015095204657494133,InComm-sourced,True,ablation_v1
MOCK06367,DIAB_NEPHRO_SCREEN,0.027164413378809517,InComm-sourced,True,ablation_v1
MOCK06373,DIAB_NEPHRO_SCREEN,0.03123957642315208,InComm-sourced,True,ablation_v1
MOCK06379,DIAB_NEPHRO_SCREEN,0.08249614927135791,InComm-sourced,True,ablation_v1
MOCK06385,DIAB_NEPHRO_SCREEN,0.02843881014545766,InComm-sourced,True,ablation_v1
MOCK06391,DIAB_NEPHRO_SCREEN,0.07333204985184731,InComm-sourced,True,ablation_v1
MOCK06397,DIAB_NEPHRO_SCREEN,0.022064431160506975,InComm-sourced,True,ablation_v1
MOCK06403,DIAB_NEPHRO_SCREEN,0.02365023744005133,InComm-sourced,True,ablation_v1
MOCK06409,DIAB_NEPHRO_SCREEN,0.03521846507497847,InComm-sourced,True,ablation_v1
MOCK06415,DIAB_NEPHRO_SCREEN,0.09469290523660209,InComm-sourced,True,ablation_v1
MOCK06421,DIAB_NEPHRO_SCREEN,0.036037970397555276,InComm-sourced,True,ablation_v1
MOCK06427,DIAB_NEPHRO_SCREEN,0.03621604920230131,InComm-sourced,True,ablation_v1
MOCK06433,DIAB_NEPHRO_SCREEN,0.06629594468493022,InComm-sourced,True,ablation_v1
MOCK06439,DIAB_NEPHRO_SCREEN,0.03760742881892575,InComm-sourced,True,ablation_v1
MOCK06445,DIAB_NEPHRO_SCREEN,0.06456458768766944,InComm-sourced,True,ablation_v1
MOCK06451,DIAB_NEPHRO_SCREEN,0.038603208747612625,InComm-sourced,True,ablation_v1
MOCK06457,DIAB_NEPHRO_SCREEN,0.02949091090216837,InComm-sourced,True,ablation_v1
MOCK06463,DIAB_NEPHRO_SCREEN,0.03752417322675464,InComm-sourced,True,ablation_v1
MOCK06469,DIAB_NEPHRO_SCREEN,0.03490790573169119,InComm-sourced,True,ablation_v1
MOCK06475,DIAB_NEPHRO_SCREEN,0.012606250894151575,InComm-sourced,True,ablation_v1
MOCK06481,DIAB_NEPHRO_SCREEN,0.02119452616259355,InComm-sourced,True,ablation_v1
MOCK06487,DIAB_NEPHRO_SCREEN,0.025026063407022268,InComm-sourced,True,ablation_v1
MOCK06493,DIAB_NEPHRO_SCREEN,0.047912550538810314,InComm-sourced,True,ablation_v1
MOCK06499,DIAB_NEPHRO_SCREEN,0.0348030113691811,InComm-sourced,True,ablation_v1
MOCK06505,DIAB_NEPHRO_SCREEN,0.02270627067281798,InComm-sourced,True,ablation_v1
MOCK06511,DIAB_NEPHRO_SCREEN,0.05393704030615517,InComm-sourced,True,ablation_v1
MOCK06517,DIAB_NEPHRO_SCREEN,0.03206709381339602,InComm-sourced,True,ablation_v1
MOCK06523,DIAB_NEPHRO_SCREEN,0.030932323361646034,InComm-sourced,True,ablation_v1
MOCK06529,DIAB_NEPHRO_SCREEN,0.0338785341720426,InComm-sourced,True,ablation_v1
MOCK06535,DIAB_NEPHRO_SCREEN,0.045965194382037215,InComm-sourced,True,ablation_v1
MOCK06541,DIAB_NEPHRO_SCREEN,0.03627104382688966,InComm-sourced,True,ablation_v1
MOCK06547,DIAB_NEPHRO_SCREEN,0.02159798474586468,InComm-sourced,True,ablation_v1
MOCK06553,DIAB_NEPHRO_SCREEN,0.03378880713700025,InComm-sourced,True,ablation_v1
MOCK06559,DIAB_NEPHRO_SCREEN,0.027075948851014584,InComm-sourced,True,ablation_v1
MOCK06565,DIAB_NEPHRO_SCREEN,0.054199753538299034,InComm-sourced,True,ablation_v1
MOCK06571,DIAB_NEPHRO_SCREEN,0.0409957125530988,InComm-sourced,True,ablation_v1
MOCK06577,DIAB_NEPHRO_SCREEN,0.0329780201345568,InComm-sourced,True,ablation_v1
MOCK06583,DIAB_NEPHRO_SCREEN,0.01750121924849302,InComm-sourced,True,ablation_v1
MOCK06589,DIAB_NEPHRO_SCREEN,0.03399681063725164,InComm-sourced,True,ablation_v1
MOCK06595,DIAB_NEPHRO_SCREEN,0.03917731317008485,InComm-sourced,True,ablation_v1
MOCK06601,DIAB_NEPHRO_SCREEN,0.07090596906393695,InComm-sourced,True,ablation_v1
MOCK06607,DIAB_NEPHRO_SCREEN,0.022815640563116253,InComm-sourced,True,ablation_v1
MOCK06613,DIAB_NEPHRO_SCREEN,0.03809019528899058,InComm-sourced,True,ablation_v1
MOCK06619,DIAB_NEPHRO_SCREEN,0.03438694241777368,InComm-sourced,True,ablation_v1
MOCK06625,DIAB_NEPHRO_SCREEN,0.04573552384252145,InComm-sourced,True,ablation_v1
MOCK06631,DIAB_NEPHRO_SCREEN,0.044163591663131864,InComm-sourced,True,ablation_v1
MOCK06637,DIAB_NEPHRO_SCREEN,0.06274202476196017,InComm-sourced,True,ablation_v1
MOCK06643,DIAB_NEPHRO_SCREEN,0.023617502756347074,InComm-sourced,True,ablation_v1
MOCK06649,DIAB_NEPHRO_SCREEN,0.027892380636765426,InComm-sourced,True,ablation_v1
MOCK06655,DIAB_NEPHRO_SCREEN,0.04974385092283652,InComm-sourced,True,ablation_v1
MOCK06661,DIAB_NEPHRO_SCREEN,0.015447344266309037,InComm-sourced,True,ablation_v1
MOCK06667,DIAB_NEPHRO_SCREEN,0.02555153719234228,InComm-sourced,True,ablation_v1
MOCK06673,DIAB_NEPHRO_SCREEN,0.023938231294370088,InComm-sourced,True,ablation_v1
MOCK06679,DIAB_NEPHRO_SCREEN,0.03752492820013985,InComm-sourced,True,ablation_v1
MOCK06685,DIAB_NEPHRO_SCREEN,0.018030928523905247,InComm-sourced,True,ablation_v1
MOCK06691,DIAB_NEPHRO_SCREEN,0.023703305666352478,InComm-sourced,True,ablation_v1
MOCK06697,DIAB_NEPHRO_SCREEN,0.05473298618804084,InComm-sourced,True,ablation_v1
MOCK06703,DIAB_NEPHRO_SCREEN,0.020324031594130685,InComm-sourced,True,ablation_v1
MOCK06709,DIAB_NEPHRO_SCREEN,0.043599768283661675,InComm-sourced,True,ablation_v1
MOCK06715,DIAB_NEPHRO_SCREEN,0.020424772924229555,InComm-sourced,True,ablation_v1
MOCK06721,DIAB_NEPHRO_SCREEN,0.07924699303135413,InComm-sourced,True,ablation_v1
MOCK06727,DIAB_NEPHRO_SCREEN,0.032080933755612585,InComm-sourced,True,ablation_v1
MOCK06733,DIAB_NEPHRO_SCREEN,0.03313202106024406,InComm-sourced,True,ablation_v1
MOCK06739,DIAB_NEPHRO_SCREEN,0.05921647823324708,InComm-sourced,True,ablation_v1
MOCK06745,DIAB_NEPHRO_SCREEN,0.02781241755022303,InComm-sourced,True,ablation_v1
MOCK06751,DIAB_NEPHRO_SCREEN,0.05992760027548839,InComm-sourced,True,ablation_v1
MOCK06757,DIAB_NEPHRO_SCREEN,0.03301378348175414,InComm-sourced,True,ablation_v1
MOCK06763,DIAB_NEPHRO_SCREEN,0.03472210143715659,InComm-sourced,True,ablation_v1
MOCK06769,DIAB_NEPHRO_SCREEN,0.05743285997323499,InComm-sourced,True,ablation_v1
MOCK06775,DIAB_NEPHRO_SCREEN,0.024407473265590663,InComm-sourced,True,ablation_v1
MOCK06781,DIAB_NEPHRO_SCREEN,0.05221610557897277,InComm-sourced,True,ablation_v1
MOCK06787,DIAB_NEPHRO_SCREEN,0.04295421974512603,InComm-sourced,True,ablation_v1
MOCK06793,DIAB_NEPHRO_SCREEN,0.0598739702417363,InComm-sourced,True,ablation_v1
MOCK06799,DIAB_NEPHRO_SCREEN,0.05836513116858426,InComm-sourced,True,ablation_v1
MOCK06805,DIAB_NEPHRO_SCREEN,0.02197667983857117,InComm-sourced,True,ablation_v1
MOCK06811,DIAB_NEPHRO_SCREEN,0.02322109942637863,InComm-sourced,True,ablation_v1
MOCK06817,DIAB_NEPHRO_SCREEN,0.06755654717941735,InComm-sourced,True,ablation_v1
MOCK06823,DIAB_NEPHRO_SCREEN,0.05291906115129859,InComm-sourced,True,ablation_v1
MOCK06829,DIAB_NEPHRO_SCREEN,0.036207651190194534,InComm-sourced,True,ablation_v1
MOCK06835,DIAB_NEPHRO_SCREEN,0.0151637222834229,InComm-sourced,True,ablation_v1
MOCK06841,DIAB_NEPHRO_SCREEN,0.018526428701435015,InComm-sourced,True,ablation_v1
MOCK06847,DIAB_NEPHRO_SCREEN,0.06142219739375368,InComm-sourced,True,ablation_v1
MOCK06853,DIAB_NEPHRO_SCREEN,0.019873831244083543,InComm-sourced,True,ablation_v1
MOCK06859,DIAB_NEPHRO_SCREEN,0.03331304132396081,InComm-sourced,True,ablation_v1
MOCK06865,DIAB_NEPHRO_SCREEN,0.027465307171123225,InComm-sourced,True,ablation_v1
MOCK06871,DIAB_NEPHRO_SCREEN,0.02504257854155331,InComm-sourced,True,ablation_v1
MOCK06877,DIAB_NEPHRO_SCREEN,0.022894422270593923,InComm-sourced,True,ablation_v1
MOCK06883,DIAB_NEPHRO_SCREEN,0.061525456942357726,InComm-sourced,True,ablation_v1
MOCK06889,DIAB_NEPHRO_SCREEN,0.038265272488390206,InComm-sourced,True,ablation_v1
MOCK06895,DIAB_NEPHRO_SCREEN,0.023312666749943405,InComm-sourced,True,ablation_v1
MOCK06901,DIAB_NEPHRO_SCREEN,0.09117055855188266,InComm-sourced,True,ablation_v1
MOCK06907,DIAB_NEPHRO_SCREEN,0.04249068147784017,InComm-sourced,True,ablation_v1
MOCK06913,DIAB_NEPHRO_SCREEN,0.03675751081086165,InComm-sourced,True,ablation_v1
MOCK06919,DIAB_NEPHRO_SCREEN,0.06360306900375327,InComm-sourced,True,ablation_v1
MOCK06925,DIAB_NEPHRO_SCREEN,0.03164238374896421,InComm-sourced,True,ablation_v1
MOCK06931,DIAB_NEPHRO_SCREEN,0.04785026821094625,InComm-sourced,True,ablation_v1
MOCK06937,DIAB_NEPHRO_SCREEN,0.01889169194035619,InComm-sourced,True,ablation_v1
MOCK06943,DIAB_NEPHRO_SCREEN,0.02968655056715789,InComm-sourced,True,ablation_v1
MOCK06949,DIAB_NEPHRO_SCREEN,0.08472318551696521,InComm-sourced,True,ablation_v1
MOCK06955,DIAB_NEPHRO_SCREEN,0.030600739447565327,InComm-sourced,True,ablation_v1
MOCK06961,DIAB_NEPHRO_SCREEN,0.03631679405259727,InComm-sourced,True,ablation_v1
MOCK06967,DIAB_NEPHRO_SCREEN,0.024769332415389058,InComm-sourced,True,ablation_v1
MOCK06973,DIAB_NEPHRO_SCREEN,0.043768129580374265,InComm-sourced,True,ablation_v1
MOCK06979,DIAB_NEPHRO_SCREEN,0.02908210146376104,InComm-sourced,True,ablation_v1
MOCK06985,DIAB_NEPHRO_SCREEN,0.018385893381331196,InComm-sourced,True,ablation_v1
MOCK06991,DIAB_NEPHRO_SCREEN,0.023059293912367773,InComm-sourced,True,ablation_v1
MOCK06997,DIAB_NEPHRO_SCREEN,0.038405592084864514,InComm-sourced,True,ablation_v1
MOCK07003,DIAB_NEPHRO_SCREEN,0.036344220962278795,InComm-sourced,True,ablation_v1
MOCK07009,DIAB_NEPHRO_SCREEN,0.02064739370089046,InComm-sourced,True,ablation_v1
MOCK07015,DIAB_NEPHRO_SCREEN,0.019670655772573247,InComm-sourced,True,ablation_v1
MOCK07021,DIAB_NEPHRO_SCREEN,0.038197864456099205,InComm-sourced,True,ablation_v1
MOCK07027,DIAB_NEPHRO_SCREEN,0.05178278178371387,InComm-sourced,True,ablation_v1
MOCK07033,DIAB_NEPHRO_SCREEN,0.026933579822458885,InComm-sourced,True,ablation_v1
MOCK07039,DIAB_NEPHRO_SCREEN,0.05060805237011214,InComm-sourced,True,ablation_v1
MOCK07045,DIAB_NEPHRO_SCREEN,0.03488083838937901,InComm-sourced,True,ablation_v1
MOCK07051,DIAB_NEPHRO_SCREEN,0.035252196495306275,InComm-sourced,True,ablation_v1
MOCK07057,DIAB_NEPHRO_SCREEN,0.03763489910158848,InComm-sourced,True,ablation_v1
MOCK07063,DIAB_NEPHRO_SCREEN,0.027003248105986363,InComm-sourced,True,ablation_v1
MOCK07069,DIAB_NEPHRO_SCREEN,0.06796711679658572,InComm-sourced,True,ablation_v1
MOCK07075,DIAB_NEPHRO_SCREEN,0.019356706930841204,InComm-sourced,True,ablation_v1
MOCK07081,DIAB_NEPHRO_SCREEN,0.020309862619975725,InComm-sourced,True,ablation_v1
MOCK07087,DIAB_NEPHRO_SCREEN,0.025263220067335775,InComm-sourced,True,ablation_v1
MOCK07093,DIAB_NEPHRO_SCREEN,0.033605215360259295,InComm-sourced,True,ablation_v1
MOCK07099,DIAB_NEPHRO_SCREEN,0.04395408936645374,InComm-sourced,True,ablation_v1
MOCK07105,DIAB_NEPHRO_SCREEN,0.0233953482973539,InComm-sourced,True,ablation_v1
MOCK07111,DIAB_NEPHRO_SCREEN,0.050667492156439196,InComm-sourced,True,ablation_v1
MOCK07117,DIAB_NEPHRO_SCREEN,0.12344078311325175,InComm-sourced,True,ablation_v1
MOCK07123,DIAB_NEPHRO_SCREEN,0.026304908634179336,InComm-sourced,True,ablation_v1
MOCK07129,DIAB_NEPHRO_SCREEN,0.028894798567919718,InComm-sourced,True,ablation_v1
MOCK07135,DIAB_NEPHRO_SCREEN,0.024822386467359226,InComm-sourced,True,ablation_v1
MOCK07141,DIAB_NEPHRO_SCREEN,0.015217278799516948,InComm-sourced,True,ablation_v1
MOCK07147,DIAB_NEPHRO_SCREEN,0.06835228084420016,InComm-sourced,True,ablation_v1
MOCK07153,DIAB_NEPHRO_SCREEN,0.06857156011366129,InComm-sourced,True,ablation_v1
MOCK07159,DIAB_NEPHRO_SCREEN,0.028505634098156526,InComm-sourced,True,ablation_v1
MOCK07165,DIAB_NEPHRO_SCREEN,0.06655823917063004,InComm-sourced,True,ablation_v1
MOCK07171,DIAB_NEPHRO_SCREEN,0.03094810498914801,InComm-sourced,True,ablation_v1
MOCK07177,DIAB_NEPHRO_SCREEN,0.043716701130462755,InComm-sourced,True,ablation_v1
MOCK07183,DIAB_NEPHRO_SCREEN,0.04484179426317796,InComm-sourced,True,ablation_v1
MOCK07189,DIAB_NEPHRO_SCREEN,0.03773812497762614,InComm-sourced,True,ablation_v1
MOCK07195,DIAB_NEPHRO_SCREEN,0.0267651766380923,InComm-sourced,True,ablation_v1
MOCK07201,DIAB_NEPHRO_SCREEN,0.04613377111192563,InComm-sourced,True,ablation_v1
MOCK07207,DIAB_NEPHRO_SCREEN,0.01916691322335002,InComm-sourced,True,ablation_v1
MOCK07213,DIAB_NEPHRO_SCREEN,0.05172456716744452,InComm-sourced,True,ablation_v1
MOCK07219,DIAB_NEPHRO_SCREEN,0.05313413576842569,InComm-sourced,True,ablation_v1
MOCK07225,DIAB_NEPHRO_SCREEN,0.01650630305487776,InComm-sourced,True,ablation_v1
MOCK07231,DIAB_NEPHRO_SCREEN,0.04727520657006739,InComm-sourced,True,ablation_v1
MOCK07237,DIAB_NEPHRO_SCREEN,0.024294849176313464,InComm-sourced,True,ablation_v1
MOCK07243,DIAB_NEPHRO_SCREEN,0.025256170401180143,InComm-sourced,True,ablation_v1
MOCK07249,DIAB_NEPHRO_SCREEN,0.03140067807520486,InComm-sourced,True,ablation_v1
MOCK07255,DIAB_NEPHRO_SCREEN,0.04238267220981065,InComm-sourced,True,ablation_v1
MOCK07261,DIAB_NEPHRO_SCREEN,0.025255535108267314,InComm-sourced,True,ablation_v1
MOCK07267,DIAB_NEPHRO_SCREEN,0.02641470721196534,InComm-sourced,True,ablation_v1
MOCK07273,DIAB_NEPHRO_SCREEN,0.04501689723571881,InComm-sourced,True,ablation_v1
MOCK07279,DIAB_NEPHRO_SCREEN,0.02503953607133912,InComm-sourced,True,ablation_v1
MOCK07285,DIAB_NEPHRO_SCREEN,0.054255640235786544,InComm-sourced,True,ablation_v1
MOCK07291,DIAB_NEPHRO_SCREEN,0.030418007099012774,InComm-sourced,True,ablation_v1
MOCK07297,DIAB_NEPHRO_SCREEN,0.03377599412708142,InComm-sourced,True,ablation_v1
MOCK07303,DIAB_NEPHRO_SCREEN,0.048349528906135336,InComm-sourced,True,ablation_v1
MOCK07309,DIAB_NEPHRO_SCREEN,0.022233187235939866,InComm-sourced,True,ablation_v1
MOCK07315,DIAB_NEPHRO_SCREEN,0.019190896691906347,InComm-sourced,True,ablation_v1
MOCK07321,DIAB_NEPHRO_SCREEN,0.01731547463815041,InComm-sourced,True,ablation_v1
MOCK07327,DIAB_NEPHRO_SCREEN,0.05088294063112229,InComm-sourced,True,ablation_v1
MOCK07333,DIAB_NEPHRO_SCREEN,0.028957693493238144,InComm-sourced,True,ablation_v1
MOCK07339,DIAB_NEPHRO_SCREEN,0.028391962719664172,InComm-sourced,True,ablation_v1
MOCK07345,DIAB_NEPHRO_SCREEN,0.022246790949255364,InComm-sourced,True,ablation_v1
MOCK07351,DIAB_NEPHRO_SCREEN,0.03338906244713842,InComm-sourced,True,ablation_v1
MOCK07357,DIAB_NEPHRO_SCREEN,0.045283441414362226,InComm-sourced,True,ablation_v1
MOCK07363,DIAB_NEPHRO_SCREEN,0.04133338497769813,InComm-sourced,True,ablation_v1
MOCK07369,DIAB_NEPHRO_SCREEN,0.03290020579404273,InComm-sourced,True,ablation_v1
MOCK07375,DIAB_NEPHRO_SCREEN,0.03223360072678269,InComm-sourced,True,ablation_v1
MOCK07381,DIAB_NEPHRO_SCREEN,0.018657368183029262,InComm-sourced,True,ablation_v1
MOCK07387,DIAB_NEPHRO_SCREEN,0.03489194689395903,InComm-sourced,True,ablation_v1
MOCK07393,DIAB_NEPHRO_SCREEN,0.015143541819326941,InComm-sourced,True,ablation_v1
MOCK07399,DIAB_NEPHRO_SCREEN,0.02834446675369663,InComm-sourced,True,ablation_v1
MOCK07405,DIAB_NEPHRO_SCREEN,0.019338877823488903,InComm-sourced,True,ablation_v1
MOCK07411,DIAB_NEPHRO_SCREEN,0.02575884446504323,InComm-sourced,True,ablation_v1
MOCK07417,DIAB_NEPHRO_SCREEN,0.041586215430279704,InComm-sourced,True,ablation_v1
MOCK07423,DIAB_NEPHRO_SCREEN,0.030045767229717413,InComm-sourced,True,ablation_v1
MOCK07429,DIAB_NEPHRO_SCREEN,0.028525441059075913,InComm-sourced,True,ablation_v1
MOCK07435,DIAB_NEPHRO_SCREEN,0.03685016461548747,InComm-sourced,True,ablation_v1
MOCK07441,DIAB_NEPHRO_SCREEN,0.08242580394383477,InComm-sourced,True,ablation_v1
MOCK07447,DIAB_NEPHRO_SCREEN,0.015628039158205032,InComm-sourced,True,ablation_v1
MOCK07453,DIAB_NEPHRO_SCREEN,0.0268025145185413,InComm-sourced,True,ablation_v1
MOCK07459,DIAB_NEPHRO_SCREEN,0.02537516028877447,InComm-sourced,True,ablation_v1
MOCK07465,DIAB_NEPHRO_SCREEN,0.03123033428481034,InComm-sourced,True,ablation_v1
MOCK07471,DIAB_NEPHRO_SCREEN,0.04259098660755864,InComm-sourced,True,ablation_v1
MOCK07477,DIAB_NEPHRO_SCREEN,0.040867445411860964,InComm-sourced,True,ablation_v1
MOCK07483,DIAB_NEPHRO_SCREEN,0.026659053583637935,InComm-sourced,True,ablation_v1
MOCK07489,DIAB_NEPHRO_SCREEN,0.022443609928373846,InComm-sourced,True,ablation_v1
MOCK07495,DIAB_NEPHRO_SCREEN,0.03146489488151009,InComm-sourced,True,ablation_v1
MOCK07501,DIAB_NEPHRO_SCREEN,0.04608644980757279,InComm-sourced,True,ablation_v1
MOCK07507,DIAB_NEPHRO_SCREEN,0.02442469964824403,InComm-sourced,True,ablation_v1
MOCK07513,DIAB_NEPHRO_SCREEN,0.03674846857491354,InComm-sourced,True,ablation_v1
MOCK07519,DIAB_NEPHRO_SCREEN,0.03549743089841395,InComm-sourced,True,ablation_v1
MOCK07525,DIAB_NEPHRO_SCREEN,0.05683737898128922,InComm-sourced,True,ablation_v1
MOCK07531,DIAB_NEPHRO_SCREEN,0.05364016065303916,InComm-sourced,True,ablation_v1
MOCK07537,DIAB_NEPHRO_SCREEN,0.03133474582136459,InComm-sourced,True,ablation_v1
MOCK07543,DIAB_NEPHRO_SCREEN,0.026598586288276962,InComm-sourced,True,ablation_v1
MOCK07549,DIAB_NEPHRO_SCREEN,0.02770222618693439,InComm-sourced,True,ablation_v1
MOCK07555,DIAB_NEPHRO_SCREEN,0.04259790474552693,InComm-sourced,True,ablation_v1
MOCK07561,DIAB_NEPHRO_SCREEN,0.03011328407922903,InComm-sourced,True,ablation_v1
MOCK07567,DIAB_NEPHRO_SCREEN,0.024088670084826545,InComm-sourced,True,ablation_v1
MOCK07573,DIAB_NEPHRO_SCREEN,0.04685777917678849,InComm-sourced,True,ablation_v1
MOCK07579,DIAB_NEPHRO_SCREEN,0.03921521397410485,InComm-sourced,True,ablation_v1
MOCK07585,DIAB_NEPHRO_SCREEN,0.037745291645773595,InComm-sourced,True,ablation_v1
MOCK07591,DIAB_NEPHRO_SCREEN,0.024526623166958014,InComm-sourced,True,ablation_v1
MOCK07597,DIAB_NEPHRO_SCREEN,0.026484489956526223,InComm-sourced,True,ablation_v1
MOCK07603,DIAB_NEPHRO_SCREEN,0.04093271399180441,InComm-sourced,True,ablation_v1
MOCK07609,DIAB_NEPHRO_SCREEN,0.014641579496405181,InComm-sourced,True,ablation_v1
MOCK07615,DIAB_NEPHRO_SCREEN,0.02324976263840721,InComm-sourced,True,ablation_v1
MOCK07621,DIAB_NEPHRO_SCREEN,0.022264782607456336,InComm-sourced,True,ablation_v1
MOCK07627,DIAB_NEPHRO_SCREEN,0.042332184754859364,InComm-sourced,True,ablation_v1
MOCK07633,DIAB_NEPHRO_SCREEN,0.0213147569632381,InComm-sourced,True,ablation_v1
MOCK07639,DIAB_NEPHRO_SCREEN,0.029651109298741245,InComm-sourced,True,ablation_v1
MOCK07645,DIAB_NEPHRO_SCREEN,0.03288098307901483,InComm-sourced,True,ablation_v1
MOCK07651,DIAB_NEPHRO_SCREEN,0.043979462759761154,InComm-sourced,True,ablation_v1
MOCK07657,DIAB_NEPHRO_SCREEN,0.029957102165398816,InComm-sourced,True,ablation_v1
MOCK07663,DIAB_NEPHRO_SCREEN,0.030318372411362995,InComm-sourced,True,ablation_v1
MOCK07669,DIAB_NEPHRO_SCREEN,0.04624515282933071,InComm-sourced,True,ablation_v1
MOCK07675,DIAB_NEPHRO_SCREEN,0.02857025974815496,InComm-sourced,True,ablation_v1
MOCK07681,DIAB_NEPHRO_SCREEN,0.030979568904747522,InComm-sourced,True,ablation_v1
MOCK07687,DIAB_NEPHRO_SCREEN,0.028595079394034734,InComm-sourced,True,ablation_v1
MOCK07693,DIAB_NEPHRO_SCREEN,0.029798858025000603,InComm-sourced,True,ablation_v1
MOCK07699,DIAB_NEPHRO_SCREEN,0.03878097215413022,InComm-sourced,True,ablation_v1
MOCK07705,DIAB_NEPHRO_SCREEN,0.018303793213227806,InComm-sourced,True,ablation_v1
MOCK07711,DIAB_NEPHRO_SCREEN,0.029817859740983516,InComm-sourced,True,ablation_v1
MOCK07717,DIAB_NEPHRO_SCREEN,0.024068251233275745,InComm-sourced,True,ablation_v1
MOCK07723,DIAB_NEPHRO_SCREEN,0.017240688783893482,InComm-sourced,True,ablation_v1
MOCK07729,DIAB_NEPHRO_SCREEN,0.08159594101534998,InComm-sourced,True,ablation_v1
MOCK07735,DIAB_NEPHRO_SCREEN,0.030579615979874623,InComm-sourced,True,ablation_v1
MOCK07741,DIAB_NEPHRO_SCREEN,0.04726894928573714,InComm-sourced,True,ablation_v1
MOCK07747,DIAB_NEPHRO_SCREEN,0.021976392412857985,InComm-sourced,True,ablation_v1
MOCK07753,DIAB_NEPHRO_SCREEN,0.045886024655896446,InComm-sourced,True,ablation_v1
MOCK07759,DIAB_NEPHRO_SCREEN,0.02061526363623356,InComm-sourced,True,ablation_v1
MOCK07765,DIAB_NEPHRO_SCREEN,0.05546444682836455,InComm-sourced,True,ablation_v1
MOCK07771,DIAB_NEPHRO_SCREEN,0.04441937702235912,InComm-sourced,True,ablation_v1
MOCK07777,DIAB_NEPHRO_SCREEN,0.0493377678344663,InComm-sourced,True,ablation_v1
MOCK07783,DIAB_NEPHRO_SCREEN,0.037492942123499996,InComm-sourced,True,ablation_v1
MOCK07789,DIAB_NEPHRO_SCREEN,0.04565197308921136,InComm-sourced,True,ablation_v1
MOCK07795,DIAB_NEPHRO_SCREEN,0.04016002488425068,InComm-sourced,True,ablation_v1
MOCK07801,DIAB_NEPHRO_SCREEN,0.03652708016114634,InComm-sourced,True,ablation_v1
MOCK07807,DIAB_NEPHRO_SCREEN,0.028878075695005168,InComm-sourced,True,ablation_v1
MOCK07813,DIAB_NEPHRO_SCREEN,0.033249542919243695,InComm-sourced,True,ablation_v1
MOCK07819,DIAB_NEPHRO_SCREEN,0.04651398162670444,InComm-sourced,True,ablation_v1
MOCK07825,DIAB_NEPHRO_SCREEN,0.026843705984295467,InComm-sourced,True,ablation_v1
MOCK07831,DIAB_NEPHRO_SCREEN,0.03594231966299779,InComm-sourced,True,ablation_v1
MOCK07837,DIAB_NEPHRO_SCREEN,0.09879866743376231,InComm-sourced,True,ablation_v1
MOCK07843,DIAB_NEPHRO_SCREEN,0.04588839822629616,InComm-sourced,True,ablation_v1
MOCK07849,DIAB_NEPHRO_SCREEN,0.04047565119182697,InComm-sourced,True,ablation_v1
MOCK07855,DIAB_NEPHRO_SCREEN,0.039348596298934196,InComm-sourced,True,ablation_v1
MOCK07861,DIAB_NEPHRO_SCREEN,0.026325785514818845,InComm-sourced,True,ablation_v1
MOCK07867,DIAB_NEPHRO_SCREEN,0.03919448164743008,InComm-sourced,True,ablation_v1
MOCK07873,DIAB_NEPHRO_SCREEN,0.0387775620305335,InComm-sourced,True,ablation_v1
MOCK07879,DIAB_NEPHRO_SCREEN,0.1280609729605288,InComm-sourced,True,ablation_v1
MOCK07885,DIAB_NEPHRO_SCREEN,0.013073526700634544,InComm-sourced,True,ablation_v1
MOCK07891,DIAB_NEPHRO_SCREEN,0.08509255697965293,InComm-sourced,True,ablation_v1
MOCK07897,DIAB_NEPHRO_SCREEN,0.020999776668934704,InComm-sourced,True,ablation_v1
MOCK07903,DIAB_NEPHRO_SCREEN,0.04169129271414494,InComm-sourced,True,ablation_v1
MOCK07909,DIAB_NEPHRO_SCREEN,0.05302187337965477,InComm-sourced,True,ablation_v1
MOCK07915,DIAB_NEPHRO_SCREEN,0.020486208519654128,InComm-sourced,True,ablation_v1
MOCK07921,DIAB_NEPHRO_SCREEN,0.05145096460387584,InComm-sourced,True,ablation_v1
MOCK07927,DIAB_NEPHRO_SCREEN,0.03975461370625994,InComm-sourced,True,ablation_v1
MOCK07933,DIAB_NEPHRO_SCREEN,0.039500632655643346,InComm-sourced,True,ablation_v1
MOCK07939,DIAB_NEPHRO_SCREEN,0.024963520735354454,InComm-sourced,True,ablation_v1
MOCK07945,DIAB_NEPHRO_SCREEN,0.03310560115295475,InComm-sourced,True,ablation_v1
MOCK07951,DIAB_NEPHRO_SCREEN,0.03618034538730771,InComm-sourced,True,ablation_v1
MOCK07957,DIAB_NEPHRO_SCREEN,0.03918889961684051,InComm-sourced,True,ablation_v1
MOCK07963,DIAB_NEPHRO_SCREEN,0.019417566554642163,InComm-sourced,True,ablation_v1
MOCK07969,DIAB_NEPHRO_SCREEN,0.03312881647468182,InComm-sourced,True,ablation_v1
MOCK07975,DIAB_NEPHRO_SCREEN,0.05779442031999253,InComm-sourced,True,ablation_v1
MOCK07981,DIAB_NEPHRO_SCREEN,0.02949899231237134,InComm-sourced,True,ablation_v1
MOCK07987,DIAB_NEPHRO_SCREEN,0.06920360474934496,InComm-sourced,True,ablation_v1
MOCK07993,DIAB_NEPHRO_SCREEN,0.02677910159534059,InComm-sourced,True,ablation_v1
MOCK07999,DIAB_NEPHRO_SCREEN,0.04166569493961554,InComm-sourced,True,ablation_v1
MOCK08005,DIAB_NEPHRO_SCREEN,0.027927424550202196,InComm-sourced,True,ablation_v1
MOCK08011,DIAB_NEPHRO_SCREEN,0.026961419525642252,InComm-sourced,True,ablation_v1
MOCK08017,DIAB_NEPHRO_SCREEN,0.032793986334234505,InComm-sourced,True,ablation_v1
MOCK08023,DIAB_NEPHRO_SCREEN,0.062375592598426795,InComm-sourced,True,ablation_v1
MOCK08029,DIAB_NEPHRO_SCREEN,0.043793835433319904,InComm-sourced,True,ablation_v1
MOCK08035,DIAB_NEPHRO_SCREEN,0.024479165477467774,InComm-sourced,True,ablation_v1
MOCK08041,DIAB_NEPHRO_SCREEN,0.026885989202238933,InComm-sourced,True,ablation_v1
MOCK08047,DIAB_NEPHRO_SCREEN,0.056431315353710106,InComm-sourced,True,ablation_v1
MOCK08053,DIAB_NEPHRO_SCREEN,0.037953506953525284,InComm-sourced,True,ablation_v1
MOCK08059,DIAB_NEPHRO_SCREEN,0.05891994300894134,InComm-sourced,True,ablation_v1
MOCK08065,DIAB_NEPHRO_SCREEN,0.03943126232014097,InComm-sourced,True,ablation_v1
MOCK08071,DIAB_NEPHRO_SCREEN,0.027459125075307112,InComm-sourced,True,ablation_v1
MOCK08077,DIAB_NEPHRO_SCREEN,0.0819286224308033,InComm-sourced,True,ablation_v1
MOCK08083,DIAB_NEPHRO_SCREEN,0.02169290670459769,InComm-sourced,True,ablation_v1
MOCK08089,DIAB_NEPHRO_SCREEN,0.05741654458335851,InComm-sourced,True,ablation_v1
MOCK08095,DIAB_NEPHRO_SCREEN,0.049170896872761945,InComm-sourced,True,ablation_v1
MOCK08101,DIAB_NEPHRO_SCREEN,0.03401617493352852,InComm-sourced,True,ablation_v1
MOCK08107,DIAB_NEPHRO_SCREEN,0.02716656944133034,InComm-sourced,True,ablation_v1
MOCK08113,DIAB_NEPHRO_SCREEN,0.1277204734304555,InComm-sourced,True,ablation_v1
MOCK08119,DIAB_NEPHRO_SCREEN,0.037156044742296286,InComm-sourced,True,ablation_v1
MOCK08125,DIAB_NEPHRO_SCREEN,0.04703491761127432,InComm-sourced,True,ablation_v1
MOCK08131,DIAB_NEPHRO_SCREEN,0.048768125029064066,InComm-sourced,True,ablation_v1
MOCK08137,DIAB_NEPHRO_SCREEN,0.01942637949642055,InComm-sourced,True,ablation_v1
MOCK08143,DIAB_NEPHRO_SCREEN,0.03681471781612479,InComm-sourced,True,ablation_v1
MOCK08149,DIAB_NEPHRO_SCREEN,0.0711187263519203,InComm-sourced,True,ablation_v1
MOCK08155,DIAB_NEPHRO_SCREEN,0.017379543111692163,InComm-sourced,True,ablation_v1
MOCK08161,DIAB_NEPHRO_SCREEN,0.013862410587737645,InComm-sourced,True,ablation_v1
MOCK08167,DIAB_NEPHRO_SCREEN,0.020652406964441507,InComm-sourced,True,ablation_v1
MOCK08173,DIAB_NEPHRO_SCREEN,0.02375079327465044,InComm-sourced,True,ablation_v1
MOCK08179,DIAB_NEPHRO_SCREEN,0.038284043627608864,InComm-sourced,True,ablation_v1
MOCK08185,DIAB_NEPHRO_SCREEN,0.03918785067807593,InComm-sourced,True,ablation_v1
MOCK08191,DIAB_NEPHRO_SCREEN,0.03307143491051498,InComm-sourced,True,ablation_v1
MOCK08197,DIAB_NEPHRO_SCREEN,0.03722268243602824,InComm-sourced,True,ablation_v1
MOCK08203,DIAB_NEPHRO_SCREEN,0.040512583659003794,InComm-sourced,True,ablation_v1
MOCK08209,DIAB_NEPHRO_SCREEN,0.04271936065121985,InComm-sourced,True,ablation_v1
MOCK08215,DIAB_NEPHRO_SCREEN,0.014088446641732841,InComm-sourced,True,ablation_v1
MOCK08221,DIAB_NEPHRO_SCREEN,0.05769014101018191,InComm-sourced,True,ablation_v1
MOCK08227,DIAB_NEPHRO_SCREEN,0.030654163823065825,InComm-sourced,True,ablation_v1
MOCK08233,DIAB_NEPHRO_SCREEN,0.04879844848647177,InComm-sourced,True,ablation_v1
MOCK08239,DIAB_NEPHRO_SCREEN,0.03134009291836916,InComm-sourced,True,ablation_v1
MOCK08245,DIAB_NEPHRO_SCREEN,0.031275865213574415,InComm-sourced,True,ablation_v1
MOCK08251,DIAB_NEPHRO_SCREEN,0.024182648584693118,InComm-sourced,True,ablation_v1
MOCK08257,DIAB_NEPHRO_SCREEN,0.01923518970058519,InComm-sourced,True,ablation_v1
MOCK08263,DIAB_NEPHRO_SCREEN,0.0964493841849772,InComm-sourced,True,ablation_v1
MOCK08269,DIAB_NEPHRO_SCREEN,0.03298466860282795,InComm-sourced,True,ablation_v1
MOCK08275,DIAB_NEPHRO_SCREEN,0.02199868770305014,InComm-sourced,True,ablation_v1
MOCK08281,DIAB_NEPHRO_SCREEN,0.026943338748616236,InComm-sourced,True,ablation_v1
MOCK08287,DIAB_NEPHRO_SCREEN,0.03207294557706646,InComm-sourced,True,ablation_v1
MOCK08293,DIAB_NEPHRO_SCREEN,0.02838263844874341,InComm-sourced,True,ablation_v1
MOCK08299,DIAB_NEPHRO_SCREEN,0.022254010265353345,InComm-sourced,True,ablation_v1
MOCK08305,DIAB_NEPHRO_SCREEN,0.025422683291144905,InComm-sourced,True,ablation_v1
MOCK08311,DIAB_NEPHRO_SCREEN,0.037706573712725275,InComm-sourced,True,ablation_v1
MOCK08317,DIAB_NEPHRO_SCREEN,0.042782215517656985,InComm-sourced,True,ablation_v1
MOCK08323,DIAB_NEPHRO_SCREEN,0.027192746352260693,InComm-sourced,True,ablation_v1
MOCK08329,DIAB_NEPHRO_SCREEN,0.07074379934521585,InComm-sourced,True,ablation_v1
MOCK08335,DIAB_NEPHRO_SCREEN,0.042652726581174166,InComm-sourced,True,ablation_v1
MOCK08341,DIAB_NEPHRO_SCREEN,0.03481553950329149,InComm-sourced,True,ablation_v1
MOCK08347,DIAB_NEPHRO_SCREEN,0.025369853719909415,InComm-sourced,True,ablation_v1
MOCK08353,DIAB_NEPHRO_SCREEN,0.022948475324639332,InComm-sourced,True,ablation_v1
MOCK08359,DIAB_NEPHRO_SCREEN,0.0612834308616158,InComm-sourced,True,ablation_v1
MOCK08365,DIAB_NEPHRO_SCREEN,0.020705758012756616,InComm-sourced,True,ablation_v1
MOCK08371,DIAB_NEPHRO_SCREEN,0.017635896278853213,InComm-sourced,True,ablation_v1
MOCK08377,DIAB_NEPHRO_SCREEN,0.03739483458303343,InComm-sourced,True,ablation_v1
MOCK08383,DIAB_NEPHRO_SCREEN,0.04097933704201705,InComm-sourced,True,ablation_v1
MOCK08389,DIAB_NEPHRO_SCREEN,0.028800902506776773,InComm-sourced,True,ablation_v1
MOCK08395,DIAB_NEPHRO_SCREEN,0.019069256259380423,InComm-sourced,True,ablation_v1
MOCK08401,DIAB_NEPHRO_SCREEN,0.04737811135511147,InComm-sourced,True,ablation_v1
MOCK08407,DIAB_NEPHRO_SCREEN,0.01833927358306778,InComm-sourced,True,ablation_v1
MOCK08413,DIAB_NEPHRO_SCREEN,0.04802458105801508,InComm-sourced,True,ablation_v1
MOCK08419,DIAB_NEPHRO_SCREEN,0.030537155787000475,InComm-sourced,True,ablation_v1
MOCK08425,DIAB_NEPHRO_SCREEN,0.032531005758110146,InComm-sourced,True,ablation_v1
MOCK08431,DIAB_NEPHRO_SCREEN,0.05016676386380583,InComm-sourced,True,ablation_v1
MOCK08437,DIAB_NEPHRO_SCREEN,0.0500003510664248,InComm-sourced,True,ablation_v1
MOCK08443,DIAB_NEPHRO_SCREEN,0.04679768244092028,InComm-sourced,True,ablation_v1
MOCK08449,DIAB_NEPHRO_SCREEN,0.023444893714590503,InComm-sourced,True,ablation_v1
MOCK08455,DIAB_NEPHRO_SCREEN,0.024808540419805125,InComm-sourced,True,ablation_v1
MOCK08461,DIAB_NEPHRO_SCREEN,0.03603945495080661,InComm-sourced,True,ablation_v1
MOCK08467,DIAB_NEPHRO_SCREEN,0.06869300620194409,InComm-sourced,True,ablation_v1
MOCK08473,DIAB_NEPHRO_SCREEN,0.02960698299274578,InComm-sourced,True,ablation_v1
MOCK08479,DIAB_NEPHRO_SCREEN,0.05919485668369649,InComm-sourced,True,ablation_v1
MOCK08485,DIAB_NEPHRO_SCREEN,0.025764344107639527,InComm-sourced,True,ablation_v1
MOCK08491,DIAB_NEPHRO_SCREEN,0.03177603875692092,InComm-sourced,True,ablation_v1
MOCK08497,DIAB_NEPHRO_SCREEN,0.034354742762433846,InComm-sourced,True,ablation_v1
MOCK08503,DIAB_NEPHRO_SCREEN,0.026719502986872253,InComm-sourced,True,ablation_v1
MOCK08509,DIAB_NEPHRO_SCREEN,0.0715327696055414,InComm-sourced,True,ablation_v1
MOCK08515,DIAB_NEPHRO_SCREEN,0.018075794089928703,InComm-sourced,True,ablation_v1
MOCK08521,DIAB_NEPHRO_SCREEN,0.05928952055803357,InComm-sourced,True,ablation_v1
MOCK08527,DIAB_NEPHRO_SCREEN,0.03745438099776605,InComm-sourced,True,ablation_v1
MOCK08533,DIAB_NEPHRO_SCREEN,0.023730293773642712,InComm-sourced,True,ablation_v1
MOCK08539,DIAB_NEPHRO_SCREEN,0.04268484305979777,InComm-sourced,True,ablation_v1
MOCK08545,DIAB_NEPHRO_SCREEN,0.023191784093976552,InComm-sourced,True,ablation_v1
MOCK08551,DIAB_NEPHRO_SCREEN,0.0720219212262606,InComm-sourced,True,ablation_v1
MOCK08557,DIAB_NEPHRO_SCREEN,0.036952144082697994,InComm-sourced,True,ablation_v1
MOCK08563,DIAB_NEPHRO_SCREEN,0.04649156794605693,InComm-sourced,True,ablation_v1
MOCK08569,DIAB_NEPHRO_SCREEN,0.0395765355028978,InComm-sourced,True,ablation_v1
MOCK08575,DIAB_NEPHRO_SCREEN,0.03850194057412739,InComm-sourced,True,ablation_v1
MOCK08581,DIAB_NEPHRO_SCREEN,0.03943701380502772,InComm-sourced,True,ablation_v1
MOCK08587,DIAB_NEPHRO_SCREEN,0.04595280993807493,InComm-sourced,True,ablation_v1
MOCK08593,DIAB_NEPHRO_SCREEN,0.024140104063741646,InComm-sourced,True,ablation_v1
MOCK08599,DIAB_NEPHRO_SCREEN,0.0658042859852159,InComm-sourced,True,ablation_v1
MOCK08605,DIAB_NEPHRO_SCREEN,0.029437013326855298,InComm-sourced,True,ablation_v1
MOCK08611,DIAB_NEPHRO_SCREEN,0.04371973037100173,InComm-sourced,True,ablation_v1
MOCK08617,DIAB_NEPHRO_SCREEN,0.036962504948332434,InComm-sourced,True,ablation_v1
MOCK08623,DIAB_NEPHRO_SCREEN,0.024389180993037482,InComm-sourced,True,ablation_v1
MOCK08629,DIAB_NEPHRO_SCREEN,0.031163678305480672,InComm-sourced,True,ablation_v1
MOCK08635,DIAB_NEPHRO_SCREEN,0.03209452737809824,InComm-sourced,True,ablation_v1
MOCK08641,DIAB_NEPHRO_SCREEN,0.01863649894182807,InComm-sourced,True,ablation_v1
MOCK08647,DIAB_NEPHRO_SCREEN,0.04522982104370627,InComm-sourced,True,ablation_v1
MOCK08653,DIAB_NEPHRO_SCREEN,0.023416983880110095,InComm-sourced,True,ablation_v1
MOCK08659,DIAB_NEPHRO_SCREEN,0.04066882946947808,InComm-sourced,True,ablation_v1
MOCK08665,DIAB_NEPHRO_SCREEN,0.04468614681887056,InComm-sourced,True,ablation_v1
MOCK08671,DIAB_NEPHRO_SCREEN,0.029217582294928216,InComm-sourced,True,ablation_v1
MOCK08677,DIAB_NEPHRO_SCREEN,0.026496521079499506,InComm-sourced,True,ablation_v1
MOCK08683,DIAB_NEPHRO_SCREEN,0.024352099351186342,InComm-sourced,True,ablation_v1
MOCK08689,DIAB_NEPHRO_SCREEN,0.03932881624630622,InComm-sourced,True,ablation_v1
MOCK08695,DIAB_NEPHRO_SCREEN,0.04067739189462853,InComm-sourced,True,ablation_v1
MOCK08701,DIAB_NEPHRO_SCREEN,0.07824564092105603,InComm-sourced,True,ablation_v1
MOCK08707,DIAB_NEPHRO_SCREEN,0.03443924887443303,InComm-sourced,True,ablation_v1
MOCK08713,DIAB_NEPHRO_SCREEN,0.035228899986446495,InComm-sourced,True,ablation_v1
MOCK08719,DIAB_NEPHRO_SCREEN,0.0531917648157524,InComm-sourced,True,ablation_v1
MOCK08725,DIAB_NEPHRO_SCREEN,0.07271137399684617,InComm-sourced,True,ablation_v1
MOCK08731,DIAB_NEPHRO_SCREEN,0.04114936233668968,InComm-sourced,True,ablation_v1
MOCK08737,DIAB_NEPHRO_SCREEN,0.036994773313764384,InComm-sourced,True,ablation_v1
MOCK08743,DIAB_NEPHRO_SCREEN,0.041041715278804854,InComm-sourced,True,ablation_v1
MOCK08749,DIAB_NEPHRO_SCREEN,0.021080537080020622,InComm-sourced,True,ablation_v1
MOCK08755,DIAB_NEPHRO_SCREEN,0.025915419572934827,InComm-sourced,True,ablation_v1
MOCK08761,DIAB_NEPHRO_SCREEN,0.028617889739504444,InComm-sourced,True,ablation_v1
MOCK08767,DIAB_NEPHRO_SCREEN,0.023866646073722884,InComm-sourced,True,ablation_v1
MOCK08773,DIAB_NEPHRO_SCREEN,0.060031032576797705,InComm-sourced,True,ablation_v1
MOCK08779,DIAB_NEPHRO_SCREEN,0.023679237322058278,InComm-sourced,True,ablation_v1
MOCK08785,DIAB_NEPHRO_SCREEN,0.04605343688411444,InComm-sourced,True,ablation_v1
MOCK08791,DIAB_NEPHRO_SCREEN,0.03252507363471678,InComm-sourced,True,ablation_v1
MOCK08797,DIAB_NEPHRO_SCREEN,0.023426038217961326,InComm-sourced,True,ablation_v1
MOCK08803,DIAB_NEPHRO_SCREEN,0.03762026332649633,InComm-sourced,True,ablation_v1
MOCK08809,DIAB_NEPHRO_SCREEN,0.0589007896631396,InComm-sourced,True,ablation_v1
MOCK08815,DIAB_NEPHRO_SCREEN,0.017872776479776194,InComm-sourced,True,ablation_v1
MOCK08821,DIAB_NEPHRO_SCREEN,0.024359759743762054,InComm-sourced,True,ablation_v1
MOCK08827,DIAB_NEPHRO_SCREEN,0.027407481710317174,InComm-sourced,True,ablation_v1
MOCK08833,DIAB_NEPHRO_SCREEN,0.0347530120675968,InComm-sourced,True,ablation_v1
MOCK08839,DIAB_NEPHRO_SCREEN,0.030541891923114985,InComm-sourced,True,ablation_v1
MOCK08845,DIAB_NEPHRO_SCREEN,0.018880369652529268,InComm-sourced,True,ablation_v1
MOCK08851,DIAB_NEPHRO_SCREEN,0.0333545547819895,InComm-sourced,True,ablation_v1
MOCK08857,DIAB_NEPHRO_SCREEN,0.04032798285295783,InComm-sourced,True,ablation_v1
MOCK08863,DIAB_NEPHRO_SCREEN,0.06487264884849703,InComm-sourced,True,ablation_v1
MOCK08869,DIAB_NEPHRO_SCREEN,0.028259573706673202,InComm-sourced,True,ablation_v1
MOCK08875,DIAB_NEPHRO_SCREEN,0.029644993027735947,InComm-sourced,True,ablation_v1
MOCK08881,DIAB_NEPHRO_SCREEN,0.03026027817392886,InComm-sourced,True,ablation_v1
MOCK08887,DIAB_NEPHRO_SCREEN,0.03750097905713652,InComm-sourced,True,ablation_v1
MOCK08893,DIAB_NEPHRO_SCREEN,0.04847778270192437,InComm-sourced,True,ablation_v1
MOCK08899,DIAB_NEPHRO_SCREEN,0.04366203772733322,InComm-sourced,True,ablation_v1
MOCK08905,DIAB_NEPHRO_SCREEN,0.02178361860375758,InComm-sourced,True,ablation_v1
MOCK08911,DIAB_NEPHRO_SCREEN,0.02757571332625174,InComm-sourced,True,ablation_v1
MOCK08917,DIAB_NEPHRO_SCREEN,0.046105227355748034,InComm-sourced,True,ablation_v1
MOCK08923,DIAB_NEPHRO_SCREEN,0.036590681294153396,InComm-sourced,True,ablation_v1
MOCK08929,DIAB_NEPHRO_SCREEN,0.04677784285692282,InComm-sourced,True,ablation_v1
MOCK08935,DIAB_NEPHRO_SCREEN,0.0306038009611248,InComm-sourced,True,ablation_v1
MOCK08941,DIAB_NEPHRO_SCREEN,0.01878372689897462,InComm-sourced,True,ablation_v1
MOCK08947,DIAB_NEPHRO_SCREEN,0.035799384583297456,InComm-sourced,True,ablation_v1
MOCK08953,DIAB_NEPHRO_SCREEN,0.06483734198637221,InComm-sourced,True,ablation_v1
MOCK08959,DIAB_NEPHRO_SCREEN,0.02285587909450235,InComm-sourced,True,ablation_v1
MOCK08965,DIAB_NEPHRO_SCREEN,0.04743805018962979,InComm-sourced,True,ablation_v1
MOCK08971,DIAB_NEPHRO_SCREEN,0.06832733527424203,InComm-sourced,True,ablation_v1
MOCK08977,DIAB_NEPHRO_SCREEN,0.0338985503757754,InComm-sourced,True,ablation_v1
MOCK08983,DIAB_NEPHRO_SCREEN,0.021082526444435746,InComm-sourced,True,ablation_v1
MOCK08989,DIAB_NEPHRO_SCREEN,0.030055026649894626,InComm-sourced,True,ablation_v1
MOCK08995,DIAB_NEPHRO_SCREEN,0.0391771445211708,InComm-sourced,True,ablation_v1
MOCK09001,DIAB_NEPHRO_SCREEN,0.04123780068188649,InComm-sourced,True,ablation_v1
MOCK09007,DIAB_NEPHRO_SCREEN,0.034072000989202114,InComm-sourced,True,ablation_v1
MOCK09013,DIAB_NEPHRO_SCREEN,0.04174506206010935,InComm-sourced,True,ablation_v1
MOCK09019,DIAB_NEPHRO_SCREEN,0.02499136729560216,InComm-sourced,True,ablation_v1
MOCK09025,DIAB_NEPHRO_SCREEN,0.04099825894576526,InComm-sourced,True,ablation_v1
MOCK09031,DIAB_NEPHRO_SCREEN,0.05029519668814824,InComm-sourced,True,ablation_v1
MOCK09037,DIAB_NEPHRO_SCREEN,0.066558686814648,InComm-sourced,True,ablation_v1
MOCK09043,DIAB_NEPHRO_SCREEN,0.0316607469319837,InComm-sourced,True,ablation_v1
MOCK09049,DIAB_NEPHRO_SCREEN,0.02700090350630897,InComm-sourced,True,ablation_v1
MOCK09055,DIAB_NEPHRO_SCREEN,0.0357246796557954,InComm-sourced,True,ablation_v1
MOCK09061,DIAB_NEPHRO_SCREEN,0.02130157881128764,InComm-sourced,True,ablation_v1
MOCK09067,DIAB_NEPHRO_SCREEN,0.07403592021485568,InComm-sourced,True,ablation_v1
MOCK09073,DIAB_NEPHRO_SCREEN,0.06892739673846515,InComm-sourced,True,ablation_v1
MOCK09079,DIAB_NEPHRO_SCREEN,0.03159342058384421,InComm-sourced,True,ablation_v1
MOCK09085,DIAB_NEPHRO_SCREEN,0.0749069377819824,InComm-sourced,True,ablation_v1
MOCK09091,DIAB_NEPHRO_SCREEN,0.02359292580821516,InComm-sourced,True,ablation_v1
MOCK09097,DIAB_NEPHRO_SCREEN,0.09099211077157138,InComm-sourced,True,ablation_v1
MOCK09103,DIAB_NEPHRO_SCREEN,0.030446240763299527,InComm-sourced,True,ablation_v1
MOCK09109,DIAB_NEPHRO_SCREEN,0.03806408511552603,InComm-sourced,True,ablation_v1
MOCK09115,DIAB_NEPHRO_SCREEN,0.026636553517564266,InComm-sourced,True,ablation_v1
MOCK09121,DIAB_NEPHRO_SCREEN,0.02223955980782537,InComm-sourced,True,ablation_v1
MOCK09127,DIAB_NEPHRO_SCREEN,0.030134885928994107,InComm-sourced,True,ablation_v1
MOCK09133,DIAB_NEPHRO_SCREEN,0.04994682013648,InComm-sourced,True,ablation_v1
MOCK09139,DIAB_NEPHRO_SCREEN,0.027316657926835484,InComm-sourced,True,ablation_v1
MOCK09145,DIAB_NEPHRO_SCREEN,0.019471690893813072,InComm-sourced,True,ablation_v1
MOCK09151,DIAB_NEPHRO_SCREEN,0.04349264097275854,InComm-sourced,True,ablation_v1
MOCK09157,DIAB_NEPHRO_SCREEN,0.021950613622993602,InComm-sourced,True,ablation_v1
MOCK09163,DIAB_NEPHRO_SCREEN,0.022970937953568096,InComm-sourced,True,ablation_v1
MOCK09169,DIAB_NEPHRO_SCREEN,0.03504071765401062,InComm-sourced,True,ablation_v1
MOCK09175,DIAB_NEPHRO_SCREEN,0.04083191817872384,InComm-sourced,True,ablation_v1
MOCK09181,DIAB_NEPHRO_SCREEN,0.03142754957319809,InComm-sourced,True,ablation_v1
MOCK09187,DIAB_NEPHRO_SCREEN,0.02435343878740046,InComm-sourced,True,ablation_v1
MOCK09193,DIAB_NEPHRO_SCREEN,0.04888913013170059,InComm-sourced,True,ablation_v1
MOCK09199,DIAB_NEPHRO_SCREEN,0.027198502106363105,InComm-sourced,True,ablation_v1
MOCK09205,DIAB_NEPHRO_SCREEN,0.017817611478824245,InComm-sourced,True,ablation_v1
MOCK09211,DIAB_NEPHRO_SCREEN,0.022272884870262993,InComm-sourced,True,ablation_v1
MOCK09217,DIAB_NEPHRO_SCREEN,0.034133453445022006,InComm-sourced,True,ablation_v1
MOCK09223,DIAB_NEPHRO_SCREEN,0.03184126044570783,InComm-sourced,True,ablation_v1
MOCK09229,DIAB_NEPHRO_SCREEN,0.022801691394989106,InComm-sourced,True,ablation_v1
MOCK09235,DIAB_NEPHRO_SCREEN,0.015720697964717638,InComm-sourced,True,ablation_v1
MOCK09241,DIAB_NEPHRO_SCREEN,0.024552955314608896,InComm-sourced,True,ablation_v1
MOCK09247,DIAB_NEPHRO_SCREEN,0.041938055593863606,InComm-sourced,True,ablation_v1
MOCK09253,DIAB_NEPHRO_SCREEN,0.024984899997105223,InComm-sourced,True,ablation_v1
MOCK09259,DIAB_NEPHRO_SCREEN,0.05617204393585438,InComm-sourced,True,ablation_v1
MOCK09265,DIAB_NEPHRO_SCREEN,0.02761239604620842,InComm-sourced,True,ablation_v1
MOCK09271,DIAB_NEPHRO_SCREEN,0.024752522479746516,InComm-sourced,True,ablation_v1
MOCK09277,DIAB_NEPHRO_SCREEN,0.042153910871213444,InComm-sourced,True,ablation_v1
MOCK09283,DIAB_NEPHRO_SCREEN,0.03412255344313254,InComm-sourced,True,ablation_v1
MOCK09289,DIAB_NEPHRO_SCREEN,0.07096502862993354,InComm-sourced,True,ablation_v1
MOCK09295,DIAB_NEPHRO_SCREEN,0.023401337260081527,InComm-sourced,True,ablation_v1
MOCK09301,DIAB_NEPHRO_SCREEN,0.047100814049873034,InComm-sourced,True,ablation_v1
MOCK09307,DIAB_NEPHRO_SCREEN,0.02966827741618706,InComm-sourced,True,ablation_v1
MOCK09313,DIAB_NEPHRO_SCREEN,0.02414526305669807,InComm-sourced,True,ablation_v1
MOCK09319,DIAB_NEPHRO_SCREEN,0.027341475979695887,InComm-sourced,True,ablation_v1
MOCK09325,DIAB_NEPHRO_SCREEN,0.01929422500166327,InComm-sourced,True,ablation_v1
MOCK09331,DIAB_NEPHRO_SCREEN,0.0216782925068534,InComm-sourced,True,ablation_v1
MOCK09337,DIAB_NEPHRO_SCREEN,0.016897535561021033,InComm-sourced,True,ablation_v1
MOCK09343,DIAB_NEPHRO_SCREEN,0.03420540840730867,InComm-sourced,True,ablation_v1
MOCK09349,DIAB_NEPHRO_SCREEN,0.021377316675624494,InComm-sourced,True,ablation_v1
MOCK09355,DIAB_NEPHRO_SCREEN,0.014383164478458986,InComm-sourced,True,ablation_v1
MOCK09361,DIAB_NEPHRO_SCREEN,0.02344765990434021,InComm-sourced,True,ablation_v1
MOCK09367,DIAB_NEPHRO_SCREEN,0.02788369563284875,InComm-sourced,True,ablation_v1
MOCK09373,DIAB_NEPHRO_SCREEN,0.07230541407898433,InComm-sourced,True,ablation_v1
MOCK09379,DIAB_NEPHRO_SCREEN,0.02530834431584552,InComm-sourced,True,ablation_v1
MOCK09385,DIAB_NEPHRO_SCREEN,0.01939000232180842,InComm-sourced,True,ablation_v1
MOCK09391,DIAB_NEPHRO_SCREEN,0.03658820081725166,InComm-sourced,True,ablation_v1
MOCK09397,DIAB_NEPHRO_SCREEN,0.025158265537267147,InComm-sourced,True,ablation_v1
MOCK09403,DIAB_NEPHRO_SCREEN,0.030515903524127204,InComm-sourced,True,ablation_v1
MOCK09409,DIAB_NEPHRO_SCREEN,0.060344463518824144,InComm-sourced,True,ablation_v1
MOCK09415,DIAB_NEPHRO_SCREEN,0.024386621427956095,InComm-sourced,True,ablation_v1
MOCK09421,DIAB_NEPHRO_SCREEN,0.03278714961184436,InComm-sourced,True,ablation_v1
MOCK09427,DIAB_NEPHRO_SCREEN,0.0492893576370863,InComm-sourced,True,ablation_v1
MOCK09433,DIAB_NEPHRO_SCREEN,0.027293908088703824,InComm-sourced,True,ablation_v1
MOCK09439,DIAB_NEPHRO_SCREEN,0.04794984665201689,InComm-sourced,True,ablation_v1
MOCK09445,DIAB_NEPHRO_SCREEN,0.025375953818285946,InComm-sourced,True,ablation_v1
MOCK09451,DIAB_NEPHRO_SCREEN,0.03651143690894969,InComm-sourced,True,ablation_v1
MOCK09457,DIAB_NEPHRO_SCREEN,0.02923245663296939,InComm-sourced,True,ablation_v1
MOCK09463,DIAB_NEPHRO_SCREEN,0.04358237934149236,InComm-sourced,True,ablation_v1
MOCK09469,DIAB_NEPHRO_SCREEN,0.02332741655948985,InComm-sourced,True,ablation_v1
MOCK09475,DIAB_NEPHRO_SCREEN,0.03242149426164705,InComm-sourced,True,ablation_v1
MOCK09481,DIAB_NEPHRO_SCREEN,0.04399515284803812,InComm-sourced,True,ablation_v1
MOCK09487,DIAB_NEPHRO_SCREEN,0.03646455281928273,InComm-sourced,True,ablation_v1
MOCK09493,DIAB_NEPHRO_SCREEN,0.030378181967128656,InComm-sourced,True,ablation_v1
MOCK09499,DIAB_NEPHRO_SCREEN,0.04053784430384823,InComm-sourced,True,ablation_v1
MOCK09505,DIAB_NEPHRO_SCREEN,0.024236441485550524,InComm-sourced,True,ablation_v1
MOCK09511,DIAB_NEPHRO_SCREEN,0.0270546489791943,InComm-sourced,True,ablation_v1
MOCK09517,DIAB_NEPHRO_SCREEN,0.03561148630104941,InComm-sourced,True,ablation_v1
MOCK09523,DIAB_NEPHRO_SCREEN,0.029950037284496436,InComm-sourced,True,ablation_v1
MOCK09529,DIAB_NEPHRO_SCREEN,0.03361201658676888,InComm-sourced,True,ablation_v1
MOCK09535,DIAB_NEPHRO_SCREEN,0.030641888611174575,InComm-sourced,True,ablation_v1
MOCK09541,DIAB_NEPHRO_SCREEN,0.026400502111536137,InComm-sourced,True,ablation_v1
MOCK09547,DIAB_NEPHRO_SCREEN,0.03644566135157729,InComm-sourced,True,ablation_v1
MOCK09553,DIAB_NEPHRO_SCREEN,0.023325727844523404,InComm-sourced,True,ablation_v1
MOCK09559,DIAB_NEPHRO_SCREEN,0.026486186493973947,InComm-sourced,True,ablation_v1
MOCK09565,DIAB_NEPHRO_SCREEN,0.023067005552119286,InComm-sourced,True,ablation_v1
MOCK09571,DIAB_NEPHRO_SCREEN,0.03287965410986485,InComm-sourced,True,ablation_v1
MOCK09577,DIAB_NEPHRO_SCREEN,0.029911388806124192,InComm-sourced,True,ablation_v1
MOCK09583,DIAB_NEPHRO_SCREEN,0.03699445915943746,InComm-sourced,True,ablation_v1
MOCK09589,DIAB_NEPHRO_SCREEN,0.07005733234801627,InComm-sourced,True,ablation_v1
MOCK09595,DIAB_NEPHRO_SCREEN,0.02203640255050375,InComm-sourced,True,ablation_v1
MOCK09601,DIAB_NEPHRO_SCREEN,0.021699855327552555,InComm-sourced,True,ablation_v1
MOCK09607,DIAB_NEPHRO_SCREEN,0.03200579535066102,InComm-sourced,True,ablation_v1
MOCK09613,DIAB_NEPHRO_SCREEN,0.042419237150316626,InComm-sourced,True,ablation_v1
MOCK09619,DIAB_NEPHRO_SCREEN,0.03428033576471244,InComm-sourced,True,ablation_v1
MOCK09625,DIAB_NEPHRO_SCREEN,0.03239415020270131,InComm-sourced,True,ablation_v1
MOCK09631,DIAB_NEPHRO_SCREEN,0.05973634992403568,InComm-sourced,True,ablation_v1
MOCK09637,DIAB_NEPHRO_SCREEN,0.04007032628506715,InComm-sourced,True,ablation_v1
MOCK09643,DIAB_NEPHRO_SCREEN,0.039193862086808744,InComm-sourced,True,ablation_v1
MOCK09649,DIAB_NEPHRO_SCREEN,0.0321353223675248,InComm-sourced,True,ablation_v1
MOCK09655,DIAB_NEPHRO_SCREEN,0.015727976176521663,InComm-sourced,True,ablation_v1
MOCK09661,DIAB_NEPHRO_SCREEN,0.022465194490491145,InComm-sourced,True,ablation_v1
MOCK09667,DIAB_NEPHRO_SCREEN,0.021227444760080788,InComm-sourced,True,ablation_v1
MOCK09673,DIAB_NEPHRO_SCREEN,0.046508502511602545,InComm-sourced,True,ablation_v1
MOCK09679,DIAB_NEPHRO_SCREEN,0.02941887682182967,InComm-sourced,True,ablation_v1
MOCK09685,DIAB_NEPHRO_SCREEN,0.024894064730528707,InComm-sourced,True,ablation_v1
MOCK09691,DIAB_NEPHRO_SCREEN,0.018794175044136975,InComm-sourced,True,ablation_v1
MOCK09697,DIAB_NEPHRO_SCREEN,0.03135074974602378,InComm-sourced,True,ablation_v1
MOCK09703,DIAB_NEPHRO_SCREEN,0.03251227653056952,InComm-sourced,True,ablation_v1
MOCK09709,DIAB_NEPHRO_SCREEN,0.027917768323612827,InComm-sourced,True,ablation_v1
MOCK09715,DIAB_NEPHRO_SCREEN,0.027062085190330716,InComm-sourced,True,ablation_v1
MOCK09721,DIAB_NEPHRO_SCREEN,0.07655053854931025,InComm-sourced,True,ablation_v1
MOCK09727,DIAB_NEPHRO_SCREEN,0.02509341900836793,InComm-sourced,True,ablation_v1
MOCK09733,DIAB_NEPHRO_SCREEN,0.04886835425313686,InComm-sourced,True,ablation_v1
MOCK09739,DIAB_NEPHRO_SCREEN,0.035560898423089946,InComm-sourced,True,ablation_v1
MOCK09745,DIAB_NEPHRO_SCREEN,0.036221831312201996,InComm-sourced,True,ablation_v1
MOCK09751,DIAB_NEPHRO_SCREEN,0.02344112515262461,InComm-sourced,True,ablation_v1
MOCK09757,DIAB_NEPHRO_SCREEN,0.027179657482318313,InComm-sourced,True,ablation_v1
MOCK09763,DIAB_NEPHRO_SCREEN,0.04007677515317247,InComm-sourced,True,ablation_v1
MOCK09769,DIAB_NEPHRO_SCREEN,0.0452860865796097,InComm-sourced,True,ablation_v1
MOCK09775,DIAB_NEPHRO_SCREEN,0.03095673576454978,InComm-sourced,True,ablation_v1
MOCK09781,DIAB_NEPHRO_SCREEN,0.02627591960858559,InComm-sourced,True,ablation_v1
MOCK09787,DIAB_NEPHRO_SCREEN,0.039079881329847785,InComm-sourced,True,ablation_v1
MOCK09793,DIAB_NEPHRO_SCREEN,0.052048427113615216,InComm-sourced,True,ablation_v1
MOCK09799,DIAB_NEPHRO_SCREEN,0.03618371050001233,InComm-sourced,True,ablation_v1
MOCK09805,DIAB_NEPHRO_SCREEN,0.028924011323650366,InComm-sourced,True,ablation_v1
MOCK09811,DIAB_NEPHRO_SCREEN,0.03310173235768095,InComm-sourced,True,ablation_v1
MOCK09817,DIAB_NEPHRO_SCREEN,0.018178974005544975,InComm-sourced,True,ablation_v1
MOCK09823,DIAB_NEPHRO_SCREEN,0.05795770560328882,InComm-sourced,True,ablation_v1
MOCK09829,DIAB_NEPHRO_SCREEN,0.035788889771334105,InComm-sourced,True,ablation_v1
MOCK09835,DIAB_NEPHRO_SCREEN,0.02839357262668699,InComm-sourced,True,ablation_v1
MOCK09841,DIAB_NEPHRO_SCREEN,0.0286297465533057,InComm-sourced,True,ablation_v1
MOCK09847,DIAB_NEPHRO_SCREEN,0.03273156465703531,InComm-sourced,True,ablation_v1
MOCK09853,DIAB_NEPHRO_SCREEN,0.03281914081454505,InComm-sourced,True,ablation_v1
MOCK09859,DIAB_NEPHRO_SCREEN,0.06511956614727396,InComm-sourced,True,ablation_v1
MOCK09865,DIAB_NEPHRO_SCREEN,0.0375001990395333,InComm-sourced,True,ablation_v1
MOCK09871,DIAB_NEPHRO_SCREEN,0.020870814832564543,InComm-sourced,True,ablation_v1
MOCK09877,DIAB_NEPHRO_SCREEN,0.04385504199639981,InComm-sourced,True,ablation_v1
MOCK09883,DIAB_NEPHRO_SCREEN,0.030450076104358723,InComm-sourced,True,ablation_v1
MOCK09889,DIAB_NEPHRO_SCREEN,0.03299601378788633,InComm-sourced,True,ablation_v1
MOCK09895,DIAB_NEPHRO_SCREEN,0.04637340930860836,InComm-sourced,True,ablation_v1
MOCK09901,DIAB_NEPHRO_SCREEN,0.019769936818390357,InComm-sourced,True,ablation_v1
MOCK09907,DIAB_NEPHRO_SCREEN,0.03267657856487849,InComm-sourced,True,ablation_v1
MOCK09913,DIAB_NEPHRO_SCREEN,0.034921430335420375,InComm-sourced,True,ablation_v1
MOCK09919,DIAB_NEPHRO_SCREEN,0.0816173725434207,InComm-sourced,True,ablation_v1
MOCK09925,DIAB_NEPHRO_SCREEN,0.038030937297730376,InComm-sourced,True,ablation_v1
MOCK09931,DIAB_NEPHRO_SCREEN,0.019290733058564387,InComm-sourced,True,ablation_v1
MOCK09937,DIAB_NEPHRO_SCREEN,0.03078142901457528,InComm-sourced,True,ablation_v1
MOCK09943,DIAB_NEPHRO_SCREEN,0.029034882622050937,InComm-sourced,True,ablation_v1
MOCK09949,DIAB_NEPHRO_SCREEN,0.020869034967638665,InComm-sourced,True,ablation_v1
MOCK09955,DIAB_NEPHRO_SCREEN,0.05214441886526486,InComm-sourced,True,ablation_v1
MOCK09961,DIAB_NEPHRO_SCREEN,0.03467782585578408,InComm-sourced,True,ablation_v1
MOCK09967,DIAB_NEPHRO_SCREEN,0.024134628574097962,InComm-sourced,True,ablation_v1
MOCK09973,DIAB_NEPHRO_SCREEN,0.031016790308753626,InComm-sourced,True,ablation_v1
MOCK09979,DIAB_NEPHRO_SCREEN,0.0932139859475831,InComm-sourced,True,ablation_v1
MOCK09985,DIAB_NEPHRO_SCREEN,0.02982729932925136,InComm-sourced,True,ablation_v1
MOCK09991,DIAB_NEPHRO_SCREEN,0.0270398359731344,InComm-sourced,True,ablation_v1
MOCK09997,DIAB_NEPHRO_SCREEN,0.028956409999877412,InComm-sourced,True,ablation_v1
MOCK00002,HTN_PCP_FOLLOWUP,0.8650992875366577,InComm-sourced,True,ablation_v1
MOCK00008,HTN_PCP_FOLLOWUP,0.837913540266488,InComm-sourced,True,ablation_v1
MOCK00014,HTN_PCP_FOLLOWUP,0.8417698855700458,InComm-sourced,True,ablation_v1
MOCK00020,HTN_PCP_FOLLOWUP,0.89756456660669,InComm-sourced,True,ablation_v1
MOCK00026,HTN_PCP_FOLLOWUP,0.846175271832511,InComm-sourced,True,ablation_v1
MOCK00032,HTN_PCP_FOLLOWUP,0.8793880417153412,InComm-sourced,True,ablation_v1
MOCK00038,HTN_PCP_FOLLOWUP,0.888534757285952,InComm-sourced,True,ablation_v1
MOCK00044,HTN_PCP_FOLLOWUP,0.8846002577601625,InComm-sourced,True,ablation_v1
MOCK00050,HTN_PCP_FOLLOWUP,0.8406798793310514,InComm-sourced,True,ablation_v1
MOCK00056,HTN_PCP_FOLLOWUP,0.8821557212137987,InComm-sourced,True,ablation_v1
MOCK00062,HTN_PCP_FOLLOWUP,0.875879946776204,InComm-sourced,True,ablation_v1
MOCK00068,HTN_PCP_FOLLOWUP,0.8562495982315385,InComm-sourced,True,ablation_v1
MOCK00074,HTN_PCP_FOLLOWUP,0.8802554641421626,InComm-sourced,True,ablation_v1
MOCK00080,HTN_PCP_FOLLOWUP,0.853268860476152,InComm-sourced,True,ablation_v1
MOCK00086,HTN_PCP_FOLLOWUP,0.8908500306351975,InComm-sourced,True,ablation_v1
MOCK00092,HTN_PCP_FOLLOWUP,0.828501063876615,InComm-sourced,True,ablation_v1
MOCK00098,HTN_PCP_FOLLOWUP,0.909850524842428,InComm-sourced,True,ablation_v1
MOCK00104,HTN_PCP_FOLLOWUP,0.9270919243501241,InComm-sourced,True,ablation_v1
MOCK00110,HTN_PCP_FOLLOWUP,0.9492239757753328,InComm-sourced,True,ablation_v1
MOCK00116,HTN_PCP_FOLLOWUP,0.949583523418134,InComm-sourced,True,ablation_v1
MOCK00122,HTN_PCP_FOLLOWUP,0.7896535624633745,InComm-sourced,True,ablation_v1
MOCK00128,HTN_PCP_FOLLOWUP,0.8877394421459206,InComm-sourced,True,ablation_v1
MOCK00134,HTN_PCP_FOLLOWUP,0.8724359086210373,InComm-sourced,True,ablation_v1
MOCK00140,HTN_PCP_FOLLOWUP,0.7927998566327423,InComm-sourced,True,ablation_v1
MOCK00146,HTN_PCP_FOLLOWUP,0.9725084951199059,InComm-sourced,True,ablation_v1
MOCK00152,HTN_PCP_FOLLOWUP,0.8547722894065133,InComm-sourced,True,ablation_v1
MOCK00158,HTN_PCP_FOLLOWUP,0.9304858358578472,InComm-sourced,True,ablation_v1
MOCK00164,HTN_PCP_FOLLOWUP,0.901350094168284,InComm-sourced,True,ablation_v1
MOCK00170,HTN_PCP_FOLLOWUP,0.892915306165019,InComm-sourced,True,ablation_v1
MOCK00176,HTN_PCP_FOLLOWUP,0.9454742997775015,InComm-sourced,True,ablation_v1
MOCK00182,HTN_PCP_FOLLOWUP,0.9296183762380287,InComm-sourced,True,ablation_v1
MOCK00188,HTN_PCP_FOLLOWUP,0.8791009777621869,InComm-sourced,True,ablation_v1
MOCK00194,HTN_PCP_FOLLOWUP,0.8405102520102943,InComm-sourced,True,ablation_v1
MOCK00200,HTN_PCP_FOLLOWUP,0.9228096707806679,InComm-sourced,True,ablation_v1
MOCK00206,HTN_PCP_FOLLOWUP,0.9268129978666058,InComm-sourced,True,ablation_v1
MOCK00212,HTN_PCP_FOLLOWUP,0.8631576851515922,InComm-sourced,True,ablation_v1
MOCK00218,HTN_PCP_FOLLOWUP,0.9044673532288778,InComm-sourced,True,ablation_v1
MOCK00224,HTN_PCP_FOLLOWUP,0.8709633057736254,InComm-sourced,True,ablation_v1
MOCK00230,HTN_PCP_FOLLOWUP,0.9224307315417213,InComm-sourced,True,ablation_v1
MOCK00236,HTN_PCP_FOLLOWUP,0.86628551525196,InComm-sourced,True,ablation_v1
MOCK00242,HTN_PCP_FOLLOWUP,0.8365334245804994,InComm-sourced,True,ablation_v1
MOCK00248,HTN_PCP_FOLLOWUP,0.87488035999076,InComm-sourced,True,ablation_v1
MOCK00254,HTN_PCP_FOLLOWUP,0.938178515511029,InComm-sourced,True,ablation_v1
MOCK00260,HTN_PCP_FOLLOWUP,0.8946746435149053,InComm-sourced,True,ablation_v1
MOCK00266,HTN_PCP_FOLLOWUP,0.8774114584649723,InComm-sourced,True,ablation_v1
MOCK00272,HTN_PCP_FOLLOWUP,0.9075107702135558,InComm-sourced,True,ablation_v1
MOCK00278,HTN_PCP_FOLLOWUP,0.8276582072593275,InComm-sourced,True,ablation_v1
MOCK00284,HTN_PCP_FOLLOWUP,0.8737752128142114,InComm-sourced,True,ablation_v1
MOCK00290,HTN_PCP_FOLLOWUP,0.8809846445869401,InComm-sourced,True,ablation_v1
MOCK00296,HTN_PCP_FOLLOWUP,0.8613765794985891,InComm-sourced,True,ablation_v1
MOCK00302,HTN_PCP_FOLLOWUP,0.8392408814318255,InComm-sourced,True,ablation_v1
MOCK00308,HTN_PCP_FOLLOWUP,0.8911269330899159,InComm-sourced,True,ablation_v1
MOCK00314,HTN_PCP_FOLLOWUP,0.8776378168099362,InComm-sourced,True,ablation_v1
MOCK00320,HTN_PCP_FOLLOWUP,0.8311614776893856,InComm-sourced,True,ablation_v1
MOCK00326,HTN_PCP_FOLLOWUP,0.9397591056514751,InComm-sourced,True,ablation_v1
MOCK00332,HTN_PCP_FOLLOWUP,0.920666916872609,InComm-sourced,True,ablation_v1
MOCK00338,HTN_PCP_FOLLOWUP,0.9124765804139597,InComm-sourced,True,ablation_v1
MOCK00344,HTN_PCP_FOLLOWUP,0.862617363235976,InComm-sourced,True,ablation_v1
MOCK00350,HTN_PCP_FOLLOWUP,0.8714949337571578,InComm-sourced,True,ablation_v1
MOCK00356,HTN_PCP_FOLLOWUP,0.9294300722760539,InComm-sourced,True,ablation_v1
MOCK00362,HTN_PCP_FOLLOWUP,0.8184692912192335,InComm-sourced,True,ablation_v1
MOCK00368,HTN_PCP_FOLLOWUP,0.9133946129359296,InComm-sourced,True,ablation_v1
MOCK00374,HTN_PCP_FOLLOWUP,0.9018395189045157,InComm-sourced,True,ablation_v1
MOCK00380,HTN_PCP_FOLLOWUP,0.8991855681112932,InComm-sourced,True,ablation_v1
MOCK00386,HTN_PCP_FOLLOWUP,0.8481553106517075,InComm-sourced,True,ablation_v1
MOCK00392,HTN_PCP_FOLLOWUP,0.901438207624883,InComm-sourced,True,ablation_v1
MOCK00398,HTN_PCP_FOLLOWUP,0.8434529672904936,InComm-sourced,True,ablation_v1
MOCK00404,HTN_PCP_FOLLOWUP,0.9256844152784015,InComm-sourced,True,ablation_v1
MOCK00410,HTN_PCP_FOLLOWUP,0.8000454358500008,InComm-sourced,True,ablation_v1
MOCK00416,HTN_PCP_FOLLOWUP,0.8029448296879408,InComm-sourced,True,ablation_v1
MOCK00422,HTN_PCP_FOLLOWUP,0.9651273408589207,InComm-sourced,True,ablation_v1
MOCK00428,HTN_PCP_FOLLOWUP,0.9490110657455268,InComm-sourced,True,ablation_v1
MOCK00434,HTN_PCP_FOLLOWUP,0.9180576697617255,InComm-sourced,True,ablation_v1
MOCK00440,HTN_PCP_FOLLOWUP,0.8131539749024426,InComm-sourced,True,ablation_v1
MOCK00446,HTN_PCP_FOLLOWUP,0.8446231021293195,InComm-sourced,True,ablation_v1
MOCK00452,HTN_PCP_FOLLOWUP,0.8890212292692639,InComm-sourced,True,ablation_v1
MOCK00458,HTN_PCP_FOLLOWUP,0.8780377892155712,InComm-sourced,True,ablation_v1
MOCK00464,HTN_PCP_FOLLOWUP,0.8355926475590822,InComm-sourced,True,ablation_v1
MOCK00470,HTN_PCP_FOLLOWUP,0.8156748392240433,InComm-sourced,True,ablation_v1
MOCK00476,HTN_PCP_FOLLOWUP,0.8736060852686738,InComm-sourced,True,ablation_v1
MOCK00482,HTN_PCP_FOLLOWUP,0.861620678753116,InComm-sourced,True,ablation_v1
MOCK00488,HTN_PCP_FOLLOWUP,0.8654559669449836,InComm-sourced,True,ablation_v1
MOCK00494,HTN_PCP_FOLLOWUP,0.868720153673495,InComm-sourced,True,ablation_v1
MOCK00500,HTN_PCP_FOLLOWUP,0.8190188978580472,InComm-sourced,True,ablation_v1
MOCK00506,HTN_PCP_FOLLOWUP,0.8731043301917359,InComm-sourced,True,ablation_v1
MOCK00512,HTN_PCP_FOLLOWUP,0.8926680395418694,InComm-sourced,True,ablation_v1
MOCK00518,HTN_PCP_FOLLOWUP,0.9159671605208216,InComm-sourced,True,ablation_v1
MOCK00524,HTN_PCP_FOLLOWUP,0.92153128647433,InComm-sourced,True,ablation_v1
MOCK00530,HTN_PCP_FOLLOWUP,0.8166488662332618,InComm-sourced,True,ablation_v1
MOCK00536,HTN_PCP_FOLLOWUP,0.8669386707060337,InComm-sourced,True,ablation_v1
MOCK00542,HTN_PCP_FOLLOWUP,0.9110262944097647,InComm-sourced,True,ablation_v1
MOCK00548,HTN_PCP_FOLLOWUP,0.8849154225609166,InComm-sourced,True,ablation_v1
MOCK00554,HTN_PCP_FOLLOWUP,0.9238475113523327,InComm-sourced,True,ablation_v1
MOCK00560,HTN_PCP_FOLLOWUP,0.8634866273010537,InComm-sourced,True,ablation_v1
MOCK00566,HTN_PCP_FOLLOWUP,0.8544267126022641,InComm-sourced,True,ablation_v1
MOCK00572,HTN_PCP_FOLLOWUP,0.8357525654341519,InComm-sourced,True,ablation_v1
MOCK00578,HTN_PCP_FOLLOWUP,0.845050486139085,InComm-sourced,True,ablation_v1
MOCK00584,HTN_PCP_FOLLOWUP,0.9161904976974804,InComm-sourced,True,ablation_v1
MOCK00590,HTN_PCP_FOLLOWUP,0.8682443046713704,InComm-sourced,True,ablation_v1
MOCK00596,HTN_PCP_FOLLOWUP,0.876551804979104,InComm-sourced,True,ablation_v1
MOCK00602,HTN_PCP_FOLLOWUP,0.9457279813948273,InComm-sourced,True,ablation_v1
MOCK00608,HTN_PCP_FOLLOWUP,0.8806938988925381,InComm-sourced,True,ablation_v1
MOCK00614,HTN_PCP_FOLLOWUP,0.9316854246291202,InComm-sourced,True,ablation_v1
MOCK00620,HTN_PCP_FOLLOWUP,0.9538774992969475,InComm-sourced,True,ablation_v1
MOCK00626,HTN_PCP_FOLLOWUP,0.895095613594995,InComm-sourced,True,ablation_v1
MOCK00632,HTN_PCP_FOLLOWUP,0.8729122470460526,InComm-sourced,True,ablation_v1
MOCK00638,HTN_PCP_FOLLOWUP,0.8025660885036945,InComm-sourced,True,ablation_v1
MOCK00644,HTN_PCP_FOLLOWUP,0.8574417442994642,InComm-sourced,True,ablation_v1
MOCK00650,HTN_PCP_FOLLOWUP,0.8707119419362717,InComm-sourced,True,ablation_v1
MOCK00656,HTN_PCP_FOLLOWUP,0.8108827610519957,InComm-sourced,True,ablation_v1
MOCK00662,HTN_PCP_FOLLOWUP,0.9017109706207003,InComm-sourced,True,ablation_v1
MOCK00668,HTN_PCP_FOLLOWUP,0.9395453724749224,InComm-sourced,True,ablation_v1
MOCK00674,HTN_PCP_FOLLOWUP,0.8793058971427898,InComm-sourced,True,ablation_v1
MOCK00680,HTN_PCP_FOLLOWUP,0.845018221629106,InComm-sourced,True,ablation_v1
MOCK00686,HTN_PCP_FOLLOWUP,0.8087685848092825,InComm-sourced,True,ablation_v1
MOCK00692,HTN_PCP_FOLLOWUP,0.8170572839689639,InComm-sourced,True,ablation_v1
MOCK00698,HTN_PCP_FOLLOWUP,0.954048217158313,InComm-sourced,True,ablation_v1
MOCK00704,HTN_PCP_FOLLOWUP,0.9121412875031353,InComm-sourced,True,ablation_v1
MOCK00710,HTN_PCP_FOLLOWUP,0.909898921599534,InComm-sourced,True,ablation_v1
MOCK00716,HTN_PCP_FOLLOWUP,0.860603716032498,InComm-sourced,True,ablation_v1
MOCK00722,HTN_PCP_FOLLOWUP,0.9254002056813234,InComm-sourced,True,ablation_v1
MOCK00728,HTN_PCP_FOLLOWUP,0.8931846590950696,InComm-sourced,True,ablation_v1
MOCK00734,HTN_PCP_FOLLOWUP,0.8523058833792941,InComm-sourced,True,ablation_v1
MOCK00740,HTN_PCP_FOLLOWUP,0.8945403207746639,InComm-sourced,True,ablation_v1
MOCK00746,HTN_PCP_FOLLOWUP,0.9200722704443103,InComm-sourced,True,ablation_v1
MOCK00752,HTN_PCP_FOLLOWUP,0.7802063381606917,InComm-sourced,True,ablation_v1
MOCK00758,HTN_PCP_FOLLOWUP,0.8787911068638363,InComm-sourced,True,ablation_v1
MOCK00764,HTN_PCP_FOLLOWUP,0.8273078554031645,InComm-sourced,True,ablation_v1
MOCK00770,HTN_PCP_FOLLOWUP,0.8920202243473656,InComm-sourced,True,ablation_v1
MOCK00776,HTN_PCP_FOLLOWUP,0.9774436431642686,InComm-sourced,True,ablation_v1
MOCK00782,HTN_PCP_FOLLOWUP,0.8385734321134571,InComm-sourced,True,ablation_v1
MOCK00788,HTN_PCP_FOLLOWUP,0.8433527153575493,InComm-sourced,True,ablation_v1
MOCK00794,HTN_PCP_FOLLOWUP,0.8447342509497627,InComm-sourced,True,ablation_v1
MOCK00800,HTN_PCP_FOLLOWUP,0.9270301666746457,InComm-sourced,True,ablation_v1
MOCK00806,HTN_PCP_FOLLOWUP,0.8426255889456747,InComm-sourced,True,ablation_v1
MOCK00812,HTN_PCP_FOLLOWUP,0.8706105247179997,InComm-sourced,True,ablation_v1
MOCK00818,HTN_PCP_FOLLOWUP,0.8822638592171619,InComm-sourced,True,ablation_v1
MOCK00824,HTN_PCP_FOLLOWUP,0.8503906279926594,InComm-sourced,True,ablation_v1
MOCK00830,HTN_PCP_FOLLOWUP,0.8665607567323231,InComm-sourced,True,ablation_v1
MOCK00836,HTN_PCP_FOLLOWUP,0.8692822408826312,InComm-sourced,True,ablation_v1
MOCK00842,HTN_PCP_FOLLOWUP,0.8691919860557967,InComm-sourced,True,ablation_v1
MOCK00848,HTN_PCP_FOLLOWUP,0.830317233276347,InComm-sourced,True,ablation_v1
MOCK00854,HTN_PCP_FOLLOWUP,0.8573516673554431,InComm-sourced,True,ablation_v1
MOCK00860,HTN_PCP_FOLLOWUP,0.8963885127885093,InComm-sourced,True,ablation_v1
MOCK00866,HTN_PCP_FOLLOWUP,0.8452019819605568,InComm-sourced,True,ablation_v1
MOCK00872,HTN_PCP_FOLLOWUP,0.932501485309984,InComm-sourced,True,ablation_v1
MOCK00878,HTN_PCP_FOLLOWUP,0.8845322836868205,InComm-sourced,True,ablation_v1
MOCK00884,HTN_PCP_FOLLOWUP,0.8379721533599361,InComm-sourced,True,ablation_v1
MOCK00890,HTN_PCP_FOLLOWUP,0.792392546926194,InComm-sourced,True,ablation_v1
MOCK00896,HTN_PCP_FOLLOWUP,0.8986247148866782,InComm-sourced,True,ablation_v1
MOCK00902,HTN_PCP_FOLLOWUP,0.8868147756641896,InComm-sourced,True,ablation_v1
MOCK00908,HTN_PCP_FOLLOWUP,0.8371556714273105,InComm-sourced,True,ablation_v1
MOCK00914,HTN_PCP_FOLLOWUP,0.9236456506360593,InComm-sourced,True,ablation_v1
MOCK00920,HTN_PCP_FOLLOWUP,0.9014008583148202,InComm-sourced,True,ablation_v1
MOCK00926,HTN_PCP_FOLLOWUP,0.8859510811536162,InComm-sourced,True,ablation_v1
MOCK00932,HTN_PCP_FOLLOWUP,0.8556676802150732,InComm-sourced,True,ablation_v1
MOCK00938,HTN_PCP_FOLLOWUP,0.8873441641965771,InComm-sourced,True,ablation_v1
MOCK00944,HTN_PCP_FOLLOWUP,0.9016057115958127,InComm-sourced,True,ablation_v1
MOCK00950,HTN_PCP_FOLLOWUP,0.9197947319234743,InComm-sourced,True,ablation_v1
MOCK00956,HTN_PCP_FOLLOWUP,0.8832663234386059,InComm-sourced,True,ablation_v1
MOCK00962,HTN_PCP_FOLLOWUP,0.8645815660414918,InComm-sourced,True,ablation_v1
MOCK00968,HTN_PCP_FOLLOWUP,0.8530176933788318,InComm-sourced,True,ablation_v1
MOCK00974,HTN_PCP_FOLLOWUP,0.8850486390110998,InComm-sourced,True,ablation_v1
MOCK00980,HTN_PCP_FOLLOWUP,0.8248550296956151,InComm-sourced,True,ablation_v1
MOCK00986,HTN_PCP_FOLLOWUP,0.9196157110209143,InComm-sourced,True,ablation_v1
MOCK00992,HTN_PCP_FOLLOWUP,0.901267818605702,InComm-sourced,True,ablation_v1
MOCK00998,HTN_PCP_FOLLOWUP,0.8747688559918518,InComm-sourced,True,ablation_v1
MOCK01004,HTN_PCP_FOLLOWUP,0.9384887677315682,InComm-sourced,True,ablation_v1
MOCK01010,HTN_PCP_FOLLOWUP,0.8757778213822944,InComm-sourced,True,ablation_v1
MOCK01016,HTN_PCP_FOLLOWUP,0.9019886929857734,InComm-sourced,True,ablation_v1
MOCK01022,HTN_PCP_FOLLOWUP,0.9694621910108266,InComm-sourced,True,ablation_v1
MOCK01028,HTN_PCP_FOLLOWUP,0.9161883448850692,InComm-sourced,True,ablation_v1
MOCK01034,HTN_PCP_FOLLOWUP,0.9343512979420304,InComm-sourced,True,ablation_v1
MOCK01040,HTN_PCP_FOLLOWUP,0.8684850880812593,InComm-sourced,True,ablation_v1
MOCK01046,HTN_PCP_FOLLOWUP,0.8659679940330659,InComm-sourced,True,ablation_v1
MOCK01052,HTN_PCP_FOLLOWUP,0.8817390779356974,InComm-sourced,True,ablation_v1
MOCK01058,HTN_PCP_FOLLOWUP,0.8899837345952162,InComm-sourced,True,ablation_v1
MOCK01064,HTN_PCP_FOLLOWUP,0.911362905916921,InComm-sourced,True,ablation_v1
MOCK01070,HTN_PCP_FOLLOWUP,0.8123272703132255,InComm-sourced,True,ablation_v1
MOCK01076,HTN_PCP_FOLLOWUP,0.8877011599428734,InComm-sourced,True,ablation_v1
MOCK01082,HTN_PCP_FOLLOWUP,0.9476038407219948,InComm-sourced,True,ablation_v1
MOCK01088,HTN_PCP_FOLLOWUP,0.8906839853826918,InComm-sourced,True,ablation_v1
MOCK01094,HTN_PCP_FOLLOWUP,0.9062389787394866,InComm-sourced,True,ablation_v1
MOCK01100,HTN_PCP_FOLLOWUP,0.8012569455691663,InComm-sourced,True,ablation_v1
MOCK01106,HTN_PCP_FOLLOWUP,0.8961898194291035,InComm-sourced,True,ablation_v1
MOCK01112,HTN_PCP_FOLLOWUP,0.8843141898136025,InComm-sourced,True,ablation_v1
MOCK01118,HTN_PCP_FOLLOWUP,0.9273942729991863,InComm-sourced,True,ablation_v1
MOCK01124,HTN_PCP_FOLLOWUP,0.8555645298806182,InComm-sourced,True,ablation_v1
MOCK01130,HTN_PCP_FOLLOWUP,0.9243072587353763,InComm-sourced,True,ablation_v1
MOCK01136,HTN_PCP_FOLLOWUP,0.8245907779058517,InComm-sourced,True,ablation_v1
MOCK01142,HTN_PCP_FOLLOWUP,0.8754924889453419,InComm-sourced,True,ablation_v1
MOCK01148,HTN_PCP_FOLLOWUP,0.854909110161199,InComm-sourced,True,ablation_v1
MOCK01154,HTN_PCP_FOLLOWUP,0.8596723446797486,InComm-sourced,True,ablation_v1
MOCK01160,HTN_PCP_FOLLOWUP,0.9142047396190571,InComm-sourced,True,ablation_v1
MOCK01166,HTN_PCP_FOLLOWUP,0.8679649726887044,InComm-sourced,True,ablation_v1
MOCK01172,HTN_PCP_FOLLOWUP,0.9326581353845539,InComm-sourced,True,ablation_v1
MOCK01178,HTN_PCP_FOLLOWUP,0.8943793873771391,InComm-sourced,True,ablation_v1
MOCK01184,HTN_PCP_FOLLOWUP,0.8965036370314853,InComm-sourced,True,ablation_v1
MOCK01190,HTN_PCP_FOLLOWUP,0.8455159578059075,InComm-sourced,True,ablation_v1
MOCK01196,HTN_PCP_FOLLOWUP,0.9165765720294735,InComm-sourced,True,ablation_v1
MOCK01202,HTN_PCP_FOLLOWUP,0.9284375682761933,InComm-sourced,True,ablation_v1
MOCK01208,HTN_PCP_FOLLOWUP,0.874266034450955,InComm-sourced,True,ablation_v1
MOCK01214,HTN_PCP_FOLLOWUP,0.8976677528564806,InComm-sourced,True,ablation_v1
MOCK01220,HTN_PCP_FOLLOWUP,0.8730050394516945,InComm-sourced,True,ablation_v1
MOCK01226,HTN_PCP_FOLLOWUP,0.8620082713321138,InComm-sourced,True,ablation_v1
MOCK01232,HTN_PCP_FOLLOWUP,0.8623698604113195,InComm-sourced,True,ablation_v1
MOCK01238,HTN_PCP_FOLLOWUP,0.8397284056309195,InComm-sourced,True,ablation_v1
MOCK01244,HTN_PCP_FOLLOWUP,0.8211737350301058,InComm-sourced,True,ablation_v1
MOCK01250,HTN_PCP_FOLLOWUP,0.7810842487805932,InComm-sourced,True,ablation_v1
MOCK01256,HTN_PCP_FOLLOWUP,0.9575790263312448,InComm-sourced,True,ablation_v1
MOCK01262,HTN_PCP_FOLLOWUP,0.9225315820624124,InComm-sourced,True,ablation_v1
MOCK01268,HTN_PCP_FOLLOWUP,0.9035298644535529,InComm-sourced,True,ablation_v1
MOCK01274,HTN_PCP_FOLLOWUP,0.9055674812426568,InComm-sourced,True,ablation_v1
MOCK01280,HTN_PCP_FOLLOWUP,0.8680485705499872,InComm-sourced,True,ablation_v1
MOCK01286,HTN_PCP_FOLLOWUP,0.9015740644574552,InComm-sourced,True,ablation_v1
MOCK01292,HTN_PCP_FOLLOWUP,0.8846337942105386,InComm-sourced,True,ablation_v1
MOCK01298,HTN_PCP_FOLLOWUP,0.8997383384578136,InComm-sourced,True,ablation_v1
MOCK01304,HTN_PCP_FOLLOWUP,0.9051868503710494,InComm-sourced,True,ablation_v1
MOCK01310,HTN_PCP_FOLLOWUP,0.8890766758538146,InComm-sourced,True,ablation_v1
MOCK01316,HTN_PCP_FOLLOWUP,0.8569295303773005,InComm-sourced,True,ablation_v1
MOCK01322,HTN_PCP_FOLLOWUP,0.9189191840021503,InComm-sourced,True,ablation_v1
MOCK01328,HTN_PCP_FOLLOWUP,0.9201775368843788,InComm-sourced,True,ablation_v1
MOCK01334,HTN_PCP_FOLLOWUP,0.9236282957335461,InComm-sourced,True,ablation_v1
MOCK01340,HTN_PCP_FOLLOWUP,0.8324089037031941,InComm-sourced,True,ablation_v1
MOCK01346,HTN_PCP_FOLLOWUP,0.905506901373343,InComm-sourced,True,ablation_v1
MOCK01352,HTN_PCP_FOLLOWUP,0.9307464933179322,InComm-sourced,True,ablation_v1
MOCK01358,HTN_PCP_FOLLOWUP,0.9161680656846148,InComm-sourced,True,ablation_v1
MOCK01364,HTN_PCP_FOLLOWUP,0.924116463219778,InComm-sourced,True,ablation_v1
MOCK01370,HTN_PCP_FOLLOWUP,0.8522976385461104,InComm-sourced,True,ablation_v1
MOCK01376,HTN_PCP_FOLLOWUP,0.8558018444246945,InComm-sourced,True,ablation_v1
MOCK01382,HTN_PCP_FOLLOWUP,0.9152376037294441,InComm-sourced,True,ablation_v1
MOCK01388,HTN_PCP_FOLLOWUP,0.950177087028788,InComm-sourced,True,ablation_v1
MOCK01394,HTN_PCP_FOLLOWUP,0.8979935393829923,InComm-sourced,True,ablation_v1
MOCK01400,HTN_PCP_FOLLOWUP,0.8721589209996289,InComm-sourced,True,ablation_v1
MOCK01406,HTN_PCP_FOLLOWUP,0.8603587730201999,InComm-sourced,True,ablation_v1
MOCK01412,HTN_PCP_FOLLOWUP,0.9091735259946936,InComm-sourced,True,ablation_v1
MOCK01418,HTN_PCP_FOLLOWUP,0.9063026264117066,InComm-sourced,True,ablation_v1
MOCK01424,HTN_PCP_FOLLOWUP,0.9191371389641706,InComm-sourced,True,ablation_v1
MOCK01430,HTN_PCP_FOLLOWUP,0.8443698720103467,InComm-sourced,True,ablation_v1
MOCK01436,HTN_PCP_FOLLOWUP,0.8765329249073364,InComm-sourced,True,ablation_v1
MOCK01442,HTN_PCP_FOLLOWUP,0.8490788013020379,InComm-sourced,True,ablation_v1
MOCK01448,HTN_PCP_FOLLOWUP,0.8616509715859376,InComm-sourced,True,ablation_v1
MOCK01454,HTN_PCP_FOLLOWUP,0.8365741280764677,InComm-sourced,True,ablation_v1
MOCK01460,HTN_PCP_FOLLOWUP,0.883110554174409,InComm-sourced,True,ablation_v1
MOCK01466,HTN_PCP_FOLLOWUP,0.8459209638734413,InComm-sourced,True,ablation_v1
MOCK01472,HTN_PCP_FOLLOWUP,0.8456019321551762,InComm-sourced,True,ablation_v1
MOCK01478,HTN_PCP_FOLLOWUP,0.9346281047002435,InComm-sourced,True,ablation_v1
MOCK01484,HTN_PCP_FOLLOWUP,0.854114313151651,InComm-sourced,True,ablation_v1
MOCK01490,HTN_PCP_FOLLOWUP,0.9162518131152965,InComm-sourced,True,ablation_v1
MOCK01496,HTN_PCP_FOLLOWUP,0.8625946880130146,InComm-sourced,True,ablation_v1
MOCK01502,HTN_PCP_FOLLOWUP,0.9291410128959712,InComm-sourced,True,ablation_v1
MOCK01508,HTN_PCP_FOLLOWUP,0.9051096692748342,InComm-sourced,True,ablation_v1
MOCK01514,HTN_PCP_FOLLOWUP,0.9491993950623404,InComm-sourced,True,ablation_v1
MOCK01520,HTN_PCP_FOLLOWUP,0.9467176405534252,InComm-sourced,True,ablation_v1
MOCK01526,HTN_PCP_FOLLOWUP,0.8474217397391433,InComm-sourced,True,ablation_v1
MOCK01532,HTN_PCP_FOLLOWUP,0.8640515405828048,InComm-sourced,True,ablation_v1
MOCK01538,HTN_PCP_FOLLOWUP,0.8879098245600802,InComm-sourced,True,ablation_v1
MOCK01544,HTN_PCP_FOLLOWUP,0.8280083426962854,InComm-sourced,True,ablation_v1
MOCK01550,HTN_PCP_FOLLOWUP,0.877284671356437,InComm-sourced,True,ablation_v1
MOCK01556,HTN_PCP_FOLLOWUP,0.9037849800618508,InComm-sourced,True,ablation_v1
MOCK01562,HTN_PCP_FOLLOWUP,0.814898303133871,InComm-sourced,True,ablation_v1
MOCK01568,HTN_PCP_FOLLOWUP,0.9259145718741889,InComm-sourced,True,ablation_v1
MOCK01574,HTN_PCP_FOLLOWUP,0.9129677203733573,InComm-sourced,True,ablation_v1
MOCK01580,HTN_PCP_FOLLOWUP,0.7736574909515208,InComm-sourced,True,ablation_v1
MOCK01586,HTN_PCP_FOLLOWUP,0.8069647621500083,InComm-sourced,True,ablation_v1
MOCK01592,HTN_PCP_FOLLOWUP,0.8381707448062654,InComm-sourced,True,ablation_v1
MOCK01598,HTN_PCP_FOLLOWUP,0.830581755626292,InComm-sourced,True,ablation_v1
MOCK01604,HTN_PCP_FOLLOWUP,0.9249139736043541,InComm-sourced,True,ablation_v1
MOCK01610,HTN_PCP_FOLLOWUP,0.9271239960514104,InComm-sourced,True,ablation_v1
MOCK01616,HTN_PCP_FOLLOWUP,0.9405607751101793,InComm-sourced,True,ablation_v1
MOCK01622,HTN_PCP_FOLLOWUP,0.8499038855140293,InComm-sourced,True,ablation_v1
MOCK01628,HTN_PCP_FOLLOWUP,0.8984176423128981,InComm-sourced,True,ablation_v1
MOCK01634,HTN_PCP_FOLLOWUP,0.8842500195233411,InComm-sourced,True,ablation_v1
MOCK01640,HTN_PCP_FOLLOWUP,0.8517166462112933,InComm-sourced,True,ablation_v1
MOCK01646,HTN_PCP_FOLLOWUP,0.7755017635627934,InComm-sourced,True,ablation_v1
MOCK01652,HTN_PCP_FOLLOWUP,0.8111254069516348,InComm-sourced,True,ablation_v1
MOCK01658,HTN_PCP_FOLLOWUP,0.9337073205122745,InComm-sourced,True,ablation_v1
MOCK01664,HTN_PCP_FOLLOWUP,0.8934770400671137,InComm-sourced,True,ablation_v1
MOCK01670,HTN_PCP_FOLLOWUP,0.8812627267268717,InComm-sourced,True,ablation_v1
MOCK01676,HTN_PCP_FOLLOWUP,0.8787683343680721,InComm-sourced,True,ablation_v1
MOCK01682,HTN_PCP_FOLLOWUP,0.9116604835547998,InComm-sourced,True,ablation_v1
MOCK01688,HTN_PCP_FOLLOWUP,0.9126182470606986,InComm-sourced,True,ablation_v1
MOCK01694,HTN_PCP_FOLLOWUP,0.8474832794516058,InComm-sourced,True,ablation_v1
MOCK01700,HTN_PCP_FOLLOWUP,0.8675570273391255,InComm-sourced,True,ablation_v1
MOCK01706,HTN_PCP_FOLLOWUP,0.9598337362815551,InComm-sourced,True,ablation_v1
MOCK01712,HTN_PCP_FOLLOWUP,0.8926010985294248,InComm-sourced,True,ablation_v1
MOCK01718,HTN_PCP_FOLLOWUP,0.8881276799663653,InComm-sourced,True,ablation_v1
MOCK01724,HTN_PCP_FOLLOWUP,0.8775543196541329,InComm-sourced,True,ablation_v1
MOCK01730,HTN_PCP_FOLLOWUP,0.9201469973441418,InComm-sourced,True,ablation_v1
MOCK01736,HTN_PCP_FOLLOWUP,0.9030746824780944,InComm-sourced,True,ablation_v1
MOCK01742,HTN_PCP_FOLLOWUP,0.8890965279825365,InComm-sourced,True,ablation_v1
MOCK01748,HTN_PCP_FOLLOWUP,0.916734382867595,InComm-sourced,True,ablation_v1
MOCK01754,HTN_PCP_FOLLOWUP,0.897614420561384,InComm-sourced,True,ablation_v1
MOCK01760,HTN_PCP_FOLLOWUP,0.8108157981826811,InComm-sourced,True,ablation_v1
MOCK01766,HTN_PCP_FOLLOWUP,0.8074836830330555,InComm-sourced,True,ablation_v1
MOCK01772,HTN_PCP_FOLLOWUP,0.9234333158400749,InComm-sourced,True,ablation_v1
MOCK01778,HTN_PCP_FOLLOWUP,0.9260362604314953,InComm-sourced,True,ablation_v1
MOCK01784,HTN_PCP_FOLLOWUP,0.9082090571445282,InComm-sourced,True,ablation_v1
MOCK01790,HTN_PCP_FOLLOWUP,0.8823841822662577,InComm-sourced,True,ablation_v1
MOCK01796,HTN_PCP_FOLLOWUP,0.8606861884628401,InComm-sourced,True,ablation_v1
MOCK01802,HTN_PCP_FOLLOWUP,0.924529560144822,InComm-sourced,True,ablation_v1
MOCK01808,HTN_PCP_FOLLOWUP,0.8701793402954061,InComm-sourced,True,ablation_v1
MOCK01814,HTN_PCP_FOLLOWUP,0.8992774363165371,InComm-sourced,True,ablation_v1
MOCK01820,HTN_PCP_FOLLOWUP,0.8269690531212172,InComm-sourced,True,ablation_v1
MOCK01826,HTN_PCP_FOLLOWUP,0.7620045158831219,InComm-sourced,True,ablation_v1
MOCK01832,HTN_PCP_FOLLOWUP,0.89798264659159,InComm-sourced,True,ablation_v1
MOCK01838,HTN_PCP_FOLLOWUP,0.9037524169400106,InComm-sourced,True,ablation_v1
MOCK01844,HTN_PCP_FOLLOWUP,0.9567696959117173,InComm-sourced,True,ablation_v1
MOCK01850,HTN_PCP_FOLLOWUP,0.8591151024281848,InComm-sourced,True,ablation_v1
MOCK01856,HTN_PCP_FOLLOWUP,0.8891979897014533,InComm-sourced,True,ablation_v1
MOCK01862,HTN_PCP_FOLLOWUP,0.9440725237323686,InComm-sourced,True,ablation_v1
MOCK01868,HTN_PCP_FOLLOWUP,0.9207608392584969,InComm-sourced,True,ablation_v1
MOCK01874,HTN_PCP_FOLLOWUP,0.8742357365022356,InComm-sourced,True,ablation_v1
MOCK01880,HTN_PCP_FOLLOWUP,0.8182468371451379,InComm-sourced,True,ablation_v1
MOCK01886,HTN_PCP_FOLLOWUP,0.8799183489104044,InComm-sourced,True,ablation_v1
MOCK01892,HTN_PCP_FOLLOWUP,0.9006300250935362,InComm-sourced,True,ablation_v1
MOCK01898,HTN_PCP_FOLLOWUP,0.9516916994983254,InComm-sourced,True,ablation_v1
MOCK01904,HTN_PCP_FOLLOWUP,0.9210793422630301,InComm-sourced,True,ablation_v1
MOCK01910,HTN_PCP_FOLLOWUP,0.8512327761935357,InComm-sourced,True,ablation_v1
MOCK01916,HTN_PCP_FOLLOWUP,0.8520944705669815,InComm-sourced,True,ablation_v1
MOCK01922,HTN_PCP_FOLLOWUP,0.8413330767787226,InComm-sourced,True,ablation_v1
MOCK01928,HTN_PCP_FOLLOWUP,0.8793252552620014,InComm-sourced,True,ablation_v1
MOCK01934,HTN_PCP_FOLLOWUP,0.8376911753470332,InComm-sourced,True,ablation_v1
MOCK01940,HTN_PCP_FOLLOWUP,0.8923259508688429,InComm-sourced,True,ablation_v1
MOCK01946,HTN_PCP_FOLLOWUP,0.931662874551276,InComm-sourced,True,ablation_v1
MOCK01952,HTN_PCP_FOLLOWUP,0.8061673427836005,InComm-sourced,True,ablation_v1
MOCK01958,HTN_PCP_FOLLOWUP,0.899782111893746,InComm-sourced,True,ablation_v1
MOCK01964,HTN_PCP_FOLLOWUP,0.8320013155868663,InComm-sourced,True,ablation_v1
MOCK01970,HTN_PCP_FOLLOWUP,0.8928319443131888,InComm-sourced,True,ablation_v1
MOCK01976,HTN_PCP_FOLLOWUP,0.8628726504422205,InComm-sourced,True,ablation_v1
MOCK01982,HTN_PCP_FOLLOWUP,0.9428493341688592,InComm-sourced,True,ablation_v1
MOCK01988,HTN_PCP_FOLLOWUP,0.8829180279711394,InComm-sourced,True,ablation_v1
MOCK01994,HTN_PCP_FOLLOWUP,0.8790422704087154,InComm-sourced,True,ablation_v1
MOCK02000,HTN_PCP_FOLLOWUP,0.8740510084062221,InComm-sourced,True,ablation_v1
MOCK02006,HTN_PCP_FOLLOWUP,0.8049569212601329,InComm-sourced,True,ablation_v1
MOCK02012,HTN_PCP_FOLLOWUP,0.8497535726279366,InComm-sourced,True,ablation_v1
MOCK02018,HTN_PCP_FOLLOWUP,0.8787088532323708,InComm-sourced,True,ablation_v1
MOCK02024,HTN_PCP_FOLLOWUP,0.8404679467845215,InComm-sourced,True,ablation_v1
MOCK02030,HTN_PCP_FOLLOWUP,0.7926440447923674,InComm-sourced,True,ablation_v1
MOCK02036,HTN_PCP_FOLLOWUP,0.8662790098801677,InComm-sourced,True,ablation_v1
MOCK02042,HTN_PCP_FOLLOWUP,0.7970135659022627,InComm-sourced,True,ablation_v1
MOCK02048,HTN_PCP_FOLLOWUP,0.8969475969329864,InComm-sourced,True,ablation_v1
MOCK02054,HTN_PCP_FOLLOWUP,0.9003080499947063,InComm-sourced,True,ablation_v1
MOCK02060,HTN_PCP_FOLLOWUP,0.9168628528040771,InComm-sourced,True,ablation_v1
MOCK02066,HTN_PCP_FOLLOWUP,0.9027486072844606,InComm-sourced,True,ablation_v1
MOCK02072,HTN_PCP_FOLLOWUP,0.8384771430772054,InComm-sourced,True,ablation_v1
MOCK02078,HTN_PCP_FOLLOWUP,0.949743845060084,InComm-sourced,True,ablation_v1
MOCK02084,HTN_PCP_FOLLOWUP,0.9182394537578747,InComm-sourced,True,ablation_v1
MOCK02090,HTN_PCP_FOLLOWUP,0.8025026730021256,InComm-sourced,True,ablation_v1
MOCK02096,HTN_PCP_FOLLOWUP,0.9289732147079504,InComm-sourced,True,ablation_v1
MOCK02102,HTN_PCP_FOLLOWUP,0.8143575222405984,InComm-sourced,True,ablation_v1
MOCK02108,HTN_PCP_FOLLOWUP,0.9401996224075571,InComm-sourced,True,ablation_v1
MOCK02114,HTN_PCP_FOLLOWUP,0.8517755892067652,InComm-sourced,True,ablation_v1
MOCK02120,HTN_PCP_FOLLOWUP,0.8854345912360723,InComm-sourced,True,ablation_v1
MOCK02126,HTN_PCP_FOLLOWUP,0.848069721177675,InComm-sourced,True,ablation_v1
MOCK02132,HTN_PCP_FOLLOWUP,0.8789960470274386,InComm-sourced,True,ablation_v1
MOCK02138,HTN_PCP_FOLLOWUP,0.9773056956645287,InComm-sourced,True,ablation_v1
MOCK02144,HTN_PCP_FOLLOWUP,0.8769118208904427,InComm-sourced,True,ablation_v1
MOCK02150,HTN_PCP_FOLLOWUP,0.9029831526183141,InComm-sourced,True,ablation_v1
MOCK02156,HTN_PCP_FOLLOWUP,0.8868244987146419,InComm-sourced,True,ablation_v1
MOCK02162,HTN_PCP_FOLLOWUP,0.8345204675256708,InComm-sourced,True,ablation_v1
MOCK02168,HTN_PCP_FOLLOWUP,0.9202061870585289,InComm-sourced,True,ablation_v1
MOCK02174,HTN_PCP_FOLLOWUP,0.8737812880612777,InComm-sourced,True,ablation_v1
MOCK02180,HTN_PCP_FOLLOWUP,0.9211379544741212,InComm-sourced,True,ablation_v1
MOCK02186,HTN_PCP_FOLLOWUP,0.9402184642640158,InComm-sourced,True,ablation_v1
MOCK02192,HTN_PCP_FOLLOWUP,0.8780559337908743,InComm-sourced,True,ablation_v1
MOCK02198,HTN_PCP_FOLLOWUP,0.8874421113509674,InComm-sourced,True,ablation_v1
MOCK02204,HTN_PCP_FOLLOWUP,0.8967015582445685,InComm-sourced,True,ablation_v1
MOCK02210,HTN_PCP_FOLLOWUP,0.8181182599002801,InComm-sourced,True,ablation_v1
MOCK02216,HTN_PCP_FOLLOWUP,0.8743251066275505,InComm-sourced,True,ablation_v1
MOCK02222,HTN_PCP_FOLLOWUP,0.8658185580325125,InComm-sourced,True,ablation_v1
MOCK02228,HTN_PCP_FOLLOWUP,0.8249372604518527,InComm-sourced,True,ablation_v1
MOCK02234,HTN_PCP_FOLLOWUP,0.9108341057391974,InComm-sourced,True,ablation_v1
MOCK02240,HTN_PCP_FOLLOWUP,0.884443193604395,InComm-sourced,True,ablation_v1
MOCK02246,HTN_PCP_FOLLOWUP,0.9107982927073098,InComm-sourced,True,ablation_v1
MOCK02252,HTN_PCP_FOLLOWUP,0.9482709876304025,InComm-sourced,True,ablation_v1
MOCK02258,HTN_PCP_FOLLOWUP,0.9377347975933659,InComm-sourced,True,ablation_v1
MOCK02264,HTN_PCP_FOLLOWUP,0.8380390891173243,InComm-sourced,True,ablation_v1
MOCK02270,HTN_PCP_FOLLOWUP,0.8041389765278611,InComm-sourced,True,ablation_v1
MOCK02276,HTN_PCP_FOLLOWUP,0.8862342216997148,InComm-sourced,True,ablation_v1
MOCK02282,HTN_PCP_FOLLOWUP,0.9140734604875759,InComm-sourced,True,ablation_v1
MOCK02288,HTN_PCP_FOLLOWUP,0.8695850361548139,InComm-sourced,True,ablation_v1
MOCK02294,HTN_PCP_FOLLOWUP,0.8772802921235315,InComm-sourced,True,ablation_v1
MOCK02300,HTN_PCP_FOLLOWUP,0.8541646068156594,InComm-sourced,True,ablation_v1
MOCK02306,HTN_PCP_FOLLOWUP,0.8046678763945195,InComm-sourced,True,ablation_v1
MOCK02312,HTN_PCP_FOLLOWUP,0.9394878565425198,InComm-sourced,True,ablation_v1
MOCK02318,HTN_PCP_FOLLOWUP,0.9036779576927927,InComm-sourced,True,ablation_v1
MOCK02324,HTN_PCP_FOLLOWUP,0.8854293735020304,InComm-sourced,True,ablation_v1
MOCK02330,HTN_PCP_FOLLOWUP,0.8894923495122473,InComm-sourced,True,ablation_v1
MOCK02336,HTN_PCP_FOLLOWUP,0.857249993666782,InComm-sourced,True,ablation_v1
MOCK02342,HTN_PCP_FOLLOWUP,0.8273593857999404,InComm-sourced,True,ablation_v1
MOCK02348,HTN_PCP_FOLLOWUP,0.9186724855922698,InComm-sourced,True,ablation_v1
MOCK02354,HTN_PCP_FOLLOWUP,0.9232289100613356,InComm-sourced,True,ablation_v1
MOCK02360,HTN_PCP_FOLLOWUP,0.9015111509173701,InComm-sourced,True,ablation_v1
MOCK02366,HTN_PCP_FOLLOWUP,0.8864459810734742,InComm-sourced,True,ablation_v1
MOCK02372,HTN_PCP_FOLLOWUP,0.9203685502299713,InComm-sourced,True,ablation_v1
MOCK02378,HTN_PCP_FOLLOWUP,0.9175139426911454,InComm-sourced,True,ablation_v1
MOCK02384,HTN_PCP_FOLLOWUP,0.8806726312760597,InComm-sourced,True,ablation_v1
MOCK02390,HTN_PCP_FOLLOWUP,0.8724770149122985,InComm-sourced,True,ablation_v1
MOCK02396,HTN_PCP_FOLLOWUP,0.8576125302890673,InComm-sourced,True,ablation_v1
MOCK02402,HTN_PCP_FOLLOWUP,0.9088813214626605,InComm-sourced,True,ablation_v1
MOCK02408,HTN_PCP_FOLLOWUP,0.9564634161439324,InComm-sourced,True,ablation_v1
MOCK02414,HTN_PCP_FOLLOWUP,0.8857776286022496,InComm-sourced,True,ablation_v1
MOCK02420,HTN_PCP_FOLLOWUP,0.8788774163162266,InComm-sourced,True,ablation_v1
MOCK02426,HTN_PCP_FOLLOWUP,0.9084220591609629,InComm-sourced,True,ablation_v1
MOCK02432,HTN_PCP_FOLLOWUP,0.9071520976072884,InComm-sourced,True,ablation_v1
MOCK02438,HTN_PCP_FOLLOWUP,0.9229502117935228,InComm-sourced,True,ablation_v1
MOCK02444,HTN_PCP_FOLLOWUP,0.8884357455703391,InComm-sourced,True,ablation_v1
MOCK02450,HTN_PCP_FOLLOWUP,0.9608580550749979,InComm-sourced,True,ablation_v1
MOCK02456,HTN_PCP_FOLLOWUP,0.8673302787302577,InComm-sourced,True,ablation_v1
MOCK02462,HTN_PCP_FOLLOWUP,0.8689733930210765,InComm-sourced,True,ablation_v1
MOCK02468,HTN_PCP_FOLLOWUP,0.9056667421811938,InComm-sourced,True,ablation_v1
MOCK02474,HTN_PCP_FOLLOWUP,0.8788135142652596,InComm-sourced,True,ablation_v1
MOCK02480,HTN_PCP_FOLLOWUP,0.8439094550293279,InComm-sourced,True,ablation_v1
MOCK02486,HTN_PCP_FOLLOWUP,0.8424495980394663,InComm-sourced,True,ablation_v1
MOCK02492,HTN_PCP_FOLLOWUP,0.8671623947379908,InComm-sourced,True,ablation_v1
MOCK02498,HTN_PCP_FOLLOWUP,0.8408285068468799,InComm-sourced,True,ablation_v1
MOCK02504,HTN_PCP_FOLLOWUP,0.9297862926784558,InComm-sourced,True,ablation_v1
MOCK02510,HTN_PCP_FOLLOWUP,0.8491967524788556,InComm-sourced,True,ablation_v1
MOCK02516,HTN_PCP_FOLLOWUP,0.9306717464408513,InComm-sourced,True,ablation_v1
MOCK02522,HTN_PCP_FOLLOWUP,0.8794361192061976,InComm-sourced,True,ablation_v1
MOCK02528,HTN_PCP_FOLLOWUP,0.8586399057475627,InComm-sourced,True,ablation_v1
MOCK02534,HTN_PCP_FOLLOWUP,0.8349603733953338,InComm-sourced,True,ablation_v1
MOCK02540,HTN_PCP_FOLLOWUP,0.911364012668448,InComm-sourced,True,ablation_v1
MOCK02546,HTN_PCP_FOLLOWUP,0.9294317009658448,InComm-sourced,True,ablation_v1
MOCK02552,HTN_PCP_FOLLOWUP,0.9156601075449482,InComm-sourced,True,ablation_v1
MOCK02558,HTN_PCP_FOLLOWUP,0.9329166601899647,InComm-sourced,True,ablation_v1
MOCK02564,HTN_PCP_FOLLOWUP,0.8843091594592198,InComm-sourced,True,ablation_v1
MOCK02570,HTN_PCP_FOLLOWUP,0.8132695778524072,InComm-sourced,True,ablation_v1
MOCK02576,HTN_PCP_FOLLOWUP,0.8634796404708073,InComm-sourced,True,ablation_v1
MOCK02582,HTN_PCP_FOLLOWUP,0.8954122395152249,InComm-sourced,True,ablation_v1
MOCK02588,HTN_PCP_FOLLOWUP,0.9212546325427072,InComm-sourced,True,ablation_v1
MOCK02594,HTN_PCP_FOLLOWUP,0.8681712907840423,InComm-sourced,True,ablation_v1
MOCK02600,HTN_PCP_FOLLOWUP,0.8900122212343551,InComm-sourced,True,ablation_v1
MOCK02606,HTN_PCP_FOLLOWUP,0.9243599709876162,InComm-sourced,True,ablation_v1
MOCK02612,HTN_PCP_FOLLOWUP,0.8621538133194083,InComm-sourced,True,ablation_v1
MOCK02618,HTN_PCP_FOLLOWUP,0.8060571882293673,InComm-sourced,True,ablation_v1
MOCK02624,HTN_PCP_FOLLOWUP,0.8680363873771559,InComm-sourced,True,ablation_v1
MOCK02630,HTN_PCP_FOLLOWUP,0.8434303540085819,InComm-sourced,True,ablation_v1
MOCK02636,HTN_PCP_FOLLOWUP,0.904060684065045,InComm-sourced,True,ablation_v1
MOCK02642,HTN_PCP_FOLLOWUP,0.9024788089997121,InComm-sourced,True,ablation_v1
MOCK02648,HTN_PCP_FOLLOWUP,0.904110526793253,InComm-sourced,True,ablation_v1
MOCK02654,HTN_PCP_FOLLOWUP,0.8806902281937986,InComm-sourced,True,ablation_v1
MOCK02660,HTN_PCP_FOLLOWUP,0.9407620401123226,InComm-sourced,True,ablation_v1
MOCK02666,HTN_PCP_FOLLOWUP,0.9240723427014409,InComm-sourced,True,ablation_v1
MOCK02672,HTN_PCP_FOLLOWUP,0.8740369037147255,InComm-sourced,True,ablation_v1
MOCK02678,HTN_PCP_FOLLOWUP,0.8047915631267583,InComm-sourced,True,ablation_v1
MOCK02684,HTN_PCP_FOLLOWUP,0.8886949685566087,InComm-sourced,True,ablation_v1
MOCK02690,HTN_PCP_FOLLOWUP,0.7584344421846662,InComm-sourced,True,ablation_v1
MOCK02696,HTN_PCP_FOLLOWUP,0.8273183986929716,InComm-sourced,True,ablation_v1
MOCK02702,HTN_PCP_FOLLOWUP,0.8763365777681044,InComm-sourced,True,ablation_v1
MOCK02708,HTN_PCP_FOLLOWUP,0.8770919542044955,InComm-sourced,True,ablation_v1
MOCK02714,HTN_PCP_FOLLOWUP,0.9414455941167928,InComm-sourced,True,ablation_v1
MOCK02720,HTN_PCP_FOLLOWUP,0.8966606965366388,InComm-sourced,True,ablation_v1
MOCK02726,HTN_PCP_FOLLOWUP,0.8601760878823675,InComm-sourced,True,ablation_v1
MOCK02732,HTN_PCP_FOLLOWUP,0.8424881981758792,InComm-sourced,True,ablation_v1
MOCK02738,HTN_PCP_FOLLOWUP,0.8987085073671462,InComm-sourced,True,ablation_v1
MOCK02744,HTN_PCP_FOLLOWUP,0.9020786027829788,InComm-sourced,True,ablation_v1
MOCK02750,HTN_PCP_FOLLOWUP,0.8736002719855634,InComm-sourced,True,ablation_v1
MOCK02756,HTN_PCP_FOLLOWUP,0.9134002401304337,InComm-sourced,True,ablation_v1
MOCK02762,HTN_PCP_FOLLOWUP,0.9078381104449487,InComm-sourced,True,ablation_v1
MOCK02768,HTN_PCP_FOLLOWUP,0.8723465306450983,InComm-sourced,True,ablation_v1
MOCK02774,HTN_PCP_FOLLOWUP,0.8223012894555152,InComm-sourced,True,ablation_v1
MOCK02780,HTN_PCP_FOLLOWUP,0.893186297412155,InComm-sourced,True,ablation_v1
MOCK02786,HTN_PCP_FOLLOWUP,0.9369174507794942,InComm-sourced,True,ablation_v1
MOCK02792,HTN_PCP_FOLLOWUP,0.8530205102020195,InComm-sourced,True,ablation_v1
MOCK02798,HTN_PCP_FOLLOWUP,0.9294117620521883,InComm-sourced,True,ablation_v1
MOCK02804,HTN_PCP_FOLLOWUP,0.9401781777550916,InComm-sourced,True,ablation_v1
MOCK02810,HTN_PCP_FOLLOWUP,0.9560137722123672,InComm-sourced,True,ablation_v1
MOCK02816,HTN_PCP_FOLLOWUP,0.8008699286547486,InComm-sourced,True,ablation_v1
MOCK02822,HTN_PCP_FOLLOWUP,0.9213099676405292,InComm-sourced,True,ablation_v1
MOCK02828,HTN_PCP_FOLLOWUP,0.8871674405387098,InComm-sourced,True,ablation_v1
MOCK02834,HTN_PCP_FOLLOWUP,0.9075051878894069,InComm-sourced,True,ablation_v1
MOCK02840,HTN_PCP_FOLLOWUP,0.8467102846112606,InComm-sourced,True,ablation_v1
MOCK02846,HTN_PCP_FOLLOWUP,0.9193265895110958,InComm-sourced,True,ablation_v1
MOCK02852,HTN_PCP_FOLLOWUP,0.8750748400987662,InComm-sourced,True,ablation_v1
MOCK02858,HTN_PCP_FOLLOWUP,0.8399878913928653,InComm-sourced,True,ablation_v1
MOCK02864,HTN_PCP_FOLLOWUP,0.9353504732498419,InComm-sourced,True,ablation_v1
MOCK02870,HTN_PCP_FOLLOWUP,0.8340926799015893,InComm-sourced,True,ablation_v1
MOCK02876,HTN_PCP_FOLLOWUP,0.869269818638667,InComm-sourced,True,ablation_v1
MOCK02882,HTN_PCP_FOLLOWUP,0.8678446484763073,InComm-sourced,True,ablation_v1
MOCK02888,HTN_PCP_FOLLOWUP,0.929284265467208,InComm-sourced,True,ablation_v1
MOCK02894,HTN_PCP_FOLLOWUP,0.9128974356616594,InComm-sourced,True,ablation_v1
MOCK02900,HTN_PCP_FOLLOWUP,0.9061946213319748,InComm-sourced,True,ablation_v1
MOCK02906,HTN_PCP_FOLLOWUP,0.788678870221928,InComm-sourced,True,ablation_v1
MOCK02912,HTN_PCP_FOLLOWUP,0.839727410326917,InComm-sourced,True,ablation_v1
MOCK02918,HTN_PCP_FOLLOWUP,0.8751593409742086,InComm-sourced,True,ablation_v1
MOCK02924,HTN_PCP_FOLLOWUP,0.8354540684792436,InComm-sourced,True,ablation_v1
MOCK02930,HTN_PCP_FOLLOWUP,0.8607588300170742,InComm-sourced,True,ablation_v1
MOCK02936,HTN_PCP_FOLLOWUP,0.8818342288670318,InComm-sourced,True,ablation_v1
MOCK02942,HTN_PCP_FOLLOWUP,0.8765381916624227,InComm-sourced,True,ablation_v1
MOCK02948,HTN_PCP_FOLLOWUP,0.9319550654378851,InComm-sourced,True,ablation_v1
MOCK02954,HTN_PCP_FOLLOWUP,0.9411977831071167,InComm-sourced,True,ablation_v1
MOCK02960,HTN_PCP_FOLLOWUP,0.9137276485580615,InComm-sourced,True,ablation_v1
MOCK02966,HTN_PCP_FOLLOWUP,0.8563590824178686,InComm-sourced,True,ablation_v1
MOCK02972,HTN_PCP_FOLLOWUP,0.815322095276927,InComm-sourced,True,ablation_v1
MOCK02978,HTN_PCP_FOLLOWUP,0.8941225795276131,InComm-sourced,True,ablation_v1
MOCK02984,HTN_PCP_FOLLOWUP,0.9036507348704997,InComm-sourced,True,ablation_v1
MOCK02990,HTN_PCP_FOLLOWUP,0.8863897865873603,InComm-sourced,True,ablation_v1
MOCK02996,HTN_PCP_FOLLOWUP,0.8857941114185722,InComm-sourced,True,ablation_v1
MOCK03002,HTN_PCP_FOLLOWUP,0.9160226077222797,InComm-sourced,True,ablation_v1
MOCK03008,HTN_PCP_FOLLOWUP,0.8787424326500891,InComm-sourced,True,ablation_v1
MOCK03014,HTN_PCP_FOLLOWUP,0.8832872821732856,InComm-sourced,True,ablation_v1
MOCK03020,HTN_PCP_FOLLOWUP,0.8532787164094864,InComm-sourced,True,ablation_v1
MOCK03026,HTN_PCP_FOLLOWUP,0.9508934230477893,InComm-sourced,True,ablation_v1
MOCK03032,HTN_PCP_FOLLOWUP,0.891266648033942,InComm-sourced,True,ablation_v1
MOCK03038,HTN_PCP_FOLLOWUP,0.8992838152636071,InComm-sourced,True,ablation_v1
MOCK03044,HTN_PCP_FOLLOWUP,0.9358442624394074,InComm-sourced,True,ablation_v1
MOCK03050,HTN_PCP_FOLLOWUP,0.8336443853570283,InComm-sourced,True,ablation_v1
MOCK03056,HTN_PCP_FOLLOWUP,0.8721662414520954,InComm-sourced,True,ablation_v1
MOCK03062,HTN_PCP_FOLLOWUP,0.87527124634202,InComm-sourced,True,ablation_v1
MOCK03068,HTN_PCP_FOLLOWUP,0.8168078913728286,InComm-sourced,True,ablation_v1
MOCK03074,HTN_PCP_FOLLOWUP,0.8942029632571058,InComm-sourced,True,ablation_v1
MOCK03080,HTN_PCP_FOLLOWUP,0.8871543984914257,InComm-sourced,True,ablation_v1
MOCK03086,HTN_PCP_FOLLOWUP,0.8620608883293588,InComm-sourced,True,ablation_v1
MOCK03092,HTN_PCP_FOLLOWUP,0.9439638930143891,InComm-sourced,True,ablation_v1
MOCK03098,HTN_PCP_FOLLOWUP,0.8394258159518954,InComm-sourced,True,ablation_v1
MOCK03104,HTN_PCP_FOLLOWUP,0.8519241051359561,InComm-sourced,True,ablation_v1
MOCK03110,HTN_PCP_FOLLOWUP,0.8577774447361504,InComm-sourced,True,ablation_v1
MOCK03116,HTN_PCP_FOLLOWUP,0.9048400061292008,InComm-sourced,True,ablation_v1
MOCK03122,HTN_PCP_FOLLOWUP,0.8365557441989022,InComm-sourced,True,ablation_v1
MOCK03128,HTN_PCP_FOLLOWUP,0.8093917883516468,InComm-sourced,True,ablation_v1
MOCK03134,HTN_PCP_FOLLOWUP,0.8864417401151771,InComm-sourced,True,ablation_v1
MOCK03140,HTN_PCP_FOLLOWUP,0.8573442282097727,InComm-sourced,True,ablation_v1
MOCK03146,HTN_PCP_FOLLOWUP,0.7886096197420813,InComm-sourced,True,ablation_v1
MOCK03152,HTN_PCP_FOLLOWUP,0.9212361753331922,InComm-sourced,True,ablation_v1
MOCK03158,HTN_PCP_FOLLOWUP,0.9352646536327817,InComm-sourced,True,ablation_v1
MOCK03164,HTN_PCP_FOLLOWUP,0.8957241420061014,InComm-sourced,True,ablation_v1
MOCK03170,HTN_PCP_FOLLOWUP,0.9777683865946525,InComm-sourced,True,ablation_v1
MOCK03176,HTN_PCP_FOLLOWUP,0.8437115806895521,InComm-sourced,True,ablation_v1
MOCK03182,HTN_PCP_FOLLOWUP,0.9094226324352851,InComm-sourced,True,ablation_v1
MOCK03188,HTN_PCP_FOLLOWUP,0.9021500267371171,InComm-sourced,True,ablation_v1
MOCK03194,HTN_PCP_FOLLOWUP,0.814780509090513,InComm-sourced,True,ablation_v1
MOCK03200,HTN_PCP_FOLLOWUP,0.8995349426011792,InComm-sourced,True,ablation_v1
MOCK03206,HTN_PCP_FOLLOWUP,0.8466797075055704,InComm-sourced,True,ablation_v1
MOCK03212,HTN_PCP_FOLLOWUP,0.9124671508881611,InComm-sourced,True,ablation_v1
MOCK03218,HTN_PCP_FOLLOWUP,0.9021957026466377,InComm-sourced,True,ablation_v1
MOCK03224,HTN_PCP_FOLLOWUP,0.9234206799545953,InComm-sourced,True,ablation_v1
MOCK03230,HTN_PCP_FOLLOWUP,0.9494704278906073,InComm-sourced,True,ablation_v1
MOCK03236,HTN_PCP_FOLLOWUP,0.8710490473844807,InComm-sourced,True,ablation_v1
MOCK03242,HTN_PCP_FOLLOWUP,0.939530561535079,InComm-sourced,True,ablation_v1
MOCK03248,HTN_PCP_FOLLOWUP,0.8835529566451719,InComm-sourced,True,ablation_v1
MOCK03254,HTN_PCP_FOLLOWUP,0.8308253788134128,InComm-sourced,True,ablation_v1
MOCK03260,HTN_PCP_FOLLOWUP,0.9170203090877649,InComm-sourced,True,ablation_v1
MOCK03266,HTN_PCP_FOLLOWUP,0.9090959060179096,InComm-sourced,True,ablation_v1
MOCK03272,HTN_PCP_FOLLOWUP,0.8709865807384574,InComm-sourced,True,ablation_v1
MOCK03278,HTN_PCP_FOLLOWUP,0.9203378199613175,InComm-sourced,True,ablation_v1
MOCK03284,HTN_PCP_FOLLOWUP,0.9120283436007223,InComm-sourced,True,ablation_v1
MOCK03290,HTN_PCP_FOLLOWUP,0.9594693717007236,InComm-sourced,True,ablation_v1
MOCK03296,HTN_PCP_FOLLOWUP,0.9254545512892363,InComm-sourced,True,ablation_v1
MOCK03302,HTN_PCP_FOLLOWUP,0.8744469897158805,InComm-sourced,True,ablation_v1
MOCK03308,HTN_PCP_FOLLOWUP,0.9210204602097173,InComm-sourced,True,ablation_v1
MOCK03314,HTN_PCP_FOLLOWUP,0.8505749182784452,InComm-sourced,True,ablation_v1
MOCK03320,HTN_PCP_FOLLOWUP,0.9064081715327819,InComm-sourced,True,ablation_v1
MOCK03326,HTN_PCP_FOLLOWUP,0.9175890889164825,InComm-sourced,True,ablation_v1
MOCK03332,HTN_PCP_FOLLOWUP,0.8587564789952964,InComm-sourced,True,ablation_v1
MOCK03338,HTN_PCP_FOLLOWUP,0.9486305037561392,InComm-sourced,True,ablation_v1
MOCK03344,HTN_PCP_FOLLOWUP,0.9257500458754517,InComm-sourced,True,ablation_v1
MOCK03350,HTN_PCP_FOLLOWUP,0.8404976242453653,InComm-sourced,True,ablation_v1
MOCK03356,HTN_PCP_FOLLOWUP,0.8736674450416484,InComm-sourced,True,ablation_v1
MOCK03362,HTN_PCP_FOLLOWUP,0.8540718423193054,InComm-sourced,True,ablation_v1
MOCK03368,HTN_PCP_FOLLOWUP,0.8927587091823118,InComm-sourced,True,ablation_v1
MOCK03374,HTN_PCP_FOLLOWUP,0.9114269158894234,InComm-sourced,True,ablation_v1
MOCK03380,HTN_PCP_FOLLOWUP,0.8699087119927852,InComm-sourced,True,ablation_v1
MOCK03386,HTN_PCP_FOLLOWUP,0.8563188835821196,InComm-sourced,True,ablation_v1
MOCK03392,HTN_PCP_FOLLOWUP,0.9042362683064196,InComm-sourced,True,ablation_v1
MOCK03398,HTN_PCP_FOLLOWUP,0.8968190942695841,InComm-sourced,True,ablation_v1
MOCK03404,HTN_PCP_FOLLOWUP,0.9586510450541588,InComm-sourced,True,ablation_v1
MOCK03410,HTN_PCP_FOLLOWUP,0.895470716395241,InComm-sourced,True,ablation_v1
MOCK03416,HTN_PCP_FOLLOWUP,0.8136114015282674,InComm-sourced,True,ablation_v1
MOCK03422,HTN_PCP_FOLLOWUP,0.9197278141582749,InComm-sourced,True,ablation_v1
MOCK03428,HTN_PCP_FOLLOWUP,0.8601829606412128,InComm-sourced,True,ablation_v1
MOCK03434,HTN_PCP_FOLLOWUP,0.8955745683097875,InComm-sourced,True,ablation_v1
MOCK03440,HTN_PCP_FOLLOWUP,0.8338035609578489,InComm-sourced,True,ablation_v1
MOCK03446,HTN_PCP_FOLLOWUP,0.8566329425858227,InComm-sourced,True,ablation_v1
MOCK03452,HTN_PCP_FOLLOWUP,0.8339637796323243,InComm-sourced,True,ablation_v1
MOCK03458,HTN_PCP_FOLLOWUP,0.901066903922483,InComm-sourced,True,ablation_v1
MOCK03464,HTN_PCP_FOLLOWUP,0.91751879659769,InComm-sourced,True,ablation_v1
MOCK03470,HTN_PCP_FOLLOWUP,0.9357912532432164,InComm-sourced,True,ablation_v1
MOCK03476,HTN_PCP_FOLLOWUP,0.9004370600871918,InComm-sourced,True,ablation_v1
MOCK03482,HTN_PCP_FOLLOWUP,0.9001937854709783,InComm-sourced,True,ablation_v1
MOCK03488,HTN_PCP_FOLLOWUP,0.8880666784083213,InComm-sourced,True,ablation_v1
MOCK03494,HTN_PCP_FOLLOWUP,0.8388940007717064,InComm-sourced,True,ablation_v1
MOCK03500,HTN_PCP_FOLLOWUP,0.8294102698365323,InComm-sourced,True,ablation_v1
MOCK03506,HTN_PCP_FOLLOWUP,0.9305651092844666,InComm-sourced,True,ablation_v1
MOCK03512,HTN_PCP_FOLLOWUP,0.9245612896849882,InComm-sourced,True,ablation_v1
MOCK03518,HTN_PCP_FOLLOWUP,0.8787258688246414,InComm-sourced,True,ablation_v1
MOCK03524,HTN_PCP_FOLLOWUP,0.7958882012228684,InComm-sourced,True,ablation_v1
MOCK03530,HTN_PCP_FOLLOWUP,0.9280997048015235,InComm-sourced,True,ablation_v1
MOCK03536,HTN_PCP_FOLLOWUP,0.9081464939600379,InComm-sourced,True,ablation_v1
MOCK03542,HTN_PCP_FOLLOWUP,0.8445816608067594,InComm-sourced,True,ablation_v1
MOCK03548,HTN_PCP_FOLLOWUP,0.9069092753004807,InComm-sourced,True,ablation_v1
MOCK03554,HTN_PCP_FOLLOWUP,0.9508253743804449,InComm-sourced,True,ablation_v1
MOCK03560,HTN_PCP_FOLLOWUP,0.860858399987013,InComm-sourced,True,ablation_v1
MOCK03566,HTN_PCP_FOLLOWUP,0.8902275026055149,InComm-sourced,True,ablation_v1
MOCK03572,HTN_PCP_FOLLOWUP,0.9168281256810249,InComm-sourced,True,ablation_v1
MOCK03578,HTN_PCP_FOLLOWUP,0.8243134458279499,InComm-sourced,True,ablation_v1
MOCK03584,HTN_PCP_FOLLOWUP,0.8163364289173458,InComm-sourced,True,ablation_v1
MOCK03590,HTN_PCP_FOLLOWUP,0.8779262551697855,InComm-sourced,True,ablation_v1
MOCK03596,HTN_PCP_FOLLOWUP,0.8981705814871301,InComm-sourced,True,ablation_v1
MOCK03602,HTN_PCP_FOLLOWUP,0.8886466290905694,InComm-sourced,True,ablation_v1
MOCK03608,HTN_PCP_FOLLOWUP,0.9320149404068212,InComm-sourced,True,ablation_v1
MOCK03614,HTN_PCP_FOLLOWUP,0.8687293383005278,InComm-sourced,True,ablation_v1
MOCK03620,HTN_PCP_FOLLOWUP,0.7722403045403331,InComm-sourced,True,ablation_v1
MOCK03626,HTN_PCP_FOLLOWUP,0.929916878418425,InComm-sourced,True,ablation_v1
MOCK03632,HTN_PCP_FOLLOWUP,0.8516994455060977,InComm-sourced,True,ablation_v1
MOCK03638,HTN_PCP_FOLLOWUP,0.9003118191507142,InComm-sourced,True,ablation_v1
MOCK03644,HTN_PCP_FOLLOWUP,0.955468269176905,InComm-sourced,True,ablation_v1
MOCK03650,HTN_PCP_FOLLOWUP,0.9023558419607182,InComm-sourced,True,ablation_v1
MOCK03656,HTN_PCP_FOLLOWUP,0.8206069814614769,InComm-sourced,True,ablation_v1
MOCK03662,HTN_PCP_FOLLOWUP,0.883470133895118,InComm-sourced,True,ablation_v1
MOCK03668,HTN_PCP_FOLLOWUP,0.8745586626297426,InComm-sourced,True,ablation_v1
MOCK03674,HTN_PCP_FOLLOWUP,0.9366220552183412,InComm-sourced,True,ablation_v1
MOCK03680,HTN_PCP_FOLLOWUP,0.8868391342753819,InComm-sourced,True,ablation_v1
MOCK03686,HTN_PCP_FOLLOWUP,0.8984891422260777,InComm-sourced,True,ablation_v1
MOCK03692,HTN_PCP_FOLLOWUP,0.9054040526711672,InComm-sourced,True,ablation_v1
MOCK03698,HTN_PCP_FOLLOWUP,0.8763911304796586,InComm-sourced,True,ablation_v1
MOCK03704,HTN_PCP_FOLLOWUP,0.92848314567802,InComm-sourced,True,ablation_v1
MOCK03710,HTN_PCP_FOLLOWUP,0.9230449561386136,InComm-sourced,True,ablation_v1
MOCK03716,HTN_PCP_FOLLOWUP,0.8582984009121676,InComm-sourced,True,ablation_v1
MOCK03722,HTN_PCP_FOLLOWUP,0.913611504291217,InComm-sourced,True,ablation_v1
MOCK03728,HTN_PCP_FOLLOWUP,0.8102638507995441,InComm-sourced,True,ablation_v1
MOCK03734,HTN_PCP_FOLLOWUP,0.8121712984505716,InComm-sourced,True,ablation_v1
MOCK03740,HTN_PCP_FOLLOWUP,0.8219951594148063,InComm-sourced,True,ablation_v1
MOCK03746,HTN_PCP_FOLLOWUP,0.8312826719035968,InComm-sourced,True,ablation_v1
MOCK03752,HTN_PCP_FOLLOWUP,0.8747431056577601,InComm-sourced,True,ablation_v1
MOCK03758,HTN_PCP_FOLLOWUP,0.916693727711643,InComm-sourced,True,ablation_v1
MOCK03764,HTN_PCP_FOLLOWUP,0.9291251852853616,InComm-sourced,True,ablation_v1
MOCK03770,HTN_PCP_FOLLOWUP,0.8975148743809424,InComm-sourced,True,ablation_v1
MOCK03776,HTN_PCP_FOLLOWUP,0.8487067591951246,InComm-sourced,True,ablation_v1
MOCK03782,HTN_PCP_FOLLOWUP,0.884305308902263,InComm-sourced,True,ablation_v1
MOCK03788,HTN_PCP_FOLLOWUP,0.8624422806371758,InComm-sourced,True,ablation_v1
MOCK03794,HTN_PCP_FOLLOWUP,0.9052838851553177,InComm-sourced,True,ablation_v1
MOCK03800,HTN_PCP_FOLLOWUP,0.9014068079875409,InComm-sourced,True,ablation_v1
MOCK03806,HTN_PCP_FOLLOWUP,0.9636857557198156,InComm-sourced,True,ablation_v1
MOCK03812,HTN_PCP_FOLLOWUP,0.866045465794639,InComm-sourced,True,ablation_v1
MOCK03818,HTN_PCP_FOLLOWUP,0.9169473893742467,InComm-sourced,True,ablation_v1
MOCK03824,HTN_PCP_FOLLOWUP,0.8804437996431772,InComm-sourced,True,ablation_v1
MOCK03830,HTN_PCP_FOLLOWUP,0.8805295905718423,InComm-sourced,True,ablation_v1
MOCK03836,HTN_PCP_FOLLOWUP,0.938892297262879,InComm-sourced,True,ablation_v1
MOCK03842,HTN_PCP_FOLLOWUP,0.9426329396147441,InComm-sourced,True,ablation_v1
MOCK03848,HTN_PCP_FOLLOWUP,0.8843037002414462,InComm-sourced,True,ablation_v1
MOCK03854,HTN_PCP_FOLLOWUP,0.9300075751999398,InComm-sourced,True,ablation_v1
MOCK03860,HTN_PCP_FOLLOWUP,0.8803881709172212,InComm-sourced,True,ablation_v1
MOCK03866,HTN_PCP_FOLLOWUP,0.7933142440548668,InComm-sourced,True,ablation_v1
MOCK03872,HTN_PCP_FOLLOWUP,0.882798908119188,InComm-sourced,True,ablation_v1
MOCK03878,HTN_PCP_FOLLOWUP,0.9237545661485626,InComm-sourced,True,ablation_v1
MOCK03884,HTN_PCP_FOLLOWUP,0.899977590770609,InComm-sourced,True,ablation_v1
MOCK03890,HTN_PCP_FOLLOWUP,0.9154436063384253,InComm-sourced,True,ablation_v1
MOCK03896,HTN_PCP_FOLLOWUP,0.8873045863078177,InComm-sourced,True,ablation_v1
MOCK03902,HTN_PCP_FOLLOWUP,0.8358286221955682,InComm-sourced,True,ablation_v1
MOCK03908,HTN_PCP_FOLLOWUP,0.8462715911431776,InComm-sourced,True,ablation_v1
MOCK03914,HTN_PCP_FOLLOWUP,0.8640289232908224,InComm-sourced,True,ablation_v1
MOCK03920,HTN_PCP_FOLLOWUP,0.8672405712300226,InComm-sourced,True,ablation_v1
MOCK03926,HTN_PCP_FOLLOWUP,0.8952936489456315,InComm-sourced,True,ablation_v1
MOCK03932,HTN_PCP_FOLLOWUP,0.8723856862277559,InComm-sourced,True,ablation_v1
MOCK03938,HTN_PCP_FOLLOWUP,0.8256181663444747,InComm-sourced,True,ablation_v1
MOCK03944,HTN_PCP_FOLLOWUP,0.8906391678306218,InComm-sourced,True,ablation_v1
MOCK03950,HTN_PCP_FOLLOWUP,0.8562044918311389,InComm-sourced,True,ablation_v1
MOCK03956,HTN_PCP_FOLLOWUP,0.8764454574696767,InComm-sourced,True,ablation_v1
MOCK03962,HTN_PCP_FOLLOWUP,0.8634654628458548,InComm-sourced,True,ablation_v1
MOCK03968,HTN_PCP_FOLLOWUP,0.9041293826970574,InComm-sourced,True,ablation_v1
MOCK03974,HTN_PCP_FOLLOWUP,0.8913590658315997,InComm-sourced,True,ablation_v1
MOCK03980,HTN_PCP_FOLLOWUP,0.8158583644057184,InComm-sourced,True,ablation_v1
MOCK03986,HTN_PCP_FOLLOWUP,0.9238630611005589,InComm-sourced,True,ablation_v1
MOCK03992,HTN_PCP_FOLLOWUP,0.8849239916927696,InComm-sourced,True,ablation_v1
MOCK03998,HTN_PCP_FOLLOWUP,0.9245365485135507,InComm-sourced,True,ablation_v1
MOCK04004,HTN_PCP_FOLLOWUP,0.9331631438721618,InComm-sourced,True,ablation_v1
MOCK04010,HTN_PCP_FOLLOWUP,0.9139959732896403,InComm-sourced,True,ablation_v1
MOCK04016,HTN_PCP_FOLLOWUP,0.9161208137928663,InComm-sourced,True,ablation_v1
MOCK04022,HTN_PCP_FOLLOWUP,0.868498244913938,InComm-sourced,True,ablation_v1
MOCK04028,HTN_PCP_FOLLOWUP,0.9191584554288261,InComm-sourced,True,ablation_v1
MOCK04034,HTN_PCP_FOLLOWUP,0.8706987569529253,InComm-sourced,True,ablation_v1
MOCK04040,HTN_PCP_FOLLOWUP,0.8962911945148209,InComm-sourced,True,ablation_v1
MOCK04046,HTN_PCP_FOLLOWUP,0.8726551017868759,InComm-sourced,True,ablation_v1
MOCK04052,HTN_PCP_FOLLOWUP,0.921252398765066,InComm-sourced,True,ablation_v1
MOCK04058,HTN_PCP_FOLLOWUP,0.9260150961119373,InComm-sourced,True,ablation_v1
MOCK04064,HTN_PCP_FOLLOWUP,0.944693164149236,InComm-sourced,True,ablation_v1
MOCK04070,HTN_PCP_FOLLOWUP,0.8618862074480609,InComm-sourced,True,ablation_v1
MOCK04076,HTN_PCP_FOLLOWUP,0.8304938193634898,InComm-sourced,True,ablation_v1
MOCK04082,HTN_PCP_FOLLOWUP,0.9295642189139925,InComm-sourced,True,ablation_v1
MOCK04088,HTN_PCP_FOLLOWUP,0.9065038982146593,InComm-sourced,True,ablation_v1
MOCK04094,HTN_PCP_FOLLOWUP,0.9209277796542958,InComm-sourced,True,ablation_v1
MOCK04100,HTN_PCP_FOLLOWUP,0.8342815800514725,InComm-sourced,True,ablation_v1
MOCK04106,HTN_PCP_FOLLOWUP,0.8410346483980888,InComm-sourced,True,ablation_v1
MOCK04112,HTN_PCP_FOLLOWUP,0.8166518365208072,InComm-sourced,True,ablation_v1
MOCK04118,HTN_PCP_FOLLOWUP,0.9275374517572234,InComm-sourced,True,ablation_v1
MOCK04124,HTN_PCP_FOLLOWUP,0.9479235314188525,InComm-sourced,True,ablation_v1
MOCK04130,HTN_PCP_FOLLOWUP,0.8241343902555891,InComm-sourced,True,ablation_v1
MOCK04136,HTN_PCP_FOLLOWUP,0.9033938141534451,InComm-sourced,True,ablation_v1
MOCK04142,HTN_PCP_FOLLOWUP,0.8094636982705279,InComm-sourced,True,ablation_v1
MOCK04148,HTN_PCP_FOLLOWUP,0.8808681569337763,InComm-sourced,True,ablation_v1
MOCK04154,HTN_PCP_FOLLOWUP,0.856877819803269,InComm-sourced,True,ablation_v1
MOCK04160,HTN_PCP_FOLLOWUP,0.8705799032312079,InComm-sourced,True,ablation_v1
MOCK04166,HTN_PCP_FOLLOWUP,0.9516030712018212,InComm-sourced,True,ablation_v1
MOCK04172,HTN_PCP_FOLLOWUP,0.8388678634147303,InComm-sourced,True,ablation_v1
MOCK04178,HTN_PCP_FOLLOWUP,0.8648812582378211,InComm-sourced,True,ablation_v1
MOCK04184,HTN_PCP_FOLLOWUP,0.9118261919102664,InComm-sourced,True,ablation_v1
MOCK04190,HTN_PCP_FOLLOWUP,0.9643834130425604,InComm-sourced,True,ablation_v1
MOCK04196,HTN_PCP_FOLLOWUP,0.8643893578629175,InComm-sourced,True,ablation_v1
MOCK04202,HTN_PCP_FOLLOWUP,0.8606287212825622,InComm-sourced,True,ablation_v1
MOCK04208,HTN_PCP_FOLLOWUP,0.9154602385429805,InComm-sourced,True,ablation_v1
MOCK04214,HTN_PCP_FOLLOWUP,0.9028328993923227,InComm-sourced,True,ablation_v1
MOCK04220,HTN_PCP_FOLLOWUP,0.9220805537273346,InComm-sourced,True,ablation_v1
MOCK04226,HTN_PCP_FOLLOWUP,0.9466312739407503,InComm-sourced,True,ablation_v1
MOCK04232,HTN_PCP_FOLLOWUP,0.8981966018452281,InComm-sourced,True,ablation_v1
MOCK04238,HTN_PCP_FOLLOWUP,0.9473819645115462,InComm-sourced,True,ablation_v1
MOCK04244,HTN_PCP_FOLLOWUP,0.952006966025858,InComm-sourced,True,ablation_v1
MOCK04250,HTN_PCP_FOLLOWUP,0.9613958084738488,InComm-sourced,True,ablation_v1
MOCK04256,HTN_PCP_FOLLOWUP,0.9233807265477221,InComm-sourced,True,ablation_v1
MOCK04262,HTN_PCP_FOLLOWUP,0.9382441788011632,InComm-sourced,True,ablation_v1
MOCK04268,HTN_PCP_FOLLOWUP,0.8356638144863718,InComm-sourced,True,ablation_v1
MOCK04274,HTN_PCP_FOLLOWUP,0.8680301109293126,InComm-sourced,True,ablation_v1
MOCK04280,HTN_PCP_FOLLOWUP,0.8913624877660143,InComm-sourced,True,ablation_v1
MOCK04286,HTN_PCP_FOLLOWUP,0.8981821160604234,InComm-sourced,True,ablation_v1
MOCK04292,HTN_PCP_FOLLOWUP,0.9240698274515124,InComm-sourced,True,ablation_v1
MOCK04298,HTN_PCP_FOLLOWUP,0.9050009023500186,InComm-sourced,True,ablation_v1
MOCK04304,HTN_PCP_FOLLOWUP,0.8553698236584913,InComm-sourced,True,ablation_v1
MOCK04310,HTN_PCP_FOLLOWUP,0.8806682854823802,InComm-sourced,True,ablation_v1
MOCK04316,HTN_PCP_FOLLOWUP,0.8887402163394607,InComm-sourced,True,ablation_v1
MOCK04322,HTN_PCP_FOLLOWUP,0.9222624579306352,InComm-sourced,True,ablation_v1
MOCK04328,HTN_PCP_FOLLOWUP,0.8853148789955587,InComm-sourced,True,ablation_v1
MOCK04334,HTN_PCP_FOLLOWUP,0.9277124202135903,InComm-sourced,True,ablation_v1
MOCK04340,HTN_PCP_FOLLOWUP,0.8367823584388832,InComm-sourced,True,ablation_v1
MOCK04346,HTN_PCP_FOLLOWUP,0.9333303742914562,InComm-sourced,True,ablation_v1
MOCK04352,HTN_PCP_FOLLOWUP,0.9323760645488378,InComm-sourced,True,ablation_v1
MOCK04358,HTN_PCP_FOLLOWUP,0.9070778328723357,InComm-sourced,True,ablation_v1
MOCK04364,HTN_PCP_FOLLOWUP,0.9032583531232573,InComm-sourced,True,ablation_v1
MOCK04370,HTN_PCP_FOLLOWUP,0.8241974216177429,InComm-sourced,True,ablation_v1
MOCK04376,HTN_PCP_FOLLOWUP,0.9241642498826224,InComm-sourced,True,ablation_v1
MOCK04382,HTN_PCP_FOLLOWUP,0.8403845394059647,InComm-sourced,True,ablation_v1
MOCK04388,HTN_PCP_FOLLOWUP,0.9454890012833393,InComm-sourced,True,ablation_v1
MOCK04394,HTN_PCP_FOLLOWUP,0.8716022878725308,InComm-sourced,True,ablation_v1
MOCK04400,HTN_PCP_FOLLOWUP,0.91190220878651,InComm-sourced,True,ablation_v1
MOCK04406,HTN_PCP_FOLLOWUP,0.9331674624656787,InComm-sourced,True,ablation_v1
MOCK04412,HTN_PCP_FOLLOWUP,0.8882901280778995,InComm-sourced,True,ablation_v1
MOCK04418,HTN_PCP_FOLLOWUP,0.9023224362973951,InComm-sourced,True,ablation_v1
MOCK04424,HTN_PCP_FOLLOWUP,0.8690808458339163,InComm-sourced,True,ablation_v1
MOCK04430,HTN_PCP_FOLLOWUP,0.7522732364126449,InComm-sourced,True,ablation_v1
MOCK04436,HTN_PCP_FOLLOWUP,0.8854887439835529,InComm-sourced,True,ablation_v1
MOCK04442,HTN_PCP_FOLLOWUP,0.8970448620231259,InComm-sourced,True,ablation_v1
MOCK04448,HTN_PCP_FOLLOWUP,0.9091530031170274,InComm-sourced,True,ablation_v1
MOCK04454,HTN_PCP_FOLLOWUP,0.9039204661532118,InComm-sourced,True,ablation_v1
MOCK04460,HTN_PCP_FOLLOWUP,0.8743703736637979,InComm-sourced,True,ablation_v1
MOCK04466,HTN_PCP_FOLLOWUP,0.8646045464009371,InComm-sourced,True,ablation_v1
MOCK04472,HTN_PCP_FOLLOWUP,0.8817090561966152,InComm-sourced,True,ablation_v1
MOCK04478,HTN_PCP_FOLLOWUP,0.8421232200311433,InComm-sourced,True,ablation_v1
MOCK04484,HTN_PCP_FOLLOWUP,0.8964322101685399,InComm-sourced,True,ablation_v1
MOCK04490,HTN_PCP_FOLLOWUP,0.8574572317505612,InComm-sourced,True,ablation_v1
MOCK04496,HTN_PCP_FOLLOWUP,0.853705758497584,InComm-sourced,True,ablation_v1
MOCK04502,HTN_PCP_FOLLOWUP,0.8450995032953744,InComm-sourced,True,ablation_v1
MOCK04508,HTN_PCP_FOLLOWUP,0.8630538207503389,InComm-sourced,True,ablation_v1
MOCK04514,HTN_PCP_FOLLOWUP,0.8708176714979001,InComm-sourced,True,ablation_v1
MOCK04520,HTN_PCP_FOLLOWUP,0.8489076419156517,InComm-sourced,True,ablation_v1
MOCK04526,HTN_PCP_FOLLOWUP,0.8435368230182017,InComm-sourced,True,ablation_v1
MOCK04532,HTN_PCP_FOLLOWUP,0.9177282063561554,InComm-sourced,True,ablation_v1
MOCK04538,HTN_PCP_FOLLOWUP,0.8639355696496634,InComm-sourced,True,ablation_v1
MOCK04544,HTN_PCP_FOLLOWUP,0.8854855621862096,InComm-sourced,True,ablation_v1
MOCK04550,HTN_PCP_FOLLOWUP,0.905749921968136,InComm-sourced,True,ablation_v1
MOCK04556,HTN_PCP_FOLLOWUP,0.900393065454178,InComm-sourced,True,ablation_v1
MOCK04562,HTN_PCP_FOLLOWUP,0.9250646622043477,InComm-sourced,True,ablation_v1
MOCK04568,HTN_PCP_FOLLOWUP,0.9272628925890612,InComm-sourced,True,ablation_v1
MOCK04574,HTN_PCP_FOLLOWUP,0.9010398843894838,InComm-sourced,True,ablation_v1
MOCK04580,HTN_PCP_FOLLOWUP,0.87101754564068,InComm-sourced,True,ablation_v1
MOCK04586,HTN_PCP_FOLLOWUP,0.880754309059873,InComm-sourced,True,ablation_v1
MOCK04592,HTN_PCP_FOLLOWUP,0.8388220940880772,InComm-sourced,True,ablation_v1
MOCK04598,HTN_PCP_FOLLOWUP,0.8915498203327682,InComm-sourced,True,ablation_v1
MOCK04604,HTN_PCP_FOLLOWUP,0.9212404986808749,InComm-sourced,True,ablation_v1
MOCK04610,HTN_PCP_FOLLOWUP,0.907217791492391,InComm-sourced,True,ablation_v1
MOCK04616,HTN_PCP_FOLLOWUP,0.942940144717356,InComm-sourced,True,ablation_v1
MOCK04622,HTN_PCP_FOLLOWUP,0.8387284358144149,InComm-sourced,True,ablation_v1
MOCK04628,HTN_PCP_FOLLOWUP,0.9120946982887765,InComm-sourced,True,ablation_v1
MOCK04634,HTN_PCP_FOLLOWUP,0.9353905773901162,InComm-sourced,True,ablation_v1
MOCK04640,HTN_PCP_FOLLOWUP,0.8812650004452612,InComm-sourced,True,ablation_v1
MOCK04646,HTN_PCP_FOLLOWUP,0.8781790301792338,InComm-sourced,True,ablation_v1
MOCK04652,HTN_PCP_FOLLOWUP,0.915487381444553,InComm-sourced,True,ablation_v1
MOCK04658,HTN_PCP_FOLLOWUP,0.8642996940737743,InComm-sourced,True,ablation_v1
MOCK04664,HTN_PCP_FOLLOWUP,0.8717206806950292,InComm-sourced,True,ablation_v1
MOCK04670,HTN_PCP_FOLLOWUP,0.834019900909817,InComm-sourced,True,ablation_v1
MOCK04676,HTN_PCP_FOLLOWUP,0.8324049060239687,InComm-sourced,True,ablation_v1
MOCK04682,HTN_PCP_FOLLOWUP,0.8150979027628721,InComm-sourced,True,ablation_v1
MOCK04688,HTN_PCP_FOLLOWUP,0.871992503961484,InComm-sourced,True,ablation_v1
MOCK04694,HTN_PCP_FOLLOWUP,0.8291005780300225,InComm-sourced,True,ablation_v1
MOCK04700,HTN_PCP_FOLLOWUP,0.7777588927220784,InComm-sourced,True,ablation_v1
MOCK04706,HTN_PCP_FOLLOWUP,0.8855039366476065,InComm-sourced,True,ablation_v1
MOCK04712,HTN_PCP_FOLLOWUP,0.8736064749810508,InComm-sourced,True,ablation_v1
MOCK04718,HTN_PCP_FOLLOWUP,0.9124557708496775,InComm-sourced,True,ablation_v1
MOCK04724,HTN_PCP_FOLLOWUP,0.9394524424004852,InComm-sourced,True,ablation_v1
MOCK04730,HTN_PCP_FOLLOWUP,0.9061285433256021,InComm-sourced,True,ablation_v1
MOCK04736,HTN_PCP_FOLLOWUP,0.8490205205979963,InComm-sourced,True,ablation_v1
MOCK04742,HTN_PCP_FOLLOWUP,0.9145770383486568,InComm-sourced,True,ablation_v1
MOCK04748,HTN_PCP_FOLLOWUP,0.8766391550840249,InComm-sourced,True,ablation_v1
MOCK04754,HTN_PCP_FOLLOWUP,0.9299459515425659,InComm-sourced,True,ablation_v1
MOCK04760,HTN_PCP_FOLLOWUP,0.8546278210413318,InComm-sourced,True,ablation_v1
MOCK04766,HTN_PCP_FOLLOWUP,0.8569316331974859,InComm-sourced,True,ablation_v1
MOCK04772,HTN_PCP_FOLLOWUP,0.8632512666585719,InComm-sourced,True,ablation_v1
MOCK04778,HTN_PCP_FOLLOWUP,0.8748100194420184,InComm-sourced,True,ablation_v1
MOCK04784,HTN_PCP_FOLLOWUP,0.9125270192685182,InComm-sourced,True,ablation_v1
MOCK04790,HTN_PCP_FOLLOWUP,0.8683048060338997,InComm-sourced,True,ablation_v1
MOCK04796,HTN_PCP_FOLLOWUP,0.8599787113603073,InComm-sourced,True,ablation_v1
MOCK04802,HTN_PCP_FOLLOWUP,0.9035639605174091,InComm-sourced,True,ablation_v1
MOCK04808,HTN_PCP_FOLLOWUP,0.8870255966342107,InComm-sourced,True,ablation_v1
MOCK04814,HTN_PCP_FOLLOWUP,0.935704167877845,InComm-sourced,True,ablation_v1
MOCK04820,HTN_PCP_FOLLOWUP,0.9122904405540885,InComm-sourced,True,ablation_v1
MOCK04826,HTN_PCP_FOLLOWUP,0.9269053506780207,InComm-sourced,True,ablation_v1
MOCK04832,HTN_PCP_FOLLOWUP,0.8854389317448503,InComm-sourced,True,ablation_v1
MOCK04838,HTN_PCP_FOLLOWUP,0.8356635825852806,InComm-sourced,True,ablation_v1
MOCK04844,HTN_PCP_FOLLOWUP,0.872046588880229,InComm-sourced,True,ablation_v1
MOCK04850,HTN_PCP_FOLLOWUP,0.9121169717904,InComm-sourced,True,ablation_v1
MOCK04856,HTN_PCP_FOLLOWUP,0.8627332350446059,InComm-sourced,True,ablation_v1
MOCK04862,HTN_PCP_FOLLOWUP,0.861713111710788,InComm-sourced,True,ablation_v1
MOCK04868,HTN_PCP_FOLLOWUP,0.8735888000050083,InComm-sourced,True,ablation_v1
MOCK04874,HTN_PCP_FOLLOWUP,0.914319219756348,InComm-sourced,True,ablation_v1
MOCK04880,HTN_PCP_FOLLOWUP,0.9311814474328285,InComm-sourced,True,ablation_v1
MOCK04886,HTN_PCP_FOLLOWUP,0.8898544827658215,InComm-sourced,True,ablation_v1
MOCK04892,HTN_PCP_FOLLOWUP,0.8497541552745709,InComm-sourced,True,ablation_v1
MOCK04898,HTN_PCP_FOLLOWUP,0.8671689119966944,InComm-sourced,True,ablation_v1
MOCK04904,HTN_PCP_FOLLOWUP,0.8806213952530327,InComm-sourced,True,ablation_v1
MOCK04910,HTN_PCP_FOLLOWUP,0.8860407391789052,InComm-sourced,True,ablation_v1
MOCK04916,HTN_PCP_FOLLOWUP,0.9278889089839555,InComm-sourced,True,ablation_v1
MOCK04922,HTN_PCP_FOLLOWUP,0.8947462485852905,InComm-sourced,True,ablation_v1
MOCK04928,HTN_PCP_FOLLOWUP,0.8921864446687834,InComm-sourced,True,ablation_v1
MOCK04934,HTN_PCP_FOLLOWUP,0.9614889897699558,InComm-sourced,True,ablation_v1
MOCK04940,HTN_PCP_FOLLOWUP,0.9021834775462767,InComm-sourced,True,ablation_v1
MOCK04946,HTN_PCP_FOLLOWUP,0.890960978368327,InComm-sourced,True,ablation_v1
MOCK04952,HTN_PCP_FOLLOWUP,0.9188111124979279,InComm-sourced,True,ablation_v1
MOCK04958,HTN_PCP_FOLLOWUP,0.9258227874628369,InComm-sourced,True,ablation_v1
MOCK04964,HTN_PCP_FOLLOWUP,0.8716570795085947,InComm-sourced,True,ablation_v1
MOCK04970,HTN_PCP_FOLLOWUP,0.8859765277692905,InComm-sourced,True,ablation_v1
MOCK04976,HTN_PCP_FOLLOWUP,0.8888452453300143,InComm-sourced,True,ablation_v1
MOCK04982,HTN_PCP_FOLLOWUP,0.797190548967721,InComm-sourced,True,ablation_v1
MOCK04988,HTN_PCP_FOLLOWUP,0.8866479286881954,InComm-sourced,True,ablation_v1
MOCK04994,HTN_PCP_FOLLOWUP,0.8393950913326195,InComm-sourced,True,ablation_v1
MOCK05000,HTN_PCP_FOLLOWUP,0.8925921478484055,InComm-sourced,True,ablation_v1
MOCK05006,HTN_PCP_FOLLOWUP,0.9683503909353788,InComm-sourced,True,ablation_v1
MOCK05012,HTN_PCP_FOLLOWUP,0.8997980000476249,InComm-sourced,True,ablation_v1
MOCK05018,HTN_PCP_FOLLOWUP,0.9666134361782676,InComm-sourced,True,ablation_v1
MOCK05024,HTN_PCP_FOLLOWUP,0.8623657507180481,InComm-sourced,True,ablation_v1
MOCK05030,HTN_PCP_FOLLOWUP,0.771218293874214,InComm-sourced,True,ablation_v1
MOCK05036,HTN_PCP_FOLLOWUP,0.8381393246214874,InComm-sourced,True,ablation_v1
MOCK05042,HTN_PCP_FOLLOWUP,0.8244462234121129,InComm-sourced,True,ablation_v1
MOCK05048,HTN_PCP_FOLLOWUP,0.8477461257633883,InComm-sourced,True,ablation_v1
MOCK05054,HTN_PCP_FOLLOWUP,0.8863977637627812,InComm-sourced,True,ablation_v1
MOCK05060,HTN_PCP_FOLLOWUP,0.8436108860552443,InComm-sourced,True,ablation_v1
MOCK05066,HTN_PCP_FOLLOWUP,0.9304348168814209,InComm-sourced,True,ablation_v1
MOCK05072,HTN_PCP_FOLLOWUP,0.8878135485863641,InComm-sourced,True,ablation_v1
MOCK05078,HTN_PCP_FOLLOWUP,0.7877042925921262,InComm-sourced,True,ablation_v1
MOCK05084,HTN_PCP_FOLLOWUP,0.8784244021289989,InComm-sourced,True,ablation_v1
MOCK05090,HTN_PCP_FOLLOWUP,0.8767688569543786,InComm-sourced,True,ablation_v1
MOCK05096,HTN_PCP_FOLLOWUP,0.8681075377386059,InComm-sourced,True,ablation_v1
MOCK05102,HTN_PCP_FOLLOWUP,0.8819527418824361,InComm-sourced,True,ablation_v1
MOCK05108,HTN_PCP_FOLLOWUP,0.9370699511580091,InComm-sourced,True,ablation_v1
MOCK05114,HTN_PCP_FOLLOWUP,0.8846896179484245,InComm-sourced,True,ablation_v1
MOCK05120,HTN_PCP_FOLLOWUP,0.8544133195297634,InComm-sourced,True,ablation_v1
MOCK05126,HTN_PCP_FOLLOWUP,0.9209547909488675,InComm-sourced,True,ablation_v1
MOCK05132,HTN_PCP_FOLLOWUP,0.8986938567669642,InComm-sourced,True,ablation_v1
MOCK05138,HTN_PCP_FOLLOWUP,0.8843775172755818,InComm-sourced,True,ablation_v1
MOCK05144,HTN_PCP_FOLLOWUP,0.8707527318439069,InComm-sourced,True,ablation_v1
MOCK05150,HTN_PCP_FOLLOWUP,0.9138785595390954,InComm-sourced,True,ablation_v1
MOCK05156,HTN_PCP_FOLLOWUP,0.895765955912573,InComm-sourced,True,ablation_v1
MOCK05162,HTN_PCP_FOLLOWUP,0.8921084292224186,InComm-sourced,True,ablation_v1
MOCK05168,HTN_PCP_FOLLOWUP,0.9062728693162155,InComm-sourced,True,ablation_v1
MOCK05174,HTN_PCP_FOLLOWUP,0.8490733867033663,InComm-sourced,True,ablation_v1
MOCK05180,HTN_PCP_FOLLOWUP,0.8618405626067973,InComm-sourced,True,ablation_v1
MOCK05186,HTN_PCP_FOLLOWUP,0.8417642817050054,InComm-sourced,True,ablation_v1
MOCK05192,HTN_PCP_FOLLOWUP,0.9031380365903975,InComm-sourced,True,ablation_v1
MOCK05198,HTN_PCP_FOLLOWUP,0.8650850278645597,InComm-sourced,True,ablation_v1
MOCK05204,HTN_PCP_FOLLOWUP,0.9224236533377418,InComm-sourced,True,ablation_v1
MOCK05210,HTN_PCP_FOLLOWUP,0.8209328122481868,InComm-sourced,True,ablation_v1
MOCK05216,HTN_PCP_FOLLOWUP,0.8771995738911939,InComm-sourced,True,ablation_v1
MOCK05222,HTN_PCP_FOLLOWUP,0.8994498944767236,InComm-sourced,True,ablation_v1
MOCK05228,HTN_PCP_FOLLOWUP,0.8759666051773901,InComm-sourced,True,ablation_v1
MOCK05234,HTN_PCP_FOLLOWUP,0.9267241168630032,InComm-sourced,True,ablation_v1
MOCK05240,HTN_PCP_FOLLOWUP,0.907108266750658,InComm-sourced,True,ablation_v1
MOCK05246,HTN_PCP_FOLLOWUP,0.9123362884043036,InComm-sourced,True,ablation_v1
MOCK05252,HTN_PCP_FOLLOWUP,0.9208086102535876,InComm-sourced,True,ablation_v1
MOCK05258,HTN_PCP_FOLLOWUP,0.921118144952693,InComm-sourced,True,ablation_v1
MOCK05264,HTN_PCP_FOLLOWUP,0.8922866103324009,InComm-sourced,True,ablation_v1
MOCK05270,HTN_PCP_FOLLOWUP,0.888069244168335,InComm-sourced,True,ablation_v1
MOCK05276,HTN_PCP_FOLLOWUP,0.8043634536871499,InComm-sourced,True,ablation_v1
MOCK05282,HTN_PCP_FOLLOWUP,0.8912384576072456,InComm-sourced,True,ablation_v1
MOCK05288,HTN_PCP_FOLLOWUP,0.8399359707341006,InComm-sourced,True,ablation_v1
MOCK05294,HTN_PCP_FOLLOWUP,0.9227305392076467,InComm-sourced,True,ablation_v1
MOCK05300,HTN_PCP_FOLLOWUP,0.8744221313758103,InComm-sourced,True,ablation_v1
MOCK05306,HTN_PCP_FOLLOWUP,0.802320493508543,InComm-sourced,True,ablation_v1
MOCK05312,HTN_PCP_FOLLOWUP,0.8784885654040593,InComm-sourced,True,ablation_v1
MOCK05318,HTN_PCP_FOLLOWUP,0.8743109599342888,InComm-sourced,True,ablation_v1
MOCK05324,HTN_PCP_FOLLOWUP,0.829241127792957,InComm-sourced,True,ablation_v1
MOCK05330,HTN_PCP_FOLLOWUP,0.8829693145160162,InComm-sourced,True,ablation_v1
MOCK05336,HTN_PCP_FOLLOWUP,0.9221444701654367,InComm-sourced,True,ablation_v1
MOCK05342,HTN_PCP_FOLLOWUP,0.8690994828074158,InComm-sourced,True,ablation_v1
MOCK05348,HTN_PCP_FOLLOWUP,0.89833781782475,InComm-sourced,True,ablation_v1
MOCK05354,HTN_PCP_FOLLOWUP,0.9076109137304705,InComm-sourced,True,ablation_v1
MOCK05360,HTN_PCP_FOLLOWUP,0.7787558610567737,InComm-sourced,True,ablation_v1
MOCK05366,HTN_PCP_FOLLOWUP,0.8881909936992385,InComm-sourced,True,ablation_v1
MOCK05372,HTN_PCP_FOLLOWUP,0.9118498391683176,InComm-sourced,True,ablation_v1
MOCK05378,HTN_PCP_FOLLOWUP,0.9215425749211537,InComm-sourced,True,ablation_v1
MOCK05384,HTN_PCP_FOLLOWUP,0.954066542555892,InComm-sourced,True,ablation_v1
MOCK05390,HTN_PCP_FOLLOWUP,0.839308549529031,InComm-sourced,True,ablation_v1
MOCK05396,HTN_PCP_FOLLOWUP,0.9112421811596916,InComm-sourced,True,ablation_v1
MOCK05402,HTN_PCP_FOLLOWUP,0.8457131155767469,InComm-sourced,True,ablation_v1
MOCK05408,HTN_PCP_FOLLOWUP,0.9445215278974862,InComm-sourced,True,ablation_v1
MOCK05414,HTN_PCP_FOLLOWUP,0.8918675215766314,InComm-sourced,True,ablation_v1
MOCK05420,HTN_PCP_FOLLOWUP,0.9139719001716858,InComm-sourced,True,ablation_v1
MOCK05426,HTN_PCP_FOLLOWUP,0.9580650676284279,InComm-sourced,True,ablation_v1
MOCK05432,HTN_PCP_FOLLOWUP,0.8295903161997721,InComm-sourced,True,ablation_v1
MOCK05438,HTN_PCP_FOLLOWUP,0.9184138631662926,InComm-sourced,True,ablation_v1
MOCK05444,HTN_PCP_FOLLOWUP,0.8684817132923583,InComm-sourced,True,ablation_v1
MOCK05450,HTN_PCP_FOLLOWUP,0.8272268343122123,InComm-sourced,True,ablation_v1
MOCK05456,HTN_PCP_FOLLOWUP,0.8474359271697832,InComm-sourced,True,ablation_v1
MOCK05462,HTN_PCP_FOLLOWUP,0.8021625054877853,InComm-sourced,True,ablation_v1
MOCK05468,HTN_PCP_FOLLOWUP,0.8963532075319691,InComm-sourced,True,ablation_v1
MOCK05474,HTN_PCP_FOLLOWUP,0.8283949717429098,InComm-sourced,True,ablation_v1
MOCK05480,HTN_PCP_FOLLOWUP,0.8486039233004475,InComm-sourced,True,ablation_v1
MOCK05486,HTN_PCP_FOLLOWUP,0.8785554239775988,InComm-sourced,True,ablation_v1
MOCK05492,HTN_PCP_FOLLOWUP,0.9474141306346743,InComm-sourced,True,ablation_v1
MOCK05498,HTN_PCP_FOLLOWUP,0.89814112139255,InComm-sourced,True,ablation_v1
MOCK05504,HTN_PCP_FOLLOWUP,0.8511385567128943,InComm-sourced,True,ablation_v1
MOCK05510,HTN_PCP_FOLLOWUP,0.7494526003412751,InComm-sourced,True,ablation_v1
MOCK05516,HTN_PCP_FOLLOWUP,0.8621092914864196,InComm-sourced,True,ablation_v1
MOCK05522,HTN_PCP_FOLLOWUP,0.902154465414112,InComm-sourced,True,ablation_v1
MOCK05528,HTN_PCP_FOLLOWUP,0.8792741852258588,InComm-sourced,True,ablation_v1
MOCK05534,HTN_PCP_FOLLOWUP,0.9038507505315853,InComm-sourced,True,ablation_v1
MOCK05540,HTN_PCP_FOLLOWUP,0.8045920475449794,InComm-sourced,True,ablation_v1
MOCK05546,HTN_PCP_FOLLOWUP,0.840915061865911,InComm-sourced,True,ablation_v1
MOCK05552,HTN_PCP_FOLLOWUP,0.8199854661156087,InComm-sourced,True,ablation_v1
MOCK05558,HTN_PCP_FOLLOWUP,0.844926573406636,InComm-sourced,True,ablation_v1
MOCK05564,HTN_PCP_FOLLOWUP,0.9040611838773139,InComm-sourced,True,ablation_v1
MOCK05570,HTN_PCP_FOLLOWUP,0.8203354676313065,InComm-sourced,True,ablation_v1
MOCK05576,HTN_PCP_FOLLOWUP,0.8777513854532867,InComm-sourced,True,ablation_v1
MOCK05582,HTN_PCP_FOLLOWUP,0.8644104881342584,InComm-sourced,True,ablation_v1
MOCK05588,HTN_PCP_FOLLOWUP,0.9275389642984619,InComm-sourced,True,ablation_v1
MOCK05594,HTN_PCP_FOLLOWUP,0.8811292535826803,InComm-sourced,True,ablation_v1
MOCK05600,HTN_PCP_FOLLOWUP,0.8430416222733083,InComm-sourced,True,ablation_v1
MOCK05606,HTN_PCP_FOLLOWUP,0.787274108793435,InComm-sourced,True,ablation_v1
MOCK05612,HTN_PCP_FOLLOWUP,0.9062312412353923,InComm-sourced,True,ablation_v1
MOCK05618,HTN_PCP_FOLLOWUP,0.8238294156187392,InComm-sourced,True,ablation_v1
MOCK05624,HTN_PCP_FOLLOWUP,0.8594599053866433,InComm-sourced,True,ablation_v1
MOCK05630,HTN_PCP_FOLLOWUP,0.8979634822710788,InComm-sourced,True,ablation_v1
MOCK05636,HTN_PCP_FOLLOWUP,0.8379826391253898,InComm-sourced,True,ablation_v1
MOCK05642,HTN_PCP_FOLLOWUP,0.8961236401046766,InComm-sourced,True,ablation_v1
MOCK05648,HTN_PCP_FOLLOWUP,0.9155387700909298,InComm-sourced,True,ablation_v1
MOCK05654,HTN_PCP_FOLLOWUP,0.9224062129217446,InComm-sourced,True,ablation_v1
MOCK05660,HTN_PCP_FOLLOWUP,0.8229436519546347,InComm-sourced,True,ablation_v1
MOCK05666,HTN_PCP_FOLLOWUP,0.8381381962616014,InComm-sourced,True,ablation_v1
MOCK05672,HTN_PCP_FOLLOWUP,0.8386407552378448,InComm-sourced,True,ablation_v1
MOCK05678,HTN_PCP_FOLLOWUP,0.8639659543989588,InComm-sourced,True,ablation_v1
MOCK05684,HTN_PCP_FOLLOWUP,0.8810130732013958,InComm-sourced,True,ablation_v1
MOCK05690,HTN_PCP_FOLLOWUP,0.8636758662811281,InComm-sourced,True,ablation_v1
MOCK05696,HTN_PCP_FOLLOWUP,0.8812630019412695,InComm-sourced,True,ablation_v1
MOCK05702,HTN_PCP_FOLLOWUP,0.9121596909030937,InComm-sourced,True,ablation_v1
MOCK05708,HTN_PCP_FOLLOWUP,0.8901318780232802,InComm-sourced,True,ablation_v1
MOCK05714,HTN_PCP_FOLLOWUP,0.9444280124701249,InComm-sourced,True,ablation_v1
MOCK05720,HTN_PCP_FOLLOWUP,0.8715344721239978,InComm-sourced,True,ablation_v1
MOCK05726,HTN_PCP_FOLLOWUP,0.8696662792593222,InComm-sourced,True,ablation_v1
MOCK05732,HTN_PCP_FOLLOWUP,0.8469874841247103,InComm-sourced,True,ablation_v1
MOCK05738,HTN_PCP_FOLLOWUP,0.8989689040903523,InComm-sourced,True,ablation_v1
MOCK05744,HTN_PCP_FOLLOWUP,0.8489166374377493,InComm-sourced,True,ablation_v1
MOCK05750,HTN_PCP_FOLLOWUP,0.9142594756137872,InComm-sourced,True,ablation_v1
MOCK05756,HTN_PCP_FOLLOWUP,0.8859438967666134,InComm-sourced,True,ablation_v1
MOCK05762,HTN_PCP_FOLLOWUP,0.9166184145791227,InComm-sourced,True,ablation_v1
MOCK05768,HTN_PCP_FOLLOWUP,0.9307604433583546,InComm-sourced,True,ablation_v1
MOCK05774,HTN_PCP_FOLLOWUP,0.9053372962365049,InComm-sourced,True,ablation_v1
MOCK05780,HTN_PCP_FOLLOWUP,0.8728299810181415,InComm-sourced,True,ablation_v1
MOCK05786,HTN_PCP_FOLLOWUP,0.9074848691358143,InComm-sourced,True,ablation_v1
MOCK05792,HTN_PCP_FOLLOWUP,0.9126177233081837,InComm-sourced,True,ablation_v1
MOCK05798,HTN_PCP_FOLLOWUP,0.9588111547037937,InComm-sourced,True,ablation_v1
MOCK05804,HTN_PCP_FOLLOWUP,0.8704680333783125,InComm-sourced,True,ablation_v1
MOCK05810,HTN_PCP_FOLLOWUP,0.8438120179126598,InComm-sourced,True,ablation_v1
MOCK05816,HTN_PCP_FOLLOWUP,0.888153208408772,InComm-sourced,True,ablation_v1
MOCK05822,HTN_PCP_FOLLOWUP,0.9592873905042102,InComm-sourced,True,ablation_v1
MOCK05828,HTN_PCP_FOLLOWUP,0.9336702797606328,InComm-sourced,True,ablation_v1
MOCK05834,HTN_PCP_FOLLOWUP,0.9098189494158127,InComm-sourced,True,ablation_v1
MOCK05840,HTN_PCP_FOLLOWUP,0.8618389003628153,InComm-sourced,True,ablation_v1
MOCK05846,HTN_PCP_FOLLOWUP,0.9296074821570022,InComm-sourced,True,ablation_v1
MOCK05852,HTN_PCP_FOLLOWUP,0.8702832445935824,InComm-sourced,True,ablation_v1
MOCK05858,HTN_PCP_FOLLOWUP,0.8580754100017335,InComm-sourced,True,ablation_v1
MOCK05864,HTN_PCP_FOLLOWUP,0.9139297008458517,InComm-sourced,True,ablation_v1
MOCK05870,HTN_PCP_FOLLOWUP,0.8697071665148852,InComm-sourced,True,ablation_v1
MOCK05876,HTN_PCP_FOLLOWUP,0.9216814136122444,InComm-sourced,True,ablation_v1
MOCK05882,HTN_PCP_FOLLOWUP,0.8658167667954116,InComm-sourced,True,ablation_v1
MOCK05888,HTN_PCP_FOLLOWUP,0.9069887643362992,InComm-sourced,True,ablation_v1
MOCK05894,HTN_PCP_FOLLOWUP,0.8980043225177774,InComm-sourced,True,ablation_v1
MOCK05900,HTN_PCP_FOLLOWUP,0.914528302851953,InComm-sourced,True,ablation_v1
MOCK05906,HTN_PCP_FOLLOWUP,0.9070056366325574,InComm-sourced,True,ablation_v1
MOCK05912,HTN_PCP_FOLLOWUP,0.8171005525164675,InComm-sourced,True,ablation_v1
MOCK05918,HTN_PCP_FOLLOWUP,0.9102878346599449,InComm-sourced,True,ablation_v1
MOCK05924,HTN_PCP_FOLLOWUP,0.834463257472237,InComm-sourced,True,ablation_v1
MOCK05930,HTN_PCP_FOLLOWUP,0.8613970297286762,InComm-sourced,True,ablation_v1
MOCK05936,HTN_PCP_FOLLOWUP,0.8304923810149981,InComm-sourced,True,ablation_v1
MOCK05942,HTN_PCP_FOLLOWUP,0.9157040223372599,InComm-sourced,True,ablation_v1
MOCK05948,HTN_PCP_FOLLOWUP,0.8973863257952088,InComm-sourced,True,ablation_v1
MOCK05954,HTN_PCP_FOLLOWUP,0.9377685042018241,InComm-sourced,True,ablation_v1
MOCK05960,HTN_PCP_FOLLOWUP,0.9127371453994493,InComm-sourced,True,ablation_v1
MOCK05966,HTN_PCP_FOLLOWUP,0.8397835046984533,InComm-sourced,True,ablation_v1
MOCK05972,HTN_PCP_FOLLOWUP,0.9137844451822753,InComm-sourced,True,ablation_v1
MOCK05978,HTN_PCP_FOLLOWUP,0.8714070857899765,InComm-sourced,True,ablation_v1
MOCK05984,HTN_PCP_FOLLOWUP,0.8396875716223762,InComm-sourced,True,ablation_v1
MOCK05990,HTN_PCP_FOLLOWUP,0.816408366750605,InComm-sourced,True,ablation_v1
MOCK05996,HTN_PCP_FOLLOWUP,0.8537131201041395,InComm-sourced,True,ablation_v1
MOCK06002,HTN_PCP_FOLLOWUP,0.8627737277644748,InComm-sourced,True,ablation_v1
MOCK06008,HTN_PCP_FOLLOWUP,0.9041824651989824,InComm-sourced,True,ablation_v1
MOCK06014,HTN_PCP_FOLLOWUP,0.9106736491582714,InComm-sourced,True,ablation_v1
MOCK06020,HTN_PCP_FOLLOWUP,0.8339081811579241,InComm-sourced,True,ablation_v1
MOCK06026,HTN_PCP_FOLLOWUP,0.9077386814425034,InComm-sourced,True,ablation_v1
MOCK06032,HTN_PCP_FOLLOWUP,0.9135467289665179,InComm-sourced,True,ablation_v1
MOCK06038,HTN_PCP_FOLLOWUP,0.8777391405481034,InComm-sourced,True,ablation_v1
MOCK06044,HTN_PCP_FOLLOWUP,0.9382353848784513,InComm-sourced,True,ablation_v1
MOCK06050,HTN_PCP_FOLLOWUP,0.8431795590550103,InComm-sourced,True,ablation_v1
MOCK06056,HTN_PCP_FOLLOWUP,0.8498318886758575,InComm-sourced,True,ablation_v1
MOCK06062,HTN_PCP_FOLLOWUP,0.8668542242576912,InComm-sourced,True,ablation_v1
MOCK06068,HTN_PCP_FOLLOWUP,0.8912728553491907,InComm-sourced,True,ablation_v1
MOCK06074,HTN_PCP_FOLLOWUP,0.9100236819689387,InComm-sourced,True,ablation_v1
MOCK06080,HTN_PCP_FOLLOWUP,0.914061583899054,InComm-sourced,True,ablation_v1
MOCK06086,HTN_PCP_FOLLOWUP,0.8621331059137949,InComm-sourced,True,ablation_v1
MOCK06092,HTN_PCP_FOLLOWUP,0.9165320355973745,InComm-sourced,True,ablation_v1
MOCK06098,HTN_PCP_FOLLOWUP,0.8696412483351501,InComm-sourced,True,ablation_v1
MOCK06104,HTN_PCP_FOLLOWUP,0.8722408557524994,InComm-sourced,True,ablation_v1
MOCK06110,HTN_PCP_FOLLOWUP,0.9189910198964372,InComm-sourced,True,ablation_v1
MOCK06116,HTN_PCP_FOLLOWUP,0.8874391595560837,InComm-sourced,True,ablation_v1
MOCK06122,HTN_PCP_FOLLOWUP,0.8655241501787876,InComm-sourced,True,ablation_v1
MOCK06128,HTN_PCP_FOLLOWUP,0.8580846568568861,InComm-sourced,True,ablation_v1
MOCK06134,HTN_PCP_FOLLOWUP,0.9278337390282481,InComm-sourced,True,ablation_v1
MOCK06140,HTN_PCP_FOLLOWUP,0.9007484824921378,InComm-sourced,True,ablation_v1
MOCK06146,HTN_PCP_FOLLOWUP,0.8839850141208172,InComm-sourced,True,ablation_v1
MOCK06152,HTN_PCP_FOLLOWUP,0.912425391221567,InComm-sourced,True,ablation_v1
MOCK06158,HTN_PCP_FOLLOWUP,0.8224983206236887,InComm-sourced,True,ablation_v1
MOCK06164,HTN_PCP_FOLLOWUP,0.9712573384783294,InComm-sourced,True,ablation_v1
MOCK06170,HTN_PCP_FOLLOWUP,0.8990702857339095,InComm-sourced,True,ablation_v1
MOCK06176,HTN_PCP_FOLLOWUP,0.8276059711322103,InComm-sourced,True,ablation_v1
MOCK06182,HTN_PCP_FOLLOWUP,0.8904025383898434,InComm-sourced,True,ablation_v1
MOCK06188,HTN_PCP_FOLLOWUP,0.8446020964426122,InComm-sourced,True,ablation_v1
MOCK06194,HTN_PCP_FOLLOWUP,0.901665216311681,InComm-sourced,True,ablation_v1
MOCK06200,HTN_PCP_FOLLOWUP,0.9235757618294893,InComm-sourced,True,ablation_v1
MOCK06206,HTN_PCP_FOLLOWUP,0.8772974576430235,InComm-sourced,True,ablation_v1
MOCK06212,HTN_PCP_FOLLOWUP,0.9259289318768091,InComm-sourced,True,ablation_v1
MOCK06218,HTN_PCP_FOLLOWUP,0.9057872858060129,InComm-sourced,True,ablation_v1
MOCK06224,HTN_PCP_FOLLOWUP,0.9579900644558171,InComm-sourced,True,ablation_v1
MOCK06230,HTN_PCP_FOLLOWUP,0.9180358956198892,InComm-sourced,True,ablation_v1
MOCK06236,HTN_PCP_FOLLOWUP,0.8332153038567642,InComm-sourced,True,ablation_v1
MOCK06242,HTN_PCP_FOLLOWUP,0.806940073960575,InComm-sourced,True,ablation_v1
MOCK06248,HTN_PCP_FOLLOWUP,0.9350224736014943,InComm-sourced,True,ablation_v1
MOCK06254,HTN_PCP_FOLLOWUP,0.9103420952696752,InComm-sourced,True,ablation_v1
MOCK06260,HTN_PCP_FOLLOWUP,0.848715664788215,InComm-sourced,True,ablation_v1
MOCK06266,HTN_PCP_FOLLOWUP,0.9541850097905414,InComm-sourced,True,ablation_v1
MOCK06272,HTN_PCP_FOLLOWUP,0.8979773906884545,InComm-sourced,True,ablation_v1
MOCK06278,HTN_PCP_FOLLOWUP,0.9086781775686533,InComm-sourced,True,ablation_v1
MOCK06284,HTN_PCP_FOLLOWUP,0.8973176897415842,InComm-sourced,True,ablation_v1
MOCK06290,HTN_PCP_FOLLOWUP,0.8709270751211499,InComm-sourced,True,ablation_v1
MOCK06296,HTN_PCP_FOLLOWUP,0.8741442737897807,InComm-sourced,True,ablation_v1
MOCK06302,HTN_PCP_FOLLOWUP,0.8364213426061932,InComm-sourced,True,ablation_v1
MOCK06308,HTN_PCP_FOLLOWUP,0.8855316103073442,InComm-sourced,True,ablation_v1
MOCK06314,HTN_PCP_FOLLOWUP,0.9041193787382988,InComm-sourced,True,ablation_v1
MOCK06320,HTN_PCP_FOLLOWUP,0.8515305557364014,InComm-sourced,True,ablation_v1
MOCK06326,HTN_PCP_FOLLOWUP,0.8956742685805867,InComm-sourced,True,ablation_v1
MOCK06332,HTN_PCP_FOLLOWUP,0.8958279418978036,InComm-sourced,True,ablation_v1
MOCK06338,HTN_PCP_FOLLOWUP,0.9516547572262102,InComm-sourced,True,ablation_v1
MOCK06344,HTN_PCP_FOLLOWUP,0.9532473744641407,InComm-sourced,True,ablation_v1
MOCK06350,HTN_PCP_FOLLOWUP,0.8616427606029659,InComm-sourced,True,ablation_v1
MOCK06356,HTN_PCP_FOLLOWUP,0.9030955254121577,InComm-sourced,True,ablation_v1
MOCK06362,HTN_PCP_FOLLOWUP,0.9083829094571299,InComm-sourced,True,ablation_v1
MOCK06368,HTN_PCP_FOLLOWUP,0.8638687243081584,InComm-sourced,True,ablation_v1
MOCK06374,HTN_PCP_FOLLOWUP,0.844875280022294,InComm-sourced,True,ablation_v1
MOCK06380,HTN_PCP_FOLLOWUP,0.8953052991314918,InComm-sourced,True,ablation_v1
MOCK06386,HTN_PCP_FOLLOWUP,0.810570269429742,InComm-sourced,True,ablation_v1
MOCK06392,HTN_PCP_FOLLOWUP,0.8145592243026535,InComm-sourced,True,ablation_v1
MOCK06398,HTN_PCP_FOLLOWUP,0.8605373886071557,InComm-sourced,True,ablation_v1
MOCK06404,HTN_PCP_FOLLOWUP,0.824062885388364,InComm-sourced,True,ablation_v1
MOCK06410,HTN_PCP_FOLLOWUP,0.8415973875355541,InComm-sourced,True,ablation_v1
MOCK06416,HTN_PCP_FOLLOWUP,0.8899388012721337,InComm-sourced,True,ablation_v1
MOCK06422,HTN_PCP_FOLLOWUP,0.9557102383885165,InComm-sourced,True,ablation_v1
MOCK06428,HTN_PCP_FOLLOWUP,0.8620038356928142,InComm-sourced,True,ablation_v1
MOCK06434,HTN_PCP_FOLLOWUP,0.9450276358611676,InComm-sourced,True,ablation_v1
MOCK06440,HTN_PCP_FOLLOWUP,0.9076322943561919,InComm-sourced,True,ablation_v1
MOCK06446,HTN_PCP_FOLLOWUP,0.9409127157414242,InComm-sourced,True,ablation_v1
MOCK06452,HTN_PCP_FOLLOWUP,0.8477438221189227,InComm-sourced,True,ablation_v1
MOCK06458,HTN_PCP_FOLLOWUP,0.939535036156688,InComm-sourced,True,ablation_v1
MOCK06464,HTN_PCP_FOLLOWUP,0.867900993483118,InComm-sourced,True,ablation_v1
MOCK06470,HTN_PCP_FOLLOWUP,0.8962847252097254,InComm-sourced,True,ablation_v1
MOCK06476,HTN_PCP_FOLLOWUP,0.8709484775589029,InComm-sourced,True,ablation_v1
MOCK06482,HTN_PCP_FOLLOWUP,0.8939378916688487,InComm-sourced,True,ablation_v1
MOCK06488,HTN_PCP_FOLLOWUP,0.8277328346747812,InComm-sourced,True,ablation_v1
MOCK06494,HTN_PCP_FOLLOWUP,0.9507083728775332,InComm-sourced,True,ablation_v1
MOCK06500,HTN_PCP_FOLLOWUP,0.8999060558716147,InComm-sourced,True,ablation_v1
MOCK06506,HTN_PCP_FOLLOWUP,0.9129124775052379,InComm-sourced,True,ablation_v1
MOCK06512,HTN_PCP_FOLLOWUP,0.8952255008492004,InComm-sourced,True,ablation_v1
MOCK06518,HTN_PCP_FOLLOWUP,0.8632513867717151,InComm-sourced,True,ablation_v1
MOCK06524,HTN_PCP_FOLLOWUP,0.9102559002045912,InComm-sourced,True,ablation_v1
MOCK06530,HTN_PCP_FOLLOWUP,0.897167830581397,InComm-sourced,True,ablation_v1
MOCK06536,HTN_PCP_FOLLOWUP,0.76773228377657,InComm-sourced,True,ablation_v1
MOCK06542,HTN_PCP_FOLLOWUP,0.894755949678476,InComm-sourced,True,ablation_v1
MOCK06548,HTN_PCP_FOLLOWUP,0.8780906550519784,InComm-sourced,True,ablation_v1
MOCK06554,HTN_PCP_FOLLOWUP,0.8473532149837733,InComm-sourced,True,ablation_v1
MOCK06560,HTN_PCP_FOLLOWUP,0.8578227743837356,InComm-sourced,True,ablation_v1
MOCK06566,HTN_PCP_FOLLOWUP,0.8515265896304581,InComm-sourced,True,ablation_v1
MOCK06572,HTN_PCP_FOLLOWUP,0.8675378211494309,InComm-sourced,True,ablation_v1
MOCK06578,HTN_PCP_FOLLOWUP,0.9341495764217261,InComm-sourced,True,ablation_v1
MOCK06584,HTN_PCP_FOLLOWUP,0.9001604176086269,InComm-sourced,True,ablation_v1
MOCK06590,HTN_PCP_FOLLOWUP,0.9372564981976071,InComm-sourced,True,ablation_v1
MOCK06596,HTN_PCP_FOLLOWUP,0.8485461782096226,InComm-sourced,True,ablation_v1
MOCK06602,HTN_PCP_FOLLOWUP,0.9237573887164574,InComm-sourced,True,ablation_v1
MOCK06608,HTN_PCP_FOLLOWUP,0.8238504274080299,InComm-sourced,True,ablation_v1
MOCK06614,HTN_PCP_FOLLOWUP,0.8808291248917323,InComm-sourced,True,ablation_v1
MOCK06620,HTN_PCP_FOLLOWUP,0.897031427671477,InComm-sourced,True,ablation_v1
MOCK06626,HTN_PCP_FOLLOWUP,0.7873876161935548,InComm-sourced,True,ablation_v1
MOCK06632,HTN_PCP_FOLLOWUP,0.8830546179562061,InComm-sourced,True,ablation_v1
MOCK06638,HTN_PCP_FOLLOWUP,0.9290796548606656,InComm-sourced,True,ablation_v1
MOCK06644,HTN_PCP_FOLLOWUP,0.8948694858872935,InComm-sourced,True,ablation_v1
MOCK06650,HTN_PCP_FOLLOWUP,0.9086786289708747,InComm-sourced,True,ablation_v1
MOCK06656,HTN_PCP_FOLLOWUP,0.9190393484528331,InComm-sourced,True,ablation_v1
MOCK06662,HTN_PCP_FOLLOWUP,0.8438995761096982,InComm-sourced,True,ablation_v1
MOCK06668,HTN_PCP_FOLLOWUP,0.8682067750182395,InComm-sourced,True,ablation_v1
MOCK06674,HTN_PCP_FOLLOWUP,0.9252838887870708,InComm-sourced,True,ablation_v1
MOCK06680,HTN_PCP_FOLLOWUP,0.8526417013469169,InComm-sourced,True,ablation_v1
MOCK06686,HTN_PCP_FOLLOWUP,0.9092394770573798,InComm-sourced,True,ablation_v1
MOCK06692,HTN_PCP_FOLLOWUP,0.8438911466696633,InComm-sourced,True,ablation_v1
MOCK06698,HTN_PCP_FOLLOWUP,0.9209288287254122,InComm-sourced,True,ablation_v1
MOCK06704,HTN_PCP_FOLLOWUP,0.9007470600667898,InComm-sourced,True,ablation_v1
MOCK06710,HTN_PCP_FOLLOWUP,0.8661302299420444,InComm-sourced,True,ablation_v1
MOCK06716,HTN_PCP_FOLLOWUP,0.8577779544287225,InComm-sourced,True,ablation_v1
MOCK06722,HTN_PCP_FOLLOWUP,0.910232952174727,InComm-sourced,True,ablation_v1
MOCK06728,HTN_PCP_FOLLOWUP,0.8948815921720257,InComm-sourced,True,ablation_v1
MOCK06734,HTN_PCP_FOLLOWUP,0.871047070441058,InComm-sourced,True,ablation_v1
MOCK06740,HTN_PCP_FOLLOWUP,0.847068780710782,InComm-sourced,True,ablation_v1
MOCK06746,HTN_PCP_FOLLOWUP,0.8744664780665079,InComm-sourced,True,ablation_v1
MOCK06752,HTN_PCP_FOLLOWUP,0.8647346981894656,InComm-sourced,True,ablation_v1
MOCK06758,HTN_PCP_FOLLOWUP,0.8142939459719002,InComm-sourced,True,ablation_v1
MOCK06764,HTN_PCP_FOLLOWUP,0.8339562218834996,InComm-sourced,True,ablation_v1
MOCK06770,HTN_PCP_FOLLOWUP,0.8352421940897256,InComm-sourced,True,ablation_v1
MOCK06776,HTN_PCP_FOLLOWUP,0.8837328460876308,InComm-sourced,True,ablation_v1
MOCK06782,HTN_PCP_FOLLOWUP,0.9111710956146664,InComm-sourced,True,ablation_v1
MOCK06788,HTN_PCP_FOLLOWUP,0.8702820033565415,InComm-sourced,True,ablation_v1
MOCK06794,HTN_PCP_FOLLOWUP,0.9618121276284722,InComm-sourced,True,ablation_v1
MOCK06800,HTN_PCP_FOLLOWUP,0.8399931262237945,InComm-sourced,True,ablation_v1
MOCK06806,HTN_PCP_FOLLOWUP,0.8149000227255281,InComm-sourced,True,ablation_v1
MOCK06812,HTN_PCP_FOLLOWUP,0.904212242547141,InComm-sourced,True,ablation_v1
MOCK06818,HTN_PCP_FOLLOWUP,0.8397830259759713,InComm-sourced,True,ablation_v1
MOCK06824,HTN_PCP_FOLLOWUP,0.8462204464087525,InComm-sourced,True,ablation_v1
MOCK06830,HTN_PCP_FOLLOWUP,0.8893231642964146,InComm-sourced,True,ablation_v1
MOCK06836,HTN_PCP_FOLLOWUP,0.8548417849365512,InComm-sourced,True,ablation_v1
MOCK06842,HTN_PCP_FOLLOWUP,0.8786589881373614,InComm-sourced,True,ablation_v1
MOCK06848,HTN_PCP_FOLLOWUP,0.9173500450881954,InComm-sourced,True,ablation_v1
MOCK06854,HTN_PCP_FOLLOWUP,0.9000012483533508,InComm-sourced,True,ablation_v1
MOCK06860,HTN_PCP_FOLLOWUP,0.8685578442462738,InComm-sourced,True,ablation_v1
MOCK06866,HTN_PCP_FOLLOWUP,0.9406809171121002,InComm-sourced,True,ablation_v1
MOCK06872,HTN_PCP_FOLLOWUP,0.9134764413272278,InComm-sourced,True,ablation_v1
MOCK06878,HTN_PCP_FOLLOWUP,0.91283228932606,InComm-sourced,True,ablation_v1
MOCK06884,HTN_PCP_FOLLOWUP,0.9205781994623962,InComm-sourced,True,ablation_v1
MOCK06890,HTN_PCP_FOLLOWUP,0.951476769632232,InComm-sourced,True,ablation_v1
MOCK06896,HTN_PCP_FOLLOWUP,0.9303685789808086,InComm-sourced,True,ablation_v1
MOCK06902,HTN_PCP_FOLLOWUP,0.8217678451161413,InComm-sourced,True,ablation_v1
MOCK06908,HTN_PCP_FOLLOWUP,0.8879501366627612,InComm-sourced,True,ablation_v1
MOCK06914,HTN_PCP_FOLLOWUP,0.9096557429476421,InComm-sourced,True,ablation_v1
MOCK06920,HTN_PCP_FOLLOWUP,0.9234036793781952,InComm-sourced,True,ablation_v1
MOCK06926,HTN_PCP_FOLLOWUP,0.8148778591161902,InComm-sourced,True,ablation_v1
MOCK06932,HTN_PCP_FOLLOWUP,0.929227160975072,InComm-sourced,True,ablation_v1
MOCK06938,HTN_PCP_FOLLOWUP,0.8971658618430701,InComm-sourced,True,ablation_v1
MOCK06944,HTN_PCP_FOLLOWUP,0.9593713249283716,InComm-sourced,True,ablation_v1
MOCK06950,HTN_PCP_FOLLOWUP,0.9335082320124866,InComm-sourced,True,ablation_v1
MOCK06956,HTN_PCP_FOLLOWUP,0.8107113469353648,InComm-sourced,True,ablation_v1
MOCK06962,HTN_PCP_FOLLOWUP,0.9127242755068881,InComm-sourced,True,ablation_v1
MOCK06968,HTN_PCP_FOLLOWUP,0.94489607596361,InComm-sourced,True,ablation_v1
MOCK06974,HTN_PCP_FOLLOWUP,0.947034895211933,InComm-sourced,True,ablation_v1
MOCK06980,HTN_PCP_FOLLOWUP,0.8811401572771022,InComm-sourced,True,ablation_v1
MOCK06986,HTN_PCP_FOLLOWUP,0.947535603832179,InComm-sourced,True,ablation_v1
MOCK06992,HTN_PCP_FOLLOWUP,0.8886547567376568,InComm-sourced,True,ablation_v1
MOCK06998,HTN_PCP_FOLLOWUP,0.8494304184709607,InComm-sourced,True,ablation_v1
MOCK07004,HTN_PCP_FOLLOWUP,0.8523190811162745,InComm-sourced,True,ablation_v1
MOCK07010,HTN_PCP_FOLLOWUP,0.8716717987436547,InComm-sourced,True,ablation_v1
MOCK07016,HTN_PCP_FOLLOWUP,0.8619820840899398,InComm-sourced,True,ablation_v1
MOCK07022,HTN_PCP_FOLLOWUP,0.9076988137005546,InComm-sourced,True,ablation_v1
MOCK07028,HTN_PCP_FOLLOWUP,0.9399152804154091,InComm-sourced,True,ablation_v1
MOCK07034,HTN_PCP_FOLLOWUP,0.8912900112208052,InComm-sourced,True,ablation_v1
MOCK07040,HTN_PCP_FOLLOWUP,0.8818986108486424,InComm-sourced,True,ablation_v1
MOCK07046,HTN_PCP_FOLLOWUP,0.8763555022185322,InComm-sourced,True,ablation_v1
MOCK07052,HTN_PCP_FOLLOWUP,0.9006750403408249,InComm-sourced,True,ablation_v1
MOCK07058,HTN_PCP_FOLLOWUP,0.898415854259393,InComm-sourced,True,ablation_v1
MOCK07064,HTN_PCP_FOLLOWUP,0.9111349532681263,InComm-sourced,True,ablation_v1
MOCK07070,HTN_PCP_FOLLOWUP,0.8324985463291491,InComm-sourced,True,ablation_v1
MOCK07076,HTN_PCP_FOLLOWUP,0.8651891890375094,InComm-sourced,True,ablation_v1
MOCK07082,HTN_PCP_FOLLOWUP,0.9661715618753799,InComm-sourced,True,ablation_v1
MOCK07088,HTN_PCP_FOLLOWUP,0.8970972847224074,InComm-sourced,True,ablation_v1
MOCK07094,HTN_PCP_FOLLOWUP,0.9194693978284456,InComm-sourced,True,ablation_v1
MOCK07100,HTN_PCP_FOLLOWUP,0.887141080257526,InComm-sourced,True,ablation_v1
MOCK07106,HTN_PCP_FOLLOWUP,0.8789335847434654,InComm-sourced,True,ablation_v1
MOCK07112,HTN_PCP_FOLLOWUP,0.8710422574517209,InComm-sourced,True,ablation_v1
MOCK07118,HTN_PCP_FOLLOWUP,0.8646893552675807,InComm-sourced,True,ablation_v1
MOCK07124,HTN_PCP_FOLLOWUP,0.9463079140283897,InComm-sourced,True,ablation_v1
MOCK07130,HTN_PCP_FOLLOWUP,0.8455722300879588,InComm-sourced,True,ablation_v1
MOCK07136,HTN_PCP_FOLLOWUP,0.9238301643174257,InComm-sourced,True,ablation_v1
MOCK07142,HTN_PCP_FOLLOWUP,0.9460468554098262,InComm-sourced,True,ablation_v1
MOCK07148,HTN_PCP_FOLLOWUP,0.8872819793088426,InComm-sourced,True,ablation_v1
MOCK07154,HTN_PCP_FOLLOWUP,0.9284190358560254,InComm-sourced,True,ablation_v1
MOCK07160,HTN_PCP_FOLLOWUP,0.8567886603782587,InComm-sourced,True,ablation_v1
MOCK07166,HTN_PCP_FOLLOWUP,0.905208453232427,InComm-sourced,True,ablation_v1
MOCK07172,HTN_PCP_FOLLOWUP,0.9491063717810759,InComm-sourced,True,ablation_v1
MOCK07178,HTN_PCP_FOLLOWUP,0.916129768511457,InComm-sourced,True,ablation_v1
MOCK07184,HTN_PCP_FOLLOWUP,0.9272722949358169,InComm-sourced,True,ablation_v1
MOCK07190,HTN_PCP_FOLLOWUP,0.774968190513737,InComm-sourced,True,ablation_v1
MOCK07196,HTN_PCP_FOLLOWUP,0.8680434259876144,InComm-sourced,True,ablation_v1
MOCK07202,HTN_PCP_FOLLOWUP,0.8571382171379888,InComm-sourced,True,ablation_v1
MOCK07208,HTN_PCP_FOLLOWUP,0.8654145997580769,InComm-sourced,True,ablation_v1
MOCK07214,HTN_PCP_FOLLOWUP,0.8643458321067446,InComm-sourced,True,ablation_v1
MOCK07220,HTN_PCP_FOLLOWUP,0.9187117539510997,InComm-sourced,True,ablation_v1
MOCK07226,HTN_PCP_FOLLOWUP,0.9563999609152586,InComm-sourced,True,ablation_v1
MOCK07232,HTN_PCP_FOLLOWUP,0.8569225827384043,InComm-sourced,True,ablation_v1
MOCK07238,HTN_PCP_FOLLOWUP,0.9274691496144117,InComm-sourced,True,ablation_v1
MOCK07244,HTN_PCP_FOLLOWUP,0.9141480872713029,InComm-sourced,True,ablation_v1
MOCK07250,HTN_PCP_FOLLOWUP,0.884198367056892,InComm-sourced,True,ablation_v1
MOCK07256,HTN_PCP_FOLLOWUP,0.8549248026425911,InComm-sourced,True,ablation_v1
MOCK07262,HTN_PCP_FOLLOWUP,0.8373926478063081,InComm-sourced,True,ablation_v1
MOCK07268,HTN_PCP_FOLLOWUP,0.9275298979139707,InComm-sourced,True,ablation_v1
MOCK07274,HTN_PCP_FOLLOWUP,0.9238293879580575,InComm-sourced,True,ablation_v1
MOCK07280,HTN_PCP_FOLLOWUP,0.8220837438263984,InComm-sourced,True,ablation_v1
MOCK07286,HTN_PCP_FOLLOWUP,0.9199102093458464,InComm-sourced,True,ablation_v1
MOCK07292,HTN_PCP_FOLLOWUP,0.9009740204325863,InComm-sourced,True,ablation_v1
MOCK07298,HTN_PCP_FOLLOWUP,0.87202910776139,InComm-sourced,True,ablation_v1
MOCK07304,HTN_PCP_FOLLOWUP,0.8966358594669199,InComm-sourced,True,ablation_v1
MOCK07310,HTN_PCP_FOLLOWUP,0.7835554111117374,InComm-sourced,True,ablation_v1
MOCK07316,HTN_PCP_FOLLOWUP,0.9141924616232066,InComm-sourced,True,ablation_v1
MOCK07322,HTN_PCP_FOLLOWUP,0.9274285027001463,InComm-sourced,True,ablation_v1
MOCK07328,HTN_PCP_FOLLOWUP,0.8396678600967341,InComm-sourced,True,ablation_v1
MOCK07334,HTN_PCP_FOLLOWUP,0.8455542314599006,InComm-sourced,True,ablation_v1
MOCK07340,HTN_PCP_FOLLOWUP,0.9371633971484088,InComm-sourced,True,ablation_v1
MOCK07346,HTN_PCP_FOLLOWUP,0.9428508080433016,InComm-sourced,True,ablation_v1
MOCK07352,HTN_PCP_FOLLOWUP,0.8492829726468341,InComm-sourced,True,ablation_v1
MOCK07358,HTN_PCP_FOLLOWUP,0.9149130081834287,InComm-sourced,True,ablation_v1
MOCK07364,HTN_PCP_FOLLOWUP,0.8833288541568559,InComm-sourced,True,ablation_v1
MOCK07370,HTN_PCP_FOLLOWUP,0.920470521459686,InComm-sourced,True,ablation_v1
MOCK07376,HTN_PCP_FOLLOWUP,0.8870194680407896,InComm-sourced,True,ablation_v1
MOCK07382,HTN_PCP_FOLLOWUP,0.8635255507222087,InComm-sourced,True,ablation_v1
MOCK07388,HTN_PCP_FOLLOWUP,0.8973342507662542,InComm-sourced,True,ablation_v1
MOCK07394,HTN_PCP_FOLLOWUP,0.8940926124679951,InComm-sourced,True,ablation_v1
MOCK07400,HTN_PCP_FOLLOWUP,0.9161498568817408,InComm-sourced,True,ablation_v1
MOCK07406,HTN_PCP_FOLLOWUP,0.8003627369868874,InComm-sourced,True,ablation_v1
MOCK07412,HTN_PCP_FOLLOWUP,0.9088444589880978,InComm-sourced,True,ablation_v1
MOCK07418,HTN_PCP_FOLLOWUP,0.8735420440914181,InComm-sourced,True,ablation_v1
MOCK07424,HTN_PCP_FOLLOWUP,0.8918272240025235,InComm-sourced,True,ablation_v1
MOCK07430,HTN_PCP_FOLLOWUP,0.936684170586143,InComm-sourced,True,ablation_v1
MOCK07436,HTN_PCP_FOLLOWUP,0.8900226126758845,InComm-sourced,True,ablation_v1
MOCK07442,HTN_PCP_FOLLOWUP,0.9175683770059112,InComm-sourced,True,ablation_v1
MOCK07448,HTN_PCP_FOLLOWUP,0.889156923558948,InComm-sourced,True,ablation_v1
MOCK07454,HTN_PCP_FOLLOWUP,0.8869088101155587,InComm-sourced,True,ablation_v1
MOCK07460,HTN_PCP_FOLLOWUP,0.8981718545268077,InComm-sourced,True,ablation_v1
MOCK07466,HTN_PCP_FOLLOWUP,0.9038760837957638,InComm-sourced,True,ablation_v1
MOCK07472,HTN_PCP_FOLLOWUP,0.9085591069357384,InComm-sourced,True,ablation_v1
MOCK07478,HTN_PCP_FOLLOWUP,0.8635069825825573,InComm-sourced,True,ablation_v1
MOCK07484,HTN_PCP_FOLLOWUP,0.9060303183306178,InComm-sourced,True,ablation_v1
MOCK07490,HTN_PCP_FOLLOWUP,0.7903445518560438,InComm-sourced,True,ablation_v1
MOCK07496,HTN_PCP_FOLLOWUP,0.904629038692207,InComm-sourced,True,ablation_v1
MOCK07502,HTN_PCP_FOLLOWUP,0.8276454026675696,InComm-sourced,True,ablation_v1
MOCK07508,HTN_PCP_FOLLOWUP,0.9131226539916546,InComm-sourced,True,ablation_v1
MOCK07514,HTN_PCP_FOLLOWUP,0.886099593074572,InComm-sourced,True,ablation_v1
MOCK07520,HTN_PCP_FOLLOWUP,0.8699174772721138,InComm-sourced,True,ablation_v1
MOCK07526,HTN_PCP_FOLLOWUP,0.8349546737348312,InComm-sourced,True,ablation_v1
MOCK07532,HTN_PCP_FOLLOWUP,0.8517412377101424,InComm-sourced,True,ablation_v1
MOCK07538,HTN_PCP_FOLLOWUP,0.8642078346671431,InComm-sourced,True,ablation_v1
MOCK07544,HTN_PCP_FOLLOWUP,0.917630254826693,InComm-sourced,True,ablation_v1
MOCK07550,HTN_PCP_FOLLOWUP,0.8248150021970057,InComm-sourced,True,ablation_v1
MOCK07556,HTN_PCP_FOLLOWUP,0.9038029117643633,InComm-sourced,True,ablation_v1
MOCK07562,HTN_PCP_FOLLOWUP,0.8622118566597617,InComm-sourced,True,ablation_v1
MOCK07568,HTN_PCP_FOLLOWUP,0.9149137449480854,InComm-sourced,True,ablation_v1
MOCK07574,HTN_PCP_FOLLOWUP,0.917451447985538,InComm-sourced,True,ablation_v1
MOCK07580,HTN_PCP_FOLLOWUP,0.869392047526277,InComm-sourced,True,ablation_v1
MOCK07586,HTN_PCP_FOLLOWUP,0.8422560698298629,InComm-sourced,True,ablation_v1
MOCK07592,HTN_PCP_FOLLOWUP,0.9533666945200977,InComm-sourced,True,ablation_v1
MOCK07598,HTN_PCP_FOLLOWUP,0.9082447504243834,InComm-sourced,True,ablation_v1
MOCK07604,HTN_PCP_FOLLOWUP,0.8766767327061613,InComm-sourced,True,ablation_v1
MOCK07610,HTN_PCP_FOLLOWUP,0.8443265638718429,InComm-sourced,True,ablation_v1
MOCK07616,HTN_PCP_FOLLOWUP,0.8936712942319549,InComm-sourced,True,ablation_v1
MOCK07622,HTN_PCP_FOLLOWUP,0.9003002210196055,InComm-sourced,True,ablation_v1
MOCK07628,HTN_PCP_FOLLOWUP,0.9099728840683333,InComm-sourced,True,ablation_v1
MOCK07634,HTN_PCP_FOLLOWUP,0.9390409458527226,InComm-sourced,True,ablation_v1
MOCK07640,HTN_PCP_FOLLOWUP,0.8332020777354487,InComm-sourced,True,ablation_v1
MOCK07646,HTN_PCP_FOLLOWUP,0.8359128781022914,InComm-sourced,True,ablation_v1
MOCK07652,HTN_PCP_FOLLOWUP,0.8670621649381504,InComm-sourced,True,ablation_v1
MOCK07658,HTN_PCP_FOLLOWUP,0.9091778679414806,InComm-sourced,True,ablation_v1
MOCK07664,HTN_PCP_FOLLOWUP,0.9238544722117341,InComm-sourced,True,ablation_v1
MOCK07670,HTN_PCP_FOLLOWUP,0.8619145949456176,InComm-sourced,True,ablation_v1
MOCK07676,HTN_PCP_FOLLOWUP,0.8796406828233603,InComm-sourced,True,ablation_v1
MOCK07682,HTN_PCP_FOLLOWUP,0.9066802407914069,InComm-sourced,True,ablation_v1
MOCK07688,HTN_PCP_FOLLOWUP,0.9430269452087356,InComm-sourced,True,ablation_v1
MOCK07694,HTN_PCP_FOLLOWUP,0.9351346043992679,InComm-sourced,True,ablation_v1
MOCK07700,HTN_PCP_FOLLOWUP,0.7953851887852742,InComm-sourced,True,ablation_v1
MOCK07706,HTN_PCP_FOLLOWUP,0.8740266688639564,InComm-sourced,True,ablation_v1
MOCK07712,HTN_PCP_FOLLOWUP,0.9241322183263058,InComm-sourced,True,ablation_v1
MOCK07718,HTN_PCP_FOLLOWUP,0.8809749591553147,InComm-sourced,True,ablation_v1
MOCK07724,HTN_PCP_FOLLOWUP,0.9134247993294884,InComm-sourced,True,ablation_v1
MOCK07730,HTN_PCP_FOLLOWUP,0.9392727032642343,InComm-sourced,True,ablation_v1
MOCK07736,HTN_PCP_FOLLOWUP,0.8942272238614855,InComm-sourced,True,ablation_v1
MOCK07742,HTN_PCP_FOLLOWUP,0.9481976420234495,InComm-sourced,True,ablation_v1
MOCK07748,HTN_PCP_FOLLOWUP,0.834563838993142,InComm-sourced,True,ablation_v1
MOCK07754,HTN_PCP_FOLLOWUP,0.9371592592408045,InComm-sourced,True,ablation_v1
MOCK07760,HTN_PCP_FOLLOWUP,0.8769032088874745,InComm-sourced,True,ablation_v1
MOCK07766,HTN_PCP_FOLLOWUP,0.9324425076741625,InComm-sourced,True,ablation_v1
MOCK07772,HTN_PCP_FOLLOWUP,0.9110518240304762,InComm-sourced,True,ablation_v1
MOCK07778,HTN_PCP_FOLLOWUP,0.9239059500703533,InComm-sourced,True,ablation_v1
MOCK07784,HTN_PCP_FOLLOWUP,0.8707699874833371,InComm-sourced,True,ablation_v1
MOCK07790,HTN_PCP_FOLLOWUP,0.8199635147122509,InComm-sourced,True,ablation_v1
MOCK07796,HTN_PCP_FOLLOWUP,0.9032173729624294,InComm-sourced,True,ablation_v1
MOCK07802,HTN_PCP_FOLLOWUP,0.9207533025035983,InComm-sourced,True,ablation_v1
MOCK07808,HTN_PCP_FOLLOWUP,0.8917091433372553,InComm-sourced,True,ablation_v1
MOCK07814,HTN_PCP_FOLLOWUP,0.9290843397895231,InComm-sourced,True,ablation_v1
MOCK07820,HTN_PCP_FOLLOWUP,0.903387417184043,InComm-sourced,True,ablation_v1
MOCK07826,HTN_PCP_FOLLOWUP,0.8120386208731968,InComm-sourced,True,ablation_v1
MOCK07832,HTN_PCP_FOLLOWUP,0.9418137252031489,InComm-sourced,True,ablation_v1
MOCK07838,HTN_PCP_FOLLOWUP,0.9095921177950412,InComm-sourced,True,ablation_v1
MOCK07844,HTN_PCP_FOLLOWUP,0.9013649654497289,InComm-sourced,True,ablation_v1
MOCK07850,HTN_PCP_FOLLOWUP,0.9024530180645902,InComm-sourced,True,ablation_v1
MOCK07856,HTN_PCP_FOLLOWUP,0.8649594843652689,InComm-sourced,True,ablation_v1
MOCK07862,HTN_PCP_FOLLOWUP,0.9445564113021716,InComm-sourced,True,ablation_v1
MOCK07868,HTN_PCP_FOLLOWUP,0.8945892235537227,InComm-sourced,True,ablation_v1
MOCK07874,HTN_PCP_FOLLOWUP,0.8658518389921024,InComm-sourced,True,ablation_v1
MOCK07880,HTN_PCP_FOLLOWUP,0.8959270905064097,InComm-sourced,True,ablation_v1
MOCK07886,HTN_PCP_FOLLOWUP,0.8952685244817822,InComm-sourced,True,ablation_v1
MOCK07892,HTN_PCP_FOLLOWUP,0.8956096839322552,InComm-sourced,True,ablation_v1
MOCK07898,HTN_PCP_FOLLOWUP,0.8540566700464461,InComm-sourced,True,ablation_v1
MOCK07904,HTN_PCP_FOLLOWUP,0.9086589925731654,InComm-sourced,True,ablation_v1
MOCK07910,HTN_PCP_FOLLOWUP,0.8685323837364072,InComm-sourced,True,ablation_v1
MOCK07916,HTN_PCP_FOLLOWUP,0.8795160014018505,InComm-sourced,True,ablation_v1
MOCK07922,HTN_PCP_FOLLOWUP,0.8504259874913952,InComm-sourced,True,ablation_v1
MOCK07928,HTN_PCP_FOLLOWUP,0.8805454677117445,InComm-sourced,True,ablation_v1
MOCK07934,HTN_PCP_FOLLOWUP,0.9145354792681973,InComm-sourced,True,ablation_v1
MOCK07940,HTN_PCP_FOLLOWUP,0.8803462379039567,InComm-sourced,True,ablation_v1
MOCK07946,HTN_PCP_FOLLOWUP,0.8847312447772079,InComm-sourced,True,ablation_v1
MOCK07952,HTN_PCP_FOLLOWUP,0.9015455823961653,InComm-sourced,True,ablation_v1
MOCK07958,HTN_PCP_FOLLOWUP,0.8274592272882109,InComm-sourced,True,ablation_v1
MOCK07964,HTN_PCP_FOLLOWUP,0.9526402850541973,InComm-sourced,True,ablation_v1
MOCK07970,HTN_PCP_FOLLOWUP,0.9367664703570587,InComm-sourced,True,ablation_v1
MOCK07976,HTN_PCP_FOLLOWUP,0.9261932313685484,InComm-sourced,True,ablation_v1
MOCK07982,HTN_PCP_FOLLOWUP,0.8517558870006575,InComm-sourced,True,ablation_v1
MOCK07988,HTN_PCP_FOLLOWUP,0.8169526908343276,InComm-sourced,True,ablation_v1
MOCK07994,HTN_PCP_FOLLOWUP,0.9184027483484065,InComm-sourced,True,ablation_v1
MOCK08000,HTN_PCP_FOLLOWUP,0.8510396227154914,InComm-sourced,True,ablation_v1
MOCK08006,HTN_PCP_FOLLOWUP,0.9177605960095399,InComm-sourced,True,ablation_v1
MOCK08012,HTN_PCP_FOLLOWUP,0.8449534686854048,InComm-sourced,True,ablation_v1
MOCK08018,HTN_PCP_FOLLOWUP,0.8829830728059257,InComm-sourced,True,ablation_v1
MOCK08024,HTN_PCP_FOLLOWUP,0.8615721550411801,InComm-sourced,True,ablation_v1
MOCK08030,HTN_PCP_FOLLOWUP,0.8845660612130587,InComm-sourced,True,ablation_v1
MOCK08036,HTN_PCP_FOLLOWUP,0.8594708029763574,InComm-sourced,True,ablation_v1
MOCK08042,HTN_PCP_FOLLOWUP,0.9607905483882598,InComm-sourced,True,ablation_v1
MOCK08048,HTN_PCP_FOLLOWUP,0.8451953911701591,InComm-sourced,True,ablation_v1
MOCK08054,HTN_PCP_FOLLOWUP,0.9532034602262947,InComm-sourced,True,ablation_v1
MOCK08060,HTN_PCP_FOLLOWUP,0.9347807626094542,InComm-sourced,True,ablation_v1
MOCK08066,HTN_PCP_FOLLOWUP,0.9072301888333145,InComm-sourced,True,ablation_v1
MOCK08072,HTN_PCP_FOLLOWUP,0.9488399614258078,InComm-sourced,True,ablation_v1
MOCK08078,HTN_PCP_FOLLOWUP,0.9091811596902896,InComm-sourced,True,ablation_v1
MOCK08084,HTN_PCP_FOLLOWUP,0.8993517163903786,InComm-sourced,True,ablation_v1
MOCK08090,HTN_PCP_FOLLOWUP,0.8534585396083789,InComm-sourced,True,ablation_v1
MOCK08096,HTN_PCP_FOLLOWUP,0.8554827233788564,InComm-sourced,True,ablation_v1
MOCK08102,HTN_PCP_FOLLOWUP,0.8810776310408889,InComm-sourced,True,ablation_v1
MOCK08108,HTN_PCP_FOLLOWUP,0.871525857589569,InComm-sourced,True,ablation_v1
MOCK08114,HTN_PCP_FOLLOWUP,0.8979850568437825,InComm-sourced,True,ablation_v1
MOCK08120,HTN_PCP_FOLLOWUP,0.8539279406785361,InComm-sourced,True,ablation_v1
MOCK08126,HTN_PCP_FOLLOWUP,0.8619504414032583,InComm-sourced,True,ablation_v1
MOCK08132,HTN_PCP_FOLLOWUP,0.8781303951824204,InComm-sourced,True,ablation_v1
MOCK08138,HTN_PCP_FOLLOWUP,0.9094388847231053,InComm-sourced,True,ablation_v1
MOCK08144,HTN_PCP_FOLLOWUP,0.8400116946194406,InComm-sourced,True,ablation_v1
MOCK08150,HTN_PCP_FOLLOWUP,0.9005285363740742,InComm-sourced,True,ablation_v1
MOCK08156,HTN_PCP_FOLLOWUP,0.9380954078437327,InComm-sourced,True,ablation_v1
MOCK08162,HTN_PCP_FOLLOWUP,0.865739953910698,InComm-sourced,True,ablation_v1
MOCK08168,HTN_PCP_FOLLOWUP,0.8496353933950246,InComm-sourced,True,ablation_v1
MOCK08174,HTN_PCP_FOLLOWUP,0.8716362094620349,InComm-sourced,True,ablation_v1
MOCK08180,HTN_PCP_FOLLOWUP,0.926246955205823,InComm-sourced,True,ablation_v1
MOCK08186,HTN_PCP_FOLLOWUP,0.8709693757583603,InComm-sourced,True,ablation_v1
MOCK08192,HTN_PCP_FOLLOWUP,0.8136849117938344,InComm-sourced,True,ablation_v1
MOCK08198,HTN_PCP_FOLLOWUP,0.9407233850211772,InComm-sourced,True,ablation_v1
MOCK08204,HTN_PCP_FOLLOWUP,0.8856980705028622,InComm-sourced,True,ablation_v1
MOCK08210,HTN_PCP_FOLLOWUP,0.8522014434236305,InComm-sourced,True,ablation_v1
MOCK08216,HTN_PCP_FOLLOWUP,0.8795886789520133,InComm-sourced,True,ablation_v1
MOCK08222,HTN_PCP_FOLLOWUP,0.9019491079941142,InComm-sourced,True,ablation_v1
MOCK08228,HTN_PCP_FOLLOWUP,0.8435347322232645,InComm-sourced,True,ablation_v1
MOCK08234,HTN_PCP_FOLLOWUP,0.9346558492095172,InComm-sourced,True,ablation_v1
MOCK08240,HTN_PCP_FOLLOWUP,0.908152054797223,InComm-sourced,True,ablation_v1
MOCK08246,HTN_PCP_FOLLOWUP,0.9272055340004296,InComm-sourced,True,ablation_v1
MOCK08252,HTN_PCP_FOLLOWUP,0.8401110291082085,InComm-sourced,True,ablation_v1
MOCK08258,HTN_PCP_FOLLOWUP,0.8401651608570648,InComm-sourced,True,ablation_v1
MOCK08264,HTN_PCP_FOLLOWUP,0.9133813118928781,InComm-sourced,True,ablation_v1
MOCK08270,HTN_PCP_FOLLOWUP,0.8555812833239687,InComm-sourced,True,ablation_v1
MOCK08276,HTN_PCP_FOLLOWUP,0.8844607982647986,InComm-sourced,True,ablation_v1
MOCK08282,HTN_PCP_FOLLOWUP,0.8854625822644498,InComm-sourced,True,ablation_v1
MOCK08288,HTN_PCP_FOLLOWUP,0.8488262999296499,InComm-sourced,True,ablation_v1
MOCK08294,HTN_PCP_FOLLOWUP,0.9324695105600725,InComm-sourced,True,ablation_v1
MOCK08300,HTN_PCP_FOLLOWUP,0.8321187691292028,InComm-sourced,True,ablation_v1
MOCK08306,HTN_PCP_FOLLOWUP,0.890001163871375,InComm-sourced,True,ablation_v1
MOCK08312,HTN_PCP_FOLLOWUP,0.8515907264327002,InComm-sourced,True,ablation_v1
MOCK08318,HTN_PCP_FOLLOWUP,0.9373859486986,InComm-sourced,True,ablation_v1
MOCK08324,HTN_PCP_FOLLOWUP,0.9539748880066923,InComm-sourced,True,ablation_v1
MOCK08330,HTN_PCP_FOLLOWUP,0.8978697405948632,InComm-sourced,True,ablation_v1
MOCK08336,HTN_PCP_FOLLOWUP,0.830279308468242,InComm-sourced,True,ablation_v1
MOCK08342,HTN_PCP_FOLLOWUP,0.8350978550643828,InComm-sourced,True,ablation_v1
MOCK08348,HTN_PCP_FOLLOWUP,0.8844295603316427,InComm-sourced,True,ablation_v1
MOCK08354,HTN_PCP_FOLLOWUP,0.8498082823541555,InComm-sourced,True,ablation_v1
MOCK08360,HTN_PCP_FOLLOWUP,0.8132095591498515,InComm-sourced,True,ablation_v1
MOCK08366,HTN_PCP_FOLLOWUP,0.8783838644601298,InComm-sourced,True,ablation_v1
MOCK08372,HTN_PCP_FOLLOWUP,0.9126540473973237,InComm-sourced,True,ablation_v1
MOCK08378,HTN_PCP_FOLLOWUP,0.8620282140823627,InComm-sourced,True,ablation_v1
MOCK08384,HTN_PCP_FOLLOWUP,0.927181965319047,InComm-sourced,True,ablation_v1
MOCK08390,HTN_PCP_FOLLOWUP,0.9130756692157368,InComm-sourced,True,ablation_v1
MOCK08396,HTN_PCP_FOLLOWUP,0.89322970263698,InComm-sourced,True,ablation_v1
MOCK08402,HTN_PCP_FOLLOWUP,0.8837379574621791,InComm-sourced,True,ablation_v1
MOCK08408,HTN_PCP_FOLLOWUP,0.9170007913663493,InComm-sourced,True,ablation_v1
MOCK08414,HTN_PCP_FOLLOWUP,0.8592091354308716,InComm-sourced,True,ablation_v1
MOCK08420,HTN_PCP_FOLLOWUP,0.8948391809087197,InComm-sourced,True,ablation_v1
MOCK08426,HTN_PCP_FOLLOWUP,0.9232449720087037,InComm-sourced,True,ablation_v1
MOCK08432,HTN_PCP_FOLLOWUP,0.8515512573594067,InComm-sourced,True,ablation_v1
MOCK08438,HTN_PCP_FOLLOWUP,0.8220287817949453,InComm-sourced,True,ablation_v1
MOCK08444,HTN_PCP_FOLLOWUP,0.9372285065966209,InComm-sourced,True,ablation_v1
MOCK08450,HTN_PCP_FOLLOWUP,0.8939866449392666,InComm-sourced,True,ablation_v1
MOCK08456,HTN_PCP_FOLLOWUP,0.8198828982119584,InComm-sourced,True,ablation_v1
MOCK08462,HTN_PCP_FOLLOWUP,0.9283016862119887,InComm-sourced,True,ablation_v1
MOCK08468,HTN_PCP_FOLLOWUP,0.8959175213746257,InComm-sourced,True,ablation_v1
MOCK08474,HTN_PCP_FOLLOWUP,0.8757066410254178,InComm-sourced,True,ablation_v1
MOCK08480,HTN_PCP_FOLLOWUP,0.8399845053233562,InComm-sourced,True,ablation_v1
MOCK08486,HTN_PCP_FOLLOWUP,0.9275924621059969,InComm-sourced,True,ablation_v1
MOCK08492,HTN_PCP_FOLLOWUP,0.881627245022965,InComm-sourced,True,ablation_v1
MOCK08498,HTN_PCP_FOLLOWUP,0.8810675311493301,InComm-sourced,True,ablation_v1
MOCK08504,HTN_PCP_FOLLOWUP,0.8670884720905448,InComm-sourced,True,ablation_v1
MOCK08510,HTN_PCP_FOLLOWUP,0.9279001317437525,InComm-sourced,True,ablation_v1
MOCK08516,HTN_PCP_FOLLOWUP,0.8239554955031483,InComm-sourced,True,ablation_v1
MOCK08522,HTN_PCP_FOLLOWUP,0.8970988316157167,InComm-sourced,True,ablation_v1
MOCK08528,HTN_PCP_FOLLOWUP,0.8926945814677587,InComm-sourced,True,ablation_v1
MOCK08534,HTN_PCP_FOLLOWUP,0.9525839912412902,InComm-sourced,True,ablation_v1
MOCK08540,HTN_PCP_FOLLOWUP,0.9127701472329085,InComm-sourced,True,ablation_v1
MOCK08546,HTN_PCP_FOLLOWUP,0.8940982479022563,InComm-sourced,True,ablation_v1
MOCK08552,HTN_PCP_FOLLOWUP,0.9161339433814965,InComm-sourced,True,ablation_v1
MOCK08558,HTN_PCP_FOLLOWUP,0.8592775442076077,InComm-sourced,True,ablation_v1
MOCK08564,HTN_PCP_FOLLOWUP,0.9299900912873035,InComm-sourced,True,ablation_v1
MOCK08570,HTN_PCP_FOLLOWUP,0.8596210734993985,InComm-sourced,True,ablation_v1
MOCK08576,HTN_PCP_FOLLOWUP,0.933448886570334,InComm-sourced,True,ablation_v1
MOCK08582,HTN_PCP_FOLLOWUP,0.9596522317750737,InComm-sourced,True,ablation_v1
MOCK08588,HTN_PCP_FOLLOWUP,0.8611100474445025,InComm-sourced,True,ablation_v1
MOCK08594,HTN_PCP_FOLLOWUP,0.9446316098182779,InComm-sourced,True,ablation_v1
MOCK08600,HTN_PCP_FOLLOWUP,0.9132480057311588,InComm-sourced,True,ablation_v1
MOCK08606,HTN_PCP_FOLLOWUP,0.8523883775787576,InComm-sourced,True,ablation_v1
MOCK08612,HTN_PCP_FOLLOWUP,0.8742917480394579,InComm-sourced,True,ablation_v1
MOCK08618,HTN_PCP_FOLLOWUP,0.9436804801774643,InComm-sourced,True,ablation_v1
MOCK08624,HTN_PCP_FOLLOWUP,0.9108028044424402,InComm-sourced,True,ablation_v1
MOCK08630,HTN_PCP_FOLLOWUP,0.85477493043191,InComm-sourced,True,ablation_v1
MOCK08636,HTN_PCP_FOLLOWUP,0.8988691795265719,InComm-sourced,True,ablation_v1
MOCK08642,HTN_PCP_FOLLOWUP,0.9061738312153089,InComm-sourced,True,ablation_v1
MOCK08648,HTN_PCP_FOLLOWUP,0.9000536803118514,InComm-sourced,True,ablation_v1
MOCK08654,HTN_PCP_FOLLOWUP,0.9317103790502179,InComm-sourced,True,ablation_v1
MOCK08660,HTN_PCP_FOLLOWUP,0.9386219325418529,InComm-sourced,True,ablation_v1
MOCK08666,HTN_PCP_FOLLOWUP,0.8087143395572705,InComm-sourced,True,ablation_v1
MOCK08672,HTN_PCP_FOLLOWUP,0.8422880908161822,InComm-sourced,True,ablation_v1
MOCK08678,HTN_PCP_FOLLOWUP,0.8165456965911592,InComm-sourced,True,ablation_v1
MOCK08684,HTN_PCP_FOLLOWUP,0.8842555707824331,InComm-sourced,True,ablation_v1
MOCK08690,HTN_PCP_FOLLOWUP,0.9348908429227161,InComm-sourced,True,ablation_v1
MOCK08696,HTN_PCP_FOLLOWUP,0.8282841670801994,InComm-sourced,True,ablation_v1
MOCK08702,HTN_PCP_FOLLOWUP,0.8545239254838076,InComm-sourced,True,ablation_v1
MOCK08708,HTN_PCP_FOLLOWUP,0.876139945732728,InComm-sourced,True,ablation_v1
MOCK08714,HTN_PCP_FOLLOWUP,0.903252841850163,InComm-sourced,True,ablation_v1
MOCK08720,HTN_PCP_FOLLOWUP,0.8611091899061405,InComm-sourced,True,ablation_v1
MOCK08726,HTN_PCP_FOLLOWUP,0.9116399996081668,InComm-sourced,True,ablation_v1
MOCK08732,HTN_PCP_FOLLOWUP,0.8457006957637854,InComm-sourced,True,ablation_v1
MOCK08738,HTN_PCP_FOLLOWUP,0.8797084666093613,InComm-sourced,True,ablation_v1
MOCK08744,HTN_PCP_FOLLOWUP,0.9528133738600881,InComm-sourced,True,ablation_v1
MOCK08750,HTN_PCP_FOLLOWUP,0.819179584174446,InComm-sourced,True,ablation_v1
MOCK08756,HTN_PCP_FOLLOWUP,0.8933385554366218,InComm-sourced,True,ablation_v1
MOCK08762,HTN_PCP_FOLLOWUP,0.885009132330693,InComm-sourced,True,ablation_v1
MOCK08768,HTN_PCP_FOLLOWUP,0.9170610644105136,InComm-sourced,True,ablation_v1
MOCK08774,HTN_PCP_FOLLOWUP,0.9006823037618112,InComm-sourced,True,ablation_v1
MOCK08780,HTN_PCP_FOLLOWUP,0.8778934900079121,InComm-sourced,True,ablation_v1
MOCK08786,HTN_PCP_FOLLOWUP,0.873206261905533,InComm-sourced,True,ablation_v1
MOCK08792,HTN_PCP_FOLLOWUP,0.8877829830473116,InComm-sourced,True,ablation_v1
MOCK08798,HTN_PCP_FOLLOWUP,0.9537539268545782,InComm-sourced,True,ablation_v1
MOCK08804,HTN_PCP_FOLLOWUP,0.8583965580158966,InComm-sourced,True,ablation_v1
MOCK08810,HTN_PCP_FOLLOWUP,0.9067169712719836,InComm-sourced,True,ablation_v1
MOCK08816,HTN_PCP_FOLLOWUP,0.8868029849643744,InComm-sourced,True,ablation_v1
MOCK08822,HTN_PCP_FOLLOWUP,0.8993637182007266,InComm-sourced,True,ablation_v1
MOCK08828,HTN_PCP_FOLLOWUP,0.896166467138471,InComm-sourced,True,ablation_v1
MOCK08834,HTN_PCP_FOLLOWUP,0.890028220158274,InComm-sourced,True,ablation_v1
MOCK08840,HTN_PCP_FOLLOWUP,0.8959875533302307,InComm-sourced,True,ablation_v1
MOCK08846,HTN_PCP_FOLLOWUP,0.9125970495558884,InComm-sourced,True,ablation_v1
MOCK08852,HTN_PCP_FOLLOWUP,0.9352067722164744,InComm-sourced,True,ablation_v1
MOCK08858,HTN_PCP_FOLLOWUP,0.8829005824343632,InComm-sourced,True,ablation_v1
MOCK08864,HTN_PCP_FOLLOWUP,0.9104179280245416,InComm-sourced,True,ablation_v1
MOCK08870,HTN_PCP_FOLLOWUP,0.9604506088602126,InComm-sourced,True,ablation_v1
MOCK08876,HTN_PCP_FOLLOWUP,0.8012034464903387,InComm-sourced,True,ablation_v1
MOCK08882,HTN_PCP_FOLLOWUP,0.9426396448182381,InComm-sourced,True,ablation_v1
MOCK08888,HTN_PCP_FOLLOWUP,0.8457216723463684,InComm-sourced,True,ablation_v1
MOCK08894,HTN_PCP_FOLLOWUP,0.8808950200591636,InComm-sourced,True,ablation_v1
MOCK08900,HTN_PCP_FOLLOWUP,0.8385345283606228,InComm-sourced,True,ablation_v1
MOCK08906,HTN_PCP_FOLLOWUP,0.9038849327027204,InComm-sourced,True,ablation_v1
MOCK08912,HTN_PCP_FOLLOWUP,0.8992622649820458,InComm-sourced,True,ablation_v1
MOCK08918,HTN_PCP_FOLLOWUP,0.8711562520096626,InComm-sourced,True,ablation_v1
MOCK08924,HTN_PCP_FOLLOWUP,0.9097719843648793,InComm-sourced,True,ablation_v1
MOCK08930,HTN_PCP_FOLLOWUP,0.8837269799263865,InComm-sourced,True,ablation_v1
MOCK08936,HTN_PCP_FOLLOWUP,0.9340246758435523,InComm-sourced,True,ablation_v1
MOCK08942,HTN_PCP_FOLLOWUP,0.8165529576034094,InComm-sourced,True,ablation_v1
MOCK08948,HTN_PCP_FOLLOWUP,0.8851333480777851,InComm-sourced,True,ablation_v1
MOCK08954,HTN_PCP_FOLLOWUP,0.875850546942729,InComm-sourced,True,ablation_v1
MOCK08960,HTN_PCP_FOLLOWUP,0.8099726099419817,InComm-sourced,True,ablation_v1
MOCK08966,HTN_PCP_FOLLOWUP,0.9383780390067835,InComm-sourced,True,ablation_v1
MOCK08972,HTN_PCP_FOLLOWUP,0.7918804069368257,InComm-sourced,True,ablation_v1
MOCK08978,HTN_PCP_FOLLOWUP,0.8397398306885002,InComm-sourced,True,ablation_v1
MOCK08984,HTN_PCP_FOLLOWUP,0.9387844984923001,InComm-sourced,True,ablation_v1
MOCK08990,HTN_PCP_FOLLOWUP,0.8652367898515436,InComm-sourced,True,ablation_v1
MOCK08996,HTN_PCP_FOLLOWUP,0.921773635594836,InComm-sourced,True,ablation_v1
MOCK09002,HTN_PCP_FOLLOWUP,0.9035850651147839,InComm-sourced,True,ablation_v1
MOCK09008,HTN_PCP_FOLLOWUP,0.8242274551192288,InComm-sourced,True,ablation_v1
MOCK09014,HTN_PCP_FOLLOWUP,0.9342799744502976,InComm-sourced,True,ablation_v1
MOCK09020,HTN_PCP_FOLLOWUP,0.9117008992421007,InComm-sourced,True,ablation_v1
MOCK09026,HTN_PCP_FOLLOWUP,0.8270567726058079,InComm-sourced,True,ablation_v1
MOCK09032,HTN_PCP_FOLLOWUP,0.9110302518998097,InComm-sourced,True,ablation_v1
MOCK09038,HTN_PCP_FOLLOWUP,0.908596228179334,InComm-sourced,True,ablation_v1
MOCK09044,HTN_PCP_FOLLOWUP,0.8533093501122617,InComm-sourced,True,ablation_v1
MOCK09050,HTN_PCP_FOLLOWUP,0.8747011885371261,InComm-sourced,True,ablation_v1
MOCK09056,HTN_PCP_FOLLOWUP,0.931751313956524,InComm-sourced,True,ablation_v1
MOCK09062,HTN_PCP_FOLLOWUP,0.8583682242775931,InComm-sourced,True,ablation_v1
MOCK09068,HTN_PCP_FOLLOWUP,0.8851556385403039,InComm-sourced,True,ablation_v1
MOCK09074,HTN_PCP_FOLLOWUP,0.9417717361222139,InComm-sourced,True,ablation_v1
MOCK09080,HTN_PCP_FOLLOWUP,0.8577928837294219,InComm-sourced,True,ablation_v1
MOCK09086,HTN_PCP_FOLLOWUP,0.8744475580788132,InComm-sourced,True,ablation_v1
MOCK09092,HTN_PCP_FOLLOWUP,0.8572924874943078,InComm-sourced,True,ablation_v1
MOCK09098,HTN_PCP_FOLLOWUP,0.9486629705758601,InComm-sourced,True,ablation_v1
MOCK09104,HTN_PCP_FOLLOWUP,0.906516717204933,InComm-sourced,True,ablation_v1
MOCK09110,HTN_PCP_FOLLOWUP,0.8719015519806654,InComm-sourced,True,ablation_v1
MOCK09116,HTN_PCP_FOLLOWUP,0.8336711413388355,InComm-sourced,True,ablation_v1
MOCK09122,HTN_PCP_FOLLOWUP,0.9375189352262168,InComm-sourced,True,ablation_v1
MOCK09128,HTN_PCP_FOLLOWUP,0.8793405298879682,InComm-sourced,True,ablation_v1
MOCK09134,HTN_PCP_FOLLOWUP,0.914143864190763,InComm-sourced,True,ablation_v1
MOCK09140,HTN_PCP_FOLLOWUP,0.8469903942716428,InComm-sourced,True,ablation_v1
MOCK09146,HTN_PCP_FOLLOWUP,0.8423313247814863,InComm-sourced,True,ablation_v1
MOCK09152,HTN_PCP_FOLLOWUP,0.8414485380699693,InComm-sourced,True,ablation_v1
MOCK09158,HTN_PCP_FOLLOWUP,0.9361859373522241,InComm-sourced,True,ablation_v1
MOCK09164,HTN_PCP_FOLLOWUP,0.868395664864214,InComm-sourced,True,ablation_v1
MOCK09170,HTN_PCP_FOLLOWUP,0.8488888035756335,InComm-sourced,True,ablation_v1
MOCK09176,HTN_PCP_FOLLOWUP,0.8841669158983546,InComm-sourced,True,ablation_v1
MOCK09182,HTN_PCP_FOLLOWUP,0.8543859507118077,InComm-sourced,True,ablation_v1
MOCK09188,HTN_PCP_FOLLOWUP,0.9327679063524787,InComm-sourced,True,ablation_v1
MOCK09194,HTN_PCP_FOLLOWUP,0.9353518510922548,InComm-sourced,True,ablation_v1
MOCK09200,HTN_PCP_FOLLOWUP,0.876158995944651,InComm-sourced,True,ablation_v1
MOCK09206,HTN_PCP_FOLLOWUP,0.9270821925613499,InComm-sourced,True,ablation_v1
MOCK09212,HTN_PCP_FOLLOWUP,0.8885671656212238,InComm-sourced,True,ablation_v1
MOCK09218,HTN_PCP_FOLLOWUP,0.9399581668702883,InComm-sourced,True,ablation_v1
MOCK09224,HTN_PCP_FOLLOWUP,0.8830767524641929,InComm-sourced,True,ablation_v1
MOCK09230,HTN_PCP_FOLLOWUP,0.8376973938907448,InComm-sourced,True,ablation_v1
MOCK09236,HTN_PCP_FOLLOWUP,0.8684319880807452,InComm-sourced,True,ablation_v1
MOCK09242,HTN_PCP_FOLLOWUP,0.8173400044880439,InComm-sourced,True,ablation_v1
MOCK09248,HTN_PCP_FOLLOWUP,0.904708504630854,InComm-sourced,True,ablation_v1
MOCK09254,HTN_PCP_FOLLOWUP,0.9103851687034626,InComm-sourced,True,ablation_v1
MOCK09260,HTN_PCP_FOLLOWUP,0.7943674390802404,InComm-sourced,True,ablation_v1
MOCK09266,HTN_PCP_FOLLOWUP,0.9196497206076357,InComm-sourced,True,ablation_v1
MOCK09272,HTN_PCP_FOLLOWUP,0.9199799250759164,InComm-sourced,True,ablation_v1
MOCK09278,HTN_PCP_FOLLOWUP,0.9125286152995502,InComm-sourced,True,ablation_v1
MOCK09284,HTN_PCP_FOLLOWUP,0.8325559433477991,InComm-sourced,True,ablation_v1
MOCK09290,HTN_PCP_FOLLOWUP,0.9048524966856522,InComm-sourced,True,ablation_v1
MOCK09296,HTN_PCP_FOLLOWUP,0.8406317867789291,InComm-sourced,True,ablation_v1
MOCK09302,HTN_PCP_FOLLOWUP,0.8708547038148295,InComm-sourced,True,ablation_v1
MOCK09308,HTN_PCP_FOLLOWUP,0.8998119172010529,InComm-sourced,True,ablation_v1
MOCK09314,HTN_PCP_FOLLOWUP,0.903950157382533,InComm-sourced,True,ablation_v1
MOCK09320,HTN_PCP_FOLLOWUP,0.8698936271141442,InComm-sourced,True,ablation_v1
MOCK09326,HTN_PCP_FOLLOWUP,0.798835181505997,InComm-sourced,True,ablation_v1
MOCK09332,HTN_PCP_FOLLOWUP,0.8451758867877414,InComm-sourced,True,ablation_v1
MOCK09338,HTN_PCP_FOLLOWUP,0.8394158832887277,InComm-sourced,True,ablation_v1
MOCK09344,HTN_PCP_FOLLOWUP,0.9093531591233852,InComm-sourced,True,ablation_v1
MOCK09350,HTN_PCP_FOLLOWUP,0.8393762736895504,InComm-sourced,True,ablation_v1
MOCK09356,HTN_PCP_FOLLOWUP,0.7729707545393913,InComm-sourced,True,ablation_v1
MOCK09362,HTN_PCP_FOLLOWUP,0.9340204511062713,InComm-sourced,True,ablation_v1
MOCK09368,HTN_PCP_FOLLOWUP,0.8516292847676995,InComm-sourced,True,ablation_v1
MOCK09374,HTN_PCP_FOLLOWUP,0.9311397723678043,InComm-sourced,True,ablation_v1
MOCK09380,HTN_PCP_FOLLOWUP,0.7554937924543891,InComm-sourced,True,ablation_v1
MOCK09386,HTN_PCP_FOLLOWUP,0.9224574050222222,InComm-sourced,True,ablation_v1
MOCK09392,HTN_PCP_FOLLOWUP,0.8554613006917735,InComm-sourced,True,ablation_v1
MOCK09398,HTN_PCP_FOLLOWUP,0.9093015570907704,InComm-sourced,True,ablation_v1
MOCK09404,HTN_PCP_FOLLOWUP,0.9489157893807393,InComm-sourced,True,ablation_v1
MOCK09410,HTN_PCP_FOLLOWUP,0.8613831652895817,InComm-sourced,True,ablation_v1
MOCK09416,HTN_PCP_FOLLOWUP,0.9667922235252213,InComm-sourced,True,ablation_v1
MOCK09422,HTN_PCP_FOLLOWUP,0.8252963547818644,InComm-sourced,True,ablation_v1
MOCK09428,HTN_PCP_FOLLOWUP,0.8888275531325741,InComm-sourced,True,ablation_v1
MOCK09434,HTN_PCP_FOLLOWUP,0.880388352914361,InComm-sourced,True,ablation_v1
MOCK09440,HTN_PCP_FOLLOWUP,0.864951692202623,InComm-sourced,True,ablation_v1
MOCK09446,HTN_PCP_FOLLOWUP,0.8576951491927628,InComm-sourced,True,ablation_v1
MOCK09452,HTN_PCP_FOLLOWUP,0.8440040011519506,InComm-sourced,True,ablation_v1
MOCK09458,HTN_PCP_FOLLOWUP,0.9181240939625563,InComm-sourced,True,ablation_v1
MOCK09464,HTN_PCP_FOLLOWUP,0.9006936411758865,InComm-sourced,True,ablation_v1
MOCK09470,HTN_PCP_FOLLOWUP,0.8577624187733195,InComm-sourced,True,ablation_v1
MOCK09476,HTN_PCP_FOLLOWUP,0.8578314590396403,InComm-sourced,True,ablation_v1
MOCK09482,HTN_PCP_FOLLOWUP,0.8933923575552382,InComm-sourced,True,ablation_v1
MOCK09488,HTN_PCP_FOLLOWUP,0.9242092750971267,InComm-sourced,True,ablation_v1
MOCK09494,HTN_PCP_FOLLOWUP,0.8361011509961265,InComm-sourced,True,ablation_v1
MOCK09500,HTN_PCP_FOLLOWUP,0.7662860086645488,InComm-sourced,True,ablation_v1
MOCK09506,HTN_PCP_FOLLOWUP,0.8244896553195841,InComm-sourced,True,ablation_v1
MOCK09512,HTN_PCP_FOLLOWUP,0.9151369422645924,InComm-sourced,True,ablation_v1
MOCK09518,HTN_PCP_FOLLOWUP,0.8622958553129669,InComm-sourced,True,ablation_v1
MOCK09524,HTN_PCP_FOLLOWUP,0.9088917815280984,InComm-sourced,True,ablation_v1
MOCK09530,HTN_PCP_FOLLOWUP,0.8629803750266491,InComm-sourced,True,ablation_v1
MOCK09536,HTN_PCP_FOLLOWUP,0.8162472923593996,InComm-sourced,True,ablation_v1
MOCK09542,HTN_PCP_FOLLOWUP,0.8629408744051722,InComm-sourced,True,ablation_v1
MOCK09548,HTN_PCP_FOLLOWUP,0.9173956452854422,InComm-sourced,True,ablation_v1
MOCK09554,HTN_PCP_FOLLOWUP,0.9374111367413479,InComm-sourced,True,ablation_v1
MOCK09560,HTN_PCP_FOLLOWUP,0.9211116889726283,InComm-sourced,True,ablation_v1
MOCK09566,HTN_PCP_FOLLOWUP,0.952070554862951,InComm-sourced,True,ablation_v1
MOCK09572,HTN_PCP_FOLLOWUP,0.8420196983440993,InComm-sourced,True,ablation_v1
MOCK09578,HTN_PCP_FOLLOWUP,0.9110344135151262,InComm-sourced,True,ablation_v1
MOCK09584,HTN_PCP_FOLLOWUP,0.8930477231282755,InComm-sourced,True,ablation_v1
MOCK09590,HTN_PCP_FOLLOWUP,0.8622682484585892,InComm-sourced,True,ablation_v1
MOCK09596,HTN_PCP_FOLLOWUP,0.8522324242001974,InComm-sourced,True,ablation_v1
MOCK09602,HTN_PCP_FOLLOWUP,0.8342618388467572,InComm-sourced,True,ablation_v1
MOCK09608,HTN_PCP_FOLLOWUP,0.9130067656524801,InComm-sourced,True,ablation_v1
MOCK09614,HTN_PCP_FOLLOWUP,0.8404886192005565,InComm-sourced,True,ablation_v1
MOCK09620,HTN_PCP_FOLLOWUP,0.8933675372929467,InComm-sourced,True,ablation_v1
MOCK09626,HTN_PCP_FOLLOWUP,0.8599992026943359,InComm-sourced,True,ablation_v1
MOCK09632,HTN_PCP_FOLLOWUP,0.8244433045695042,InComm-sourced,True,ablation_v1
MOCK09638,HTN_PCP_FOLLOWUP,0.8918321674089178,InComm-sourced,True,ablation_v1
MOCK09644,HTN_PCP_FOLLOWUP,0.8885522367862163,InComm-sourced,True,ablation_v1
MOCK09650,HTN_PCP_FOLLOWUP,0.9182757258037714,InComm-sourced,True,ablation_v1
MOCK09656,HTN_PCP_FOLLOWUP,0.9016580239776765,InComm-sourced,True,ablation_v1
MOCK09662,HTN_PCP_FOLLOWUP,0.9248090179954418,InComm-sourced,True,ablation_v1
MOCK09668,HTN_PCP_FOLLOWUP,0.8712749408752154,InComm-sourced,True,ablation_v1
MOCK09674,HTN_PCP_FOLLOWUP,0.9739667279362925,InComm-sourced,True,ablation_v1
MOCK09680,HTN_PCP_FOLLOWUP,0.8836323393345147,InComm-sourced,True,ablation_v1
MOCK09686,HTN_PCP_FOLLOWUP,0.9207478136598436,InComm-sourced,True,ablation_v1
MOCK09692,HTN_PCP_FOLLOWUP,0.9517824503710406,InComm-sourced,True,ablation_v1
MOCK09698,HTN_PCP_FOLLOWUP,0.909139950334947,InComm-sourced,True,ablation_v1
MOCK09704,HTN_PCP_FOLLOWUP,0.9342044703566182,InComm-sourced,True,ablation_v1
MOCK09710,HTN_PCP_FOLLOWUP,0.9213397445932594,InComm-sourced,True,ablation_v1
MOCK09716,HTN_PCP_FOLLOWUP,0.8572877360311189,InComm-sourced,True,ablation_v1
MOCK09722,HTN_PCP_FOLLOWUP,0.8948667552925684,InComm-sourced,True,ablation_v1
MOCK09728,HTN_PCP_FOLLOWUP,0.946295488877078,InComm-sourced,True,ablation_v1
MOCK09734,HTN_PCP_FOLLOWUP,0.9170172525982466,InComm-sourced,True,ablation_v1
MOCK09740,HTN_PCP_FOLLOWUP,0.7898791977048613,InComm-sourced,True,ablation_v1
MOCK09746,HTN_PCP_FOLLOWUP,0.9053853749475334,InComm-sourced,True,ablation_v1
MOCK09752,HTN_PCP_FOLLOWUP,0.8966995130799523,InComm-sourced,True,ablation_v1
MOCK09758,HTN_PCP_FOLLOWUP,0.8739081108276302,InComm-sourced,True,ablation_v1
MOCK09764,HTN_PCP_FOLLOWUP,0.9103427952956378,InComm-sourced,True,ablation_v1
MOCK09770,HTN_PCP_FOLLOWUP,0.9300442343563118,InComm-sourced,True,ablation_v1
MOCK09776,HTN_PCP_FOLLOWUP,0.849935498664842,InComm-sourced,True,ablation_v1
MOCK09782,HTN_PCP_FOLLOWUP,0.8616444907470143,InComm-sourced,True,ablation_v1
MOCK09788,HTN_PCP_FOLLOWUP,0.8920790548567926,InComm-sourced,True,ablation_v1
MOCK09794,HTN_PCP_FOLLOWUP,0.9360395064053411,InComm-sourced,True,ablation_v1
MOCK09800,HTN_PCP_FOLLOWUP,0.8628645976346564,InComm-sourced,True,ablation_v1
MOCK09806,HTN_PCP_FOLLOWUP,0.8394924673115867,InComm-sourced,True,ablation_v1
MOCK09812,HTN_PCP_FOLLOWUP,0.9227427008359977,InComm-sourced,True,ablation_v1
MOCK09818,HTN_PCP_FOLLOWUP,0.9207348946424266,InComm-sourced,True,ablation_v1
MOCK09824,HTN_PCP_FOLLOWUP,0.8805954136459953,InComm-sourced,True,ablation_v1
MOCK09830,HTN_PCP_FOLLOWUP,0.9163777859356922,InComm-sourced,True,ablation_v1
MOCK09836,HTN_PCP_FOLLOWUP,0.9062061830797912,InComm-sourced,True,ablation_v1
MOCK09842,HTN_PCP_FOLLOWUP,0.8734967404343745,InComm-sourced,True,ablation_v1
MOCK09848,HTN_PCP_FOLLOWUP,0.9488399087662949,InComm-sourced,True,ablation_v1
MOCK09854,HTN_PCP_FOLLOWUP,0.9479507756027375,InComm-sourced,True,ablation_v1
MOCK09860,HTN_PCP_FOLLOWUP,0.8531070657264143,InComm-sourced,True,ablation_v1
MOCK09866,HTN_PCP_FOLLOWUP,0.8061005234637743,InComm-sourced,True,ablation_v1
MOCK09872,HTN_PCP_FOLLOWUP,0.8478608987704525,InComm-sourced,True,ablation_v1
MOCK09878,HTN_PCP_FOLLOWUP,0.9124194390572146,InComm-sourced,True,ablation_v1
MOCK09884,HTN_PCP_FOLLOWUP,0.848346856051283,InComm-sourced,True,ablation_v1
MOCK09890,HTN_PCP_FOLLOWUP,0.8037108133879347,InComm-sourced,True,ablation_v1
MOCK09896,HTN_PCP_FOLLOWUP,0.9005920916787855,InComm-sourced,True,ablation_v1
MOCK09902,HTN_PCP_FOLLOWUP,0.9465496536244593,InComm-sourced,True,ablation_v1
MOCK09908,HTN_PCP_FOLLOWUP,0.9015236755574957,InComm-sourced,True,ablation_v1
MOCK09914,HTN_PCP_FOLLOWUP,0.9270562247122627,InComm-sourced,True,ablation_v1
MOCK09920,HTN_PCP_FOLLOWUP,0.7843373912038232,InComm-sourced,True,ablation_v1
MOCK09926,HTN_PCP_FOLLOWUP,0.9111902962790595,InComm-sourced,True,ablation_v1
MOCK09932,HTN_PCP_FOLLOWUP,0.9013714157520877,InComm-sourced,True,ablation_v1
MOCK09938,HTN_PCP_FOLLOWUP,0.8398530345028303,InComm-sourced,True,ablation_v1
MOCK09944,HTN_PCP_FOLLOWUP,0.8470281229028356,InComm-sourced,True,ablation_v1
MOCK09950,HTN_PCP_FOLLOWUP,0.898538008386703,InComm-sourced,True,ablation_v1
MOCK09956,HTN_PCP_FOLLOWUP,0.8322036535036961,InComm-sourced,True,ablation_v1
MOCK09962,HTN_PCP_FOLLOWUP,0.8625900645133159,InComm-sourced,True,ablation_v1
MOCK09968,HTN_PCP_FOLLOWUP,0.9142102553699366,InComm-sourced,True,ablation_v1
MOCK09974,HTN_PCP_FOLLOWUP,0.9247531866233897,InComm-sourced,True,ablation_v1
MOCK09980,HTN_PCP_FOLLOWUP,0.9240849008186075,InComm-sourced,True,ablation_v1
MOCK09986,HTN_PCP_FOLLOWUP,0.8372973169631421,InComm-sourced,True,ablation_v1
MOCK09992,HTN_PCP_FOLLOWUP,0.891220719827028,InComm-sourced,True,ablation_v1
MOCK09998,HTN_PCP_FOLLOWUP,0.958455075676258,InComm-sourced,True,ablation_v1
MOCK00003,COPD_SPIROMETRY,0.01869157355708088,InComm-sourced,True,ablation_v1
MOCK00009,COPD_SPIROMETRY,0.01931824716509524,InComm-sourced,True,ablation_v1
MOCK00015,COPD_SPIROMETRY,0.026898376584735866,InComm-sourced,True,ablation_v1
MOCK00021,COPD_SPIROMETRY,0.04427644560447661,InComm-sourced,True,ablation_v1
MOCK00027,COPD_SPIROMETRY,0.025821831465177875,InComm-sourced,True,ablation_v1
MOCK00033,COPD_SPIROMETRY,0.03841517347772335,InComm-sourced,True,ablation_v1
MOCK00039,COPD_SPIROMETRY,0.035651439816618107,InComm-sourced,True,ablation_v1
MOCK00045,COPD_SPIROMETRY,0.01838760830049527,InComm-sourced,True,ablation_v1
MOCK00051,COPD_SPIROMETRY,0.020510087311649106,InComm-sourced,True,ablation_v1
MOCK00057,COPD_SPIROMETRY,0.021847974392652226,InComm-sourced,True,ablation_v1
MOCK00063,COPD_SPIROMETRY,0.040634645169283445,InComm-sourced,True,ablation_v1
MOCK00069,COPD_SPIROMETRY,0.020239797163449022,InComm-sourced,True,ablation_v1
MOCK00075,COPD_SPIROMETRY,0.011402439317570585,InComm-sourced,True,ablation_v1
MOCK00081,COPD_SPIROMETRY,0.02574494713377125,InComm-sourced,True,ablation_v1
MOCK00087,COPD_SPIROMETRY,0.010915033434081947,InComm-sourced,True,ablation_v1
MOCK00093,COPD_SPIROMETRY,0.041357464115586044,InComm-sourced,True,ablation_v1
MOCK00099,COPD_SPIROMETRY,0.013462934312604324,InComm-sourced,True,ablation_v1
MOCK00105,COPD_SPIROMETRY,0.028440777729998472,InComm-sourced,True,ablation_v1
MOCK00111,COPD_SPIROMETRY,0.018294395304629018,InComm-sourced,True,ablation_v1
MOCK00117,COPD_SPIROMETRY,0.017502532578851846,InComm-sourced,True,ablation_v1
MOCK00123,COPD_SPIROMETRY,0.013669817672059222,InComm-sourced,True,ablation_v1
MOCK00129,COPD_SPIROMETRY,0.044039292409900954,InComm-sourced,True,ablation_v1
MOCK00135,COPD_SPIROMETRY,0.0423279567250896,InComm-sourced,True,ablation_v1
MOCK00141,COPD_SPIROMETRY,0.023272004548078644,InComm-sourced,True,ablation_v1
MOCK00147,COPD_SPIROMETRY,0.03284678045175483,InComm-sourced,True,ablation_v1
MOCK00153,COPD_SPIROMETRY,0.014536602162022585,InComm-sourced,True,ablation_v1
MOCK00159,COPD_SPIROMETRY,0.032059956110153005,InComm-sourced,True,ablation_v1
MOCK00165,COPD_SPIROMETRY,0.014972162891744013,InComm-sourced,True,ablation_v1
MOCK00171,COPD_SPIROMETRY,0.037428759225790746,InComm-sourced,True,ablation_v1
MOCK00177,COPD_SPIROMETRY,0.013804061292815637,InComm-sourced,True,ablation_v1
MOCK00183,COPD_SPIROMETRY,0.02111392857073596,InComm-sourced,True,ablation_v1
MOCK00189,COPD_SPIROMETRY,0.030733711801206938,InComm-sourced,True,ablation_v1
MOCK00195,COPD_SPIROMETRY,0.0162581413457102,InComm-sourced,True,ablation_v1
MOCK00201,COPD_SPIROMETRY,0.02119643296850482,InComm-sourced,True,ablation_v1
MOCK00207,COPD_SPIROMETRY,0.026630492046995496,InComm-sourced,True,ablation_v1
MOCK00213,COPD_SPIROMETRY,0.031988801091326936,InComm-sourced,True,ablation_v1
MOCK00219,COPD_SPIROMETRY,0.01308480664251778,InComm-sourced,True,ablation_v1
MOCK00225,COPD_SPIROMETRY,0.015475494819572586,InComm-sourced,True,ablation_v1
MOCK00231,COPD_SPIROMETRY,0.04259828408556872,InComm-sourced,True,ablation_v1
MOCK00237,COPD_SPIROMETRY,0.028498562806686265,InComm-sourced,True,ablation_v1
MOCK00243,COPD_SPIROMETRY,0.018235901498818177,InComm-sourced,True,ablation_v1
MOCK00249,COPD_SPIROMETRY,0.02079000089761438,InComm-sourced,True,ablation_v1
MOCK00255,COPD_SPIROMETRY,0.023166649939013646,InComm-sourced,True,ablation_v1
MOCK00261,COPD_SPIROMETRY,0.02129446837066885,InComm-sourced,True,ablation_v1
MOCK00267,COPD_SPIROMETRY,0.029925834300423296,InComm-sourced,True,ablation_v1
MOCK00273,COPD_SPIROMETRY,0.023780512726786916,InComm-sourced,True,ablation_v1
MOCK00279,COPD_SPIROMETRY,0.027982411967760835,InComm-sourced,True,ablation_v1
MOCK00285,COPD_SPIROMETRY,0.013958633103008804,InComm-sourced,True,ablation_v1
MOCK00291,COPD_SPIROMETRY,0.019534205488351407,InComm-sourced,True,ablation_v1
MOCK00297,COPD_SPIROMETRY,0.026215435098190222,InComm-sourced,True,ablation_v1
MOCK00303,COPD_SPIROMETRY,0.02203747850833817,InComm-sourced,True,ablation_v1
MOCK00309,COPD_SPIROMETRY,0.04236652024932486,InComm-sourced,True,ablation_v1
MOCK00315,COPD_SPIROMETRY,0.022689650875778802,InComm-sourced,True,ablation_v1
MOCK00321,COPD_SPIROMETRY,0.017772861540252392,InComm-sourced,True,ablation_v1
MOCK00327,COPD_SPIROMETRY,0.010868463808291663,InComm-sourced,True,ablation_v1
MOCK00333,COPD_SPIROMETRY,0.024148827196189788,InComm-sourced,True,ablation_v1
MOCK00339,COPD_SPIROMETRY,0.043672550365158866,InComm-sourced,True,ablation_v1
MOCK00345,COPD_SPIROMETRY,0.027707039455509192,InComm-sourced,True,ablation_v1
MOCK00351,COPD_SPIROMETRY,0.02634722974227084,InComm-sourced,True,ablation_v1
MOCK00357,COPD_SPIROMETRY,0.018334582734241257,InComm-sourced,True,ablation_v1
MOCK00363,COPD_SPIROMETRY,0.019933820264589265,InComm-sourced,True,ablation_v1
MOCK00369,COPD_SPIROMETRY,0.05777667137724088,InComm-sourced,True,ablation_v1
MOCK00375,COPD_SPIROMETRY,0.012638606986551124,InComm-sourced,True,ablation_v1
MOCK00381,COPD_SPIROMETRY,0.02590727888093556,InComm-sourced,True,ablation_v1
MOCK00387,COPD_SPIROMETRY,0.013886408967537832,InComm-sourced,True,ablation_v1
MOCK00393,COPD_SPIROMETRY,0.014613715180947577,InComm-sourced,True,ablation_v1
MOCK00399,COPD_SPIROMETRY,0.026925337320864128,InComm-sourced,True,ablation_v1
MOCK00405,COPD_SPIROMETRY,0.02883746164587358,InComm-sourced,True,ablation_v1
MOCK00411,COPD_SPIROMETRY,0.031748605271776136,InComm-sourced,True,ablation_v1
MOCK00417,COPD_SPIROMETRY,0.015790972624951927,InComm-sourced,True,ablation_v1
MOCK00423,COPD_SPIROMETRY,0.028863536317457767,InComm-sourced,True,ablation_v1
MOCK00429,COPD_SPIROMETRY,0.015896568295002484,InComm-sourced,True,ablation_v1
MOCK00435,COPD_SPIROMETRY,0.0586919909035673,InComm-sourced,True,ablation_v1
MOCK00441,COPD_SPIROMETRY,0.017689249291547745,InComm-sourced,True,ablation_v1
MOCK00447,COPD_SPIROMETRY,0.042823094031138514,InComm-sourced,True,ablation_v1
MOCK00453,COPD_SPIROMETRY,0.031594917578614594,InComm-sourced,True,ablation_v1
MOCK00459,COPD_SPIROMETRY,0.04997574148227225,InComm-sourced,True,ablation_v1
MOCK00465,COPD_SPIROMETRY,0.009769326626526185,InComm-sourced,True,ablation_v1
MOCK00471,COPD_SPIROMETRY,0.010761971715933103,InComm-sourced,True,ablation_v1
MOCK00477,COPD_SPIROMETRY,0.026292954541674286,InComm-sourced,True,ablation_v1
MOCK00483,COPD_SPIROMETRY,0.015556100937782045,InComm-sourced,True,ablation_v1
MOCK00489,COPD_SPIROMETRY,0.03927331006723748,InComm-sourced,True,ablation_v1
MOCK00495,COPD_SPIROMETRY,0.020442124779083377,InComm-sourced,True,ablation_v1
MOCK00501,COPD_SPIROMETRY,0.011266123559987917,InComm-sourced,True,ablation_v1
MOCK00507,COPD_SPIROMETRY,0.031135253524346707,InComm-sourced,True,ablation_v1
MOCK00513,COPD_SPIROMETRY,0.012712935838459791,InComm-sourced,True,ablation_v1
MOCK00519,COPD_SPIROMETRY,0.021574362634579652,InComm-sourced,True,ablation_v1
MOCK00525,COPD_SPIROMETRY,0.01083060104909193,InComm-sourced,True,ablation_v1
MOCK00531,COPD_SPIROMETRY,0.0462174278653508,InComm-sourced,True,ablation_v1
MOCK00537,COPD_SPIROMETRY,0.010112791443589248,InComm-sourced,True,ablation_v1
MOCK00543,COPD_SPIROMETRY,0.019102942115932685,InComm-sourced,True,ablation_v1
MOCK00549,COPD_SPIROMETRY,0.02679792619104279,InComm-sourced,True,ablation_v1
MOCK00555,COPD_SPIROMETRY,0.015837853055857908,InComm-sourced,True,ablation_v1
MOCK00561,COPD_SPIROMETRY,0.025188633525822075,InComm-sourced,True,ablation_v1
MOCK00567,COPD_SPIROMETRY,0.01825236960547889,InComm-sourced,True,ablation_v1
MOCK00573,COPD_SPIROMETRY,0.024118646009354937,InComm-sourced,True,ablation_v1
MOCK00579,COPD_SPIROMETRY,0.014424871186427804,InComm-sourced,True,ablation_v1
MOCK00585,COPD_SPIROMETRY,0.015938015602058906,InComm-sourced,True,ablation_v1
MOCK00591,COPD_SPIROMETRY,0.018791077706146412,InComm-sourced,True,ablation_v1
MOCK00597,COPD_SPIROMETRY,0.03175845882121893,InComm-sourced,True,ablation_v1
MOCK00603,COPD_SPIROMETRY,0.0208137208017472,InComm-sourced,True,ablation_v1
MOCK00609,COPD_SPIROMETRY,0.02321792123767443,InComm-sourced,True,ablation_v1
MOCK00615,COPD_SPIROMETRY,0.01862433877837227,InComm-sourced,True,ablation_v1
MOCK00621,COPD_SPIROMETRY,0.023825079795178613,InComm-sourced,True,ablation_v1
MOCK00627,COPD_SPIROMETRY,0.024349274535552207,InComm-sourced,True,ablation_v1
MOCK00633,COPD_SPIROMETRY,0.019543429638032378,InComm-sourced,True,ablation_v1
MOCK00639,COPD_SPIROMETRY,0.026524876191722276,InComm-sourced,True,ablation_v1
MOCK00645,COPD_SPIROMETRY,0.026515074180126937,InComm-sourced,True,ablation_v1
MOCK00651,COPD_SPIROMETRY,0.016439921972383344,InComm-sourced,True,ablation_v1
MOCK00657,COPD_SPIROMETRY,0.023785335566109532,InComm-sourced,True,ablation_v1
MOCK00663,COPD_SPIROMETRY,0.018436899073891736,InComm-sourced,True,ablation_v1
MOCK00669,COPD_SPIROMETRY,0.030063258649443887,InComm-sourced,True,ablation_v1
MOCK00675,COPD_SPIROMETRY,0.016845307007427625,InComm-sourced,True,ablation_v1
MOCK00681,COPD_SPIROMETRY,0.026667445972024254,InComm-sourced,True,ablation_v1
MOCK00687,COPD_SPIROMETRY,0.01771653558795133,InComm-sourced,True,ablation_v1
MOCK00693,COPD_SPIROMETRY,0.016941248088087474,InComm-sourced,True,ablation_v1
MOCK00699,COPD_SPIROMETRY,0.03731445609278429,InComm-sourced,True,ablation_v1
MOCK00705,COPD_SPIROMETRY,0.01246036696877981,InComm-sourced,True,ablation_v1
MOCK00711,COPD_SPIROMETRY,0.05169790618794995,InComm-sourced,True,ablation_v1
MOCK00717,COPD_SPIROMETRY,0.01633825926370539,InComm-sourced,True,ablation_v1
MOCK00723,COPD_SPIROMETRY,0.05201419484162543,InComm-sourced,True,ablation_v1
MOCK00729,COPD_SPIROMETRY,0.021165787339744977,InComm-sourced,True,ablation_v1
MOCK00735,COPD_SPIROMETRY,0.015693948252849234,InComm-sourced,True,ablation_v1
MOCK00741,COPD_SPIROMETRY,0.02360667092228498,InComm-sourced,True,ablation_v1
MOCK00747,COPD_SPIROMETRY,0.03173718384658005,InComm-sourced,True,ablation_v1
MOCK00753,COPD_SPIROMETRY,0.040556676082028176,InComm-sourced,True,ablation_v1
MOCK00759,COPD_SPIROMETRY,0.018276450952776316,InComm-sourced,True,ablation_v1
MOCK00765,COPD_SPIROMETRY,0.02124418038711171,InComm-sourced,True,ablation_v1
MOCK00771,COPD_SPIROMETRY,0.012030626391209843,InComm-sourced,True,ablation_v1
MOCK00777,COPD_SPIROMETRY,0.021377997589341665,InComm-sourced,True,ablation_v1
MOCK00783,COPD_SPIROMETRY,0.02245740562780597,InComm-sourced,True,ablation_v1
MOCK00789,COPD_SPIROMETRY,0.0267879377339589,InComm-sourced,True,ablation_v1
MOCK00795,COPD_SPIROMETRY,0.020267700123887757,InComm-sourced,True,ablation_v1
MOCK00801,COPD_SPIROMETRY,0.015161831520456245,InComm-sourced,True,ablation_v1
MOCK00807,COPD_SPIROMETRY,0.04141482943583167,InComm-sourced,True,ablation_v1
MOCK00813,COPD_SPIROMETRY,0.014932486017076075,InComm-sourced,True,ablation_v1
MOCK00819,COPD_SPIROMETRY,0.020517104932744886,InComm-sourced,True,ablation_v1
MOCK00825,COPD_SPIROMETRY,0.040512079084591916,InComm-sourced,True,ablation_v1
MOCK00831,COPD_SPIROMETRY,0.041081030432539085,InComm-sourced,True,ablation_v1
MOCK00837,COPD_SPIROMETRY,0.03571553795246795,InComm-sourced,True,ablation_v1
MOCK00843,COPD_SPIROMETRY,0.025535316692080923,InComm-sourced,True,ablation_v1
MOCK00849,COPD_SPIROMETRY,0.020676929054942037,InComm-sourced,True,ablation_v1
MOCK00855,COPD_SPIROMETRY,0.026291455838351043,InComm-sourced,True,ablation_v1
MOCK00861,COPD_SPIROMETRY,0.018785952435850156,InComm-sourced,True,ablation_v1
MOCK00867,COPD_SPIROMETRY,0.043547755489814606,InComm-sourced,True,ablation_v1
MOCK00873,COPD_SPIROMETRY,0.036088910418196,InComm-sourced,True,ablation_v1
MOCK00879,COPD_SPIROMETRY,0.023579115354753655,InComm-sourced,True,ablation_v1
MOCK00885,COPD_SPIROMETRY,0.027624539292296708,InComm-sourced,True,ablation_v1
MOCK00891,COPD_SPIROMETRY,0.013952530630472826,InComm-sourced,True,ablation_v1
MOCK00897,COPD_SPIROMETRY,0.013162116591229522,InComm-sourced,True,ablation_v1
MOCK00903,COPD_SPIROMETRY,0.023823199273611793,InComm-sourced,True,ablation_v1
MOCK00909,COPD_SPIROMETRY,0.012958710396908461,InComm-sourced,True,ablation_v1
MOCK00915,COPD_SPIROMETRY,0.020324488627577793,InComm-sourced,True,ablation_v1
MOCK00921,COPD_SPIROMETRY,0.03128496547535083,InComm-sourced,True,ablation_v1
MOCK00927,COPD_SPIROMETRY,0.06258553507773136,InComm-sourced,True,ablation_v1
MOCK00933,COPD_SPIROMETRY,0.04719160442390277,InComm-sourced,True,ablation_v1
MOCK00939,COPD_SPIROMETRY,0.032479301400363,InComm-sourced,True,ablation_v1
MOCK00945,COPD_SPIROMETRY,0.03179842966196791,InComm-sourced,True,ablation_v1
MOCK00951,COPD_SPIROMETRY,0.028833033928000358,InComm-sourced,True,ablation_v1
MOCK00957,COPD_SPIROMETRY,0.03190687214984051,InComm-sourced,True,ablation_v1
MOCK00963,COPD_SPIROMETRY,0.016433370508477485,InComm-sourced,True,ablation_v1
MOCK00969,COPD_SPIROMETRY,0.024126211949383813,InComm-sourced,True,ablation_v1
MOCK00975,COPD_SPIROMETRY,0.009638144898234165,InComm-sourced,True,ablation_v1
MOCK00981,COPD_SPIROMETRY,0.026089072036427262,InComm-sourced,True,ablation_v1
MOCK00987,COPD_SPIROMETRY,0.013325072753792456,InComm-sourced,True,ablation_v1
MOCK00993,COPD_SPIROMETRY,0.018702419748200163,InComm-sourced,True,ablation_v1
MOCK00999,COPD_SPIROMETRY,0.020622512988450758,InComm-sourced,True,ablation_v1
MOCK01005,COPD_SPIROMETRY,0.015045394603525691,InComm-sourced,True,ablation_v1
MOCK01011,COPD_SPIROMETRY,0.021496478004189093,InComm-sourced,True,ablation_v1
MOCK01017,COPD_SPIROMETRY,0.03443406910531038,InComm-sourced,True,ablation_v1
MOCK01023,COPD_SPIROMETRY,0.063552875107303,InComm-sourced,True,ablation_v1
MOCK01029,COPD_SPIROMETRY,0.023314897407576304,InComm-sourced,True,ablation_v1
MOCK01035,COPD_SPIROMETRY,0.008836663220472519,InComm-sourced,True,ablation_v1
MOCK01041,COPD_SPIROMETRY,0.025238958859098562,InComm-sourced,True,ablation_v1
MOCK01047,COPD_SPIROMETRY,0.012238410196966231,InComm-sourced,True,ablation_v1
MOCK01053,COPD_SPIROMETRY,0.01747328254555053,InComm-sourced,True,ablation_v1
MOCK01059,COPD_SPIROMETRY,0.025255364843991993,InComm-sourced,True,ablation_v1
MOCK01065,COPD_SPIROMETRY,0.022620048051858712,InComm-sourced,True,ablation_v1
MOCK01071,COPD_SPIROMETRY,0.01860993057295914,InComm-sourced,True,ablation_v1
MOCK01077,COPD_SPIROMETRY,0.028084503515504646,InComm-sourced,True,ablation_v1
MOCK01083,COPD_SPIROMETRY,0.012805092753709247,InComm-sourced,True,ablation_v1
MOCK01089,COPD_SPIROMETRY,0.03272214134589513,InComm-sourced,True,ablation_v1
MOCK01095,COPD_SPIROMETRY,0.034369026901391445,InComm-sourced,True,ablation_v1
MOCK01101,COPD_SPIROMETRY,0.027895657103762884,InComm-sourced,True,ablation_v1
MOCK01107,COPD_SPIROMETRY,0.031676402436707,InComm-sourced,True,ablation_v1
MOCK01113,COPD_SPIROMETRY,0.019912215700282485,InComm-sourced,True,ablation_v1
MOCK01119,COPD_SPIROMETRY,0.012410142884699897,InComm-sourced,True,ablation_v1
MOCK01125,COPD_SPIROMETRY,0.02247092671631576,InComm-sourced,True,ablation_v1
MOCK01131,COPD_SPIROMETRY,0.018798979758274912,InComm-sourced,True,ablation_v1
MOCK01137,COPD_SPIROMETRY,0.014120846861181625,InComm-sourced,True,ablation_v1
MOCK01143,COPD_SPIROMETRY,0.01946622620699776,InComm-sourced,True,ablation_v1
MOCK01149,COPD_SPIROMETRY,0.017082843159737956,InComm-sourced,True,ablation_v1
MOCK01155,COPD_SPIROMETRY,0.020334990419880367,InComm-sourced,True,ablation_v1
MOCK01161,COPD_SPIROMETRY,0.037955271355351664,InComm-sourced,True,ablation_v1
MOCK01167,COPD_SPIROMETRY,0.024871270780658823,InComm-sourced,True,ablation_v1
MOCK01173,COPD_SPIROMETRY,0.015954003935491158,InComm-sourced,True,ablation_v1
MOCK01179,COPD_SPIROMETRY,0.024155220435459333,InComm-sourced,True,ablation_v1
MOCK01185,COPD_SPIROMETRY,0.020245764058973822,InComm-sourced,True,ablation_v1
MOCK01191,COPD_SPIROMETRY,0.022326641661856078,InComm-sourced,True,ablation_v1
MOCK01197,COPD_SPIROMETRY,0.014146443962753595,InComm-sourced,True,ablation_v1
MOCK01203,COPD_SPIROMETRY,0.01963736223863473,InComm-sourced,True,ablation_v1
MOCK01209,COPD_SPIROMETRY,0.01919555830571276,InComm-sourced,True,ablation_v1
MOCK01215,COPD_SPIROMETRY,0.025689857630294695,InComm-sourced,True,ablation_v1
MOCK01221,COPD_SPIROMETRY,0.03097804522984608,InComm-sourced,True,ablation_v1
MOCK01227,COPD_SPIROMETRY,0.012072722952446043,InComm-sourced,True,ablation_v1
MOCK01233,COPD_SPIROMETRY,0.018835069941750115,InComm-sourced,True,ablation_v1
MOCK01239,COPD_SPIROMETRY,0.03582097414257494,InComm-sourced,True,ablation_v1
MOCK01245,COPD_SPIROMETRY,0.020386552040467194,InComm-sourced,True,ablation_v1
MOCK01251,COPD_SPIROMETRY,0.02347550039585735,InComm-sourced,True,ablation_v1
MOCK01257,COPD_SPIROMETRY,0.0152425792733672,InComm-sourced,True,ablation_v1
MOCK01263,COPD_SPIROMETRY,0.01936983197288168,InComm-sourced,True,ablation_v1
MOCK01269,COPD_SPIROMETRY,0.030360600258317674,InComm-sourced,True,ablation_v1
MOCK01275,COPD_SPIROMETRY,0.012783924672764192,InComm-sourced,True,ablation_v1
MOCK01281,COPD_SPIROMETRY,0.009941020738253878,InComm-sourced,True,ablation_v1
MOCK01287,COPD_SPIROMETRY,0.029521248622743492,InComm-sourced,True,ablation_v1
MOCK01293,COPD_SPIROMETRY,0.02003572742734644,InComm-sourced,True,ablation_v1
MOCK01299,COPD_SPIROMETRY,0.06328988510994384,InComm-sourced,True,ablation_v1
MOCK01305,COPD_SPIROMETRY,0.02620833974471964,InComm-sourced,True,ablation_v1
MOCK01311,COPD_SPIROMETRY,0.04360484099452976,InComm-sourced,True,ablation_v1
MOCK01317,COPD_SPIROMETRY,0.015561952557610347,InComm-sourced,True,ablation_v1
MOCK01323,COPD_SPIROMETRY,0.022016782116409582,InComm-sourced,True,ablation_v1
MOCK01329,COPD_SPIROMETRY,0.03343348455294688,InComm-sourced,True,ablation_v1
MOCK01335,COPD_SPIROMETRY,0.00868093051225009,InComm-sourced,True,ablation_v1
MOCK01341,COPD_SPIROMETRY,0.041064698583249196,InComm-sourced,True,ablation_v1
MOCK01347,COPD_SPIROMETRY,0.015470571830994453,InComm-sourced,True,ablation_v1
MOCK01353,COPD_SPIROMETRY,0.024074171380480066,InComm-sourced,True,ablation_v1
MOCK01359,COPD_SPIROMETRY,0.02508332166291337,InComm-sourced,True,ablation_v1
MOCK01365,COPD_SPIROMETRY,0.03703348981101865,InComm-sourced,True,ablation_v1
MOCK01371,COPD_SPIROMETRY,0.024047798016693767,InComm-sourced,True,ablation_v1
MOCK01377,COPD_SPIROMETRY,0.013768930738874422,InComm-sourced,True,ablation_v1
MOCK01383,COPD_SPIROMETRY,0.018014107388072156,InComm-sourced,True,ablation_v1
MOCK01389,COPD_SPIROMETRY,0.016789547639299414,InComm-sourced,True,ablation_v1
MOCK01395,COPD_SPIROMETRY,0.016831904360907767,InComm-sourced,True,ablation_v1
MOCK01401,COPD_SPIROMETRY,0.01395661120922947,InComm-sourced,True,ablation_v1
MOCK01407,COPD_SPIROMETRY,0.024611699176739207,InComm-sourced,True,ablation_v1
MOCK01413,COPD_SPIROMETRY,0.08002415699193442,InComm-sourced,True,ablation_v1
MOCK01419,COPD_SPIROMETRY,0.019956646452656136,InComm-sourced,True,ablation_v1
MOCK01425,COPD_SPIROMETRY,0.018424835197275877,InComm-sourced,True,ablation_v1
MOCK01431,COPD_SPIROMETRY,0.017493089725065764,InComm-sourced,True,ablation_v1
MOCK01437,COPD_SPIROMETRY,0.02542380159365087,InComm-sourced,True,ablation_v1
MOCK01443,COPD_SPIROMETRY,0.029176008180778673,InComm-sourced,True,ablation_v1
MOCK01449,COPD_SPIROMETRY,0.019242965374585152,InComm-sourced,True,ablation_v1
MOCK01455,COPD_SPIROMETRY,0.018149043841402774,InComm-sourced,True,ablation_v1
MOCK01461,COPD_SPIROMETRY,0.017784659757431417,InComm-sourced,True,ablation_v1
MOCK01467,COPD_SPIROMETRY,0.012350640871911431,InComm-sourced,True,ablation_v1
MOCK01473,COPD_SPIROMETRY,0.022154584824919856,InComm-sourced,True,ablation_v1
MOCK01479,COPD_SPIROMETRY,0.026927091787888265,InComm-sourced,True,ablation_v1
MOCK01485,COPD_SPIROMETRY,0.029580179790902782,InComm-sourced,True,ablation_v1
MOCK01491,COPD_SPIROMETRY,0.03227767226435127,InComm-sourced,True,ablation_v1
MOCK01497,COPD_SPIROMETRY,0.020796799398551804,InComm-sourced,True,ablation_v1
MOCK01503,COPD_SPIROMETRY,0.022273924431085734,InComm-sourced,True,ablation_v1
MOCK01509,COPD_SPIROMETRY,0.017450118302769945,InComm-sourced,True,ablation_v1
MOCK01515,COPD_SPIROMETRY,0.0168041393861567,InComm-sourced,True,ablation_v1
MOCK01521,COPD_SPIROMETRY,0.017368120742636693,InComm-sourced,True,ablation_v1
MOCK01527,COPD_SPIROMETRY,0.025322929785277625,InComm-sourced,True,ablation_v1
MOCK01533,COPD_SPIROMETRY,0.032820765333181186,InComm-sourced,True,ablation_v1
MOCK01539,COPD_SPIROMETRY,0.02063380260613344,InComm-sourced,True,ablation_v1
MOCK01545,COPD_SPIROMETRY,0.026804838699442987,InComm-sourced,True,ablation_v1
MOCK01551,COPD_SPIROMETRY,0.01858589358277513,InComm-sourced,True,ablation_v1
MOCK01557,COPD_SPIROMETRY,0.018041570021829264,InComm-sourced,True,ablation_v1
MOCK01563,COPD_SPIROMETRY,0.035083993263324446,InComm-sourced,True,ablation_v1
MOCK01569,COPD_SPIROMETRY,0.015507611416710991,InComm-sourced,True,ablation_v1
MOCK01575,COPD_SPIROMETRY,0.017995974913921423,InComm-sourced,True,ablation_v1
MOCK01581,COPD_SPIROMETRY,0.03351632190412766,InComm-sourced,True,ablation_v1
MOCK01587,COPD_SPIROMETRY,0.027460612156875785,InComm-sourced,True,ablation_v1
MOCK01593,COPD_SPIROMETRY,0.021504166038196892,InComm-sourced,True,ablation_v1
MOCK01599,COPD_SPIROMETRY,0.04621488059866858,InComm-sourced,True,ablation_v1
MOCK01605,COPD_SPIROMETRY,0.024727667315698844,InComm-sourced,True,ablation_v1
MOCK01611,COPD_SPIROMETRY,0.0157225097136395,InComm-sourced,True,ablation_v1
MOCK01617,COPD_SPIROMETRY,0.023549872397107423,InComm-sourced,True,ablation_v1
MOCK01623,COPD_SPIROMETRY,0.022908896256227742,InComm-sourced,True,ablation_v1
MOCK01629,COPD_SPIROMETRY,0.03187163374998072,InComm-sourced,True,ablation_v1
MOCK01635,COPD_SPIROMETRY,0.011024357716149374,InComm-sourced,True,ablation_v1
MOCK01641,COPD_SPIROMETRY,0.018106223417819707,InComm-sourced,True,ablation_v1
MOCK01647,COPD_SPIROMETRY,0.021722649104020268,InComm-sourced,True,ablation_v1
MOCK01653,COPD_SPIROMETRY,0.02541347968520345,InComm-sourced,True,ablation_v1
MOCK01659,COPD_SPIROMETRY,0.02047724984248878,InComm-sourced,True,ablation_v1
MOCK01665,COPD_SPIROMETRY,0.017912987987005895,InComm-sourced,True,ablation_v1
MOCK01671,COPD_SPIROMETRY,0.02015637965791891,InComm-sourced,True,ablation_v1
MOCK01677,COPD_SPIROMETRY,0.0218612827170681,InComm-sourced,True,ablation_v1
MOCK01683,COPD_SPIROMETRY,0.04598228478367772,InComm-sourced,True,ablation_v1
MOCK01689,COPD_SPIROMETRY,0.016247741270229876,InComm-sourced,True,ablation_v1
MOCK01695,COPD_SPIROMETRY,0.024526400305903612,InComm-sourced,True,ablation_v1
MOCK01701,COPD_SPIROMETRY,0.02566948657248931,InComm-sourced,True,ablation_v1
MOCK01707,COPD_SPIROMETRY,0.012381189997725452,InComm-sourced,True,ablation_v1
MOCK01713,COPD_SPIROMETRY,0.024241769713298264,InComm-sourced,True,ablation_v1
MOCK01719,COPD_SPIROMETRY,0.0669406304255638,InComm-sourced,True,ablation_v1
MOCK01725,COPD_SPIROMETRY,0.01965790648805402,InComm-sourced,True,ablation_v1
MOCK01731,COPD_SPIROMETRY,0.01733405273792135,InComm-sourced,True,ablation_v1
MOCK01737,COPD_SPIROMETRY,0.041413644166654405,InComm-sourced,True,ablation_v1
MOCK01743,COPD_SPIROMETRY,0.036863710945659364,InComm-sourced,True,ablation_v1
MOCK01749,COPD_SPIROMETRY,0.0280859532256576,InComm-sourced,True,ablation_v1
MOCK01755,COPD_SPIROMETRY,0.0190593079928524,InComm-sourced,True,ablation_v1
MOCK01761,COPD_SPIROMETRY,0.049220970420462376,InComm-sourced,True,ablation_v1
MOCK01767,COPD_SPIROMETRY,0.033429725946261216,InComm-sourced,True,ablation_v1
MOCK01773,COPD_SPIROMETRY,0.02961073717443756,InComm-sourced,True,ablation_v1
MOCK01779,COPD_SPIROMETRY,0.02520995229793892,InComm-sourced,True,ablation_v1
MOCK01785,COPD_SPIROMETRY,0.021262500002782538,InComm-sourced,True,ablation_v1
MOCK01791,COPD_SPIROMETRY,0.027167972075289915,InComm-sourced,True,ablation_v1
MOCK01797,COPD_SPIROMETRY,0.01862025409706119,InComm-sourced,True,ablation_v1
MOCK01803,COPD_SPIROMETRY,0.017942455909476282,InComm-sourced,True,ablation_v1
MOCK01809,COPD_SPIROMETRY,0.03265752859465636,InComm-sourced,True,ablation_v1
MOCK01815,COPD_SPIROMETRY,0.015362651070178868,InComm-sourced,True,ablation_v1
MOCK01821,COPD_SPIROMETRY,0.02196672324012702,InComm-sourced,True,ablation_v1
MOCK01827,COPD_SPIROMETRY,0.022554049631053934,InComm-sourced,True,ablation_v1
MOCK01833,COPD_SPIROMETRY,0.03327612492197039,InComm-sourced,True,ablation_v1
MOCK01839,COPD_SPIROMETRY,0.0176890089406665,InComm-sourced,True,ablation_v1
MOCK01845,COPD_SPIROMETRY,0.040318458511606516,InComm-sourced,True,ablation_v1
MOCK01851,COPD_SPIROMETRY,0.01101075139823599,InComm-sourced,True,ablation_v1
MOCK01857,COPD_SPIROMETRY,0.02021496074190004,InComm-sourced,True,ablation_v1
MOCK01863,COPD_SPIROMETRY,0.0333318964756464,InComm-sourced,True,ablation_v1
MOCK01869,COPD_SPIROMETRY,0.026326693534565758,InComm-sourced,True,ablation_v1
MOCK01875,COPD_SPIROMETRY,0.018728793171713925,InComm-sourced,True,ablation_v1
MOCK01881,COPD_SPIROMETRY,0.02877089197635277,InComm-sourced,True,ablation_v1
MOCK01887,COPD_SPIROMETRY,0.021669653043379436,InComm-sourced,True,ablation_v1
MOCK01893,COPD_SPIROMETRY,0.02400953900566385,InComm-sourced,True,ablation_v1
MOCK01899,COPD_SPIROMETRY,0.014149534819442132,InComm-sourced,True,ablation_v1
MOCK01905,COPD_SPIROMETRY,0.014017586911130314,InComm-sourced,True,ablation_v1
MOCK01911,COPD_SPIROMETRY,0.010810244308423641,InComm-sourced,True,ablation_v1
MOCK01917,COPD_SPIROMETRY,0.03016949256544501,InComm-sourced,True,ablation_v1
MOCK01923,COPD_SPIROMETRY,0.025941723881882324,InComm-sourced,True,ablation_v1
MOCK01929,COPD_SPIROMETRY,0.06396856285366959,InComm-sourced,True,ablation_v1
MOCK01935,COPD_SPIROMETRY,0.019562751877882992,InComm-sourced,True,ablation_v1
MOCK01941,COPD_SPIROMETRY,0.027085805177331175,InComm-sourced,True,ablation_v1
MOCK01947,COPD_SPIROMETRY,0.022571121871496267,InComm-sourced,True,ablation_v1
MOCK01953,COPD_SPIROMETRY,0.014186768494927303,InComm-sourced,True,ablation_v1
MOCK01959,COPD_SPIROMETRY,0.0601520289716913,InComm-sourced,True,ablation_v1
MOCK01965,COPD_SPIROMETRY,0.021460857264632947,InComm-sourced,True,ablation_v1
MOCK01971,COPD_SPIROMETRY,0.037682212241663474,InComm-sourced,True,ablation_v1
MOCK01977,COPD_SPIROMETRY,0.014869941316207764,InComm-sourced,True,ablation_v1
MOCK01983,COPD_SPIROMETRY,0.08802217742277695,InComm-sourced,True,ablation_v1
MOCK01989,COPD_SPIROMETRY,0.03386006844609848,InComm-sourced,True,ablation_v1
MOCK01995,COPD_SPIROMETRY,0.013739118098084771,InComm-sourced,True,ablation_v1
MOCK02001,COPD_SPIROMETRY,0.017449571668826946,InComm-sourced,True,ablation_v1
MOCK02007,COPD_SPIROMETRY,0.00955250228141985,InComm-sourced,True,ablation_v1
MOCK02013,COPD_SPIROMETRY,0.020374369875662778,InComm-sourced,True,ablation_v1
MOCK02019,COPD_SPIROMETRY,0.018629669497866198,InComm-sourced,True,ablation_v1
MOCK02025,COPD_SPIROMETRY,0.02244287499346712,InComm-sourced,True,ablation_v1
MOCK02031,COPD_SPIROMETRY,0.008526879554026251,InComm-sourced,True,ablation_v1
MOCK02037,COPD_SPIROMETRY,0.03829872000801076,InComm-sourced,True,ablation_v1
MOCK02043,COPD_SPIROMETRY,0.027113350592957493,InComm-sourced,True,ablation_v1
MOCK02049,COPD_SPIROMETRY,0.02464959109968264,InComm-sourced,True,ablation_v1
MOCK02055,COPD_SPIROMETRY,0.01704349880778908,InComm-sourced,True,ablation_v1
MOCK02061,COPD_SPIROMETRY,0.059420298377996186,InComm-sourced,True,ablation_v1
MOCK02067,COPD_SPIROMETRY,0.020762288586654912,InComm-sourced,True,ablation_v1
MOCK02073,COPD_SPIROMETRY,0.02235586295586113,InComm-sourced,True,ablation_v1
MOCK02079,COPD_SPIROMETRY,0.03025457012685899,InComm-sourced,True,ablation_v1
MOCK02085,COPD_SPIROMETRY,0.010711371766284752,InComm-sourced,True,ablation_v1
MOCK02091,COPD_SPIROMETRY,0.015640265342570844,InComm-sourced,True,ablation_v1
MOCK02097,COPD_SPIROMETRY,0.044487665152330144,InComm-sourced,True,ablation_v1
MOCK02103,COPD_SPIROMETRY,0.02099574382712962,InComm-sourced,True,ablation_v1
MOCK02109,COPD_SPIROMETRY,0.026366530029835005,InComm-sourced,True,ablation_v1
MOCK02115,COPD_SPIROMETRY,0.01581555250265583,InComm-sourced,True,ablation_v1
MOCK02121,COPD_SPIROMETRY,0.018655647240756485,InComm-sourced,True,ablation_v1
MOCK02127,COPD_SPIROMETRY,0.01780829296531421,InComm-sourced,True,ablation_v1
MOCK02133,COPD_SPIROMETRY,0.029354764753276946,InComm-sourced,True,ablation_v1
MOCK02139,COPD_SPIROMETRY,0.015299964153273263,InComm-sourced,True,ablation_v1
MOCK02145,COPD_SPIROMETRY,0.013186363302674965,InComm-sourced,True,ablation_v1
MOCK02151,COPD_SPIROMETRY,0.014020717790077169,InComm-sourced,True,ablation_v1
MOCK02157,COPD_SPIROMETRY,0.022054571354147196,InComm-sourced,True,ablation_v1
MOCK02163,COPD_SPIROMETRY,0.02940383110783719,InComm-sourced,True,ablation_v1
MOCK02169,COPD_SPIROMETRY,0.016563241593961945,InComm-sourced,True,ablation_v1
MOCK02175,COPD_SPIROMETRY,0.010248263790917561,InComm-sourced,True,ablation_v1
MOCK02181,COPD_SPIROMETRY,0.03707808821615043,InComm-sourced,True,ablation_v1
MOCK02187,COPD_SPIROMETRY,0.031237447767027304,InComm-sourced,True,ablation_v1
MOCK02193,COPD_SPIROMETRY,0.02050384936950548,InComm-sourced,True,ablation_v1
MOCK02199,COPD_SPIROMETRY,0.021098401450933335,InComm-sourced,True,ablation_v1
MOCK02205,COPD_SPIROMETRY,0.010878241051877654,InComm-sourced,True,ablation_v1
MOCK02211,COPD_SPIROMETRY,0.06502497482089285,InComm-sourced,True,ablation_v1
MOCK02217,COPD_SPIROMETRY,0.014831624159034443,InComm-sourced,True,ablation_v1
MOCK02223,COPD_SPIROMETRY,0.01591775095340483,InComm-sourced,True,ablation_v1
MOCK02229,COPD_SPIROMETRY,0.04323517911924613,InComm-sourced,True,ablation_v1
MOCK02235,COPD_SPIROMETRY,0.01385204761261633,InComm-sourced,True,ablation_v1
MOCK02241,COPD_SPIROMETRY,0.020766912710772384,InComm-sourced,True,ablation_v1
MOCK02247,COPD_SPIROMETRY,0.023946176281486146,InComm-sourced,True,ablation_v1
MOCK02253,COPD_SPIROMETRY,0.03055343112737757,InComm-sourced,True,ablation_v1
MOCK02259,COPD_SPIROMETRY,0.027344300036714,InComm-sourced,True,ablation_v1
MOCK02265,COPD_SPIROMETRY,0.010146429714593497,InComm-sourced,True,ablation_v1
MOCK02271,COPD_SPIROMETRY,0.025289461610833782,InComm-sourced,True,ablation_v1
MOCK02277,COPD_SPIROMETRY,0.017327322201621347,InComm-sourced,True,ablation_v1
MOCK02283,COPD_SPIROMETRY,0.019229750790550067,InComm-sourced,True,ablation_v1
MOCK02289,COPD_SPIROMETRY,0.0382946575799539,InComm-sourced,True,ablation_v1
MOCK02295,COPD_SPIROMETRY,0.013538067049989487,InComm-sourced,True,ablation_v1
MOCK02301,COPD_SPIROMETRY,0.024166022301631743,InComm-sourced,True,ablation_v1
MOCK02307,COPD_SPIROMETRY,0.025562751037139446,InComm-sourced,True,ablation_v1
MOCK02313,COPD_SPIROMETRY,0.027297174424494756,InComm-sourced,True,ablation_v1
MOCK02319,COPD_SPIROMETRY,0.022090808993507263,InComm-sourced,True,ablation_v1
MOCK02325,COPD_SPIROMETRY,0.0489508356675078,InComm-sourced,True,ablation_v1
MOCK02331,COPD_SPIROMETRY,0.01738256395458452,InComm-sourced,True,ablation_v1
MOCK02337,COPD_SPIROMETRY,0.019055424270774664,InComm-sourced,True,ablation_v1
MOCK02343,COPD_SPIROMETRY,0.04812963883824694,InComm-sourced,True,ablation_v1
MOCK02349,COPD_SPIROMETRY,0.014797326060972766,InComm-sourced,True,ablation_v1
MOCK02355,COPD_SPIROMETRY,0.015352295170034065,InComm-sourced,True,ablation_v1
MOCK02361,COPD_SPIROMETRY,0.02703807777442303,InComm-sourced,True,ablation_v1
MOCK02367,COPD_SPIROMETRY,0.03296190251701417,InComm-sourced,True,ablation_v1
MOCK02373,COPD_SPIROMETRY,0.03344558785142419,InComm-sourced,True,ablation_v1
MOCK02379,COPD_SPIROMETRY,0.021142288756583586,InComm-sourced,True,ablation_v1
MOCK02385,COPD_SPIROMETRY,0.015885040185955043,InComm-sourced,True,ablation_v1
MOCK02391,COPD_SPIROMETRY,0.021920564966915752,InComm-sourced,True,ablation_v1
MOCK02397,COPD_SPIROMETRY,0.026902980984478148,InComm-sourced,True,ablation_v1
MOCK02403,COPD_SPIROMETRY,0.020448052224570745,InComm-sourced,True,ablation_v1
MOCK02409,COPD_SPIROMETRY,0.022107925976323394,InComm-sourced,True,ablation_v1
MOCK02415,COPD_SPIROMETRY,0.01924399127679498,InComm-sourced,True,ablation_v1
MOCK02421,COPD_SPIROMETRY,0.015424557402865692,InComm-sourced,True,ablation_v1
MOCK02427,COPD_SPIROMETRY,0.02422761506655546,InComm-sourced,True,ablation_v1
MOCK02433,COPD_SPIROMETRY,0.022297719782637036,InComm-sourced,True,ablation_v1
MOCK02439,COPD_SPIROMETRY,0.14178860293460896,InComm-sourced,True,ablation_v1
MOCK02445,COPD_SPIROMETRY,0.028856563910225255,InComm-sourced,True,ablation_v1
MOCK02451,COPD_SPIROMETRY,0.018739710155283872,InComm-sourced,True,ablation_v1
MOCK02457,COPD_SPIROMETRY,0.01845362824816038,InComm-sourced,True,ablation_v1
MOCK02463,COPD_SPIROMETRY,0.03477060832438854,InComm-sourced,True,ablation_v1
MOCK02469,COPD_SPIROMETRY,0.014326940800784402,InComm-sourced,True,ablation_v1
MOCK02475,COPD_SPIROMETRY,0.017035574499968283,InComm-sourced,True,ablation_v1
MOCK02481,COPD_SPIROMETRY,0.03015949044960164,InComm-sourced,True,ablation_v1
MOCK02487,COPD_SPIROMETRY,0.03800662754230576,InComm-sourced,True,ablation_v1
MOCK02493,COPD_SPIROMETRY,0.03662501393616571,InComm-sourced,True,ablation_v1
MOCK02499,COPD_SPIROMETRY,0.01753148569246229,InComm-sourced,True,ablation_v1
MOCK02505,COPD_SPIROMETRY,0.020192469796522807,InComm-sourced,True,ablation_v1
MOCK02511,COPD_SPIROMETRY,0.035141993887274695,InComm-sourced,True,ablation_v1
MOCK02517,COPD_SPIROMETRY,0.03262605524409845,InComm-sourced,True,ablation_v1
MOCK02523,COPD_SPIROMETRY,0.024206523194523762,InComm-sourced,True,ablation_v1
MOCK02529,COPD_SPIROMETRY,0.025079840156707403,InComm-sourced,True,ablation_v1
MOCK02535,COPD_SPIROMETRY,0.0334552759282331,InComm-sourced,True,ablation_v1
MOCK02541,COPD_SPIROMETRY,0.013781418715684007,InComm-sourced,True,ablation_v1
MOCK02547,COPD_SPIROMETRY,0.022491826225544315,InComm-sourced,True,ablation_v1
MOCK02553,COPD_SPIROMETRY,0.03663235104925148,InComm-sourced,True,ablation_v1
MOCK02559,COPD_SPIROMETRY,0.022592864003178465,InComm-sourced,True,ablation_v1
MOCK02565,COPD_SPIROMETRY,0.0197076348802362,InComm-sourced,True,ablation_v1
MOCK02571,COPD_SPIROMETRY,0.011223199645739366,InComm-sourced,True,ablation_v1
MOCK02577,COPD_SPIROMETRY,0.02263968005233205,InComm-sourced,True,ablation_v1
MOCK02583,COPD_SPIROMETRY,0.031567742496016994,InComm-sourced,True,ablation_v1
MOCK02589,COPD_SPIROMETRY,0.021091698479702065,InComm-sourced,True,ablation_v1
MOCK02595,COPD_SPIROMETRY,0.024889230640805244,InComm-sourced,True,ablation_v1
MOCK02601,COPD_SPIROMETRY,0.01931529802757172,InComm-sourced,True,ablation_v1
MOCK02607,COPD_SPIROMETRY,0.010249222493106261,InComm-sourced,True,ablation_v1
MOCK02613,COPD_SPIROMETRY,0.019655278552142025,InComm-sourced,True,ablation_v1
MOCK02619,COPD_SPIROMETRY,0.030283150276457126,InComm-sourced,True,ablation_v1
MOCK02625,COPD_SPIROMETRY,0.03642287302963149,InComm-sourced,True,ablation_v1
MOCK02631,COPD_SPIROMETRY,0.017263594800435513,InComm-sourced,True,ablation_v1
MOCK02637,COPD_SPIROMETRY,0.018666319791552873,InComm-sourced,True,ablation_v1
MOCK02643,COPD_SPIROMETRY,0.03715666239390829,InComm-sourced,True,ablation_v1
MOCK02649,COPD_SPIROMETRY,0.024554557960142755,InComm-sourced,True,ablation_v1
MOCK02655,COPD_SPIROMETRY,0.013428726400053772,InComm-sourced,True,ablation_v1
MOCK02661,COPD_SPIROMETRY,0.03091593350113318,InComm-sourced,True,ablation_v1
MOCK02667,COPD_SPIROMETRY,0.014939941545410909,InComm-sourced,True,ablation_v1
MOCK02673,COPD_SPIROMETRY,0.02420020315419854,InComm-sourced,True,ablation_v1
MOCK02679,COPD_SPIROMETRY,0.01242507650697923,InComm-sourced,True,ablation_v1
MOCK02685,COPD_SPIROMETRY,0.023460096900571083,InComm-sourced,True,ablation_v1
MOCK02691,COPD_SPIROMETRY,0.04667294990725285,InComm-sourced,True,ablation_v1
MOCK02697,COPD_SPIROMETRY,0.024454485827813045,InComm-sourced,True,ablation_v1
MOCK02703,COPD_SPIROMETRY,0.018674139124392808,InComm-sourced,True,ablation_v1
MOCK02709,COPD_SPIROMETRY,0.023730134067075814,InComm-sourced,True,ablation_v1
MOCK02715,COPD_SPIROMETRY,0.01448335181218174,InComm-sourced,True,ablation_v1
MOCK02721,COPD_SPIROMETRY,0.02586691744845663,InComm-sourced,True,ablation_v1
MOCK02727,COPD_SPIROMETRY,0.024251239727927913,InComm-sourced,True,ablation_v1
MOCK02733,COPD_SPIROMETRY,0.026290147952182007,InComm-sourced,True,ablation_v1
MOCK02739,COPD_SPIROMETRY,0.018770507685765225,InComm-sourced,True,ablation_v1
MOCK02745,COPD_SPIROMETRY,0.019380085895318602,InComm-sourced,True,ablation_v1
MOCK02751,COPD_SPIROMETRY,0.03034884355362964,InComm-sourced,True,ablation_v1
MOCK02757,COPD_SPIROMETRY,0.013879653333273956,InComm-sourced,True,ablation_v1
MOCK02763,COPD_SPIROMETRY,0.03724118873051818,InComm-sourced,True,ablation_v1
MOCK02769,COPD_SPIROMETRY,0.020049687304145972,InComm-sourced,True,ablation_v1
MOCK02775,COPD_SPIROMETRY,0.021093228824941263,InComm-sourced,True,ablation_v1
MOCK02781,COPD_SPIROMETRY,0.049596280742964016,InComm-sourced,True,ablation_v1
MOCK02787,COPD_SPIROMETRY,0.029235473002454503,InComm-sourced,True,ablation_v1
MOCK02793,COPD_SPIROMETRY,0.026564461075965037,InComm-sourced,True,ablation_v1
MOCK02799,COPD_SPIROMETRY,0.014244815131684392,InComm-sourced,True,ablation_v1
MOCK02805,COPD_SPIROMETRY,0.045673396671737476,InComm-sourced,True,ablation_v1
MOCK02811,COPD_SPIROMETRY,0.03454415645154332,InComm-sourced,True,ablation_v1
MOCK02817,COPD_SPIROMETRY,0.012148796899954442,InComm-sourced,True,ablation_v1
MOCK02823,COPD_SPIROMETRY,0.02182532319129874,InComm-sourced,True,ablation_v1
MOCK02829,COPD_SPIROMETRY,0.030598194229471343,InComm-sourced,True,ablation_v1
MOCK02835,COPD_SPIROMETRY,0.02014886356073269,InComm-sourced,True,ablation_v1
MOCK02841,COPD_SPIROMETRY,0.020703419535777833,InComm-sourced,True,ablation_v1
MOCK02847,COPD_SPIROMETRY,0.01874682200409432,InComm-sourced,True,ablation_v1
MOCK02853,COPD_SPIROMETRY,0.03099729844976853,InComm-sourced,True,ablation_v1
MOCK02859,COPD_SPIROMETRY,0.022276332825931233,InComm-sourced,True,ablation_v1
MOCK02865,COPD_SPIROMETRY,0.02734984415596255,InComm-sourced,True,ablation_v1
MOCK02871,COPD_SPIROMETRY,0.013611076924752684,InComm-sourced,True,ablation_v1
MOCK02877,COPD_SPIROMETRY,0.016950594112359104,InComm-sourced,True,ablation_v1
MOCK02883,COPD_SPIROMETRY,0.029231823766581247,InComm-sourced,True,ablation_v1
MOCK02889,COPD_SPIROMETRY,0.018802087176895105,InComm-sourced,True,ablation_v1
MOCK02895,COPD_SPIROMETRY,0.020689596564765135,InComm-sourced,True,ablation_v1
MOCK02901,COPD_SPIROMETRY,0.031154393730313274,InComm-sourced,True,ablation_v1
MOCK02907,COPD_SPIROMETRY,0.027031757309013027,InComm-sourced,True,ablation_v1
MOCK02913,COPD_SPIROMETRY,0.01245632619012772,InComm-sourced,True,ablation_v1
MOCK02919,COPD_SPIROMETRY,0.019241870962227518,InComm-sourced,True,ablation_v1
MOCK02925,COPD_SPIROMETRY,0.01867274266475932,InComm-sourced,True,ablation_v1
MOCK02931,COPD_SPIROMETRY,0.023742173524565893,InComm-sourced,True,ablation_v1
MOCK02937,COPD_SPIROMETRY,0.015235327675825727,InComm-sourced,True,ablation_v1
MOCK02943,COPD_SPIROMETRY,0.040943858256868644,InComm-sourced,True,ablation_v1
MOCK02949,COPD_SPIROMETRY,0.01658833087695176,InComm-sourced,True,ablation_v1
MOCK02955,COPD_SPIROMETRY,0.01106439885695543,InComm-sourced,True,ablation_v1
MOCK02961,COPD_SPIROMETRY,0.017776670320362984,InComm-sourced,True,ablation_v1
MOCK02967,COPD_SPIROMETRY,0.017467607893413704,InComm-sourced,True,ablation_v1
MOCK02973,COPD_SPIROMETRY,0.027642794409624107,InComm-sourced,True,ablation_v1
MOCK02979,COPD_SPIROMETRY,0.0206068957441948,InComm-sourced,True,ablation_v1
MOCK02985,COPD_SPIROMETRY,0.019328895060550886,InComm-sourced,True,ablation_v1
MOCK02991,COPD_SPIROMETRY,0.02303022538483049,InComm-sourced,True,ablation_v1
MOCK02997,COPD_SPIROMETRY,0.02587839766593008,InComm-sourced,True,ablation_v1
MOCK03003,COPD_SPIROMETRY,0.029281778088639274,InComm-sourced,True,ablation_v1
MOCK03009,COPD_SPIROMETRY,0.020256396422696363,InComm-sourced,True,ablation_v1
MOCK03015,COPD_SPIROMETRY,0.014704496727893706,InComm-sourced,True,ablation_v1
MOCK03021,COPD_SPIROMETRY,0.01775456928453651,InComm-sourced,True,ablation_v1
MOCK03027,COPD_SPIROMETRY,0.013683189123551742,InComm-sourced,True,ablation_v1
MOCK03033,COPD_SPIROMETRY,0.02523027344919592,InComm-sourced,True,ablation_v1
MOCK03039,COPD_SPIROMETRY,0.016598763694379202,InComm-sourced,True,ablation_v1
MOCK03045,COPD_SPIROMETRY,0.013927897549271403,InComm-sourced,True,ablation_v1
MOCK03051,COPD_SPIROMETRY,0.019136564578031447,InComm-sourced,True,ablation_v1
MOCK03057,COPD_SPIROMETRY,0.028755323606383568,InComm-sourced,True,ablation_v1
MOCK03063,COPD_SPIROMETRY,0.032535458091148176,InComm-sourced,True,ablation_v1
MOCK03069,COPD_SPIROMETRY,0.08287565672275728,InComm-sourced,True,ablation_v1
MOCK03075,COPD_SPIROMETRY,0.015337421856749021,InComm-sourced,True,ablation_v1
MOCK03081,COPD_SPIROMETRY,0.027578059861814875,InComm-sourced,True,ablation_v1
MOCK03087,COPD_SPIROMETRY,0.03488183055834035,InComm-sourced,True,ablation_v1
MOCK03093,COPD_SPIROMETRY,0.019513634908502407,InComm-sourced,True,ablation_v1
MOCK03099,COPD_SPIROMETRY,0.02097205359089844,InComm-sourced,True,ablation_v1
MOCK03105,COPD_SPIROMETRY,0.011435804346547847,InComm-sourced,True,ablation_v1
MOCK03111,COPD_SPIROMETRY,0.022105039265802363,InComm-sourced,True,ablation_v1
MOCK03117,COPD_SPIROMETRY,0.017989570840508524,InComm-sourced,True,ablation_v1
MOCK03123,COPD_SPIROMETRY,0.019405160694228287,InComm-sourced,True,ablation_v1
MOCK03129,COPD_SPIROMETRY,0.025967309759088838,InComm-sourced,True,ablation_v1
MOCK03135,COPD_SPIROMETRY,0.042851511134023884,InComm-sourced,True,ablation_v1
MOCK03141,COPD_SPIROMETRY,0.021968523753584407,InComm-sourced,True,ablation_v1
MOCK03147,COPD_SPIROMETRY,0.013167299238748854,InComm-sourced,True,ablation_v1
MOCK03153,COPD_SPIROMETRY,0.014308282432638082,InComm-sourced,True,ablation_v1
MOCK03159,COPD_SPIROMETRY,0.020311648032369164,InComm-sourced,True,ablation_v1
MOCK03165,COPD_SPIROMETRY,0.037114890603000876,InComm-sourced,True,ablation_v1
MOCK03171,COPD_SPIROMETRY,0.01467114311202089,InComm-sourced,True,ablation_v1
MOCK03177,COPD_SPIROMETRY,0.03371479490365271,InComm-sourced,True,ablation_v1
MOCK03183,COPD_SPIROMETRY,0.019890687558099862,InComm-sourced,True,ablation_v1
MOCK03189,COPD_SPIROMETRY,0.025744568959037872,InComm-sourced,True,ablation_v1
MOCK03195,COPD_SPIROMETRY,0.025567545529995434,InComm-sourced,True,ablation_v1
MOCK03201,COPD_SPIROMETRY,0.011854217364911624,InComm-sourced,True,ablation_v1
MOCK03207,COPD_SPIROMETRY,0.015677701235870138,InComm-sourced,True,ablation_v1
MOCK03213,COPD_SPIROMETRY,0.040843723827525755,InComm-sourced,True,ablation_v1
MOCK03219,COPD_SPIROMETRY,0.054241577038331545,InComm-sourced,True,ablation_v1
MOCK03225,COPD_SPIROMETRY,0.01541600277404034,InComm-sourced,True,ablation_v1
MOCK03231,COPD_SPIROMETRY,0.017811262916322384,InComm-sourced,True,ablation_v1
MOCK03237,COPD_SPIROMETRY,0.011894398358663303,InComm-sourced,True,ablation_v1
MOCK03243,COPD_SPIROMETRY,0.015565230061622342,InComm-sourced,True,ablation_v1
MOCK03249,COPD_SPIROMETRY,0.013996949975530401,InComm-sourced,True,ablation_v1
MOCK03255,COPD_SPIROMETRY,0.01574913739801256,InComm-sourced,True,ablation_v1
MOCK03261,COPD_SPIROMETRY,0.021247360734501702,InComm-sourced,True,ablation_v1
MOCK03267,COPD_SPIROMETRY,0.016389864785092228,InComm-sourced,True,ablation_v1
MOCK03273,COPD_SPIROMETRY,0.017670711972584262,InComm-sourced,True,ablation_v1
MOCK03279,COPD_SPIROMETRY,0.01861403436738986,InComm-sourced,True,ablation_v1
MOCK03285,COPD_SPIROMETRY,0.023109240165356346,InComm-sourced,True,ablation_v1
MOCK03291,COPD_SPIROMETRY,0.03951541410925474,InComm-sourced,True,ablation_v1
MOCK03297,COPD_SPIROMETRY,0.013015404389331992,InComm-sourced,True,ablation_v1
MOCK03303,COPD_SPIROMETRY,0.023284158209412435,InComm-sourced,True,ablation_v1
MOCK03309,COPD_SPIROMETRY,0.030908636521393387,InComm-sourced,True,ablation_v1
MOCK03315,COPD_SPIROMETRY,0.052087877451457563,InComm-sourced,True,ablation_v1
MOCK03321,COPD_SPIROMETRY,0.02034279914419382,InComm-sourced,True,ablation_v1
MOCK03327,COPD_SPIROMETRY,0.03423081985504167,InComm-sourced,True,ablation_v1
MOCK03333,COPD_SPIROMETRY,0.03658120140463774,InComm-sourced,True,ablation_v1
MOCK03339,COPD_SPIROMETRY,0.017669021763473215,InComm-sourced,True,ablation_v1
MOCK03345,COPD_SPIROMETRY,0.02896494466695826,InComm-sourced,True,ablation_v1
MOCK03351,COPD_SPIROMETRY,0.018004691109425756,InComm-sourced,True,ablation_v1
MOCK03357,COPD_SPIROMETRY,0.012270448560814455,InComm-sourced,True,ablation_v1
MOCK03363,COPD_SPIROMETRY,0.012936231553681428,InComm-sourced,True,ablation_v1
MOCK03369,COPD_SPIROMETRY,0.016246963323619044,InComm-sourced,True,ablation_v1
MOCK03375,COPD_SPIROMETRY,0.019974921849558288,InComm-sourced,True,ablation_v1
MOCK03381,COPD_SPIROMETRY,0.03310277638246626,InComm-sourced,True,ablation_v1
MOCK03387,COPD_SPIROMETRY,0.012982338221834498,InComm-sourced,True,ablation_v1
MOCK03393,COPD_SPIROMETRY,0.014724812204674096,InComm-sourced,True,ablation_v1
MOCK03399,COPD_SPIROMETRY,0.02297358819280506,InComm-sourced,True,ablation_v1
MOCK03405,COPD_SPIROMETRY,0.0184564869259043,InComm-sourced,True,ablation_v1
MOCK03411,COPD_SPIROMETRY,0.015788518458788717,InComm-sourced,True,ablation_v1
MOCK03417,COPD_SPIROMETRY,0.037422486891782264,InComm-sourced,True,ablation_v1
MOCK03423,COPD_SPIROMETRY,0.021771902575953284,InComm-sourced,True,ablation_v1
MOCK03429,COPD_SPIROMETRY,0.021446638809135745,InComm-sourced,True,ablation_v1
MOCK03435,COPD_SPIROMETRY,0.028983576891766,InComm-sourced,True,ablation_v1
MOCK03441,COPD_SPIROMETRY,0.014945065036320128,InComm-sourced,True,ablation_v1
MOCK03447,COPD_SPIROMETRY,0.013574826750803229,InComm-sourced,True,ablation_v1
MOCK03453,COPD_SPIROMETRY,0.019745267056976722,InComm-sourced,True,ablation_v1
MOCK03459,COPD_SPIROMETRY,0.016589049678553628,InComm-sourced,True,ablation_v1
MOCK03465,COPD_SPIROMETRY,0.01238626796527486,InComm-sourced,True,ablation_v1
MOCK03471,COPD_SPIROMETRY,0.014195104224492319,InComm-sourced,True,ablation_v1
MOCK03477,COPD_SPIROMETRY,0.027588836815164667,InComm-sourced,True,ablation_v1
MOCK03483,COPD_SPIROMETRY,0.03852856535535143,InComm-sourced,True,ablation_v1
MOCK03489,COPD_SPIROMETRY,0.014905012279091332,InComm-sourced,True,ablation_v1
MOCK03495,COPD_SPIROMETRY,0.027376619438453736,InComm-sourced,True,ablation_v1
MOCK03501,COPD_SPIROMETRY,0.015810769924660784,InComm-sourced,True,ablation_v1
MOCK03507,COPD_SPIROMETRY,0.03420003554488742,InComm-sourced,True,ablation_v1
MOCK03513,COPD_SPIROMETRY,0.0176292966348521,InComm-sourced,True,ablation_v1
MOCK03519,COPD_SPIROMETRY,0.031517726956057195,InComm-sourced,True,ablation_v1
MOCK03525,COPD_SPIROMETRY,0.027199904384411593,InComm-sourced,True,ablation_v1
MOCK03531,COPD_SPIROMETRY,0.0236082808432646,InComm-sourced,True,ablation_v1
MOCK03537,COPD_SPIROMETRY,0.017673771336080585,InComm-sourced,True,ablation_v1
MOCK03543,COPD_SPIROMETRY,0.015941110268908633,InComm-sourced,True,ablation_v1
MOCK03549,COPD_SPIROMETRY,0.048763694258955013,InComm-sourced,True,ablation_v1
MOCK03555,COPD_SPIROMETRY,0.015397209193766937,InComm-sourced,True,ablation_v1
MOCK03561,COPD_SPIROMETRY,0.013783249538171735,InComm-sourced,True,ablation_v1
MOCK03567,COPD_SPIROMETRY,0.02748677330966601,InComm-sourced,True,ablation_v1
MOCK03573,COPD_SPIROMETRY,0.03026941857402584,InComm-sourced,True,ablation_v1
MOCK03579,COPD_SPIROMETRY,0.026513330085096033,InComm-sourced,True,ablation_v1
MOCK03585,COPD_SPIROMETRY,0.013500047753976499,InComm-sourced,True,ablation_v1
MOCK03591,COPD_SPIROMETRY,0.02115618800915474,InComm-sourced,True,ablation_v1
MOCK03597,COPD_SPIROMETRY,0.016023740780867563,InComm-sourced,True,ablation_v1
MOCK03603,COPD_SPIROMETRY,0.019047902359636163,InComm-sourced,True,ablation_v1
MOCK03609,COPD_SPIROMETRY,0.01599262357802021,InComm-sourced,True,ablation_v1
MOCK03615,COPD_SPIROMETRY,0.05027054968648249,InComm-sourced,True,ablation_v1
MOCK03621,COPD_SPIROMETRY,0.02242338527529714,InComm-sourced,True,ablation_v1
MOCK03627,COPD_SPIROMETRY,0.015201000790454323,InComm-sourced,True,ablation_v1
MOCK03633,COPD_SPIROMETRY,0.02179705097201771,InComm-sourced,True,ablation_v1
MOCK03639,COPD_SPIROMETRY,0.018355799868220724,InComm-sourced,True,ablation_v1
MOCK03645,COPD_SPIROMETRY,0.01747376578091523,InComm-sourced,True,ablation_v1
MOCK03651,COPD_SPIROMETRY,0.01099996793813411,InComm-sourced,True,ablation_v1
MOCK03657,COPD_SPIROMETRY,0.01997223126006818,InComm-sourced,True,ablation_v1
MOCK03663,COPD_SPIROMETRY,0.02244744758469045,InComm-sourced,True,ablation_v1
MOCK03669,COPD_SPIROMETRY,0.02730025945089186,InComm-sourced,True,ablation_v1
MOCK03675,COPD_SPIROMETRY,0.021858362033681692,InComm-sourced,True,ablation_v1
MOCK03681,COPD_SPIROMETRY,0.014522943235398737,InComm-sourced,True,ablation_v1
MOCK03687,COPD_SPIROMETRY,0.017616114597695992,InComm-sourced,True,ablation_v1
MOCK03693,COPD_SPIROMETRY,0.02239610707437187,InComm-sourced,True,ablation_v1
MOCK03699,COPD_SPIROMETRY,0.03837999605378385,InComm-sourced,True,ablation_v1
MOCK03705,COPD_SPIROMETRY,0.013902458925940692,InComm-sourced,True,ablation_v1
MOCK03711,COPD_SPIROMETRY,0.022511099609141143,InComm-sourced,True,ablation_v1
MOCK03717,COPD_SPIROMETRY,0.035691268426109826,InComm-sourced,True,ablation_v1
MOCK03723,COPD_SPIROMETRY,0.03580534522229404,InComm-sourced,True,ablation_v1
MOCK03729,COPD_SPIROMETRY,0.01813195275353834,InComm-sourced,True,ablation_v1
MOCK03735,COPD_SPIROMETRY,0.01528067603390525,InComm-sourced,True,ablation_v1
MOCK03741,COPD_SPIROMETRY,0.016679996238628616,InComm-sourced,True,ablation_v1
MOCK03747,COPD_SPIROMETRY,0.013198282157229494,InComm-sourced,True,ablation_v1
MOCK03753,COPD_SPIROMETRY,0.025646829910096095,InComm-sourced,True,ablation_v1
MOCK03759,COPD_SPIROMETRY,0.014776474215370723,InComm-sourced,True,ablation_v1
MOCK03765,COPD_SPIROMETRY,0.013334322225258977,InComm-sourced,True,ablation_v1
MOCK03771,COPD_SPIROMETRY,0.030726000211166275,InComm-sourced,True,ablation_v1
MOCK03777,COPD_SPIROMETRY,0.010060820669869483,InComm-sourced,True,ablation_v1
MOCK03783,COPD_SPIROMETRY,0.01652731932380085,InComm-sourced,True,ablation_v1
MOCK03789,COPD_SPIROMETRY,0.021168910045068007,InComm-sourced,True,ablation_v1
MOCK03795,COPD_SPIROMETRY,0.04044361327395203,InComm-sourced,True,ablation_v1
MOCK03801,COPD_SPIROMETRY,0.019181256763445793,InComm-sourced,True,ablation_v1
MOCK03807,COPD_SPIROMETRY,0.014617002665435294,InComm-sourced,True,ablation_v1
MOCK03813,COPD_SPIROMETRY,0.016995296850590695,InComm-sourced,True,ablation_v1
MOCK03819,COPD_SPIROMETRY,0.042699727076320006,InComm-sourced,True,ablation_v1
MOCK03825,COPD_SPIROMETRY,0.04029786864053254,InComm-sourced,True,ablation_v1
MOCK03831,COPD_SPIROMETRY,0.009575992807969912,InComm-sourced,True,ablation_v1
MOCK03837,COPD_SPIROMETRY,0.013299486490571322,InComm-sourced,True,ablation_v1
MOCK03843,COPD_SPIROMETRY,0.027940278890872125,InComm-sourced,True,ablation_v1
MOCK03849,COPD_SPIROMETRY,0.03818656541946046,InComm-sourced,True,ablation_v1
MOCK03855,COPD_SPIROMETRY,0.015936595242985425,InComm-sourced,True,ablation_v1
MOCK03861,COPD_SPIROMETRY,0.019068749449278277,InComm-sourced,True,ablation_v1
MOCK03867,COPD_SPIROMETRY,0.023790302445668775,InComm-sourced,True,ablation_v1
MOCK03873,COPD_SPIROMETRY,0.03225225818881959,InComm-sourced,True,ablation_v1
MOCK03879,COPD_SPIROMETRY,0.017928582433043308,InComm-sourced,True,ablation_v1
MOCK03885,COPD_SPIROMETRY,0.03302500293359875,InComm-sourced,True,ablation_v1
MOCK03891,COPD_SPIROMETRY,0.040921949257678114,InComm-sourced,True,ablation_v1
MOCK03897,COPD_SPIROMETRY,0.015519971245409258,InComm-sourced,True,ablation_v1
MOCK03903,COPD_SPIROMETRY,0.02176216283208242,InComm-sourced,True,ablation_v1
MOCK03909,COPD_SPIROMETRY,0.028353143052517567,InComm-sourced,True,ablation_v1
MOCK03915,COPD_SPIROMETRY,0.020155354739543895,InComm-sourced,True,ablation_v1
MOCK03921,COPD_SPIROMETRY,0.03410519706802893,InComm-sourced,True,ablation_v1
MOCK03927,COPD_SPIROMETRY,0.02418796704181089,InComm-sourced,True,ablation_v1
MOCK03933,COPD_SPIROMETRY,0.017119752461050672,InComm-sourced,True,ablation_v1
MOCK03939,COPD_SPIROMETRY,0.014659488885359442,InComm-sourced,True,ablation_v1
MOCK03945,COPD_SPIROMETRY,0.016329928161296196,InComm-sourced,True,ablation_v1
MOCK03951,COPD_SPIROMETRY,0.031028650047422696,InComm-sourced,True,ablation_v1
MOCK03957,COPD_SPIROMETRY,0.016025305781594158,InComm-sourced,True,ablation_v1
MOCK03963,COPD_SPIROMETRY,0.03226548121998203,InComm-sourced,True,ablation_v1
MOCK03969,COPD_SPIROMETRY,0.034649518198087766,InComm-sourced,True,ablation_v1
MOCK03975,COPD_SPIROMETRY,0.027416274601659074,InComm-sourced,True,ablation_v1
MOCK03981,COPD_SPIROMETRY,0.016950019684039298,InComm-sourced,True,ablation_v1
MOCK03987,COPD_SPIROMETRY,0.03553346307318048,InComm-sourced,True,ablation_v1
MOCK03993,COPD_SPIROMETRY,0.01058144997578828,InComm-sourced,True,ablation_v1
MOCK03999,COPD_SPIROMETRY,0.034473988482146056,InComm-sourced,True,ablation_v1
MOCK04005,COPD_SPIROMETRY,0.0442984921254083,InComm-sourced,True,ablation_v1
MOCK04011,COPD_SPIROMETRY,0.009749650247845298,InComm-sourced,True,ablation_v1
MOCK04017,COPD_SPIROMETRY,0.02182005792724282,InComm-sourced,True,ablation_v1
MOCK04023,COPD_SPIROMETRY,0.04267791393929744,InComm-sourced,True,ablation_v1
MOCK04029,COPD_SPIROMETRY,0.017826463156441225,InComm-sourced,True,ablation_v1
MOCK04035,COPD_SPIROMETRY,0.0231578110759683,InComm-sourced,True,ablation_v1
MOCK04041,COPD_SPIROMETRY,0.031055256902200703,InComm-sourced,True,ablation_v1
MOCK04047,COPD_SPIROMETRY,0.021441939657208132,InComm-sourced,True,ablation_v1
MOCK04053,COPD_SPIROMETRY,0.034187852706789666,InComm-sourced,True,ablation_v1
MOCK04059,COPD_SPIROMETRY,0.02269416372239494,InComm-sourced,True,ablation_v1
MOCK04065,COPD_SPIROMETRY,0.013830209238840084,InComm-sourced,True,ablation_v1
MOCK04071,COPD_SPIROMETRY,0.011007311113760618,InComm-sourced,True,ablation_v1
MOCK04077,COPD_SPIROMETRY,0.03568606008668664,InComm-sourced,True,ablation_v1
MOCK04083,COPD_SPIROMETRY,0.027126362317469583,InComm-sourced,True,ablation_v1
MOCK04089,COPD_SPIROMETRY,0.018837477278856842,InComm-sourced,True,ablation_v1
MOCK04095,COPD_SPIROMETRY,0.0194326817415961,InComm-sourced,True,ablation_v1
MOCK04101,COPD_SPIROMETRY,0.011673852900030821,InComm-sourced,True,ablation_v1
MOCK04107,COPD_SPIROMETRY,0.017067438831406326,InComm-sourced,True,ablation_v1
MOCK04113,COPD_SPIROMETRY,0.020206399920381146,InComm-sourced,True,ablation_v1
MOCK04119,COPD_SPIROMETRY,0.02091528333434052,InComm-sourced,True,ablation_v1
MOCK04125,COPD_SPIROMETRY,0.021842639070129524,InComm-sourced,True,ablation_v1
MOCK04131,COPD_SPIROMETRY,0.01700472023041844,InComm-sourced,True,ablation_v1
MOCK04137,COPD_SPIROMETRY,0.030197476479639097,InComm-sourced,True,ablation_v1
MOCK04143,COPD_SPIROMETRY,0.01511717560896943,InComm-sourced,True,ablation_v1
MOCK04149,COPD_SPIROMETRY,0.035238025743275204,InComm-sourced,True,ablation_v1
MOCK04155,COPD_SPIROMETRY,0.030138655634896483,InComm-sourced,True,ablation_v1
MOCK04161,COPD_SPIROMETRY,0.017030798576854817,InComm-sourced,True,ablation_v1
MOCK04167,COPD_SPIROMETRY,0.03712170952185887,InComm-sourced,True,ablation_v1
MOCK04173,COPD_SPIROMETRY,0.01957576225483469,InComm-sourced,True,ablation_v1
MOCK04179,COPD_SPIROMETRY,0.04361904558295777,InComm-sourced,True,ablation_v1
MOCK04185,COPD_SPIROMETRY,0.031230056550102022,InComm-sourced,True,ablation_v1
MOCK04191,COPD_SPIROMETRY,0.01714573877221032,InComm-sourced,True,ablation_v1
MOCK04197,COPD_SPIROMETRY,0.03731988286993881,InComm-sourced,True,ablation_v1
MOCK04203,COPD_SPIROMETRY,0.016127049381159494,InComm-sourced,True,ablation_v1
MOCK04209,COPD_SPIROMETRY,0.01652619671435517,InComm-sourced,True,ablation_v1
MOCK04215,COPD_SPIROMETRY,0.012813384445127262,InComm-sourced,True,ablation_v1
MOCK04221,COPD_SPIROMETRY,0.09879268587069372,InComm-sourced,True,ablation_v1
MOCK04227,COPD_SPIROMETRY,0.02218030113986231,InComm-sourced,True,ablation_v1
MOCK04233,COPD_SPIROMETRY,0.019800322452291515,InComm-sourced,True,ablation_v1
MOCK04239,COPD_SPIROMETRY,0.01001142396741072,InComm-sourced,True,ablation_v1
MOCK04245,COPD_SPIROMETRY,0.030458058790359545,InComm-sourced,True,ablation_v1
MOCK04251,COPD_SPIROMETRY,0.015962866587928223,InComm-sourced,True,ablation_v1
MOCK04257,COPD_SPIROMETRY,0.01913404421276367,InComm-sourced,True,ablation_v1
MOCK04263,COPD_SPIROMETRY,0.04382159150880789,InComm-sourced,True,ablation_v1
MOCK04269,COPD_SPIROMETRY,0.022880340090508707,InComm-sourced,True,ablation_v1
MOCK04275,COPD_SPIROMETRY,0.05482109021736039,InComm-sourced,True,ablation_v1
MOCK04281,COPD_SPIROMETRY,0.02731926087721079,InComm-sourced,True,ablation_v1
MOCK04287,COPD_SPIROMETRY,0.025238904786465153,InComm-sourced,True,ablation_v1
MOCK04293,COPD_SPIROMETRY,0.038172971363059346,InComm-sourced,True,ablation_v1
MOCK04299,COPD_SPIROMETRY,0.05158592962480648,InComm-sourced,True,ablation_v1
MOCK04305,COPD_SPIROMETRY,0.01717663388591502,InComm-sourced,True,ablation_v1
MOCK04311,COPD_SPIROMETRY,0.019341290803246005,InComm-sourced,True,ablation_v1
MOCK04317,COPD_SPIROMETRY,0.01811724437998744,InComm-sourced,True,ablation_v1
MOCK04323,COPD_SPIROMETRY,0.019633871990110945,InComm-sourced,True,ablation_v1
MOCK04329,COPD_SPIROMETRY,0.019050290407727367,InComm-sourced,True,ablation_v1
MOCK04335,COPD_SPIROMETRY,0.018260418241289055,InComm-sourced,True,ablation_v1
MOCK04341,COPD_SPIROMETRY,0.018344658332737157,InComm-sourced,True,ablation_v1
MOCK04347,COPD_SPIROMETRY,0.017975944417623468,InComm-sourced,True,ablation_v1
MOCK04353,COPD_SPIROMETRY,0.017038969638620158,InComm-sourced,True,ablation_v1
MOCK04359,COPD_SPIROMETRY,0.02081500779161606,InComm-sourced,True,ablation_v1
MOCK04365,COPD_SPIROMETRY,0.02286289292460306,InComm-sourced,True,ablation_v1
MOCK04371,COPD_SPIROMETRY,0.023583946930777783,InComm-sourced,True,ablation_v1
MOCK04377,COPD_SPIROMETRY,0.022127564054638553,InComm-sourced,True,ablation_v1
MOCK04383,COPD_SPIROMETRY,0.020740349079724392,InComm-sourced,True,ablation_v1
MOCK04389,COPD_SPIROMETRY,0.02512056600489091,InComm-sourced,True,ablation_v1
MOCK04395,COPD_SPIROMETRY,0.0131603491519483,InComm-sourced,True,ablation_v1
MOCK04401,COPD_SPIROMETRY,0.017608598818431846,InComm-sourced,True,ablation_v1
MOCK04407,COPD_SPIROMETRY,0.030238535772482224,InComm-sourced,True,ablation_v1
MOCK04413,COPD_SPIROMETRY,0.02250585523283823,InComm-sourced,True,ablation_v1
MOCK04419,COPD_SPIROMETRY,0.021447183195743902,InComm-sourced,True,ablation_v1
MOCK04425,COPD_SPIROMETRY,0.022916775880749998,InComm-sourced,True,ablation_v1
MOCK04431,COPD_SPIROMETRY,0.02201941375185377,InComm-sourced,True,ablation_v1
MOCK04437,COPD_SPIROMETRY,0.023569794998730968,InComm-sourced,True,ablation_v1
MOCK04443,COPD_SPIROMETRY,0.01681591413575927,InComm-sourced,True,ablation_v1
MOCK04449,COPD_SPIROMETRY,0.017164523597317866,InComm-sourced,True,ablation_v1
MOCK04455,COPD_SPIROMETRY,0.00901499214099907,InComm-sourced,True,ablation_v1
MOCK04461,COPD_SPIROMETRY,0.01989072617238223,InComm-sourced,True,ablation_v1
MOCK04467,COPD_SPIROMETRY,0.02160022500527027,InComm-sourced,True,ablation_v1
MOCK04473,COPD_SPIROMETRY,0.01908031492454532,InComm-sourced,True,ablation_v1
MOCK04479,COPD_SPIROMETRY,0.027273429940923993,InComm-sourced,True,ablation_v1
MOCK04485,COPD_SPIROMETRY,0.020019313635819845,InComm-sourced,True,ablation_v1
MOCK04491,COPD_SPIROMETRY,0.013043808481465347,InComm-sourced,True,ablation_v1
MOCK04497,COPD_SPIROMETRY,0.016893061256059584,InComm-sourced,True,ablation_v1
MOCK04503,COPD_SPIROMETRY,0.013256529534538177,InComm-sourced,True,ablation_v1
MOCK04509,COPD_SPIROMETRY,0.030696394316820145,InComm-sourced,True,ablation_v1
MOCK04515,COPD_SPIROMETRY,0.01639205907238472,InComm-sourced,True,ablation_v1
MOCK04521,COPD_SPIROMETRY,0.019126246244034195,InComm-sourced,True,ablation_v1
MOCK04527,COPD_SPIROMETRY,0.028022756217151758,InComm-sourced,True,ablation_v1
MOCK04533,COPD_SPIROMETRY,0.01972836465685011,InComm-sourced,True,ablation_v1
MOCK04539,COPD_SPIROMETRY,0.022217873744657387,InComm-sourced,True,ablation_v1
MOCK04545,COPD_SPIROMETRY,0.013096266483048458,InComm-sourced,True,ablation_v1
MOCK04551,COPD_SPIROMETRY,0.019298587608106394,InComm-sourced,True,ablation_v1
MOCK04557,COPD_SPIROMETRY,0.019107697365007264,InComm-sourced,True,ablation_v1
MOCK04563,COPD_SPIROMETRY,0.027743578370474024,InComm-sourced,True,ablation_v1
MOCK04569,COPD_SPIROMETRY,0.10110429518840398,InComm-sourced,True,ablation_v1
MOCK04575,COPD_SPIROMETRY,0.018661864871805333,InComm-sourced,True,ablation_v1
MOCK04581,COPD_SPIROMETRY,0.014508517586329017,InComm-sourced,True,ablation_v1
MOCK04587,COPD_SPIROMETRY,0.01116477350597624,InComm-sourced,True,ablation_v1
MOCK04593,COPD_SPIROMETRY,0.021878645076149478,InComm-sourced,True,ablation_v1
MOCK04599,COPD_SPIROMETRY,0.011820922892916745,InComm-sourced,True,ablation_v1
MOCK04605,COPD_SPIROMETRY,0.033142413126367926,InComm-sourced,True,ablation_v1
MOCK04611,COPD_SPIROMETRY,0.012807334150067486,InComm-sourced,True,ablation_v1
MOCK04617,COPD_SPIROMETRY,0.02964936082606333,InComm-sourced,True,ablation_v1
MOCK04623,COPD_SPIROMETRY,0.022667522732661552,InComm-sourced,True,ablation_v1
MOCK04629,COPD_SPIROMETRY,0.041676859178068376,InComm-sourced,True,ablation_v1
MOCK04635,COPD_SPIROMETRY,0.024711081903096597,InComm-sourced,True,ablation_v1
MOCK04641,COPD_SPIROMETRY,0.011171382296549171,InComm-sourced,True,ablation_v1
MOCK04647,COPD_SPIROMETRY,0.016051242014066568,InComm-sourced,True,ablation_v1
MOCK04653,COPD_SPIROMETRY,0.012416175167918882,InComm-sourced,True,ablation_v1
MOCK04659,COPD_SPIROMETRY,0.0666404108930449,InComm-sourced,True,ablation_v1
MOCK04665,COPD_SPIROMETRY,0.019823435613471718,InComm-sourced,True,ablation_v1
MOCK04671,COPD_SPIROMETRY,0.031863522389037995,InComm-sourced,True,ablation_v1
MOCK04677,COPD_SPIROMETRY,0.02372108204081952,InComm-sourced,True,ablation_v1
MOCK04683,COPD_SPIROMETRY,0.010285387454885579,InComm-sourced,True,ablation_v1
MOCK04689,COPD_SPIROMETRY,0.019031877871990985,InComm-sourced,True,ablation_v1
MOCK04695,COPD_SPIROMETRY,0.016312545836066818,InComm-sourced,True,ablation_v1
MOCK04701,COPD_SPIROMETRY,0.012048418164460398,InComm-sourced,True,ablation_v1
MOCK04707,COPD_SPIROMETRY,0.017643568619681357,InComm-sourced,True,ablation_v1
MOCK04713,COPD_SPIROMETRY,0.02221124271391628,InComm-sourced,True,ablation_v1
MOCK04719,COPD_SPIROMETRY,0.04224394828671885,InComm-sourced,True,ablation_v1
MOCK04725,COPD_SPIROMETRY,0.048288789906945837,InComm-sourced,True,ablation_v1
MOCK04731,COPD_SPIROMETRY,0.020947851318300164,InComm-sourced,True,ablation_v1
MOCK04737,COPD_SPIROMETRY,0.011319352172969501,InComm-sourced,True,ablation_v1
MOCK04743,COPD_SPIROMETRY,0.05719518355064688,InComm-sourced,True,ablation_v1
MOCK04749,COPD_SPIROMETRY,0.029266329233361883,InComm-sourced,True,ablation_v1
MOCK04755,COPD_SPIROMETRY,0.02242634117553186,InComm-sourced,True,ablation_v1
MOCK04761,COPD_SPIROMETRY,0.014024887062849323,InComm-sourced,True,ablation_v1
MOCK04767,COPD_SPIROMETRY,0.036822031827278,InComm-sourced,True,ablation_v1
MOCK04773,COPD_SPIROMETRY,0.047631617885269394,InComm-sourced,True,ablation_v1
MOCK04779,COPD_SPIROMETRY,0.01809370829331195,InComm-sourced,True,ablation_v1
MOCK04785,COPD_SPIROMETRY,0.03290938497721166,InComm-sourced,True,ablation_v1
MOCK04791,COPD_SPIROMETRY,0.014472638954501486,InComm-sourced,True,ablation_v1
MOCK04797,COPD_SPIROMETRY,0.017471446386435337,InComm-sourced,True,ablation_v1
MOCK04803,COPD_SPIROMETRY,0.018890962042670465,InComm-sourced,True,ablation_v1
MOCK04809,COPD_SPIROMETRY,0.01959391523772822,InComm-sourced,True,ablation_v1
MOCK04815,COPD_SPIROMETRY,0.01304591880623543,InComm-sourced,True,ablation_v1
MOCK04821,COPD_SPIROMETRY,0.0162376494083585,InComm-sourced,True,ablation_v1
MOCK04827,COPD_SPIROMETRY,0.03858588926468998,InComm-sourced,True,ablation_v1
MOCK04833,COPD_SPIROMETRY,0.011880873411443737,InComm-sourced,True,ablation_v1
MOCK04839,COPD_SPIROMETRY,0.024984226502733187,InComm-sourced,True,ablation_v1
MOCK04845,COPD_SPIROMETRY,0.01652466257870868,InComm-sourced,True,ablation_v1
MOCK04851,COPD_SPIROMETRY,0.03742555510217709,InComm-sourced,True,ablation_v1
MOCK04857,COPD_SPIROMETRY,0.014649504909492687,InComm-sourced,True,ablation_v1
MOCK04863,COPD_SPIROMETRY,0.03253161355388394,InComm-sourced,True,ablation_v1
MOCK04869,COPD_SPIROMETRY,0.046519047947971855,InComm-sourced,True,ablation_v1
MOCK04875,COPD_SPIROMETRY,0.023388712895353207,InComm-sourced,True,ablation_v1
MOCK04881,COPD_SPIROMETRY,0.02175788788362656,InComm-sourced,True,ablation_v1
MOCK04887,COPD_SPIROMETRY,0.017688322087757554,InComm-sourced,True,ablation_v1
MOCK04893,COPD_SPIROMETRY,0.030687728803533466,InComm-sourced,True,ablation_v1
MOCK04899,COPD_SPIROMETRY,0.0285739505987021,InComm-sourced,True,ablation_v1
MOCK04905,COPD_SPIROMETRY,0.025480072430690687,InComm-sourced,True,ablation_v1
MOCK04911,COPD_SPIROMETRY,0.035475058334391726,InComm-sourced,True,ablation_v1
MOCK04917,COPD_SPIROMETRY,0.014450874133516225,InComm-sourced,True,ablation_v1
MOCK04923,COPD_SPIROMETRY,0.017104429705852173,InComm-sourced,True,ablation_v1
MOCK04929,COPD_SPIROMETRY,0.020144358690855804,InComm-sourced,True,ablation_v1
MOCK04935,COPD_SPIROMETRY,0.01273883313946679,InComm-sourced,True,ablation_v1
MOCK04941,COPD_SPIROMETRY,0.020875887461656938,InComm-sourced,True,ablation_v1
MOCK04947,COPD_SPIROMETRY,0.01837341477327383,InComm-sourced,True,ablation_v1
MOCK04953,COPD_SPIROMETRY,0.015991848208357973,InComm-sourced,True,ablation_v1
MOCK04959,COPD_SPIROMETRY,0.042280551361826846,InComm-sourced,True,ablation_v1
MOCK04965,COPD_SPIROMETRY,0.013876765653535595,InComm-sourced,True,ablation_v1
MOCK04971,COPD_SPIROMETRY,0.038333719795449854,InComm-sourced,True,ablation_v1
MOCK04977,COPD_SPIROMETRY,0.06074106579734095,InComm-sourced,True,ablation_v1
MOCK04983,COPD_SPIROMETRY,0.0228167585656602,InComm-sourced,True,ablation_v1
MOCK04989,COPD_SPIROMETRY,0.01760371690164088,InComm-sourced,True,ablation_v1
MOCK04995,COPD_SPIROMETRY,0.026636106113159835,InComm-sourced,True,ablation_v1
MOCK05001,COPD_SPIROMETRY,0.0440846275176426,InComm-sourced,True,ablation_v1
MOCK05007,COPD_SPIROMETRY,0.04024884260169163,InComm-sourced,True,ablation_v1
MOCK05013,COPD_SPIROMETRY,0.02028346008591177,InComm-sourced,True,ablation_v1
MOCK05019,COPD_SPIROMETRY,0.022567626508153082,InComm-sourced,True,ablation_v1
MOCK05025,COPD_SPIROMETRY,0.02432302706174637,InComm-sourced,True,ablation_v1
MOCK05031,COPD_SPIROMETRY,0.02473602310205238,InComm-sourced,True,ablation_v1
MOCK05037,COPD_SPIROMETRY,0.019030105554431433,InComm-sourced,True,ablation_v1
MOCK05043,COPD_SPIROMETRY,0.03079694403599183,InComm-sourced,True,ablation_v1
MOCK05049,COPD_SPIROMETRY,0.03376058623903234,InComm-sourced,True,ablation_v1
MOCK05055,COPD_SPIROMETRY,0.026425884074098627,InComm-sourced,True,ablation_v1
MOCK05061,COPD_SPIROMETRY,0.01660158149753749,InComm-sourced,True,ablation_v1
MOCK05067,COPD_SPIROMETRY,0.027314268941263764,InComm-sourced,True,ablation_v1
MOCK05073,COPD_SPIROMETRY,0.01785540144053843,InComm-sourced,True,ablation_v1
MOCK05079,COPD_SPIROMETRY,0.026910002223605595,InComm-sourced,True,ablation_v1
MOCK05085,COPD_SPIROMETRY,0.01743125329653809,InComm-sourced,True,ablation_v1
MOCK05091,COPD_SPIROMETRY,0.023150391833522625,InComm-sourced,True,ablation_v1
MOCK05097,COPD_SPIROMETRY,0.02887608274997511,InComm-sourced,True,ablation_v1
MOCK05103,COPD_SPIROMETRY,0.01882288086967165,InComm-sourced,True,ablation_v1
MOCK05109,COPD_SPIROMETRY,0.01427982010944672,InComm-sourced,True,ablation_v1
MOCK05115,COPD_SPIROMETRY,0.027007214321217343,InComm-sourced,True,ablation_v1
MOCK05121,COPD_SPIROMETRY,0.013696411075276404,InComm-sourced,True,ablation_v1
MOCK05127,COPD_SPIROMETRY,0.021414856025081586,InComm-sourced,True,ablation_v1
MOCK05133,COPD_SPIROMETRY,0.02604805775819396,InComm-sourced,True,ablation_v1
MOCK05139,COPD_SPIROMETRY,0.02337792337700878,InComm-sourced,True,ablation_v1
MOCK05145,COPD_SPIROMETRY,0.012645033593176683,InComm-sourced,True,ablation_v1
MOCK05151,COPD_SPIROMETRY,0.01654961183999351,InComm-sourced,True,ablation_v1
MOCK05157,COPD_SPIROMETRY,0.01997428068932414,InComm-sourced,True,ablation_v1
MOCK05163,COPD_SPIROMETRY,0.024247987341588693,InComm-sourced,True,ablation_v1
MOCK05169,COPD_SPIROMETRY,0.07225803612558253,InComm-sourced,True,ablation_v1
MOCK05175,COPD_SPIROMETRY,0.019898924201111296,InComm-sourced,True,ablation_v1
MOCK05181,COPD_SPIROMETRY,0.03158824333108818,InComm-sourced,True,ablation_v1
MOCK05187,COPD_SPIROMETRY,0.013767626332743171,InComm-sourced,True,ablation_v1
MOCK05193,COPD_SPIROMETRY,0.02993543365704095,InComm-sourced,True,ablation_v1
MOCK05199,COPD_SPIROMETRY,0.01819944363158237,InComm-sourced,True,ablation_v1
MOCK05205,COPD_SPIROMETRY,0.016025459696569735,InComm-sourced,True,ablation_v1
MOCK05211,COPD_SPIROMETRY,0.023162967340266072,InComm-sourced,True,ablation_v1
MOCK05217,COPD_SPIROMETRY,0.021579517666920452,InComm-sourced,True,ablation_v1
MOCK05223,COPD_SPIROMETRY,0.03306760216361536,InComm-sourced,True,ablation_v1
MOCK05229,COPD_SPIROMETRY,0.013418194516934445,InComm-sourced,True,ablation_v1
MOCK05235,COPD_SPIROMETRY,0.015127753884338874,InComm-sourced,True,ablation_v1
MOCK05241,COPD_SPIROMETRY,0.02845242156973286,InComm-sourced,True,ablation_v1
MOCK05247,COPD_SPIROMETRY,0.01829164129495174,InComm-sourced,True,ablation_v1
MOCK05253,COPD_SPIROMETRY,0.017473128538482985,InComm-sourced,True,ablation_v1
MOCK05259,COPD_SPIROMETRY,0.02018603807714054,InComm-sourced,True,ablation_v1
MOCK05265,COPD_SPIROMETRY,0.009951684814020293,InComm-sourced,True,ablation_v1
MOCK05271,COPD_SPIROMETRY,0.02351766789214351,InComm-sourced,True,ablation_v1
MOCK05277,COPD_SPIROMETRY,0.021094560628045468,InComm-sourced,True,ablation_v1
MOCK05283,COPD_SPIROMETRY,0.026369555144220364,InComm-sourced,True,ablation_v1
MOCK05289,COPD_SPIROMETRY,0.019644529883906393,InComm-sourced,True,ablation_v1
MOCK05295,COPD_SPIROMETRY,0.017675834844129594,InComm-sourced,True,ablation_v1
MOCK05301,COPD_SPIROMETRY,0.05023375938593482,InComm-sourced,True,ablation_v1
MOCK05307,COPD_SPIROMETRY,0.047559384655465005,InComm-sourced,True,ablation_v1
MOCK05313,COPD_SPIROMETRY,0.014028364671879684,InComm-sourced,True,ablation_v1
MOCK05319,COPD_SPIROMETRY,0.04670633831461065,InComm-sourced,True,ablation_v1
MOCK05325,COPD_SPIROMETRY,0.03043174487724096,InComm-sourced,True,ablation_v1
MOCK05331,COPD_SPIROMETRY,0.020837960555221406,InComm-sourced,True,ablation_v1
MOCK05337,COPD_SPIROMETRY,0.01951299706212591,InComm-sourced,True,ablation_v1
MOCK05343,COPD_SPIROMETRY,0.028156683809790167,InComm-sourced,True,ablation_v1
MOCK05349,COPD_SPIROMETRY,0.055505196857824575,InComm-sourced,True,ablation_v1
MOCK05355,COPD_SPIROMETRY,0.022354598020843802,InComm-sourced,True,ablation_v1
MOCK05361,COPD_SPIROMETRY,0.029436302530784907,InComm-sourced,True,ablation_v1
MOCK05367,COPD_SPIROMETRY,0.028945719277951226,InComm-sourced,True,ablation_v1
MOCK05373,COPD_SPIROMETRY,0.03777376207343007,InComm-sourced,True,ablation_v1
MOCK05379,COPD_SPIROMETRY,0.022919516926796536,InComm-sourced,True,ablation_v1
MOCK05385,COPD_SPIROMETRY,0.016587443835281653,InComm-sourced,True,ablation_v1
MOCK05391,COPD_SPIROMETRY,0.01486242096110759,InComm-sourced,True,ablation_v1
MOCK05397,COPD_SPIROMETRY,0.01736486160832858,InComm-sourced,True,ablation_v1
MOCK05403,COPD_SPIROMETRY,0.03420074313201269,InComm-sourced,True,ablation_v1
MOCK05409,COPD_SPIROMETRY,0.01776302109784063,InComm-sourced,True,ablation_v1
MOCK05415,COPD_SPIROMETRY,0.011609593556155255,InComm-sourced,True,ablation_v1
MOCK05421,COPD_SPIROMETRY,0.01775485992355163,InComm-sourced,True,ablation_v1
MOCK05427,COPD_SPIROMETRY,0.036213840955431335,InComm-sourced,True,ablation_v1
MOCK05433,COPD_SPIROMETRY,0.01314104150895281,InComm-sourced,True,ablation_v1
MOCK05439,COPD_SPIROMETRY,0.043597506043559366,InComm-sourced,True,ablation_v1
MOCK05445,COPD_SPIROMETRY,0.020297495939033808,InComm-sourced,True,ablation_v1
MOCK05451,COPD_SPIROMETRY,0.0207789429737042,InComm-sourced,True,ablation_v1
MOCK05457,COPD_SPIROMETRY,0.01439519598089917,InComm-sourced,True,ablation_v1
MOCK05463,COPD_SPIROMETRY,0.018590316180990326,InComm-sourced,True,ablation_v1
MOCK05469,COPD_SPIROMETRY,0.021368356620263082,InComm-sourced,True,ablation_v1
MOCK05475,COPD_SPIROMETRY,0.014487082754654929,InComm-sourced,True,ablation_v1
MOCK05481,COPD_SPIROMETRY,0.020541935335984172,InComm-sourced,True,ablation_v1
MOCK05487,COPD_SPIROMETRY,0.04897087039052078,InComm-sourced,True,ablation_v1
MOCK05493,COPD_SPIROMETRY,0.03764477564319442,InComm-sourced,True,ablation_v1
MOCK05499,COPD_SPIROMETRY,0.03986395604577857,InComm-sourced,True,ablation_v1
MOCK05505,COPD_SPIROMETRY,0.01970112393805192,InComm-sourced,True,ablation_v1
MOCK05511,COPD_SPIROMETRY,0.022486542341827457,InComm-sourced,True,ablation_v1
MOCK05517,COPD_SPIROMETRY,0.022775684808182674,InComm-sourced,True,ablation_v1
MOCK05523,COPD_SPIROMETRY,0.03300131334747906,InComm-sourced,True,ablation_v1
MOCK05529,COPD_SPIROMETRY,0.015707756742702646,InComm-sourced,True,ablation_v1
MOCK05535,COPD_SPIROMETRY,0.018088369655723687,InComm-sourced,True,ablation_v1
MOCK05541,COPD_SPIROMETRY,0.016103212967118502,InComm-sourced,True,ablation_v1
MOCK05547,COPD_SPIROMETRY,0.017634666596672094,InComm-sourced,True,ablation_v1
MOCK05553,COPD_SPIROMETRY,0.03515919198546433,InComm-sourced,True,ablation_v1
MOCK05559,COPD_SPIROMETRY,0.023022372944543675,InComm-sourced,True,ablation_v1
MOCK05565,COPD_SPIROMETRY,0.0240389847174152,InComm-sourced,True,ablation_v1
MOCK05571,COPD_SPIROMETRY,0.02814120553779818,InComm-sourced,True,ablation_v1
MOCK05577,COPD_SPIROMETRY,0.024533246166606487,InComm-sourced,True,ablation_v1
MOCK05583,COPD_SPIROMETRY,0.011782718187049497,InComm-sourced,True,ablation_v1
MOCK05589,COPD_SPIROMETRY,0.03101209697322541,InComm-sourced,True,ablation_v1
MOCK05595,COPD_SPIROMETRY,0.06282267726508073,InComm-sourced,True,ablation_v1
MOCK05601,COPD_SPIROMETRY,0.014266346511890099,InComm-sourced,True,ablation_v1
MOCK05607,COPD_SPIROMETRY,0.026765500134082073,InComm-sourced,True,ablation_v1
MOCK05613,COPD_SPIROMETRY,0.02067292665177533,InComm-sourced,True,ablation_v1
MOCK05619,COPD_SPIROMETRY,0.025027611929895652,InComm-sourced,True,ablation_v1
MOCK05625,COPD_SPIROMETRY,0.013571340018944963,InComm-sourced,True,ablation_v1
MOCK05631,COPD_SPIROMETRY,0.01990898475479647,InComm-sourced,True,ablation_v1
MOCK05637,COPD_SPIROMETRY,0.012847062254117142,InComm-sourced,True,ablation_v1
MOCK05643,COPD_SPIROMETRY,0.01681751755566393,InComm-sourced,True,ablation_v1
MOCK05649,COPD_SPIROMETRY,0.022649702626900196,InComm-sourced,True,ablation_v1
MOCK05655,COPD_SPIROMETRY,0.042779516782184474,InComm-sourced,True,ablation_v1
MOCK05661,COPD_SPIROMETRY,0.035853233450079416,InComm-sourced,True,ablation_v1
MOCK05667,COPD_SPIROMETRY,0.01751298052750323,InComm-sourced,True,ablation_v1
MOCK05673,COPD_SPIROMETRY,0.019554331433085312,InComm-sourced,True,ablation_v1
MOCK05679,COPD_SPIROMETRY,0.01877190127263824,InComm-sourced,True,ablation_v1
MOCK05685,COPD_SPIROMETRY,0.027579742063647217,InComm-sourced,True,ablation_v1
MOCK05691,COPD_SPIROMETRY,0.016130360643301866,InComm-sourced,True,ablation_v1
MOCK05697,COPD_SPIROMETRY,0.014581086049969435,InComm-sourced,True,ablation_v1
MOCK05703,COPD_SPIROMETRY,0.018000307410478332,InComm-sourced,True,ablation_v1
MOCK05709,COPD_SPIROMETRY,0.010930228254396592,InComm-sourced,True,ablation_v1
MOCK05715,COPD_SPIROMETRY,0.02609096256911535,InComm-sourced,True,ablation_v1
MOCK05721,COPD_SPIROMETRY,0.011527355277818355,InComm-sourced,True,ablation_v1
MOCK05727,COPD_SPIROMETRY,0.0236346825222287,InComm-sourced,True,ablation_v1
MOCK05733,COPD_SPIROMETRY,0.017784770557910484,InComm-sourced,True,ablation_v1
MOCK05739,COPD_SPIROMETRY,0.017047904428636726,InComm-sourced,True,ablation_v1
MOCK05745,COPD_SPIROMETRY,0.06191871025742855,InComm-sourced,True,ablation_v1
MOCK05751,COPD_SPIROMETRY,0.016593472642790347,InComm-sourced,True,ablation_v1
MOCK05757,COPD_SPIROMETRY,0.012878533678824666,InComm-sourced,True,ablation_v1
MOCK05763,COPD_SPIROMETRY,0.025386367585083783,InComm-sourced,True,ablation_v1
MOCK05769,COPD_SPIROMETRY,0.022668954607813915,InComm-sourced,True,ablation_v1
MOCK05775,COPD_SPIROMETRY,0.02757719873451002,InComm-sourced,True,ablation_v1
MOCK05781,COPD_SPIROMETRY,0.040006118787034486,InComm-sourced,True,ablation_v1
MOCK05787,COPD_SPIROMETRY,0.035398281908413896,InComm-sourced,True,ablation_v1
MOCK05793,COPD_SPIROMETRY,0.022572048977704387,InComm-sourced,True,ablation_v1
MOCK05799,COPD_SPIROMETRY,0.026252392436302036,InComm-sourced,True,ablation_v1
MOCK05805,COPD_SPIROMETRY,0.013840725690178201,InComm-sourced,True,ablation_v1
MOCK05811,COPD_SPIROMETRY,0.03328670258990183,InComm-sourced,True,ablation_v1
MOCK05817,COPD_SPIROMETRY,0.021277730379611115,InComm-sourced,True,ablation_v1
MOCK05823,COPD_SPIROMETRY,0.023367958160792367,InComm-sourced,True,ablation_v1
MOCK05829,COPD_SPIROMETRY,0.027318245549257887,InComm-sourced,True,ablation_v1
MOCK05835,COPD_SPIROMETRY,0.039533029979645605,InComm-sourced,True,ablation_v1
MOCK05841,COPD_SPIROMETRY,0.0619221540255457,InComm-sourced,True,ablation_v1
MOCK05847,COPD_SPIROMETRY,0.024588805630525717,InComm-sourced,True,ablation_v1
MOCK05853,COPD_SPIROMETRY,0.023185098800610777,InComm-sourced,True,ablation_v1
MOCK05859,COPD_SPIROMETRY,0.025068740178665203,InComm-sourced,True,ablation_v1
MOCK05865,COPD_SPIROMETRY,0.01895682220579824,InComm-sourced,True,ablation_v1
MOCK05871,COPD_SPIROMETRY,0.01901359600389091,InComm-sourced,True,ablation_v1
MOCK05877,COPD_SPIROMETRY,0.021507721071520818,InComm-sourced,True,ablation_v1
MOCK05883,COPD_SPIROMETRY,0.01956524054623794,InComm-sourced,True,ablation_v1
MOCK05889,COPD_SPIROMETRY,0.01889959242210511,InComm-sourced,True,ablation_v1
MOCK05895,COPD_SPIROMETRY,0.014324873330821006,InComm-sourced,True,ablation_v1
MOCK05901,COPD_SPIROMETRY,0.01838432226588937,InComm-sourced,True,ablation_v1
MOCK05907,COPD_SPIROMETRY,0.018984926193217067,InComm-sourced,True,ablation_v1
MOCK05913,COPD_SPIROMETRY,0.015447945724823496,InComm-sourced,True,ablation_v1
MOCK05919,COPD_SPIROMETRY,0.0342076357632457,InComm-sourced,True,ablation_v1
MOCK05925,COPD_SPIROMETRY,0.014403851501935976,InComm-sourced,True,ablation_v1
MOCK05931,COPD_SPIROMETRY,0.015472725871802078,InComm-sourced,True,ablation_v1
MOCK05937,COPD_SPIROMETRY,0.02335261895929368,InComm-sourced,True,ablation_v1
MOCK05943,COPD_SPIROMETRY,0.020321639036112896,InComm-sourced,True,ablation_v1
MOCK05949,COPD_SPIROMETRY,0.022430473659013107,InComm-sourced,True,ablation_v1
MOCK05955,COPD_SPIROMETRY,0.018304662497574634,InComm-sourced,True,ablation_v1
MOCK05961,COPD_SPIROMETRY,0.016774981611097105,InComm-sourced,True,ablation_v1
MOCK05967,COPD_SPIROMETRY,0.027221353665996244,InComm-sourced,True,ablation_v1
MOCK05973,COPD_SPIROMETRY,0.04329945965824137,InComm-sourced,True,ablation_v1
MOCK05979,COPD_SPIROMETRY,0.027672381430560243,InComm-sourced,True,ablation_v1
MOCK05985,COPD_SPIROMETRY,0.012235701935033776,InComm-sourced,True,ablation_v1
MOCK05991,COPD_SPIROMETRY,0.015505826914084654,InComm-sourced,True,ablation_v1
MOCK05997,COPD_SPIROMETRY,0.015511278709544423,InComm-sourced,True,ablation_v1
MOCK06003,COPD_SPIROMETRY,0.026757991273054494,InComm-sourced,True,ablation_v1
MOCK06009,COPD_SPIROMETRY,0.019987266842223423,InComm-sourced,True,ablation_v1
MOCK06015,COPD_SPIROMETRY,0.017493427619855447,InComm-sourced,True,ablation_v1
MOCK06021,COPD_SPIROMETRY,0.020765743869234365,InComm-sourced,True,ablation_v1
MOCK06027,COPD_SPIROMETRY,0.01868622516264186,InComm-sourced,True,ablation_v1
MOCK06033,COPD_SPIROMETRY,0.013911454603046975,InComm-sourced,True,ablation_v1
MOCK06039,COPD_SPIROMETRY,0.01507584007916051,InComm-sourced,True,ablation_v1
MOCK06045,COPD_SPIROMETRY,0.031616560769549676,InComm-sourced,True,ablation_v1
MOCK06051,COPD_SPIROMETRY,0.011397275150046604,InComm-sourced,True,ablation_v1
MOCK06057,COPD_SPIROMETRY,0.014805128017373041,InComm-sourced,True,ablation_v1
MOCK06063,COPD_SPIROMETRY,0.022803511368583215,InComm-sourced,True,ablation_v1
MOCK06069,COPD_SPIROMETRY,0.03315508578694323,InComm-sourced,True,ablation_v1
MOCK06075,COPD_SPIROMETRY,0.019863713966755535,InComm-sourced,True,ablation_v1
MOCK06081,COPD_SPIROMETRY,0.009886855765596836,InComm-sourced,True,ablation_v1
MOCK06087,COPD_SPIROMETRY,0.021586445790602544,InComm-sourced,True,ablation_v1
MOCK06093,COPD_SPIROMETRY,0.028342579089005445,InComm-sourced,True,ablation_v1
MOCK06099,COPD_SPIROMETRY,0.02039901317678229,InComm-sourced,True,ablation_v1
MOCK06105,COPD_SPIROMETRY,0.011516771275307291,InComm-sourced,True,ablation_v1
MOCK06111,COPD_SPIROMETRY,0.040929875769785545,InComm-sourced,True,ablation_v1
MOCK06117,COPD_SPIROMETRY,0.016863349064811742,InComm-sourced,True,ablation_v1
MOCK06123,COPD_SPIROMETRY,0.02124091766291653,InComm-sourced,True,ablation_v1
MOCK06129,COPD_SPIROMETRY,0.03661350255382512,InComm-sourced,True,ablation_v1
MOCK06135,COPD_SPIROMETRY,0.01231144927223818,InComm-sourced,True,ablation_v1
MOCK06141,COPD_SPIROMETRY,0.015743231794020283,InComm-sourced,True,ablation_v1
MOCK06147,COPD_SPIROMETRY,0.02431535494517732,InComm-sourced,True,ablation_v1
MOCK06153,COPD_SPIROMETRY,0.017253566794604335,InComm-sourced,True,ablation_v1
MOCK06159,COPD_SPIROMETRY,0.024025628189674308,InComm-sourced,True,ablation_v1
MOCK06165,COPD_SPIROMETRY,0.03149190175095365,InComm-sourced,True,ablation_v1
MOCK06171,COPD_SPIROMETRY,0.01753639630638011,InComm-sourced,True,ablation_v1
MOCK06177,COPD_SPIROMETRY,0.021219615134780576,InComm-sourced,True,ablation_v1
MOCK06183,COPD_SPIROMETRY,0.02424094420240075,InComm-sourced,True,ablation_v1
MOCK06189,COPD_SPIROMETRY,0.026045301344414858,InComm-sourced,True,ablation_v1
MOCK06195,COPD_SPIROMETRY,0.016755841919980755,InComm-sourced,True,ablation_v1
MOCK06201,COPD_SPIROMETRY,0.016696680899298558,InComm-sourced,True,ablation_v1
MOCK06207,COPD_SPIROMETRY,0.018812770031858474,InComm-sourced,True,ablation_v1
MOCK06213,COPD_SPIROMETRY,0.01300934590687953,InComm-sourced,True,ablation_v1
MOCK06219,COPD_SPIROMETRY,0.021473819561671617,InComm-sourced,True,ablation_v1
MOCK06225,COPD_SPIROMETRY,0.011364143845451558,InComm-sourced,True,ablation_v1
MOCK06231,COPD_SPIROMETRY,0.020326598784509094,InComm-sourced,True,ablation_v1
MOCK06237,COPD_SPIROMETRY,0.013354095280996426,InComm-sourced,True,ablation_v1
MOCK06243,COPD_SPIROMETRY,0.024797051503712066,InComm-sourced,True,ablation_v1
MOCK06249,COPD_SPIROMETRY,0.03086454796592573,InComm-sourced,True,ablation_v1
MOCK06255,COPD_SPIROMETRY,0.07546441991473757,InComm-sourced,True,ablation_v1
MOCK06261,COPD_SPIROMETRY,0.02011517330086241,InComm-sourced,True,ablation_v1
MOCK06267,COPD_SPIROMETRY,0.023527569022417996,InComm-sourced,True,ablation_v1
MOCK06273,COPD_SPIROMETRY,0.024490609766036172,InComm-sourced,True,ablation_v1
MOCK06279,COPD_SPIROMETRY,0.017384787132376813,InComm-sourced,True,ablation_v1
MOCK06285,COPD_SPIROMETRY,0.03994060550678044,InComm-sourced,True,ablation_v1
MOCK06291,COPD_SPIROMETRY,0.027539201214460334,InComm-sourced,True,ablation_v1
MOCK06297,COPD_SPIROMETRY,0.02165542574431362,InComm-sourced,True,ablation_v1
MOCK06303,COPD_SPIROMETRY,0.018981720409932488,InComm-sourced,True,ablation_v1
MOCK06309,COPD_SPIROMETRY,0.01786784032631873,InComm-sourced,True,ablation_v1
MOCK06315,COPD_SPIROMETRY,0.014823482591995068,InComm-sourced,True,ablation_v1
MOCK06321,COPD_SPIROMETRY,0.024329281997477515,InComm-sourced,True,ablation_v1
MOCK06327,COPD_SPIROMETRY,0.01572409846267555,InComm-sourced,True,ablation_v1
MOCK06333,COPD_SPIROMETRY,0.05163573583053538,InComm-sourced,True,ablation_v1
MOCK06339,COPD_SPIROMETRY,0.016396571947254086,InComm-sourced,True,ablation_v1
MOCK06345,COPD_SPIROMETRY,0.017248635475290118,InComm-sourced,True,ablation_v1
MOCK06351,COPD_SPIROMETRY,0.014509780757417365,InComm-sourced,True,ablation_v1
MOCK06357,COPD_SPIROMETRY,0.02490662840027711,InComm-sourced,True,ablation_v1
MOCK06363,COPD_SPIROMETRY,0.02513801123307543,InComm-sourced,True,ablation_v1
MOCK06369,COPD_SPIROMETRY,0.02927509139922791,InComm-sourced,True,ablation_v1
MOCK06375,COPD_SPIROMETRY,0.041225723219014944,InComm-sourced,True,ablation_v1
MOCK06381,COPD_SPIROMETRY,0.02210698150971518,InComm-sourced,True,ablation_v1
MOCK06387,COPD_SPIROMETRY,0.041434962456665426,InComm-sourced,True,ablation_v1
MOCK06393,COPD_SPIROMETRY,0.024098240462163505,InComm-sourced,True,ablation_v1
MOCK06399,COPD_SPIROMETRY,0.03030502475921019,InComm-sourced,True,ablation_v1
MOCK06405,COPD_SPIROMETRY,0.03085798569929934,InComm-sourced,True,ablation_v1
MOCK06411,COPD_SPIROMETRY,0.028200975921054753,InComm-sourced,True,ablation_v1
MOCK06417,COPD_SPIROMETRY,0.0249836348299209,InComm-sourced,True,ablation_v1
MOCK06423,COPD_SPIROMETRY,0.025529036453568476,InComm-sourced,True,ablation_v1
MOCK06429,COPD_SPIROMETRY,0.022486673451658043,InComm-sourced,True,ablation_v1
MOCK06435,COPD_SPIROMETRY,0.01300741185923955,InComm-sourced,True,ablation_v1
MOCK06441,COPD_SPIROMETRY,0.03775686484889017,InComm-sourced,True,ablation_v1
MOCK06447,COPD_SPIROMETRY,0.015579127477193904,InComm-sourced,True,ablation_v1
MOCK06453,COPD_SPIROMETRY,0.020235709455177175,InComm-sourced,True,ablation_v1
MOCK06459,COPD_SPIROMETRY,0.0174338401977535,InComm-sourced,True,ablation_v1
MOCK06465,COPD_SPIROMETRY,0.01811195472638439,InComm-sourced,True,ablation_v1
MOCK06471,COPD_SPIROMETRY,0.028402618218461413,InComm-sourced,True,ablation_v1
MOCK06477,COPD_SPIROMETRY,0.011424485172339223,InComm-sourced,True,ablation_v1
MOCK06483,COPD_SPIROMETRY,0.03585850144396573,InComm-sourced,True,ablation_v1
MOCK06489,COPD_SPIROMETRY,0.01645741935787864,InComm-sourced,True,ablation_v1
MOCK06495,COPD_SPIROMETRY,0.03209927659106991,InComm-sourced,True,ablation_v1
MOCK06501,COPD_SPIROMETRY,0.012476139045611102,InComm-sourced,True,ablation_v1
MOCK06507,COPD_SPIROMETRY,0.04464046524467919,InComm-sourced,True,ablation_v1
MOCK06513,COPD_SPIROMETRY,0.022180699050754406,InComm-sourced,True,ablation_v1
MOCK06519,COPD_SPIROMETRY,0.021071738459294984,InComm-sourced,True,ablation_v1
MOCK06525,COPD_SPIROMETRY,0.021438180468417625,InComm-sourced,True,ablation_v1
MOCK06531,COPD_SPIROMETRY,0.021677858928687996,InComm-sourced,True,ablation_v1
MOCK06537,COPD_SPIROMETRY,0.02811526947038142,InComm-sourced,True,ablation_v1
MOCK06543,COPD_SPIROMETRY,0.021136085645353398,InComm-sourced,True,ablation_v1
MOCK06549,COPD_SPIROMETRY,0.03309254101525837,InComm-sourced,True,ablation_v1
MOCK06555,COPD_SPIROMETRY,0.019647300348186812,InComm-sourced,True,ablation_v1
MOCK06561,COPD_SPIROMETRY,0.027861388930836915,InComm-sourced,True,ablation_v1
MOCK06567,COPD_SPIROMETRY,0.03270349795745188,InComm-sourced,True,ablation_v1
MOCK06573,COPD_SPIROMETRY,0.030136232880396907,InComm-sourced,True,ablation_v1
MOCK06579,COPD_SPIROMETRY,0.027680383429657375,InComm-sourced,True,ablation_v1
MOCK06585,COPD_SPIROMETRY,0.021493943627468984,InComm-sourced,True,ablation_v1
MOCK06591,COPD_SPIROMETRY,0.010142051959093241,InComm-sourced,True,ablation_v1
MOCK06597,COPD_SPIROMETRY,0.02841568806559825,InComm-sourced,True,ablation_v1
MOCK06603,COPD_SPIROMETRY,0.0156025798116823,InComm-sourced,True,ablation_v1
MOCK06609,COPD_SPIROMETRY,0.016964894408236612,InComm-sourced,True,ablation_v1
MOCK06615,COPD_SPIROMETRY,0.019539456742020834,InComm-sourced,True,ablation_v1
MOCK06621,COPD_SPIROMETRY,0.021970133246226313,InComm-sourced,True,ablation_v1
MOCK06627,COPD_SPIROMETRY,0.018266166271795087,InComm-sourced,True,ablation_v1
MOCK06633,COPD_SPIROMETRY,0.07117733279583019,InComm-sourced,True,ablation_v1
MOCK06639,COPD_SPIROMETRY,0.04201275524835544,InComm-sourced,True,ablation_v1
MOCK06645,COPD_SPIROMETRY,0.03142114136533509,InComm-sourced,True,ablation_v1
MOCK06651,COPD_SPIROMETRY,0.012187087361874982,InComm-sourced,True,ablation_v1
MOCK06657,COPD_SPIROMETRY,0.026081551911611,InComm-sourced,True,ablation_v1
MOCK06663,COPD_SPIROMETRY,0.0138717282285792,InComm-sourced,True,ablation_v1
MOCK06669,COPD_SPIROMETRY,0.01863591666381011,InComm-sourced,True,ablation_v1
MOCK06675,COPD_SPIROMETRY,0.02725172139458132,InComm-sourced,True,ablation_v1
MOCK06681,COPD_SPIROMETRY,0.03131537222947193,InComm-sourced,True,ablation_v1
MOCK06687,COPD_SPIROMETRY,0.01942864962251407,InComm-sourced,True,ablation_v1
MOCK06693,COPD_SPIROMETRY,0.025211147666639816,InComm-sourced,True,ablation_v1
MOCK06699,COPD_SPIROMETRY,0.04137236867971818,InComm-sourced,True,ablation_v1
MOCK06705,COPD_SPIROMETRY,0.009592290118329811,InComm-sourced,True,ablation_v1
MOCK06711,COPD_SPIROMETRY,0.025519652270420815,InComm-sourced,True,ablation_v1
MOCK06717,COPD_SPIROMETRY,0.04332630701827014,InComm-sourced,True,ablation_v1
MOCK06723,COPD_SPIROMETRY,0.029712778226990113,InComm-sourced,True,ablation_v1
MOCK06729,COPD_SPIROMETRY,0.01903774699729825,InComm-sourced,True,ablation_v1
MOCK06735,COPD_SPIROMETRY,0.014911614560295165,InComm-sourced,True,ablation_v1
MOCK06741,COPD_SPIROMETRY,0.021759642629208202,InComm-sourced,True,ablation_v1
MOCK06747,COPD_SPIROMETRY,0.023556068316300072,InComm-sourced,True,ablation_v1
MOCK06753,COPD_SPIROMETRY,0.014284938066964388,InComm-sourced,True,ablation_v1
MOCK06759,COPD_SPIROMETRY,0.028085309148279287,InComm-sourced,True,ablation_v1
MOCK06765,COPD_SPIROMETRY,0.021836878108724547,InComm-sourced,True,ablation_v1
MOCK06771,COPD_SPIROMETRY,0.020288916952062235,InComm-sourced,True,ablation_v1
MOCK06777,COPD_SPIROMETRY,0.02056714611002138,InComm-sourced,True,ablation_v1
MOCK06783,COPD_SPIROMETRY,0.030164737497935204,InComm-sourced,True,ablation_v1
MOCK06789,COPD_SPIROMETRY,0.03260938966039796,InComm-sourced,True,ablation_v1
MOCK06795,COPD_SPIROMETRY,0.04382993041456841,InComm-sourced,True,ablation_v1
MOCK06801,COPD_SPIROMETRY,0.050038256266651544,InComm-sourced,True,ablation_v1
MOCK06807,COPD_SPIROMETRY,0.028235945146138648,InComm-sourced,True,ablation_v1
MOCK06813,COPD_SPIROMETRY,0.042827206748573064,InComm-sourced,True,ablation_v1
MOCK06819,COPD_SPIROMETRY,0.024367256006014575,InComm-sourced,True,ablation_v1
MOCK06825,COPD_SPIROMETRY,0.04788494026597975,InComm-sourced,True,ablation_v1
MOCK06831,COPD_SPIROMETRY,0.01464704748877983,InComm-sourced,True,ablation_v1
MOCK06837,COPD_SPIROMETRY,0.0161105473195205,InComm-sourced,True,ablation_v1
MOCK06843,COPD_SPIROMETRY,0.015100339037409065,InComm-sourced,True,ablation_v1
MOCK06849,COPD_SPIROMETRY,0.01651900625863404,InComm-sourced,True,ablation_v1
MOCK06855,COPD_SPIROMETRY,0.016969812588781216,InComm-sourced,True,ablation_v1
MOCK06861,COPD_SPIROMETRY,0.0222991369965045,InComm-sourced,True,ablation_v1
MOCK06867,COPD_SPIROMETRY,0.04246298535897986,InComm-sourced,True,ablation_v1
MOCK06873,COPD_SPIROMETRY,0.02312139440340698,InComm-sourced,True,ablation_v1
MOCK06879,COPD_SPIROMETRY,0.02536718199889997,InComm-sourced,True,ablation_v1
MOCK06885,COPD_SPIROMETRY,0.023977874487445865,InComm-sourced,True,ablation_v1
MOCK06891,COPD_SPIROMETRY,0.017961244386457256,InComm-sourced,True,ablation_v1
MOCK06897,COPD_SPIROMETRY,0.025041331535284685,InComm-sourced,True,ablation_v1
MOCK06903,COPD_SPIROMETRY,0.021642393954955107,InComm-sourced,True,ablation_v1
MOCK06909,COPD_SPIROMETRY,0.0297908601573839,InComm-sourced,True,ablation_v1
MOCK06915,COPD_SPIROMETRY,0.023779479844147623,InComm-sourced,True,ablation_v1
MOCK06921,COPD_SPIROMETRY,0.0160508095682104,InComm-sourced,True,ablation_v1
MOCK06927,COPD_SPIROMETRY,0.035286375218341964,InComm-sourced,True,ablation_v1
MOCK06933,COPD_SPIROMETRY,0.04364391463758951,InComm-sourced,True,ablation_v1
MOCK06939,COPD_SPIROMETRY,0.022422190938963252,InComm-sourced,True,ablation_v1
MOCK06945,COPD_SPIROMETRY,0.016445505172043698,InComm-sourced,True,ablation_v1
MOCK06951,COPD_SPIROMETRY,0.01746910861480555,InComm-sourced,True,ablation_v1
MOCK06957,COPD_SPIROMETRY,0.05713902187265595,InComm-sourced,True,ablation_v1
MOCK06963,COPD_SPIROMETRY,0.025590433542149255,InComm-sourced,True,ablation_v1
MOCK06969,COPD_SPIROMETRY,0.034879466107971276,InComm-sourced,True,ablation_v1
MOCK06975,COPD_SPIROMETRY,0.025568696803487174,InComm-sourced,True,ablation_v1
MOCK06981,COPD_SPIROMETRY,0.01672620579521843,InComm-sourced,True,ablation_v1
MOCK06987,COPD_SPIROMETRY,0.010484709347590647,InComm-sourced,True,ablation_v1
MOCK06993,COPD_SPIROMETRY,0.03326112549417565,InComm-sourced,True,ablation_v1
MOCK06999,COPD_SPIROMETRY,0.013431613141669942,InComm-sourced,True,ablation_v1
MOCK07005,COPD_SPIROMETRY,0.014559619683568578,InComm-sourced,True,ablation_v1
MOCK07011,COPD_SPIROMETRY,0.026309465353264876,InComm-sourced,True,ablation_v1
MOCK07017,COPD_SPIROMETRY,0.02760705361934726,InComm-sourced,True,ablation_v1
MOCK07023,COPD_SPIROMETRY,0.03169792693118327,InComm-sourced,True,ablation_v1
MOCK07029,COPD_SPIROMETRY,0.06705016942660517,InComm-sourced,True,ablation_v1
MOCK07035,COPD_SPIROMETRY,0.011294219406235028,InComm-sourced,True,ablation_v1
MOCK07041,COPD_SPIROMETRY,0.016559258380906224,InComm-sourced,True,ablation_v1
MOCK07047,COPD_SPIROMETRY,0.009460311361992282,InComm-sourced,True,ablation_v1
MOCK07053,COPD_SPIROMETRY,0.02122280282631523,InComm-sourced,True,ablation_v1
MOCK07059,COPD_SPIROMETRY,0.03022665246749815,InComm-sourced,True,ablation_v1
MOCK07065,COPD_SPIROMETRY,0.03020068252100859,InComm-sourced,True,ablation_v1
MOCK07071,COPD_SPIROMETRY,0.014967486963414057,InComm-sourced,True,ablation_v1
MOCK07077,COPD_SPIROMETRY,0.014130502836006946,InComm-sourced,True,ablation_v1
MOCK07083,COPD_SPIROMETRY,0.058091776340466035,InComm-sourced,True,ablation_v1
MOCK07089,COPD_SPIROMETRY,0.02996667577866752,InComm-sourced,True,ablation_v1
MOCK07095,COPD_SPIROMETRY,0.021285357327419624,InComm-sourced,True,ablation_v1
MOCK07101,COPD_SPIROMETRY,0.021368782256941297,InComm-sourced,True,ablation_v1
MOCK07107,COPD_SPIROMETRY,0.012594999912331699,InComm-sourced,True,ablation_v1
MOCK07113,COPD_SPIROMETRY,0.019580058231989876,InComm-sourced,True,ablation_v1
MOCK07119,COPD_SPIROMETRY,0.08112636474181356,InComm-sourced,True,ablation_v1
MOCK07125,COPD_SPIROMETRY,0.04441060659312803,InComm-sourced,True,ablation_v1
MOCK07131,COPD_SPIROMETRY,0.014705808571246625,InComm-sourced,True,ablation_v1
MOCK07137,COPD_SPIROMETRY,0.013341453981833751,InComm-sourced,True,ablation_v1
MOCK07143,COPD_SPIROMETRY,0.026352549828293843,InComm-sourced,True,ablation_v1
MOCK07149,COPD_SPIROMETRY,0.03669930340591765,InComm-sourced,True,ablation_v1
MOCK07155,COPD_SPIROMETRY,0.02309737880838111,InComm-sourced,True,ablation_v1
MOCK07161,COPD_SPIROMETRY,0.016649671309067658,InComm-sourced,True,ablation_v1
MOCK07167,COPD_SPIROMETRY,0.039310655471596435,InComm-sourced,True,ablation_v1
MOCK07173,COPD_SPIROMETRY,0.015429946962048151,InComm-sourced,True,ablation_v1
MOCK07179,COPD_SPIROMETRY,0.026647775508716193,InComm-sourced,True,ablation_v1
MOCK07185,COPD_SPIROMETRY,0.013392527044369511,InComm-sourced,True,ablation_v1
MOCK07191,COPD_SPIROMETRY,0.022557553140437326,InComm-sourced,True,ablation_v1
MOCK07197,COPD_SPIROMETRY,0.01899057455721101,InComm-sourced,True,ablation_v1
MOCK07203,COPD_SPIROMETRY,0.017178542530199504,InComm-sourced,True,ablation_v1
MOCK07209,COPD_SPIROMETRY,0.02370445320276997,InComm-sourced,True,ablation_v1
MOCK07215,COPD_SPIROMETRY,0.020562898009113425,InComm-sourced,True,ablation_v1
MOCK07221,COPD_SPIROMETRY,0.02492944179753215,InComm-sourced,True,ablation_v1
MOCK07227,COPD_SPIROMETRY,0.026707245412445655,InComm-sourced,True,ablation_v1
MOCK07233,COPD_SPIROMETRY,0.01608904335056798,InComm-sourced,True,ablation_v1
MOCK07239,COPD_SPIROMETRY,0.018723280502212707,InComm-sourced,True,ablation_v1
MOCK07245,COPD_SPIROMETRY,0.011720615682636468,InComm-sourced,True,ablation_v1
MOCK07251,COPD_SPIROMETRY,0.014522344402362528,InComm-sourced,True,ablation_v1
MOCK07257,COPD_SPIROMETRY,0.01602328452555899,InComm-sourced,True,ablation_v1
MOCK07263,COPD_SPIROMETRY,0.02467644136022311,InComm-sourced,True,ablation_v1
MOCK07269,COPD_SPIROMETRY,0.024892232869059467,InComm-sourced,True,ablation_v1
MOCK07275,COPD_SPIROMETRY,0.01333804870969976,InComm-sourced,True,ablation_v1
MOCK07281,COPD_SPIROMETRY,0.011912475105730973,InComm-sourced,True,ablation_v1
MOCK07287,COPD_SPIROMETRY,0.013181905491374362,InComm-sourced,True,ablation_v1
MOCK07293,COPD_SPIROMETRY,0.030533624857346068,InComm-sourced,True,ablation_v1
MOCK07299,COPD_SPIROMETRY,0.024968752047578334,InComm-sourced,True,ablation_v1
MOCK07305,COPD_SPIROMETRY,0.015302835541117674,InComm-sourced,True,ablation_v1
MOCK07311,COPD_SPIROMETRY,0.031531338618480266,InComm-sourced,True,ablation_v1
MOCK07317,COPD_SPIROMETRY,0.011148757090870804,InComm-sourced,True,ablation_v1
MOCK07323,COPD_SPIROMETRY,0.05530709001007384,InComm-sourced,True,ablation_v1
MOCK07329,COPD_SPIROMETRY,0.017213557901693877,InComm-sourced,True,ablation_v1
MOCK07335,COPD_SPIROMETRY,0.016947510859580163,InComm-sourced,True,ablation_v1
MOCK07341,COPD_SPIROMETRY,0.02103415493315692,InComm-sourced,True,ablation_v1
MOCK07347,COPD_SPIROMETRY,0.019101063708177206,InComm-sourced,True,ablation_v1
MOCK07353,COPD_SPIROMETRY,0.02143107700827879,InComm-sourced,True,ablation_v1
MOCK07359,COPD_SPIROMETRY,0.03304137129855201,InComm-sourced,True,ablation_v1
MOCK07365,COPD_SPIROMETRY,0.01167449825581144,InComm-sourced,True,ablation_v1
MOCK07371,COPD_SPIROMETRY,0.015127162936141449,InComm-sourced,True,ablation_v1
MOCK07377,COPD_SPIROMETRY,0.03472549344598518,InComm-sourced,True,ablation_v1
MOCK07383,COPD_SPIROMETRY,0.016218966173742543,InComm-sourced,True,ablation_v1
MOCK07389,COPD_SPIROMETRY,0.024249474172544652,InComm-sourced,True,ablation_v1
MOCK07395,COPD_SPIROMETRY,0.02549511292730038,InComm-sourced,True,ablation_v1
MOCK07401,COPD_SPIROMETRY,0.01745700543972613,InComm-sourced,True,ablation_v1
MOCK07407,COPD_SPIROMETRY,0.018330320474548693,InComm-sourced,True,ablation_v1
MOCK07413,COPD_SPIROMETRY,0.029711650234139696,InComm-sourced,True,ablation_v1
MOCK07419,COPD_SPIROMETRY,0.01486805931364664,InComm-sourced,True,ablation_v1
MOCK07425,COPD_SPIROMETRY,0.021180066937509633,InComm-sourced,True,ablation_v1
MOCK07431,COPD_SPIROMETRY,0.012638141396702197,InComm-sourced,True,ablation_v1
MOCK07437,COPD_SPIROMETRY,0.03301960986949623,InComm-sourced,True,ablation_v1
MOCK07443,COPD_SPIROMETRY,0.027340699663216714,InComm-sourced,True,ablation_v1
MOCK07449,COPD_SPIROMETRY,0.022194267674338203,InComm-sourced,True,ablation_v1
MOCK07455,COPD_SPIROMETRY,0.03407059083070669,InComm-sourced,True,ablation_v1
MOCK07461,COPD_SPIROMETRY,0.012044380782087662,InComm-sourced,True,ablation_v1
MOCK07467,COPD_SPIROMETRY,0.021440855933246825,InComm-sourced,True,ablation_v1
MOCK07473,COPD_SPIROMETRY,0.03162241630689583,InComm-sourced,True,ablation_v1
MOCK07479,COPD_SPIROMETRY,0.013428128349924446,InComm-sourced,True,ablation_v1
MOCK07485,COPD_SPIROMETRY,0.02003902513865284,InComm-sourced,True,ablation_v1
MOCK07491,COPD_SPIROMETRY,0.01223529221608903,InComm-sourced,True,ablation_v1
MOCK07497,COPD_SPIROMETRY,0.0327394902469163,InComm-sourced,True,ablation_v1
MOCK07503,COPD_SPIROMETRY,0.02081918545369694,InComm-sourced,True,ablation_v1
MOCK07509,COPD_SPIROMETRY,0.03373707937456758,InComm-sourced,True,ablation_v1
MOCK07515,COPD_SPIROMETRY,0.018950963117201968,InComm-sourced,True,ablation_v1
MOCK07521,COPD_SPIROMETRY,0.015985295800483135,InComm-sourced,True,ablation_v1
MOCK07527,COPD_SPIROMETRY,0.03679011883884317,InComm-sourced,True,ablation_v1
MOCK07533,COPD_SPIROMETRY,0.01417725135878058,InComm-sourced,True,ablation_v1
MOCK07539,COPD_SPIROMETRY,0.024108352916526816,InComm-sourced,True,ablation_v1
MOCK07545,COPD_SPIROMETRY,0.02177347651136156,InComm-sourced,True,ablation_v1
MOCK07551,COPD_SPIROMETRY,0.021899333385791912,InComm-sourced,True,ablation_v1
MOCK07557,COPD_SPIROMETRY,0.030872700753655054,InComm-sourced,True,ablation_v1
MOCK07563,COPD_SPIROMETRY,0.012814403984671416,InComm-sourced,True,ablation_v1
MOCK07569,COPD_SPIROMETRY,0.012741248807575755,InComm-sourced,True,ablation_v1
MOCK07575,COPD_SPIROMETRY,0.02621414968132872,InComm-sourced,True,ablation_v1
MOCK07581,COPD_SPIROMETRY,0.03523416516668623,InComm-sourced,True,ablation_v1
MOCK07587,COPD_SPIROMETRY,0.01292549309711072,InComm-sourced,True,ablation_v1
MOCK07593,COPD_SPIROMETRY,0.023369480540560754,InComm-sourced,True,ablation_v1
MOCK07599,COPD_SPIROMETRY,0.0164708107929323,InComm-sourced,True,ablation_v1
MOCK07605,COPD_SPIROMETRY,0.0301536425579039,InComm-sourced,True,ablation_v1
MOCK07611,COPD_SPIROMETRY,0.03666956127724776,InComm-sourced,True,ablation_v1
MOCK07617,COPD_SPIROMETRY,0.013865725692737314,InComm-sourced,True,ablation_v1
MOCK07623,COPD_SPIROMETRY,0.029640803434160295,InComm-sourced,True,ablation_v1
MOCK07629,COPD_SPIROMETRY,0.02914588812725156,InComm-sourced,True,ablation_v1
MOCK07635,COPD_SPIROMETRY,0.0104483140837066,InComm-sourced,True,ablation_v1
MOCK07641,COPD_SPIROMETRY,0.008858466328292888,InComm-sourced,True,ablation_v1
MOCK07647,COPD_SPIROMETRY,0.018007098524957944,InComm-sourced,True,ablation_v1
MOCK07653,COPD_SPIROMETRY,0.018165709692963203,InComm-sourced,True,ablation_v1
MOCK07659,COPD_SPIROMETRY,0.018472294500499163,InComm-sourced,True,ablation_v1
MOCK07665,COPD_SPIROMETRY,0.02076097257243759,InComm-sourced,True,ablation_v1
MOCK07671,COPD_SPIROMETRY,0.016568675170779094,InComm-sourced,True,ablation_v1
MOCK07677,COPD_SPIROMETRY,0.029573779636074844,InComm-sourced,True,ablation_v1
MOCK07683,COPD_SPIROMETRY,0.018386713681901482,InComm-sourced,True,ablation_v1
MOCK07689,COPD_SPIROMETRY,0.023442040153881412,InComm-sourced,True,ablation_v1
MOCK07695,COPD_SPIROMETRY,0.021510409908706556,InComm-sourced,True,ablation_v1
MOCK07701,COPD_SPIROMETRY,0.018996950636884807,InComm-sourced,True,ablation_v1
MOCK07707,COPD_SPIROMETRY,0.023878194022974704,InComm-sourced,True,ablation_v1
MOCK07713,COPD_SPIROMETRY,0.01736739986340754,InComm-sourced,True,ablation_v1
MOCK07719,COPD_SPIROMETRY,0.02163661646513646,InComm-sourced,True,ablation_v1
MOCK07725,COPD_SPIROMETRY,0.020084078071778626,InComm-sourced,True,ablation_v1
MOCK07731,COPD_SPIROMETRY,0.02388283472156955,InComm-sourced,True,ablation_v1
MOCK07737,COPD_SPIROMETRY,0.026241944362023407,InComm-sourced,True,ablation_v1
MOCK07743,COPD_SPIROMETRY,0.034332747497868736,InComm-sourced,True,ablation_v1
MOCK07749,COPD_SPIROMETRY,0.02792719319007592,InComm-sourced,True,ablation_v1
MOCK07755,COPD_SPIROMETRY,0.022474596488913572,InComm-sourced,True,ablation_v1
MOCK07761,COPD_SPIROMETRY,0.01835793893364299,InComm-sourced,True,ablation_v1
MOCK07767,COPD_SPIROMETRY,0.020601635882923044,InComm-sourced,True,ablation_v1
MOCK07773,COPD_SPIROMETRY,0.03273912931634622,InComm-sourced,True,ablation_v1
MOCK07779,COPD_SPIROMETRY,0.013578586250013389,InComm-sourced,True,ablation_v1
MOCK07785,COPD_SPIROMETRY,0.020767604576939203,InComm-sourced,True,ablation_v1
MOCK07791,COPD_SPIROMETRY,0.039072684902878164,InComm-sourced,True,ablation_v1
MOCK07797,COPD_SPIROMETRY,0.01712722326428553,InComm-sourced,True,ablation_v1
MOCK07803,COPD_SPIROMETRY,0.04776917503279731,InComm-sourced,True,ablation_v1
MOCK07809,COPD_SPIROMETRY,0.01585209682192368,InComm-sourced,True,ablation_v1
MOCK07815,COPD_SPIROMETRY,0.027088492386802155,InComm-sourced,True,ablation_v1
MOCK07821,COPD_SPIROMETRY,0.010075981346223806,InComm-sourced,True,ablation_v1
MOCK07827,COPD_SPIROMETRY,0.026501866013891026,InComm-sourced,True,ablation_v1
MOCK07833,COPD_SPIROMETRY,0.019536834357306264,InComm-sourced,True,ablation_v1
MOCK07839,COPD_SPIROMETRY,0.020679042918982583,InComm-sourced,True,ablation_v1
MOCK07845,COPD_SPIROMETRY,0.026920982914104264,InComm-sourced,True,ablation_v1
MOCK07851,COPD_SPIROMETRY,0.014961881890107295,InComm-sourced,True,ablation_v1
MOCK07857,COPD_SPIROMETRY,0.026963301805012264,InComm-sourced,True,ablation_v1
MOCK07863,COPD_SPIROMETRY,0.02308316266575207,InComm-sourced,True,ablation_v1
MOCK07869,COPD_SPIROMETRY,0.03187290492798208,InComm-sourced,True,ablation_v1
MOCK07875,COPD_SPIROMETRY,0.0472102404825139,InComm-sourced,True,ablation_v1
MOCK07881,COPD_SPIROMETRY,0.014615824735926314,InComm-sourced,True,ablation_v1
MOCK07887,COPD_SPIROMETRY,0.024202581169396678,InComm-sourced,True,ablation_v1
MOCK07893,COPD_SPIROMETRY,0.01504418392180419,InComm-sourced,True,ablation_v1
MOCK07899,COPD_SPIROMETRY,0.018824995866364325,InComm-sourced,True,ablation_v1
MOCK07905,COPD_SPIROMETRY,0.021512225069350768,InComm-sourced,True,ablation_v1
MOCK07911,COPD_SPIROMETRY,0.02303565330300417,InComm-sourced,True,ablation_v1
MOCK07917,COPD_SPIROMETRY,0.013673960572965283,InComm-sourced,True,ablation_v1
MOCK07923,COPD_SPIROMETRY,0.03318271614795146,InComm-sourced,True,ablation_v1
MOCK07929,COPD_SPIROMETRY,0.024397993889297545,InComm-sourced,True,ablation_v1
MOCK07935,COPD_SPIROMETRY,0.028336089316882716,InComm-sourced,True,ablation_v1
MOCK07941,COPD_SPIROMETRY,0.013262424996209384,InComm-sourced,True,ablation_v1
MOCK07947,COPD_SPIROMETRY,0.015465110746463428,InComm-sourced,True,ablation_v1
MOCK07953,COPD_SPIROMETRY,0.01496229268663115,InComm-sourced,True,ablation_v1
MOCK07959,COPD_SPIROMETRY,0.011893938209635484,InComm-sourced,True,ablation_v1
MOCK07965,COPD_SPIROMETRY,0.01704720559127612,InComm-sourced,True,ablation_v1
MOCK07971,COPD_SPIROMETRY,0.02343008375442271,InComm-sourced,True,ablation_v1
MOCK07977,COPD_SPIROMETRY,0.02433792471505397,InComm-sourced,True,ablation_v1
MOCK07983,COPD_SPIROMETRY,0.018676588279621455,InComm-sourced,True,ablation_v1
MOCK07989,COPD_SPIROMETRY,0.029778215915614952,InComm-sourced,True,ablation_v1
MOCK07995,COPD_SPIROMETRY,0.018121241729587227,InComm-sourced,True,ablation_v1
MOCK08001,COPD_SPIROMETRY,0.009995822505062984,InComm-sourced,True,ablation_v1
MOCK08007,COPD_SPIROMETRY,0.012967301545928454,InComm-sourced,True,ablation_v1
MOCK08013,COPD_SPIROMETRY,0.01559997010777338,InComm-sourced,True,ablation_v1
MOCK08019,COPD_SPIROMETRY,0.02347084280204469,InComm-sourced,True,ablation_v1
MOCK08025,COPD_SPIROMETRY,0.015701196123693098,InComm-sourced,True,ablation_v1
MOCK08031,COPD_SPIROMETRY,0.02744245676930031,InComm-sourced,True,ablation_v1
MOCK08037,COPD_SPIROMETRY,0.016577244719332546,InComm-sourced,True,ablation_v1
MOCK08043,COPD_SPIROMETRY,0.01676304654892465,InComm-sourced,True,ablation_v1
MOCK08049,COPD_SPIROMETRY,0.029771046890076775,InComm-sourced,True,ablation_v1
MOCK08055,COPD_SPIROMETRY,0.021122332581919492,InComm-sourced,True,ablation_v1
MOCK08061,COPD_SPIROMETRY,0.025511554783490143,InComm-sourced,True,ablation_v1
MOCK08067,COPD_SPIROMETRY,0.024378276588285782,InComm-sourced,True,ablation_v1
MOCK08073,COPD_SPIROMETRY,0.03114683117121753,InComm-sourced,True,ablation_v1
MOCK08079,COPD_SPIROMETRY,0.01799221035313509,InComm-sourced,True,ablation_v1
MOCK08085,COPD_SPIROMETRY,0.01271816134672178,InComm-sourced,True,ablation_v1
MOCK08091,COPD_SPIROMETRY,0.013598147809464367,InComm-sourced,True,ablation_v1
MOCK08097,COPD_SPIROMETRY,0.0416576102646346,InComm-sourced,True,ablation_v1
MOCK08103,COPD_SPIROMETRY,0.031227135020714756,InComm-sourced,True,ablation_v1
MOCK08109,COPD_SPIROMETRY,0.011629239099629159,InComm-sourced,True,ablation_v1
MOCK08115,COPD_SPIROMETRY,0.013806667564974884,InComm-sourced,True,ablation_v1
MOCK08121,COPD_SPIROMETRY,0.010674075986132346,InComm-sourced,True,ablation_v1
MOCK08127,COPD_SPIROMETRY,0.02787248889240026,InComm-sourced,True,ablation_v1
MOCK08133,COPD_SPIROMETRY,0.01809397965216547,InComm-sourced,True,ablation_v1
MOCK08139,COPD_SPIROMETRY,0.01563451590362483,InComm-sourced,True,ablation_v1
MOCK08145,COPD_SPIROMETRY,0.02454237145794864,InComm-sourced,True,ablation_v1
MOCK08151,COPD_SPIROMETRY,0.01599348419395329,InComm-sourced,True,ablation_v1
MOCK08157,COPD_SPIROMETRY,0.018786039786042454,InComm-sourced,True,ablation_v1
MOCK08163,COPD_SPIROMETRY,0.03309269321741401,InComm-sourced,True,ablation_v1
MOCK08169,COPD_SPIROMETRY,0.054646670003154214,InComm-sourced,True,ablation_v1
MOCK08175,COPD_SPIROMETRY,0.016891402986444197,InComm-sourced,True,ablation_v1
MOCK08181,COPD_SPIROMETRY,0.029710993155751566,InComm-sourced,True,ablation_v1
MOCK08187,COPD_SPIROMETRY,0.018146095445306952,InComm-sourced,True,ablation_v1
MOCK08193,COPD_SPIROMETRY,0.027246664450867705,InComm-sourced,True,ablation_v1
MOCK08199,COPD_SPIROMETRY,0.03639499884551559,InComm-sourced,True,ablation_v1
MOCK08205,COPD_SPIROMETRY,0.009923554612628742,InComm-sourced,True,ablation_v1
MOCK08211,COPD_SPIROMETRY,0.018894980783373278,InComm-sourced,True,ablation_v1
MOCK08217,COPD_SPIROMETRY,0.03839270223804462,InComm-sourced,True,ablation_v1
MOCK08223,COPD_SPIROMETRY,0.019431745677178893,InComm-sourced,True,ablation_v1
MOCK08229,COPD_SPIROMETRY,0.01722361575993841,InComm-sourced,True,ablation_v1
MOCK08235,COPD_SPIROMETRY,0.029592691997843673,InComm-sourced,True,ablation_v1
MOCK08241,COPD_SPIROMETRY,0.017573715521236953,InComm-sourced,True,ablation_v1
MOCK08247,COPD_SPIROMETRY,0.018903182400097425,InComm-sourced,True,ablation_v1
MOCK08253,COPD_SPIROMETRY,0.024903458748042517,InComm-sourced,True,ablation_v1
MOCK08259,COPD_SPIROMETRY,0.018309636342400428,InComm-sourced,True,ablation_v1
MOCK08265,COPD_SPIROMETRY,0.03786393142966538,InComm-sourced,True,ablation_v1
MOCK08271,COPD_SPIROMETRY,0.01894223452069108,InComm-sourced,True,ablation_v1
MOCK08277,COPD_SPIROMETRY,0.01385983456782432,InComm-sourced,True,ablation_v1
MOCK08283,COPD_SPIROMETRY,0.015522425811515443,InComm-sourced,True,ablation_v1
MOCK08289,COPD_SPIROMETRY,0.01804577223437017,InComm-sourced,True,ablation_v1
MOCK08295,COPD_SPIROMETRY,0.014448061183542414,InComm-sourced,True,ablation_v1
MOCK08301,COPD_SPIROMETRY,0.01644005968979466,InComm-sourced,True,ablation_v1
MOCK08307,COPD_SPIROMETRY,0.0324648096981387,InComm-sourced,True,ablation_v1
MOCK08313,COPD_SPIROMETRY,0.02960971289966809,InComm-sourced,True,ablation_v1
MOCK08319,COPD_SPIROMETRY,0.052356545190666876,InComm-sourced,True,ablation_v1
MOCK08325,COPD_SPIROMETRY,0.02019390491654642,InComm-sourced,True,ablation_v1
MOCK08331,COPD_SPIROMETRY,0.017241339114334175,InComm-sourced,True,ablation_v1
MOCK08337,COPD_SPIROMETRY,0.02531551636754345,InComm-sourced,True,ablation_v1
MOCK08343,COPD_SPIROMETRY,0.02401141727725851,InComm-sourced,True,ablation_v1
MOCK08349,COPD_SPIROMETRY,0.024802994046935544,InComm-sourced,True,ablation_v1
MOCK08355,COPD_SPIROMETRY,0.02413869682669369,InComm-sourced,True,ablation_v1
MOCK08361,COPD_SPIROMETRY,0.03000794696103244,InComm-sourced,True,ablation_v1
MOCK08367,COPD_SPIROMETRY,0.011230008401577151,InComm-sourced,True,ablation_v1
MOCK08373,COPD_SPIROMETRY,0.03586158382826246,InComm-sourced,True,ablation_v1
MOCK08379,COPD_SPIROMETRY,0.015145504834934475,InComm-sourced,True,ablation_v1
MOCK08385,COPD_SPIROMETRY,0.021775006395925448,InComm-sourced,True,ablation_v1
MOCK08391,COPD_SPIROMETRY,0.022721080756199007,InComm-sourced,True,ablation_v1
MOCK08397,COPD_SPIROMETRY,0.02239210090369906,InComm-sourced,True,ablation_v1
MOCK08403,COPD_SPIROMETRY,0.026551375418366274,InComm-sourced,True,ablation_v1
MOCK08409,COPD_SPIROMETRY,0.01620696362062298,InComm-sourced,True,ablation_v1
MOCK08415,COPD_SPIROMETRY,0.052444133417026716,InComm-sourced,True,ablation_v1
MOCK08421,COPD_SPIROMETRY,0.018636250602783854,InComm-sourced,True,ablation_v1
MOCK08427,COPD_SPIROMETRY,0.02034626280253379,InComm-sourced,True,ablation_v1
MOCK08433,COPD_SPIROMETRY,0.020298622010098088,InComm-sourced,True,ablation_v1
MOCK08439,COPD_SPIROMETRY,0.029653940169844,InComm-sourced,True,ablation_v1
MOCK08445,COPD_SPIROMETRY,0.019601134091903585,InComm-sourced,True,ablation_v1
MOCK08451,COPD_SPIROMETRY,0.024366743523422052,InComm-sourced,True,ablation_v1
MOCK08457,COPD_SPIROMETRY,0.018318637438426655,InComm-sourced,True,ablation_v1
MOCK08463,COPD_SPIROMETRY,0.017554215479487014,InComm-sourced,True,ablation_v1
MOCK08469,COPD_SPIROMETRY,0.02563231054556956,InComm-sourced,True,ablation_v1
MOCK08475,COPD_SPIROMETRY,0.018610916206426242,InComm-sourced,True,ablation_v1
MOCK08481,COPD_SPIROMETRY,0.01841134001312269,InComm-sourced,True,ablation_v1
MOCK08487,COPD_SPIROMETRY,0.045025195064786895,InComm-sourced,True,ablation_v1
MOCK08493,COPD_SPIROMETRY,0.015271845525610398,InComm-sourced,True,ablation_v1
MOCK08499,COPD_SPIROMETRY,0.04082288613009792,InComm-sourced,True,ablation_v1
MOCK08505,COPD_SPIROMETRY,0.020966278894483274,InComm-sourced,True,ablation_v1
MOCK08511,COPD_SPIROMETRY,0.031860978418491205,InComm-sourced,True,ablation_v1
MOCK08517,COPD_SPIROMETRY,0.044059939327094906,InComm-sourced,True,ablation_v1
MOCK08523,COPD_SPIROMETRY,0.017623729831099284,InComm-sourced,True,ablation_v1
MOCK08529,COPD_SPIROMETRY,0.034418191521092927,InComm-sourced,True,ablation_v1
MOCK08535,COPD_SPIROMETRY,0.011790529198389322,InComm-sourced,True,ablation_v1
MOCK08541,COPD_SPIROMETRY,0.03300970365608567,InComm-sourced,True,ablation_v1
MOCK08547,COPD_SPIROMETRY,0.027680320523258178,InComm-sourced,True,ablation_v1
MOCK08553,COPD_SPIROMETRY,0.012753578207380186,InComm-sourced,True,ablation_v1
MOCK08559,COPD_SPIROMETRY,0.03745344008471068,InComm-sourced,True,ablation_v1
MOCK08565,COPD_SPIROMETRY,0.017515317694501254,InComm-sourced,True,ablation_v1
MOCK08571,COPD_SPIROMETRY,0.023725834372660074,InComm-sourced,True,ablation_v1
MOCK08577,COPD_SPIROMETRY,0.023124956950357753,InComm-sourced,True,ablation_v1
MOCK08583,COPD_SPIROMETRY,0.024670063049103127,InComm-sourced,True,ablation_v1
MOCK08589,COPD_SPIROMETRY,0.03521739956354475,InComm-sourced,True,ablation_v1
MOCK08595,COPD_SPIROMETRY,0.013488948719966963,InComm-sourced,True,ablation_v1
MOCK08601,COPD_SPIROMETRY,0.033911809579448816,InComm-sourced,True,ablation_v1
MOCK08607,COPD_SPIROMETRY,0.019655742272361214,InComm-sourced,True,ablation_v1
MOCK08613,COPD_SPIROMETRY,0.04065871036455519,InComm-sourced,True,ablation_v1
MOCK08619,COPD_SPIROMETRY,0.028353454848950483,InComm-sourced,True,ablation_v1
MOCK08625,COPD_SPIROMETRY,0.02504790776560206,InComm-sourced,True,ablation_v1
MOCK08631,COPD_SPIROMETRY,0.026009782142600697,InComm-sourced,True,ablation_v1
MOCK08637,COPD_SPIROMETRY,0.03748846180929604,InComm-sourced,True,ablation_v1
MOCK08643,COPD_SPIROMETRY,0.03606621174357002,InComm-sourced,True,ablation_v1
MOCK08649,COPD_SPIROMETRY,0.04241053301803562,InComm-sourced,True,ablation_v1
MOCK08655,COPD_SPIROMETRY,0.01399120681271751,InComm-sourced,True,ablation_v1
MOCK08661,COPD_SPIROMETRY,0.0266337213945722,InComm-sourced,True,ablation_v1
MOCK08667,COPD_SPIROMETRY,0.015153486185290142,InComm-sourced,True,ablation_v1
MOCK08673,COPD_SPIROMETRY,0.021747046096826855,InComm-sourced,True,ablation_v1
MOCK08679,COPD_SPIROMETRY,0.03316756484699404,InComm-sourced,True,ablation_v1
MOCK08685,COPD_SPIROMETRY,0.016687648677603053,InComm-sourced,True,ablation_v1
MOCK08691,COPD_SPIROMETRY,0.010775997081174268,InComm-sourced,True,ablation_v1
MOCK08697,COPD_SPIROMETRY,0.03594280058976502,InComm-sourced,True,ablation_v1
MOCK08703,COPD_SPIROMETRY,0.026124270093285294,InComm-sourced,True,ablation_v1
MOCK08709,COPD_SPIROMETRY,0.04037134893062024,InComm-sourced,True,ablation_v1
MOCK08715,COPD_SPIROMETRY,0.011492904094496494,InComm-sourced,True,ablation_v1
MOCK08721,COPD_SPIROMETRY,0.04319410479745188,InComm-sourced,True,ablation_v1
MOCK08727,COPD_SPIROMETRY,0.017610591873406443,InComm-sourced,True,ablation_v1
MOCK08733,COPD_SPIROMETRY,0.019108993691109775,InComm-sourced,True,ablation_v1
MOCK08739,COPD_SPIROMETRY,0.018373523521694357,InComm-sourced,True,ablation_v1
MOCK08745,COPD_SPIROMETRY,0.03117997324261714,InComm-sourced,True,ablation_v1
MOCK08751,COPD_SPIROMETRY,0.012616991393026987,InComm-sourced,True,ablation_v1
MOCK08757,COPD_SPIROMETRY,0.03408244409981847,InComm-sourced,True,ablation_v1
MOCK08763,COPD_SPIROMETRY,0.02389333450010229,InComm-sourced,True,ablation_v1
MOCK08769,COPD_SPIROMETRY,0.036120534478876254,InComm-sourced,True,ablation_v1
MOCK08775,COPD_SPIROMETRY,0.021102182470887614,InComm-sourced,True,ablation_v1
MOCK08781,COPD_SPIROMETRY,0.016620674314650457,InComm-sourced,True,ablation_v1
MOCK08787,COPD_SPIROMETRY,0.03635155121547158,InComm-sourced,True,ablation_v1
MOCK08793,COPD_SPIROMETRY,0.04936411188034328,InComm-sourced,True,ablation_v1
MOCK08799,COPD_SPIROMETRY,0.03226860898476355,InComm-sourced,True,ablation_v1
MOCK08805,COPD_SPIROMETRY,0.031186398566507845,InComm-sourced,True,ablation_v1
MOCK08811,COPD_SPIROMETRY,0.023275084247258805,InComm-sourced,True,ablation_v1
MOCK08817,COPD_SPIROMETRY,0.02276003911638916,InComm-sourced,True,ablation_v1
MOCK08823,COPD_SPIROMETRY,0.017871576518630666,InComm-sourced,True,ablation_v1
MOCK08829,COPD_SPIROMETRY,0.011007701687155567,InComm-sourced,True,ablation_v1
MOCK08835,COPD_SPIROMETRY,0.01676373088841442,InComm-sourced,True,ablation_v1
MOCK08841,COPD_SPIROMETRY,0.022183626216086987,InComm-sourced,True,ablation_v1
MOCK08847,COPD_SPIROMETRY,0.015683083431650587,InComm-sourced,True,ablation_v1
MOCK08853,COPD_SPIROMETRY,0.018995605487164734,InComm-sourced,True,ablation_v1
MOCK08859,COPD_SPIROMETRY,0.02182373511106637,InComm-sourced,True,ablation_v1
MOCK08865,COPD_SPIROMETRY,0.019403514015663505,InComm-sourced,True,ablation_v1
MOCK08871,COPD_SPIROMETRY,0.021154411141919748,InComm-sourced,True,ablation_v1
MOCK08877,COPD_SPIROMETRY,0.016837704137231638,InComm-sourced,True,ablation_v1
MOCK08883,COPD_SPIROMETRY,0.013750684514496734,InComm-sourced,True,ablation_v1
MOCK08889,COPD_SPIROMETRY,0.03013823850754034,InComm-sourced,True,ablation_v1
MOCK08895,COPD_SPIROMETRY,0.020046262079120265,InComm-sourced,True,ablation_v1
MOCK08901,COPD_SPIROMETRY,0.012716921483950606,InComm-sourced,True,ablation_v1
MOCK08907,COPD_SPIROMETRY,0.027883772126398743,InComm-sourced,True,ablation_v1
MOCK08913,COPD_SPIROMETRY,0.01836060806275208,InComm-sourced,True,ablation_v1
MOCK08919,COPD_SPIROMETRY,0.016583468736655685,InComm-sourced,True,ablation_v1
MOCK08925,COPD_SPIROMETRY,0.034139731339325574,InComm-sourced,True,ablation_v1
MOCK08931,COPD_SPIROMETRY,0.01524085348107192,InComm-sourced,True,ablation_v1
MOCK08937,COPD_SPIROMETRY,0.01648064480852758,InComm-sourced,True,ablation_v1
MOCK08943,COPD_SPIROMETRY,0.02103508807635677,InComm-sourced,True,ablation_v1
MOCK08949,COPD_SPIROMETRY,0.02297904950083912,InComm-sourced,True,ablation_v1
MOCK08955,COPD_SPIROMETRY,0.03575898119599956,InComm-sourced,True,ablation_v1
MOCK08961,COPD_SPIROMETRY,0.03945874678619026,InComm-sourced,True,ablation_v1
MOCK08967,COPD_SPIROMETRY,0.01777095328487224,InComm-sourced,True,ablation_v1
MOCK08973,COPD_SPIROMETRY,0.023100128651402183,InComm-sourced,True,ablation_v1
MOCK08979,COPD_SPIROMETRY,0.028490044761506607,InComm-sourced,True,ablation_v1
MOCK08985,COPD_SPIROMETRY,0.01927617389373412,InComm-sourced,True,ablation_v1
MOCK08991,COPD_SPIROMETRY,0.01923128433934368,InComm-sourced,True,ablation_v1
MOCK08997,COPD_SPIROMETRY,0.028793710185764113,InComm-sourced,True,ablation_v1
MOCK09003,COPD_SPIROMETRY,0.022796859530189666,InComm-sourced,True,ablation_v1
MOCK09009,COPD_SPIROMETRY,0.035282883761745716,InComm-sourced,True,ablation_v1
MOCK09015,COPD_SPIROMETRY,0.03615021459130396,InComm-sourced,True,ablation_v1
MOCK09021,COPD_SPIROMETRY,0.013567903492385031,InComm-sourced,True,ablation_v1
MOCK09027,COPD_SPIROMETRY,0.011877732812814536,InComm-sourced,True,ablation_v1
MOCK09033,COPD_SPIROMETRY,0.05485770975090193,InComm-sourced,True,ablation_v1
MOCK09039,COPD_SPIROMETRY,0.01895259840438773,InComm-sourced,True,ablation_v1
MOCK09045,COPD_SPIROMETRY,0.017728011123577487,InComm-sourced,True,ablation_v1
MOCK09051,COPD_SPIROMETRY,0.02143250126622195,InComm-sourced,True,ablation_v1
MOCK09057,COPD_SPIROMETRY,0.017059592223982165,InComm-sourced,True,ablation_v1
MOCK09063,COPD_SPIROMETRY,0.026285707458312567,InComm-sourced,True,ablation_v1
MOCK09069,COPD_SPIROMETRY,0.03151080766293691,InComm-sourced,True,ablation_v1
MOCK09075,COPD_SPIROMETRY,0.03512296886368237,InComm-sourced,True,ablation_v1
MOCK09081,COPD_SPIROMETRY,0.021932531321135366,InComm-sourced,True,ablation_v1
MOCK09087,COPD_SPIROMETRY,0.027577781984408543,InComm-sourced,True,ablation_v1
MOCK09093,COPD_SPIROMETRY,0.019963158984516574,InComm-sourced,True,ablation_v1
MOCK09099,COPD_SPIROMETRY,0.028290886364894758,InComm-sourced,True,ablation_v1
MOCK09105,COPD_SPIROMETRY,0.01602273583764235,InComm-sourced,True,ablation_v1
MOCK09111,COPD_SPIROMETRY,0.03387069366166507,InComm-sourced,True,ablation_v1
MOCK09117,COPD_SPIROMETRY,0.01794144733242564,InComm-sourced,True,ablation_v1
MOCK09123,COPD_SPIROMETRY,0.016159680495350152,InComm-sourced,True,ablation_v1
MOCK09129,COPD_SPIROMETRY,0.03475422761835258,InComm-sourced,True,ablation_v1
MOCK09135,COPD_SPIROMETRY,0.012918763964988172,InComm-sourced,True,ablation_v1
MOCK09141,COPD_SPIROMETRY,0.017518484585351237,InComm-sourced,True,ablation_v1
MOCK09147,COPD_SPIROMETRY,0.03043654773110346,InComm-sourced,True,ablation_v1
MOCK09153,COPD_SPIROMETRY,0.01837617111414667,InComm-sourced,True,ablation_v1
MOCK09159,COPD_SPIROMETRY,0.03971606212460411,InComm-sourced,True,ablation_v1
MOCK09165,COPD_SPIROMETRY,0.013331153705511734,InComm-sourced,True,ablation_v1
MOCK09171,COPD_SPIROMETRY,0.011347629986272343,InComm-sourced,True,ablation_v1
MOCK09177,COPD_SPIROMETRY,0.046103854703301604,InComm-sourced,True,ablation_v1
MOCK09183,COPD_SPIROMETRY,0.02236803713938847,InComm-sourced,True,ablation_v1
MOCK09189,COPD_SPIROMETRY,0.016199307638232747,InComm-sourced,True,ablation_v1
MOCK09195,COPD_SPIROMETRY,0.020384919383121865,InComm-sourced,True,ablation_v1
MOCK09201,COPD_SPIROMETRY,0.03750314899749523,InComm-sourced,True,ablation_v1
MOCK09207,COPD_SPIROMETRY,0.040562149142764056,InComm-sourced,True,ablation_v1
MOCK09213,COPD_SPIROMETRY,0.037571951178006525,InComm-sourced,True,ablation_v1
MOCK09219,COPD_SPIROMETRY,0.01723072443632727,InComm-sourced,True,ablation_v1
MOCK09225,COPD_SPIROMETRY,0.010969033337640013,InComm-sourced,True,ablation_v1
MOCK09231,COPD_SPIROMETRY,0.014348213055695277,InComm-sourced,True,ablation_v1
MOCK09237,COPD_SPIROMETRY,0.048819335341419114,InComm-sourced,True,ablation_v1
MOCK09243,COPD_SPIROMETRY,0.02968351391138246,InComm-sourced,True,ablation_v1
MOCK09249,COPD_SPIROMETRY,0.01383432727260852,InComm-sourced,True,ablation_v1
MOCK09255,COPD_SPIROMETRY,0.00998654805414724,InComm-sourced,True,ablation_v1
MOCK09261,COPD_SPIROMETRY,0.010807046841899294,InComm-sourced,True,ablation_v1
MOCK09267,COPD_SPIROMETRY,0.019038872254058117,InComm-sourced,True,ablation_v1
MOCK09273,COPD_SPIROMETRY,0.024722350392245355,InComm-sourced,True,ablation_v1
MOCK09279,COPD_SPIROMETRY,0.03703897590814011,InComm-sourced,True,ablation_v1
MOCK09285,COPD_SPIROMETRY,0.029170496889063667,InComm-sourced,True,ablation_v1
MOCK09291,COPD_SPIROMETRY,0.01953113003459801,InComm-sourced,True,ablation_v1
MOCK09297,COPD_SPIROMETRY,0.037011739215286575,InComm-sourced,True,ablation_v1
MOCK09303,COPD_SPIROMETRY,0.01417108443115115,InComm-sourced,True,ablation_v1
MOCK09309,COPD_SPIROMETRY,0.02271594012880092,InComm-sourced,True,ablation_v1
MOCK09315,COPD_SPIROMETRY,0.029880678103198218,InComm-sourced,True,ablation_v1
MOCK09321,COPD_SPIROMETRY,0.02614304944390159,InComm-sourced,True,ablation_v1
MOCK09327,COPD_SPIROMETRY,0.016133277610163515,InComm-sourced,True,ablation_v1
MOCK09333,COPD_SPIROMETRY,0.022688460025458386,InComm-sourced,True,ablation_v1
MOCK09339,COPD_SPIROMETRY,0.02104797844040124,InComm-sourced,True,ablation_v1
MOCK09345,COPD_SPIROMETRY,0.02774601282428672,InComm-sourced,True,ablation_v1
MOCK09351,COPD_SPIROMETRY,0.009688027364669932,InComm-sourced,True,ablation_v1
MOCK09357,COPD_SPIROMETRY,0.02858055585424536,InComm-sourced,True,ablation_v1
MOCK09363,COPD_SPIROMETRY,0.01753265991978925,InComm-sourced,True,ablation_v1
MOCK09369,COPD_SPIROMETRY,0.022927652671600147,InComm-sourced,True,ablation_v1
MOCK09375,COPD_SPIROMETRY,0.018737262123883724,InComm-sourced,True,ablation_v1
MOCK09381,COPD_SPIROMETRY,0.013650576226674429,InComm-sourced,True,ablation_v1
MOCK09387,COPD_SPIROMETRY,0.00987637663459437,InComm-sourced,True,ablation_v1
MOCK09393,COPD_SPIROMETRY,0.013350011715017705,InComm-sourced,True,ablation_v1
MOCK09399,COPD_SPIROMETRY,0.018933104480519342,InComm-sourced,True,ablation_v1
MOCK09405,COPD_SPIROMETRY,0.015585590945717771,InComm-sourced,True,ablation_v1
MOCK09411,COPD_SPIROMETRY,0.013792517136103992,InComm-sourced,True,ablation_v1
MOCK09417,COPD_SPIROMETRY,0.027751007058714562,InComm-sourced,True,ablation_v1
MOCK09423,COPD_SPIROMETRY,0.014890305163348324,InComm-sourced,True,ablation_v1
MOCK09429,COPD_SPIROMETRY,0.027190444288658477,InComm-sourced,True,ablation_v1
MOCK09435,COPD_SPIROMETRY,0.019225702322724147,InComm-sourced,True,ablation_v1
MOCK09441,COPD_SPIROMETRY,0.021948451536548397,InComm-sourced,True,ablation_v1
MOCK09447,COPD_SPIROMETRY,0.018101322689803974,InComm-sourced,True,ablation_v1
MOCK09453,COPD_SPIROMETRY,0.013927937053976484,InComm-sourced,True,ablation_v1
MOCK09459,COPD_SPIROMETRY,0.02676634229707355,InComm-sourced,True,ablation_v1
MOCK09465,COPD_SPIROMETRY,0.012484884982087234,InComm-sourced,True,ablation_v1
MOCK09471,COPD_SPIROMETRY,0.023419713772987343,InComm-sourced,True,ablation_v1
MOCK09477,COPD_SPIROMETRY,0.016172514348347544,InComm-sourced,True,ablation_v1
MOCK09483,COPD_SPIROMETRY,0.03592208906256562,InComm-sourced,True,ablation_v1
MOCK09489,COPD_SPIROMETRY,0.022278781961460492,InComm-sourced,True,ablation_v1
MOCK09495,COPD_SPIROMETRY,0.012720764111497926,InComm-sourced,True,ablation_v1
MOCK09501,COPD_SPIROMETRY,0.02660293903110349,InComm-sourced,True,ablation_v1
MOCK09507,COPD_SPIROMETRY,0.011976040777109504,InComm-sourced,True,ablation_v1
MOCK09513,COPD_SPIROMETRY,0.018158462523103068,InComm-sourced,True,ablation_v1
MOCK09519,COPD_SPIROMETRY,0.01858684006772426,InComm-sourced,True,ablation_v1
MOCK09525,COPD_SPIROMETRY,0.048313259764119966,InComm-sourced,True,ablation_v1
MOCK09531,COPD_SPIROMETRY,0.0303501898431848,InComm-sourced,True,ablation_v1
MOCK09537,COPD_SPIROMETRY,0.015143552790145575,InComm-sourced,True,ablation_v1
MOCK09543,COPD_SPIROMETRY,0.018173715248527025,InComm-sourced,True,ablation_v1
MOCK09549,COPD_SPIROMETRY,0.01970111242693764,InComm-sourced,True,ablation_v1
MOCK09555,COPD_SPIROMETRY,0.022571152538199926,InComm-sourced,True,ablation_v1
MOCK09561,COPD_SPIROMETRY,0.01899276563608899,InComm-sourced,True,ablation_v1
MOCK09567,COPD_SPIROMETRY,0.023021122894323554,InComm-sourced,True,ablation_v1
MOCK09573,COPD_SPIROMETRY,0.03053649420275886,InComm-sourced,True,ablation_v1
MOCK09579,COPD_SPIROMETRY,0.017105657986261628,InComm-sourced,True,ablation_v1
MOCK09585,COPD_SPIROMETRY,0.03231076821512952,InComm-sourced,True,ablation_v1
MOCK09591,COPD_SPIROMETRY,0.020550501126006402,InComm-sourced,True,ablation_v1
MOCK09597,COPD_SPIROMETRY,0.025327018426319934,InComm-sourced,True,ablation_v1
MOCK09603,COPD_SPIROMETRY,0.01663469922919831,InComm-sourced,True,ablation_v1
MOCK09609,COPD_SPIROMETRY,0.018688128144102045,InComm-sourced,True,ablation_v1
MOCK09615,COPD_SPIROMETRY,0.020982406740966332,InComm-sourced,True,ablation_v1
MOCK09621,COPD_SPIROMETRY,0.019869445511258733,InComm-sourced,True,ablation_v1
MOCK09627,COPD_SPIROMETRY,0.019164536302472467,InComm-sourced,True,ablation_v1
MOCK09633,COPD_SPIROMETRY,0.016364881449841946,InComm-sourced,True,ablation_v1
MOCK09639,COPD_SPIROMETRY,0.030916232297706826,InComm-sourced,True,ablation_v1
MOCK09645,COPD_SPIROMETRY,0.020852403772388284,InComm-sourced,True,ablation_v1
MOCK09651,COPD_SPIROMETRY,0.020530287154616706,InComm-sourced,True,ablation_v1
MOCK09657,COPD_SPIROMETRY,0.028990096101306522,InComm-sourced,True,ablation_v1
MOCK09663,COPD_SPIROMETRY,0.028126388293377293,InComm-sourced,True,ablation_v1
MOCK09669,COPD_SPIROMETRY,0.02171444343051942,InComm-sourced,True,ablation_v1
MOCK09675,COPD_SPIROMETRY,0.016552328839170617,InComm-sourced,True,ablation_v1
MOCK09681,COPD_SPIROMETRY,0.023130876453262398,InComm-sourced,True,ablation_v1
MOCK09687,COPD_SPIROMETRY,0.016907080559803132,InComm-sourced,True,ablation_v1
MOCK09693,COPD_SPIROMETRY,0.037547971552210825,InComm-sourced,True,ablation_v1
MOCK09699,COPD_SPIROMETRY,0.026252997900356533,InComm-sourced,True,ablation_v1
MOCK09705,COPD_SPIROMETRY,0.031971340386165455,InComm-sourced,True,ablation_v1
MOCK09711,COPD_SPIROMETRY,0.03136887744870461,InComm-sourced,True,ablation_v1
MOCK09717,COPD_SPIROMETRY,0.021083291541826737,InComm-sourced,True,ablation_v1
MOCK09723,COPD_SPIROMETRY,0.016605254067278856,InComm-sourced,True,ablation_v1
MOCK09729,COPD_SPIROMETRY,0.019273971558327135,InComm-sourced,True,ablation_v1
MOCK09735,COPD_SPIROMETRY,0.011253115052973984,InComm-sourced,True,ablation_v1
MOCK09741,COPD_SPIROMETRY,0.012163789750852479,InComm-sourced,True,ablation_v1
MOCK09747,COPD_SPIROMETRY,0.023293610707624465,InComm-sourced,True,ablation_v1
MOCK09753,COPD_SPIROMETRY,0.021668612815046003,InComm-sourced,True,ablation_v1
MOCK09759,COPD_SPIROMETRY,0.013920207404432831,InComm-sourced,True,ablation_v1
MOCK09765,COPD_SPIROMETRY,0.024682382016332584,InComm-sourced,True,ablation_v1
MOCK09771,COPD_SPIROMETRY,0.018485096840373267,InComm-sourced,True,ablation_v1
MOCK09777,COPD_SPIROMETRY,0.014714776931095167,InComm-sourced,True,ablation_v1
MOCK09783,COPD_SPIROMETRY,0.019675836408140007,InComm-sourced,True,ablation_v1
MOCK09789,COPD_SPIROMETRY,0.015006403654484584,InComm-sourced,True,ablation_v1
MOCK09795,COPD_SPIROMETRY,0.019833962958348068,InComm-sourced,True,ablation_v1
MOCK09801,COPD_SPIROMETRY,0.024043936092925624,InComm-sourced,True,ablation_v1
MOCK09807,COPD_SPIROMETRY,0.016861080162940096,InComm-sourced,True,ablation_v1
MOCK09813,COPD_SPIROMETRY,0.03191594144467648,InComm-sourced,True,ablation_v1
MOCK09819,COPD_SPIROMETRY,0.030529634276305038,InComm-sourced,True,ablation_v1
MOCK09825,COPD_SPIROMETRY,0.02346913037664544,InComm-sourced,True,ablation_v1
MOCK09831,COPD_SPIROMETRY,0.014899787883621514,InComm-sourced,True,ablation_v1
MOCK09837,COPD_SPIROMETRY,0.012904930943372576,InComm-sourced,True,ablation_v1
MOCK09843,COPD_SPIROMETRY,0.05733915379866517,InComm-sourced,True,ablation_v1
MOCK09849,COPD_SPIROMETRY,0.022045511023846658,InComm-sourced,True,ablation_v1
MOCK09855,COPD_SPIROMETRY,0.041331222296468045,InComm-sourced,True,ablation_v1
MOCK09861,COPD_SPIROMETRY,0.018099701845154716,InComm-sourced,True,ablation_v1
MOCK09867,COPD_SPIROMETRY,0.01743339775143468,InComm-sourced,True,ablation_v1
MOCK09873,COPD_SPIROMETRY,0.017717490579591554,InComm-sourced,True,ablation_v1
MOCK09879,COPD_SPIROMETRY,0.03883342938509074,InComm-sourced,True,ablation_v1
MOCK09885,COPD_SPIROMETRY,0.02139633011339993,InComm-sourced,True,ablation_v1
MOCK09891,COPD_SPIROMETRY,0.030873803932745577,InComm-sourced,True,ablation_v1
MOCK09897,COPD_SPIROMETRY,0.01987369417536653,InComm-sourced,True,ablation_v1
MOCK09903,COPD_SPIROMETRY,0.033191655311991385,InComm-sourced,True,ablation_v1
MOCK09909,COPD_SPIROMETRY,0.034679307786936966,InComm-sourced,True,ablation_v1
MOCK09915,COPD_SPIROMETRY,0.026730206012232874,InComm-sourced,True,ablation_v1
MOCK09921,COPD_SPIROMETRY,0.012428385330535405,InComm-sourced,True,ablation_v1
MOCK09927,COPD_SPIROMETRY,0.03323045805516706,InComm-sourced,True,ablation_v1
MOCK09933,COPD_SPIROMETRY,0.024780722898706933,InComm-sourced,True,ablation_v1
MOCK09939,COPD_SPIROMETRY,0.022493859458116897,InComm-sourced,True,ablation_v1
MOCK09945,COPD_SPIROMETRY,0.011693471771424538,InComm-sourced,True,ablation_v1
MOCK09951,COPD_SPIROMETRY,0.017242025288743777,InComm-sourced,True,ablation_v1
MOCK09957,COPD_SPIROMETRY,0.025078647139212637,InComm-sourced,True,ablation_v1
MOCK09963,COPD_SPIROMETRY,0.015609314478049138,InComm-sourced,True,ablation_v1
MOCK09969,COPD_SPIROMETRY,0.02639002078987945,InComm-sourced,True,ablation_v1
MOCK09975,COPD_SPIROMETRY,0.01069620695275002,InComm-sourced,True,ablation_v1
MOCK09981,COPD_SPIROMETRY,0.023985079887841813,InComm-sourced,True,ablation_v1
MOCK09987,COPD_SPIROMETRY,0.04756582315945852,InComm-sourced,True,ablation_v1
MOCK09993,COPD_SPIROMETRY,0.013923406428082359,InComm-sourced,True,ablation_v1
MOCK09999,COPD_SPIROMETRY,0.03684087085808492,InComm-sourced,True,ablation_v1
MOCK00004,BH_POST_DISCHARGE_7D,0.13651619398970227,InComm-sourced,True,ablation_v1
MOCK00010,BH_POST_DISCHARGE_7D,0.10709700416349638,InComm-sourced,True,ablation_v1
MOCK00016,BH_POST_DISCHARGE_7D,0.121364022049995,InComm-sourced,True,ablation_v1
MOCK00022,BH_POST_DISCHARGE_7D,0.18618317578000296,InComm-sourced,True,ablation_v1
MOCK00028,BH_POST_DISCHARGE_7D,0.13878907446052016,InComm-sourced,True,ablation_v1
MOCK00034,BH_POST_DISCHARGE_7D,0.20076409036651569,InComm-sourced,True,ablation_v1
MOCK00040,BH_POST_DISCHARGE_7D,0.1194651884945917,InComm-sourced,True,ablation_v1
MOCK00046,BH_POST_DISCHARGE_7D,0.10934764659093751,InComm-sourced,True,ablation_v1
MOCK00052,BH_POST_DISCHARGE_7D,0.0918818926758977,InComm-sourced,True,ablation_v1
MOCK00058,BH_POST_DISCHARGE_7D,0.09234226420353864,InComm-sourced,True,ablation_v1
MOCK00064,BH_POST_DISCHARGE_7D,0.16551299370063874,InComm-sourced,True,ablation_v1
MOCK00070,BH_POST_DISCHARGE_7D,0.2560488711669026,InComm-sourced,True,ablation_v1
MOCK00076,BH_POST_DISCHARGE_7D,0.18064524400817847,InComm-sourced,True,ablation_v1
MOCK00082,BH_POST_DISCHARGE_7D,0.1043145601669178,InComm-sourced,True,ablation_v1
MOCK00088,BH_POST_DISCHARGE_7D,0.24391108455182814,InComm-sourced,True,ablation_v1
MOCK00094,BH_POST_DISCHARGE_7D,0.15179516497519072,InComm-sourced,True,ablation_v1
MOCK00100,BH_POST_DISCHARGE_7D,0.11878578251999666,InComm-sourced,True,ablation_v1
MOCK00106,BH_POST_DISCHARGE_7D,0.09933494030637882,InComm-sourced,True,ablation_v1
MOCK00112,BH_POST_DISCHARGE_7D,0.1480183233983306,InComm-sourced,True,ablation_v1
MOCK00118,BH_POST_DISCHARGE_7D,0.08162622072172233,InComm-sourced,True,ablation_v1
MOCK00124,BH_POST_DISCHARGE_7D,0.2241740087563297,InComm-sourced,True,ablation_v1
MOCK00130,BH_POST_DISCHARGE_7D,0.197469165780938,InComm-sourced,True,ablation_v1
MOCK00136,BH_POST_DISCHARGE_7D,0.10704570132919107,InComm-sourced,True,ablation_v1
MOCK00142,BH_POST_DISCHARGE_7D,0.27418193484395414,InComm-sourced,True,ablation_v1
MOCK00148,BH_POST_DISCHARGE_7D,0.17255584410647515,InComm-sourced,True,ablation_v1
MOCK00154,BH_POST_DISCHARGE_7D,0.0940916580695046,InComm-sourced,True,ablation_v1
MOCK00160,BH_POST_DISCHARGE_7D,0.17411307654469885,InComm-sourced,True,ablation_v1
MOCK00166,BH_POST_DISCHARGE_7D,0.3096637408189553,InComm-sourced,True,ablation_v1
MOCK00172,BH_POST_DISCHARGE_7D,0.20494845562550523,InComm-sourced,True,ablation_v1
MOCK00178,BH_POST_DISCHARGE_7D,0.13584276674571485,InComm-sourced,True,ablation_v1
MOCK00184,BH_POST_DISCHARGE_7D,0.1867027351963245,InComm-sourced,True,ablation_v1
MOCK00190,BH_POST_DISCHARGE_7D,0.13577780249109325,InComm-sourced,True,ablation_v1
MOCK00196,BH_POST_DISCHARGE_7D,0.07265563789352059,InComm-sourced,True,ablation_v1
MOCK00202,BH_POST_DISCHARGE_7D,0.10008574656151761,InComm-sourced,True,ablation_v1
MOCK00208,BH_POST_DISCHARGE_7D,0.13565159425242262,InComm-sourced,True,ablation_v1
MOCK00214,BH_POST_DISCHARGE_7D,0.2533335256642301,InComm-sourced,True,ablation_v1
MOCK00220,BH_POST_DISCHARGE_7D,0.0936116438386815,InComm-sourced,True,ablation_v1
MOCK00226,BH_POST_DISCHARGE_7D,0.0675425040052909,InComm-sourced,True,ablation_v1
MOCK00232,BH_POST_DISCHARGE_7D,0.11077657287504998,InComm-sourced,True,ablation_v1
MOCK00238,BH_POST_DISCHARGE_7D,0.13424309034669926,InComm-sourced,True,ablation_v1
MOCK00244,BH_POST_DISCHARGE_7D,0.08583243470246532,InComm-sourced,True,ablation_v1
MOCK00250,BH_POST_DISCHARGE_7D,0.11466440564155593,InComm-sourced,True,ablation_v1
MOCK00256,BH_POST_DISCHARGE_7D,0.22118766564814296,InComm-sourced,True,ablation_v1
MOCK00262,BH_POST_DISCHARGE_7D,0.1591905961444642,InComm-sourced,True,ablation_v1
MOCK00268,BH_POST_DISCHARGE_7D,0.27589210707027695,InComm-sourced,True,ablation_v1
MOCK00274,BH_POST_DISCHARGE_7D,0.136993362050201,InComm-sourced,True,ablation_v1
MOCK00280,BH_POST_DISCHARGE_7D,0.21306859624305605,InComm-sourced,True,ablation_v1
MOCK00286,BH_POST_DISCHARGE_7D,0.07182655551878717,InComm-sourced,True,ablation_v1
MOCK00292,BH_POST_DISCHARGE_7D,0.10387978149750676,InComm-sourced,True,ablation_v1
MOCK00298,BH_POST_DISCHARGE_7D,0.08640064241832517,InComm-sourced,True,ablation_v1
MOCK00304,BH_POST_DISCHARGE_7D,0.10701455309407662,InComm-sourced,True,ablation_v1
MOCK00310,BH_POST_DISCHARGE_7D,0.11140475924817694,InComm-sourced,True,ablation_v1
MOCK00316,BH_POST_DISCHARGE_7D,0.13254985863688876,InComm-sourced,True,ablation_v1
MOCK00322,BH_POST_DISCHARGE_7D,0.16897771751826693,InComm-sourced,True,ablation_v1
MOCK00328,BH_POST_DISCHARGE_7D,0.12826357750466985,InComm-sourced,True,ablation_v1
MOCK00334,BH_POST_DISCHARGE_7D,0.19388020494924277,InComm-sourced,True,ablation_v1
MOCK00340,BH_POST_DISCHARGE_7D,0.13638450691337559,InComm-sourced,True,ablation_v1
MOCK00346,BH_POST_DISCHARGE_7D,0.06783437586409485,InComm-sourced,True,ablation_v1
MOCK00352,BH_POST_DISCHARGE_7D,0.151648209371093,InComm-sourced,True,ablation_v1
MOCK00358,BH_POST_DISCHARGE_7D,0.13020027404170065,InComm-sourced,True,ablation_v1
MOCK00364,BH_POST_DISCHARGE_7D,0.20447166123553814,InComm-sourced,True,ablation_v1
MOCK00370,BH_POST_DISCHARGE_7D,0.08252155429229398,InComm-sourced,True,ablation_v1
MOCK00376,BH_POST_DISCHARGE_7D,0.12374166187082904,InComm-sourced,True,ablation_v1
MOCK00382,BH_POST_DISCHARGE_7D,0.1165698822370475,InComm-sourced,True,ablation_v1
MOCK00388,BH_POST_DISCHARGE_7D,0.11311947994115652,InComm-sourced,True,ablation_v1
MOCK00394,BH_POST_DISCHARGE_7D,0.11006207845721615,InComm-sourced,True,ablation_v1
MOCK00400,BH_POST_DISCHARGE_7D,0.24339762902156686,InComm-sourced,True,ablation_v1
MOCK00406,BH_POST_DISCHARGE_7D,0.20221225027844808,InComm-sourced,True,ablation_v1
MOCK00412,BH_POST_DISCHARGE_7D,0.13068995653049828,InComm-sourced,True,ablation_v1
MOCK00418,BH_POST_DISCHARGE_7D,0.15704387126360955,InComm-sourced,True,ablation_v1
MOCK00424,BH_POST_DISCHARGE_7D,0.14003333105749355,InComm-sourced,True,ablation_v1
MOCK00430,BH_POST_DISCHARGE_7D,0.2466309753165667,InComm-sourced,True,ablation_v1
MOCK00436,BH_POST_DISCHARGE_7D,0.09582322534553693,InComm-sourced,True,ablation_v1
MOCK00442,BH_POST_DISCHARGE_7D,0.059539743374369306,InComm-sourced,True,ablation_v1
MOCK00448,BH_POST_DISCHARGE_7D,0.14863219674211794,InComm-sourced,True,ablation_v1
MOCK00454,BH_POST_DISCHARGE_7D,0.12347749552042357,InComm-sourced,True,ablation_v1
MOCK00460,BH_POST_DISCHARGE_7D,0.24015535602980564,InComm-sourced,True,ablation_v1
MOCK00466,BH_POST_DISCHARGE_7D,0.09972174823687557,InComm-sourced,True,ablation_v1
MOCK00472,BH_POST_DISCHARGE_7D,0.15741706250009713,InComm-sourced,True,ablation_v1
MOCK00478,BH_POST_DISCHARGE_7D,0.3039773787421493,InComm-sourced,True,ablation_v1
MOCK00484,BH_POST_DISCHARGE_7D,0.13147158367246176,InComm-sourced,True,ablation_v1
MOCK00490,BH_POST_DISCHARGE_7D,0.12384553645490773,InComm-sourced,True,ablation_v1
MOCK00496,BH_POST_DISCHARGE_7D,0.07707895593146068,InComm-sourced,True,ablation_v1
MOCK00502,BH_POST_DISCHARGE_7D,0.07560764495391661,InComm-sourced,True,ablation_v1
MOCK00508,BH_POST_DISCHARGE_7D,0.06350434244390864,InComm-sourced,True,ablation_v1
MOCK00514,BH_POST_DISCHARGE_7D,0.1948309628200549,InComm-sourced,True,ablation_v1
MOCK00520,BH_POST_DISCHARGE_7D,0.10902217008960112,InComm-sourced,True,ablation_v1
MOCK00526,BH_POST_DISCHARGE_7D,0.10144172293566078,InComm-sourced,True,ablation_v1
MOCK00532,BH_POST_DISCHARGE_7D,0.2075066200253733,InComm-sourced,True,ablation_v1
MOCK00538,BH_POST_DISCHARGE_7D,0.0995555888708604,InComm-sourced,True,ablation_v1
MOCK00544,BH_POST_DISCHARGE_7D,0.32432962281079636,InComm-sourced,True,ablation_v1
MOCK00550,BH_POST_DISCHARGE_7D,0.0787508575164471,InComm-sourced,True,ablation_v1
MOCK00556,BH_POST_DISCHARGE_7D,0.09992790246828988,InComm-sourced,True,ablation_v1
MOCK00562,BH_POST_DISCHARGE_7D,0.13258025257717812,InComm-sourced,True,ablation_v1
MOCK00568,BH_POST_DISCHARGE_7D,0.19967245546807788,InComm-sourced,True,ablation_v1
MOCK00574,BH_POST_DISCHARGE_7D,0.14328300940852248,InComm-sourced,True,ablation_v1
MOCK00580,BH_POST_DISCHARGE_7D,0.24592879856881797,InComm-sourced,True,ablation_v1
MOCK00586,BH_POST_DISCHARGE_7D,0.07339470996689113,InComm-sourced,True,ablation_v1
MOCK00592,BH_POST_DISCHARGE_7D,0.17663635664541064,InComm-sourced,True,ablation_v1
MOCK00598,BH_POST_DISCHARGE_7D,0.18100237046996492,InComm-sourced,True,ablation_v1
MOCK00604,BH_POST_DISCHARGE_7D,0.09600534586382638,InComm-sourced,True,ablation_v1
MOCK00610,BH_POST_DISCHARGE_7D,0.051343229255979304,InComm-sourced,True,ablation_v1
MOCK00616,BH_POST_DISCHARGE_7D,0.09613201301546678,InComm-sourced,True,ablation_v1
MOCK00622,BH_POST_DISCHARGE_7D,0.16649650599799531,InComm-sourced,True,ablation_v1
MOCK00628,BH_POST_DISCHARGE_7D,0.1371336416197198,InComm-sourced,True,ablation_v1
MOCK00634,BH_POST_DISCHARGE_7D,0.07893718648977491,InComm-sourced,True,ablation_v1
MOCK00640,BH_POST_DISCHARGE_7D,0.24268750445346662,InComm-sourced,True,ablation_v1
MOCK00646,BH_POST_DISCHARGE_7D,0.07768772480504346,InComm-sourced,True,ablation_v1
MOCK00652,BH_POST_DISCHARGE_7D,0.14451894475211857,InComm-sourced,True,ablation_v1
MOCK00658,BH_POST_DISCHARGE_7D,0.164432045388861,InComm-sourced,True,ablation_v1
MOCK00664,BH_POST_DISCHARGE_7D,0.09561793671216057,InComm-sourced,True,ablation_v1
MOCK00670,BH_POST_DISCHARGE_7D,0.10951097816093419,InComm-sourced,True,ablation_v1
MOCK00676,BH_POST_DISCHARGE_7D,0.06241832797538132,InComm-sourced,True,ablation_v1
MOCK00682,BH_POST_DISCHARGE_7D,0.21135577982687284,InComm-sourced,True,ablation_v1
MOCK00688,BH_POST_DISCHARGE_7D,0.08489409623184957,InComm-sourced,True,ablation_v1
MOCK00694,BH_POST_DISCHARGE_7D,0.20172224820736073,InComm-sourced,True,ablation_v1
MOCK00700,BH_POST_DISCHARGE_7D,0.07741848751751695,InComm-sourced,True,ablation_v1
MOCK00706,BH_POST_DISCHARGE_7D,0.10252246340349977,InComm-sourced,True,ablation_v1
MOCK00712,BH_POST_DISCHARGE_7D,0.20354380130580588,InComm-sourced,True,ablation_v1
MOCK00718,BH_POST_DISCHARGE_7D,0.1683329284180773,InComm-sourced,True,ablation_v1
MOCK00724,BH_POST_DISCHARGE_7D,0.15501180436451908,InComm-sourced,True,ablation_v1
MOCK00730,BH_POST_DISCHARGE_7D,0.09091028904366397,InComm-sourced,True,ablation_v1
MOCK00736,BH_POST_DISCHARGE_7D,0.32142012562959094,InComm-sourced,True,ablation_v1
MOCK00742,BH_POST_DISCHARGE_7D,0.08537255932435715,InComm-sourced,True,ablation_v1
MOCK00748,BH_POST_DISCHARGE_7D,0.33443684851738237,InComm-sourced,True,ablation_v1
MOCK00754,BH_POST_DISCHARGE_7D,0.1301829324158625,InComm-sourced,True,ablation_v1
MOCK00760,BH_POST_DISCHARGE_7D,0.19900540266537028,InComm-sourced,True,ablation_v1
MOCK00766,BH_POST_DISCHARGE_7D,0.19819042771836712,InComm-sourced,True,ablation_v1
MOCK00772,BH_POST_DISCHARGE_7D,0.1448103027886135,InComm-sourced,True,ablation_v1
MOCK00778,BH_POST_DISCHARGE_7D,0.10928495321968318,InComm-sourced,True,ablation_v1
MOCK00784,BH_POST_DISCHARGE_7D,0.18185210127328222,InComm-sourced,True,ablation_v1
MOCK00790,BH_POST_DISCHARGE_7D,0.15463674921792112,InComm-sourced,True,ablation_v1
MOCK00796,BH_POST_DISCHARGE_7D,0.12736935020057788,InComm-sourced,True,ablation_v1
MOCK00802,BH_POST_DISCHARGE_7D,0.21230576038186677,InComm-sourced,True,ablation_v1
MOCK00808,BH_POST_DISCHARGE_7D,0.09259556232545113,InComm-sourced,True,ablation_v1
MOCK00814,BH_POST_DISCHARGE_7D,0.12756424305942862,InComm-sourced,True,ablation_v1
MOCK00820,BH_POST_DISCHARGE_7D,0.11264522842331373,InComm-sourced,True,ablation_v1
MOCK00826,BH_POST_DISCHARGE_7D,0.12049742413969168,InComm-sourced,True,ablation_v1
MOCK00832,BH_POST_DISCHARGE_7D,0.12608026133057623,InComm-sourced,True,ablation_v1
MOCK00838,BH_POST_DISCHARGE_7D,0.15163940333642267,InComm-sourced,True,ablation_v1
MOCK00844,BH_POST_DISCHARGE_7D,0.1201456833489176,InComm-sourced,True,ablation_v1
MOCK00850,BH_POST_DISCHARGE_7D,0.08207231221862041,InComm-sourced,True,ablation_v1
MOCK00856,BH_POST_DISCHARGE_7D,0.14841777145378307,InComm-sourced,True,ablation_v1
MOCK00862,BH_POST_DISCHARGE_7D,0.24171349732524405,InComm-sourced,True,ablation_v1
MOCK00868,BH_POST_DISCHARGE_7D,0.15962007506048195,InComm-sourced,True,ablation_v1
MOCK00874,BH_POST_DISCHARGE_7D,0.1433891574313883,InComm-sourced,True,ablation_v1
MOCK00880,BH_POST_DISCHARGE_7D,0.09676596464774695,InComm-sourced,True,ablation_v1
MOCK00886,BH_POST_DISCHARGE_7D,0.12023703332448368,InComm-sourced,True,ablation_v1
MOCK00892,BH_POST_DISCHARGE_7D,0.10791788662946444,InComm-sourced,True,ablation_v1
MOCK00898,BH_POST_DISCHARGE_7D,0.33419462976755326,InComm-sourced,True,ablation_v1
MOCK00904,BH_POST_DISCHARGE_7D,0.24065286833930546,InComm-sourced,True,ablation_v1
MOCK00910,BH_POST_DISCHARGE_7D,0.14537942286943317,InComm-sourced,True,ablation_v1
MOCK00916,BH_POST_DISCHARGE_7D,0.09647583461232846,InComm-sourced,True,ablation_v1
MOCK00922,BH_POST_DISCHARGE_7D,0.08626648500412601,InComm-sourced,True,ablation_v1
MOCK00928,BH_POST_DISCHARGE_7D,0.16706402976022894,InComm-sourced,True,ablation_v1
MOCK00934,BH_POST_DISCHARGE_7D,0.09287109046850792,InComm-sourced,True,ablation_v1
MOCK00940,BH_POST_DISCHARGE_7D,0.13950955381180935,InComm-sourced,True,ablation_v1
MOCK00946,BH_POST_DISCHARGE_7D,0.10010449927692311,InComm-sourced,True,ablation_v1
MOCK00952,BH_POST_DISCHARGE_7D,0.17879877956892223,InComm-sourced,True,ablation_v1
MOCK00958,BH_POST_DISCHARGE_7D,0.12412940377619518,InComm-sourced,True,ablation_v1
MOCK00964,BH_POST_DISCHARGE_7D,0.13802161926581474,InComm-sourced,True,ablation_v1
MOCK00970,BH_POST_DISCHARGE_7D,0.06823644648334004,InComm-sourced,True,ablation_v1
MOCK00976,BH_POST_DISCHARGE_7D,0.07662996893809179,InComm-sourced,True,ablation_v1
MOCK00982,BH_POST_DISCHARGE_7D,0.05048092689063895,InComm-sourced,True,ablation_v1
MOCK00988,BH_POST_DISCHARGE_7D,0.21305342565048452,InComm-sourced,True,ablation_v1
MOCK00994,BH_POST_DISCHARGE_7D,0.1819569857947178,InComm-sourced,True,ablation_v1
MOCK01000,BH_POST_DISCHARGE_7D,0.20694302254730818,InComm-sourced,True,ablation_v1
MOCK01006,BH_POST_DISCHARGE_7D,0.10193337104903798,InComm-sourced,True,ablation_v1
MOCK01012,BH_POST_DISCHARGE_7D,0.1315083893006945,InComm-sourced,True,ablation_v1
MOCK01018,BH_POST_DISCHARGE_7D,0.07980975447530737,InComm-sourced,True,ablation_v1
MOCK01024,BH_POST_DISCHARGE_7D,0.3029941141409045,InComm-sourced,True,ablation_v1
MOCK01030,BH_POST_DISCHARGE_7D,0.08267454787615523,InComm-sourced,True,ablation_v1
MOCK01036,BH_POST_DISCHARGE_7D,0.23578274385787515,InComm-sourced,True,ablation_v1
MOCK01042,BH_POST_DISCHARGE_7D,0.07087911784236485,InComm-sourced,True,ablation_v1
MOCK01048,BH_POST_DISCHARGE_7D,0.26492269642205774,InComm-sourced,True,ablation_v1
MOCK01054,BH_POST_DISCHARGE_7D,0.13760346963778416,InComm-sourced,True,ablation_v1
MOCK01060,BH_POST_DISCHARGE_7D,0.08122383846615397,InComm-sourced,True,ablation_v1
MOCK01066,BH_POST_DISCHARGE_7D,0.08056393987187875,InComm-sourced,True,ablation_v1
MOCK01072,BH_POST_DISCHARGE_7D,0.21796795268729752,InComm-sourced,True,ablation_v1
MOCK01078,BH_POST_DISCHARGE_7D,0.29877557155195017,InComm-sourced,True,ablation_v1
MOCK01084,BH_POST_DISCHARGE_7D,0.09905838048251484,InComm-sourced,True,ablation_v1
MOCK01090,BH_POST_DISCHARGE_7D,0.07252628987648978,InComm-sourced,True,ablation_v1
MOCK01096,BH_POST_DISCHARGE_7D,0.18148770764305333,InComm-sourced,True,ablation_v1
MOCK01102,BH_POST_DISCHARGE_7D,0.05966371881556015,InComm-sourced,True,ablation_v1
MOCK01108,BH_POST_DISCHARGE_7D,0.2027610467618859,InComm-sourced,True,ablation_v1
MOCK01114,BH_POST_DISCHARGE_7D,0.1099392368699283,InComm-sourced,True,ablation_v1
MOCK01120,BH_POST_DISCHARGE_7D,0.036615631263146146,InComm-sourced,True,ablation_v1
MOCK01126,BH_POST_DISCHARGE_7D,0.08110593714108025,InComm-sourced,True,ablation_v1
MOCK01132,BH_POST_DISCHARGE_7D,0.22837132369234475,InComm-sourced,True,ablation_v1
MOCK01138,BH_POST_DISCHARGE_7D,0.15430993689421924,InComm-sourced,True,ablation_v1
MOCK01144,BH_POST_DISCHARGE_7D,0.1753221856028318,InComm-sourced,True,ablation_v1
MOCK01150,BH_POST_DISCHARGE_7D,0.10363383834125646,InComm-sourced,True,ablation_v1
MOCK01156,BH_POST_DISCHARGE_7D,0.09776363751796899,InComm-sourced,True,ablation_v1
MOCK01162,BH_POST_DISCHARGE_7D,0.08096934688465522,InComm-sourced,True,ablation_v1
MOCK01168,BH_POST_DISCHARGE_7D,0.11586424794451375,InComm-sourced,True,ablation_v1
MOCK01174,BH_POST_DISCHARGE_7D,0.22096014536714476,InComm-sourced,True,ablation_v1
MOCK01180,BH_POST_DISCHARGE_7D,0.08226665696579606,InComm-sourced,True,ablation_v1
MOCK01186,BH_POST_DISCHARGE_7D,0.18119336938274086,InComm-sourced,True,ablation_v1
MOCK01192,BH_POST_DISCHARGE_7D,0.14156333649894035,InComm-sourced,True,ablation_v1
MOCK01198,BH_POST_DISCHARGE_7D,0.2641377857409224,InComm-sourced,True,ablation_v1
MOCK01204,BH_POST_DISCHARGE_7D,0.2155871223253139,InComm-sourced,True,ablation_v1
MOCK01210,BH_POST_DISCHARGE_7D,0.08566185538869035,InComm-sourced,True,ablation_v1
MOCK01216,BH_POST_DISCHARGE_7D,0.17277929050056962,InComm-sourced,True,ablation_v1
MOCK01222,BH_POST_DISCHARGE_7D,0.14991647056110957,InComm-sourced,True,ablation_v1
MOCK01228,BH_POST_DISCHARGE_7D,0.32305381182577275,InComm-sourced,True,ablation_v1
MOCK01234,BH_POST_DISCHARGE_7D,0.2159653849475586,InComm-sourced,True,ablation_v1
MOCK01240,BH_POST_DISCHARGE_7D,0.1455714182807061,InComm-sourced,True,ablation_v1
MOCK01246,BH_POST_DISCHARGE_7D,0.15191590182633327,InComm-sourced,True,ablation_v1
MOCK01252,BH_POST_DISCHARGE_7D,0.1631554567015271,InComm-sourced,True,ablation_v1
MOCK01258,BH_POST_DISCHARGE_7D,0.11212901904042855,InComm-sourced,True,ablation_v1
MOCK01264,BH_POST_DISCHARGE_7D,0.13272293170030908,InComm-sourced,True,ablation_v1
MOCK01270,BH_POST_DISCHARGE_7D,0.19246759570914904,InComm-sourced,True,ablation_v1
MOCK01276,BH_POST_DISCHARGE_7D,0.07151045153334719,InComm-sourced,True,ablation_v1
MOCK01282,BH_POST_DISCHARGE_7D,0.10875115847385752,InComm-sourced,True,ablation_v1
MOCK01288,BH_POST_DISCHARGE_7D,0.18229664141712146,InComm-sourced,True,ablation_v1
MOCK01294,BH_POST_DISCHARGE_7D,0.11920362431216673,InComm-sourced,True,ablation_v1
MOCK01300,BH_POST_DISCHARGE_7D,0.286760881868466,InComm-sourced,True,ablation_v1
MOCK01306,BH_POST_DISCHARGE_7D,0.16270325422991266,InComm-sourced,True,ablation_v1
MOCK01312,BH_POST_DISCHARGE_7D,0.11783770138162968,InComm-sourced,True,ablation_v1
MOCK01318,BH_POST_DISCHARGE_7D,0.09599533282087588,InComm-sourced,True,ablation_v1
MOCK01324,BH_POST_DISCHARGE_7D,0.12583773257874784,InComm-sourced,True,ablation_v1
MOCK01330,BH_POST_DISCHARGE_7D,0.18504163844175556,InComm-sourced,True,ablation_v1
MOCK01336,BH_POST_DISCHARGE_7D,0.17714121991806542,InComm-sourced,True,ablation_v1
MOCK01342,BH_POST_DISCHARGE_7D,0.22976326619676066,InComm-sourced,True,ablation_v1
MOCK01348,BH_POST_DISCHARGE_7D,0.13204218977148033,InComm-sourced,True,ablation_v1
MOCK01354,BH_POST_DISCHARGE_7D,0.18471655492889819,InComm-sourced,True,ablation_v1
MOCK01360,BH_POST_DISCHARGE_7D,0.07754437055464657,InComm-sourced,True,ablation_v1
MOCK01366,BH_POST_DISCHARGE_7D,0.1290416340064451,InComm-sourced,True,ablation_v1
MOCK01372,BH_POST_DISCHARGE_7D,0.1299311560523878,InComm-sourced,True,ablation_v1
MOCK01378,BH_POST_DISCHARGE_7D,0.09051421913519173,InComm-sourced,True,ablation_v1
MOCK01384,BH_POST_DISCHARGE_7D,0.16468214312047863,InComm-sourced,True,ablation_v1
MOCK01390,BH_POST_DISCHARGE_7D,0.0719783163608486,InComm-sourced,True,ablation_v1
MOCK01396,BH_POST_DISCHARGE_7D,0.11537172839022053,InComm-sourced,True,ablation_v1
MOCK01402,BH_POST_DISCHARGE_7D,0.14417648911397324,InComm-sourced,True,ablation_v1
MOCK01408,BH_POST_DISCHARGE_7D,0.2707488229065285,InComm-sourced,True,ablation_v1
MOCK01414,BH_POST_DISCHARGE_7D,0.13994004122501583,InComm-sourced,True,ablation_v1
MOCK01420,BH_POST_DISCHARGE_7D,0.14067572168826065,InComm-sourced,True,ablation_v1
MOCK01426,BH_POST_DISCHARGE_7D,0.11161587278040863,InComm-sourced,True,ablation_v1
MOCK01432,BH_POST_DISCHARGE_7D,0.2199145300913889,InComm-sourced,True,ablation_v1
MOCK01438,BH_POST_DISCHARGE_7D,0.17145431012174395,InComm-sourced,True,ablation_v1
MOCK01444,BH_POST_DISCHARGE_7D,0.18510135319764906,InComm-sourced,True,ablation_v1
MOCK01450,BH_POST_DISCHARGE_7D,0.16392356194808294,InComm-sourced,True,ablation_v1
MOCK01456,BH_POST_DISCHARGE_7D,0.13498793334501732,InComm-sourced,True,ablation_v1
MOCK01462,BH_POST_DISCHARGE_7D,0.4410872039393398,InComm-sourced,True,ablation_v1
MOCK01468,BH_POST_DISCHARGE_7D,0.08121961491402373,InComm-sourced,True,ablation_v1
MOCK01474,BH_POST_DISCHARGE_7D,0.08924889505806331,InComm-sourced,True,ablation_v1
MOCK01480,BH_POST_DISCHARGE_7D,0.058697999202453346,InComm-sourced,True,ablation_v1
MOCK01486,BH_POST_DISCHARGE_7D,0.10934634912231943,InComm-sourced,True,ablation_v1
MOCK01492,BH_POST_DISCHARGE_7D,0.08510681824052352,InComm-sourced,True,ablation_v1
MOCK01498,BH_POST_DISCHARGE_7D,0.12649978711617044,InComm-sourced,True,ablation_v1
MOCK01504,BH_POST_DISCHARGE_7D,0.17520983108641275,InComm-sourced,True,ablation_v1
MOCK01510,BH_POST_DISCHARGE_7D,0.11404914853075779,InComm-sourced,True,ablation_v1
MOCK01516,BH_POST_DISCHARGE_7D,0.12438434037194303,InComm-sourced,True,ablation_v1
MOCK01522,BH_POST_DISCHARGE_7D,0.18422931141816856,InComm-sourced,True,ablation_v1
MOCK01528,BH_POST_DISCHARGE_7D,0.16627676514861345,InComm-sourced,True,ablation_v1
MOCK01534,BH_POST_DISCHARGE_7D,0.13975743238356264,InComm-sourced,True,ablation_v1
MOCK01540,BH_POST_DISCHARGE_7D,0.13487288862317234,InComm-sourced,True,ablation_v1
MOCK01546,BH_POST_DISCHARGE_7D,0.08868541684206828,InComm-sourced,True,ablation_v1
MOCK01552,BH_POST_DISCHARGE_7D,0.1156062990451208,InComm-sourced,True,ablation_v1
MOCK01558,BH_POST_DISCHARGE_7D,0.1734242002917403,InComm-sourced,True,ablation_v1
MOCK01564,BH_POST_DISCHARGE_7D,0.1583352643119702,InComm-sourced,True,ablation_v1
MOCK01570,BH_POST_DISCHARGE_7D,0.045278630110704904,InComm-sourced,True,ablation_v1
MOCK01576,BH_POST_DISCHARGE_7D,0.1498735791329712,InComm-sourced,True,ablation_v1
MOCK01582,BH_POST_DISCHARGE_7D,0.10939505449777459,InComm-sourced,True,ablation_v1
MOCK01588,BH_POST_DISCHARGE_7D,0.20189775151388714,InComm-sourced,True,ablation_v1
MOCK01594,BH_POST_DISCHARGE_7D,0.08919642304603363,InComm-sourced,True,ablation_v1
MOCK01600,BH_POST_DISCHARGE_7D,0.20839712284848244,InComm-sourced,True,ablation_v1
MOCK01606,BH_POST_DISCHARGE_7D,0.06517454543208878,InComm-sourced,True,ablation_v1
MOCK01612,BH_POST_DISCHARGE_7D,0.21501078366757184,InComm-sourced,True,ablation_v1
MOCK01618,BH_POST_DISCHARGE_7D,0.1332955395101397,InComm-sourced,True,ablation_v1
MOCK01624,BH_POST_DISCHARGE_7D,0.30656366498573767,InComm-sourced,True,ablation_v1
MOCK01630,BH_POST_DISCHARGE_7D,0.15783923630611343,InComm-sourced,True,ablation_v1
MOCK01636,BH_POST_DISCHARGE_7D,0.11749190999755427,InComm-sourced,True,ablation_v1
MOCK01642,BH_POST_DISCHARGE_7D,0.09192871861707533,InComm-sourced,True,ablation_v1
MOCK01648,BH_POST_DISCHARGE_7D,0.08189478818138296,InComm-sourced,True,ablation_v1
MOCK01654,BH_POST_DISCHARGE_7D,0.153956474979579,InComm-sourced,True,ablation_v1
MOCK01660,BH_POST_DISCHARGE_7D,0.1277350008333692,InComm-sourced,True,ablation_v1
MOCK01666,BH_POST_DISCHARGE_7D,0.12162784742674886,InComm-sourced,True,ablation_v1
MOCK01672,BH_POST_DISCHARGE_7D,0.07167939603827991,InComm-sourced,True,ablation_v1
MOCK01678,BH_POST_DISCHARGE_7D,0.10614227693864668,InComm-sourced,True,ablation_v1
MOCK01684,BH_POST_DISCHARGE_7D,0.19506156933541563,InComm-sourced,True,ablation_v1
MOCK01690,BH_POST_DISCHARGE_7D,0.1286689971978272,InComm-sourced,True,ablation_v1
MOCK01696,BH_POST_DISCHARGE_7D,0.20844738599124735,InComm-sourced,True,ablation_v1
MOCK01702,BH_POST_DISCHARGE_7D,0.12172373181525944,InComm-sourced,True,ablation_v1
MOCK01708,BH_POST_DISCHARGE_7D,0.2742532455594564,InComm-sourced,True,ablation_v1
MOCK01714,BH_POST_DISCHARGE_7D,0.09907016990907432,InComm-sourced,True,ablation_v1
MOCK01720,BH_POST_DISCHARGE_7D,0.11452160126928568,InComm-sourced,True,ablation_v1
MOCK01726,BH_POST_DISCHARGE_7D,0.06287977311494872,InComm-sourced,True,ablation_v1
MOCK01732,BH_POST_DISCHARGE_7D,0.10274769557913482,InComm-sourced,True,ablation_v1
MOCK01738,BH_POST_DISCHARGE_7D,0.1297288155736615,InComm-sourced,True,ablation_v1
MOCK01744,BH_POST_DISCHARGE_7D,0.10030459364501526,InComm-sourced,True,ablation_v1
MOCK01750,BH_POST_DISCHARGE_7D,0.15920602472102002,InComm-sourced,True,ablation_v1
MOCK01756,BH_POST_DISCHARGE_7D,0.14719445296109937,InComm-sourced,True,ablation_v1
MOCK01762,BH_POST_DISCHARGE_7D,0.2208658094321205,InComm-sourced,True,ablation_v1
MOCK01768,BH_POST_DISCHARGE_7D,0.15533825568592455,InComm-sourced,True,ablation_v1
MOCK01774,BH_POST_DISCHARGE_7D,0.1268693677360338,InComm-sourced,True,ablation_v1
MOCK01780,BH_POST_DISCHARGE_7D,0.16434865147853342,InComm-sourced,True,ablation_v1
MOCK01786,BH_POST_DISCHARGE_7D,0.10885417366864573,InComm-sourced,True,ablation_v1
MOCK01792,BH_POST_DISCHARGE_7D,0.31472170280762557,InComm-sourced,True,ablation_v1
MOCK01798,BH_POST_DISCHARGE_7D,0.10650386452062324,InComm-sourced,True,ablation_v1
MOCK01804,BH_POST_DISCHARGE_7D,0.21366938324488946,InComm-sourced,True,ablation_v1
MOCK01810,BH_POST_DISCHARGE_7D,0.11088825426604947,InComm-sourced,True,ablation_v1
MOCK01816,BH_POST_DISCHARGE_7D,0.26024079670574396,InComm-sourced,True,ablation_v1
MOCK01822,BH_POST_DISCHARGE_7D,0.14338491976220685,InComm-sourced,True,ablation_v1
MOCK01828,BH_POST_DISCHARGE_7D,0.08818928449703002,InComm-sourced,True,ablation_v1
MOCK01834,BH_POST_DISCHARGE_7D,0.2716362449198179,InComm-sourced,True,ablation_v1
MOCK01840,BH_POST_DISCHARGE_7D,0.09090127022070622,InComm-sourced,True,ablation_v1
MOCK01846,BH_POST_DISCHARGE_7D,0.04993027623767206,InComm-sourced,True,ablation_v1
MOCK01852,BH_POST_DISCHARGE_7D,0.11741122297670374,InComm-sourced,True,ablation_v1
MOCK01858,BH_POST_DISCHARGE_7D,0.14465040937101445,InComm-sourced,True,ablation_v1
MOCK01864,BH_POST_DISCHARGE_7D,0.09855299615629877,InComm-sourced,True,ablation_v1
MOCK01870,BH_POST_DISCHARGE_7D,0.1324919811806616,InComm-sourced,True,ablation_v1
MOCK01876,BH_POST_DISCHARGE_7D,0.13836205024267562,InComm-sourced,True,ablation_v1
MOCK01882,BH_POST_DISCHARGE_7D,0.06728104944314375,InComm-sourced,True,ablation_v1
MOCK01888,BH_POST_DISCHARGE_7D,0.05959110969250675,InComm-sourced,True,ablation_v1
MOCK01894,BH_POST_DISCHARGE_7D,0.07971741178560017,InComm-sourced,True,ablation_v1
MOCK01900,BH_POST_DISCHARGE_7D,0.18232656298746244,InComm-sourced,True,ablation_v1
MOCK01906,BH_POST_DISCHARGE_7D,0.09798329519973831,InComm-sourced,True,ablation_v1
MOCK01912,BH_POST_DISCHARGE_7D,0.22033346951213442,InComm-sourced,True,ablation_v1
MOCK01918,BH_POST_DISCHARGE_7D,0.138756271172187,InComm-sourced,True,ablation_v1
MOCK01924,BH_POST_DISCHARGE_7D,0.13935874368605575,InComm-sourced,True,ablation_v1
MOCK01930,BH_POST_DISCHARGE_7D,0.12060831341882369,InComm-sourced,True,ablation_v1
MOCK01936,BH_POST_DISCHARGE_7D,0.07790788515059854,InComm-sourced,True,ablation_v1
MOCK01942,BH_POST_DISCHARGE_7D,0.3064506062075025,InComm-sourced,True,ablation_v1
MOCK01948,BH_POST_DISCHARGE_7D,0.1177044247446261,InComm-sourced,True,ablation_v1
MOCK01954,BH_POST_DISCHARGE_7D,0.10391986962369379,InComm-sourced,True,ablation_v1
MOCK01960,BH_POST_DISCHARGE_7D,0.08057304485506511,InComm-sourced,True,ablation_v1
MOCK01966,BH_POST_DISCHARGE_7D,0.13154434706429868,InComm-sourced,True,ablation_v1
MOCK01972,BH_POST_DISCHARGE_7D,0.14281606178829695,InComm-sourced,True,ablation_v1
MOCK01978,BH_POST_DISCHARGE_7D,0.1759498448485239,InComm-sourced,True,ablation_v1
MOCK01984,BH_POST_DISCHARGE_7D,0.08727184433887149,InComm-sourced,True,ablation_v1
MOCK01990,BH_POST_DISCHARGE_7D,0.09720313583482106,InComm-sourced,True,ablation_v1
MOCK01996,BH_POST_DISCHARGE_7D,0.06726065015227481,InComm-sourced,True,ablation_v1
MOCK02002,BH_POST_DISCHARGE_7D,0.06831399915898044,InComm-sourced,True,ablation_v1
MOCK02008,BH_POST_DISCHARGE_7D,0.18753210690983885,InComm-sourced,True,ablation_v1
MOCK02014,BH_POST_DISCHARGE_7D,0.08425219173070778,InComm-sourced,True,ablation_v1
MOCK02020,BH_POST_DISCHARGE_7D,0.12181374466815517,InComm-sourced,True,ablation_v1
MOCK02026,BH_POST_DISCHARGE_7D,0.14319412509980176,InComm-sourced,True,ablation_v1
MOCK02032,BH_POST_DISCHARGE_7D,0.10504234509902018,InComm-sourced,True,ablation_v1
MOCK02038,BH_POST_DISCHARGE_7D,0.2468395579642146,InComm-sourced,True,ablation_v1
MOCK02044,BH_POST_DISCHARGE_7D,0.10981337888134678,InComm-sourced,True,ablation_v1
MOCK02050,BH_POST_DISCHARGE_7D,0.06774119069424953,InComm-sourced,True,ablation_v1
MOCK02056,BH_POST_DISCHARGE_7D,0.1623725802701589,InComm-sourced,True,ablation_v1
MOCK02062,BH_POST_DISCHARGE_7D,0.07100131465429335,InComm-sourced,True,ablation_v1
MOCK02068,BH_POST_DISCHARGE_7D,0.10560422884571505,InComm-sourced,True,ablation_v1
MOCK02074,BH_POST_DISCHARGE_7D,0.09315348332977022,InComm-sourced,True,ablation_v1
MOCK02080,BH_POST_DISCHARGE_7D,0.11356336436152904,InComm-sourced,True,ablation_v1
MOCK02086,BH_POST_DISCHARGE_7D,0.1928404663997777,InComm-sourced,True,ablation_v1
MOCK02092,BH_POST_DISCHARGE_7D,0.2094511679759357,InComm-sourced,True,ablation_v1
MOCK02098,BH_POST_DISCHARGE_7D,0.09979359258695451,InComm-sourced,True,ablation_v1
MOCK02104,BH_POST_DISCHARGE_7D,0.3101108262704533,InComm-sourced,True,ablation_v1
MOCK02110,BH_POST_DISCHARGE_7D,0.17510149440192116,InComm-sourced,True,ablation_v1
MOCK02116,BH_POST_DISCHARGE_7D,0.13921644856051563,InComm-sourced,True,ablation_v1
MOCK02122,BH_POST_DISCHARGE_7D,0.18252059249169364,InComm-sourced,True,ablation_v1
MOCK02128,BH_POST_DISCHARGE_7D,0.15053024416771948,InComm-sourced,True,ablation_v1
MOCK02134,BH_POST_DISCHARGE_7D,0.06618774931853608,InComm-sourced,True,ablation_v1
MOCK02140,BH_POST_DISCHARGE_7D,0.12012326340732986,InComm-sourced,True,ablation_v1
MOCK02146,BH_POST_DISCHARGE_7D,0.22236682244955258,InComm-sourced,True,ablation_v1
MOCK02152,BH_POST_DISCHARGE_7D,0.15735500794080756,InComm-sourced,True,ablation_v1
MOCK02158,BH_POST_DISCHARGE_7D,0.08564112573482888,InComm-sourced,True,ablation_v1
MOCK02164,BH_POST_DISCHARGE_7D,0.1468489617536762,InComm-sourced,True,ablation_v1
MOCK02170,BH_POST_DISCHARGE_7D,0.14779428368545214,InComm-sourced,True,ablation_v1
MOCK02176,BH_POST_DISCHARGE_7D,0.14526584826331124,InComm-sourced,True,ablation_v1
MOCK02182,BH_POST_DISCHARGE_7D,0.10894003608958808,InComm-sourced,True,ablation_v1
MOCK02188,BH_POST_DISCHARGE_7D,0.3389319331689217,InComm-sourced,True,ablation_v1
MOCK02194,BH_POST_DISCHARGE_7D,0.16410187503427698,InComm-sourced,True,ablation_v1
MOCK02200,BH_POST_DISCHARGE_7D,0.14411833632085413,InComm-sourced,True,ablation_v1
MOCK02206,BH_POST_DISCHARGE_7D,0.08091700580864968,InComm-sourced,True,ablation_v1
MOCK02212,BH_POST_DISCHARGE_7D,0.08538856289123188,InComm-sourced,True,ablation_v1
MOCK02218,BH_POST_DISCHARGE_7D,0.16749782984231545,InComm-sourced,True,ablation_v1
MOCK02224,BH_POST_DISCHARGE_7D,0.1231370930885291,InComm-sourced,True,ablation_v1
MOCK02230,BH_POST_DISCHARGE_7D,0.10823704045791814,InComm-sourced,True,ablation_v1
MOCK02236,BH_POST_DISCHARGE_7D,0.1952237922541509,InComm-sourced,True,ablation_v1
MOCK02242,BH_POST_DISCHARGE_7D,0.07843241080973479,InComm-sourced,True,ablation_v1
MOCK02248,BH_POST_DISCHARGE_7D,0.14479441032571796,InComm-sourced,True,ablation_v1
MOCK02254,BH_POST_DISCHARGE_7D,0.1314370327969323,InComm-sourced,True,ablation_v1
MOCK02260,BH_POST_DISCHARGE_7D,0.08298785583590682,InComm-sourced,True,ablation_v1
MOCK02266,BH_POST_DISCHARGE_7D,0.08640978110972294,InComm-sourced,True,ablation_v1
MOCK02272,BH_POST_DISCHARGE_7D,0.10560477215041218,InComm-sourced,True,ablation_v1
MOCK02278,BH_POST_DISCHARGE_7D,0.12454400409963264,InComm-sourced,True,ablation_v1
MOCK02284,BH_POST_DISCHARGE_7D,0.168029226006402,InComm-sourced,True,ablation_v1
MOCK02290,BH_POST_DISCHARGE_7D,0.2656831999618817,InComm-sourced,True,ablation_v1
MOCK02296,BH_POST_DISCHARGE_7D,0.18639482956148576,InComm-sourced,True,ablation_v1
MOCK02302,BH_POST_DISCHARGE_7D,0.10923490381044736,InComm-sourced,True,ablation_v1
MOCK02308,BH_POST_DISCHARGE_7D,0.18181621440336243,InComm-sourced,True,ablation_v1
MOCK02314,BH_POST_DISCHARGE_7D,0.19539630723349008,InComm-sourced,True,ablation_v1
MOCK02320,BH_POST_DISCHARGE_7D,0.19208783106217153,InComm-sourced,True,ablation_v1
MOCK02326,BH_POST_DISCHARGE_7D,0.0934918716751197,InComm-sourced,True,ablation_v1
MOCK02332,BH_POST_DISCHARGE_7D,0.09381587137617366,InComm-sourced,True,ablation_v1
MOCK02338,BH_POST_DISCHARGE_7D,0.1706472621349449,InComm-sourced,True,ablation_v1
MOCK02344,BH_POST_DISCHARGE_7D,0.10543735317135623,InComm-sourced,True,ablation_v1
MOCK02350,BH_POST_DISCHARGE_7D,0.1551212702714906,InComm-sourced,True,ablation_v1
MOCK02356,BH_POST_DISCHARGE_7D,0.10707856989258965,InComm-sourced,True,ablation_v1
MOCK02362,BH_POST_DISCHARGE_7D,0.08204946422633906,InComm-sourced,True,ablation_v1
MOCK02368,BH_POST_DISCHARGE_7D,0.1897689934819037,InComm-sourced,True,ablation_v1
MOCK02374,BH_POST_DISCHARGE_7D,0.22344432302206993,InComm-sourced,True,ablation_v1
MOCK02380,BH_POST_DISCHARGE_7D,0.17760478428899804,InComm-sourced,True,ablation_v1
MOCK02386,BH_POST_DISCHARGE_7D,0.11070178626976329,InComm-sourced,True,ablation_v1
MOCK02392,BH_POST_DISCHARGE_7D,0.16147171721470133,InComm-sourced,True,ablation_v1
MOCK02398,BH_POST_DISCHARGE_7D,0.08007045949973837,InComm-sourced,True,ablation_v1
MOCK02404,BH_POST_DISCHARGE_7D,0.09847561511852879,InComm-sourced,True,ablation_v1
MOCK02410,BH_POST_DISCHARGE_7D,0.14944735929236047,InComm-sourced,True,ablation_v1
MOCK02416,BH_POST_DISCHARGE_7D,0.16012845413773896,InComm-sourced,True,ablation_v1
MOCK02422,BH_POST_DISCHARGE_7D,0.58472009832157,InComm-sourced,True,ablation_v1
MOCK02428,BH_POST_DISCHARGE_7D,0.09571553054444351,InComm-sourced,True,ablation_v1
MOCK02434,BH_POST_DISCHARGE_7D,0.2346029155298339,InComm-sourced,True,ablation_v1
MOCK02440,BH_POST_DISCHARGE_7D,0.19976941036423074,InComm-sourced,True,ablation_v1
MOCK02446,BH_POST_DISCHARGE_7D,0.07641579086163082,InComm-sourced,True,ablation_v1
MOCK02452,BH_POST_DISCHARGE_7D,0.1478643842469777,InComm-sourced,True,ablation_v1
MOCK02458,BH_POST_DISCHARGE_7D,0.14586021627313225,InComm-sourced,True,ablation_v1
MOCK02464,BH_POST_DISCHARGE_7D,0.057653813263433,InComm-sourced,True,ablation_v1
MOCK02470,BH_POST_DISCHARGE_7D,0.13665845287159553,InComm-sourced,True,ablation_v1
MOCK02476,BH_POST_DISCHARGE_7D,0.19074247365795546,InComm-sourced,True,ablation_v1
MOCK02482,BH_POST_DISCHARGE_7D,0.07812215184500106,InComm-sourced,True,ablation_v1
MOCK02488,BH_POST_DISCHARGE_7D,0.23570420888850355,InComm-sourced,True,ablation_v1
MOCK02494,BH_POST_DISCHARGE_7D,0.08010882682845673,InComm-sourced,True,ablation_v1
MOCK02500,BH_POST_DISCHARGE_7D,0.07917971774726867,InComm-sourced,True,ablation_v1
MOCK02506,BH_POST_DISCHARGE_7D,0.1557583907592244,InComm-sourced,True,ablation_v1
MOCK02512,BH_POST_DISCHARGE_7D,0.11634376857268848,InComm-sourced,True,ablation_v1
MOCK02518,BH_POST_DISCHARGE_7D,0.08293625746784283,InComm-sourced,True,ablation_v1
MOCK02524,BH_POST_DISCHARGE_7D,0.1336056173732476,InComm-sourced,True,ablation_v1
MOCK02530,BH_POST_DISCHARGE_7D,0.2192922181481778,InComm-sourced,True,ablation_v1
MOCK02536,BH_POST_DISCHARGE_7D,0.1193951454390798,InComm-sourced,True,ablation_v1
MOCK02542,BH_POST_DISCHARGE_7D,0.16763058456566685,InComm-sourced,True,ablation_v1
MOCK02548,BH_POST_DISCHARGE_7D,0.19631698024845035,InComm-sourced,True,ablation_v1
MOCK02554,BH_POST_DISCHARGE_7D,0.12770495329068648,InComm-sourced,True,ablation_v1
MOCK02560,BH_POST_DISCHARGE_7D,0.17243635359301998,InComm-sourced,True,ablation_v1
MOCK02566,BH_POST_DISCHARGE_7D,0.07859504048603387,InComm-sourced,True,ablation_v1
MOCK02572,BH_POST_DISCHARGE_7D,0.19396896762270063,InComm-sourced,True,ablation_v1
MOCK02578,BH_POST_DISCHARGE_7D,0.20116557712870983,InComm-sourced,True,ablation_v1
MOCK02584,BH_POST_DISCHARGE_7D,0.35447417255413505,InComm-sourced,True,ablation_v1
MOCK02590,BH_POST_DISCHARGE_7D,0.2603619548887485,InComm-sourced,True,ablation_v1
MOCK02596,BH_POST_DISCHARGE_7D,0.08228013708068357,InComm-sourced,True,ablation_v1
MOCK02602,BH_POST_DISCHARGE_7D,0.16353020245107425,InComm-sourced,True,ablation_v1
MOCK02608,BH_POST_DISCHARGE_7D,0.1099328891745526,InComm-sourced,True,ablation_v1
MOCK02614,BH_POST_DISCHARGE_7D,0.1370368755727755,InComm-sourced,True,ablation_v1
MOCK02620,BH_POST_DISCHARGE_7D,0.09328124283002291,InComm-sourced,True,ablation_v1
MOCK02626,BH_POST_DISCHARGE_7D,0.20398846250408414,InComm-sourced,True,ablation_v1
MOCK02632,BH_POST_DISCHARGE_7D,0.2820304517723385,InComm-sourced,True,ablation_v1
MOCK02638,BH_POST_DISCHARGE_7D,0.13003712001964435,InComm-sourced,True,ablation_v1
MOCK02644,BH_POST_DISCHARGE_7D,0.12657411820726416,InComm-sourced,True,ablation_v1
MOCK02650,BH_POST_DISCHARGE_7D,0.08527799069469384,InComm-sourced,True,ablation_v1
MOCK02656,BH_POST_DISCHARGE_7D,0.20062678317544871,InComm-sourced,True,ablation_v1
MOCK02662,BH_POST_DISCHARGE_7D,0.08685119284385533,InComm-sourced,True,ablation_v1
MOCK02668,BH_POST_DISCHARGE_7D,0.3233531667568203,InComm-sourced,True,ablation_v1
MOCK02674,BH_POST_DISCHARGE_7D,0.1411928506182507,InComm-sourced,True,ablation_v1
MOCK02680,BH_POST_DISCHARGE_7D,0.05086484582417872,InComm-sourced,True,ablation_v1
MOCK02686,BH_POST_DISCHARGE_7D,0.10661082832721162,InComm-sourced,True,ablation_v1
MOCK02692,BH_POST_DISCHARGE_7D,0.05343200649686911,InComm-sourced,True,ablation_v1
MOCK02698,BH_POST_DISCHARGE_7D,0.08745003924314246,InComm-sourced,True,ablation_v1
MOCK02704,BH_POST_DISCHARGE_7D,0.1360301995906995,InComm-sourced,True,ablation_v1
MOCK02710,BH_POST_DISCHARGE_7D,0.13909027153393236,InComm-sourced,True,ablation_v1
MOCK02716,BH_POST_DISCHARGE_7D,0.10086136505246861,InComm-sourced,True,ablation_v1
MOCK02722,BH_POST_DISCHARGE_7D,0.060461486032273325,InComm-sourced,True,ablation_v1
MOCK02728,BH_POST_DISCHARGE_7D,0.08441276769160637,InComm-sourced,True,ablation_v1
MOCK02734,BH_POST_DISCHARGE_7D,0.08076273050062907,InComm-sourced,True,ablation_v1
MOCK02740,BH_POST_DISCHARGE_7D,0.06630441934458677,InComm-sourced,True,ablation_v1
MOCK02746,BH_POST_DISCHARGE_7D,0.11408844951429818,InComm-sourced,True,ablation_v1
MOCK02752,BH_POST_DISCHARGE_7D,0.21325230384622143,InComm-sourced,True,ablation_v1
MOCK02758,BH_POST_DISCHARGE_7D,0.1595957403020669,InComm-sourced,True,ablation_v1
MOCK02764,BH_POST_DISCHARGE_7D,0.13050186424147392,InComm-sourced,True,ablation_v1
MOCK02770,BH_POST_DISCHARGE_7D,0.07039149616497328,InComm-sourced,True,ablation_v1
MOCK02776,BH_POST_DISCHARGE_7D,0.14397272594526256,InComm-sourced,True,ablation_v1
MOCK02782,BH_POST_DISCHARGE_7D,0.13269466050289327,InComm-sourced,True,ablation_v1
MOCK02788,BH_POST_DISCHARGE_7D,0.17262486190547782,InComm-sourced,True,ablation_v1
MOCK02794,BH_POST_DISCHARGE_7D,0.21559679822982442,InComm-sourced,True,ablation_v1
MOCK02800,BH_POST_DISCHARGE_7D,0.08547958483503572,InComm-sourced,True,ablation_v1
MOCK02806,BH_POST_DISCHARGE_7D,0.15440691091851924,InComm-sourced,True,ablation_v1
MOCK02812,BH_POST_DISCHARGE_7D,0.10951323534720232,InComm-sourced,True,ablation_v1
MOCK02818,BH_POST_DISCHARGE_7D,0.1557745001942353,InComm-sourced,True,ablation_v1
MOCK02824,BH_POST_DISCHARGE_7D,0.1507406865953931,InComm-sourced,True,ablation_v1
MOCK02830,BH_POST_DISCHARGE_7D,0.12328446321438101,InComm-sourced,True,ablation_v1
MOCK02836,BH_POST_DISCHARGE_7D,0.18849241641861061,InComm-sourced,True,ablation_v1
MOCK02842,BH_POST_DISCHARGE_7D,0.16808340513171321,InComm-sourced,True,ablation_v1
MOCK02848,BH_POST_DISCHARGE_7D,0.12364315439776256,InComm-sourced,True,ablation_v1
MOCK02854,BH_POST_DISCHARGE_7D,0.1563914175054887,InComm-sourced,True,ablation_v1
MOCK02860,BH_POST_DISCHARGE_7D,0.14521139559190355,InComm-sourced,True,ablation_v1
MOCK02866,BH_POST_DISCHARGE_7D,0.07016798853145795,InComm-sourced,True,ablation_v1
MOCK02872,BH_POST_DISCHARGE_7D,0.06758617464157975,InComm-sourced,True,ablation_v1
MOCK02878,BH_POST_DISCHARGE_7D,0.07607653588593079,InComm-sourced,True,ablation_v1
MOCK02884,BH_POST_DISCHARGE_7D,0.13567224900400524,InComm-sourced,True,ablation_v1
MOCK02890,BH_POST_DISCHARGE_7D,0.13289232130933443,InComm-sourced,True,ablation_v1
MOCK02896,BH_POST_DISCHARGE_7D,0.14897509747517254,InComm-sourced,True,ablation_v1
MOCK02902,BH_POST_DISCHARGE_7D,0.2199196365913185,InComm-sourced,True,ablation_v1
MOCK02908,BH_POST_DISCHARGE_7D,0.0799476393741592,InComm-sourced,True,ablation_v1
MOCK02914,BH_POST_DISCHARGE_7D,0.11989361958251482,InComm-sourced,True,ablation_v1
MOCK02920,BH_POST_DISCHARGE_7D,0.11634344116630174,InComm-sourced,True,ablation_v1
MOCK02926,BH_POST_DISCHARGE_7D,0.07047543089697747,InComm-sourced,True,ablation_v1
MOCK02932,BH_POST_DISCHARGE_7D,0.1281051280001708,InComm-sourced,True,ablation_v1
MOCK02938,BH_POST_DISCHARGE_7D,0.09782907588463484,InComm-sourced,True,ablation_v1
MOCK02944,BH_POST_DISCHARGE_7D,0.2736475483635686,InComm-sourced,True,ablation_v1
MOCK02950,BH_POST_DISCHARGE_7D,0.2126329328313019,InComm-sourced,True,ablation_v1
MOCK02956,BH_POST_DISCHARGE_7D,0.07305144903991789,InComm-sourced,True,ablation_v1
MOCK02962,BH_POST_DISCHARGE_7D,0.14865805508418112,InComm-sourced,True,ablation_v1
MOCK02968,BH_POST_DISCHARGE_7D,0.24881099912297241,InComm-sourced,True,ablation_v1
MOCK02974,BH_POST_DISCHARGE_7D,0.17064849571554588,InComm-sourced,True,ablation_v1
MOCK02980,BH_POST_DISCHARGE_7D,0.08267846635345776,InComm-sourced,True,ablation_v1
MOCK02986,BH_POST_DISCHARGE_7D,0.15149154800089779,InComm-sourced,True,ablation_v1
MOCK02992,BH_POST_DISCHARGE_7D,0.13597363894962816,InComm-sourced,True,ablation_v1
MOCK02998,BH_POST_DISCHARGE_7D,0.15291520874448364,InComm-sourced,True,ablation_v1
MOCK03004,BH_POST_DISCHARGE_7D,0.1164884658929198,InComm-sourced,True,ablation_v1
MOCK03010,BH_POST_DISCHARGE_7D,0.10876223428483409,InComm-sourced,True,ablation_v1
MOCK03016,BH_POST_DISCHARGE_7D,0.1026852445388209,InComm-sourced,True,ablation_v1
MOCK03022,BH_POST_DISCHARGE_7D,0.11157813604109999,InComm-sourced,True,ablation_v1
MOCK03028,BH_POST_DISCHARGE_7D,0.10437195621825422,InComm-sourced,True,ablation_v1
MOCK03034,BH_POST_DISCHARGE_7D,0.19104181777872978,InComm-sourced,True,ablation_v1
MOCK03040,BH_POST_DISCHARGE_7D,0.089760481384873,InComm-sourced,True,ablation_v1
MOCK03046,BH_POST_DISCHARGE_7D,0.07581457227739066,InComm-sourced,True,ablation_v1
MOCK03052,BH_POST_DISCHARGE_7D,0.060930045675548127,InComm-sourced,True,ablation_v1
MOCK03058,BH_POST_DISCHARGE_7D,0.1673137577835757,InComm-sourced,True,ablation_v1
MOCK03064,BH_POST_DISCHARGE_7D,0.2869925783886839,InComm-sourced,True,ablation_v1
MOCK03070,BH_POST_DISCHARGE_7D,0.11622026121946893,InComm-sourced,True,ablation_v1
MOCK03076,BH_POST_DISCHARGE_7D,0.07805308983041095,InComm-sourced,True,ablation_v1
MOCK03082,BH_POST_DISCHARGE_7D,0.08646535969973616,InComm-sourced,True,ablation_v1
MOCK03088,BH_POST_DISCHARGE_7D,0.263289574297147,InComm-sourced,True,ablation_v1
MOCK03094,BH_POST_DISCHARGE_7D,0.15405466773698795,InComm-sourced,True,ablation_v1
MOCK03100,BH_POST_DISCHARGE_7D,0.11169000352555063,InComm-sourced,True,ablation_v1
MOCK03106,BH_POST_DISCHARGE_7D,0.05902167206546706,InComm-sourced,True,ablation_v1
MOCK03112,BH_POST_DISCHARGE_7D,0.11795062163208028,InComm-sourced,True,ablation_v1
MOCK03118,BH_POST_DISCHARGE_7D,0.11842611381894277,InComm-sourced,True,ablation_v1
MOCK03124,BH_POST_DISCHARGE_7D,0.1568127529804278,InComm-sourced,True,ablation_v1
MOCK03130,BH_POST_DISCHARGE_7D,0.07391858065297002,InComm-sourced,True,ablation_v1
MOCK03136,BH_POST_DISCHARGE_7D,0.0696803577609818,InComm-sourced,True,ablation_v1
MOCK03142,BH_POST_DISCHARGE_7D,0.1879948884137338,InComm-sourced,True,ablation_v1
MOCK03148,BH_POST_DISCHARGE_7D,0.1818161043389351,InComm-sourced,True,ablation_v1
MOCK03154,BH_POST_DISCHARGE_7D,0.24168244874152697,InComm-sourced,True,ablation_v1
MOCK03160,BH_POST_DISCHARGE_7D,0.21747074302877795,InComm-sourced,True,ablation_v1
MOCK03166,BH_POST_DISCHARGE_7D,0.1703365354901664,InComm-sourced,True,ablation_v1
MOCK03172,BH_POST_DISCHARGE_7D,0.08779339532357107,InComm-sourced,True,ablation_v1
MOCK03178,BH_POST_DISCHARGE_7D,0.1393644781571974,InComm-sourced,True,ablation_v1
MOCK03184,BH_POST_DISCHARGE_7D,0.1431595619740605,InComm-sourced,True,ablation_v1
MOCK03190,BH_POST_DISCHARGE_7D,0.09629951238743455,InComm-sourced,True,ablation_v1
MOCK03196,BH_POST_DISCHARGE_7D,0.13791177681626496,InComm-sourced,True,ablation_v1
MOCK03202,BH_POST_DISCHARGE_7D,0.24849349116515185,InComm-sourced,True,ablation_v1
MOCK03208,BH_POST_DISCHARGE_7D,0.1412925674250986,InComm-sourced,True,ablation_v1
MOCK03214,BH_POST_DISCHARGE_7D,0.09216071113085919,InComm-sourced,True,ablation_v1
MOCK03220,BH_POST_DISCHARGE_7D,0.11244106920874228,InComm-sourced,True,ablation_v1
MOCK03226,BH_POST_DISCHARGE_7D,0.07681158739574115,InComm-sourced,True,ablation_v1
MOCK03232,BH_POST_DISCHARGE_7D,0.1155736819832117,InComm-sourced,True,ablation_v1
MOCK03238,BH_POST_DISCHARGE_7D,0.09457451439514795,InComm-sourced,True,ablation_v1
MOCK03244,BH_POST_DISCHARGE_7D,0.14324606066728884,InComm-sourced,True,ablation_v1
MOCK03250,BH_POST_DISCHARGE_7D,0.10376738793892905,InComm-sourced,True,ablation_v1
MOCK03256,BH_POST_DISCHARGE_7D,0.19241107250009465,InComm-sourced,True,ablation_v1
MOCK03262,BH_POST_DISCHARGE_7D,0.12210020202866585,InComm-sourced,True,ablation_v1
MOCK03268,BH_POST_DISCHARGE_7D,0.10119104648679175,InComm-sourced,True,ablation_v1
MOCK03274,BH_POST_DISCHARGE_7D,0.17120981317848796,InComm-sourced,True,ablation_v1
MOCK03280,BH_POST_DISCHARGE_7D,0.08654228894016582,InComm-sourced,True,ablation_v1
MOCK03286,BH_POST_DISCHARGE_7D,0.05329293544068865,InComm-sourced,True,ablation_v1
MOCK03292,BH_POST_DISCHARGE_7D,0.06974095301441723,InComm-sourced,True,ablation_v1
MOCK03298,BH_POST_DISCHARGE_7D,0.15526504681569508,InComm-sourced,True,ablation_v1
MOCK03304,BH_POST_DISCHARGE_7D,0.221651899101293,InComm-sourced,True,ablation_v1
MOCK03310,BH_POST_DISCHARGE_7D,0.10110560769388022,InComm-sourced,True,ablation_v1
MOCK03316,BH_POST_DISCHARGE_7D,0.11947836390808816,InComm-sourced,True,ablation_v1
MOCK03322,BH_POST_DISCHARGE_7D,0.15585931849859447,InComm-sourced,True,ablation_v1
MOCK03328,BH_POST_DISCHARGE_7D,0.16632090541735228,InComm-sourced,True,ablation_v1
MOCK03334,BH_POST_DISCHARGE_7D,0.15641247424750035,InComm-sourced,True,ablation_v1
MOCK03340,BH_POST_DISCHARGE_7D,0.09383469711046165,InComm-sourced,True,ablation_v1
MOCK03346,BH_POST_DISCHARGE_7D,0.10135600778666148,InComm-sourced,True,ablation_v1
MOCK03352,BH_POST_DISCHARGE_7D,0.05937897589235461,InComm-sourced,True,ablation_v1
MOCK03358,BH_POST_DISCHARGE_7D,0.10977716886270857,InComm-sourced,True,ablation_v1
MOCK03364,BH_POST_DISCHARGE_7D,0.09918648607668597,InComm-sourced,True,ablation_v1
MOCK03370,BH_POST_DISCHARGE_7D,0.09002613403764254,InComm-sourced,True,ablation_v1
MOCK03376,BH_POST_DISCHARGE_7D,0.11990319969534963,InComm-sourced,True,ablation_v1
MOCK03382,BH_POST_DISCHARGE_7D,0.16692937603401897,InComm-sourced,True,ablation_v1
MOCK03388,BH_POST_DISCHARGE_7D,0.16105719933915716,InComm-sourced,True,ablation_v1
MOCK03394,BH_POST_DISCHARGE_7D,0.08291032888963787,InComm-sourced,True,ablation_v1
MOCK03400,BH_POST_DISCHARGE_7D,0.1697482386037199,InComm-sourced,True,ablation_v1
MOCK03406,BH_POST_DISCHARGE_7D,0.16155129214175573,InComm-sourced,True,ablation_v1
MOCK03412,BH_POST_DISCHARGE_7D,0.122815373890264,InComm-sourced,True,ablation_v1
MOCK03418,BH_POST_DISCHARGE_7D,0.0658185652377573,InComm-sourced,True,ablation_v1
MOCK03424,BH_POST_DISCHARGE_7D,0.13645103221145308,InComm-sourced,True,ablation_v1
MOCK03430,BH_POST_DISCHARGE_7D,0.25775926701676694,InComm-sourced,True,ablation_v1
MOCK03436,BH_POST_DISCHARGE_7D,0.05874399936711436,InComm-sourced,True,ablation_v1
MOCK03442,BH_POST_DISCHARGE_7D,0.1203800892994163,InComm-sourced,True,ablation_v1
MOCK03448,BH_POST_DISCHARGE_7D,0.14113739577229603,InComm-sourced,True,ablation_v1
MOCK03454,BH_POST_DISCHARGE_7D,0.10043981921220413,InComm-sourced,True,ablation_v1
MOCK03460,BH_POST_DISCHARGE_7D,0.1258838639624495,InComm-sourced,True,ablation_v1
MOCK03466,BH_POST_DISCHARGE_7D,0.11994210394111496,InComm-sourced,True,ablation_v1
MOCK03472,BH_POST_DISCHARGE_7D,0.09801399939438207,InComm-sourced,True,ablation_v1
MOCK03478,BH_POST_DISCHARGE_7D,0.13842685403961466,InComm-sourced,True,ablation_v1
MOCK03484,BH_POST_DISCHARGE_7D,0.12598390547416638,InComm-sourced,True,ablation_v1
MOCK03490,BH_POST_DISCHARGE_7D,0.31691328538377733,InComm-sourced,True,ablation_v1
MOCK03496,BH_POST_DISCHARGE_7D,0.12274423801714793,InComm-sourced,True,ablation_v1
MOCK03502,BH_POST_DISCHARGE_7D,0.12723967566353037,InComm-sourced,True,ablation_v1
MOCK03508,BH_POST_DISCHARGE_7D,0.10855076629567692,InComm-sourced,True,ablation_v1
MOCK03514,BH_POST_DISCHARGE_7D,0.1723110854710781,InComm-sourced,True,ablation_v1
MOCK03520,BH_POST_DISCHARGE_7D,0.17440197922478073,InComm-sourced,True,ablation_v1
MOCK03526,BH_POST_DISCHARGE_7D,0.18062520870088003,InComm-sourced,True,ablation_v1
MOCK03532,BH_POST_DISCHARGE_7D,0.15054582843163597,InComm-sourced,True,ablation_v1
MOCK03538,BH_POST_DISCHARGE_7D,0.09388249122466313,InComm-sourced,True,ablation_v1
MOCK03544,BH_POST_DISCHARGE_7D,0.16894785250499414,InComm-sourced,True,ablation_v1
MOCK03550,BH_POST_DISCHARGE_7D,0.12386603941175062,InComm-sourced,True,ablation_v1
MOCK03556,BH_POST_DISCHARGE_7D,0.13661282602055114,InComm-sourced,True,ablation_v1
MOCK03562,BH_POST_DISCHARGE_7D,0.22577547483422652,InComm-sourced,True,ablation_v1
MOCK03568,BH_POST_DISCHARGE_7D,0.11981048406155745,InComm-sourced,True,ablation_v1
MOCK03574,BH_POST_DISCHARGE_7D,0.08562977104213013,InComm-sourced,True,ablation_v1
MOCK03580,BH_POST_DISCHARGE_7D,0.049355132845630166,InComm-sourced,True,ablation_v1
MOCK03586,BH_POST_DISCHARGE_7D,0.1351923503967176,InComm-sourced,True,ablation_v1
MOCK03592,BH_POST_DISCHARGE_7D,0.11009798372343443,InComm-sourced,True,ablation_v1
MOCK03598,BH_POST_DISCHARGE_7D,0.13176963277609796,InComm-sourced,True,ablation_v1
MOCK03604,BH_POST_DISCHARGE_7D,0.12297804519339815,InComm-sourced,True,ablation_v1
MOCK03610,BH_POST_DISCHARGE_7D,0.095921416243524,InComm-sourced,True,ablation_v1
MOCK03616,BH_POST_DISCHARGE_7D,0.15891735512437735,InComm-sourced,True,ablation_v1
MOCK03622,BH_POST_DISCHARGE_7D,0.11193675159959103,InComm-sourced,True,ablation_v1
MOCK03628,BH_POST_DISCHARGE_7D,0.05181509915465265,InComm-sourced,True,ablation_v1
MOCK03634,BH_POST_DISCHARGE_7D,0.15716996378942613,InComm-sourced,True,ablation_v1
MOCK03640,BH_POST_DISCHARGE_7D,0.24981151250043043,InComm-sourced,True,ablation_v1
MOCK03646,BH_POST_DISCHARGE_7D,0.09705584122526731,InComm-sourced,True,ablation_v1
MOCK03652,BH_POST_DISCHARGE_7D,0.0915581899266026,InComm-sourced,True,ablation_v1
MOCK03658,BH_POST_DISCHARGE_7D,0.2110559742323481,InComm-sourced,True,ablation_v1
MOCK03664,BH_POST_DISCHARGE_7D,0.141827824398269,InComm-sourced,True,ablation_v1
MOCK03670,BH_POST_DISCHARGE_7D,0.12440146461402646,InComm-sourced,True,ablation_v1
MOCK03676,BH_POST_DISCHARGE_7D,0.2964637393309124,InComm-sourced,True,ablation_v1
MOCK03682,BH_POST_DISCHARGE_7D,0.31094513903955456,InComm-sourced,True,ablation_v1
MOCK03688,BH_POST_DISCHARGE_7D,0.14709023063240517,InComm-sourced,True,ablation_v1
MOCK03694,BH_POST_DISCHARGE_7D,0.08125661472054838,InComm-sourced,True,ablation_v1
MOCK03700,BH_POST_DISCHARGE_7D,0.07719503205858382,InComm-sourced,True,ablation_v1
MOCK03706,BH_POST_DISCHARGE_7D,0.06325245678181594,InComm-sourced,True,ablation_v1
MOCK03712,BH_POST_DISCHARGE_7D,0.17581485560753038,InComm-sourced,True,ablation_v1
MOCK03718,BH_POST_DISCHARGE_7D,0.17725937893230226,InComm-sourced,True,ablation_v1
MOCK03724,BH_POST_DISCHARGE_7D,0.175657307259491,InComm-sourced,True,ablation_v1
MOCK03730,BH_POST_DISCHARGE_7D,0.20817836842432405,InComm-sourced,True,ablation_v1
MOCK03736,BH_POST_DISCHARGE_7D,0.24429145024053772,InComm-sourced,True,ablation_v1
MOCK03742,BH_POST_DISCHARGE_7D,0.10125829367287514,InComm-sourced,True,ablation_v1
MOCK03748,BH_POST_DISCHARGE_7D,0.11089611449778213,InComm-sourced,True,ablation_v1
MOCK03754,BH_POST_DISCHARGE_7D,0.12455865247832743,InComm-sourced,True,ablation_v1
MOCK03760,BH_POST_DISCHARGE_7D,0.19465653375676864,InComm-sourced,True,ablation_v1
MOCK03766,BH_POST_DISCHARGE_7D,0.12162959551095484,InComm-sourced,True,ablation_v1
MOCK03772,BH_POST_DISCHARGE_7D,0.1210538780506876,InComm-sourced,True,ablation_v1
MOCK03778,BH_POST_DISCHARGE_7D,0.17676147862130984,InComm-sourced,True,ablation_v1
MOCK03784,BH_POST_DISCHARGE_7D,0.09969291957731295,InComm-sourced,True,ablation_v1
MOCK03790,BH_POST_DISCHARGE_7D,0.14056830603337198,InComm-sourced,True,ablation_v1
MOCK03796,BH_POST_DISCHARGE_7D,0.16343989740165044,InComm-sourced,True,ablation_v1
MOCK03802,BH_POST_DISCHARGE_7D,0.21443391865953135,InComm-sourced,True,ablation_v1
MOCK03808,BH_POST_DISCHARGE_7D,0.1686757450218377,InComm-sourced,True,ablation_v1
MOCK03814,BH_POST_DISCHARGE_7D,0.13027450367482546,InComm-sourced,True,ablation_v1
MOCK03820,BH_POST_DISCHARGE_7D,0.1702517669426176,InComm-sourced,True,ablation_v1
MOCK03826,BH_POST_DISCHARGE_7D,0.07152686479189738,InComm-sourced,True,ablation_v1
MOCK03832,BH_POST_DISCHARGE_7D,0.14757968844796107,InComm-sourced,True,ablation_v1
MOCK03838,BH_POST_DISCHARGE_7D,0.07998913160241812,InComm-sourced,True,ablation_v1
MOCK03844,BH_POST_DISCHARGE_7D,0.09216163199705314,InComm-sourced,True,ablation_v1
MOCK03850,BH_POST_DISCHARGE_7D,0.14706353047459242,InComm-sourced,True,ablation_v1
MOCK03856,BH_POST_DISCHARGE_7D,0.10660896209224054,InComm-sourced,True,ablation_v1
MOCK03862,BH_POST_DISCHARGE_7D,0.0798164857684104,InComm-sourced,True,ablation_v1
MOCK03868,BH_POST_DISCHARGE_7D,0.1593940235417148,InComm-sourced,True,ablation_v1
MOCK03874,BH_POST_DISCHARGE_7D,0.08451627694955124,InComm-sourced,True,ablation_v1
MOCK03880,BH_POST_DISCHARGE_7D,0.07338499282608198,InComm-sourced,True,ablation_v1
MOCK03886,BH_POST_DISCHARGE_7D,0.2064932926302523,InComm-sourced,True,ablation_v1
MOCK03892,BH_POST_DISCHARGE_7D,0.16833165334801461,InComm-sourced,True,ablation_v1
MOCK03898,BH_POST_DISCHARGE_7D,0.1182197823634992,InComm-sourced,True,ablation_v1
MOCK03904,BH_POST_DISCHARGE_7D,0.13744142099936826,InComm-sourced,True,ablation_v1
MOCK03910,BH_POST_DISCHARGE_7D,0.10060805324447372,InComm-sourced,True,ablation_v1
MOCK03916,BH_POST_DISCHARGE_7D,0.08849841504344587,InComm-sourced,True,ablation_v1
MOCK03922,BH_POST_DISCHARGE_7D,0.07294450750761103,InComm-sourced,True,ablation_v1
MOCK03928,BH_POST_DISCHARGE_7D,0.07512161872091268,InComm-sourced,True,ablation_v1
MOCK03934,BH_POST_DISCHARGE_7D,0.21458337980450506,InComm-sourced,True,ablation_v1
MOCK03940,BH_POST_DISCHARGE_7D,0.09330375522181546,InComm-sourced,True,ablation_v1
MOCK03946,BH_POST_DISCHARGE_7D,0.18772685496336844,InComm-sourced,True,ablation_v1
MOCK03952,BH_POST_DISCHARGE_7D,0.06835822180589775,InComm-sourced,True,ablation_v1
MOCK03958,BH_POST_DISCHARGE_7D,0.07405868971229958,InComm-sourced,True,ablation_v1
MOCK03964,BH_POST_DISCHARGE_7D,0.09144955433613758,InComm-sourced,True,ablation_v1
MOCK03970,BH_POST_DISCHARGE_7D,0.10801163938192736,InComm-sourced,True,ablation_v1
MOCK03976,BH_POST_DISCHARGE_7D,0.082914012008064,InComm-sourced,True,ablation_v1
MOCK03982,BH_POST_DISCHARGE_7D,0.07719522590880917,InComm-sourced,True,ablation_v1
MOCK03988,BH_POST_DISCHARGE_7D,0.2349159399858348,InComm-sourced,True,ablation_v1
MOCK03994,BH_POST_DISCHARGE_7D,0.18707740129447384,InComm-sourced,True,ablation_v1
MOCK04000,BH_POST_DISCHARGE_7D,0.15671898698598372,InComm-sourced,True,ablation_v1
MOCK04006,BH_POST_DISCHARGE_7D,0.14572699004911197,InComm-sourced,True,ablation_v1
MOCK04012,BH_POST_DISCHARGE_7D,0.1663440431520422,InComm-sourced,True,ablation_v1
MOCK04018,BH_POST_DISCHARGE_7D,0.14744575541191657,InComm-sourced,True,ablation_v1
MOCK04024,BH_POST_DISCHARGE_7D,0.2538378870511078,InComm-sourced,True,ablation_v1
MOCK04030,BH_POST_DISCHARGE_7D,0.09865996109981989,InComm-sourced,True,ablation_v1
MOCK04036,BH_POST_DISCHARGE_7D,0.0846660914596173,InComm-sourced,True,ablation_v1
MOCK04042,BH_POST_DISCHARGE_7D,0.11633472449962458,InComm-sourced,True,ablation_v1
MOCK04048,BH_POST_DISCHARGE_7D,0.07268356744441108,InComm-sourced,True,ablation_v1
MOCK04054,BH_POST_DISCHARGE_7D,0.2324459397211545,InComm-sourced,True,ablation_v1
MOCK04060,BH_POST_DISCHARGE_7D,0.09351892118688704,InComm-sourced,True,ablation_v1
MOCK04066,BH_POST_DISCHARGE_7D,0.27920890306916457,InComm-sourced,True,ablation_v1
MOCK04072,BH_POST_DISCHARGE_7D,0.19869405834823084,InComm-sourced,True,ablation_v1
MOCK04078,BH_POST_DISCHARGE_7D,0.12222493447155548,InComm-sourced,True,ablation_v1
MOCK04084,BH_POST_DISCHARGE_7D,0.08591448200085966,InComm-sourced,True,ablation_v1
MOCK04090,BH_POST_DISCHARGE_7D,0.0827290779038257,InComm-sourced,True,ablation_v1
MOCK04096,BH_POST_DISCHARGE_7D,0.08957144381142648,InComm-sourced,True,ablation_v1
MOCK04102,BH_POST_DISCHARGE_7D,0.11399722033693166,InComm-sourced,True,ablation_v1
MOCK04108,BH_POST_DISCHARGE_7D,0.19396273181799728,InComm-sourced,True,ablation_v1
MOCK04114,BH_POST_DISCHARGE_7D,0.15221760688266356,InComm-sourced,True,ablation_v1
MOCK04120,BH_POST_DISCHARGE_7D,0.08369580885433285,InComm-sourced,True,ablation_v1
MOCK04126,BH_POST_DISCHARGE_7D,0.06937073115678286,InComm-sourced,True,ablation_v1
MOCK04132,BH_POST_DISCHARGE_7D,0.07836183264584336,InComm-sourced,True,ablation_v1
MOCK04138,BH_POST_DISCHARGE_7D,0.07789491686008844,InComm-sourced,True,ablation_v1
MOCK04144,BH_POST_DISCHARGE_7D,0.19444874877296114,InComm-sourced,True,ablation_v1
MOCK04150,BH_POST_DISCHARGE_7D,0.11401412224382663,InComm-sourced,True,ablation_v1
MOCK04156,BH_POST_DISCHARGE_7D,0.13339137535753903,InComm-sourced,True,ablation_v1
MOCK04162,BH_POST_DISCHARGE_7D,0.30229644782376336,InComm-sourced,True,ablation_v1
MOCK04168,BH_POST_DISCHARGE_7D,0.16405871286419857,InComm-sourced,True,ablation_v1
MOCK04174,BH_POST_DISCHARGE_7D,0.10069628775981246,InComm-sourced,True,ablation_v1
MOCK04180,BH_POST_DISCHARGE_7D,0.15434948689674838,InComm-sourced,True,ablation_v1
MOCK04186,BH_POST_DISCHARGE_7D,0.10583697736904556,InComm-sourced,True,ablation_v1
MOCK04192,BH_POST_DISCHARGE_7D,0.10041181765456379,InComm-sourced,True,ablation_v1
MOCK04198,BH_POST_DISCHARGE_7D,0.09634694592593154,InComm-sourced,True,ablation_v1
MOCK04204,BH_POST_DISCHARGE_7D,0.15251131009750404,InComm-sourced,True,ablation_v1
MOCK04210,BH_POST_DISCHARGE_7D,0.07685471457642104,InComm-sourced,True,ablation_v1
MOCK04216,BH_POST_DISCHARGE_7D,0.08189737232973161,InComm-sourced,True,ablation_v1
MOCK04222,BH_POST_DISCHARGE_7D,0.16196587347019714,InComm-sourced,True,ablation_v1
MOCK04228,BH_POST_DISCHARGE_7D,0.10352348987853238,InComm-sourced,True,ablation_v1
MOCK04234,BH_POST_DISCHARGE_7D,0.14145139368954338,InComm-sourced,True,ablation_v1
MOCK04240,BH_POST_DISCHARGE_7D,0.17655405264213625,InComm-sourced,True,ablation_v1
MOCK04246,BH_POST_DISCHARGE_7D,0.3175028617894142,InComm-sourced,True,ablation_v1
MOCK04252,BH_POST_DISCHARGE_7D,0.09908853215898247,InComm-sourced,True,ablation_v1
MOCK04258,BH_POST_DISCHARGE_7D,0.24211876351890188,InComm-sourced,True,ablation_v1
MOCK04264,BH_POST_DISCHARGE_7D,0.14436441042239212,InComm-sourced,True,ablation_v1
MOCK04270,BH_POST_DISCHARGE_7D,0.22092930390630294,InComm-sourced,True,ablation_v1
MOCK04276,BH_POST_DISCHARGE_7D,0.17669185020999334,InComm-sourced,True,ablation_v1
MOCK04282,BH_POST_DISCHARGE_7D,0.10717277503236829,InComm-sourced,True,ablation_v1
MOCK04288,BH_POST_DISCHARGE_7D,0.16446126594412197,InComm-sourced,True,ablation_v1
MOCK04294,BH_POST_DISCHARGE_7D,0.08038278502070888,InComm-sourced,True,ablation_v1
MOCK04300,BH_POST_DISCHARGE_7D,0.13330217548453607,InComm-sourced,True,ablation_v1
MOCK04306,BH_POST_DISCHARGE_7D,0.06866764057703986,InComm-sourced,True,ablation_v1
MOCK04312,BH_POST_DISCHARGE_7D,0.08673050836012784,InComm-sourced,True,ablation_v1
MOCK04318,BH_POST_DISCHARGE_7D,0.20603367584491186,InComm-sourced,True,ablation_v1
MOCK04324,BH_POST_DISCHARGE_7D,0.13090543412242236,InComm-sourced,True,ablation_v1
MOCK04330,BH_POST_DISCHARGE_7D,0.1137974193192472,InComm-sourced,True,ablation_v1
MOCK04336,BH_POST_DISCHARGE_7D,0.15769473732674846,InComm-sourced,True,ablation_v1
MOCK04342,BH_POST_DISCHARGE_7D,0.09607365775954421,InComm-sourced,True,ablation_v1
MOCK04348,BH_POST_DISCHARGE_7D,0.08582672385307605,InComm-sourced,True,ablation_v1
MOCK04354,BH_POST_DISCHARGE_7D,0.13291557213858668,InComm-sourced,True,ablation_v1
MOCK04360,BH_POST_DISCHARGE_7D,0.12572551136714208,InComm-sourced,True,ablation_v1
MOCK04366,BH_POST_DISCHARGE_7D,0.09298908057007335,InComm-sourced,True,ablation_v1
MOCK04372,BH_POST_DISCHARGE_7D,0.2030633081390009,InComm-sourced,True,ablation_v1
MOCK04378,BH_POST_DISCHARGE_7D,0.1653243834709998,InComm-sourced,True,ablation_v1
MOCK04384,BH_POST_DISCHARGE_7D,0.2145659549000124,InComm-sourced,True,ablation_v1
MOCK04390,BH_POST_DISCHARGE_7D,0.13817897157877915,InComm-sourced,True,ablation_v1
MOCK04396,BH_POST_DISCHARGE_7D,0.07433360541922811,InComm-sourced,True,ablation_v1
MOCK04402,BH_POST_DISCHARGE_7D,0.11006861426786901,InComm-sourced,True,ablation_v1
MOCK04408,BH_POST_DISCHARGE_7D,0.13246927377680215,InComm-sourced,True,ablation_v1
MOCK04414,BH_POST_DISCHARGE_7D,0.10486088587705716,InComm-sourced,True,ablation_v1
MOCK04420,BH_POST_DISCHARGE_7D,0.17773118041157937,InComm-sourced,True,ablation_v1
MOCK04426,BH_POST_DISCHARGE_7D,0.14076565093167723,InComm-sourced,True,ablation_v1
MOCK04432,BH_POST_DISCHARGE_7D,0.14587036286227217,InComm-sourced,True,ablation_v1
MOCK04438,BH_POST_DISCHARGE_7D,0.16159634726950434,InComm-sourced,True,ablation_v1
MOCK04444,BH_POST_DISCHARGE_7D,0.1490467215882774,InComm-sourced,True,ablation_v1
MOCK04450,BH_POST_DISCHARGE_7D,0.12948936550941803,InComm-sourced,True,ablation_v1
MOCK04456,BH_POST_DISCHARGE_7D,0.17653245446720497,InComm-sourced,True,ablation_v1
MOCK04462,BH_POST_DISCHARGE_7D,0.18122618981469416,InComm-sourced,True,ablation_v1
MOCK04468,BH_POST_DISCHARGE_7D,0.16833643701054926,InComm-sourced,True,ablation_v1
MOCK04474,BH_POST_DISCHARGE_7D,0.09897185294466829,InComm-sourced,True,ablation_v1
MOCK04480,BH_POST_DISCHARGE_7D,0.0474869446596895,InComm-sourced,True,ablation_v1
MOCK04486,BH_POST_DISCHARGE_7D,0.07006360344172974,InComm-sourced,True,ablation_v1
MOCK04492,BH_POST_DISCHARGE_7D,0.17014738801558751,InComm-sourced,True,ablation_v1
MOCK04498,BH_POST_DISCHARGE_7D,0.13507345311076405,InComm-sourced,True,ablation_v1
MOCK04504,BH_POST_DISCHARGE_7D,0.2203671188559106,InComm-sourced,True,ablation_v1
MOCK04510,BH_POST_DISCHARGE_7D,0.16813667584925812,InComm-sourced,True,ablation_v1
MOCK04516,BH_POST_DISCHARGE_7D,0.11957255112091765,InComm-sourced,True,ablation_v1
MOCK04522,BH_POST_DISCHARGE_7D,0.10386294791924303,InComm-sourced,True,ablation_v1
MOCK04528,BH_POST_DISCHARGE_7D,0.08005455097487478,InComm-sourced,True,ablation_v1
MOCK04534,BH_POST_DISCHARGE_7D,0.19022206021385832,InComm-sourced,True,ablation_v1
MOCK04540,BH_POST_DISCHARGE_7D,0.11530417935777905,InComm-sourced,True,ablation_v1
MOCK04546,BH_POST_DISCHARGE_7D,0.06954824788125046,InComm-sourced,True,ablation_v1
MOCK04552,BH_POST_DISCHARGE_7D,0.1536376614696376,InComm-sourced,True,ablation_v1
MOCK04558,BH_POST_DISCHARGE_7D,0.1728920931624297,InComm-sourced,True,ablation_v1
MOCK04564,BH_POST_DISCHARGE_7D,0.13935419056418513,InComm-sourced,True,ablation_v1
MOCK04570,BH_POST_DISCHARGE_7D,0.06807604741910622,InComm-sourced,True,ablation_v1
MOCK04576,BH_POST_DISCHARGE_7D,0.20064490744722133,InComm-sourced,True,ablation_v1
MOCK04582,BH_POST_DISCHARGE_7D,0.0909934914941407,InComm-sourced,True,ablation_v1
MOCK04588,BH_POST_DISCHARGE_7D,0.14797155410899704,InComm-sourced,True,ablation_v1
MOCK04594,BH_POST_DISCHARGE_7D,0.20295648731639299,InComm-sourced,True,ablation_v1
MOCK04600,BH_POST_DISCHARGE_7D,0.27976953011909794,InComm-sourced,True,ablation_v1
MOCK04606,BH_POST_DISCHARGE_7D,0.07678664559276666,InComm-sourced,True,ablation_v1
MOCK04612,BH_POST_DISCHARGE_7D,0.14599371844279638,InComm-sourced,True,ablation_v1
MOCK04618,BH_POST_DISCHARGE_7D,0.08697516529755749,InComm-sourced,True,ablation_v1
MOCK04624,BH_POST_DISCHARGE_7D,0.10319041940362174,InComm-sourced,True,ablation_v1
MOCK04630,BH_POST_DISCHARGE_7D,0.20637726179140967,InComm-sourced,True,ablation_v1
MOCK04636,BH_POST_DISCHARGE_7D,0.08245660572390383,InComm-sourced,True,ablation_v1
MOCK04642,BH_POST_DISCHARGE_7D,0.15138072930210106,InComm-sourced,True,ablation_v1
MOCK04648,BH_POST_DISCHARGE_7D,0.18094629235971998,InComm-sourced,True,ablation_v1
MOCK04654,BH_POST_DISCHARGE_7D,0.08756810298024693,InComm-sourced,True,ablation_v1
MOCK04660,BH_POST_DISCHARGE_7D,0.0962338679948313,InComm-sourced,True,ablation_v1
MOCK04666,BH_POST_DISCHARGE_7D,0.10534069144360579,InComm-sourced,True,ablation_v1
MOCK04672,BH_POST_DISCHARGE_7D,0.20520408257473904,InComm-sourced,True,ablation_v1
MOCK04678,BH_POST_DISCHARGE_7D,0.35525841133451547,InComm-sourced,True,ablation_v1
MOCK04684,BH_POST_DISCHARGE_7D,0.08720174702001553,InComm-sourced,True,ablation_v1
MOCK04690,BH_POST_DISCHARGE_7D,0.12582977689313105,InComm-sourced,True,ablation_v1
MOCK04696,BH_POST_DISCHARGE_7D,0.1456495298823623,InComm-sourced,True,ablation_v1
MOCK04702,BH_POST_DISCHARGE_7D,0.2399729621760997,InComm-sourced,True,ablation_v1
MOCK04708,BH_POST_DISCHARGE_7D,0.14237658790112195,InComm-sourced,True,ablation_v1
MOCK04714,BH_POST_DISCHARGE_7D,0.2006282435992533,InComm-sourced,True,ablation_v1
MOCK04720,BH_POST_DISCHARGE_7D,0.16946250100844326,InComm-sourced,True,ablation_v1
MOCK04726,BH_POST_DISCHARGE_7D,0.2633504197197593,InComm-sourced,True,ablation_v1
MOCK04732,BH_POST_DISCHARGE_7D,0.167469110574429,InComm-sourced,True,ablation_v1
MOCK04738,BH_POST_DISCHARGE_7D,0.23340756157915188,InComm-sourced,True,ablation_v1
MOCK04744,BH_POST_DISCHARGE_7D,0.09548735825166665,InComm-sourced,True,ablation_v1
MOCK04750,BH_POST_DISCHARGE_7D,0.13293394611231768,InComm-sourced,True,ablation_v1
MOCK04756,BH_POST_DISCHARGE_7D,0.19067297689861298,InComm-sourced,True,ablation_v1
MOCK04762,BH_POST_DISCHARGE_7D,0.16146478710371745,InComm-sourced,True,ablation_v1
MOCK04768,BH_POST_DISCHARGE_7D,0.15342024989034786,InComm-sourced,True,ablation_v1
MOCK04774,BH_POST_DISCHARGE_7D,0.22597264399423242,InComm-sourced,True,ablation_v1
MOCK04780,BH_POST_DISCHARGE_7D,0.2581268574701925,InComm-sourced,True,ablation_v1
MOCK04786,BH_POST_DISCHARGE_7D,0.14325664170507785,InComm-sourced,True,ablation_v1
MOCK04792,BH_POST_DISCHARGE_7D,0.2535556344186724,InComm-sourced,True,ablation_v1
MOCK04798,BH_POST_DISCHARGE_7D,0.18997685458465646,InComm-sourced,True,ablation_v1
MOCK04804,BH_POST_DISCHARGE_7D,0.17097105295904014,InComm-sourced,True,ablation_v1
MOCK04810,BH_POST_DISCHARGE_7D,0.218159217605781,InComm-sourced,True,ablation_v1
MOCK04816,BH_POST_DISCHARGE_7D,0.18261112873348584,InComm-sourced,True,ablation_v1
MOCK04822,BH_POST_DISCHARGE_7D,0.20861598302572665,InComm-sourced,True,ablation_v1
MOCK04828,BH_POST_DISCHARGE_7D,0.12371869766986085,InComm-sourced,True,ablation_v1
MOCK04834,BH_POST_DISCHARGE_7D,0.19902649458080707,InComm-sourced,True,ablation_v1
MOCK04840,BH_POST_DISCHARGE_7D,0.06398804796879248,InComm-sourced,True,ablation_v1
MOCK04846,BH_POST_DISCHARGE_7D,0.16087441627160456,InComm-sourced,True,ablation_v1
MOCK04852,BH_POST_DISCHARGE_7D,0.09840061684711329,InComm-sourced,True,ablation_v1
MOCK04858,BH_POST_DISCHARGE_7D,0.11246383703064228,InComm-sourced,True,ablation_v1
MOCK04864,BH_POST_DISCHARGE_7D,0.12108326353024335,InComm-sourced,True,ablation_v1
MOCK04870,BH_POST_DISCHARGE_7D,0.08680475053349974,InComm-sourced,True,ablation_v1
MOCK04876,BH_POST_DISCHARGE_7D,0.1497804498172092,InComm-sourced,True,ablation_v1
MOCK04882,BH_POST_DISCHARGE_7D,0.24003975295569346,InComm-sourced,True,ablation_v1
MOCK04888,BH_POST_DISCHARGE_7D,0.15907166061367917,InComm-sourced,True,ablation_v1
MOCK04894,BH_POST_DISCHARGE_7D,0.15048144591022863,InComm-sourced,True,ablation_v1
MOCK04900,BH_POST_DISCHARGE_7D,0.06913780605793489,InComm-sourced,True,ablation_v1
MOCK04906,BH_POST_DISCHARGE_7D,0.15052560713753457,InComm-sourced,True,ablation_v1
MOCK04912,BH_POST_DISCHARGE_7D,0.11481209214867101,InComm-sourced,True,ablation_v1
MOCK04918,BH_POST_DISCHARGE_7D,0.138373937116718,InComm-sourced,True,ablation_v1
MOCK04924,BH_POST_DISCHARGE_7D,0.20052796787766997,InComm-sourced,True,ablation_v1
MOCK04930,BH_POST_DISCHARGE_7D,0.05945876037752387,InComm-sourced,True,ablation_v1
MOCK04936,BH_POST_DISCHARGE_7D,0.07042557184419293,InComm-sourced,True,ablation_v1
MOCK04942,BH_POST_DISCHARGE_7D,0.08761545107930553,InComm-sourced,True,ablation_v1
MOCK04948,BH_POST_DISCHARGE_7D,0.13060022591415557,InComm-sourced,True,ablation_v1
MOCK04954,BH_POST_DISCHARGE_7D,0.07428574721786044,InComm-sourced,True,ablation_v1
MOCK04960,BH_POST_DISCHARGE_7D,0.06163655282100912,InComm-sourced,True,ablation_v1
MOCK04966,BH_POST_DISCHARGE_7D,0.12718609984860355,InComm-sourced,True,ablation_v1
MOCK04972,BH_POST_DISCHARGE_7D,0.06938261149880073,InComm-sourced,True,ablation_v1
MOCK04978,BH_POST_DISCHARGE_7D,0.09854070588944533,InComm-sourced,True,ablation_v1
MOCK04984,BH_POST_DISCHARGE_7D,0.07297972642315767,InComm-sourced,True,ablation_v1
MOCK04990,BH_POST_DISCHARGE_7D,0.1487043942781114,InComm-sourced,True,ablation_v1
MOCK04996,BH_POST_DISCHARGE_7D,0.08506678762942149,InComm-sourced,True,ablation_v1
MOCK05002,BH_POST_DISCHARGE_7D,0.23301911443877962,InComm-sourced,True,ablation_v1
MOCK05008,BH_POST_DISCHARGE_7D,0.10360503219752168,InComm-sourced,True,ablation_v1
MOCK05014,BH_POST_DISCHARGE_7D,0.22445295221070338,InComm-sourced,True,ablation_v1
MOCK05020,BH_POST_DISCHARGE_7D,0.09674994372429772,InComm-sourced,True,ablation_v1
MOCK05026,BH_POST_DISCHARGE_7D,0.13167625993106746,InComm-sourced,True,ablation_v1
MOCK05032,BH_POST_DISCHARGE_7D,0.09554443861216871,InComm-sourced,True,ablation_v1
MOCK05038,BH_POST_DISCHARGE_7D,0.12830749527159352,InComm-sourced,True,ablation_v1
MOCK05044,BH_POST_DISCHARGE_7D,0.0939087886576315,InComm-sourced,True,ablation_v1
MOCK05050,BH_POST_DISCHARGE_7D,0.11695793328721577,InComm-sourced,True,ablation_v1
MOCK05056,BH_POST_DISCHARGE_7D,0.18176515652284295,InComm-sourced,True,ablation_v1
MOCK05062,BH_POST_DISCHARGE_7D,0.11617316445587632,InComm-sourced,True,ablation_v1
MOCK05068,BH_POST_DISCHARGE_7D,0.07234969709134391,InComm-sourced,True,ablation_v1
MOCK05074,BH_POST_DISCHARGE_7D,0.08222891423947995,InComm-sourced,True,ablation_v1
MOCK05080,BH_POST_DISCHARGE_7D,0.15813345810913176,InComm-sourced,True,ablation_v1
MOCK05086,BH_POST_DISCHARGE_7D,0.10940008361146886,InComm-sourced,True,ablation_v1
MOCK05092,BH_POST_DISCHARGE_7D,0.1210532769485014,InComm-sourced,True,ablation_v1
MOCK05098,BH_POST_DISCHARGE_7D,0.16233524120348844,InComm-sourced,True,ablation_v1
MOCK05104,BH_POST_DISCHARGE_7D,0.14855495332473076,InComm-sourced,True,ablation_v1
MOCK05110,BH_POST_DISCHARGE_7D,0.1106355135501338,InComm-sourced,True,ablation_v1
MOCK05116,BH_POST_DISCHARGE_7D,0.08760170161795856,InComm-sourced,True,ablation_v1
MOCK05122,BH_POST_DISCHARGE_7D,0.3768579901941877,InComm-sourced,True,ablation_v1
MOCK05128,BH_POST_DISCHARGE_7D,0.24117720976140836,InComm-sourced,True,ablation_v1
MOCK05134,BH_POST_DISCHARGE_7D,0.1775328866583804,InComm-sourced,True,ablation_v1
MOCK05140,BH_POST_DISCHARGE_7D,0.11877785201603504,InComm-sourced,True,ablation_v1
MOCK05146,BH_POST_DISCHARGE_7D,0.2102692805349898,InComm-sourced,True,ablation_v1
MOCK05152,BH_POST_DISCHARGE_7D,0.13708999836326505,InComm-sourced,True,ablation_v1
MOCK05158,BH_POST_DISCHARGE_7D,0.19067609789919632,InComm-sourced,True,ablation_v1
MOCK05164,BH_POST_DISCHARGE_7D,0.13447617167997264,InComm-sourced,True,ablation_v1
MOCK05170,BH_POST_DISCHARGE_7D,0.12016149458476687,InComm-sourced,True,ablation_v1
MOCK05176,BH_POST_DISCHARGE_7D,0.058608989568929,InComm-sourced,True,ablation_v1
MOCK05182,BH_POST_DISCHARGE_7D,0.10389631440000309,InComm-sourced,True,ablation_v1
MOCK05188,BH_POST_DISCHARGE_7D,0.07553432582270957,InComm-sourced,True,ablation_v1
MOCK05194,BH_POST_DISCHARGE_7D,0.10958001130760356,InComm-sourced,True,ablation_v1
MOCK05200,BH_POST_DISCHARGE_7D,0.14377407509738577,InComm-sourced,True,ablation_v1
MOCK05206,BH_POST_DISCHARGE_7D,0.11204899507884127,InComm-sourced,True,ablation_v1
MOCK05212,BH_POST_DISCHARGE_7D,0.09594092838021706,InComm-sourced,True,ablation_v1
MOCK05218,BH_POST_DISCHARGE_7D,0.15708204522843933,InComm-sourced,True,ablation_v1
MOCK05224,BH_POST_DISCHARGE_7D,0.114009821604007,InComm-sourced,True,ablation_v1
MOCK05230,BH_POST_DISCHARGE_7D,0.12531169962425762,InComm-sourced,True,ablation_v1
MOCK05236,BH_POST_DISCHARGE_7D,0.10450772278617058,InComm-sourced,True,ablation_v1
MOCK05242,BH_POST_DISCHARGE_7D,0.062330108053785124,InComm-sourced,True,ablation_v1
MOCK05248,BH_POST_DISCHARGE_7D,0.056655705180566944,InComm-sourced,True,ablation_v1
MOCK05254,BH_POST_DISCHARGE_7D,0.1660007948163847,InComm-sourced,True,ablation_v1
MOCK05260,BH_POST_DISCHARGE_7D,0.30056848106637085,InComm-sourced,True,ablation_v1
MOCK05266,BH_POST_DISCHARGE_7D,0.08360582837411766,InComm-sourced,True,ablation_v1
MOCK05272,BH_POST_DISCHARGE_7D,0.19614727748138486,InComm-sourced,True,ablation_v1
MOCK05278,BH_POST_DISCHARGE_7D,0.15234514057921872,InComm-sourced,True,ablation_v1
MOCK05284,BH_POST_DISCHARGE_7D,0.11262316344547921,InComm-sourced,True,ablation_v1
MOCK05290,BH_POST_DISCHARGE_7D,0.08338672000781586,InComm-sourced,True,ablation_v1
MOCK05296,BH_POST_DISCHARGE_7D,0.14476654107677853,InComm-sourced,True,ablation_v1
MOCK05302,BH_POST_DISCHARGE_7D,0.3065783893388531,InComm-sourced,True,ablation_v1
MOCK05308,BH_POST_DISCHARGE_7D,0.10037646683264193,InComm-sourced,True,ablation_v1
MOCK05314,BH_POST_DISCHARGE_7D,0.1417277586865327,InComm-sourced,True,ablation_v1
MOCK05320,BH_POST_DISCHARGE_7D,0.12655443651167203,InComm-sourced,True,ablation_v1
MOCK05326,BH_POST_DISCHARGE_7D,0.05854492246437275,InComm-sourced,True,ablation_v1
MOCK05332,BH_POST_DISCHARGE_7D,0.17586828645866445,InComm-sourced,True,ablation_v1
MOCK05338,BH_POST_DISCHARGE_7D,0.16005856035021193,InComm-sourced,True,ablation_v1
MOCK05344,BH_POST_DISCHARGE_7D,0.28901076046308566,InComm-sourced,True,ablation_v1
MOCK05350,BH_POST_DISCHARGE_7D,0.10981790509193977,InComm-sourced,True,ablation_v1
MOCK05356,BH_POST_DISCHARGE_7D,0.17098530294081102,InComm-sourced,True,ablation_v1
MOCK05362,BH_POST_DISCHARGE_7D,0.13079798853489336,InComm-sourced,True,ablation_v1
MOCK05368,BH_POST_DISCHARGE_7D,0.1754753984155361,InComm-sourced,True,ablation_v1
MOCK05374,BH_POST_DISCHARGE_7D,0.14329980749335774,InComm-sourced,True,ablation_v1
MOCK05380,BH_POST_DISCHARGE_7D,0.1785488429228946,InComm-sourced,True,ablation_v1
MOCK05386,BH_POST_DISCHARGE_7D,0.11157074194565515,InComm-sourced,True,ablation_v1
MOCK05392,BH_POST_DISCHARGE_7D,0.092630097520569,InComm-sourced,True,ablation_v1
MOCK05398,BH_POST_DISCHARGE_7D,0.222965579170083,InComm-sourced,True,ablation_v1
MOCK05404,BH_POST_DISCHARGE_7D,0.3606066771398726,InComm-sourced,True,ablation_v1
MOCK05410,BH_POST_DISCHARGE_7D,0.15295438822461005,InComm-sourced,True,ablation_v1
MOCK05416,BH_POST_DISCHARGE_7D,0.15012230499389334,InComm-sourced,True,ablation_v1
MOCK05422,BH_POST_DISCHARGE_7D,0.09274031094427782,InComm-sourced,True,ablation_v1
MOCK05428,BH_POST_DISCHARGE_7D,0.08097716159904557,InComm-sourced,True,ablation_v1
MOCK05434,BH_POST_DISCHARGE_7D,0.10348218056435136,InComm-sourced,True,ablation_v1
MOCK05440,BH_POST_DISCHARGE_7D,0.06009974454344388,InComm-sourced,True,ablation_v1
MOCK05446,BH_POST_DISCHARGE_7D,0.07987991994293107,InComm-sourced,True,ablation_v1
MOCK05452,BH_POST_DISCHARGE_7D,0.1363091853854977,InComm-sourced,True,ablation_v1
MOCK05458,BH_POST_DISCHARGE_7D,0.1322512477113082,InComm-sourced,True,ablation_v1
MOCK05464,BH_POST_DISCHARGE_7D,0.18030263977876368,InComm-sourced,True,ablation_v1
MOCK05470,BH_POST_DISCHARGE_7D,0.1287588382037548,InComm-sourced,True,ablation_v1
MOCK05476,BH_POST_DISCHARGE_7D,0.09645950659767238,InComm-sourced,True,ablation_v1
MOCK05482,BH_POST_DISCHARGE_7D,0.08927661824403171,InComm-sourced,True,ablation_v1
MOCK05488,BH_POST_DISCHARGE_7D,0.07688765859598541,InComm-sourced,True,ablation_v1
MOCK05494,BH_POST_DISCHARGE_7D,0.1954187665437539,InComm-sourced,True,ablation_v1
MOCK05500,BH_POST_DISCHARGE_7D,0.09412130000847123,InComm-sourced,True,ablation_v1
MOCK05506,BH_POST_DISCHARGE_7D,0.06900890294615013,InComm-sourced,True,ablation_v1
MOCK05512,BH_POST_DISCHARGE_7D,0.16009104038794733,InComm-sourced,True,ablation_v1
MOCK05518,BH_POST_DISCHARGE_7D,0.12670885206519453,InComm-sourced,True,ablation_v1
MOCK05524,BH_POST_DISCHARGE_7D,0.10131014046077294,InComm-sourced,True,ablation_v1
MOCK05530,BH_POST_DISCHARGE_7D,0.07044724530950962,InComm-sourced,True,ablation_v1
MOCK05536,BH_POST_DISCHARGE_7D,0.2764980552487276,InComm-sourced,True,ablation_v1
MOCK05542,BH_POST_DISCHARGE_7D,0.09578361737416614,InComm-sourced,True,ablation_v1
MOCK05548,BH_POST_DISCHARGE_7D,0.08710834256463278,InComm-sourced,True,ablation_v1
MOCK05554,BH_POST_DISCHARGE_7D,0.14533305367230864,InComm-sourced,True,ablation_v1
MOCK05560,BH_POST_DISCHARGE_7D,0.12633809759127318,InComm-sourced,True,ablation_v1
MOCK05566,BH_POST_DISCHARGE_7D,0.07654330006835555,InComm-sourced,True,ablation_v1
MOCK05572,BH_POST_DISCHARGE_7D,0.11833608051439909,InComm-sourced,True,ablation_v1
MOCK05578,BH_POST_DISCHARGE_7D,0.10706905746954924,InComm-sourced,True,ablation_v1
MOCK05584,BH_POST_DISCHARGE_7D,0.10879285887628168,InComm-sourced,True,ablation_v1
MOCK05590,BH_POST_DISCHARGE_7D,0.18940590683541664,InComm-sourced,True,ablation_v1
MOCK05596,BH_POST_DISCHARGE_7D,0.09366895111756218,InComm-sourced,True,ablation_v1
MOCK05602,BH_POST_DISCHARGE_7D,0.09161448803425148,InComm-sourced,True,ablation_v1
MOCK05608,BH_POST_DISCHARGE_7D,0.10493653907356396,InComm-sourced,True,ablation_v1
MOCK05614,BH_POST_DISCHARGE_7D,0.10621549028234924,InComm-sourced,True,ablation_v1
MOCK05620,BH_POST_DISCHARGE_7D,0.11530709290602444,InComm-sourced,True,ablation_v1
MOCK05626,BH_POST_DISCHARGE_7D,0.09375595443130928,InComm-sourced,True,ablation_v1
MOCK05632,BH_POST_DISCHARGE_7D,0.16212847305971914,InComm-sourced,True,ablation_v1
MOCK05638,BH_POST_DISCHARGE_7D,0.16678265332463518,InComm-sourced,True,ablation_v1
MOCK05644,BH_POST_DISCHARGE_7D,0.14401741403305224,InComm-sourced,True,ablation_v1
MOCK05650,BH_POST_DISCHARGE_7D,0.0608294885796391,InComm-sourced,True,ablation_v1
MOCK05656,BH_POST_DISCHARGE_7D,0.16637180765171677,InComm-sourced,True,ablation_v1
MOCK05662,BH_POST_DISCHARGE_7D,0.1907280375857876,InComm-sourced,True,ablation_v1
MOCK05668,BH_POST_DISCHARGE_7D,0.15868195228139814,InComm-sourced,True,ablation_v1
MOCK05674,BH_POST_DISCHARGE_7D,0.1554500427473,InComm-sourced,True,ablation_v1
MOCK05680,BH_POST_DISCHARGE_7D,0.08987058625366905,InComm-sourced,True,ablation_v1
MOCK05686,BH_POST_DISCHARGE_7D,0.2703958011301859,InComm-sourced,True,ablation_v1
MOCK05692,BH_POST_DISCHARGE_7D,0.14144012518286556,InComm-sourced,True,ablation_v1
MOCK05698,BH_POST_DISCHARGE_7D,0.217145025007672,InComm-sourced,True,ablation_v1
MOCK05704,BH_POST_DISCHARGE_7D,0.09686159734364301,InComm-sourced,True,ablation_v1
MOCK05710,BH_POST_DISCHARGE_7D,0.06462705060021011,InComm-sourced,True,ablation_v1
MOCK05716,BH_POST_DISCHARGE_7D,0.14535803704932002,InComm-sourced,True,ablation_v1
MOCK05722,BH_POST_DISCHARGE_7D,0.1491406011847587,InComm-sourced,True,ablation_v1
MOCK05728,BH_POST_DISCHARGE_7D,0.11142393632598098,InComm-sourced,True,ablation_v1
MOCK05734,BH_POST_DISCHARGE_7D,0.12144205736069377,InComm-sourced,True,ablation_v1
MOCK05740,BH_POST_DISCHARGE_7D,0.08499187888746249,InComm-sourced,True,ablation_v1
MOCK05746,BH_POST_DISCHARGE_7D,0.1369109048114088,InComm-sourced,True,ablation_v1
MOCK05752,BH_POST_DISCHARGE_7D,0.17742534876059915,InComm-sourced,True,ablation_v1
MOCK05758,BH_POST_DISCHARGE_7D,0.12156532724322552,InComm-sourced,True,ablation_v1
MOCK05764,BH_POST_DISCHARGE_7D,0.08461409781420245,InComm-sourced,True,ablation_v1
MOCK05770,BH_POST_DISCHARGE_7D,0.13743626780201393,InComm-sourced,True,ablation_v1
MOCK05776,BH_POST_DISCHARGE_7D,0.09019704629210061,InComm-sourced,True,ablation_v1
MOCK05782,BH_POST_DISCHARGE_7D,0.1855128888738172,InComm-sourced,True,ablation_v1
MOCK05788,BH_POST_DISCHARGE_7D,0.25614167472023497,InComm-sourced,True,ablation_v1
MOCK05794,BH_POST_DISCHARGE_7D,0.1806067252633319,InComm-sourced,True,ablation_v1
MOCK05800,BH_POST_DISCHARGE_7D,0.13654768729987302,InComm-sourced,True,ablation_v1
MOCK05806,BH_POST_DISCHARGE_7D,0.0734055683896928,InComm-sourced,True,ablation_v1
MOCK05812,BH_POST_DISCHARGE_7D,0.1460551041411322,InComm-sourced,True,ablation_v1
MOCK05818,BH_POST_DISCHARGE_7D,0.09332040127413466,InComm-sourced,True,ablation_v1
MOCK05824,BH_POST_DISCHARGE_7D,0.19285038782748296,InComm-sourced,True,ablation_v1
MOCK05830,BH_POST_DISCHARGE_7D,0.18031329404709354,InComm-sourced,True,ablation_v1
MOCK05836,BH_POST_DISCHARGE_7D,0.2474786883989049,InComm-sourced,True,ablation_v1
MOCK05842,BH_POST_DISCHARGE_7D,0.07448317906418611,InComm-sourced,True,ablation_v1
MOCK05848,BH_POST_DISCHARGE_7D,0.136898506171592,InComm-sourced,True,ablation_v1
MOCK05854,BH_POST_DISCHARGE_7D,0.12144222220312223,InComm-sourced,True,ablation_v1
MOCK05860,BH_POST_DISCHARGE_7D,0.10364388313337211,InComm-sourced,True,ablation_v1
MOCK05866,BH_POST_DISCHARGE_7D,0.31181194681716734,InComm-sourced,True,ablation_v1
MOCK05872,BH_POST_DISCHARGE_7D,0.1209829049162454,InComm-sourced,True,ablation_v1
MOCK05878,BH_POST_DISCHARGE_7D,0.07184629453312841,InComm-sourced,True,ablation_v1
MOCK05884,BH_POST_DISCHARGE_7D,0.19331748326419937,InComm-sourced,True,ablation_v1
MOCK05890,BH_POST_DISCHARGE_7D,0.07386572626585708,InComm-sourced,True,ablation_v1
MOCK05896,BH_POST_DISCHARGE_7D,0.11741198711095721,InComm-sourced,True,ablation_v1
MOCK05902,BH_POST_DISCHARGE_7D,0.10119579998335365,InComm-sourced,True,ablation_v1
MOCK05908,BH_POST_DISCHARGE_7D,0.2246680352646095,InComm-sourced,True,ablation_v1
MOCK05914,BH_POST_DISCHARGE_7D,0.13726412719881748,InComm-sourced,True,ablation_v1
MOCK05920,BH_POST_DISCHARGE_7D,0.10491999076337864,InComm-sourced,True,ablation_v1
MOCK05926,BH_POST_DISCHARGE_7D,0.19454485702322447,InComm-sourced,True,ablation_v1
MOCK05932,BH_POST_DISCHARGE_7D,0.23228573787278434,InComm-sourced,True,ablation_v1
MOCK05938,BH_POST_DISCHARGE_7D,0.1944527039954022,InComm-sourced,True,ablation_v1
MOCK05944,BH_POST_DISCHARGE_7D,0.3255370237743219,InComm-sourced,True,ablation_v1
MOCK05950,BH_POST_DISCHARGE_7D,0.10606084507879729,InComm-sourced,True,ablation_v1
MOCK05956,BH_POST_DISCHARGE_7D,0.08668653207488879,InComm-sourced,True,ablation_v1
MOCK05962,BH_POST_DISCHARGE_7D,0.09656666004540822,InComm-sourced,True,ablation_v1
MOCK05968,BH_POST_DISCHARGE_7D,0.07243753770096162,InComm-sourced,True,ablation_v1
MOCK05974,BH_POST_DISCHARGE_7D,0.12218999769547285,InComm-sourced,True,ablation_v1
MOCK05980,BH_POST_DISCHARGE_7D,0.08404892881995081,InComm-sourced,True,ablation_v1
MOCK05986,BH_POST_DISCHARGE_7D,0.16782212801907684,InComm-sourced,True,ablation_v1
MOCK05992,BH_POST_DISCHARGE_7D,0.09685815683550017,InComm-sourced,True,ablation_v1
MOCK05998,BH_POST_DISCHARGE_7D,0.1385782971139091,InComm-sourced,True,ablation_v1
MOCK06004,BH_POST_DISCHARGE_7D,0.2112657219931247,InComm-sourced,True,ablation_v1
MOCK06010,BH_POST_DISCHARGE_7D,0.08517772291289172,InComm-sourced,True,ablation_v1
MOCK06016,BH_POST_DISCHARGE_7D,0.15494094732251598,InComm-sourced,True,ablation_v1
MOCK06022,BH_POST_DISCHARGE_7D,0.08860614101908426,InComm-sourced,True,ablation_v1
MOCK06028,BH_POST_DISCHARGE_7D,0.2881993293675103,InComm-sourced,True,ablation_v1
MOCK06034,BH_POST_DISCHARGE_7D,0.1178919046977836,InComm-sourced,True,ablation_v1
MOCK06040,BH_POST_DISCHARGE_7D,0.10736041475489441,InComm-sourced,True,ablation_v1
MOCK06046,BH_POST_DISCHARGE_7D,0.12953037205718232,InComm-sourced,True,ablation_v1
MOCK06052,BH_POST_DISCHARGE_7D,0.1457678357433204,InComm-sourced,True,ablation_v1
MOCK06058,BH_POST_DISCHARGE_7D,0.22525943929262282,InComm-sourced,True,ablation_v1
MOCK06064,BH_POST_DISCHARGE_7D,0.3194872084863745,InComm-sourced,True,ablation_v1
MOCK06070,BH_POST_DISCHARGE_7D,0.11338059639515116,InComm-sourced,True,ablation_v1
MOCK06076,BH_POST_DISCHARGE_7D,0.06661154055944528,InComm-sourced,True,ablation_v1
MOCK06082,BH_POST_DISCHARGE_7D,0.18316758916842324,InComm-sourced,True,ablation_v1
MOCK06088,BH_POST_DISCHARGE_7D,0.11228693751449718,InComm-sourced,True,ablation_v1
MOCK06094,BH_POST_DISCHARGE_7D,0.21207250763069443,InComm-sourced,True,ablation_v1
MOCK06100,BH_POST_DISCHARGE_7D,0.1268379121111565,InComm-sourced,True,ablation_v1
MOCK06106,BH_POST_DISCHARGE_7D,0.05186479617665977,InComm-sourced,True,ablation_v1
MOCK06112,BH_POST_DISCHARGE_7D,0.3590459016939363,InComm-sourced,True,ablation_v1
MOCK06118,BH_POST_DISCHARGE_7D,0.15961408690635576,InComm-sourced,True,ablation_v1
MOCK06124,BH_POST_DISCHARGE_7D,0.23092474191770018,InComm-sourced,True,ablation_v1
MOCK06130,BH_POST_DISCHARGE_7D,0.11583944344751283,InComm-sourced,True,ablation_v1
MOCK06136,BH_POST_DISCHARGE_7D,0.14541317263699002,InComm-sourced,True,ablation_v1
MOCK06142,BH_POST_DISCHARGE_7D,0.18362194501297774,InComm-sourced,True,ablation_v1
MOCK06148,BH_POST_DISCHARGE_7D,0.14862852883327254,InComm-sourced,True,ablation_v1
MOCK06154,BH_POST_DISCHARGE_7D,0.15448228414274284,InComm-sourced,True,ablation_v1
MOCK06160,BH_POST_DISCHARGE_7D,0.21848152116498187,InComm-sourced,True,ablation_v1
MOCK06166,BH_POST_DISCHARGE_7D,0.23064682325708227,InComm-sourced,True,ablation_v1
MOCK06172,BH_POST_DISCHARGE_7D,0.09506654667933857,InComm-sourced,True,ablation_v1
MOCK06178,BH_POST_DISCHARGE_7D,0.3033669708655383,InComm-sourced,True,ablation_v1
MOCK06184,BH_POST_DISCHARGE_7D,0.12716243987334583,InComm-sourced,True,ablation_v1
MOCK06190,BH_POST_DISCHARGE_7D,0.13095556379000728,InComm-sourced,True,ablation_v1
MOCK06196,BH_POST_DISCHARGE_7D,0.18130993677039567,InComm-sourced,True,ablation_v1
MOCK06202,BH_POST_DISCHARGE_7D,0.07788820716414639,InComm-sourced,True,ablation_v1
MOCK06208,BH_POST_DISCHARGE_7D,0.07750337654967011,InComm-sourced,True,ablation_v1
MOCK06214,BH_POST_DISCHARGE_7D,0.0747699387460917,InComm-sourced,True,ablation_v1
MOCK06220,BH_POST_DISCHARGE_7D,0.0804936295274702,InComm-sourced,True,ablation_v1
MOCK06226,BH_POST_DISCHARGE_7D,0.12990068086348128,InComm-sourced,True,ablation_v1
MOCK06232,BH_POST_DISCHARGE_7D,0.3369269128649801,InComm-sourced,True,ablation_v1
MOCK06238,BH_POST_DISCHARGE_7D,0.22181055387650098,InComm-sourced,True,ablation_v1
MOCK06244,BH_POST_DISCHARGE_7D,0.3874620288460742,InComm-sourced,True,ablation_v1
MOCK06250,BH_POST_DISCHARGE_7D,0.20919926157063112,InComm-sourced,True,ablation_v1
MOCK06256,BH_POST_DISCHARGE_7D,0.08969697362921111,InComm-sourced,True,ablation_v1
MOCK06262,BH_POST_DISCHARGE_7D,0.13178925330461494,InComm-sourced,True,ablation_v1
MOCK06268,BH_POST_DISCHARGE_7D,0.1520782633970914,InComm-sourced,True,ablation_v1
MOCK06274,BH_POST_DISCHARGE_7D,0.10055504374372905,InComm-sourced,True,ablation_v1
MOCK06280,BH_POST_DISCHARGE_7D,0.13287830289985147,InComm-sourced,True,ablation_v1
MOCK06286,BH_POST_DISCHARGE_7D,0.0942287491244683,InComm-sourced,True,ablation_v1
MOCK06292,BH_POST_DISCHARGE_7D,0.09011938578947634,InComm-sourced,True,ablation_v1
MOCK06298,BH_POST_DISCHARGE_7D,0.25097617199153516,InComm-sourced,True,ablation_v1
MOCK06304,BH_POST_DISCHARGE_7D,0.11566697499242051,InComm-sourced,True,ablation_v1
MOCK06310,BH_POST_DISCHARGE_7D,0.11125128623039708,InComm-sourced,True,ablation_v1
MOCK06316,BH_POST_DISCHARGE_7D,0.06051474198281005,InComm-sourced,True,ablation_v1
MOCK06322,BH_POST_DISCHARGE_7D,0.21144725981875906,InComm-sourced,True,ablation_v1
MOCK06328,BH_POST_DISCHARGE_7D,0.2496028217838635,InComm-sourced,True,ablation_v1
MOCK06334,BH_POST_DISCHARGE_7D,0.11405112420549193,InComm-sourced,True,ablation_v1
MOCK06340,BH_POST_DISCHARGE_7D,0.1096514551045517,InComm-sourced,True,ablation_v1
MOCK06346,BH_POST_DISCHARGE_7D,0.2536878453365363,InComm-sourced,True,ablation_v1
MOCK06352,BH_POST_DISCHARGE_7D,0.1493821402471447,InComm-sourced,True,ablation_v1
MOCK06358,BH_POST_DISCHARGE_7D,0.1831653706410907,InComm-sourced,True,ablation_v1
MOCK06364,BH_POST_DISCHARGE_7D,0.09875832800208885,InComm-sourced,True,ablation_v1
MOCK06370,BH_POST_DISCHARGE_7D,0.12368132008523791,InComm-sourced,True,ablation_v1
MOCK06376,BH_POST_DISCHARGE_7D,0.1030067530887444,InComm-sourced,True,ablation_v1
MOCK06382,BH_POST_DISCHARGE_7D,0.08402015494668832,InComm-sourced,True,ablation_v1
MOCK06388,BH_POST_DISCHARGE_7D,0.1154225190256454,InComm-sourced,True,ablation_v1
MOCK06394,BH_POST_DISCHARGE_7D,0.13276647240794567,InComm-sourced,True,ablation_v1
MOCK06400,BH_POST_DISCHARGE_7D,0.10830576946395837,InComm-sourced,True,ablation_v1
MOCK06406,BH_POST_DISCHARGE_7D,0.2460341798242998,InComm-sourced,True,ablation_v1
MOCK06412,BH_POST_DISCHARGE_7D,0.17040916542968174,InComm-sourced,True,ablation_v1
MOCK06418,BH_POST_DISCHARGE_7D,0.09339901617854121,InComm-sourced,True,ablation_v1
MOCK06424,BH_POST_DISCHARGE_7D,0.05110333821351836,InComm-sourced,True,ablation_v1
MOCK06430,BH_POST_DISCHARGE_7D,0.11268449285843457,InComm-sourced,True,ablation_v1
MOCK06436,BH_POST_DISCHARGE_7D,0.16217985015111527,InComm-sourced,True,ablation_v1
MOCK06442,BH_POST_DISCHARGE_7D,0.06489753529028039,InComm-sourced,True,ablation_v1
MOCK06448,BH_POST_DISCHARGE_7D,0.09648564584660946,InComm-sourced,True,ablation_v1
MOCK06454,BH_POST_DISCHARGE_7D,0.21069302782074578,InComm-sourced,True,ablation_v1
MOCK06460,BH_POST_DISCHARGE_7D,0.10263540373278751,InComm-sourced,True,ablation_v1
MOCK06466,BH_POST_DISCHARGE_7D,0.1584530127572323,InComm-sourced,True,ablation_v1
MOCK06472,BH_POST_DISCHARGE_7D,0.14730010818369046,InComm-sourced,True,ablation_v1
MOCK06478,BH_POST_DISCHARGE_7D,0.16465414401785833,InComm-sourced,True,ablation_v1
MOCK06484,BH_POST_DISCHARGE_7D,0.2714874949568871,InComm-sourced,True,ablation_v1
MOCK06490,BH_POST_DISCHARGE_7D,0.11455708496987613,InComm-sourced,True,ablation_v1
MOCK06496,BH_POST_DISCHARGE_7D,0.14191824450224805,InComm-sourced,True,ablation_v1
MOCK06502,BH_POST_DISCHARGE_7D,0.12255518811008252,InComm-sourced,True,ablation_v1
MOCK06508,BH_POST_DISCHARGE_7D,0.1977112432434893,InComm-sourced,True,ablation_v1
MOCK06514,BH_POST_DISCHARGE_7D,0.11298323499789562,InComm-sourced,True,ablation_v1
MOCK06520,BH_POST_DISCHARGE_7D,0.23673080490996923,InComm-sourced,True,ablation_v1
MOCK06526,BH_POST_DISCHARGE_7D,0.08917758935524896,InComm-sourced,True,ablation_v1
MOCK06532,BH_POST_DISCHARGE_7D,0.17751317033998018,InComm-sourced,True,ablation_v1
MOCK06538,BH_POST_DISCHARGE_7D,0.19542185514841845,InComm-sourced,True,ablation_v1
MOCK06544,BH_POST_DISCHARGE_7D,0.21204389735561388,InComm-sourced,True,ablation_v1
MOCK06550,BH_POST_DISCHARGE_7D,0.20337601494002577,InComm-sourced,True,ablation_v1
MOCK06556,BH_POST_DISCHARGE_7D,0.09731373950076107,InComm-sourced,True,ablation_v1
MOCK06562,BH_POST_DISCHARGE_7D,0.23132616433710626,InComm-sourced,True,ablation_v1
MOCK06568,BH_POST_DISCHARGE_7D,0.09248333762990153,InComm-sourced,True,ablation_v1
MOCK06574,BH_POST_DISCHARGE_7D,0.07230861874195856,InComm-sourced,True,ablation_v1
MOCK06580,BH_POST_DISCHARGE_7D,0.13389495408919652,InComm-sourced,True,ablation_v1
MOCK06586,BH_POST_DISCHARGE_7D,0.1381808144819438,InComm-sourced,True,ablation_v1
MOCK06592,BH_POST_DISCHARGE_7D,0.10746499808099451,InComm-sourced,True,ablation_v1
MOCK06598,BH_POST_DISCHARGE_7D,0.08965744275069872,InComm-sourced,True,ablation_v1
MOCK06604,BH_POST_DISCHARGE_7D,0.10669575127105532,InComm-sourced,True,ablation_v1
MOCK06610,BH_POST_DISCHARGE_7D,0.07620763722343593,InComm-sourced,True,ablation_v1
MOCK06616,BH_POST_DISCHARGE_7D,0.13423127452613814,InComm-sourced,True,ablation_v1
MOCK06622,BH_POST_DISCHARGE_7D,0.12083490427293873,InComm-sourced,True,ablation_v1
MOCK06628,BH_POST_DISCHARGE_7D,0.12262222397179928,InComm-sourced,True,ablation_v1
MOCK06634,BH_POST_DISCHARGE_7D,0.11583194027828213,InComm-sourced,True,ablation_v1
MOCK06640,BH_POST_DISCHARGE_7D,0.11513330303531669,InComm-sourced,True,ablation_v1
MOCK06646,BH_POST_DISCHARGE_7D,0.20190586736520558,InComm-sourced,True,ablation_v1
MOCK06652,BH_POST_DISCHARGE_7D,0.19573798951051932,InComm-sourced,True,ablation_v1
MOCK06658,BH_POST_DISCHARGE_7D,0.2851369060648332,InComm-sourced,True,ablation_v1
MOCK06664,BH_POST_DISCHARGE_7D,0.18765778160450347,InComm-sourced,True,ablation_v1
MOCK06670,BH_POST_DISCHARGE_7D,0.05152138853465492,InComm-sourced,True,ablation_v1
MOCK06676,BH_POST_DISCHARGE_7D,0.14067467398526304,InComm-sourced,True,ablation_v1
MOCK06682,BH_POST_DISCHARGE_7D,0.14133183752003003,InComm-sourced,True,ablation_v1
MOCK06688,BH_POST_DISCHARGE_7D,0.18614329338526256,InComm-sourced,True,ablation_v1
MOCK06694,BH_POST_DISCHARGE_7D,0.21102077229146396,InComm-sourced,True,ablation_v1
MOCK06700,BH_POST_DISCHARGE_7D,0.08155804783777837,InComm-sourced,True,ablation_v1
MOCK06706,BH_POST_DISCHARGE_7D,0.07849575665502274,InComm-sourced,True,ablation_v1
MOCK06712,BH_POST_DISCHARGE_7D,0.07883275923879181,InComm-sourced,True,ablation_v1
MOCK06718,BH_POST_DISCHARGE_7D,0.16524699316428912,InComm-sourced,True,ablation_v1
MOCK06724,BH_POST_DISCHARGE_7D,0.15471142823431136,InComm-sourced,True,ablation_v1
MOCK06730,BH_POST_DISCHARGE_7D,0.08969937705228054,InComm-sourced,True,ablation_v1
MOCK06736,BH_POST_DISCHARGE_7D,0.11751701938590377,InComm-sourced,True,ablation_v1
MOCK06742,BH_POST_DISCHARGE_7D,0.07753806785864517,InComm-sourced,True,ablation_v1
MOCK06748,BH_POST_DISCHARGE_7D,0.17284152648423348,InComm-sourced,True,ablation_v1
MOCK06754,BH_POST_DISCHARGE_7D,0.1785603914243209,InComm-sourced,True,ablation_v1
MOCK06760,BH_POST_DISCHARGE_7D,0.21429891160548048,InComm-sourced,True,ablation_v1
MOCK06766,BH_POST_DISCHARGE_7D,0.08177309303955985,InComm-sourced,True,ablation_v1
MOCK06772,BH_POST_DISCHARGE_7D,0.20026791977722475,InComm-sourced,True,ablation_v1
MOCK06778,BH_POST_DISCHARGE_7D,0.13806458423250376,InComm-sourced,True,ablation_v1
MOCK06784,BH_POST_DISCHARGE_7D,0.220015278970646,InComm-sourced,True,ablation_v1
MOCK06790,BH_POST_DISCHARGE_7D,0.09862859848199071,InComm-sourced,True,ablation_v1
MOCK06796,BH_POST_DISCHARGE_7D,0.20150934471546614,InComm-sourced,True,ablation_v1
MOCK06802,BH_POST_DISCHARGE_7D,0.12179924884172506,InComm-sourced,True,ablation_v1
MOCK06808,BH_POST_DISCHARGE_7D,0.16659496817456354,InComm-sourced,True,ablation_v1
MOCK06814,BH_POST_DISCHARGE_7D,0.15449559678645822,InComm-sourced,True,ablation_v1
MOCK06820,BH_POST_DISCHARGE_7D,0.12528997569184966,InComm-sourced,True,ablation_v1
MOCK06826,BH_POST_DISCHARGE_7D,0.0933814616017094,InComm-sourced,True,ablation_v1
MOCK06832,BH_POST_DISCHARGE_7D,0.08570041196125044,InComm-sourced,True,ablation_v1
MOCK06838,BH_POST_DISCHARGE_7D,0.15214639755343465,InComm-sourced,True,ablation_v1
MOCK06844,BH_POST_DISCHARGE_7D,0.1298249110291634,InComm-sourced,True,ablation_v1
MOCK06850,BH_POST_DISCHARGE_7D,0.17410740160576585,InComm-sourced,True,ablation_v1
MOCK06856,BH_POST_DISCHARGE_7D,0.16809638081459508,InComm-sourced,True,ablation_v1
MOCK06862,BH_POST_DISCHARGE_7D,0.11902131544516428,InComm-sourced,True,ablation_v1
MOCK06868,BH_POST_DISCHARGE_7D,0.2239119091412749,InComm-sourced,True,ablation_v1
MOCK06874,BH_POST_DISCHARGE_7D,0.13030564215255108,InComm-sourced,True,ablation_v1
MOCK06880,BH_POST_DISCHARGE_7D,0.04787926858867238,InComm-sourced,True,ablation_v1
MOCK06886,BH_POST_DISCHARGE_7D,0.09442111485998443,InComm-sourced,True,ablation_v1
MOCK06892,BH_POST_DISCHARGE_7D,0.11897214174675644,InComm-sourced,True,ablation_v1
MOCK06898,BH_POST_DISCHARGE_7D,0.08641432899060308,InComm-sourced,True,ablation_v1
MOCK06904,BH_POST_DISCHARGE_7D,0.16107273897026214,InComm-sourced,True,ablation_v1
MOCK06910,BH_POST_DISCHARGE_7D,0.11156780489666251,InComm-sourced,True,ablation_v1
MOCK06916,BH_POST_DISCHARGE_7D,0.19265098746209366,InComm-sourced,True,ablation_v1
MOCK06922,BH_POST_DISCHARGE_7D,0.19154340571328698,InComm-sourced,True,ablation_v1
MOCK06928,BH_POST_DISCHARGE_7D,0.2221148850378757,InComm-sourced,True,ablation_v1
MOCK06934,BH_POST_DISCHARGE_7D,0.24873074114848545,InComm-sourced,True,ablation_v1
MOCK06940,BH_POST_DISCHARGE_7D,0.0785489864624409,InComm-sourced,True,ablation_v1
MOCK06946,BH_POST_DISCHARGE_7D,0.1744022435081731,InComm-sourced,True,ablation_v1
MOCK06952,BH_POST_DISCHARGE_7D,0.11270737337302071,InComm-sourced,True,ablation_v1
MOCK06958,BH_POST_DISCHARGE_7D,0.21563226402908595,InComm-sourced,True,ablation_v1
MOCK06964,BH_POST_DISCHARGE_7D,0.17609858580774596,InComm-sourced,True,ablation_v1
MOCK06970,BH_POST_DISCHARGE_7D,0.14321026141340346,InComm-sourced,True,ablation_v1
MOCK06976,BH_POST_DISCHARGE_7D,0.19913532761432987,InComm-sourced,True,ablation_v1
MOCK06982,BH_POST_DISCHARGE_7D,0.20139896131058793,InComm-sourced,True,ablation_v1
MOCK06988,BH_POST_DISCHARGE_7D,0.23470997988955714,InComm-sourced,True,ablation_v1
MOCK06994,BH_POST_DISCHARGE_7D,0.17426178322915623,InComm-sourced,True,ablation_v1
MOCK07000,BH_POST_DISCHARGE_7D,0.3192173048570386,InComm-sourced,True,ablation_v1
MOCK07006,BH_POST_DISCHARGE_7D,0.1139358036186033,InComm-sourced,True,ablation_v1
MOCK07012,BH_POST_DISCHARGE_7D,0.09984759569218109,InComm-sourced,True,ablation_v1
MOCK07018,BH_POST_DISCHARGE_7D,0.3748221056197969,InComm-sourced,True,ablation_v1
MOCK07024,BH_POST_DISCHARGE_7D,0.14372976158214296,InComm-sourced,True,ablation_v1
MOCK07030,BH_POST_DISCHARGE_7D,0.1625748471732616,InComm-sourced,True,ablation_v1
MOCK07036,BH_POST_DISCHARGE_7D,0.15055351002428213,InComm-sourced,True,ablation_v1
MOCK07042,BH_POST_DISCHARGE_7D,0.28222150664323853,InComm-sourced,True,ablation_v1
MOCK07048,BH_POST_DISCHARGE_7D,0.09397072892334436,InComm-sourced,True,ablation_v1
MOCK07054,BH_POST_DISCHARGE_7D,0.13533788163445157,InComm-sourced,True,ablation_v1
MOCK07060,BH_POST_DISCHARGE_7D,0.1552359379001576,InComm-sourced,True,ablation_v1
MOCK07066,BH_POST_DISCHARGE_7D,0.1897707968011705,InComm-sourced,True,ablation_v1
MOCK07072,BH_POST_DISCHARGE_7D,0.2104301459889541,InComm-sourced,True,ablation_v1
MOCK07078,BH_POST_DISCHARGE_7D,0.10587617440201445,InComm-sourced,True,ablation_v1
MOCK07084,BH_POST_DISCHARGE_7D,0.07003769478507094,InComm-sourced,True,ablation_v1
MOCK07090,BH_POST_DISCHARGE_7D,0.16480129948277594,InComm-sourced,True,ablation_v1
MOCK07096,BH_POST_DISCHARGE_7D,0.08211683896641882,InComm-sourced,True,ablation_v1
MOCK07102,BH_POST_DISCHARGE_7D,0.1810009886077656,InComm-sourced,True,ablation_v1
MOCK07108,BH_POST_DISCHARGE_7D,0.07284241568073968,InComm-sourced,True,ablation_v1
MOCK07114,BH_POST_DISCHARGE_7D,0.10720313003834514,InComm-sourced,True,ablation_v1
MOCK07120,BH_POST_DISCHARGE_7D,0.11173365998006328,InComm-sourced,True,ablation_v1
MOCK07126,BH_POST_DISCHARGE_7D,0.14836105016409573,InComm-sourced,True,ablation_v1
MOCK07132,BH_POST_DISCHARGE_7D,0.21741166344822546,InComm-sourced,True,ablation_v1
MOCK07138,BH_POST_DISCHARGE_7D,0.22912311992699894,InComm-sourced,True,ablation_v1
MOCK07144,BH_POST_DISCHARGE_7D,0.07663545230887668,InComm-sourced,True,ablation_v1
MOCK07150,BH_POST_DISCHARGE_7D,0.09171274367963694,InComm-sourced,True,ablation_v1
MOCK07156,BH_POST_DISCHARGE_7D,0.06882668473652902,InComm-sourced,True,ablation_v1
MOCK07162,BH_POST_DISCHARGE_7D,0.21634733587914368,InComm-sourced,True,ablation_v1
MOCK07168,BH_POST_DISCHARGE_7D,0.11455992272637122,InComm-sourced,True,ablation_v1
MOCK07174,BH_POST_DISCHARGE_7D,0.0973501695182598,InComm-sourced,True,ablation_v1
MOCK07180,BH_POST_DISCHARGE_7D,0.24984469914993415,InComm-sourced,True,ablation_v1
MOCK07186,BH_POST_DISCHARGE_7D,0.08546332916713124,InComm-sourced,True,ablation_v1
MOCK07192,BH_POST_DISCHARGE_7D,0.16256526875910055,InComm-sourced,True,ablation_v1
MOCK07198,BH_POST_DISCHARGE_7D,0.12537432104049653,InComm-sourced,True,ablation_v1
MOCK07204,BH_POST_DISCHARGE_7D,0.13598736349152835,InComm-sourced,True,ablation_v1
MOCK07210,BH_POST_DISCHARGE_7D,0.12406117672951078,InComm-sourced,True,ablation_v1
MOCK07216,BH_POST_DISCHARGE_7D,0.22997373496714446,InComm-sourced,True,ablation_v1
MOCK07222,BH_POST_DISCHARGE_7D,0.26377270524135493,InComm-sourced,True,ablation_v1
MOCK07228,BH_POST_DISCHARGE_7D,0.17622119957169644,InComm-sourced,True,ablation_v1
MOCK07234,BH_POST_DISCHARGE_7D,0.17606647194801348,InComm-sourced,True,ablation_v1
MOCK07240,BH_POST_DISCHARGE_7D,0.09680390705892992,InComm-sourced,True,ablation_v1
MOCK07246,BH_POST_DISCHARGE_7D,0.05016894237289573,InComm-sourced,True,ablation_v1
MOCK07252,BH_POST_DISCHARGE_7D,0.0841428991357469,InComm-sourced,True,ablation_v1
MOCK07258,BH_POST_DISCHARGE_7D,0.11278751274895467,InComm-sourced,True,ablation_v1
MOCK07264,BH_POST_DISCHARGE_7D,0.06651428889435904,InComm-sourced,True,ablation_v1
MOCK07270,BH_POST_DISCHARGE_7D,0.10072337941403738,InComm-sourced,True,ablation_v1
MOCK07276,BH_POST_DISCHARGE_7D,0.336449759005436,InComm-sourced,True,ablation_v1
MOCK07282,BH_POST_DISCHARGE_7D,0.26557080867229516,InComm-sourced,True,ablation_v1
MOCK07288,BH_POST_DISCHARGE_7D,0.14469489130847063,InComm-sourced,True,ablation_v1
MOCK07294,BH_POST_DISCHARGE_7D,0.13525767913426354,InComm-sourced,True,ablation_v1
MOCK07300,BH_POST_DISCHARGE_7D,0.10659185075340114,InComm-sourced,True,ablation_v1
MOCK07306,BH_POST_DISCHARGE_7D,0.08199448970618838,InComm-sourced,True,ablation_v1
MOCK07312,BH_POST_DISCHARGE_7D,0.09366794797781029,InComm-sourced,True,ablation_v1
MOCK07318,BH_POST_DISCHARGE_7D,0.08564150628142803,InComm-sourced,True,ablation_v1
MOCK07324,BH_POST_DISCHARGE_7D,0.15866685480389686,InComm-sourced,True,ablation_v1
MOCK07330,BH_POST_DISCHARGE_7D,0.33334261937694315,InComm-sourced,True,ablation_v1
MOCK07336,BH_POST_DISCHARGE_7D,0.16906176243566162,InComm-sourced,True,ablation_v1
MOCK07342,BH_POST_DISCHARGE_7D,0.08019588646559658,InComm-sourced,True,ablation_v1
MOCK07348,BH_POST_DISCHARGE_7D,0.14546368346246802,InComm-sourced,True,ablation_v1
MOCK07354,BH_POST_DISCHARGE_7D,0.12350706128196341,InComm-sourced,True,ablation_v1
MOCK07360,BH_POST_DISCHARGE_7D,0.28712960578027014,InComm-sourced,True,ablation_v1
MOCK07366,BH_POST_DISCHARGE_7D,0.21855137808841005,InComm-sourced,True,ablation_v1
MOCK07372,BH_POST_DISCHARGE_7D,0.18638960602774218,InComm-sourced,True,ablation_v1
MOCK07378,BH_POST_DISCHARGE_7D,0.13884431163914196,InComm-sourced,True,ablation_v1
MOCK07384,BH_POST_DISCHARGE_7D,0.13724263320947583,InComm-sourced,True,ablation_v1
MOCK07390,BH_POST_DISCHARGE_7D,0.07284149754787912,InComm-sourced,True,ablation_v1
MOCK07396,BH_POST_DISCHARGE_7D,0.07987798020849929,InComm-sourced,True,ablation_v1
MOCK07402,BH_POST_DISCHARGE_7D,0.25133680502589195,InComm-sourced,True,ablation_v1
MOCK07408,BH_POST_DISCHARGE_7D,0.09051098108624743,InComm-sourced,True,ablation_v1
MOCK07414,BH_POST_DISCHARGE_7D,0.08155829246265948,InComm-sourced,True,ablation_v1
MOCK07420,BH_POST_DISCHARGE_7D,0.1064689200626965,InComm-sourced,True,ablation_v1
MOCK07426,BH_POST_DISCHARGE_7D,0.1274258313646457,InComm-sourced,True,ablation_v1
MOCK07432,BH_POST_DISCHARGE_7D,0.19556387397312133,InComm-sourced,True,ablation_v1
MOCK07438,BH_POST_DISCHARGE_7D,0.1158237157896673,InComm-sourced,True,ablation_v1
MOCK07444,BH_POST_DISCHARGE_7D,0.22124584336473618,InComm-sourced,True,ablation_v1
MOCK07450,BH_POST_DISCHARGE_7D,0.11548008552727543,InComm-sourced,True,ablation_v1
MOCK07456,BH_POST_DISCHARGE_7D,0.1016766501895809,InComm-sourced,True,ablation_v1
MOCK07462,BH_POST_DISCHARGE_7D,0.05232419987649138,InComm-sourced,True,ablation_v1
MOCK07468,BH_POST_DISCHARGE_7D,0.21759434099345348,InComm-sourced,True,ablation_v1
MOCK07474,BH_POST_DISCHARGE_7D,0.11772019611589735,InComm-sourced,True,ablation_v1
MOCK07480,BH_POST_DISCHARGE_7D,0.19656177134328334,InComm-sourced,True,ablation_v1
MOCK07486,BH_POST_DISCHARGE_7D,0.08457442226194116,InComm-sourced,True,ablation_v1
MOCK07492,BH_POST_DISCHARGE_7D,0.11252690839752004,InComm-sourced,True,ablation_v1
MOCK07498,BH_POST_DISCHARGE_7D,0.13775989817993622,InComm-sourced,True,ablation_v1
MOCK07504,BH_POST_DISCHARGE_7D,0.1903810273437426,InComm-sourced,True,ablation_v1
MOCK07510,BH_POST_DISCHARGE_7D,0.05086692651906188,InComm-sourced,True,ablation_v1
MOCK07516,BH_POST_DISCHARGE_7D,0.13400107087257096,InComm-sourced,True,ablation_v1
MOCK07522,BH_POST_DISCHARGE_7D,0.1579434371461648,InComm-sourced,True,ablation_v1
MOCK07528,BH_POST_DISCHARGE_7D,0.13487079296846835,InComm-sourced,True,ablation_v1
MOCK07534,BH_POST_DISCHARGE_7D,0.1184779141230296,InComm-sourced,True,ablation_v1
MOCK07540,BH_POST_DISCHARGE_7D,0.09997863911735681,InComm-sourced,True,ablation_v1
MOCK07546,BH_POST_DISCHARGE_7D,0.17467906464085428,InComm-sourced,True,ablation_v1
MOCK07552,BH_POST_DISCHARGE_7D,0.15627644820607373,InComm-sourced,True,ablation_v1
MOCK07558,BH_POST_DISCHARGE_7D,0.12357338042447105,InComm-sourced,True,ablation_v1
MOCK07564,BH_POST_DISCHARGE_7D,0.1880307030144329,InComm-sourced,True,ablation_v1
MOCK07570,BH_POST_DISCHARGE_7D,0.10263974550101264,InComm-sourced,True,ablation_v1
MOCK07576,BH_POST_DISCHARGE_7D,0.18004885058383074,InComm-sourced,True,ablation_v1
MOCK07582,BH_POST_DISCHARGE_7D,0.11592455690088861,InComm-sourced,True,ablation_v1
MOCK07588,BH_POST_DISCHARGE_7D,0.16498473929461058,InComm-sourced,True,ablation_v1
MOCK07594,BH_POST_DISCHARGE_7D,0.11347446367388593,InComm-sourced,True,ablation_v1
MOCK07600,BH_POST_DISCHARGE_7D,0.10900695359562124,InComm-sourced,True,ablation_v1
MOCK07606,BH_POST_DISCHARGE_7D,0.3287268325658923,InComm-sourced,True,ablation_v1
MOCK07612,BH_POST_DISCHARGE_7D,0.067212337949128,InComm-sourced,True,ablation_v1
MOCK07618,BH_POST_DISCHARGE_7D,0.20936019898471642,InComm-sourced,True,ablation_v1
MOCK07624,BH_POST_DISCHARGE_7D,0.1311403939460144,InComm-sourced,True,ablation_v1
MOCK07630,BH_POST_DISCHARGE_7D,0.1679311080106601,InComm-sourced,True,ablation_v1
MOCK07636,BH_POST_DISCHARGE_7D,0.27129072628068485,InComm-sourced,True,ablation_v1
MOCK07642,BH_POST_DISCHARGE_7D,0.14171443760636082,InComm-sourced,True,ablation_v1
MOCK07648,BH_POST_DISCHARGE_7D,0.16534092792587077,InComm-sourced,True,ablation_v1
MOCK07654,BH_POST_DISCHARGE_7D,0.09185102746624493,InComm-sourced,True,ablation_v1
MOCK07660,BH_POST_DISCHARGE_7D,0.058913251421360564,InComm-sourced,True,ablation_v1
MOCK07666,BH_POST_DISCHARGE_7D,0.08366080578125382,InComm-sourced,True,ablation_v1
MOCK07672,BH_POST_DISCHARGE_7D,0.2625393928329544,InComm-sourced,True,ablation_v1
MOCK07678,BH_POST_DISCHARGE_7D,0.09769957726649103,InComm-sourced,True,ablation_v1
MOCK07684,BH_POST_DISCHARGE_7D,0.18678904095949667,InComm-sourced,True,ablation_v1
MOCK07690,BH_POST_DISCHARGE_7D,0.08155556561653171,InComm-sourced,True,ablation_v1
MOCK07696,BH_POST_DISCHARGE_7D,0.11149536441116574,InComm-sourced,True,ablation_v1
MOCK07702,BH_POST_DISCHARGE_7D,0.22313236082417903,InComm-sourced,True,ablation_v1
MOCK07708,BH_POST_DISCHARGE_7D,0.20152649097658673,InComm-sourced,True,ablation_v1
MOCK07714,BH_POST_DISCHARGE_7D,0.14748953565251177,InComm-sourced,True,ablation_v1
MOCK07720,BH_POST_DISCHARGE_7D,0.13807579464383077,InComm-sourced,True,ablation_v1
MOCK07726,BH_POST_DISCHARGE_7D,0.12738913598651083,InComm-sourced,True,ablation_v1
MOCK07732,BH_POST_DISCHARGE_7D,0.10714606457428623,InComm-sourced,True,ablation_v1
MOCK07738,BH_POST_DISCHARGE_7D,0.11214390461303587,InComm-sourced,True,ablation_v1
MOCK07744,BH_POST_DISCHARGE_7D,0.116154345410133,InComm-sourced,True,ablation_v1
MOCK07750,BH_POST_DISCHARGE_7D,0.14633436562326074,InComm-sourced,True,ablation_v1
MOCK07756,BH_POST_DISCHARGE_7D,0.05753203197655999,InComm-sourced,True,ablation_v1
MOCK07762,BH_POST_DISCHARGE_7D,0.08613126404266273,InComm-sourced,True,ablation_v1
MOCK07768,BH_POST_DISCHARGE_7D,0.2700387212744251,InComm-sourced,True,ablation_v1
MOCK07774,BH_POST_DISCHARGE_7D,0.1559944146752174,InComm-sourced,True,ablation_v1
MOCK07780,BH_POST_DISCHARGE_7D,0.2264176367995787,InComm-sourced,True,ablation_v1
MOCK07786,BH_POST_DISCHARGE_7D,0.13888489132115156,InComm-sourced,True,ablation_v1
MOCK07792,BH_POST_DISCHARGE_7D,0.09590430165494851,InComm-sourced,True,ablation_v1
MOCK07798,BH_POST_DISCHARGE_7D,0.1341560711409073,InComm-sourced,True,ablation_v1
MOCK07804,BH_POST_DISCHARGE_7D,0.13928814192029865,InComm-sourced,True,ablation_v1
MOCK07810,BH_POST_DISCHARGE_7D,0.16839069076167817,InComm-sourced,True,ablation_v1
MOCK07816,BH_POST_DISCHARGE_7D,0.22387156234089975,InComm-sourced,True,ablation_v1
MOCK07822,BH_POST_DISCHARGE_7D,0.19115316642987326,InComm-sourced,True,ablation_v1
MOCK07828,BH_POST_DISCHARGE_7D,0.2360329219304449,InComm-sourced,True,ablation_v1
MOCK07834,BH_POST_DISCHARGE_7D,0.2926357544129236,InComm-sourced,True,ablation_v1
MOCK07840,BH_POST_DISCHARGE_7D,0.17609289518776447,InComm-sourced,True,ablation_v1
MOCK07846,BH_POST_DISCHARGE_7D,0.17906935200566598,InComm-sourced,True,ablation_v1
MOCK07852,BH_POST_DISCHARGE_7D,0.26912382302793036,InComm-sourced,True,ablation_v1
MOCK07858,BH_POST_DISCHARGE_7D,0.1111899215224512,InComm-sourced,True,ablation_v1
MOCK07864,BH_POST_DISCHARGE_7D,0.23982366307894795,InComm-sourced,True,ablation_v1
MOCK07870,BH_POST_DISCHARGE_7D,0.07547087879002908,InComm-sourced,True,ablation_v1
MOCK07876,BH_POST_DISCHARGE_7D,0.10577671831667591,InComm-sourced,True,ablation_v1
MOCK07882,BH_POST_DISCHARGE_7D,0.11273267520640655,InComm-sourced,True,ablation_v1
MOCK07888,BH_POST_DISCHARGE_7D,0.15656464080538324,InComm-sourced,True,ablation_v1
MOCK07894,BH_POST_DISCHARGE_7D,0.27115083486717156,InComm-sourced,True,ablation_v1
MOCK07900,BH_POST_DISCHARGE_7D,0.1017584259496901,InComm-sourced,True,ablation_v1
MOCK07906,BH_POST_DISCHARGE_7D,0.10110784919032749,InComm-sourced,True,ablation_v1
MOCK07912,BH_POST_DISCHARGE_7D,0.11459575869500724,InComm-sourced,True,ablation_v1
MOCK07918,BH_POST_DISCHARGE_7D,0.0911668364650842,InComm-sourced,True,ablation_v1
MOCK07924,BH_POST_DISCHARGE_7D,0.2211978813449485,InComm-sourced,True,ablation_v1
MOCK07930,BH_POST_DISCHARGE_7D,0.10379971562105209,InComm-sourced,True,ablation_v1
MOCK07936,BH_POST_DISCHARGE_7D,0.09512215753019153,InComm-sourced,True,ablation_v1
MOCK07942,BH_POST_DISCHARGE_7D,0.11289155584627854,InComm-sourced,True,ablation_v1
MOCK07948,BH_POST_DISCHARGE_7D,0.28062029493853263,InComm-sourced,True,ablation_v1
MOCK07954,BH_POST_DISCHARGE_7D,0.17948714616090283,InComm-sourced,True,ablation_v1
MOCK07960,BH_POST_DISCHARGE_7D,0.2712047272264102,InComm-sourced,True,ablation_v1
MOCK07966,BH_POST_DISCHARGE_7D,0.22479946278969817,InComm-sourced,True,ablation_v1
MOCK07972,BH_POST_DISCHARGE_7D,0.0872605277205313,InComm-sourced,True,ablation_v1
MOCK07978,BH_POST_DISCHARGE_7D,0.16320705335875135,InComm-sourced,True,ablation_v1
MOCK07984,BH_POST_DISCHARGE_7D,0.12176882750217767,InComm-sourced,True,ablation_v1
MOCK07990,BH_POST_DISCHARGE_7D,0.09353890070820557,InComm-sourced,True,ablation_v1
MOCK07996,BH_POST_DISCHARGE_7D,0.11476829101469033,InComm-sourced,True,ablation_v1
MOCK08002,BH_POST_DISCHARGE_7D,0.2399046357876634,InComm-sourced,True,ablation_v1
MOCK08008,BH_POST_DISCHARGE_7D,0.09816358711843753,InComm-sourced,True,ablation_v1
MOCK08014,BH_POST_DISCHARGE_7D,0.08391007876820508,InComm-sourced,True,ablation_v1
MOCK08020,BH_POST_DISCHARGE_7D,0.13815135989028005,InComm-sourced,True,ablation_v1
MOCK08026,BH_POST_DISCHARGE_7D,0.11869840666996026,InComm-sourced,True,ablation_v1
MOCK08032,BH_POST_DISCHARGE_7D,0.06575729930934236,InComm-sourced,True,ablation_v1
MOCK08038,BH_POST_DISCHARGE_7D,0.1789512222543075,InComm-sourced,True,ablation_v1
MOCK08044,BH_POST_DISCHARGE_7D,0.06326644482300192,InComm-sourced,True,ablation_v1
MOCK08050,BH_POST_DISCHARGE_7D,0.06716478443542864,InComm-sourced,True,ablation_v1
MOCK08056,BH_POST_DISCHARGE_7D,0.21477009360239013,InComm-sourced,True,ablation_v1
MOCK08062,BH_POST_DISCHARGE_7D,0.1361090070457038,InComm-sourced,True,ablation_v1
MOCK08068,BH_POST_DISCHARGE_7D,0.058308725946619816,InComm-sourced,True,ablation_v1
MOCK08074,BH_POST_DISCHARGE_7D,0.15982736996900315,InComm-sourced,True,ablation_v1
MOCK08080,BH_POST_DISCHARGE_7D,0.0917937724605758,InComm-sourced,True,ablation_v1
MOCK08086,BH_POST_DISCHARGE_7D,0.07899889996027916,InComm-sourced,True,ablation_v1
MOCK08092,BH_POST_DISCHARGE_7D,0.09103071760957232,InComm-sourced,True,ablation_v1
MOCK08098,BH_POST_DISCHARGE_7D,0.23138675543250242,InComm-sourced,True,ablation_v1
MOCK08104,BH_POST_DISCHARGE_7D,0.11008773723684417,InComm-sourced,True,ablation_v1
MOCK08110,BH_POST_DISCHARGE_7D,0.09442660649112126,InComm-sourced,True,ablation_v1
MOCK08116,BH_POST_DISCHARGE_7D,0.24818098418089915,InComm-sourced,True,ablation_v1
MOCK08122,BH_POST_DISCHARGE_7D,0.07217384552739338,InComm-sourced,True,ablation_v1
MOCK08128,BH_POST_DISCHARGE_7D,0.2181735022964798,InComm-sourced,True,ablation_v1
MOCK08134,BH_POST_DISCHARGE_7D,0.1380452290933726,InComm-sourced,True,ablation_v1
MOCK08140,BH_POST_DISCHARGE_7D,0.18377565644661265,InComm-sourced,True,ablation_v1
MOCK08146,BH_POST_DISCHARGE_7D,0.11180871306607086,InComm-sourced,True,ablation_v1
MOCK08152,BH_POST_DISCHARGE_7D,0.05596156372103302,InComm-sourced,True,ablation_v1
MOCK08158,BH_POST_DISCHARGE_7D,0.12987566026123723,InComm-sourced,True,ablation_v1
MOCK08164,BH_POST_DISCHARGE_7D,0.1132637958346297,InComm-sourced,True,ablation_v1
MOCK08170,BH_POST_DISCHARGE_7D,0.14366201149599553,InComm-sourced,True,ablation_v1
MOCK08176,BH_POST_DISCHARGE_7D,0.08016482408011677,InComm-sourced,True,ablation_v1
MOCK08182,BH_POST_DISCHARGE_7D,0.09197847637754071,InComm-sourced,True,ablation_v1
MOCK08188,BH_POST_DISCHARGE_7D,0.10099904191384573,InComm-sourced,True,ablation_v1
MOCK08194,BH_POST_DISCHARGE_7D,0.2582947034567401,InComm-sourced,True,ablation_v1
MOCK08200,BH_POST_DISCHARGE_7D,0.05574660047213144,InComm-sourced,True,ablation_v1
MOCK08206,BH_POST_DISCHARGE_7D,0.08716437200720299,InComm-sourced,True,ablation_v1
MOCK08212,BH_POST_DISCHARGE_7D,0.15998213592297847,InComm-sourced,True,ablation_v1
MOCK08218,BH_POST_DISCHARGE_7D,0.19895847807666978,InComm-sourced,True,ablation_v1
MOCK08224,BH_POST_DISCHARGE_7D,0.15693529341038465,InComm-sourced,True,ablation_v1
MOCK08230,BH_POST_DISCHARGE_7D,0.07002944613573008,InComm-sourced,True,ablation_v1
MOCK08236,BH_POST_DISCHARGE_7D,0.22087302106989043,InComm-sourced,True,ablation_v1
MOCK08242,BH_POST_DISCHARGE_7D,0.09190670944143857,InComm-sourced,True,ablation_v1
MOCK08248,BH_POST_DISCHARGE_7D,0.20821523319110605,InComm-sourced,True,ablation_v1
MOCK08254,BH_POST_DISCHARGE_7D,0.1469699221554346,InComm-sourced,True,ablation_v1
MOCK08260,BH_POST_DISCHARGE_7D,0.09822938206162252,InComm-sourced,True,ablation_v1
MOCK08266,BH_POST_DISCHARGE_7D,0.13382154094114793,InComm-sourced,True,ablation_v1
MOCK08272,BH_POST_DISCHARGE_7D,0.1550979125743169,InComm-sourced,True,ablation_v1
MOCK08278,BH_POST_DISCHARGE_7D,0.16419375135707132,InComm-sourced,True,ablation_v1
MOCK08284,BH_POST_DISCHARGE_7D,0.13868507972420988,InComm-sourced,True,ablation_v1
MOCK08290,BH_POST_DISCHARGE_7D,0.15171415833330457,InComm-sourced,True,ablation_v1
MOCK08296,BH_POST_DISCHARGE_7D,0.07672772993251836,InComm-sourced,True,ablation_v1
MOCK08302,BH_POST_DISCHARGE_7D,0.07370856715613623,InComm-sourced,True,ablation_v1
MOCK08308,BH_POST_DISCHARGE_7D,0.10550432556032999,InComm-sourced,True,ablation_v1
MOCK08314,BH_POST_DISCHARGE_7D,0.23458554349221813,InComm-sourced,True,ablation_v1
MOCK08320,BH_POST_DISCHARGE_7D,0.13973962217946018,InComm-sourced,True,ablation_v1
MOCK08326,BH_POST_DISCHARGE_7D,0.08760317787051738,InComm-sourced,True,ablation_v1
MOCK08332,BH_POST_DISCHARGE_7D,0.10318960407535889,InComm-sourced,True,ablation_v1
MOCK08338,BH_POST_DISCHARGE_7D,0.10752744168769988,InComm-sourced,True,ablation_v1
MOCK08344,BH_POST_DISCHARGE_7D,0.1671132492428456,InComm-sourced,True,ablation_v1
MOCK08350,BH_POST_DISCHARGE_7D,0.13513345819430192,InComm-sourced,True,ablation_v1
MOCK08356,BH_POST_DISCHARGE_7D,0.15485605760441576,InComm-sourced,True,ablation_v1
MOCK08362,BH_POST_DISCHARGE_7D,0.21971381566425421,InComm-sourced,True,ablation_v1
MOCK08368,BH_POST_DISCHARGE_7D,0.15249123995116384,InComm-sourced,True,ablation_v1
MOCK08374,BH_POST_DISCHARGE_7D,0.2422567262238786,InComm-sourced,True,ablation_v1
MOCK08380,BH_POST_DISCHARGE_7D,0.18529012299273057,InComm-sourced,True,ablation_v1
MOCK08386,BH_POST_DISCHARGE_7D,0.22338988104762883,InComm-sourced,True,ablation_v1
MOCK08392,BH_POST_DISCHARGE_7D,0.29008856118704274,InComm-sourced,True,ablation_v1
MOCK08398,BH_POST_DISCHARGE_7D,0.09005402301062472,InComm-sourced,True,ablation_v1
MOCK08404,BH_POST_DISCHARGE_7D,0.11324205883726587,InComm-sourced,True,ablation_v1
MOCK08410,BH_POST_DISCHARGE_7D,0.1979517386618319,InComm-sourced,True,ablation_v1
MOCK08416,BH_POST_DISCHARGE_7D,0.1271830099825854,InComm-sourced,True,ablation_v1
MOCK08422,BH_POST_DISCHARGE_7D,0.06200744612689002,InComm-sourced,True,ablation_v1
MOCK08428,BH_POST_DISCHARGE_7D,0.18242483748974933,InComm-sourced,True,ablation_v1
MOCK08434,BH_POST_DISCHARGE_7D,0.14675030202002973,InComm-sourced,True,ablation_v1
MOCK08440,BH_POST_DISCHARGE_7D,0.2535941976482935,InComm-sourced,True,ablation_v1
MOCK08446,BH_POST_DISCHARGE_7D,0.15520623918545792,InComm-sourced,True,ablation_v1
MOCK08452,BH_POST_DISCHARGE_7D,0.17876228833801483,InComm-sourced,True,ablation_v1
MOCK08458,BH_POST_DISCHARGE_7D,0.14110034699970575,InComm-sourced,True,ablation_v1
MOCK08464,BH_POST_DISCHARGE_7D,0.13429557818063156,InComm-sourced,True,ablation_v1
MOCK08470,BH_POST_DISCHARGE_7D,0.37058869704743364,InComm-sourced,True,ablation_v1
MOCK08476,BH_POST_DISCHARGE_7D,0.09624583243160051,InComm-sourced,True,ablation_v1
MOCK08482,BH_POST_DISCHARGE_7D,0.0740740774144416,InComm-sourced,True,ablation_v1
MOCK08488,BH_POST_DISCHARGE_7D,0.15474334281544327,InComm-sourced,True,ablation_v1
MOCK08494,BH_POST_DISCHARGE_7D,0.09680406200635287,InComm-sourced,True,ablation_v1
MOCK08500,BH_POST_DISCHARGE_7D,0.13344545825968712,InComm-sourced,True,ablation_v1
MOCK08506,BH_POST_DISCHARGE_7D,0.07556438382338523,InComm-sourced,True,ablation_v1
MOCK08512,BH_POST_DISCHARGE_7D,0.06235156281059047,InComm-sourced,True,ablation_v1
MOCK08518,BH_POST_DISCHARGE_7D,0.19544279787742122,InComm-sourced,True,ablation_v1
MOCK08524,BH_POST_DISCHARGE_7D,0.24007563352635833,InComm-sourced,True,ablation_v1
MOCK08530,BH_POST_DISCHARGE_7D,0.1814006982174033,InComm-sourced,True,ablation_v1
MOCK08536,BH_POST_DISCHARGE_7D,0.14996528635402878,InComm-sourced,True,ablation_v1
MOCK08542,BH_POST_DISCHARGE_7D,0.0566138503226855,InComm-sourced,True,ablation_v1
MOCK08548,BH_POST_DISCHARGE_7D,0.11655975742251222,InComm-sourced,True,ablation_v1
MOCK08554,BH_POST_DISCHARGE_7D,0.1754710417764603,InComm-sourced,True,ablation_v1
MOCK08560,BH_POST_DISCHARGE_7D,0.06413913609377793,InComm-sourced,True,ablation_v1
MOCK08566,BH_POST_DISCHARGE_7D,0.1355646636126235,InComm-sourced,True,ablation_v1
MOCK08572,BH_POST_DISCHARGE_7D,0.12227878242919575,InComm-sourced,True,ablation_v1
MOCK08578,BH_POST_DISCHARGE_7D,0.1653592797516858,InComm-sourced,True,ablation_v1
MOCK08584,BH_POST_DISCHARGE_7D,0.10478279184493179,InComm-sourced,True,ablation_v1
MOCK08590,BH_POST_DISCHARGE_7D,0.12982052012163656,InComm-sourced,True,ablation_v1
MOCK08596,BH_POST_DISCHARGE_7D,0.1467806898943618,InComm-sourced,True,ablation_v1
MOCK08602,BH_POST_DISCHARGE_7D,0.08094189916064178,InComm-sourced,True,ablation_v1
MOCK08608,BH_POST_DISCHARGE_7D,0.13250546815075787,InComm-sourced,True,ablation_v1
MOCK08614,BH_POST_DISCHARGE_7D,0.09594175216780311,InComm-sourced,True,ablation_v1
MOCK08620,BH_POST_DISCHARGE_7D,0.19376521217862722,InComm-sourced,True,ablation_v1
MOCK08626,BH_POST_DISCHARGE_7D,0.12234593683725442,InComm-sourced,True,ablation_v1
MOCK08632,BH_POST_DISCHARGE_7D,0.23582644419110152,InComm-sourced,True,ablation_v1
MOCK08638,BH_POST_DISCHARGE_7D,0.13534670897446932,InComm-sourced,True,ablation_v1
MOCK08644,BH_POST_DISCHARGE_7D,0.06976478230759837,InComm-sourced,True,ablation_v1
MOCK08650,BH_POST_DISCHARGE_7D,0.10609910036330321,InComm-sourced,True,ablation_v1
MOCK08656,BH_POST_DISCHARGE_7D,0.12571766540324772,InComm-sourced,True,ablation_v1
MOCK08662,BH_POST_DISCHARGE_7D,0.08656719001628264,InComm-sourced,True,ablation_v1
MOCK08668,BH_POST_DISCHARGE_7D,0.2871528226863273,InComm-sourced,True,ablation_v1
MOCK08674,BH_POST_DISCHARGE_7D,0.22509322311493837,InComm-sourced,True,ablation_v1
MOCK08680,BH_POST_DISCHARGE_7D,0.15625697566740937,InComm-sourced,True,ablation_v1
MOCK08686,BH_POST_DISCHARGE_7D,0.09231930155163165,InComm-sourced,True,ablation_v1
MOCK08692,BH_POST_DISCHARGE_7D,0.0929703545212984,InComm-sourced,True,ablation_v1
MOCK08698,BH_POST_DISCHARGE_7D,0.1005072836350171,InComm-sourced,True,ablation_v1
MOCK08704,BH_POST_DISCHARGE_7D,0.1278797637956115,InComm-sourced,True,ablation_v1
MOCK08710,BH_POST_DISCHARGE_7D,0.21142329660879264,InComm-sourced,True,ablation_v1
MOCK08716,BH_POST_DISCHARGE_7D,0.18884925851480036,InComm-sourced,True,ablation_v1
MOCK08722,BH_POST_DISCHARGE_7D,0.21030697059217196,InComm-sourced,True,ablation_v1
MOCK08728,BH_POST_DISCHARGE_7D,0.3376807880061548,InComm-sourced,True,ablation_v1
MOCK08734,BH_POST_DISCHARGE_7D,0.11536622524555669,InComm-sourced,True,ablation_v1
MOCK08740,BH_POST_DISCHARGE_7D,0.11245158419091582,InComm-sourced,True,ablation_v1
MOCK08746,BH_POST_DISCHARGE_7D,0.1255385942876562,InComm-sourced,True,ablation_v1
MOCK08752,BH_POST_DISCHARGE_7D,0.15213562652867857,InComm-sourced,True,ablation_v1
MOCK08758,BH_POST_DISCHARGE_7D,0.17161575880467203,InComm-sourced,True,ablation_v1
MOCK08764,BH_POST_DISCHARGE_7D,0.17080206157857564,InComm-sourced,True,ablation_v1
MOCK08770,BH_POST_DISCHARGE_7D,0.2976054953951516,InComm-sourced,True,ablation_v1
MOCK08776,BH_POST_DISCHARGE_7D,0.14078941624031563,InComm-sourced,True,ablation_v1
MOCK08782,BH_POST_DISCHARGE_7D,0.08251084039658502,InComm-sourced,True,ablation_v1
MOCK08788,BH_POST_DISCHARGE_7D,0.16636149125441868,InComm-sourced,True,ablation_v1
MOCK08794,BH_POST_DISCHARGE_7D,0.0972597970290316,InComm-sourced,True,ablation_v1
MOCK08800,BH_POST_DISCHARGE_7D,0.0509277920852589,InComm-sourced,True,ablation_v1
MOCK08806,BH_POST_DISCHARGE_7D,0.16467376757740074,InComm-sourced,True,ablation_v1
MOCK08812,BH_POST_DISCHARGE_7D,0.19852477247971836,InComm-sourced,True,ablation_v1
MOCK08818,BH_POST_DISCHARGE_7D,0.19781552724288975,InComm-sourced,True,ablation_v1
MOCK08824,BH_POST_DISCHARGE_7D,0.25765502094944076,InComm-sourced,True,ablation_v1
MOCK08830,BH_POST_DISCHARGE_7D,0.24339630020170183,InComm-sourced,True,ablation_v1
MOCK08836,BH_POST_DISCHARGE_7D,0.08360842463716872,InComm-sourced,True,ablation_v1
MOCK08842,BH_POST_DISCHARGE_7D,0.16057340800280107,InComm-sourced,True,ablation_v1
MOCK08848,BH_POST_DISCHARGE_7D,0.09856225557152454,InComm-sourced,True,ablation_v1
MOCK08854,BH_POST_DISCHARGE_7D,0.12590314293242155,InComm-sourced,True,ablation_v1
MOCK08860,BH_POST_DISCHARGE_7D,0.10463767754513076,InComm-sourced,True,ablation_v1
MOCK08866,BH_POST_DISCHARGE_7D,0.1515638630031145,InComm-sourced,True,ablation_v1
MOCK08872,BH_POST_DISCHARGE_7D,0.1634776488950254,InComm-sourced,True,ablation_v1
MOCK08878,BH_POST_DISCHARGE_7D,0.08428019451728491,InComm-sourced,True,ablation_v1
MOCK08884,BH_POST_DISCHARGE_7D,0.12993947860144203,InComm-sourced,True,ablation_v1
MOCK08890,BH_POST_DISCHARGE_7D,0.07341957510928647,InComm-sourced,True,ablation_v1
MOCK08896,BH_POST_DISCHARGE_7D,0.14779440289723567,InComm-sourced,True,ablation_v1
MOCK08902,BH_POST_DISCHARGE_7D,0.06102934503837073,InComm-sourced,True,ablation_v1
MOCK08908,BH_POST_DISCHARGE_7D,0.1421624374695074,InComm-sourced,True,ablation_v1
MOCK08914,BH_POST_DISCHARGE_7D,0.11689771966562755,InComm-sourced,True,ablation_v1
MOCK08920,BH_POST_DISCHARGE_7D,0.23090881616217795,InComm-sourced,True,ablation_v1
MOCK08926,BH_POST_DISCHARGE_7D,0.3231872257125696,InComm-sourced,True,ablation_v1
MOCK08932,BH_POST_DISCHARGE_7D,0.08830751009179094,InComm-sourced,True,ablation_v1
MOCK08938,BH_POST_DISCHARGE_7D,0.09176112578668723,InComm-sourced,True,ablation_v1
MOCK08944,BH_POST_DISCHARGE_7D,0.15649837939522962,InComm-sourced,True,ablation_v1
MOCK08950,BH_POST_DISCHARGE_7D,0.13777630703508506,InComm-sourced,True,ablation_v1
MOCK08956,BH_POST_DISCHARGE_7D,0.146233342863707,InComm-sourced,True,ablation_v1
MOCK08962,BH_POST_DISCHARGE_7D,0.0508726528404276,InComm-sourced,True,ablation_v1
MOCK08968,BH_POST_DISCHARGE_7D,0.13123981878388238,InComm-sourced,True,ablation_v1
MOCK08974,BH_POST_DISCHARGE_7D,0.13684172794311952,InComm-sourced,True,ablation_v1
MOCK08980,BH_POST_DISCHARGE_7D,0.1107128568036115,InComm-sourced,True,ablation_v1
MOCK08986,BH_POST_DISCHARGE_7D,0.1327073051274135,InComm-sourced,True,ablation_v1
MOCK08992,BH_POST_DISCHARGE_7D,0.11822944520044609,InComm-sourced,True,ablation_v1
MOCK08998,BH_POST_DISCHARGE_7D,0.08332520693154793,InComm-sourced,True,ablation_v1
MOCK09004,BH_POST_DISCHARGE_7D,0.13942083633963942,InComm-sourced,True,ablation_v1
MOCK09010,BH_POST_DISCHARGE_7D,0.09133018722683756,InComm-sourced,True,ablation_v1
MOCK09016,BH_POST_DISCHARGE_7D,0.2640767639495367,InComm-sourced,True,ablation_v1
MOCK09022,BH_POST_DISCHARGE_7D,0.2753906818495538,InComm-sourced,True,ablation_v1
MOCK09028,BH_POST_DISCHARGE_7D,0.09591229031863065,InComm-sourced,True,ablation_v1
MOCK09034,BH_POST_DISCHARGE_7D,0.23772641649173273,InComm-sourced,True,ablation_v1
MOCK09040,BH_POST_DISCHARGE_7D,0.1558045613541619,InComm-sourced,True,ablation_v1
MOCK09046,BH_POST_DISCHARGE_7D,0.06336779117453079,InComm-sourced,True,ablation_v1
MOCK09052,BH_POST_DISCHARGE_7D,0.13321253723316523,InComm-sourced,True,ablation_v1
MOCK09058,BH_POST_DISCHARGE_7D,0.14471190665023217,InComm-sourced,True,ablation_v1
MOCK09064,BH_POST_DISCHARGE_7D,0.17139529032294207,InComm-sourced,True,ablation_v1
MOCK09070,BH_POST_DISCHARGE_7D,0.087060212082186,InComm-sourced,True,ablation_v1
MOCK09076,BH_POST_DISCHARGE_7D,0.16931492222560035,InComm-sourced,True,ablation_v1
MOCK09082,BH_POST_DISCHARGE_7D,0.1436389678763825,InComm-sourced,True,ablation_v1
MOCK09088,BH_POST_DISCHARGE_7D,0.12801659290995202,InComm-sourced,True,ablation_v1
MOCK09094,BH_POST_DISCHARGE_7D,0.2275828061124522,InComm-sourced,True,ablation_v1
MOCK09100,BH_POST_DISCHARGE_7D,0.27180853690052525,InComm-sourced,True,ablation_v1
MOCK09106,BH_POST_DISCHARGE_7D,0.08445171568093998,InComm-sourced,True,ablation_v1
MOCK09112,BH_POST_DISCHARGE_7D,0.17154577225289971,InComm-sourced,True,ablation_v1
MOCK09118,BH_POST_DISCHARGE_7D,0.11159799099198899,InComm-sourced,True,ablation_v1
MOCK09124,BH_POST_DISCHARGE_7D,0.12318226849565755,InComm-sourced,True,ablation_v1
MOCK09130,BH_POST_DISCHARGE_7D,0.11322588365809101,InComm-sourced,True,ablation_v1
MOCK09136,BH_POST_DISCHARGE_7D,0.07246181006803216,InComm-sourced,True,ablation_v1
MOCK09142,BH_POST_DISCHARGE_7D,0.21701403871506042,InComm-sourced,True,ablation_v1
MOCK09148,BH_POST_DISCHARGE_7D,0.10678822927339178,InComm-sourced,True,ablation_v1
MOCK09154,BH_POST_DISCHARGE_7D,0.13380318778035988,InComm-sourced,True,ablation_v1
MOCK09160,BH_POST_DISCHARGE_7D,0.05726537453363288,InComm-sourced,True,ablation_v1
MOCK09166,BH_POST_DISCHARGE_7D,0.10538242655287601,InComm-sourced,True,ablation_v1
MOCK09172,BH_POST_DISCHARGE_7D,0.13850969358314938,InComm-sourced,True,ablation_v1
MOCK09178,BH_POST_DISCHARGE_7D,0.17110399172577515,InComm-sourced,True,ablation_v1
MOCK09184,BH_POST_DISCHARGE_7D,0.12797803461711937,InComm-sourced,True,ablation_v1
MOCK09190,BH_POST_DISCHARGE_7D,0.14563534779901285,InComm-sourced,True,ablation_v1
MOCK09196,BH_POST_DISCHARGE_7D,0.16996626387657376,InComm-sourced,True,ablation_v1
MOCK09202,BH_POST_DISCHARGE_7D,0.1019083562870947,InComm-sourced,True,ablation_v1
MOCK09208,BH_POST_DISCHARGE_7D,0.24058399062764435,InComm-sourced,True,ablation_v1
MOCK09214,BH_POST_DISCHARGE_7D,0.08835269122013145,InComm-sourced,True,ablation_v1
MOCK09220,BH_POST_DISCHARGE_7D,0.0887159125820219,InComm-sourced,True,ablation_v1
MOCK09226,BH_POST_DISCHARGE_7D,0.06770249750913658,InComm-sourced,True,ablation_v1
MOCK09232,BH_POST_DISCHARGE_7D,0.12157012018550363,InComm-sourced,True,ablation_v1
MOCK09238,BH_POST_DISCHARGE_7D,0.2430981669000092,InComm-sourced,True,ablation_v1
MOCK09244,BH_POST_DISCHARGE_7D,0.12926117581687613,InComm-sourced,True,ablation_v1
MOCK09250,BH_POST_DISCHARGE_7D,0.07930611689513986,InComm-sourced,True,ablation_v1
MOCK09256,BH_POST_DISCHARGE_7D,0.07566814534453287,InComm-sourced,True,ablation_v1
MOCK09262,BH_POST_DISCHARGE_7D,0.1744809559556841,InComm-sourced,True,ablation_v1
MOCK09268,BH_POST_DISCHARGE_7D,0.27180831603815325,InComm-sourced,True,ablation_v1
MOCK09274,BH_POST_DISCHARGE_7D,0.11918435089819532,InComm-sourced,True,ablation_v1
MOCK09280,BH_POST_DISCHARGE_7D,0.11266345596292113,InComm-sourced,True,ablation_v1
MOCK09286,BH_POST_DISCHARGE_7D,0.11511228265111083,InComm-sourced,True,ablation_v1
MOCK09292,BH_POST_DISCHARGE_7D,0.2144804882752843,InComm-sourced,True,ablation_v1
MOCK09298,BH_POST_DISCHARGE_7D,0.12102203909882346,InComm-sourced,True,ablation_v1
MOCK09304,BH_POST_DISCHARGE_7D,0.19679699556753558,InComm-sourced,True,ablation_v1
MOCK09310,BH_POST_DISCHARGE_7D,0.10921895850719182,InComm-sourced,True,ablation_v1
MOCK09316,BH_POST_DISCHARGE_7D,0.0856692405049432,InComm-sourced,True,ablation_v1
MOCK09322,BH_POST_DISCHARGE_7D,0.12056063146148056,InComm-sourced,True,ablation_v1
MOCK09328,BH_POST_DISCHARGE_7D,0.21622674084389978,InComm-sourced,True,ablation_v1
MOCK09334,BH_POST_DISCHARGE_7D,0.11415486178657104,InComm-sourced,True,ablation_v1
MOCK09340,BH_POST_DISCHARGE_7D,0.062338418516832,InComm-sourced,True,ablation_v1
MOCK09346,BH_POST_DISCHARGE_7D,0.18038489530803967,InComm-sourced,True,ablation_v1
MOCK09352,BH_POST_DISCHARGE_7D,0.10772663842323536,InComm-sourced,True,ablation_v1
MOCK09358,BH_POST_DISCHARGE_7D,0.14134593225388092,InComm-sourced,True,ablation_v1
MOCK09364,BH_POST_DISCHARGE_7D,0.09501229511209126,InComm-sourced,True,ablation_v1
MOCK09370,BH_POST_DISCHARGE_7D,0.08868680122239288,InComm-sourced,True,ablation_v1
MOCK09376,BH_POST_DISCHARGE_7D,0.14762168652475782,InComm-sourced,True,ablation_v1
MOCK09382,BH_POST_DISCHARGE_7D,0.12998475356579858,InComm-sourced,True,ablation_v1
MOCK09388,BH_POST_DISCHARGE_7D,0.20214944293818862,InComm-sourced,True,ablation_v1
MOCK09394,BH_POST_DISCHARGE_7D,0.11530466028550854,InComm-sourced,True,ablation_v1
MOCK09400,BH_POST_DISCHARGE_7D,0.15698423429015454,InComm-sourced,True,ablation_v1
MOCK09406,BH_POST_DISCHARGE_7D,0.08006621041291072,InComm-sourced,True,ablation_v1
MOCK09412,BH_POST_DISCHARGE_7D,0.13655707999323458,InComm-sourced,True,ablation_v1
MOCK09418,BH_POST_DISCHARGE_7D,0.10405892704329059,InComm-sourced,True,ablation_v1
MOCK09424,BH_POST_DISCHARGE_7D,0.11210090189497157,InComm-sourced,True,ablation_v1
MOCK09430,BH_POST_DISCHARGE_7D,0.2888853540985429,InComm-sourced,True,ablation_v1
MOCK09436,BH_POST_DISCHARGE_7D,0.20109416024570376,InComm-sourced,True,ablation_v1
MOCK09442,BH_POST_DISCHARGE_7D,0.11479576562513429,InComm-sourced,True,ablation_v1
MOCK09448,BH_POST_DISCHARGE_7D,0.21648827602621495,InComm-sourced,True,ablation_v1
MOCK09454,BH_POST_DISCHARGE_7D,0.06243581010521974,InComm-sourced,True,ablation_v1
MOCK09460,BH_POST_DISCHARGE_7D,0.20142899668683728,InComm-sourced,True,ablation_v1
MOCK09466,BH_POST_DISCHARGE_7D,0.10302594677930237,InComm-sourced,True,ablation_v1
MOCK09472,BH_POST_DISCHARGE_7D,0.06585256149483713,InComm-sourced,True,ablation_v1
MOCK09478,BH_POST_DISCHARGE_7D,0.1715152038026638,InComm-sourced,True,ablation_v1
MOCK09484,BH_POST_DISCHARGE_7D,0.308269774237108,InComm-sourced,True,ablation_v1
MOCK09490,BH_POST_DISCHARGE_7D,0.11611854393759767,InComm-sourced,True,ablation_v1
MOCK09496,BH_POST_DISCHARGE_7D,0.17766164370737286,InComm-sourced,True,ablation_v1
MOCK09502,BH_POST_DISCHARGE_7D,0.13003732264250062,InComm-sourced,True,ablation_v1
MOCK09508,BH_POST_DISCHARGE_7D,0.1485835966512386,InComm-sourced,True,ablation_v1
MOCK09514,BH_POST_DISCHARGE_7D,0.08040016119918439,InComm-sourced,True,ablation_v1
MOCK09520,BH_POST_DISCHARGE_7D,0.14706390287388296,InComm-sourced,True,ablation_v1
MOCK09526,BH_POST_DISCHARGE_7D,0.2375046793859962,InComm-sourced,True,ablation_v1
MOCK09532,BH_POST_DISCHARGE_7D,0.1347367609862022,InComm-sourced,True,ablation_v1
MOCK09538,BH_POST_DISCHARGE_7D,0.1927032166963077,InComm-sourced,True,ablation_v1
MOCK09544,BH_POST_DISCHARGE_7D,0.15607290848084057,InComm-sourced,True,ablation_v1
MOCK09550,BH_POST_DISCHARGE_7D,0.13596376813104163,InComm-sourced,True,ablation_v1
MOCK09556,BH_POST_DISCHARGE_7D,0.0838909404433439,InComm-sourced,True,ablation_v1
MOCK09562,BH_POST_DISCHARGE_7D,0.12942579513287186,InComm-sourced,True,ablation_v1
MOCK09568,BH_POST_DISCHARGE_7D,0.15772321892288774,InComm-sourced,True,ablation_v1
MOCK09574,BH_POST_DISCHARGE_7D,0.21104887808067815,InComm-sourced,True,ablation_v1
MOCK09580,BH_POST_DISCHARGE_7D,0.12269147481100101,InComm-sourced,True,ablation_v1
MOCK09586,BH_POST_DISCHARGE_7D,0.0880189109196712,InComm-sourced,True,ablation_v1
MOCK09592,BH_POST_DISCHARGE_7D,0.14288364839872483,InComm-sourced,True,ablation_v1
MOCK09598,BH_POST_DISCHARGE_7D,0.12459135845991053,InComm-sourced,True,ablation_v1
MOCK09604,BH_POST_DISCHARGE_7D,0.18529971840624238,InComm-sourced,True,ablation_v1
MOCK09610,BH_POST_DISCHARGE_7D,0.23520675946186856,InComm-sourced,True,ablation_v1
MOCK09616,BH_POST_DISCHARGE_7D,0.1384469693335033,InComm-sourced,True,ablation_v1
MOCK09622,BH_POST_DISCHARGE_7D,0.15058540681136895,InComm-sourced,True,ablation_v1
MOCK09628,BH_POST_DISCHARGE_7D,0.09648544579454692,InComm-sourced,True,ablation_v1
MOCK09634,BH_POST_DISCHARGE_7D,0.11649571879495131,InComm-sourced,True,ablation_v1
MOCK09640,BH_POST_DISCHARGE_7D,0.16567411430728177,InComm-sourced,True,ablation_v1
MOCK09646,BH_POST_DISCHARGE_7D,0.058715298813489206,InComm-sourced,True,ablation_v1
MOCK09652,BH_POST_DISCHARGE_7D,0.22364124786145548,InComm-sourced,True,ablation_v1
MOCK09658,BH_POST_DISCHARGE_7D,0.08864202146094437,InComm-sourced,True,ablation_v1
MOCK09664,BH_POST_DISCHARGE_7D,0.1772086362892703,InComm-sourced,True,ablation_v1
MOCK09670,BH_POST_DISCHARGE_7D,0.15105315339666664,InComm-sourced,True,ablation_v1
MOCK09676,BH_POST_DISCHARGE_7D,0.19585589389321398,InComm-sourced,True,ablation_v1
MOCK09682,BH_POST_DISCHARGE_7D,0.13217578802786245,InComm-sourced,True,ablation_v1
MOCK09688,BH_POST_DISCHARGE_7D,0.19755485766296668,InComm-sourced,True,ablation_v1
MOCK09694,BH_POST_DISCHARGE_7D,0.1743220348241153,InComm-sourced,True,ablation_v1
MOCK09700,BH_POST_DISCHARGE_7D,0.16599476810581124,InComm-sourced,True,ablation_v1
MOCK09706,BH_POST_DISCHARGE_7D,0.2170662522770563,InComm-sourced,True,ablation_v1
MOCK09712,BH_POST_DISCHARGE_7D,0.12059324084419659,InComm-sourced,True,ablation_v1
MOCK09718,BH_POST_DISCHARGE_7D,0.2347243641549463,InComm-sourced,True,ablation_v1
MOCK09724,BH_POST_DISCHARGE_7D,0.09960388674583358,InComm-sourced,True,ablation_v1
MOCK09730,BH_POST_DISCHARGE_7D,0.20771418059529778,InComm-sourced,True,ablation_v1
MOCK09736,BH_POST_DISCHARGE_7D,0.069404902167544,InComm-sourced,True,ablation_v1
MOCK09742,BH_POST_DISCHARGE_7D,0.16383922075371135,InComm-sourced,True,ablation_v1
MOCK09748,BH_POST_DISCHARGE_7D,0.10548333399237447,InComm-sourced,True,ablation_v1
MOCK09754,BH_POST_DISCHARGE_7D,0.08479286718629452,InComm-sourced,True,ablation_v1
MOCK09760,BH_POST_DISCHARGE_7D,0.23734491298882066,InComm-sourced,True,ablation_v1
MOCK09766,BH_POST_DISCHARGE_7D,0.23239102496599334,InComm-sourced,True,ablation_v1
MOCK09772,BH_POST_DISCHARGE_7D,0.16872195731443584,InComm-sourced,True,ablation_v1
MOCK09778,BH_POST_DISCHARGE_7D,0.20856395260133131,InComm-sourced,True,ablation_v1
MOCK09784,BH_POST_DISCHARGE_7D,0.3059432470771763,InComm-sourced,True,ablation_v1
MOCK09790,BH_POST_DISCHARGE_7D,0.06611808414328925,InComm-sourced,True,ablation_v1
MOCK09796,BH_POST_DISCHARGE_7D,0.16035211321534182,InComm-sourced,True,ablation_v1
MOCK09802,BH_POST_DISCHARGE_7D,0.21943542431233493,InComm-sourced,True,ablation_v1
MOCK09808,BH_POST_DISCHARGE_7D,0.1136236543217154,InComm-sourced,True,ablation_v1
MOCK09814,BH_POST_DISCHARGE_7D,0.24425942790995742,InComm-sourced,True,ablation_v1
MOCK09820,BH_POST_DISCHARGE_7D,0.12203626000020444,InComm-sourced,True,ablation_v1
MOCK09826,BH_POST_DISCHARGE_7D,0.3772286105875674,InComm-sourced,True,ablation_v1
MOCK09832,BH_POST_DISCHARGE_7D,0.12854761238799492,InComm-sourced,True,ablation_v1
MOCK09838,BH_POST_DISCHARGE_7D,0.13805085242135712,InComm-sourced,True,ablation_v1
MOCK09844,BH_POST_DISCHARGE_7D,0.08481012821061423,InComm-sourced,True,ablation_v1
MOCK09850,BH_POST_DISCHARGE_7D,0.10968536445492406,InComm-sourced,True,ablation_v1
MOCK09856,BH_POST_DISCHARGE_7D,0.09987730442623913,InComm-sourced,True,ablation_v1
MOCK09862,BH_POST_DISCHARGE_7D,0.15484054249692508,InComm-sourced,True,ablation_v1
MOCK09868,BH_POST_DISCHARGE_7D,0.17691430312300627,InComm-sourced,True,ablation_v1
MOCK09874,BH_POST_DISCHARGE_7D,0.08979631231001452,InComm-sourced,True,ablation_v1
MOCK09880,BH_POST_DISCHARGE_7D,0.11727130341384627,InComm-sourced,True,ablation_v1
MOCK09886,BH_POST_DISCHARGE_7D,0.14047952598494745,InComm-sourced,True,ablation_v1
MOCK09892,BH_POST_DISCHARGE_7D,0.12015810740362343,InComm-sourced,True,ablation_v1
MOCK09898,BH_POST_DISCHARGE_7D,0.137441473411329,InComm-sourced,True,ablation_v1
MOCK09904,BH_POST_DISCHARGE_7D,0.10388520479898941,InComm-sourced,True,ablation_v1
MOCK09910,BH_POST_DISCHARGE_7D,0.16606642413377418,InComm-sourced,True,ablation_v1
MOCK09916,BH_POST_DISCHARGE_7D,0.13477341777393537,InComm-sourced,True,ablation_v1
MOCK09922,BH_POST_DISCHARGE_7D,0.09265092163387773,InComm-sourced,True,ablation_v1
MOCK09928,BH_POST_DISCHARGE_7D,0.1265528523440302,InComm-sourced,True,ablation_v1
MOCK09934,BH_POST_DISCHARGE_7D,0.09809192825365656,InComm-sourced,True,ablation_v1
MOCK09940,BH_POST_DISCHARGE_7D,0.12488231030622035,InComm-sourced,True,ablation_v1
MOCK09946,BH_POST_DISCHARGE_7D,0.11534445667724644,InComm-sourced,True,ablation_v1
MOCK09952,BH_POST_DISCHARGE_7D,0.2066904730672906,InComm-sourced,True,ablation_v1
MOCK09958,BH_POST_DISCHARGE_7D,0.08520103319549467,InComm-sourced,True,ablation_v1
MOCK09964,BH_POST_DISCHARGE_7D,0.13042629720658805,InComm-sourced,True,ablation_v1
MOCK09970,BH_POST_DISCHARGE_7D,0.12123266133489571,InComm-sourced,True,ablation_v1
MOCK09976,BH_POST_DISCHARGE_7D,0.13758522900555648,InComm-sourced,True,ablation_v1
MOCK09982,BH_POST_DISCHARGE_7D,0.13837095989009143,InComm-sourced,True,ablation_v1
MOCK09988,BH_POST_DISCHARGE_7D,0.08772394032328282,InComm-sourced,True,ablation_v1
MOCK09994,BH_POST_DISCHARGE_7D,0.14890898662104557,InComm-sourced,True,ablation_v1
MOCK10000,BH_POST_DISCHARGE_7D,0.15820484563702336,InComm-sourced,True,ablation_v1
MOCK00001,DIAB_BLOOD_SUGAR,0.0215109960498354,InComm-sourced,True,ablation_v1
MOCK00007,DIAB_BLOOD_SUGAR,0.023792454397599933,InComm-sourced,True,ablation_v1
MOCK00013,DIAB_BLOOD_SUGAR,0.037224740644004356,InComm-sourced,True,ablation_v1
MOCK00019,DIAB_BLOOD_SUGAR,0.049000750943783464,InComm-sourced,True,ablation_v1
MOCK00025,DIAB_BLOOD_SUGAR,0.02397416964944733,InComm-sourced,True,ablation_v1
MOCK00031,DIAB_BLOOD_SUGAR,0.038859917845898415,InComm-sourced,True,ablation_v1
MOCK00037,DIAB_BLOOD_SUGAR,0.031208591988992024,InComm-sourced,True,ablation_v1
MOCK00043,DIAB_BLOOD_SUGAR,0.04096021054517081,InComm-sourced,True,ablation_v1
MOCK00049,DIAB_BLOOD_SUGAR,0.03744143789055277,InComm-sourced,True,ablation_v1
MOCK00055,DIAB_BLOOD_SUGAR,0.028014471595704592,InComm-sourced,True,ablation_v1
MOCK00061,DIAB_BLOOD_SUGAR,0.0593777425906878,InComm-sourced,True,ablation_v1
MOCK00067,DIAB_BLOOD_SUGAR,0.028795730442350106,InComm-sourced,True,ablation_v1
MOCK00073,DIAB_BLOOD_SUGAR,0.05849395956796988,InComm-sourced,True,ablation_v1
MOCK00079,DIAB_BLOOD_SUGAR,0.04784895756093078,InComm-sourced,True,ablation_v1
MOCK00085,DIAB_BLOOD_SUGAR,0.04623647691168687,InComm-sourced,True,ablation_v1
MOCK00091,DIAB_BLOOD_SUGAR,0.026567357527155663,InComm-sourced,True,ablation_v1
MOCK00097,DIAB_BLOOD_SUGAR,0.02665575779504205,InComm-sourced,True,ablation_v1
MOCK00103,DIAB_BLOOD_SUGAR,0.022669556448133347,InComm-sourced,True,ablation_v1
MOCK00109,DIAB_BLOOD_SUGAR,0.03704877245600449,InComm-sourced,True,ablation_v1
MOCK00115,DIAB_BLOOD_SUGAR,0.04779744255861929,InComm-sourced,True,ablation_v1
MOCK00121,DIAB_BLOOD_SUGAR,0.03737656495355777,InComm-sourced,True,ablation_v1
MOCK00127,DIAB_BLOOD_SUGAR,0.030134593557712305,InComm-sourced,True,ablation_v1
MOCK00133,DIAB_BLOOD_SUGAR,0.026991945673221322,InComm-sourced,True,ablation_v1
MOCK00139,DIAB_BLOOD_SUGAR,0.05933911502859345,InComm-sourced,True,ablation_v1
MOCK00145,DIAB_BLOOD_SUGAR,0.058318862304562444,InComm-sourced,True,ablation_v1
MOCK00151,DIAB_BLOOD_SUGAR,0.033052702542835044,InComm-sourced,True,ablation_v1
MOCK00157,DIAB_BLOOD_SUGAR,0.0437652722329096,InComm-sourced,True,ablation_v1
MOCK00163,DIAB_BLOOD_SUGAR,0.021573036586187866,InComm-sourced,True,ablation_v1
MOCK00169,DIAB_BLOOD_SUGAR,0.030855332384202724,InComm-sourced,True,ablation_v1
MOCK00175,DIAB_BLOOD_SUGAR,0.03140915277162073,InComm-sourced,True,ablation_v1
MOCK00181,DIAB_BLOOD_SUGAR,0.0327751029931358,InComm-sourced,True,ablation_v1
MOCK00187,DIAB_BLOOD_SUGAR,0.033825884299393955,InComm-sourced,True,ablation_v1
MOCK00193,DIAB_BLOOD_SUGAR,0.0181924069993399,InComm-sourced,True,ablation_v1
MOCK00199,DIAB_BLOOD_SUGAR,0.028472298979719576,InComm-sourced,True,ablation_v1
MOCK00205,DIAB_BLOOD_SUGAR,0.022659968954823844,InComm-sourced,True,ablation_v1
MOCK00211,DIAB_BLOOD_SUGAR,0.02249470294713563,InComm-sourced,True,ablation_v1
MOCK00217,DIAB_BLOOD_SUGAR,0.02451178034156122,InComm-sourced,True,ablation_v1
MOCK00223,DIAB_BLOOD_SUGAR,0.034223735752181524,InComm-sourced,True,ablation_v1
MOCK00229,DIAB_BLOOD_SUGAR,0.04973995827132959,InComm-sourced,True,ablation_v1
MOCK00235,DIAB_BLOOD_SUGAR,0.019817782296938126,InComm-sourced,True,ablation_v1
MOCK00241,DIAB_BLOOD_SUGAR,0.05220319611813594,InComm-sourced,True,ablation_v1
MOCK00247,DIAB_BLOOD_SUGAR,0.044843796664003524,InComm-sourced,True,ablation_v1
MOCK00253,DIAB_BLOOD_SUGAR,0.033401610121711015,InComm-sourced,True,ablation_v1
MOCK00259,DIAB_BLOOD_SUGAR,0.023303457403686036,InComm-sourced,True,ablation_v1
MOCK00265,DIAB_BLOOD_SUGAR,0.021615939440441666,InComm-sourced,True,ablation_v1
MOCK00271,DIAB_BLOOD_SUGAR,0.03763830270058608,InComm-sourced,True,ablation_v1
MOCK00277,DIAB_BLOOD_SUGAR,0.041292183669818856,InComm-sourced,True,ablation_v1
MOCK00283,DIAB_BLOOD_SUGAR,0.032095741818823104,InComm-sourced,True,ablation_v1
MOCK00289,DIAB_BLOOD_SUGAR,0.050217207677989435,InComm-sourced,True,ablation_v1
MOCK00295,DIAB_BLOOD_SUGAR,0.054213440210203745,InComm-sourced,True,ablation_v1
MOCK00301,DIAB_BLOOD_SUGAR,0.029758689708361822,InComm-sourced,True,ablation_v1
MOCK00307,DIAB_BLOOD_SUGAR,0.05352080142519831,InComm-sourced,True,ablation_v1
MOCK00313,DIAB_BLOOD_SUGAR,0.048566379895737886,InComm-sourced,True,ablation_v1
MOCK00319,DIAB_BLOOD_SUGAR,0.031529505760670186,InComm-sourced,True,ablation_v1
MOCK00325,DIAB_BLOOD_SUGAR,0.041380093137446526,InComm-sourced,True,ablation_v1
MOCK00331,DIAB_BLOOD_SUGAR,0.06149305370007961,InComm-sourced,True,ablation_v1
MOCK00337,DIAB_BLOOD_SUGAR,0.030993154519544066,InComm-sourced,True,ablation_v1
MOCK00343,DIAB_BLOOD_SUGAR,0.04149845181848041,InComm-sourced,True,ablation_v1
MOCK00349,DIAB_BLOOD_SUGAR,0.06816516711568844,InComm-sourced,True,ablation_v1
MOCK00355,DIAB_BLOOD_SUGAR,0.014475990511073846,InComm-sourced,True,ablation_v1
MOCK00361,DIAB_BLOOD_SUGAR,0.024947849758907754,InComm-sourced,True,ablation_v1
MOCK00367,DIAB_BLOOD_SUGAR,0.06241082820035085,InComm-sourced,True,ablation_v1
MOCK00373,DIAB_BLOOD_SUGAR,0.029851801364659203,InComm-sourced,True,ablation_v1
MOCK00379,DIAB_BLOOD_SUGAR,0.03366283407436331,InComm-sourced,True,ablation_v1
MOCK00385,DIAB_BLOOD_SUGAR,0.022997224577311355,InComm-sourced,True,ablation_v1
MOCK00391,DIAB_BLOOD_SUGAR,0.02081631983254229,InComm-sourced,True,ablation_v1
MOCK00397,DIAB_BLOOD_SUGAR,0.03144931933691671,InComm-sourced,True,ablation_v1
MOCK00403,DIAB_BLOOD_SUGAR,0.034837347206032016,InComm-sourced,True,ablation_v1
MOCK00409,DIAB_BLOOD_SUGAR,0.027415213400684396,InComm-sourced,True,ablation_v1
MOCK00415,DIAB_BLOOD_SUGAR,0.023522931425291833,InComm-sourced,True,ablation_v1
MOCK00421,DIAB_BLOOD_SUGAR,0.055059154894420474,InComm-sourced,True,ablation_v1
MOCK00427,DIAB_BLOOD_SUGAR,0.02894308684861116,InComm-sourced,True,ablation_v1
MOCK00433,DIAB_BLOOD_SUGAR,0.02466276212640311,InComm-sourced,True,ablation_v1
MOCK00439,DIAB_BLOOD_SUGAR,0.03758215625388583,InComm-sourced,True,ablation_v1
MOCK00445,DIAB_BLOOD_SUGAR,0.02099045803171709,InComm-sourced,True,ablation_v1
MOCK00451,DIAB_BLOOD_SUGAR,0.051554196069019995,InComm-sourced,True,ablation_v1
MOCK00457,DIAB_BLOOD_SUGAR,0.02644643152717507,InComm-sourced,True,ablation_v1
MOCK00463,DIAB_BLOOD_SUGAR,0.01994735550709623,InComm-sourced,True,ablation_v1
MOCK00469,DIAB_BLOOD_SUGAR,0.042256246002708005,InComm-sourced,True,ablation_v1
MOCK00475,DIAB_BLOOD_SUGAR,0.02656884214321785,InComm-sourced,True,ablation_v1
MOCK00481,DIAB_BLOOD_SUGAR,0.04243315247350193,InComm-sourced,True,ablation_v1
MOCK00487,DIAB_BLOOD_SUGAR,0.04601170722498444,InComm-sourced,True,ablation_v1
MOCK00493,DIAB_BLOOD_SUGAR,0.06229431573377892,InComm-sourced,True,ablation_v1
MOCK00499,DIAB_BLOOD_SUGAR,0.02439829842456767,InComm-sourced,True,ablation_v1
MOCK00505,DIAB_BLOOD_SUGAR,0.019882719223161222,InComm-sourced,True,ablation_v1
MOCK00511,DIAB_BLOOD_SUGAR,0.02507465296502246,InComm-sourced,True,ablation_v1
MOCK00517,DIAB_BLOOD_SUGAR,0.033898993990729126,InComm-sourced,True,ablation_v1
MOCK00523,DIAB_BLOOD_SUGAR,0.03333666580214328,InComm-sourced,True,ablation_v1
MOCK00529,DIAB_BLOOD_SUGAR,0.08222997255315709,InComm-sourced,True,ablation_v1
MOCK00535,DIAB_BLOOD_SUGAR,0.025416965332528046,InComm-sourced,True,ablation_v1
MOCK00541,DIAB_BLOOD_SUGAR,0.06668457012506891,InComm-sourced,True,ablation_v1
MOCK00547,DIAB_BLOOD_SUGAR,0.05208067124393065,InComm-sourced,True,ablation_v1
MOCK00553,DIAB_BLOOD_SUGAR,0.03915764850174164,InComm-sourced,True,ablation_v1
MOCK00559,DIAB_BLOOD_SUGAR,0.05609033188235025,InComm-sourced,True,ablation_v1
MOCK00565,DIAB_BLOOD_SUGAR,0.019053692549029434,InComm-sourced,True,ablation_v1
MOCK00571,DIAB_BLOOD_SUGAR,0.024203486244265864,InComm-sourced,True,ablation_v1
MOCK00577,DIAB_BLOOD_SUGAR,0.03476646990456026,InComm-sourced,True,ablation_v1
MOCK00583,DIAB_BLOOD_SUGAR,0.039563120548859514,InComm-sourced,True,ablation_v1
MOCK00589,DIAB_BLOOD_SUGAR,0.02149112006068596,InComm-sourced,True,ablation_v1
MOCK00595,DIAB_BLOOD_SUGAR,0.01577882949387242,InComm-sourced,True,ablation_v1
MOCK00601,DIAB_BLOOD_SUGAR,0.022874423192380186,InComm-sourced,True,ablation_v1
MOCK00607,DIAB_BLOOD_SUGAR,0.05409347095369798,InComm-sourced,True,ablation_v1
MOCK00613,DIAB_BLOOD_SUGAR,0.02713405365087554,InComm-sourced,True,ablation_v1
MOCK00619,DIAB_BLOOD_SUGAR,0.05220850289931385,InComm-sourced,True,ablation_v1
MOCK00625,DIAB_BLOOD_SUGAR,0.07119805585569694,InComm-sourced,True,ablation_v1
MOCK00631,DIAB_BLOOD_SUGAR,0.02433902529787932,InComm-sourced,True,ablation_v1
MOCK00637,DIAB_BLOOD_SUGAR,0.03886216608299347,InComm-sourced,True,ablation_v1
MOCK00643,DIAB_BLOOD_SUGAR,0.03209626221823276,InComm-sourced,True,ablation_v1
MOCK00649,DIAB_BLOOD_SUGAR,0.03761581345317328,InComm-sourced,True,ablation_v1
MOCK00655,DIAB_BLOOD_SUGAR,0.03317163033977566,InComm-sourced,True,ablation_v1
MOCK00661,DIAB_BLOOD_SUGAR,0.02723105745015505,InComm-sourced,True,ablation_v1
MOCK00667,DIAB_BLOOD_SUGAR,0.03350364288011541,InComm-sourced,True,ablation_v1
MOCK00673,DIAB_BLOOD_SUGAR,0.01708361457182768,InComm-sourced,True,ablation_v1
MOCK00679,DIAB_BLOOD_SUGAR,0.033616640862981606,InComm-sourced,True,ablation_v1
MOCK00685,DIAB_BLOOD_SUGAR,0.02399141849094306,InComm-sourced,True,ablation_v1
MOCK00691,DIAB_BLOOD_SUGAR,0.03586584714288953,InComm-sourced,True,ablation_v1
MOCK00697,DIAB_BLOOD_SUGAR,0.023123201174226973,InComm-sourced,True,ablation_v1
MOCK00703,DIAB_BLOOD_SUGAR,0.049793419063803857,InComm-sourced,True,ablation_v1
MOCK00709,DIAB_BLOOD_SUGAR,0.03527848950498074,InComm-sourced,True,ablation_v1
MOCK00715,DIAB_BLOOD_SUGAR,0.020073173994694726,InComm-sourced,True,ablation_v1
MOCK00721,DIAB_BLOOD_SUGAR,0.03970434214502833,InComm-sourced,True,ablation_v1
MOCK00727,DIAB_BLOOD_SUGAR,0.019731453653890414,InComm-sourced,True,ablation_v1
MOCK00733,DIAB_BLOOD_SUGAR,0.04599024436803153,InComm-sourced,True,ablation_v1
MOCK00739,DIAB_BLOOD_SUGAR,0.019752592115259586,InComm-sourced,True,ablation_v1
MOCK00745,DIAB_BLOOD_SUGAR,0.03373087089771749,InComm-sourced,True,ablation_v1
MOCK00751,DIAB_BLOOD_SUGAR,0.023191399924431384,InComm-sourced,True,ablation_v1
MOCK00757,DIAB_BLOOD_SUGAR,0.0647398653006537,InComm-sourced,True,ablation_v1
MOCK00763,DIAB_BLOOD_SUGAR,0.02253453467049184,InComm-sourced,True,ablation_v1
MOCK00769,DIAB_BLOOD_SUGAR,0.03070598483615093,InComm-sourced,True,ablation_v1
MOCK00775,DIAB_BLOOD_SUGAR,0.02325227321343448,InComm-sourced,True,ablation_v1
MOCK00781,DIAB_BLOOD_SUGAR,0.024500711809326513,InComm-sourced,True,ablation_v1
MOCK00787,DIAB_BLOOD_SUGAR,0.029949292498867363,InComm-sourced,True,ablation_v1
MOCK00793,DIAB_BLOOD_SUGAR,0.0299352735629241,InComm-sourced,True,ablation_v1
MOCK00799,DIAB_BLOOD_SUGAR,0.03227068203080508,InComm-sourced,True,ablation_v1
MOCK00805,DIAB_BLOOD_SUGAR,0.02319023657429799,InComm-sourced,True,ablation_v1
MOCK00811,DIAB_BLOOD_SUGAR,0.04421601117850802,InComm-sourced,True,ablation_v1
MOCK00817,DIAB_BLOOD_SUGAR,0.04081546720653788,InComm-sourced,True,ablation_v1
MOCK00823,DIAB_BLOOD_SUGAR,0.02971510037731514,InComm-sourced,True,ablation_v1
MOCK00829,DIAB_BLOOD_SUGAR,0.04711347623362981,InComm-sourced,True,ablation_v1
MOCK00835,DIAB_BLOOD_SUGAR,0.054949592740790795,InComm-sourced,True,ablation_v1
MOCK00841,DIAB_BLOOD_SUGAR,0.02999214295505662,InComm-sourced,True,ablation_v1
MOCK00847,DIAB_BLOOD_SUGAR,0.024566124263784735,InComm-sourced,True,ablation_v1
MOCK00853,DIAB_BLOOD_SUGAR,0.036647369866361204,InComm-sourced,True,ablation_v1
MOCK00859,DIAB_BLOOD_SUGAR,0.046066831336122195,InComm-sourced,True,ablation_v1
MOCK00865,DIAB_BLOOD_SUGAR,0.050048937431044514,InComm-sourced,True,ablation_v1
MOCK00871,DIAB_BLOOD_SUGAR,0.028228396867812276,InComm-sourced,True,ablation_v1
MOCK00877,DIAB_BLOOD_SUGAR,0.01592475905100592,InComm-sourced,True,ablation_v1
MOCK00883,DIAB_BLOOD_SUGAR,0.033083574721151976,InComm-sourced,True,ablation_v1
MOCK00889,DIAB_BLOOD_SUGAR,0.02905547389477728,InComm-sourced,True,ablation_v1
MOCK00895,DIAB_BLOOD_SUGAR,0.03283582260098545,InComm-sourced,True,ablation_v1
MOCK00901,DIAB_BLOOD_SUGAR,0.025036120299820604,InComm-sourced,True,ablation_v1
MOCK00907,DIAB_BLOOD_SUGAR,0.0239969821762097,InComm-sourced,True,ablation_v1
MOCK00913,DIAB_BLOOD_SUGAR,0.07151591443366738,InComm-sourced,True,ablation_v1
MOCK00919,DIAB_BLOOD_SUGAR,0.05444460044954829,InComm-sourced,True,ablation_v1
MOCK00925,DIAB_BLOOD_SUGAR,0.020096179535799123,InComm-sourced,True,ablation_v1
MOCK00931,DIAB_BLOOD_SUGAR,0.028363894409710162,InComm-sourced,True,ablation_v1
MOCK00937,DIAB_BLOOD_SUGAR,0.03244715992156134,InComm-sourced,True,ablation_v1
MOCK00943,DIAB_BLOOD_SUGAR,0.0593279993738541,InComm-sourced,True,ablation_v1
MOCK00949,DIAB_BLOOD_SUGAR,0.02699670360326804,InComm-sourced,True,ablation_v1
MOCK00955,DIAB_BLOOD_SUGAR,0.029487251419492398,InComm-sourced,True,ablation_v1
MOCK00961,DIAB_BLOOD_SUGAR,0.05082984620589554,InComm-sourced,True,ablation_v1
MOCK00967,DIAB_BLOOD_SUGAR,0.017454730038813614,InComm-sourced,True,ablation_v1
MOCK00973,DIAB_BLOOD_SUGAR,0.05122784994466295,InComm-sourced,True,ablation_v1
MOCK00979,DIAB_BLOOD_SUGAR,0.05239426919775536,InComm-sourced,True,ablation_v1
MOCK00985,DIAB_BLOOD_SUGAR,0.026360606996586974,InComm-sourced,True,ablation_v1
MOCK00991,DIAB_BLOOD_SUGAR,0.03332662496026799,InComm-sourced,True,ablation_v1
MOCK00997,DIAB_BLOOD_SUGAR,0.05123557883548476,InComm-sourced,True,ablation_v1
MOCK01003,DIAB_BLOOD_SUGAR,0.02716907292071209,InComm-sourced,True,ablation_v1
MOCK01009,DIAB_BLOOD_SUGAR,0.03790817482197107,InComm-sourced,True,ablation_v1
MOCK01015,DIAB_BLOOD_SUGAR,0.06152824336326113,InComm-sourced,True,ablation_v1
MOCK01021,DIAB_BLOOD_SUGAR,0.02729408562883665,InComm-sourced,True,ablation_v1
MOCK01027,DIAB_BLOOD_SUGAR,0.0377878460965184,InComm-sourced,True,ablation_v1
MOCK01033,DIAB_BLOOD_SUGAR,0.03089940539311976,InComm-sourced,True,ablation_v1
MOCK01039,DIAB_BLOOD_SUGAR,0.022237522920882064,InComm-sourced,True,ablation_v1
MOCK01045,DIAB_BLOOD_SUGAR,0.04812810623580456,InComm-sourced,True,ablation_v1
MOCK01051,DIAB_BLOOD_SUGAR,0.04321508423095696,InComm-sourced,True,ablation_v1
MOCK01057,DIAB_BLOOD_SUGAR,0.02139005860071567,InComm-sourced,True,ablation_v1
MOCK01063,DIAB_BLOOD_SUGAR,0.025865205178603603,InComm-sourced,True,ablation_v1
MOCK01069,DIAB_BLOOD_SUGAR,0.034942224809574235,InComm-sourced,True,ablation_v1
MOCK01075,DIAB_BLOOD_SUGAR,0.04401177998214586,InComm-sourced,True,ablation_v1
MOCK01081,DIAB_BLOOD_SUGAR,0.0684145011365447,InComm-sourced,True,ablation_v1
MOCK01087,DIAB_BLOOD_SUGAR,0.026832511779520077,InComm-sourced,True,ablation_v1
MOCK01093,DIAB_BLOOD_SUGAR,0.022978190877845906,InComm-sourced,True,ablation_v1
MOCK01099,DIAB_BLOOD_SUGAR,0.07714767652890159,InComm-sourced,True,ablation_v1
MOCK01105,DIAB_BLOOD_SUGAR,0.0200981083654012,InComm-sourced,True,ablation_v1
MOCK01111,DIAB_BLOOD_SUGAR,0.053977813419802914,InComm-sourced,True,ablation_v1
MOCK01117,DIAB_BLOOD_SUGAR,0.03684590446541023,InComm-sourced,True,ablation_v1
MOCK01123,DIAB_BLOOD_SUGAR,0.029042210341665438,InComm-sourced,True,ablation_v1
MOCK01129,DIAB_BLOOD_SUGAR,0.02644360617441462,InComm-sourced,True,ablation_v1
MOCK01135,DIAB_BLOOD_SUGAR,0.02074197665037586,InComm-sourced,True,ablation_v1
MOCK01141,DIAB_BLOOD_SUGAR,0.02554783205441509,InComm-sourced,True,ablation_v1
MOCK01147,DIAB_BLOOD_SUGAR,0.0709272647615906,InComm-sourced,True,ablation_v1
MOCK01153,DIAB_BLOOD_SUGAR,0.044735592527468185,InComm-sourced,True,ablation_v1
MOCK01159,DIAB_BLOOD_SUGAR,0.03484075782211647,InComm-sourced,True,ablation_v1
MOCK01165,DIAB_BLOOD_SUGAR,0.03960079838891682,InComm-sourced,True,ablation_v1
MOCK01171,DIAB_BLOOD_SUGAR,0.06183772120490365,InComm-sourced,True,ablation_v1
MOCK01177,DIAB_BLOOD_SUGAR,0.047630186551020276,InComm-sourced,True,ablation_v1
MOCK01183,DIAB_BLOOD_SUGAR,0.05121996908671848,InComm-sourced,True,ablation_v1
MOCK01189,DIAB_BLOOD_SUGAR,0.03154213475891891,InComm-sourced,True,ablation_v1
MOCK01195,DIAB_BLOOD_SUGAR,0.015332381773592528,InComm-sourced,True,ablation_v1
MOCK01201,DIAB_BLOOD_SUGAR,0.05839852914006912,InComm-sourced,True,ablation_v1
MOCK01207,DIAB_BLOOD_SUGAR,0.02929047172692602,InComm-sourced,True,ablation_v1
MOCK01213,DIAB_BLOOD_SUGAR,0.028584581072339008,InComm-sourced,True,ablation_v1
MOCK01219,DIAB_BLOOD_SUGAR,0.02737022548753422,InComm-sourced,True,ablation_v1
MOCK01225,DIAB_BLOOD_SUGAR,0.039940921130933185,InComm-sourced,True,ablation_v1
MOCK01231,DIAB_BLOOD_SUGAR,0.021853296082109758,InComm-sourced,True,ablation_v1
MOCK01237,DIAB_BLOOD_SUGAR,0.02087083180774505,InComm-sourced,True,ablation_v1
MOCK01243,DIAB_BLOOD_SUGAR,0.028373404771299692,InComm-sourced,True,ablation_v1
MOCK01249,DIAB_BLOOD_SUGAR,0.06822910073379944,InComm-sourced,True,ablation_v1
MOCK01255,DIAB_BLOOD_SUGAR,0.02134829137604724,InComm-sourced,True,ablation_v1
MOCK01261,DIAB_BLOOD_SUGAR,0.018842595081881155,InComm-sourced,True,ablation_v1
MOCK01267,DIAB_BLOOD_SUGAR,0.05059871193931157,InComm-sourced,True,ablation_v1
MOCK01273,DIAB_BLOOD_SUGAR,0.04490245299161131,InComm-sourced,True,ablation_v1
MOCK01279,DIAB_BLOOD_SUGAR,0.029721424479276656,InComm-sourced,True,ablation_v1
MOCK01285,DIAB_BLOOD_SUGAR,0.027057324243987886,InComm-sourced,True,ablation_v1
MOCK01291,DIAB_BLOOD_SUGAR,0.052174195458952154,InComm-sourced,True,ablation_v1
MOCK01297,DIAB_BLOOD_SUGAR,0.036121833327569935,InComm-sourced,True,ablation_v1
MOCK01303,DIAB_BLOOD_SUGAR,0.027999833346296552,InComm-sourced,True,ablation_v1
MOCK01309,DIAB_BLOOD_SUGAR,0.053721699609852736,InComm-sourced,True,ablation_v1
MOCK01315,DIAB_BLOOD_SUGAR,0.03502717777926495,InComm-sourced,True,ablation_v1
MOCK01321,DIAB_BLOOD_SUGAR,0.03357308049436309,InComm-sourced,True,ablation_v1
MOCK01327,DIAB_BLOOD_SUGAR,0.023845135844650967,InComm-sourced,True,ablation_v1
MOCK01333,DIAB_BLOOD_SUGAR,0.030837528493055585,InComm-sourced,True,ablation_v1
MOCK01339,DIAB_BLOOD_SUGAR,0.04434513629549789,InComm-sourced,True,ablation_v1
MOCK01345,DIAB_BLOOD_SUGAR,0.05160676525856107,InComm-sourced,True,ablation_v1
MOCK01351,DIAB_BLOOD_SUGAR,0.021520681543680777,InComm-sourced,True,ablation_v1
MOCK01357,DIAB_BLOOD_SUGAR,0.01855892103243528,InComm-sourced,True,ablation_v1
MOCK01363,DIAB_BLOOD_SUGAR,0.02013067362180879,InComm-sourced,True,ablation_v1
MOCK01369,DIAB_BLOOD_SUGAR,0.027989624251082836,InComm-sourced,True,ablation_v1
MOCK01375,DIAB_BLOOD_SUGAR,0.027234848039920646,InComm-sourced,True,ablation_v1
MOCK01381,DIAB_BLOOD_SUGAR,0.03482731894312322,InComm-sourced,True,ablation_v1
MOCK01387,DIAB_BLOOD_SUGAR,0.018762233233177977,InComm-sourced,True,ablation_v1
MOCK01393,DIAB_BLOOD_SUGAR,0.08009874215966986,InComm-sourced,True,ablation_v1
MOCK01399,DIAB_BLOOD_SUGAR,0.042911355887663385,InComm-sourced,True,ablation_v1
MOCK01405,DIAB_BLOOD_SUGAR,0.0322658805230922,InComm-sourced,True,ablation_v1
MOCK01411,DIAB_BLOOD_SUGAR,0.02854501471356931,InComm-sourced,True,ablation_v1
MOCK01417,DIAB_BLOOD_SUGAR,0.03130976489373198,InComm-sourced,True,ablation_v1
MOCK01423,DIAB_BLOOD_SUGAR,0.020301095238433924,InComm-sourced,True,ablation_v1
MOCK01429,DIAB_BLOOD_SUGAR,0.06953848873158613,InComm-sourced,True,ablation_v1
MOCK01435,DIAB_BLOOD_SUGAR,0.031438111434725545,InComm-sourced,True,ablation_v1
MOCK01441,DIAB_BLOOD_SUGAR,0.04397577983242628,InComm-sourced,True,ablation_v1
MOCK01447,DIAB_BLOOD_SUGAR,0.032409190303389686,InComm-sourced,True,ablation_v1
MOCK01453,DIAB_BLOOD_SUGAR,0.031216619434250994,InComm-sourced,True,ablation_v1
MOCK01459,DIAB_BLOOD_SUGAR,0.047263340287190536,InComm-sourced,True,ablation_v1
MOCK01465,DIAB_BLOOD_SUGAR,0.03359238331580215,InComm-sourced,True,ablation_v1
MOCK01471,DIAB_BLOOD_SUGAR,0.04188539445241458,InComm-sourced,True,ablation_v1
MOCK01477,DIAB_BLOOD_SUGAR,0.03211429869313936,InComm-sourced,True,ablation_v1
MOCK01483,DIAB_BLOOD_SUGAR,0.02471377878411556,InComm-sourced,True,ablation_v1
MOCK01489,DIAB_BLOOD_SUGAR,0.027567597696412583,InComm-sourced,True,ablation_v1
MOCK01495,DIAB_BLOOD_SUGAR,0.02863293538341315,InComm-sourced,True,ablation_v1
MOCK01501,DIAB_BLOOD_SUGAR,0.023859724415971055,InComm-sourced,True,ablation_v1
MOCK01507,DIAB_BLOOD_SUGAR,0.029052528196745232,InComm-sourced,True,ablation_v1
MOCK01513,DIAB_BLOOD_SUGAR,0.062177396857529585,InComm-sourced,True,ablation_v1
MOCK01519,DIAB_BLOOD_SUGAR,0.06184055612036895,InComm-sourced,True,ablation_v1
MOCK01525,DIAB_BLOOD_SUGAR,0.025727498292863304,InComm-sourced,True,ablation_v1
MOCK01531,DIAB_BLOOD_SUGAR,0.03203637002772489,InComm-sourced,True,ablation_v1
MOCK01537,DIAB_BLOOD_SUGAR,0.03610327853893316,InComm-sourced,True,ablation_v1
MOCK01543,DIAB_BLOOD_SUGAR,0.0788868474439991,InComm-sourced,True,ablation_v1
MOCK01549,DIAB_BLOOD_SUGAR,0.04064989281790824,InComm-sourced,True,ablation_v1
MOCK01555,DIAB_BLOOD_SUGAR,0.03309362237119255,InComm-sourced,True,ablation_v1
MOCK01561,DIAB_BLOOD_SUGAR,0.02321417868489957,InComm-sourced,True,ablation_v1
MOCK01567,DIAB_BLOOD_SUGAR,0.020411580592169614,InComm-sourced,True,ablation_v1
MOCK01573,DIAB_BLOOD_SUGAR,0.02859613815785472,InComm-sourced,True,ablation_v1
MOCK01579,DIAB_BLOOD_SUGAR,0.050146885300799984,InComm-sourced,True,ablation_v1
MOCK01585,DIAB_BLOOD_SUGAR,0.05078682070158427,InComm-sourced,True,ablation_v1
MOCK01591,DIAB_BLOOD_SUGAR,0.07215004042773271,InComm-sourced,True,ablation_v1
MOCK01597,DIAB_BLOOD_SUGAR,0.015013379779647163,InComm-sourced,True,ablation_v1
MOCK01603,DIAB_BLOOD_SUGAR,0.02850295022428445,InComm-sourced,True,ablation_v1
MOCK01609,DIAB_BLOOD_SUGAR,0.08594408456658117,InComm-sourced,True,ablation_v1
MOCK01615,DIAB_BLOOD_SUGAR,0.021468294186950985,InComm-sourced,True,ablation_v1
MOCK01621,DIAB_BLOOD_SUGAR,0.04278933397429692,InComm-sourced,True,ablation_v1
MOCK01627,DIAB_BLOOD_SUGAR,0.016917486368703716,InComm-sourced,True,ablation_v1
MOCK01633,DIAB_BLOOD_SUGAR,0.07684399797396538,InComm-sourced,True,ablation_v1
MOCK01639,DIAB_BLOOD_SUGAR,0.04678163380614216,InComm-sourced,True,ablation_v1
MOCK01645,DIAB_BLOOD_SUGAR,0.013722864186573733,InComm-sourced,True,ablation_v1
MOCK01651,DIAB_BLOOD_SUGAR,0.01651331443355086,InComm-sourced,True,ablation_v1
MOCK01657,DIAB_BLOOD_SUGAR,0.04035971243308522,InComm-sourced,True,ablation_v1
MOCK01663,DIAB_BLOOD_SUGAR,0.04290219832827718,InComm-sourced,True,ablation_v1
MOCK01669,DIAB_BLOOD_SUGAR,0.055942055487816174,InComm-sourced,True,ablation_v1
MOCK01675,DIAB_BLOOD_SUGAR,0.01921849045914062,InComm-sourced,True,ablation_v1
MOCK01681,DIAB_BLOOD_SUGAR,0.055939529064882955,InComm-sourced,True,ablation_v1
MOCK01687,DIAB_BLOOD_SUGAR,0.03779682586487224,InComm-sourced,True,ablation_v1
MOCK01693,DIAB_BLOOD_SUGAR,0.024832477497978813,InComm-sourced,True,ablation_v1
MOCK01699,DIAB_BLOOD_SUGAR,0.030558357770133864,InComm-sourced,True,ablation_v1
MOCK01705,DIAB_BLOOD_SUGAR,0.018480415472125204,InComm-sourced,True,ablation_v1
MOCK01711,DIAB_BLOOD_SUGAR,0.028967630353229554,InComm-sourced,True,ablation_v1
MOCK01717,DIAB_BLOOD_SUGAR,0.03724922439498279,InComm-sourced,True,ablation_v1
MOCK01723,DIAB_BLOOD_SUGAR,0.031784216442315584,InComm-sourced,True,ablation_v1
MOCK01729,DIAB_BLOOD_SUGAR,0.06329347926153346,InComm-sourced,True,ablation_v1
MOCK01735,DIAB_BLOOD_SUGAR,0.02613597065822784,InComm-sourced,True,ablation_v1
MOCK01741,DIAB_BLOOD_SUGAR,0.027077603729111888,InComm-sourced,True,ablation_v1
MOCK01747,DIAB_BLOOD_SUGAR,0.03225915622807662,InComm-sourced,True,ablation_v1
MOCK01753,DIAB_BLOOD_SUGAR,0.02287925812648468,InComm-sourced,True,ablation_v1
MOCK01759,DIAB_BLOOD_SUGAR,0.05557932934700371,InComm-sourced,True,ablation_v1
MOCK01765,DIAB_BLOOD_SUGAR,0.021030089902743045,InComm-sourced,True,ablation_v1
MOCK01771,DIAB_BLOOD_SUGAR,0.03802111503160273,InComm-sourced,True,ablation_v1
MOCK01777,DIAB_BLOOD_SUGAR,0.02255124932621787,InComm-sourced,True,ablation_v1
MOCK01783,DIAB_BLOOD_SUGAR,0.04872158025559997,InComm-sourced,True,ablation_v1
MOCK01789,DIAB_BLOOD_SUGAR,0.04485377645167816,InComm-sourced,True,ablation_v1
MOCK01795,DIAB_BLOOD_SUGAR,0.01892598706786819,InComm-sourced,True,ablation_v1
MOCK01801,DIAB_BLOOD_SUGAR,0.08277985362621279,InComm-sourced,True,ablation_v1
MOCK01807,DIAB_BLOOD_SUGAR,0.03633744899856115,InComm-sourced,True,ablation_v1
MOCK01813,DIAB_BLOOD_SUGAR,0.04963154561458713,InComm-sourced,True,ablation_v1
MOCK01819,DIAB_BLOOD_SUGAR,0.06870683307597675,InComm-sourced,True,ablation_v1
MOCK01825,DIAB_BLOOD_SUGAR,0.017750005105835902,InComm-sourced,True,ablation_v1
MOCK01831,DIAB_BLOOD_SUGAR,0.025621842294533966,InComm-sourced,True,ablation_v1
MOCK01837,DIAB_BLOOD_SUGAR,0.019217464586520308,InComm-sourced,True,ablation_v1
MOCK01843,DIAB_BLOOD_SUGAR,0.03744274332214638,InComm-sourced,True,ablation_v1
MOCK01849,DIAB_BLOOD_SUGAR,0.04464501915951189,InComm-sourced,True,ablation_v1
MOCK01855,DIAB_BLOOD_SUGAR,0.046888107004847496,InComm-sourced,True,ablation_v1
MOCK01861,DIAB_BLOOD_SUGAR,0.025494474288623774,InComm-sourced,True,ablation_v1
MOCK01867,DIAB_BLOOD_SUGAR,0.02261274893143815,InComm-sourced,True,ablation_v1
MOCK01873,DIAB_BLOOD_SUGAR,0.059513871655622774,InComm-sourced,True,ablation_v1
MOCK01879,DIAB_BLOOD_SUGAR,0.014032776515889463,InComm-sourced,True,ablation_v1
MOCK01885,DIAB_BLOOD_SUGAR,0.04554089233206512,InComm-sourced,True,ablation_v1
MOCK01891,DIAB_BLOOD_SUGAR,0.06840780879251425,InComm-sourced,True,ablation_v1
MOCK01897,DIAB_BLOOD_SUGAR,0.04073085528389489,InComm-sourced,True,ablation_v1
MOCK01903,DIAB_BLOOD_SUGAR,0.05297527214591331,InComm-sourced,True,ablation_v1
MOCK01909,DIAB_BLOOD_SUGAR,0.017501629686637647,InComm-sourced,True,ablation_v1
MOCK01915,DIAB_BLOOD_SUGAR,0.024422390976576697,InComm-sourced,True,ablation_v1
MOCK01921,DIAB_BLOOD_SUGAR,0.04813501340713328,InComm-sourced,True,ablation_v1
MOCK01927,DIAB_BLOOD_SUGAR,0.0710923828237987,InComm-sourced,True,ablation_v1
MOCK01933,DIAB_BLOOD_SUGAR,0.11256846153019918,InComm-sourced,True,ablation_v1
MOCK01939,DIAB_BLOOD_SUGAR,0.032604680334360224,InComm-sourced,True,ablation_v1
MOCK01945,DIAB_BLOOD_SUGAR,0.018308325670422374,InComm-sourced,True,ablation_v1
MOCK01951,DIAB_BLOOD_SUGAR,0.03328547034535316,InComm-sourced,True,ablation_v1
MOCK01957,DIAB_BLOOD_SUGAR,0.01899645293445313,InComm-sourced,True,ablation_v1
MOCK01963,DIAB_BLOOD_SUGAR,0.024379276071261374,InComm-sourced,True,ablation_v1
MOCK01969,DIAB_BLOOD_SUGAR,0.037354652550294215,InComm-sourced,True,ablation_v1
MOCK01975,DIAB_BLOOD_SUGAR,0.02183943863942001,InComm-sourced,True,ablation_v1
MOCK01981,DIAB_BLOOD_SUGAR,0.017835637148224618,InComm-sourced,True,ablation_v1
MOCK01987,DIAB_BLOOD_SUGAR,0.022953305508425836,InComm-sourced,True,ablation_v1
MOCK01993,DIAB_BLOOD_SUGAR,0.07311457044722725,InComm-sourced,True,ablation_v1
MOCK01999,DIAB_BLOOD_SUGAR,0.0382844025300509,InComm-sourced,True,ablation_v1
MOCK02005,DIAB_BLOOD_SUGAR,0.027030868616184693,InComm-sourced,True,ablation_v1
MOCK02011,DIAB_BLOOD_SUGAR,0.03409086451236214,InComm-sourced,True,ablation_v1
MOCK02017,DIAB_BLOOD_SUGAR,0.03606091488431984,InComm-sourced,True,ablation_v1
MOCK02023,DIAB_BLOOD_SUGAR,0.10274310570596218,InComm-sourced,True,ablation_v1
MOCK02029,DIAB_BLOOD_SUGAR,0.03456197118422697,InComm-sourced,True,ablation_v1
MOCK02035,DIAB_BLOOD_SUGAR,0.05900827106098408,InComm-sourced,True,ablation_v1
MOCK02041,DIAB_BLOOD_SUGAR,0.01850055217464682,InComm-sourced,True,ablation_v1
MOCK02047,DIAB_BLOOD_SUGAR,0.023830462307884638,InComm-sourced,True,ablation_v1
MOCK02053,DIAB_BLOOD_SUGAR,0.05815825751049954,InComm-sourced,True,ablation_v1
MOCK02059,DIAB_BLOOD_SUGAR,0.07834339245626447,InComm-sourced,True,ablation_v1
MOCK02065,DIAB_BLOOD_SUGAR,0.026511491391101476,InComm-sourced,True,ablation_v1
MOCK02071,DIAB_BLOOD_SUGAR,0.01729107420227928,InComm-sourced,True,ablation_v1
MOCK02077,DIAB_BLOOD_SUGAR,0.024934960449373947,InComm-sourced,True,ablation_v1
MOCK02083,DIAB_BLOOD_SUGAR,0.03226679678260792,InComm-sourced,True,ablation_v1
MOCK02089,DIAB_BLOOD_SUGAR,0.05040611524891022,InComm-sourced,True,ablation_v1
MOCK02095,DIAB_BLOOD_SUGAR,0.01938610658168031,InComm-sourced,True,ablation_v1
MOCK02101,DIAB_BLOOD_SUGAR,0.04052886060233774,InComm-sourced,True,ablation_v1
MOCK02107,DIAB_BLOOD_SUGAR,0.027609120926454914,InComm-sourced,True,ablation_v1
MOCK02113,DIAB_BLOOD_SUGAR,0.02328794505215207,InComm-sourced,True,ablation_v1
MOCK02119,DIAB_BLOOD_SUGAR,0.10300198987248113,InComm-sourced,True,ablation_v1
MOCK02125,DIAB_BLOOD_SUGAR,0.04008532248029927,InComm-sourced,True,ablation_v1
MOCK02131,DIAB_BLOOD_SUGAR,0.03957356764727208,InComm-sourced,True,ablation_v1
MOCK02137,DIAB_BLOOD_SUGAR,0.05636562546793511,InComm-sourced,True,ablation_v1
MOCK02143,DIAB_BLOOD_SUGAR,0.03270348203126243,InComm-sourced,True,ablation_v1
MOCK02149,DIAB_BLOOD_SUGAR,0.02522639528378862,InComm-sourced,True,ablation_v1
MOCK02155,DIAB_BLOOD_SUGAR,0.03891957002452048,InComm-sourced,True,ablation_v1
MOCK02161,DIAB_BLOOD_SUGAR,0.05458846552326219,InComm-sourced,True,ablation_v1
MOCK02167,DIAB_BLOOD_SUGAR,0.06200849669137524,InComm-sourced,True,ablation_v1
MOCK02173,DIAB_BLOOD_SUGAR,0.031043901422799346,InComm-sourced,True,ablation_v1
MOCK02179,DIAB_BLOOD_SUGAR,0.023494794191453207,InComm-sourced,True,ablation_v1
MOCK02185,DIAB_BLOOD_SUGAR,0.023457408394335726,InComm-sourced,True,ablation_v1
MOCK02191,DIAB_BLOOD_SUGAR,0.021536379999113512,InComm-sourced,True,ablation_v1
MOCK02197,DIAB_BLOOD_SUGAR,0.031578637857615874,InComm-sourced,True,ablation_v1
MOCK02203,DIAB_BLOOD_SUGAR,0.03403970348258964,InComm-sourced,True,ablation_v1
MOCK02209,DIAB_BLOOD_SUGAR,0.02596358538255454,InComm-sourced,True,ablation_v1
MOCK02215,DIAB_BLOOD_SUGAR,0.021650759095070367,InComm-sourced,True,ablation_v1
MOCK02221,DIAB_BLOOD_SUGAR,0.028765116461152897,InComm-sourced,True,ablation_v1
MOCK02227,DIAB_BLOOD_SUGAR,0.03811618520159134,InComm-sourced,True,ablation_v1
MOCK02233,DIAB_BLOOD_SUGAR,0.03717265304489371,InComm-sourced,True,ablation_v1
MOCK02239,DIAB_BLOOD_SUGAR,0.028019361652292095,InComm-sourced,True,ablation_v1
MOCK02245,DIAB_BLOOD_SUGAR,0.014739089305935666,InComm-sourced,True,ablation_v1
MOCK02251,DIAB_BLOOD_SUGAR,0.020069154466118237,InComm-sourced,True,ablation_v1
MOCK02257,DIAB_BLOOD_SUGAR,0.04620065777149285,InComm-sourced,True,ablation_v1
MOCK02263,DIAB_BLOOD_SUGAR,0.016184204664260845,InComm-sourced,True,ablation_v1
MOCK02269,DIAB_BLOOD_SUGAR,0.0335058778028862,InComm-sourced,True,ablation_v1
MOCK02275,DIAB_BLOOD_SUGAR,0.029553494320374785,InComm-sourced,True,ablation_v1
MOCK02281,DIAB_BLOOD_SUGAR,0.056668055880191734,InComm-sourced,True,ablation_v1
MOCK02287,DIAB_BLOOD_SUGAR,0.03683517271609757,InComm-sourced,True,ablation_v1
MOCK02293,DIAB_BLOOD_SUGAR,0.02573301386408543,InComm-sourced,True,ablation_v1
MOCK02299,DIAB_BLOOD_SUGAR,0.04922336455650047,InComm-sourced,True,ablation_v1
MOCK02305,DIAB_BLOOD_SUGAR,0.033154642527132155,InComm-sourced,True,ablation_v1
MOCK02311,DIAB_BLOOD_SUGAR,0.02230528613557133,InComm-sourced,True,ablation_v1
MOCK02317,DIAB_BLOOD_SUGAR,0.029012407915907312,InComm-sourced,True,ablation_v1
MOCK02323,DIAB_BLOOD_SUGAR,0.045593268700135456,InComm-sourced,True,ablation_v1
MOCK02329,DIAB_BLOOD_SUGAR,0.04093311398928706,InComm-sourced,True,ablation_v1
MOCK02335,DIAB_BLOOD_SUGAR,0.03245757831005458,InComm-sourced,True,ablation_v1
MOCK02341,DIAB_BLOOD_SUGAR,0.020792959663521574,InComm-sourced,True,ablation_v1
MOCK02347,DIAB_BLOOD_SUGAR,0.04152203471645809,InComm-sourced,True,ablation_v1
MOCK02353,DIAB_BLOOD_SUGAR,0.052807244403351376,InComm-sourced,True,ablation_v1
MOCK02359,DIAB_BLOOD_SUGAR,0.019946091300162713,InComm-sourced,True,ablation_v1
MOCK02365,DIAB_BLOOD_SUGAR,0.03320848662455715,InComm-sourced,True,ablation_v1
MOCK02371,DIAB_BLOOD_SUGAR,0.021517117119423074,InComm-sourced,True,ablation_v1
MOCK02377,DIAB_BLOOD_SUGAR,0.03815123411887268,InComm-sourced,True,ablation_v1
MOCK02383,DIAB_BLOOD_SUGAR,0.0562908551639953,InComm-sourced,True,ablation_v1
MOCK02389,DIAB_BLOOD_SUGAR,0.045667752053584254,InComm-sourced,True,ablation_v1
MOCK02395,DIAB_BLOOD_SUGAR,0.04497186998037972,InComm-sourced,True,ablation_v1
MOCK02401,DIAB_BLOOD_SUGAR,0.022706610515272885,InComm-sourced,True,ablation_v1
MOCK02407,DIAB_BLOOD_SUGAR,0.02757128891408244,InComm-sourced,True,ablation_v1
MOCK02413,DIAB_BLOOD_SUGAR,0.042810787254250846,InComm-sourced,True,ablation_v1
MOCK02419,DIAB_BLOOD_SUGAR,0.03956877307595614,InComm-sourced,True,ablation_v1
MOCK02425,DIAB_BLOOD_SUGAR,0.02072923125745604,InComm-sourced,True,ablation_v1
MOCK02431,DIAB_BLOOD_SUGAR,0.03789648581544153,InComm-sourced,True,ablation_v1
MOCK02437,DIAB_BLOOD_SUGAR,0.024217013107142527,InComm-sourced,True,ablation_v1
MOCK02443,DIAB_BLOOD_SUGAR,0.05322026366060132,InComm-sourced,True,ablation_v1
MOCK02449,DIAB_BLOOD_SUGAR,0.05616435846980093,InComm-sourced,True,ablation_v1
MOCK02455,DIAB_BLOOD_SUGAR,0.03500720865989388,InComm-sourced,True,ablation_v1
MOCK02461,DIAB_BLOOD_SUGAR,0.019236941954740575,InComm-sourced,True,ablation_v1
MOCK02467,DIAB_BLOOD_SUGAR,0.01786613857212208,InComm-sourced,True,ablation_v1
MOCK02473,DIAB_BLOOD_SUGAR,0.024945272737563914,InComm-sourced,True,ablation_v1
MOCK02479,DIAB_BLOOD_SUGAR,0.08212142227603499,InComm-sourced,True,ablation_v1
MOCK02485,DIAB_BLOOD_SUGAR,0.02376399117763087,InComm-sourced,True,ablation_v1
MOCK02491,DIAB_BLOOD_SUGAR,0.02902109355650429,InComm-sourced,True,ablation_v1
MOCK02497,DIAB_BLOOD_SUGAR,0.02890962338842199,InComm-sourced,True,ablation_v1
MOCK02503,DIAB_BLOOD_SUGAR,0.05104753790028092,InComm-sourced,True,ablation_v1
MOCK02509,DIAB_BLOOD_SUGAR,0.03228706037241894,InComm-sourced,True,ablation_v1
MOCK02515,DIAB_BLOOD_SUGAR,0.04093167096005432,InComm-sourced,True,ablation_v1
MOCK02521,DIAB_BLOOD_SUGAR,0.01848841804261958,InComm-sourced,True,ablation_v1
MOCK02527,DIAB_BLOOD_SUGAR,0.04498200935667324,InComm-sourced,True,ablation_v1
MOCK02533,DIAB_BLOOD_SUGAR,0.047896295332218265,InComm-sourced,True,ablation_v1
MOCK02539,DIAB_BLOOD_SUGAR,0.028086089674754667,InComm-sourced,True,ablation_v1
MOCK02545,DIAB_BLOOD_SUGAR,0.05355005453505782,InComm-sourced,True,ablation_v1
MOCK02551,DIAB_BLOOD_SUGAR,0.020477313277353117,InComm-sourced,True,ablation_v1
MOCK02557,DIAB_BLOOD_SUGAR,0.022509624053661026,InComm-sourced,True,ablation_v1
MOCK02563,DIAB_BLOOD_SUGAR,0.05500394745835428,InComm-sourced,True,ablation_v1
MOCK02569,DIAB_BLOOD_SUGAR,0.04806217580042703,InComm-sourced,True,ablation_v1
MOCK02575,DIAB_BLOOD_SUGAR,0.030018260761329626,InComm-sourced,True,ablation_v1
MOCK02581,DIAB_BLOOD_SUGAR,0.04496756808509419,InComm-sourced,True,ablation_v1
MOCK02587,DIAB_BLOOD_SUGAR,0.047512636783603415,InComm-sourced,True,ablation_v1
MOCK02593,DIAB_BLOOD_SUGAR,0.02387448640340873,InComm-sourced,True,ablation_v1
MOCK02599,DIAB_BLOOD_SUGAR,0.019377473501118417,InComm-sourced,True,ablation_v1
MOCK02605,DIAB_BLOOD_SUGAR,0.02124558507879872,InComm-sourced,True,ablation_v1
MOCK02611,DIAB_BLOOD_SUGAR,0.04404392221858644,InComm-sourced,True,ablation_v1
MOCK02617,DIAB_BLOOD_SUGAR,0.020183313278276313,InComm-sourced,True,ablation_v1
MOCK02623,DIAB_BLOOD_SUGAR,0.04206627294120598,InComm-sourced,True,ablation_v1
MOCK02629,DIAB_BLOOD_SUGAR,0.05078201763876029,InComm-sourced,True,ablation_v1
MOCK02635,DIAB_BLOOD_SUGAR,0.021144657054002664,InComm-sourced,True,ablation_v1
MOCK02641,DIAB_BLOOD_SUGAR,0.031851378179920044,InComm-sourced,True,ablation_v1
MOCK02647,DIAB_BLOOD_SUGAR,0.0425884330301098,InComm-sourced,True,ablation_v1
MOCK02653,DIAB_BLOOD_SUGAR,0.04480835188283464,InComm-sourced,True,ablation_v1
MOCK02659,DIAB_BLOOD_SUGAR,0.0348912084637026,InComm-sourced,True,ablation_v1
MOCK02665,DIAB_BLOOD_SUGAR,0.020491168747985927,InComm-sourced,True,ablation_v1
MOCK02671,DIAB_BLOOD_SUGAR,0.03822382409735299,InComm-sourced,True,ablation_v1
MOCK02677,DIAB_BLOOD_SUGAR,0.08751076016882844,InComm-sourced,True,ablation_v1
MOCK02683,DIAB_BLOOD_SUGAR,0.04824349580194747,InComm-sourced,True,ablation_v1
MOCK02689,DIAB_BLOOD_SUGAR,0.053679261571573676,InComm-sourced,True,ablation_v1
MOCK02695,DIAB_BLOOD_SUGAR,0.08261381053930447,InComm-sourced,True,ablation_v1
MOCK02701,DIAB_BLOOD_SUGAR,0.029217569996037907,InComm-sourced,True,ablation_v1
MOCK02707,DIAB_BLOOD_SUGAR,0.023267580614620517,InComm-sourced,True,ablation_v1
MOCK02713,DIAB_BLOOD_SUGAR,0.028445499827449598,InComm-sourced,True,ablation_v1
MOCK02719,DIAB_BLOOD_SUGAR,0.05057747573998461,InComm-sourced,True,ablation_v1
MOCK02725,DIAB_BLOOD_SUGAR,0.021862113625796178,InComm-sourced,True,ablation_v1
MOCK02731,DIAB_BLOOD_SUGAR,0.02407790463233287,InComm-sourced,True,ablation_v1
MOCK02737,DIAB_BLOOD_SUGAR,0.0320969271526537,InComm-sourced,True,ablation_v1
MOCK02743,DIAB_BLOOD_SUGAR,0.05400842211570824,InComm-sourced,True,ablation_v1
MOCK02749,DIAB_BLOOD_SUGAR,0.03378594855428806,InComm-sourced,True,ablation_v1
MOCK02755,DIAB_BLOOD_SUGAR,0.023037177293784097,InComm-sourced,True,ablation_v1
MOCK02761,DIAB_BLOOD_SUGAR,0.02002829956217995,InComm-sourced,True,ablation_v1
MOCK02767,DIAB_BLOOD_SUGAR,0.031684085703001255,InComm-sourced,True,ablation_v1
MOCK02773,DIAB_BLOOD_SUGAR,0.05838749293580964,InComm-sourced,True,ablation_v1
MOCK02779,DIAB_BLOOD_SUGAR,0.03050629415931395,InComm-sourced,True,ablation_v1
MOCK02785,DIAB_BLOOD_SUGAR,0.02445169404376806,InComm-sourced,True,ablation_v1
MOCK02791,DIAB_BLOOD_SUGAR,0.03753577940586959,InComm-sourced,True,ablation_v1
MOCK02797,DIAB_BLOOD_SUGAR,0.01760853676078626,InComm-sourced,True,ablation_v1
MOCK02803,DIAB_BLOOD_SUGAR,0.03817653577738227,InComm-sourced,True,ablation_v1
MOCK02809,DIAB_BLOOD_SUGAR,0.03332309803381948,InComm-sourced,True,ablation_v1
MOCK02815,DIAB_BLOOD_SUGAR,0.0434314571285784,InComm-sourced,True,ablation_v1
MOCK02821,DIAB_BLOOD_SUGAR,0.020616121504732608,InComm-sourced,True,ablation_v1
MOCK02827,DIAB_BLOOD_SUGAR,0.09992926531531841,InComm-sourced,True,ablation_v1
MOCK02833,DIAB_BLOOD_SUGAR,0.02037087070428331,InComm-sourced,True,ablation_v1
MOCK02839,DIAB_BLOOD_SUGAR,0.05847620160520536,InComm-sourced,True,ablation_v1
MOCK02845,DIAB_BLOOD_SUGAR,0.052202497755014406,InComm-sourced,True,ablation_v1
MOCK02851,DIAB_BLOOD_SUGAR,0.027289591937934742,InComm-sourced,True,ablation_v1
MOCK02857,DIAB_BLOOD_SUGAR,0.05231273507387384,InComm-sourced,True,ablation_v1
MOCK02863,DIAB_BLOOD_SUGAR,0.026279951068415016,InComm-sourced,True,ablation_v1
MOCK02869,DIAB_BLOOD_SUGAR,0.04150341815376545,InComm-sourced,True,ablation_v1
MOCK02875,DIAB_BLOOD_SUGAR,0.026433392245589833,InComm-sourced,True,ablation_v1
MOCK02881,DIAB_BLOOD_SUGAR,0.026594825819731938,InComm-sourced,True,ablation_v1
MOCK02887,DIAB_BLOOD_SUGAR,0.05775699292091931,InComm-sourced,True,ablation_v1
MOCK02893,DIAB_BLOOD_SUGAR,0.01678930986751477,InComm-sourced,True,ablation_v1
MOCK02899,DIAB_BLOOD_SUGAR,0.027019846966642638,InComm-sourced,True,ablation_v1
MOCK02905,DIAB_BLOOD_SUGAR,0.03492187860221481,InComm-sourced,True,ablation_v1
MOCK02911,DIAB_BLOOD_SUGAR,0.0415516559821633,InComm-sourced,True,ablation_v1
MOCK02917,DIAB_BLOOD_SUGAR,0.043331302328740946,InComm-sourced,True,ablation_v1
MOCK02923,DIAB_BLOOD_SUGAR,0.04443444520276146,InComm-sourced,True,ablation_v1
MOCK02929,DIAB_BLOOD_SUGAR,0.022619018480035957,InComm-sourced,True,ablation_v1
MOCK02935,DIAB_BLOOD_SUGAR,0.04051780274287878,InComm-sourced,True,ablation_v1
MOCK02941,DIAB_BLOOD_SUGAR,0.03091704921584027,InComm-sourced,True,ablation_v1
MOCK02947,DIAB_BLOOD_SUGAR,0.05281823890527704,InComm-sourced,True,ablation_v1
MOCK02953,DIAB_BLOOD_SUGAR,0.0914452841828055,InComm-sourced,True,ablation_v1
MOCK02959,DIAB_BLOOD_SUGAR,0.02395874208356438,InComm-sourced,True,ablation_v1
MOCK02965,DIAB_BLOOD_SUGAR,0.05517715156132432,InComm-sourced,True,ablation_v1
MOCK02971,DIAB_BLOOD_SUGAR,0.05187602790641554,InComm-sourced,True,ablation_v1
MOCK02977,DIAB_BLOOD_SUGAR,0.03688890343647438,InComm-sourced,True,ablation_v1
MOCK02983,DIAB_BLOOD_SUGAR,0.04131736613578239,InComm-sourced,True,ablation_v1
MOCK02989,DIAB_BLOOD_SUGAR,0.03192512400485783,InComm-sourced,True,ablation_v1
MOCK02995,DIAB_BLOOD_SUGAR,0.024309652944149676,InComm-sourced,True,ablation_v1
MOCK03001,DIAB_BLOOD_SUGAR,0.02728720708011249,InComm-sourced,True,ablation_v1
MOCK03007,DIAB_BLOOD_SUGAR,0.036807629551794056,InComm-sourced,True,ablation_v1
MOCK03013,DIAB_BLOOD_SUGAR,0.028047778753244577,InComm-sourced,True,ablation_v1
MOCK03019,DIAB_BLOOD_SUGAR,0.02966894004846938,InComm-sourced,True,ablation_v1
MOCK03025,DIAB_BLOOD_SUGAR,0.024639616106241876,InComm-sourced,True,ablation_v1
MOCK03031,DIAB_BLOOD_SUGAR,0.021549225630653545,InComm-sourced,True,ablation_v1
MOCK03037,DIAB_BLOOD_SUGAR,0.022158241483336425,InComm-sourced,True,ablation_v1
MOCK03043,DIAB_BLOOD_SUGAR,0.018878049604739155,InComm-sourced,True,ablation_v1
MOCK03049,DIAB_BLOOD_SUGAR,0.046730187630604214,InComm-sourced,True,ablation_v1
MOCK03055,DIAB_BLOOD_SUGAR,0.032319197397393015,InComm-sourced,True,ablation_v1
MOCK03061,DIAB_BLOOD_SUGAR,0.019358155354312023,InComm-sourced,True,ablation_v1
MOCK03067,DIAB_BLOOD_SUGAR,0.020711019897004072,InComm-sourced,True,ablation_v1
MOCK03073,DIAB_BLOOD_SUGAR,0.020552450055007106,InComm-sourced,True,ablation_v1
MOCK03079,DIAB_BLOOD_SUGAR,0.03057528049714996,InComm-sourced,True,ablation_v1
MOCK03085,DIAB_BLOOD_SUGAR,0.02865317229286932,InComm-sourced,True,ablation_v1
MOCK03091,DIAB_BLOOD_SUGAR,0.037320717705626914,InComm-sourced,True,ablation_v1
MOCK03097,DIAB_BLOOD_SUGAR,0.013369387687289772,InComm-sourced,True,ablation_v1
MOCK03103,DIAB_BLOOD_SUGAR,0.02751622073148989,InComm-sourced,True,ablation_v1
MOCK03109,DIAB_BLOOD_SUGAR,0.02739310646784873,InComm-sourced,True,ablation_v1
MOCK03115,DIAB_BLOOD_SUGAR,0.01906477778619141,InComm-sourced,True,ablation_v1
MOCK03121,DIAB_BLOOD_SUGAR,0.040315529012751046,InComm-sourced,True,ablation_v1
MOCK03127,DIAB_BLOOD_SUGAR,0.029546669069696198,InComm-sourced,True,ablation_v1
MOCK03133,DIAB_BLOOD_SUGAR,0.04529658990482521,InComm-sourced,True,ablation_v1
MOCK03139,DIAB_BLOOD_SUGAR,0.03781477642650596,InComm-sourced,True,ablation_v1
MOCK03145,DIAB_BLOOD_SUGAR,0.03064683206231316,InComm-sourced,True,ablation_v1
MOCK03151,DIAB_BLOOD_SUGAR,0.01931741144316111,InComm-sourced,True,ablation_v1
MOCK03157,DIAB_BLOOD_SUGAR,0.04034378002474553,InComm-sourced,True,ablation_v1
MOCK03163,DIAB_BLOOD_SUGAR,0.03958174955894976,InComm-sourced,True,ablation_v1
MOCK03169,DIAB_BLOOD_SUGAR,0.01901565503164875,InComm-sourced,True,ablation_v1
MOCK03175,DIAB_BLOOD_SUGAR,0.02264599302044453,InComm-sourced,True,ablation_v1
MOCK03181,DIAB_BLOOD_SUGAR,0.041371223344361926,InComm-sourced,True,ablation_v1
MOCK03187,DIAB_BLOOD_SUGAR,0.04810584388218934,InComm-sourced,True,ablation_v1
MOCK03193,DIAB_BLOOD_SUGAR,0.05086384393177613,InComm-sourced,True,ablation_v1
MOCK03199,DIAB_BLOOD_SUGAR,0.04170848461991618,InComm-sourced,True,ablation_v1
MOCK03205,DIAB_BLOOD_SUGAR,0.03474274738673155,InComm-sourced,True,ablation_v1
MOCK03211,DIAB_BLOOD_SUGAR,0.021066089196659116,InComm-sourced,True,ablation_v1
MOCK03217,DIAB_BLOOD_SUGAR,0.03726555191758392,InComm-sourced,True,ablation_v1
MOCK03223,DIAB_BLOOD_SUGAR,0.07319762680815198,InComm-sourced,True,ablation_v1
MOCK03229,DIAB_BLOOD_SUGAR,0.039415896496845515,InComm-sourced,True,ablation_v1
MOCK03235,DIAB_BLOOD_SUGAR,0.04685126190602006,InComm-sourced,True,ablation_v1
MOCK03241,DIAB_BLOOD_SUGAR,0.036237410895052044,InComm-sourced,True,ablation_v1
MOCK03247,DIAB_BLOOD_SUGAR,0.0177035237106346,InComm-sourced,True,ablation_v1
MOCK03253,DIAB_BLOOD_SUGAR,0.02437327341779989,InComm-sourced,True,ablation_v1
MOCK03259,DIAB_BLOOD_SUGAR,0.06564951305890586,InComm-sourced,True,ablation_v1
MOCK03265,DIAB_BLOOD_SUGAR,0.02897736093428272,InComm-sourced,True,ablation_v1
MOCK03271,DIAB_BLOOD_SUGAR,0.03196981228368926,InComm-sourced,True,ablation_v1
MOCK03277,DIAB_BLOOD_SUGAR,0.032169103648997395,InComm-sourced,True,ablation_v1
MOCK03283,DIAB_BLOOD_SUGAR,0.059161803542795134,InComm-sourced,True,ablation_v1
MOCK03289,DIAB_BLOOD_SUGAR,0.06078671889613237,InComm-sourced,True,ablation_v1
MOCK03295,DIAB_BLOOD_SUGAR,0.025047937034687537,InComm-sourced,True,ablation_v1
MOCK03301,DIAB_BLOOD_SUGAR,0.019214078987238956,InComm-sourced,True,ablation_v1
MOCK03307,DIAB_BLOOD_SUGAR,0.03338446963546527,InComm-sourced,True,ablation_v1
MOCK03313,DIAB_BLOOD_SUGAR,0.048463679382961096,InComm-sourced,True,ablation_v1
MOCK03319,DIAB_BLOOD_SUGAR,0.031610809299402964,InComm-sourced,True,ablation_v1
MOCK03325,DIAB_BLOOD_SUGAR,0.02368078743762845,InComm-sourced,True,ablation_v1
MOCK03331,DIAB_BLOOD_SUGAR,0.023079037768843735,InComm-sourced,True,ablation_v1
MOCK03337,DIAB_BLOOD_SUGAR,0.022221747213310983,InComm-sourced,True,ablation_v1
MOCK03343,DIAB_BLOOD_SUGAR,0.03554097469455827,InComm-sourced,True,ablation_v1
MOCK03349,DIAB_BLOOD_SUGAR,0.03824702607248812,InComm-sourced,True,ablation_v1
MOCK03355,DIAB_BLOOD_SUGAR,0.03497060041830608,InComm-sourced,True,ablation_v1
MOCK03361,DIAB_BLOOD_SUGAR,0.027871769675582057,InComm-sourced,True,ablation_v1
MOCK03367,DIAB_BLOOD_SUGAR,0.042386886283301256,InComm-sourced,True,ablation_v1
MOCK03373,DIAB_BLOOD_SUGAR,0.03552977657705639,InComm-sourced,True,ablation_v1
MOCK03379,DIAB_BLOOD_SUGAR,0.02860177771586334,InComm-sourced,True,ablation_v1
MOCK03385,DIAB_BLOOD_SUGAR,0.02265444512508249,InComm-sourced,True,ablation_v1
MOCK03391,DIAB_BLOOD_SUGAR,0.033736823075240854,InComm-sourced,True,ablation_v1
MOCK03397,DIAB_BLOOD_SUGAR,0.05106508011569767,InComm-sourced,True,ablation_v1
MOCK03403,DIAB_BLOOD_SUGAR,0.03485335064262776,InComm-sourced,True,ablation_v1
MOCK03409,DIAB_BLOOD_SUGAR,0.06543710026527759,InComm-sourced,True,ablation_v1
MOCK03415,DIAB_BLOOD_SUGAR,0.02135097441108074,InComm-sourced,True,ablation_v1
MOCK03421,DIAB_BLOOD_SUGAR,0.028030637801481587,InComm-sourced,True,ablation_v1
MOCK03427,DIAB_BLOOD_SUGAR,0.05806409765982328,InComm-sourced,True,ablation_v1
MOCK03433,DIAB_BLOOD_SUGAR,0.05521127910442336,InComm-sourced,True,ablation_v1
MOCK03439,DIAB_BLOOD_SUGAR,0.08541842045955632,InComm-sourced,True,ablation_v1
MOCK03445,DIAB_BLOOD_SUGAR,0.02511532872027863,InComm-sourced,True,ablation_v1
MOCK03451,DIAB_BLOOD_SUGAR,0.02397940175533209,InComm-sourced,True,ablation_v1
MOCK03457,DIAB_BLOOD_SUGAR,0.02526699676489529,InComm-sourced,True,ablation_v1
MOCK03463,DIAB_BLOOD_SUGAR,0.03317762011384603,InComm-sourced,True,ablation_v1
MOCK03469,DIAB_BLOOD_SUGAR,0.05636677992658846,InComm-sourced,True,ablation_v1
MOCK03475,DIAB_BLOOD_SUGAR,0.04025271165409868,InComm-sourced,True,ablation_v1
MOCK03481,DIAB_BLOOD_SUGAR,0.031244851264446705,InComm-sourced,True,ablation_v1
MOCK03487,DIAB_BLOOD_SUGAR,0.03460106203311346,InComm-sourced,True,ablation_v1
MOCK03493,DIAB_BLOOD_SUGAR,0.02903506665318117,InComm-sourced,True,ablation_v1
MOCK03499,DIAB_BLOOD_SUGAR,0.026696985981208284,InComm-sourced,True,ablation_v1
MOCK03505,DIAB_BLOOD_SUGAR,0.03435736787024521,InComm-sourced,True,ablation_v1
MOCK03511,DIAB_BLOOD_SUGAR,0.03473954410933451,InComm-sourced,True,ablation_v1
MOCK03517,DIAB_BLOOD_SUGAR,0.02723786281761593,InComm-sourced,True,ablation_v1
MOCK03523,DIAB_BLOOD_SUGAR,0.09636624261220268,InComm-sourced,True,ablation_v1
MOCK03529,DIAB_BLOOD_SUGAR,0.05189448556199318,InComm-sourced,True,ablation_v1
MOCK03535,DIAB_BLOOD_SUGAR,0.033465797955837116,InComm-sourced,True,ablation_v1
MOCK03541,DIAB_BLOOD_SUGAR,0.04703758217275876,InComm-sourced,True,ablation_v1
MOCK03547,DIAB_BLOOD_SUGAR,0.07276905803742266,InComm-sourced,True,ablation_v1
MOCK03553,DIAB_BLOOD_SUGAR,0.023038525928648808,InComm-sourced,True,ablation_v1
MOCK03559,DIAB_BLOOD_SUGAR,0.029806294778391935,InComm-sourced,True,ablation_v1
MOCK03565,DIAB_BLOOD_SUGAR,0.018333357412866565,InComm-sourced,True,ablation_v1
MOCK03571,DIAB_BLOOD_SUGAR,0.023333819448159574,InComm-sourced,True,ablation_v1
MOCK03577,DIAB_BLOOD_SUGAR,0.026022608446715646,InComm-sourced,True,ablation_v1
MOCK03583,DIAB_BLOOD_SUGAR,0.02727090388553774,InComm-sourced,True,ablation_v1
MOCK03589,DIAB_BLOOD_SUGAR,0.03626531790913428,InComm-sourced,True,ablation_v1
MOCK03595,DIAB_BLOOD_SUGAR,0.02435377152197768,InComm-sourced,True,ablation_v1
MOCK03601,DIAB_BLOOD_SUGAR,0.03898963752621545,InComm-sourced,True,ablation_v1
MOCK03607,DIAB_BLOOD_SUGAR,0.03616767853801404,InComm-sourced,True,ablation_v1
MOCK03613,DIAB_BLOOD_SUGAR,0.09687996927531381,InComm-sourced,True,ablation_v1
MOCK03619,DIAB_BLOOD_SUGAR,0.025514575264459317,InComm-sourced,True,ablation_v1
MOCK03625,DIAB_BLOOD_SUGAR,0.020034117732474006,InComm-sourced,True,ablation_v1
MOCK03631,DIAB_BLOOD_SUGAR,0.03536629694114016,InComm-sourced,True,ablation_v1
MOCK03637,DIAB_BLOOD_SUGAR,0.03572532718665215,InComm-sourced,True,ablation_v1
MOCK03643,DIAB_BLOOD_SUGAR,0.048882807068692434,InComm-sourced,True,ablation_v1
MOCK03649,DIAB_BLOOD_SUGAR,0.029631858120411612,InComm-sourced,True,ablation_v1
MOCK03655,DIAB_BLOOD_SUGAR,0.03634460345282473,InComm-sourced,True,ablation_v1
MOCK03661,DIAB_BLOOD_SUGAR,0.03551775923221128,InComm-sourced,True,ablation_v1
MOCK03667,DIAB_BLOOD_SUGAR,0.036892242460030575,InComm-sourced,True,ablation_v1
MOCK03673,DIAB_BLOOD_SUGAR,0.03613128365858051,InComm-sourced,True,ablation_v1
MOCK03679,DIAB_BLOOD_SUGAR,0.03551569587496112,InComm-sourced,True,ablation_v1
MOCK03685,DIAB_BLOOD_SUGAR,0.03243220747805701,InComm-sourced,True,ablation_v1
MOCK03691,DIAB_BLOOD_SUGAR,0.033827903338387144,InComm-sourced,True,ablation_v1
MOCK03697,DIAB_BLOOD_SUGAR,0.01983050736176614,InComm-sourced,True,ablation_v1
MOCK03703,DIAB_BLOOD_SUGAR,0.021715270390019165,InComm-sourced,True,ablation_v1
MOCK03709,DIAB_BLOOD_SUGAR,0.054046564445278056,InComm-sourced,True,ablation_v1
MOCK03715,DIAB_BLOOD_SUGAR,0.04355424727054795,InComm-sourced,True,ablation_v1
MOCK03721,DIAB_BLOOD_SUGAR,0.025860073744856774,InComm-sourced,True,ablation_v1
MOCK03727,DIAB_BLOOD_SUGAR,0.042521928353223264,InComm-sourced,True,ablation_v1
MOCK03733,DIAB_BLOOD_SUGAR,0.02766174737277605,InComm-sourced,True,ablation_v1
MOCK03739,DIAB_BLOOD_SUGAR,0.07589751489647524,InComm-sourced,True,ablation_v1
MOCK03745,DIAB_BLOOD_SUGAR,0.015315538042139006,InComm-sourced,True,ablation_v1
MOCK03751,DIAB_BLOOD_SUGAR,0.0381110789792534,InComm-sourced,True,ablation_v1
MOCK03757,DIAB_BLOOD_SUGAR,0.019430544437124248,InComm-sourced,True,ablation_v1
MOCK03763,DIAB_BLOOD_SUGAR,0.0684902201931477,InComm-sourced,True,ablation_v1
MOCK03769,DIAB_BLOOD_SUGAR,0.02234068220268675,InComm-sourced,True,ablation_v1
MOCK03775,DIAB_BLOOD_SUGAR,0.018403007876255834,InComm-sourced,True,ablation_v1
MOCK03781,DIAB_BLOOD_SUGAR,0.10879643924364761,InComm-sourced,True,ablation_v1
MOCK03787,DIAB_BLOOD_SUGAR,0.036472918473885264,InComm-sourced,True,ablation_v1
MOCK03793,DIAB_BLOOD_SUGAR,0.031258910136233706,InComm-sourced,True,ablation_v1
MOCK03799,DIAB_BLOOD_SUGAR,0.02884644502009628,InComm-sourced,True,ablation_v1
MOCK03805,DIAB_BLOOD_SUGAR,0.03012005148919558,InComm-sourced,True,ablation_v1
MOCK03811,DIAB_BLOOD_SUGAR,0.03708981626971868,InComm-sourced,True,ablation_v1
MOCK03817,DIAB_BLOOD_SUGAR,0.03687268219482812,InComm-sourced,True,ablation_v1
MOCK03823,DIAB_BLOOD_SUGAR,0.023603219474961988,InComm-sourced,True,ablation_v1
MOCK03829,DIAB_BLOOD_SUGAR,0.053348527379816546,InComm-sourced,True,ablation_v1
MOCK03835,DIAB_BLOOD_SUGAR,0.03686527174143147,InComm-sourced,True,ablation_v1
MOCK03841,DIAB_BLOOD_SUGAR,0.019181974434193862,InComm-sourced,True,ablation_v1
MOCK03847,DIAB_BLOOD_SUGAR,0.027828191729079913,InComm-sourced,True,ablation_v1
MOCK03853,DIAB_BLOOD_SUGAR,0.039458382936355424,InComm-sourced,True,ablation_v1
MOCK03859,DIAB_BLOOD_SUGAR,0.030120701996550092,InComm-sourced,True,ablation_v1
MOCK03865,DIAB_BLOOD_SUGAR,0.038103311361802145,InComm-sourced,True,ablation_v1
MOCK03871,DIAB_BLOOD_SUGAR,0.02004530365054295,InComm-sourced,True,ablation_v1
MOCK03877,DIAB_BLOOD_SUGAR,0.027737850240022975,InComm-sourced,True,ablation_v1
MOCK03883,DIAB_BLOOD_SUGAR,0.031964194019028856,InComm-sourced,True,ablation_v1
MOCK03889,DIAB_BLOOD_SUGAR,0.04470043521693611,InComm-sourced,True,ablation_v1
MOCK03895,DIAB_BLOOD_SUGAR,0.022901532333233676,InComm-sourced,True,ablation_v1
MOCK03901,DIAB_BLOOD_SUGAR,0.05948810810783858,InComm-sourced,True,ablation_v1
MOCK03907,DIAB_BLOOD_SUGAR,0.02305371596575972,InComm-sourced,True,ablation_v1
MOCK03913,DIAB_BLOOD_SUGAR,0.03005738091300907,InComm-sourced,True,ablation_v1
MOCK03919,DIAB_BLOOD_SUGAR,0.02425336842720087,InComm-sourced,True,ablation_v1
MOCK03925,DIAB_BLOOD_SUGAR,0.031197821614640596,InComm-sourced,True,ablation_v1
MOCK03931,DIAB_BLOOD_SUGAR,0.037038629117439256,InComm-sourced,True,ablation_v1
MOCK03937,DIAB_BLOOD_SUGAR,0.030594017779290973,InComm-sourced,True,ablation_v1
MOCK03943,DIAB_BLOOD_SUGAR,0.03051573650114309,InComm-sourced,True,ablation_v1
MOCK03949,DIAB_BLOOD_SUGAR,0.04730285994383582,InComm-sourced,True,ablation_v1
MOCK03955,DIAB_BLOOD_SUGAR,0.04852964388422072,InComm-sourced,True,ablation_v1
MOCK03961,DIAB_BLOOD_SUGAR,0.03842578000178523,InComm-sourced,True,ablation_v1
MOCK03967,DIAB_BLOOD_SUGAR,0.05705771278284637,InComm-sourced,True,ablation_v1
MOCK03973,DIAB_BLOOD_SUGAR,0.03013136281401181,InComm-sourced,True,ablation_v1
MOCK03979,DIAB_BLOOD_SUGAR,0.03885535920822987,InComm-sourced,True,ablation_v1
MOCK03985,DIAB_BLOOD_SUGAR,0.04199136701478772,InComm-sourced,True,ablation_v1
MOCK03991,DIAB_BLOOD_SUGAR,0.027263068319451928,InComm-sourced,True,ablation_v1
MOCK03997,DIAB_BLOOD_SUGAR,0.026159701267771993,InComm-sourced,True,ablation_v1
MOCK04003,DIAB_BLOOD_SUGAR,0.07724811694033536,InComm-sourced,True,ablation_v1
MOCK04009,DIAB_BLOOD_SUGAR,0.054213574792258135,InComm-sourced,True,ablation_v1
MOCK04015,DIAB_BLOOD_SUGAR,0.03317382549358734,InComm-sourced,True,ablation_v1
MOCK04021,DIAB_BLOOD_SUGAR,0.02217046344939744,InComm-sourced,True,ablation_v1
MOCK04027,DIAB_BLOOD_SUGAR,0.017321892481759513,InComm-sourced,True,ablation_v1
MOCK04033,DIAB_BLOOD_SUGAR,0.04706765406403967,InComm-sourced,True,ablation_v1
MOCK04039,DIAB_BLOOD_SUGAR,0.0404578656241553,InComm-sourced,True,ablation_v1
MOCK04045,DIAB_BLOOD_SUGAR,0.02415554384309258,InComm-sourced,True,ablation_v1
MOCK04051,DIAB_BLOOD_SUGAR,0.03353720187681483,InComm-sourced,True,ablation_v1
MOCK04057,DIAB_BLOOD_SUGAR,0.045683739216663063,InComm-sourced,True,ablation_v1
MOCK04063,DIAB_BLOOD_SUGAR,0.0457764732069667,InComm-sourced,True,ablation_v1
MOCK04069,DIAB_BLOOD_SUGAR,0.06581136030854792,InComm-sourced,True,ablation_v1
MOCK04075,DIAB_BLOOD_SUGAR,0.03668895457117475,InComm-sourced,True,ablation_v1
MOCK04081,DIAB_BLOOD_SUGAR,0.022748507989872335,InComm-sourced,True,ablation_v1
MOCK04087,DIAB_BLOOD_SUGAR,0.03170226971427829,InComm-sourced,True,ablation_v1
MOCK04093,DIAB_BLOOD_SUGAR,0.02250008597256065,InComm-sourced,True,ablation_v1
MOCK04099,DIAB_BLOOD_SUGAR,0.04058701959032445,InComm-sourced,True,ablation_v1
MOCK04105,DIAB_BLOOD_SUGAR,0.04246688243911294,InComm-sourced,True,ablation_v1
MOCK04111,DIAB_BLOOD_SUGAR,0.020090605008914644,InComm-sourced,True,ablation_v1
MOCK04117,DIAB_BLOOD_SUGAR,0.07026423378340632,InComm-sourced,True,ablation_v1
MOCK04123,DIAB_BLOOD_SUGAR,0.057171121174339305,InComm-sourced,True,ablation_v1
MOCK04129,DIAB_BLOOD_SUGAR,0.02348257886510543,InComm-sourced,True,ablation_v1
MOCK04135,DIAB_BLOOD_SUGAR,0.038268831842856114,InComm-sourced,True,ablation_v1
MOCK04141,DIAB_BLOOD_SUGAR,0.04349686083342209,InComm-sourced,True,ablation_v1
MOCK04147,DIAB_BLOOD_SUGAR,0.03248880948860034,InComm-sourced,True,ablation_v1
MOCK04153,DIAB_BLOOD_SUGAR,0.05123406551665787,InComm-sourced,True,ablation_v1
MOCK04159,DIAB_BLOOD_SUGAR,0.030422997392149924,InComm-sourced,True,ablation_v1
MOCK04165,DIAB_BLOOD_SUGAR,0.023720643384929636,InComm-sourced,True,ablation_v1
MOCK04171,DIAB_BLOOD_SUGAR,0.049502112728921056,InComm-sourced,True,ablation_v1
MOCK04177,DIAB_BLOOD_SUGAR,0.08866927614199678,InComm-sourced,True,ablation_v1
MOCK04183,DIAB_BLOOD_SUGAR,0.029030712833783237,InComm-sourced,True,ablation_v1
MOCK04189,DIAB_BLOOD_SUGAR,0.040209976287061994,InComm-sourced,True,ablation_v1
MOCK04195,DIAB_BLOOD_SUGAR,0.02688974255132144,InComm-sourced,True,ablation_v1
MOCK04201,DIAB_BLOOD_SUGAR,0.027117697000055983,InComm-sourced,True,ablation_v1
MOCK04207,DIAB_BLOOD_SUGAR,0.022244840995294328,InComm-sourced,True,ablation_v1
MOCK04213,DIAB_BLOOD_SUGAR,0.07165153238435551,InComm-sourced,True,ablation_v1
MOCK04219,DIAB_BLOOD_SUGAR,0.029143213156437427,InComm-sourced,True,ablation_v1
MOCK04225,DIAB_BLOOD_SUGAR,0.02923765895820457,InComm-sourced,True,ablation_v1
MOCK04231,DIAB_BLOOD_SUGAR,0.0342495070538783,InComm-sourced,True,ablation_v1
MOCK04237,DIAB_BLOOD_SUGAR,0.06730079393578489,InComm-sourced,True,ablation_v1
MOCK04243,DIAB_BLOOD_SUGAR,0.03544046018097819,InComm-sourced,True,ablation_v1
MOCK04249,DIAB_BLOOD_SUGAR,0.023744724113630156,InComm-sourced,True,ablation_v1
MOCK04255,DIAB_BLOOD_SUGAR,0.06851582169661724,InComm-sourced,True,ablation_v1
MOCK04261,DIAB_BLOOD_SUGAR,0.03759250194105609,InComm-sourced,True,ablation_v1
MOCK04267,DIAB_BLOOD_SUGAR,0.015408339704445294,InComm-sourced,True,ablation_v1
MOCK04273,DIAB_BLOOD_SUGAR,0.04937186502959375,InComm-sourced,True,ablation_v1
MOCK04279,DIAB_BLOOD_SUGAR,0.019231768250165395,InComm-sourced,True,ablation_v1
MOCK04285,DIAB_BLOOD_SUGAR,0.020843797161173936,InComm-sourced,True,ablation_v1
MOCK04291,DIAB_BLOOD_SUGAR,0.022533851041373336,InComm-sourced,True,ablation_v1
MOCK04297,DIAB_BLOOD_SUGAR,0.030246927553014304,InComm-sourced,True,ablation_v1
MOCK04303,DIAB_BLOOD_SUGAR,0.026662659433417675,InComm-sourced,True,ablation_v1
MOCK04309,DIAB_BLOOD_SUGAR,0.04163225196802778,InComm-sourced,True,ablation_v1
MOCK04315,DIAB_BLOOD_SUGAR,0.040981749033418745,InComm-sourced,True,ablation_v1
MOCK04321,DIAB_BLOOD_SUGAR,0.041037665431879984,InComm-sourced,True,ablation_v1
MOCK04327,DIAB_BLOOD_SUGAR,0.054489940699897,InComm-sourced,True,ablation_v1
MOCK04333,DIAB_BLOOD_SUGAR,0.050183382226604255,InComm-sourced,True,ablation_v1
MOCK04339,DIAB_BLOOD_SUGAR,0.023981280615520684,InComm-sourced,True,ablation_v1
MOCK04345,DIAB_BLOOD_SUGAR,0.02738352302215561,InComm-sourced,True,ablation_v1
MOCK04351,DIAB_BLOOD_SUGAR,0.05851567172026797,InComm-sourced,True,ablation_v1
MOCK04357,DIAB_BLOOD_SUGAR,0.017060218510257404,InComm-sourced,True,ablation_v1
MOCK04363,DIAB_BLOOD_SUGAR,0.0757538079873432,InComm-sourced,True,ablation_v1
MOCK04369,DIAB_BLOOD_SUGAR,0.019307562947022298,InComm-sourced,True,ablation_v1
MOCK04375,DIAB_BLOOD_SUGAR,0.02519751954237513,InComm-sourced,True,ablation_v1
MOCK04381,DIAB_BLOOD_SUGAR,0.07454248143026279,InComm-sourced,True,ablation_v1
MOCK04387,DIAB_BLOOD_SUGAR,0.03250792795500118,InComm-sourced,True,ablation_v1
MOCK04393,DIAB_BLOOD_SUGAR,0.05340646917417709,InComm-sourced,True,ablation_v1
MOCK04399,DIAB_BLOOD_SUGAR,0.06088000869544799,InComm-sourced,True,ablation_v1
MOCK04405,DIAB_BLOOD_SUGAR,0.033201619021560075,InComm-sourced,True,ablation_v1
MOCK04411,DIAB_BLOOD_SUGAR,0.037103621415114786,InComm-sourced,True,ablation_v1
MOCK04417,DIAB_BLOOD_SUGAR,0.03323097696173762,InComm-sourced,True,ablation_v1
MOCK04423,DIAB_BLOOD_SUGAR,0.05198117338876566,InComm-sourced,True,ablation_v1
MOCK04429,DIAB_BLOOD_SUGAR,0.02528526605181267,InComm-sourced,True,ablation_v1
MOCK04435,DIAB_BLOOD_SUGAR,0.023723747564081448,InComm-sourced,True,ablation_v1
MOCK04441,DIAB_BLOOD_SUGAR,0.024176074815481802,InComm-sourced,True,ablation_v1
MOCK04447,DIAB_BLOOD_SUGAR,0.028921261609566457,InComm-sourced,True,ablation_v1
MOCK04453,DIAB_BLOOD_SUGAR,0.03526297544738716,InComm-sourced,True,ablation_v1
MOCK04459,DIAB_BLOOD_SUGAR,0.025821178849425044,InComm-sourced,True,ablation_v1
MOCK04465,DIAB_BLOOD_SUGAR,0.025210814863177642,InComm-sourced,True,ablation_v1
MOCK04471,DIAB_BLOOD_SUGAR,0.03425234857071408,InComm-sourced,True,ablation_v1
MOCK04477,DIAB_BLOOD_SUGAR,0.08254879115680354,InComm-sourced,True,ablation_v1
MOCK04483,DIAB_BLOOD_SUGAR,0.035382486224354796,InComm-sourced,True,ablation_v1
MOCK04489,DIAB_BLOOD_SUGAR,0.04194159122427862,InComm-sourced,True,ablation_v1
MOCK04495,DIAB_BLOOD_SUGAR,0.02106383331127293,InComm-sourced,True,ablation_v1
MOCK04501,DIAB_BLOOD_SUGAR,0.055111187035714576,InComm-sourced,True,ablation_v1
MOCK04507,DIAB_BLOOD_SUGAR,0.026553912715925908,InComm-sourced,True,ablation_v1
MOCK04513,DIAB_BLOOD_SUGAR,0.037220712321038664,InComm-sourced,True,ablation_v1
MOCK04519,DIAB_BLOOD_SUGAR,0.056780544343755096,InComm-sourced,True,ablation_v1
MOCK04525,DIAB_BLOOD_SUGAR,0.02204069462679098,InComm-sourced,True,ablation_v1
MOCK04531,DIAB_BLOOD_SUGAR,0.03399599021434437,InComm-sourced,True,ablation_v1
MOCK04537,DIAB_BLOOD_SUGAR,0.02974005092794827,InComm-sourced,True,ablation_v1
MOCK04543,DIAB_BLOOD_SUGAR,0.05006708921738811,InComm-sourced,True,ablation_v1
MOCK04549,DIAB_BLOOD_SUGAR,0.05514634937906652,InComm-sourced,True,ablation_v1
MOCK04555,DIAB_BLOOD_SUGAR,0.04795537033987358,InComm-sourced,True,ablation_v1
MOCK04561,DIAB_BLOOD_SUGAR,0.050454744858866085,InComm-sourced,True,ablation_v1
MOCK04567,DIAB_BLOOD_SUGAR,0.03367456233077087,InComm-sourced,True,ablation_v1
MOCK04573,DIAB_BLOOD_SUGAR,0.08638310382146328,InComm-sourced,True,ablation_v1
MOCK04579,DIAB_BLOOD_SUGAR,0.08080605518026128,InComm-sourced,True,ablation_v1
MOCK04585,DIAB_BLOOD_SUGAR,0.05304487765396117,InComm-sourced,True,ablation_v1
MOCK04591,DIAB_BLOOD_SUGAR,0.033098106504047264,InComm-sourced,True,ablation_v1
MOCK04597,DIAB_BLOOD_SUGAR,0.04652402912386744,InComm-sourced,True,ablation_v1
MOCK04603,DIAB_BLOOD_SUGAR,0.06428349881510662,InComm-sourced,True,ablation_v1
MOCK04609,DIAB_BLOOD_SUGAR,0.07297467862013077,InComm-sourced,True,ablation_v1
MOCK04615,DIAB_BLOOD_SUGAR,0.0612372771138421,InComm-sourced,True,ablation_v1
MOCK04621,DIAB_BLOOD_SUGAR,0.04535302224895466,InComm-sourced,True,ablation_v1
MOCK04627,DIAB_BLOOD_SUGAR,0.05581217181053566,InComm-sourced,True,ablation_v1
MOCK04633,DIAB_BLOOD_SUGAR,0.08581363673443584,InComm-sourced,True,ablation_v1
MOCK04639,DIAB_BLOOD_SUGAR,0.03757589085033824,InComm-sourced,True,ablation_v1
MOCK04645,DIAB_BLOOD_SUGAR,0.014637162957785478,InComm-sourced,True,ablation_v1
MOCK04651,DIAB_BLOOD_SUGAR,0.05222739819951882,InComm-sourced,True,ablation_v1
MOCK04657,DIAB_BLOOD_SUGAR,0.04743871420966209,InComm-sourced,True,ablation_v1
MOCK04663,DIAB_BLOOD_SUGAR,0.018967543673702677,InComm-sourced,True,ablation_v1
MOCK04669,DIAB_BLOOD_SUGAR,0.06273735796010281,InComm-sourced,True,ablation_v1
MOCK04675,DIAB_BLOOD_SUGAR,0.02812760088764239,InComm-sourced,True,ablation_v1
MOCK04681,DIAB_BLOOD_SUGAR,0.030821650552117035,InComm-sourced,True,ablation_v1
MOCK04687,DIAB_BLOOD_SUGAR,0.04492256556725551,InComm-sourced,True,ablation_v1
MOCK04693,DIAB_BLOOD_SUGAR,0.06289285969061152,InComm-sourced,True,ablation_v1
MOCK04699,DIAB_BLOOD_SUGAR,0.06879720710785667,InComm-sourced,True,ablation_v1
MOCK04705,DIAB_BLOOD_SUGAR,0.04535179500912672,InComm-sourced,True,ablation_v1
MOCK04711,DIAB_BLOOD_SUGAR,0.020859907677848104,InComm-sourced,True,ablation_v1
MOCK04717,DIAB_BLOOD_SUGAR,0.021531202212541827,InComm-sourced,True,ablation_v1
MOCK04723,DIAB_BLOOD_SUGAR,0.028960050929195343,InComm-sourced,True,ablation_v1
MOCK04729,DIAB_BLOOD_SUGAR,0.018378554346831562,InComm-sourced,True,ablation_v1
MOCK04735,DIAB_BLOOD_SUGAR,0.028803459157552672,InComm-sourced,True,ablation_v1
MOCK04741,DIAB_BLOOD_SUGAR,0.0338834816285209,InComm-sourced,True,ablation_v1
MOCK04747,DIAB_BLOOD_SUGAR,0.020837290769008636,InComm-sourced,True,ablation_v1
MOCK04753,DIAB_BLOOD_SUGAR,0.06209096292093147,InComm-sourced,True,ablation_v1
MOCK04759,DIAB_BLOOD_SUGAR,0.058836554079699746,InComm-sourced,True,ablation_v1
MOCK04765,DIAB_BLOOD_SUGAR,0.0200789276537639,InComm-sourced,True,ablation_v1
MOCK04771,DIAB_BLOOD_SUGAR,0.08287293385336728,InComm-sourced,True,ablation_v1
MOCK04777,DIAB_BLOOD_SUGAR,0.04779381136380749,InComm-sourced,True,ablation_v1
MOCK04783,DIAB_BLOOD_SUGAR,0.02355145585134328,InComm-sourced,True,ablation_v1
MOCK04789,DIAB_BLOOD_SUGAR,0.041516642060880876,InComm-sourced,True,ablation_v1
MOCK04795,DIAB_BLOOD_SUGAR,0.06055412938514208,InComm-sourced,True,ablation_v1
MOCK04801,DIAB_BLOOD_SUGAR,0.02749007335878852,InComm-sourced,True,ablation_v1
MOCK04807,DIAB_BLOOD_SUGAR,0.045445897312897075,InComm-sourced,True,ablation_v1
MOCK04813,DIAB_BLOOD_SUGAR,0.028888323738277686,InComm-sourced,True,ablation_v1
MOCK04819,DIAB_BLOOD_SUGAR,0.024226158135384483,InComm-sourced,True,ablation_v1
MOCK04825,DIAB_BLOOD_SUGAR,0.01619762145400542,InComm-sourced,True,ablation_v1
MOCK04831,DIAB_BLOOD_SUGAR,0.020584864740455514,InComm-sourced,True,ablation_v1
MOCK04837,DIAB_BLOOD_SUGAR,0.049329249557698074,InComm-sourced,True,ablation_v1
MOCK04843,DIAB_BLOOD_SUGAR,0.03415051065592131,InComm-sourced,True,ablation_v1
MOCK04849,DIAB_BLOOD_SUGAR,0.03830881261393439,InComm-sourced,True,ablation_v1
MOCK04855,DIAB_BLOOD_SUGAR,0.015204010389807081,InComm-sourced,True,ablation_v1
MOCK04861,DIAB_BLOOD_SUGAR,0.027265374553829498,InComm-sourced,True,ablation_v1
MOCK04867,DIAB_BLOOD_SUGAR,0.05204743343828232,InComm-sourced,True,ablation_v1
MOCK04873,DIAB_BLOOD_SUGAR,0.060678234579067875,InComm-sourced,True,ablation_v1
MOCK04879,DIAB_BLOOD_SUGAR,0.04696315481448441,InComm-sourced,True,ablation_v1
MOCK04885,DIAB_BLOOD_SUGAR,0.14724656297220312,InComm-sourced,True,ablation_v1
MOCK04891,DIAB_BLOOD_SUGAR,0.018607923229819887,InComm-sourced,True,ablation_v1
MOCK04897,DIAB_BLOOD_SUGAR,0.04627996627545136,InComm-sourced,True,ablation_v1
MOCK04903,DIAB_BLOOD_SUGAR,0.020044700131931794,InComm-sourced,True,ablation_v1
MOCK04909,DIAB_BLOOD_SUGAR,0.030075503605009317,InComm-sourced,True,ablation_v1
MOCK04915,DIAB_BLOOD_SUGAR,0.08039731894955865,InComm-sourced,True,ablation_v1
MOCK04921,DIAB_BLOOD_SUGAR,0.06184552885935757,InComm-sourced,True,ablation_v1
MOCK04927,DIAB_BLOOD_SUGAR,0.0505361075967709,InComm-sourced,True,ablation_v1
MOCK04933,DIAB_BLOOD_SUGAR,0.027553200945418327,InComm-sourced,True,ablation_v1
MOCK04939,DIAB_BLOOD_SUGAR,0.01914984888996248,InComm-sourced,True,ablation_v1
MOCK04945,DIAB_BLOOD_SUGAR,0.026032065134568457,InComm-sourced,True,ablation_v1
MOCK04951,DIAB_BLOOD_SUGAR,0.028699309948941695,InComm-sourced,True,ablation_v1
MOCK04957,DIAB_BLOOD_SUGAR,0.028803341482028073,InComm-sourced,True,ablation_v1
MOCK04963,DIAB_BLOOD_SUGAR,0.04618539109608891,InComm-sourced,True,ablation_v1
MOCK04969,DIAB_BLOOD_SUGAR,0.04216398523539693,InComm-sourced,True,ablation_v1
MOCK04975,DIAB_BLOOD_SUGAR,0.06251626664542537,InComm-sourced,True,ablation_v1
MOCK04981,DIAB_BLOOD_SUGAR,0.0338542291386371,InComm-sourced,True,ablation_v1
MOCK04987,DIAB_BLOOD_SUGAR,0.08252344447195711,InComm-sourced,True,ablation_v1
MOCK04993,DIAB_BLOOD_SUGAR,0.017517425626414108,InComm-sourced,True,ablation_v1
MOCK04999,DIAB_BLOOD_SUGAR,0.03433538467711961,InComm-sourced,True,ablation_v1
MOCK05005,DIAB_BLOOD_SUGAR,0.016527506078209683,InComm-sourced,True,ablation_v1
MOCK05011,DIAB_BLOOD_SUGAR,0.032058429336327084,InComm-sourced,True,ablation_v1
MOCK05017,DIAB_BLOOD_SUGAR,0.038130234103032776,InComm-sourced,True,ablation_v1
MOCK05023,DIAB_BLOOD_SUGAR,0.04239380083894568,InComm-sourced,True,ablation_v1
MOCK05029,DIAB_BLOOD_SUGAR,0.05233379745179187,InComm-sourced,True,ablation_v1
MOCK05035,DIAB_BLOOD_SUGAR,0.039852289828920785,InComm-sourced,True,ablation_v1
MOCK05041,DIAB_BLOOD_SUGAR,0.0390987638598955,InComm-sourced,True,ablation_v1
MOCK05047,DIAB_BLOOD_SUGAR,0.021874584762254682,InComm-sourced,True,ablation_v1
MOCK05053,DIAB_BLOOD_SUGAR,0.06382843700929204,InComm-sourced,True,ablation_v1
MOCK05059,DIAB_BLOOD_SUGAR,0.032956931088149996,InComm-sourced,True,ablation_v1
MOCK05065,DIAB_BLOOD_SUGAR,0.06155853730594949,InComm-sourced,True,ablation_v1
MOCK05071,DIAB_BLOOD_SUGAR,0.05095543519253799,InComm-sourced,True,ablation_v1
MOCK05077,DIAB_BLOOD_SUGAR,0.04426009616338918,InComm-sourced,True,ablation_v1
MOCK05083,DIAB_BLOOD_SUGAR,0.04052699452758742,InComm-sourced,True,ablation_v1
MOCK05089,DIAB_BLOOD_SUGAR,0.040809529115467195,InComm-sourced,True,ablation_v1
MOCK05095,DIAB_BLOOD_SUGAR,0.03344483764507716,InComm-sourced,True,ablation_v1
MOCK05101,DIAB_BLOOD_SUGAR,0.05380238949292569,InComm-sourced,True,ablation_v1
MOCK05107,DIAB_BLOOD_SUGAR,0.018893210690096855,InComm-sourced,True,ablation_v1
MOCK05113,DIAB_BLOOD_SUGAR,0.020938811380932197,InComm-sourced,True,ablation_v1
MOCK05119,DIAB_BLOOD_SUGAR,0.03216432643526854,InComm-sourced,True,ablation_v1
MOCK05125,DIAB_BLOOD_SUGAR,0.039508420360971915,InComm-sourced,True,ablation_v1
MOCK05131,DIAB_BLOOD_SUGAR,0.031414726166840976,InComm-sourced,True,ablation_v1
MOCK05137,DIAB_BLOOD_SUGAR,0.07163659961459067,InComm-sourced,True,ablation_v1
MOCK05143,DIAB_BLOOD_SUGAR,0.03893273833955193,InComm-sourced,True,ablation_v1
MOCK05149,DIAB_BLOOD_SUGAR,0.03541932115000547,InComm-sourced,True,ablation_v1
MOCK05155,DIAB_BLOOD_SUGAR,0.039525095404128054,InComm-sourced,True,ablation_v1
MOCK05161,DIAB_BLOOD_SUGAR,0.033513773720380426,InComm-sourced,True,ablation_v1
MOCK05167,DIAB_BLOOD_SUGAR,0.014528500098148451,InComm-sourced,True,ablation_v1
MOCK05173,DIAB_BLOOD_SUGAR,0.031294306561041596,InComm-sourced,True,ablation_v1
MOCK05179,DIAB_BLOOD_SUGAR,0.027678516134055513,InComm-sourced,True,ablation_v1
MOCK05185,DIAB_BLOOD_SUGAR,0.046209181316747235,InComm-sourced,True,ablation_v1
MOCK05191,DIAB_BLOOD_SUGAR,0.03757602563627714,InComm-sourced,True,ablation_v1
MOCK05197,DIAB_BLOOD_SUGAR,0.022442461860779715,InComm-sourced,True,ablation_v1
MOCK05203,DIAB_BLOOD_SUGAR,0.042202708581006144,InComm-sourced,True,ablation_v1
MOCK05209,DIAB_BLOOD_SUGAR,0.024659097133779805,InComm-sourced,True,ablation_v1
MOCK05215,DIAB_BLOOD_SUGAR,0.0455124373667681,InComm-sourced,True,ablation_v1
MOCK05221,DIAB_BLOOD_SUGAR,0.02965309062815565,InComm-sourced,True,ablation_v1
MOCK05227,DIAB_BLOOD_SUGAR,0.05613658274585853,InComm-sourced,True,ablation_v1
MOCK05233,DIAB_BLOOD_SUGAR,0.0512673526375287,InComm-sourced,True,ablation_v1
MOCK05239,DIAB_BLOOD_SUGAR,0.042286091305102344,InComm-sourced,True,ablation_v1
MOCK05245,DIAB_BLOOD_SUGAR,0.022664460897511715,InComm-sourced,True,ablation_v1
MOCK05251,DIAB_BLOOD_SUGAR,0.029295378730486186,InComm-sourced,True,ablation_v1
MOCK05257,DIAB_BLOOD_SUGAR,0.03529751221598632,InComm-sourced,True,ablation_v1
MOCK05263,DIAB_BLOOD_SUGAR,0.035591913101483665,InComm-sourced,True,ablation_v1
MOCK05269,DIAB_BLOOD_SUGAR,0.045933739457299415,InComm-sourced,True,ablation_v1
MOCK05275,DIAB_BLOOD_SUGAR,0.09247843242795267,InComm-sourced,True,ablation_v1
MOCK05281,DIAB_BLOOD_SUGAR,0.030698203400644233,InComm-sourced,True,ablation_v1
MOCK05287,DIAB_BLOOD_SUGAR,0.02821848798819863,InComm-sourced,True,ablation_v1
MOCK05293,DIAB_BLOOD_SUGAR,0.03841809709639409,InComm-sourced,True,ablation_v1
MOCK05299,DIAB_BLOOD_SUGAR,0.041475617804133405,InComm-sourced,True,ablation_v1
MOCK05305,DIAB_BLOOD_SUGAR,0.03745806119445315,InComm-sourced,True,ablation_v1
MOCK05311,DIAB_BLOOD_SUGAR,0.03788504645099035,InComm-sourced,True,ablation_v1
MOCK05317,DIAB_BLOOD_SUGAR,0.031743477279847304,InComm-sourced,True,ablation_v1
MOCK05323,DIAB_BLOOD_SUGAR,0.03840229877187843,InComm-sourced,True,ablation_v1
MOCK05329,DIAB_BLOOD_SUGAR,0.049683215885396315,InComm-sourced,True,ablation_v1
MOCK05335,DIAB_BLOOD_SUGAR,0.022193773488515343,InComm-sourced,True,ablation_v1
MOCK05341,DIAB_BLOOD_SUGAR,0.07428507557851342,InComm-sourced,True,ablation_v1
MOCK05347,DIAB_BLOOD_SUGAR,0.03302469228959048,InComm-sourced,True,ablation_v1
MOCK05353,DIAB_BLOOD_SUGAR,0.04168372316769947,InComm-sourced,True,ablation_v1
MOCK05359,DIAB_BLOOD_SUGAR,0.0240239448914975,InComm-sourced,True,ablation_v1
MOCK05365,DIAB_BLOOD_SUGAR,0.03437741967173442,InComm-sourced,True,ablation_v1
MOCK05371,DIAB_BLOOD_SUGAR,0.01927486042310436,InComm-sourced,True,ablation_v1
MOCK05377,DIAB_BLOOD_SUGAR,0.084732281473178,InComm-sourced,True,ablation_v1
MOCK05383,DIAB_BLOOD_SUGAR,0.04761032828958046,InComm-sourced,True,ablation_v1
MOCK05389,DIAB_BLOOD_SUGAR,0.03688970053977389,InComm-sourced,True,ablation_v1
MOCK05395,DIAB_BLOOD_SUGAR,0.033583249524743085,InComm-sourced,True,ablation_v1
MOCK05401,DIAB_BLOOD_SUGAR,0.030675742481615406,InComm-sourced,True,ablation_v1
MOCK05407,DIAB_BLOOD_SUGAR,0.024771585002888445,InComm-sourced,True,ablation_v1
MOCK05413,DIAB_BLOOD_SUGAR,0.024162223278488076,InComm-sourced,True,ablation_v1
MOCK05419,DIAB_BLOOD_SUGAR,0.04587151027417351,InComm-sourced,True,ablation_v1
MOCK05425,DIAB_BLOOD_SUGAR,0.02522477843868139,InComm-sourced,True,ablation_v1
MOCK05431,DIAB_BLOOD_SUGAR,0.048412419641765986,InComm-sourced,True,ablation_v1
MOCK05437,DIAB_BLOOD_SUGAR,0.02395330928226127,InComm-sourced,True,ablation_v1
MOCK05443,DIAB_BLOOD_SUGAR,0.035573695578422805,InComm-sourced,True,ablation_v1
MOCK05449,DIAB_BLOOD_SUGAR,0.048742369947796176,InComm-sourced,True,ablation_v1
MOCK05455,DIAB_BLOOD_SUGAR,0.03518856582959493,InComm-sourced,True,ablation_v1
MOCK05461,DIAB_BLOOD_SUGAR,0.03650388562216682,InComm-sourced,True,ablation_v1
MOCK05467,DIAB_BLOOD_SUGAR,0.05667122923044954,InComm-sourced,True,ablation_v1
MOCK05473,DIAB_BLOOD_SUGAR,0.021028670668839653,InComm-sourced,True,ablation_v1
MOCK05479,DIAB_BLOOD_SUGAR,0.02455318724952351,InComm-sourced,True,ablation_v1
MOCK05485,DIAB_BLOOD_SUGAR,0.020857271477538276,InComm-sourced,True,ablation_v1
MOCK05491,DIAB_BLOOD_SUGAR,0.025639871127514046,InComm-sourced,True,ablation_v1
MOCK05497,DIAB_BLOOD_SUGAR,0.020833218425062017,InComm-sourced,True,ablation_v1
MOCK05503,DIAB_BLOOD_SUGAR,0.05580684671210742,InComm-sourced,True,ablation_v1
MOCK05509,DIAB_BLOOD_SUGAR,0.029006969783385957,InComm-sourced,True,ablation_v1
MOCK05515,DIAB_BLOOD_SUGAR,0.019839498287474378,InComm-sourced,True,ablation_v1
MOCK05521,DIAB_BLOOD_SUGAR,0.022919827317613897,InComm-sourced,True,ablation_v1
MOCK05527,DIAB_BLOOD_SUGAR,0.028654559437036375,InComm-sourced,True,ablation_v1
MOCK05533,DIAB_BLOOD_SUGAR,0.03278923236282107,InComm-sourced,True,ablation_v1
MOCK05539,DIAB_BLOOD_SUGAR,0.037772932327315274,InComm-sourced,True,ablation_v1
MOCK05545,DIAB_BLOOD_SUGAR,0.04354105549284141,InComm-sourced,True,ablation_v1
MOCK05551,DIAB_BLOOD_SUGAR,0.017813182747468022,InComm-sourced,True,ablation_v1
MOCK05557,DIAB_BLOOD_SUGAR,0.03168915993902807,InComm-sourced,True,ablation_v1
MOCK05563,DIAB_BLOOD_SUGAR,0.04436910365725161,InComm-sourced,True,ablation_v1
MOCK05569,DIAB_BLOOD_SUGAR,0.03326981424814208,InComm-sourced,True,ablation_v1
MOCK05575,DIAB_BLOOD_SUGAR,0.0404140142279258,InComm-sourced,True,ablation_v1
MOCK05581,DIAB_BLOOD_SUGAR,0.040357239116884824,InComm-sourced,True,ablation_v1
MOCK05587,DIAB_BLOOD_SUGAR,0.029013677359245316,InComm-sourced,True,ablation_v1
MOCK05593,DIAB_BLOOD_SUGAR,0.021545369442210534,InComm-sourced,True,ablation_v1
MOCK05599,DIAB_BLOOD_SUGAR,0.025133672239186184,InComm-sourced,True,ablation_v1
MOCK05605,DIAB_BLOOD_SUGAR,0.024104014041153896,InComm-sourced,True,ablation_v1
MOCK05611,DIAB_BLOOD_SUGAR,0.03651101042682085,InComm-sourced,True,ablation_v1
MOCK05617,DIAB_BLOOD_SUGAR,0.023292816270202053,InComm-sourced,True,ablation_v1
MOCK05623,DIAB_BLOOD_SUGAR,0.044056822914435696,InComm-sourced,True,ablation_v1
MOCK05629,DIAB_BLOOD_SUGAR,0.03442053489101655,InComm-sourced,True,ablation_v1
MOCK05635,DIAB_BLOOD_SUGAR,0.04186402508668929,InComm-sourced,True,ablation_v1
MOCK05641,DIAB_BLOOD_SUGAR,0.02689640714542664,InComm-sourced,True,ablation_v1
MOCK05647,DIAB_BLOOD_SUGAR,0.03244828551066975,InComm-sourced,True,ablation_v1
MOCK05653,DIAB_BLOOD_SUGAR,0.02164154703733603,InComm-sourced,True,ablation_v1
MOCK05659,DIAB_BLOOD_SUGAR,0.03523465079345571,InComm-sourced,True,ablation_v1
MOCK05665,DIAB_BLOOD_SUGAR,0.03444924959988116,InComm-sourced,True,ablation_v1
MOCK05671,DIAB_BLOOD_SUGAR,0.03543124314804602,InComm-sourced,True,ablation_v1
MOCK05677,DIAB_BLOOD_SUGAR,0.04788236768277258,InComm-sourced,True,ablation_v1
MOCK05683,DIAB_BLOOD_SUGAR,0.04105443842175765,InComm-sourced,True,ablation_v1
MOCK05689,DIAB_BLOOD_SUGAR,0.04703578091952793,InComm-sourced,True,ablation_v1
MOCK05695,DIAB_BLOOD_SUGAR,0.04958862799336629,InComm-sourced,True,ablation_v1
MOCK05701,DIAB_BLOOD_SUGAR,0.023169955652882924,InComm-sourced,True,ablation_v1
MOCK05707,DIAB_BLOOD_SUGAR,0.027173818993473608,InComm-sourced,True,ablation_v1
MOCK05713,DIAB_BLOOD_SUGAR,0.0364811770586366,InComm-sourced,True,ablation_v1
MOCK05719,DIAB_BLOOD_SUGAR,0.11688533261448522,InComm-sourced,True,ablation_v1
MOCK05725,DIAB_BLOOD_SUGAR,0.020257040227504682,InComm-sourced,True,ablation_v1
MOCK05731,DIAB_BLOOD_SUGAR,0.024064586702077034,InComm-sourced,True,ablation_v1
MOCK05737,DIAB_BLOOD_SUGAR,0.01950745325575568,InComm-sourced,True,ablation_v1
MOCK05743,DIAB_BLOOD_SUGAR,0.07942727639434008,InComm-sourced,True,ablation_v1
MOCK05749,DIAB_BLOOD_SUGAR,0.0363936907586275,InComm-sourced,True,ablation_v1
MOCK05755,DIAB_BLOOD_SUGAR,0.05876971773208423,InComm-sourced,True,ablation_v1
MOCK05761,DIAB_BLOOD_SUGAR,0.027330310961861413,InComm-sourced,True,ablation_v1
MOCK05767,DIAB_BLOOD_SUGAR,0.0433061085633444,InComm-sourced,True,ablation_v1
MOCK05773,DIAB_BLOOD_SUGAR,0.055403203040748035,InComm-sourced,True,ablation_v1
MOCK05779,DIAB_BLOOD_SUGAR,0.03581990629493078,InComm-sourced,True,ablation_v1
MOCK05785,DIAB_BLOOD_SUGAR,0.0284398360007515,InComm-sourced,True,ablation_v1
MOCK05791,DIAB_BLOOD_SUGAR,0.047999527715065056,InComm-sourced,True,ablation_v1
MOCK05797,DIAB_BLOOD_SUGAR,0.023930355391418422,InComm-sourced,True,ablation_v1
MOCK05803,DIAB_BLOOD_SUGAR,0.031361363139432025,InComm-sourced,True,ablation_v1
MOCK05809,DIAB_BLOOD_SUGAR,0.04258389356294608,InComm-sourced,True,ablation_v1
MOCK05815,DIAB_BLOOD_SUGAR,0.04147912892186988,InComm-sourced,True,ablation_v1
MOCK05821,DIAB_BLOOD_SUGAR,0.024403341246422565,InComm-sourced,True,ablation_v1
MOCK05827,DIAB_BLOOD_SUGAR,0.03437651519781886,InComm-sourced,True,ablation_v1
MOCK05833,DIAB_BLOOD_SUGAR,0.03530732004716713,InComm-sourced,True,ablation_v1
MOCK05839,DIAB_BLOOD_SUGAR,0.029062980848022654,InComm-sourced,True,ablation_v1
MOCK05845,DIAB_BLOOD_SUGAR,0.06114502266897522,InComm-sourced,True,ablation_v1
MOCK05851,DIAB_BLOOD_SUGAR,0.02504506074419565,InComm-sourced,True,ablation_v1
MOCK05857,DIAB_BLOOD_SUGAR,0.017879611409820237,InComm-sourced,True,ablation_v1
MOCK05863,DIAB_BLOOD_SUGAR,0.034423438869916605,InComm-sourced,True,ablation_v1
MOCK05869,DIAB_BLOOD_SUGAR,0.016104295974145123,InComm-sourced,True,ablation_v1
MOCK05875,DIAB_BLOOD_SUGAR,0.025123641733670855,InComm-sourced,True,ablation_v1
MOCK05881,DIAB_BLOOD_SUGAR,0.017270555587704347,InComm-sourced,True,ablation_v1
MOCK05887,DIAB_BLOOD_SUGAR,0.07094441985381815,InComm-sourced,True,ablation_v1
MOCK05893,DIAB_BLOOD_SUGAR,0.04919890674729591,InComm-sourced,True,ablation_v1
MOCK05899,DIAB_BLOOD_SUGAR,0.050856909136742595,InComm-sourced,True,ablation_v1
MOCK05905,DIAB_BLOOD_SUGAR,0.025403358629150833,InComm-sourced,True,ablation_v1
MOCK05911,DIAB_BLOOD_SUGAR,0.03558413930630184,InComm-sourced,True,ablation_v1
MOCK05917,DIAB_BLOOD_SUGAR,0.0494576887257331,InComm-sourced,True,ablation_v1
MOCK05923,DIAB_BLOOD_SUGAR,0.0386242288766316,InComm-sourced,True,ablation_v1
MOCK05929,DIAB_BLOOD_SUGAR,0.024517097548959796,InComm-sourced,True,ablation_v1
MOCK05935,DIAB_BLOOD_SUGAR,0.05792748726473819,InComm-sourced,True,ablation_v1
MOCK05941,DIAB_BLOOD_SUGAR,0.03983948501243521,InComm-sourced,True,ablation_v1
MOCK05947,DIAB_BLOOD_SUGAR,0.02413819962433222,InComm-sourced,True,ablation_v1
MOCK05953,DIAB_BLOOD_SUGAR,0.023632944683543523,InComm-sourced,True,ablation_v1
MOCK05959,DIAB_BLOOD_SUGAR,0.02740301254683241,InComm-sourced,True,ablation_v1
MOCK05965,DIAB_BLOOD_SUGAR,0.029627037681714197,InComm-sourced,True,ablation_v1
MOCK05971,DIAB_BLOOD_SUGAR,0.02108925925840439,InComm-sourced,True,ablation_v1
MOCK05977,DIAB_BLOOD_SUGAR,0.038737435060688455,InComm-sourced,True,ablation_v1
MOCK05983,DIAB_BLOOD_SUGAR,0.06257773661696621,InComm-sourced,True,ablation_v1
MOCK05989,DIAB_BLOOD_SUGAR,0.044684864009453644,InComm-sourced,True,ablation_v1
MOCK05995,DIAB_BLOOD_SUGAR,0.03909552405736402,InComm-sourced,True,ablation_v1
MOCK06001,DIAB_BLOOD_SUGAR,0.03470633975845707,InComm-sourced,True,ablation_v1
MOCK06007,DIAB_BLOOD_SUGAR,0.060599242141821365,InComm-sourced,True,ablation_v1
MOCK06013,DIAB_BLOOD_SUGAR,0.06520958107002459,InComm-sourced,True,ablation_v1
MOCK06019,DIAB_BLOOD_SUGAR,0.04583217897379259,InComm-sourced,True,ablation_v1
MOCK06025,DIAB_BLOOD_SUGAR,0.03309270651609548,InComm-sourced,True,ablation_v1
MOCK06031,DIAB_BLOOD_SUGAR,0.021213185851400865,InComm-sourced,True,ablation_v1
MOCK06037,DIAB_BLOOD_SUGAR,0.041069303204441514,InComm-sourced,True,ablation_v1
MOCK06043,DIAB_BLOOD_SUGAR,0.05630552803032897,InComm-sourced,True,ablation_v1
MOCK06049,DIAB_BLOOD_SUGAR,0.02296467664905006,InComm-sourced,True,ablation_v1
MOCK06055,DIAB_BLOOD_SUGAR,0.06805230849737924,InComm-sourced,True,ablation_v1
MOCK06061,DIAB_BLOOD_SUGAR,0.018599551960078217,InComm-sourced,True,ablation_v1
MOCK06067,DIAB_BLOOD_SUGAR,0.03522229177501312,InComm-sourced,True,ablation_v1
MOCK06073,DIAB_BLOOD_SUGAR,0.0950890764939178,InComm-sourced,True,ablation_v1
MOCK06079,DIAB_BLOOD_SUGAR,0.10442306095928515,InComm-sourced,True,ablation_v1
MOCK06085,DIAB_BLOOD_SUGAR,0.022088744782574554,InComm-sourced,True,ablation_v1
MOCK06091,DIAB_BLOOD_SUGAR,0.06413080278304577,InComm-sourced,True,ablation_v1
MOCK06097,DIAB_BLOOD_SUGAR,0.03391603566642814,InComm-sourced,True,ablation_v1
MOCK06103,DIAB_BLOOD_SUGAR,0.021237731542706032,InComm-sourced,True,ablation_v1
MOCK06109,DIAB_BLOOD_SUGAR,0.06151562280577701,InComm-sourced,True,ablation_v1
MOCK06115,DIAB_BLOOD_SUGAR,0.03707494239835443,InComm-sourced,True,ablation_v1
MOCK06121,DIAB_BLOOD_SUGAR,0.056418711676047874,InComm-sourced,True,ablation_v1
MOCK06127,DIAB_BLOOD_SUGAR,0.039166891230764916,InComm-sourced,True,ablation_v1
MOCK06133,DIAB_BLOOD_SUGAR,0.07484164759513079,InComm-sourced,True,ablation_v1
MOCK06139,DIAB_BLOOD_SUGAR,0.053236391151756296,InComm-sourced,True,ablation_v1
MOCK06145,DIAB_BLOOD_SUGAR,0.01896661403504826,InComm-sourced,True,ablation_v1
MOCK06151,DIAB_BLOOD_SUGAR,0.051092672017477817,InComm-sourced,True,ablation_v1
MOCK06157,DIAB_BLOOD_SUGAR,0.020937616224105914,InComm-sourced,True,ablation_v1
MOCK06163,DIAB_BLOOD_SUGAR,0.0608624573081864,InComm-sourced,True,ablation_v1
MOCK06169,DIAB_BLOOD_SUGAR,0.042738947892056685,InComm-sourced,True,ablation_v1
MOCK06175,DIAB_BLOOD_SUGAR,0.05113704886011475,InComm-sourced,True,ablation_v1
MOCK06181,DIAB_BLOOD_SUGAR,0.03142256608124944,InComm-sourced,True,ablation_v1
MOCK06187,DIAB_BLOOD_SUGAR,0.0272235217865231,InComm-sourced,True,ablation_v1
MOCK06193,DIAB_BLOOD_SUGAR,0.026953074235718816,InComm-sourced,True,ablation_v1
MOCK06199,DIAB_BLOOD_SUGAR,0.02577068588031419,InComm-sourced,True,ablation_v1
MOCK06205,DIAB_BLOOD_SUGAR,0.03427978424502152,InComm-sourced,True,ablation_v1
MOCK06211,DIAB_BLOOD_SUGAR,0.0480916301163687,InComm-sourced,True,ablation_v1
MOCK06217,DIAB_BLOOD_SUGAR,0.059690507976141546,InComm-sourced,True,ablation_v1
MOCK06223,DIAB_BLOOD_SUGAR,0.04332255932991501,InComm-sourced,True,ablation_v1
MOCK06229,DIAB_BLOOD_SUGAR,0.058942625480294775,InComm-sourced,True,ablation_v1
MOCK06235,DIAB_BLOOD_SUGAR,0.03743336248868298,InComm-sourced,True,ablation_v1
MOCK06241,DIAB_BLOOD_SUGAR,0.017185385166513693,InComm-sourced,True,ablation_v1
MOCK06247,DIAB_BLOOD_SUGAR,0.08221005991380785,InComm-sourced,True,ablation_v1
MOCK06253,DIAB_BLOOD_SUGAR,0.025332539986305684,InComm-sourced,True,ablation_v1
MOCK06259,DIAB_BLOOD_SUGAR,0.022906031896980334,InComm-sourced,True,ablation_v1
MOCK06265,DIAB_BLOOD_SUGAR,0.0160284098918676,InComm-sourced,True,ablation_v1
MOCK06271,DIAB_BLOOD_SUGAR,0.07631025413815326,InComm-sourced,True,ablation_v1
MOCK06277,DIAB_BLOOD_SUGAR,0.050908887940976935,InComm-sourced,True,ablation_v1
MOCK06283,DIAB_BLOOD_SUGAR,0.024118531098839192,InComm-sourced,True,ablation_v1
MOCK06289,DIAB_BLOOD_SUGAR,0.021009750985583844,InComm-sourced,True,ablation_v1
MOCK06295,DIAB_BLOOD_SUGAR,0.07892112130771851,InComm-sourced,True,ablation_v1
MOCK06301,DIAB_BLOOD_SUGAR,0.02986995401357276,InComm-sourced,True,ablation_v1
MOCK06307,DIAB_BLOOD_SUGAR,0.017496636713341118,InComm-sourced,True,ablation_v1
MOCK06313,DIAB_BLOOD_SUGAR,0.05925226002399659,InComm-sourced,True,ablation_v1
MOCK06319,DIAB_BLOOD_SUGAR,0.023705343188664137,InComm-sourced,True,ablation_v1
MOCK06325,DIAB_BLOOD_SUGAR,0.0314090308077683,InComm-sourced,True,ablation_v1
MOCK06331,DIAB_BLOOD_SUGAR,0.02639136587904926,InComm-sourced,True,ablation_v1
MOCK06337,DIAB_BLOOD_SUGAR,0.03184168504903407,InComm-sourced,True,ablation_v1
MOCK06343,DIAB_BLOOD_SUGAR,0.04394907486578079,InComm-sourced,True,ablation_v1
MOCK06349,DIAB_BLOOD_SUGAR,0.021430449455001364,InComm-sourced,True,ablation_v1
MOCK06355,DIAB_BLOOD_SUGAR,0.021159165774031926,InComm-sourced,True,ablation_v1
MOCK06361,DIAB_BLOOD_SUGAR,0.015095204657494133,InComm-sourced,True,ablation_v1
MOCK06367,DIAB_BLOOD_SUGAR,0.027164413378809517,InComm-sourced,True,ablation_v1
MOCK06373,DIAB_BLOOD_SUGAR,0.03401954283747059,InComm-sourced,True,ablation_v1
MOCK06379,DIAB_BLOOD_SUGAR,0.08249614927135791,InComm-sourced,True,ablation_v1
MOCK06385,DIAB_BLOOD_SUGAR,0.02843881014545766,InComm-sourced,True,ablation_v1
MOCK06391,DIAB_BLOOD_SUGAR,0.07333204985184731,InComm-sourced,True,ablation_v1
MOCK06397,DIAB_BLOOD_SUGAR,0.022064431160506975,InComm-sourced,True,ablation_v1
MOCK06403,DIAB_BLOOD_SUGAR,0.019063064014644415,InComm-sourced,True,ablation_v1
MOCK06409,DIAB_BLOOD_SUGAR,0.03833849477549258,InComm-sourced,True,ablation_v1
MOCK06415,DIAB_BLOOD_SUGAR,0.09469290523660209,InComm-sourced,True,ablation_v1
MOCK06421,DIAB_BLOOD_SUGAR,0.03309871618985154,InComm-sourced,True,ablation_v1
MOCK06427,DIAB_BLOOD_SUGAR,0.033262772073304414,InComm-sourced,True,ablation_v1
MOCK06433,DIAB_BLOOD_SUGAR,0.06629594468493022,InComm-sourced,True,ablation_v1
MOCK06439,DIAB_BLOOD_SUGAR,0.03760742881892575,InComm-sourced,True,ablation_v1
MOCK06445,DIAB_BLOOD_SUGAR,0.05246817050648893,InComm-sourced,True,ablation_v1
MOCK06451,DIAB_BLOOD_SUGAR,0.035462430741021324,InComm-sourced,True,ablation_v1
MOCK06457,DIAB_BLOOD_SUGAR,0.02949091090216837,InComm-sourced,True,ablation_v1
MOCK06463,DIAB_BLOOD_SUGAR,0.034468038651903156,InComm-sourced,True,ablation_v1
MOCK06469,DIAB_BLOOD_SUGAR,0.03205775435379987,InComm-sourced,True,ablation_v1
MOCK06475,DIAB_BLOOD_SUGAR,0.015664522924293645,InComm-sourced,True,ablation_v1
MOCK06481,DIAB_BLOOD_SUGAR,0.023101914147129293,InComm-sourced,True,ablation_v1
MOCK06487,DIAB_BLOOD_SUGAR,0.025026063407022268,InComm-sourced,True,ablation_v1
MOCK06493,DIAB_BLOOD_SUGAR,0.047912550538810314,InComm-sourced,True,ablation_v1
MOCK06499,DIAB_BLOOD_SUGAR,0.043011638109990855,InComm-sourced,True,ablation_v1
MOCK06505,DIAB_BLOOD_SUGAR,0.024746267556032996,InComm-sourced,True,ablation_v1
MOCK06511,DIAB_BLOOD_SUGAR,0.05915723702003476,InComm-sourced,True,ablation_v1
MOCK06517,DIAB_BLOOD_SUGAR,0.03206709381339602,InComm-sourced,True,ablation_v1
MOCK06523,DIAB_BLOOD_SUGAR,0.030932323361646034,InComm-sourced,True,ablation_v1
MOCK06529,DIAB_BLOOD_SUGAR,0.02736309156257573,InComm-sourced,True,ablation_v1
MOCK06535,DIAB_BLOOD_SUGAR,0.04998795587683113,InComm-sourced,True,ablation_v1
MOCK06541,DIAB_BLOOD_SUGAR,0.0293094380262477,InComm-sourced,True,ablation_v1
MOCK06547,DIAB_BLOOD_SUGAR,0.02159798474586468,InComm-sourced,True,ablation_v1
MOCK06553,DIAB_BLOOD_SUGAR,0.03713553752093913,InComm-sourced,True,ablation_v1
MOCK06559,DIAB_BLOOD_SUGAR,0.027075948851014584,InComm-sourced,True,ablation_v1
MOCK06565,DIAB_BLOOD_SUGAR,0.054199753538299034,InComm-sourced,True,ablation_v1
MOCK06571,DIAB_BLOOD_SUGAR,0.0409957125530988,InComm-sourced,True,ablation_v1
MOCK06577,DIAB_BLOOD_SUGAR,0.0329780201345568,InComm-sourced,True,ablation_v1
MOCK06583,DIAB_BLOOD_SUGAR,0.01750121924849302,InComm-sourced,True,ablation_v1
MOCK06589,DIAB_BLOOD_SUGAR,0.03399681063725164,InComm-sourced,True,ablation_v1
MOCK06595,DIAB_BLOOD_SUGAR,0.04836596179095354,InComm-sourced,True,ablation_v1
MOCK06601,DIAB_BLOOD_SUGAR,0.07090596906393695,InComm-sourced,True,ablation_v1
MOCK06607,DIAB_BLOOD_SUGAR,0.020731661615556642,InComm-sourced,True,ablation_v1
MOCK06613,DIAB_BLOOD_SUGAR,0.04145370251853686,InComm-sourced,True,ablation_v1
MOCK06619,DIAB_BLOOD_SUGAR,0.031577934747554014,InComm-sourced,True,ablation_v1
MOCK06625,DIAB_BLOOD_SUGAR,0.04573552384252145,InComm-sourced,True,ablation_v1
MOCK06631,DIAB_BLOOD_SUGAR,0.040589517727245346,InComm-sourced,True,ablation_v1
MOCK06637,DIAB_BLOOD_SUGAR,0.06274202476196017,InComm-sourced,True,ablation_v1
MOCK06643,DIAB_BLOOD_SUGAR,0.023617502756347074,InComm-sourced,True,ablation_v1
MOCK06649,DIAB_BLOOD_SUGAR,0.025356725297273574,InComm-sourced,True,ablation_v1
MOCK06655,DIAB_BLOOD_SUGAR,0.04974385092283652,InComm-sourced,True,ablation_v1
MOCK06661,DIAB_BLOOD_SUGAR,0.01684642012439316,InComm-sourced,True,ablation_v1
MOCK06667,DIAB_BLOOD_SUGAR,0.02555153719234228,InComm-sourced,True,ablation_v1
MOCK06673,DIAB_BLOOD_SUGAR,0.026085956723449506,InComm-sourced,True,ablation_v1
MOCK06679,DIAB_BLOOD_SUGAR,0.03752492820013985,InComm-sourced,True,ablation_v1
MOCK06685,DIAB_BLOOD_SUGAR,0.016535135069806178,InComm-sourced,True,ablation_v1
MOCK06691,DIAB_BLOOD_SUGAR,0.029373631699178962,InComm-sourced,True,ablation_v1
MOCK06697,DIAB_BLOOD_SUGAR,0.05034860767821825,InComm-sourced,True,ablation_v1
MOCK06703,DIAB_BLOOD_SUGAR,0.018463335971360677,InComm-sourced,True,ablation_v1
MOCK06709,DIAB_BLOOD_SUGAR,0.047425804406519695,InComm-sourced,True,ablation_v1
MOCK06715,DIAB_BLOOD_SUGAR,0.018734181758790273,InComm-sourced,True,ablation_v1
MOCK06721,DIAB_BLOOD_SUGAR,0.09688593082444116,InComm-sourced,True,ablation_v1
MOCK06727,DIAB_BLOOD_SUGAR,0.02945455374548469,InComm-sourced,True,ablation_v1
MOCK06733,DIAB_BLOOD_SUGAR,0.040963255120100614,InComm-sourced,True,ablation_v1
MOCK06739,DIAB_BLOOD_SUGAR,0.06432077169935077,InComm-sourced,True,ablation_v1
MOCK06745,DIAB_BLOOD_SUGAR,0.030585934129931835,InComm-sourced,True,ablation_v1
MOCK06751,DIAB_BLOOD_SUGAR,0.05515138596910198,InComm-sourced,True,ablation_v1
MOCK06757,DIAB_BLOOD_SUGAR,0.035945775831323974,InComm-sourced,True,ablation_v1
MOCK06763,DIAB_BLOOD_SUGAR,0.03472210143715659,InComm-sourced,True,ablation_v1
MOCK06769,DIAB_BLOOD_SUGAR,0.05743285997323499,InComm-sourced,True,ablation_v1
MOCK06775,DIAB_BLOOD_SUGAR,0.024407473265590663,InComm-sourced,True,ablation_v1
MOCK06781,DIAB_BLOOD_SUGAR,0.048023098687895775,InComm-sourced,True,ablation_v1
MOCK06787,DIAB_BLOOD_SUGAR,0.03475615312727881,InComm-sourced,True,ablation_v1
MOCK06793,DIAB_BLOOD_SUGAR,0.0598739702417363,InComm-sourced,True,ablation_v1
MOCK06799,DIAB_BLOOD_SUGAR,0.05836513116858426,InComm-sourced,True,ablation_v1
MOCK06805,DIAB_BLOOD_SUGAR,0.023952734721370394,InComm-sourced,True,ablation_v1
MOCK06811,DIAB_BLOOD_SUGAR,0.025306152312045232,InComm-sourced,True,ablation_v1
MOCK06817,DIAB_BLOOD_SUGAR,0.05493249319908575,InComm-sourced,True,ablation_v1
MOCK06823,DIAB_BLOOD_SUGAR,0.04867250504002867,InComm-sourced,True,ablation_v1
MOCK06829,DIAB_BLOOD_SUGAR,0.036207651190194534,InComm-sourced,True,ablation_v1
MOCK06835,DIAB_BLOOD_SUGAR,0.016537541795641375,InComm-sourced,True,ablation_v1
MOCK06841,DIAB_BLOOD_SUGAR,0.016827479518826176,InComm-sourced,True,ablation_v1
MOCK06847,DIAB_BLOOD_SUGAR,0.06142219739375368,InComm-sourced,True,ablation_v1
MOCK06853,DIAB_BLOOD_SUGAR,0.019873831244083543,InComm-sourced,True,ablation_v1
MOCK06859,DIAB_BLOOD_SUGAR,0.03331304132396081,InComm-sourced,True,ablation_v1
MOCK06865,DIAB_BLOOD_SUGAR,0.027465307171123225,InComm-sourced,True,ablation_v1
MOCK06871,DIAB_BLOOD_SUGAR,0.020190932986226127,InComm-sourced,True,ablation_v1
MOCK06877,DIAB_BLOOD_SUGAR,0.024950891665016385,InComm-sourced,True,ablation_v1
MOCK06883,DIAB_BLOOD_SUGAR,0.075543530746701,InComm-sourced,True,ablation_v1
MOCK06889,DIAB_BLOOD_SUGAR,0.038265272488390206,InComm-sourced,True,ablation_v1
MOCK06895,DIAB_BLOOD_SUGAR,0.023312666749943405,InComm-sourced,True,ablation_v1
MOCK06901,DIAB_BLOOD_SUGAR,0.09874012012988845,InComm-sourced,True,ablation_v1
MOCK06907,DIAB_BLOOD_SUGAR,0.04622409516537101,InComm-sourced,True,ablation_v1
MOCK06913,DIAB_BLOOD_SUGAR,0.029705413953653247,InComm-sourced,True,ablation_v1
MOCK06919,DIAB_BLOOD_SUGAR,0.06360306900375327,InComm-sourced,True,ablation_v1
MOCK06925,DIAB_BLOOD_SUGAR,0.03913577220388252,InComm-sourced,True,ablation_v1
MOCK06931,DIAB_BLOOD_SUGAR,0.043991570248809654,InComm-sourced,True,ablation_v1
MOCK06937,DIAB_BLOOD_SUGAR,0.017159832264594978,InComm-sourced,True,ablation_v1
MOCK06943,DIAB_BLOOD_SUGAR,0.027250673515761468,InComm-sourced,True,ablation_v1
MOCK06949,DIAB_BLOOD_SUGAR,0.08472318551696521,InComm-sourced,True,ablation_v1
MOCK06955,DIAB_BLOOD_SUGAR,0.037857094612675835,InComm-sourced,True,ablation_v1
MOCK06961,DIAB_BLOOD_SUGAR,0.03631679405259727,InComm-sourced,True,ablation_v1
MOCK06967,DIAB_BLOOD_SUGAR,0.019969540141526954,InComm-sourced,True,ablation_v1
MOCK06973,DIAB_BLOOD_SUGAR,0.04022471279304974,InComm-sourced,True,ablation_v1
MOCK06979,DIAB_BLOOD_SUGAR,0.02346669221587583,InComm-sourced,True,ablation_v1
MOCK06985,DIAB_BLOOD_SUGAR,0.018385893381331196,InComm-sourced,True,ablation_v1
MOCK06991,DIAB_BLOOD_SUGAR,0.023059293912367773,InComm-sourced,True,ablation_v1
MOCK06997,DIAB_BLOOD_SUGAR,0.038405592084864514,InComm-sourced,True,ablation_v1
MOCK07003,DIAB_BLOOD_SUGAR,0.036344220962278795,InComm-sourced,True,ablation_v1
MOCK07009,DIAB_BLOOD_SUGAR,0.02064739370089046,InComm-sourced,True,ablation_v1
MOCK07015,DIAB_BLOOD_SUGAR,0.021443908495694736,InComm-sourced,True,ablation_v1
MOCK07021,DIAB_BLOOD_SUGAR,0.0471680703949044,InComm-sourced,True,ablation_v1
MOCK07027,DIAB_BLOOD_SUGAR,0.05178278178371387,InComm-sourced,True,ablation_v1
MOCK07033,DIAB_BLOOD_SUGAR,0.026933579822458885,InComm-sourced,True,ablation_v1
MOCK07039,DIAB_BLOOD_SUGAR,0.05060805237011214,InComm-sourced,True,ablation_v1
MOCK07045,DIAB_BLOOD_SUGAR,0.03797213472311837,InComm-sourced,True,ablation_v1
MOCK07051,DIAB_BLOOD_SUGAR,0.0435619863185225,InComm-sourced,True,ablation_v1
MOCK07057,DIAB_BLOOD_SUGAR,0.034570070429352694,InComm-sourced,True,ablation_v1
MOCK07063,DIAB_BLOOD_SUGAR,0.02178023631347449,InComm-sourced,True,ablation_v1
MOCK07069,DIAB_BLOOD_SUGAR,0.07376654774198611,InComm-sourced,True,ablation_v1
MOCK07075,DIAB_BLOOD_SUGAR,0.019356706930841204,InComm-sourced,True,ablation_v1
MOCK07081,DIAB_BLOOD_SUGAR,0.018628601887676836,InComm-sourced,True,ablation_v1
MOCK07087,DIAB_BLOOD_SUGAR,0.025263220067335775,InComm-sourced,True,ablation_v1
MOCK07093,DIAB_BLOOD_SUGAR,0.036587746049234864,InComm-sourced,True,ablation_v1
MOCK07099,DIAB_BLOOD_SUGAR,0.04039625349739189,InComm-sourced,True,ablation_v1
MOCK07105,DIAB_BLOOD_SUGAR,0.01885665806574987,InComm-sourced,True,ablation_v1
MOCK07111,DIAB_BLOOD_SUGAR,0.050667492156439196,InComm-sourced,True,ablation_v1
MOCK07117,DIAB_BLOOD_SUGAR,0.12344078311325175,InComm-sourced,True,ablation_v1
MOCK07123,DIAB_BLOOD_SUGAR,0.028658736544869973,InComm-sourced,True,ablation_v1
MOCK07129,DIAB_BLOOD_SUGAR,0.026270477562137053,InComm-sourced,True,ablation_v1
MOCK07135,DIAB_BLOOD_SUGAR,0.024822386467359226,InComm-sourced,True,ablation_v1
MOCK07141,DIAB_BLOOD_SUGAR,0.015217278799516948,InComm-sourced,True,ablation_v1
MOCK07147,DIAB_BLOOD_SUGAR,0.055588395550281264,InComm-sourced,True,ablation_v1
MOCK07153,DIAB_BLOOD_SUGAR,0.07441844835201777,InComm-sourced,True,ablation_v1
MOCK07159,DIAB_BLOOD_SUGAR,0.022998897204558614,InComm-sourced,True,ablation_v1
MOCK07165,DIAB_BLOOD_SUGAR,0.06128801761428617,InComm-sourced,True,ablation_v1
MOCK07171,DIAB_BLOOD_SUGAR,0.024981663148115653,InComm-sourced,True,ablation_v1
MOCK07177,DIAB_BLOOD_SUGAR,0.043716701130462755,InComm-sourced,True,ablation_v1
MOCK07183,DIAB_BLOOD_SUGAR,0.04922752827916953,InComm-sourced,True,ablation_v1
MOCK07189,DIAB_BLOOD_SUGAR,0.03773812497762614,InComm-sourced,True,ablation_v1
MOCK07195,DIAB_BLOOD_SUGAR,0.0267651766380923,InComm-sourced,True,ablation_v1
MOCK07201,DIAB_BLOOD_SUGAR,0.04613377111192563,InComm-sourced,True,ablation_v1
MOCK07207,DIAB_BLOOD_SUGAR,0.01916691322335002,InComm-sourced,True,ablation_v1
MOCK07213,DIAB_BLOOD_SUGAR,0.06366106643058227,InComm-sourced,True,ablation_v1
MOCK07219,DIAB_BLOOD_SUGAR,0.048871211320347795,InComm-sourced,True,ablation_v1
MOCK07225,DIAB_BLOOD_SUGAR,0.01817342476104509,InComm-sourced,True,ablation_v1
MOCK07231,DIAB_BLOOD_SUGAR,0.05140643947301802,InComm-sourced,True,ablation_v1
MOCK07237,DIAB_BLOOD_SUGAR,0.02229121508622495,InComm-sourced,True,ablation_v1
MOCK07243,DIAB_BLOOD_SUGAR,0.025256170401180143,InComm-sourced,True,ablation_v1
MOCK07249,DIAB_BLOOD_SUGAR,0.03419447467394693,InComm-sourced,True,ablation_v1
MOCK07255,DIAB_BLOOD_SUGAR,0.04238267220981065,InComm-sourced,True,ablation_v1
MOCK07261,DIAB_BLOOD_SUGAR,0.02751811626813327,InComm-sourced,True,ablation_v1
MOCK07267,DIAB_BLOOD_SUGAR,0.021303039582164236,InComm-sourced,True,ablation_v1
MOCK07273,DIAB_BLOOD_SUGAR,0.04501689723571881,InComm-sourced,True,ablation_v1
MOCK07279,DIAB_BLOOD_SUGAR,0.02503953607133912,InComm-sourced,True,ablation_v1
MOCK07285,DIAB_BLOOD_SUGAR,0.054255640235786544,InComm-sourced,True,ablation_v1
MOCK07291,DIAB_BLOOD_SUGAR,0.027923838902479205,InComm-sourced,True,ablation_v1
MOCK07297,DIAB_BLOOD_SUGAR,0.03377599412708142,InComm-sourced,True,ablation_v1
MOCK07303,DIAB_BLOOD_SUGAR,0.05256946328366543,InComm-sourced,True,ablation_v1
MOCK07309,DIAB_BLOOD_SUGAR,0.02756175855750855,InComm-sourced,True,ablation_v1
MOCK07315,DIAB_BLOOD_SUGAR,0.02092182352331259,InComm-sourced,True,ablation_v1
MOCK07321,DIAB_BLOOD_SUGAR,0.019062737883019952,InComm-sourced,True,ablation_v1
MOCK07327,DIAB_BLOOD_SUGAR,0.055311139012737986,InComm-sourced,True,ablation_v1
MOCK07333,DIAB_BLOOD_SUGAR,0.028957693493238144,InComm-sourced,True,ablation_v1
MOCK07339,DIAB_BLOOD_SUGAR,0.035143538615785855,InComm-sourced,True,ablation_v1
MOCK07345,DIAB_BLOOD_SUGAR,0.022246790949255364,InComm-sourced,True,ablation_v1
MOCK07351,DIAB_BLOOD_SUGAR,0.03338906244713842,InComm-sourced,True,ablation_v1
MOCK07357,DIAB_BLOOD_SUGAR,0.04162268664652854,InComm-sourced,True,ablation_v1
MOCK07363,DIAB_BLOOD_SUGAR,0.04133338497769813,InComm-sourced,True,ablation_v1
MOCK07369,DIAB_BLOOD_SUGAR,0.03290020579404273,InComm-sourced,True,ablation_v1
MOCK07375,DIAB_BLOOD_SUGAR,0.03223360072678269,InComm-sourced,True,ablation_v1
MOCK07381,DIAB_BLOOD_SUGAR,0.02034117130663266,InComm-sourced,True,ablation_v1
MOCK07387,DIAB_BLOOD_SUGAR,0.03489194689395903,InComm-sourced,True,ablation_v1
MOCK07393,DIAB_BLOOD_SUGAR,0.015143541819326941,InComm-sourced,True,ablation_v1
MOCK07399,DIAB_BLOOD_SUGAR,0.030875012278120197,InComm-sourced,True,ablation_v1
MOCK07405,DIAB_BLOOD_SUGAR,0.02399079753554711,InComm-sourced,True,ablation_v1
MOCK07411,DIAB_BLOOD_SUGAR,0.02575884446504323,InComm-sourced,True,ablation_v1
MOCK07417,DIAB_BLOOD_SUGAR,0.041586215430279704,InComm-sourced,True,ablation_v1
MOCK07423,DIAB_BLOOD_SUGAR,0.02758125312104502,InComm-sourced,True,ablation_v1
MOCK07429,DIAB_BLOOD_SUGAR,0.03107162698859714,InComm-sourced,True,ablation_v1
MOCK07435,DIAB_BLOOD_SUGAR,0.02978084128875355,InComm-sourced,True,ablation_v1
MOCK07441,DIAB_BLOOD_SUGAR,0.07600145433520615,InComm-sourced,True,ablation_v1
MOCK07447,DIAB_BLOOD_SUGAR,0.015628039158205032,InComm-sourced,True,ablation_v1
MOCK07453,DIAB_BLOOD_SUGAR,0.0268025145185413,InComm-sourced,True,ablation_v1
MOCK07459,DIAB_BLOOD_SUGAR,0.02537516028877447,InComm-sourced,True,ablation_v1
MOCK07465,DIAB_BLOOD_SUGAR,0.03123033428481034,InComm-sourced,True,ablation_v1
MOCK07471,DIAB_BLOOD_SUGAR,0.046767359939277796,InComm-sourced,True,ablation_v1
MOCK07477,DIAB_BLOOD_SUGAR,0.03754964301442332,InComm-sourced,True,ablation_v1
MOCK07483,DIAB_BLOOD_SUGAR,0.02904362600499228,InComm-sourced,True,ablation_v1
MOCK07489,DIAB_BLOOD_SUGAR,0.018086137275431367,InComm-sourced,True,ablation_v1
MOCK07495,DIAB_BLOOD_SUGAR,0.03146489488151009,InComm-sourced,True,ablation_v1
MOCK07501,DIAB_BLOOD_SUGAR,0.037313886148491106,InComm-sourced,True,ablation_v1
MOCK07507,DIAB_BLOOD_SUGAR,0.022410602557584678,InComm-sourced,True,ablation_v1
MOCK07513,DIAB_BLOOD_SUGAR,0.033435410308418144,InComm-sourced,True,ablation_v1
MOCK07519,DIAB_BLOOD_SUGAR,0.038641184555897844,InComm-sourced,True,ablation_v1
MOCK07525,DIAB_BLOOD_SUGAR,0.05229375406027793,InComm-sourced,True,ablation_v1
MOCK07531,DIAB_BLOOD_SUGAR,0.043495308052944895,InComm-sourced,True,ablation_v1
MOCK07537,DIAB_BLOOD_SUGAR,0.028767638600436556,InComm-sourced,True,ablation_v1
MOCK07543,DIAB_BLOOD_SUGAR,0.026598586288276962,InComm-sourced,True,ablation_v1
MOCK07549,DIAB_BLOOD_SUGAR,0.025424902998732,InComm-sourced,True,ablation_v1
MOCK07555,DIAB_BLOOD_SUGAR,0.04259790474552693,InComm-sourced,True,ablation_v1
MOCK07561,DIAB_BLOOD_SUGAR,0.03279641639719678,InComm-sourced,True,ablation_v1
MOCK07567,DIAB_BLOOD_SUGAR,0.021891017598603305,InComm-sourced,True,ablation_v1
MOCK07573,DIAB_BLOOD_SUGAR,0.04307549579396089,InComm-sourced,True,ablation_v1
MOCK07579,DIAB_BLOOD_SUGAR,0.03921521397410485,InComm-sourced,True,ablation_v1
MOCK07585,DIAB_BLOOD_SUGAR,0.030509687047412894,InComm-sourced,True,ablation_v1
MOCK07591,DIAB_BLOOD_SUGAR,0.024526623166958014,InComm-sourced,True,ablation_v1
MOCK07597,DIAB_BLOOD_SUGAR,0.026484489956526223,InComm-sourced,True,ablation_v1
MOCK07603,DIAB_BLOOD_SUGAR,0.0445356049721275,InComm-sourced,True,ablation_v1
MOCK07609,DIAB_BLOOD_SUGAR,0.014641579496405181,InComm-sourced,True,ablation_v1
MOCK07615,DIAB_BLOOD_SUGAR,0.02324976263840721,InComm-sourced,True,ablation_v1
MOCK07621,DIAB_BLOOD_SUGAR,0.024266099795698617,InComm-sourced,True,ablation_v1
MOCK07627,DIAB_BLOOD_SUGAR,0.052220561261522774,InComm-sourced,True,ablation_v1
MOCK07633,DIAB_BLOOD_SUGAR,0.023232708219320494,InComm-sourced,True,ablation_v1
MOCK07639,DIAB_BLOOD_SUGAR,0.029651109298741245,InComm-sourced,True,ablation_v1
MOCK07645,DIAB_BLOOD_SUGAR,0.03288098307901483,InComm-sourced,True,ablation_v1
MOCK07651,DIAB_BLOOD_SUGAR,0.0355929996551971,InComm-sourced,True,ablation_v1
MOCK07657,DIAB_BLOOD_SUGAR,0.029957102165398816,InComm-sourced,True,ablation_v1
MOCK07663,DIAB_BLOOD_SUGAR,0.027568428210266272,InComm-sourced,True,ablation_v1
MOCK07669,DIAB_BLOOD_SUGAR,0.05029112403948772,InComm-sourced,True,ablation_v1
MOCK07675,DIAB_BLOOD_SUGAR,0.02622350251685276,InComm-sourced,True,ablation_v1
MOCK07681,DIAB_BLOOD_SUGAR,0.030979568904747522,InComm-sourced,True,ablation_v1
MOCK07687,DIAB_BLOOD_SUGAR,0.026246338562055088,InComm-sourced,True,ablation_v1
MOCK07693,DIAB_BLOOD_SUGAR,0.024048479510533398,InComm-sourced,True,ablation_v1
MOCK07699,DIAB_BLOOD_SUGAR,0.03878097215413022,InComm-sourced,True,ablation_v1
MOCK07705,DIAB_BLOOD_SUGAR,0.016624914783260367,InComm-sourced,True,ablation_v1
MOCK07711,DIAB_BLOOD_SUGAR,0.029817859740983516,InComm-sourced,True,ablation_v1
MOCK07717,DIAB_BLOOD_SUGAR,0.026227328528680004,InComm-sourced,True,ablation_v1
MOCK07723,DIAB_BLOOD_SUGAR,0.013879031989501769,InComm-sourced,True,ablation_v1
MOCK07729,DIAB_BLOOD_SUGAR,0.07523096867807373,InComm-sourced,True,ablation_v1
MOCK07735,DIAB_BLOOD_SUGAR,0.024682405170211134,InComm-sourced,True,ablation_v1
MOCK07741,DIAB_BLOOD_SUGAR,0.04345499005206948,InComm-sourced,True,ablation_v1
MOCK07747,DIAB_BLOOD_SUGAR,0.027245133313787962,InComm-sourced,True,ablation_v1
MOCK07753,DIAB_BLOOD_SUGAR,0.0421787086313736,InComm-sourced,True,ablation_v1
MOCK07759,DIAB_BLOOD_SUGAR,0.01872841499257951,InComm-sourced,True,ablation_v1
MOCK07765,DIAB_BLOOD_SUGAR,0.05102463758804392,InComm-sourced,True,ablation_v1
MOCK07771,DIAB_BLOOD_SUGAR,0.04082548701601067,InComm-sourced,True,ablation_v1
MOCK07777,DIAB_BLOOD_SUGAR,0.03997224879801385,InComm-sourced,True,ablation_v1
MOCK07783,DIAB_BLOOD_SUGAR,0.040805946969470985,InComm-sourced,True,ablation_v1
MOCK07789,DIAB_BLOOD_SUGAR,0.05627025434963037,InComm-sourced,True,ablation_v1
MOCK07795,DIAB_BLOOD_SUGAR,0.04369800272304341,InComm-sourced,True,ablation_v1
MOCK07801,DIAB_BLOOD_SUGAR,0.040133766546797345,InComm-sourced,True,ablation_v1
MOCK07807,DIAB_BLOOD_SUGAR,0.028878075695005168,InComm-sourced,True,ablation_v1
MOCK07813,DIAB_BLOOD_SUGAR,0.033249542919243695,InComm-sourced,True,ablation_v1
MOCK07819,DIAB_BLOOD_SUGAR,0.057320716785151035,InComm-sourced,True,ablation_v1
MOCK07825,DIAB_BLOOD_SUGAR,0.026843705984295467,InComm-sourced,True,ablation_v1
MOCK07831,DIAB_BLOOD_SUGAR,0.029041905534504392,InComm-sourced,True,ablation_v1
MOCK07837,DIAB_BLOOD_SUGAR,0.09122507183973969,InComm-sourced,True,ablation_v1
MOCK07843,DIAB_BLOOD_SUGAR,0.056558411111596985,InComm-sourced,True,ablation_v1
MOCK07849,DIAB_BLOOD_SUGAR,0.04047565119182697,InComm-sourced,True,ablation_v1
MOCK07855,DIAB_BLOOD_SUGAR,0.043221381536582386,InComm-sourced,True,ablation_v1
MOCK07861,DIAB_BLOOD_SUGAR,0.026325785514818845,InComm-sourced,True,ablation_v1
MOCK07867,DIAB_BLOOD_SUGAR,0.03919448164743008,InComm-sourced,True,ablation_v1
MOCK07873,DIAB_BLOOD_SUGAR,0.031350522827061064,InComm-sourced,True,ablation_v1
MOCK07879,DIAB_BLOOD_SUGAR,0.11853927389344661,InComm-sourced,True,ablation_v1
MOCK07885,DIAB_BLOOD_SUGAR,0.010515705219589892,InComm-sourced,True,ablation_v1
MOCK07891,DIAB_BLOOD_SUGAR,0.07847813488111403,InComm-sourced,True,ablation_v1
MOCK07897,DIAB_BLOOD_SUGAR,0.020999776668934704,InComm-sourced,True,ablation_v1
MOCK07903,DIAB_BLOOD_SUGAR,0.04169129271414494,InComm-sourced,True,ablation_v1
MOCK07909,DIAB_BLOOD_SUGAR,0.05302187337965477,InComm-sourced,True,ablation_v1
MOCK07915,DIAB_BLOOD_SUGAR,0.01650235391095542,InComm-sourced,True,ablation_v1
MOCK07921,DIAB_BLOOD_SUGAR,0.05145096460387584,InComm-sourced,True,ablation_v1
MOCK07927,DIAB_BLOOD_SUGAR,0.03214669890957775,InComm-sourced,True,ablation_v1
MOCK07933,DIAB_BLOOD_SUGAR,0.0429831213968684,InComm-sourced,True,ablation_v1
MOCK07939,DIAB_BLOOD_SUGAR,0.024963520735354454,InComm-sourced,True,ablation_v1
MOCK07945,DIAB_BLOOD_SUGAR,0.03604544397102646,InComm-sourced,True,ablation_v1
MOCK07951,DIAB_BLOOD_SUGAR,0.032916755979463586,InComm-sourced,True,ablation_v1
MOCK07957,DIAB_BLOOD_SUGAR,0.03918889961684051,InComm-sourced,True,ablation_v1
MOCK07963,DIAB_BLOOD_SUGAR,0.02116849667242966,InComm-sourced,True,ablation_v1
MOCK07969,DIAB_BLOOD_SUGAR,0.04095932517201574,InComm-sourced,True,ablation_v1
MOCK07975,DIAB_BLOOD_SUGAR,0.05317860245456515,InComm-sourced,True,ablation_v1
MOCK07981,DIAB_BLOOD_SUGAR,0.02949899231237134,InComm-sourced,True,ablation_v1
MOCK07987,DIAB_BLOOD_SUGAR,0.07510004021599402,InComm-sourced,True,ablation_v1
MOCK07993,DIAB_BLOOD_SUGAR,0.029452695357825468,InComm-sourced,True,ablation_v1
MOCK07999,DIAB_BLOOD_SUGAR,0.04166569493961554,InComm-sourced,True,ablation_v1
MOCK08005,DIAB_BLOOD_SUGAR,0.027927424550202196,InComm-sourced,True,ablation_v1
MOCK08011,DIAB_BLOOD_SUGAR,0.03338450255938343,InComm-sourced,True,ablation_v1
MOCK08017,DIAB_BLOOD_SUGAR,0.03011104663468266,InComm-sourced,True,ablation_v1
MOCK08023,DIAB_BLOOD_SUGAR,0.050667078227313735,InComm-sourced,True,ablation_v1
MOCK08029,DIAB_BLOOD_SUGAR,0.04024842512561493,InComm-sourced,True,ablation_v1
MOCK08035,DIAB_BLOOD_SUGAR,0.024479165477467774,InComm-sourced,True,ablation_v1
MOCK08041,DIAB_BLOOD_SUGAR,0.026885989202238933,InComm-sourced,True,ablation_v1
MOCK08047,DIAB_BLOOD_SUGAR,0.051438510289174164,InComm-sourced,True,ablation_v1
MOCK08053,DIAB_BLOOD_SUGAR,0.03486367214220819,InComm-sourced,True,ablation_v1
MOCK08059,DIAB_BLOOD_SUGAR,0.05421940678402716,InComm-sourced,True,ablation_v1
MOCK08065,DIAB_BLOOD_SUGAR,0.03188317326016472,InComm-sourced,True,ablation_v1
MOCK08071,DIAB_BLOOD_SUGAR,0.027459125075307112,InComm-sourced,True,ablation_v1
MOCK08077,DIAB_BLOOD_SUGAR,0.06681134194513638,InComm-sourced,True,ablation_v1
MOCK08083,DIAB_BLOOD_SUGAR,0.02169290670459769,InComm-sourced,True,ablation_v1
MOCK08089,DIAB_BLOOD_SUGAR,0.05741654458335851,InComm-sourced,True,ablation_v1
MOCK08095,DIAB_BLOOD_SUGAR,0.053458492952128435,InComm-sourced,True,ablation_v1
MOCK08101,DIAB_BLOOD_SUGAR,0.03401617493352852,InComm-sourced,True,ablation_v1
MOCK08107,DIAB_BLOOD_SUGAR,0.03363683633076906,InComm-sourced,True,ablation_v1
MOCK08113,DIAB_BLOOD_SUGAR,0.1277204734304555,InComm-sourced,True,ablation_v1
MOCK08119,DIAB_BLOOD_SUGAR,0.037156044742296286,InComm-sourced,True,ablation_v1
MOCK08125,DIAB_BLOOD_SUGAR,0.05114627967791808,InComm-sourced,True,ablation_v1
MOCK08131,DIAB_BLOOD_SUGAR,0.06006558055806811,InComm-sourced,True,ablation_v1
MOCK08137,DIAB_BLOOD_SUGAR,0.01942637949642055,InComm-sourced,True,ablation_v1
MOCK08143,DIAB_BLOOD_SUGAR,0.03681471781612479,InComm-sourced,True,ablation_v1
MOCK08149,DIAB_BLOOD_SUGAR,0.07716481052632769,InComm-sourced,True,ablation_v1
MOCK08155,DIAB_BLOOD_SUGAR,0.015936909702730956,InComm-sourced,True,ablation_v1
MOCK08161,DIAB_BLOOD_SUGAR,0.011151988866658814,InComm-sourced,True,ablation_v1
MOCK08167,DIAB_BLOOD_SUGAR,0.02251212937117372,InComm-sourced,True,ablation_v1
MOCK08173,DIAB_BLOOD_SUGAR,0.02375079327465044,InComm-sourced,True,ablation_v1
MOCK08179,DIAB_BLOOD_SUGAR,0.038284043627608864,InComm-sourced,True,ablation_v1
MOCK08185,DIAB_BLOOD_SUGAR,0.03918785067807593,InComm-sourced,True,ablation_v1
MOCK08191,DIAB_BLOOD_SUGAR,0.030366509252225032,InComm-sourced,True,ablation_v1
MOCK08197,DIAB_BLOOD_SUGAR,0.04051281138628473,InComm-sourced,True,ablation_v1
MOCK08203,DIAB_BLOOD_SUGAR,0.040512583659003794,InComm-sourced,True,ablation_v1
MOCK08209,DIAB_BLOOD_SUGAR,0.04647189188907377,InComm-sourced,True,ablation_v1
MOCK08215,DIAB_BLOOD_SUGAR,0.014088446641732841,InComm-sourced,True,ablation_v1
MOCK08221,DIAB_BLOOD_SUGAR,0.053082182325319575,InComm-sourced,True,ablation_v1
MOCK08227,DIAB_BLOOD_SUGAR,0.037922691923511886,InComm-sourced,True,ablation_v1
MOCK08233,DIAB_BLOOD_SUGAR,0.05305538003984,InComm-sourced,True,ablation_v1
MOCK08239,DIAB_BLOOD_SUGAR,0.03445293033799567,InComm-sourced,True,ablation_v1
MOCK08245,DIAB_BLOOD_SUGAR,0.031275865213574415,InComm-sourced,True,ablation_v1
MOCK08251,DIAB_BLOOD_SUGAR,0.022188057426021413,InComm-sourced,True,ablation_v1
MOCK08257,DIAB_BLOOD_SUGAR,0.015490767308200412,InComm-sourced,True,ablation_v1
MOCK08263,DIAB_BLOOD_SUGAR,0.0964493841849772,InComm-sourced,True,ablation_v1
MOCK08269,DIAB_BLOOD_SUGAR,0.03298466860282795,InComm-sourced,True,ablation_v1
MOCK08275,DIAB_BLOOD_SUGAR,0.023976672932131925,InComm-sourced,True,ablation_v1
MOCK08281,DIAB_BLOOD_SUGAR,0.024491785730108816,InComm-sourced,True,ablation_v1
MOCK08287,DIAB_BLOOD_SUGAR,0.02944719964180702,InComm-sourced,True,ablation_v1
MOCK08293,DIAB_BLOOD_SUGAR,0.026050879122750826,InComm-sourced,True,ablation_v1
MOCK08299,DIAB_BLOOD_SUGAR,0.022254010265353345,InComm-sourced,True,ablation_v1
MOCK08305,DIAB_BLOOD_SUGAR,0.02769981330982733,InComm-sourced,True,ablation_v1
MOCK08311,DIAB_BLOOD_SUGAR,0.03047815608611598,InComm-sourced,True,ablation_v1
MOCK08317,DIAB_BLOOD_SUGAR,0.046539999592464444,InComm-sourced,True,ablation_v1
MOCK08323,DIAB_BLOOD_SUGAR,0.02193390775974377,InComm-sourced,True,ablation_v1
MOCK08329,DIAB_BLOOD_SUGAR,0.07676064348949567,InComm-sourced,True,ablation_v1
MOCK08335,DIAB_BLOOD_SUGAR,0.03882882695634129,InComm-sourced,True,ablation_v1
MOCK08341,DIAB_BLOOD_SUGAR,0.03481553950329149,InComm-sourced,True,ablation_v1
MOCK08347,DIAB_BLOOD_SUGAR,0.025369853719909415,InComm-sourced,True,ablation_v1
MOCK08353,DIAB_BLOOD_SUGAR,0.018494836522530346,InComm-sourced,True,ablation_v1
MOCK08359,DIAB_BLOOD_SUGAR,0.0612834308616158,InComm-sourced,True,ablation_v1
MOCK08365,DIAB_BLOOD_SUGAR,0.025677868037307434,InComm-sourced,True,ablation_v1
MOCK08371,DIAB_BLOOD_SUGAR,0.01617233384168382,InComm-sourced,True,ablation_v1
MOCK08377,DIAB_BLOOD_SUGAR,0.03739483458303343,InComm-sourced,True,ablation_v1
MOCK08383,DIAB_BLOOD_SUGAR,0.04097933704201705,InComm-sourced,True,ablation_v1
MOCK08389,DIAB_BLOOD_SUGAR,0.028800902506776773,InComm-sourced,True,ablation_v1
MOCK08395,DIAB_BLOOD_SUGAR,0.02365788379737457,InComm-sourced,True,ablation_v1
MOCK08401,DIAB_BLOOD_SUGAR,0.04355574689983044,InComm-sourced,True,ablation_v1
MOCK08407,DIAB_BLOOD_SUGAR,0.014766629033005924,InComm-sourced,True,ablation_v1
MOCK08413,DIAB_BLOOD_SUGAR,0.052217710278797444,InComm-sourced,True,ablation_v1
MOCK08419,DIAB_BLOOD_SUGAR,0.037779020952687516,InComm-sourced,True,ablation_v1
MOCK08425,DIAB_BLOOD_SUGAR,0.032531005758110146,InComm-sourced,True,ablation_v1
MOCK08431,DIAB_BLOOD_SUGAR,0.04570137450802737,InComm-sourced,True,ablation_v1
MOCK08437,DIAB_BLOOD_SUGAR,0.0500003510664248,InComm-sourced,True,ablation_v1
MOCK08443,DIAB_BLOOD_SUGAR,0.04679768244092028,InComm-sourced,True,ablation_v1
MOCK08449,DIAB_BLOOD_SUGAR,0.023444893714590503,InComm-sourced,True,ablation_v1
MOCK08455,DIAB_BLOOD_SUGAR,0.02276352979976131,InComm-sourced,True,ablation_v1
MOCK08461,DIAB_BLOOD_SUGAR,0.03603945495080661,InComm-sourced,True,ablation_v1
MOCK08467,DIAB_BLOOD_SUGAR,0.06869300620194409,InComm-sourced,True,ablation_v1
MOCK08473,DIAB_BLOOD_SUGAR,0.032553465290244776,InComm-sourced,True,ablation_v1
MOCK08479,DIAB_BLOOD_SUGAR,0.06429741380803773,InComm-sourced,True,ablation_v1
MOCK08485,DIAB_BLOOD_SUGAR,0.023642455089443355,InComm-sourced,True,ablation_v1
MOCK08491,DIAB_BLOOD_SUGAR,0.03177603875692092,InComm-sourced,True,ablation_v1
MOCK08497,DIAB_BLOOD_SUGAR,0.03740122099706475,InComm-sourced,True,ablation_v1
MOCK08503,DIAB_BLOOD_SUGAR,0.02155015808385352,InComm-sourced,True,ablation_v1
MOCK08509,DIAB_BLOOD_SUGAR,0.06589646124418086,InComm-sourced,True,ablation_v1
MOCK08515,DIAB_BLOOD_SUGAR,0.022430831697441884,InComm-sourced,True,ablation_v1
MOCK08521,DIAB_BLOOD_SUGAR,0.06439967908209712,InComm-sourced,True,ablation_v1
MOCK08527,DIAB_BLOOD_SUGAR,0.04114871864396877,InComm-sourced,True,ablation_v1
MOCK08533,DIAB_BLOOD_SUGAR,0.0217721804991271,InComm-sourced,True,ablation_v1
MOCK08539,DIAB_BLOOD_SUGAR,0.039225530284618546,InComm-sourced,True,ablation_v1
MOCK08545,DIAB_BLOOD_SUGAR,0.028743346098625555,InComm-sourced,True,ablation_v1
MOCK08551,DIAB_BLOOD_SUGAR,0.0720219212262606,InComm-sourced,True,ablation_v1
MOCK08557,DIAB_BLOOD_SUGAR,0.036952144082697994,InComm-sourced,True,ablation_v1
MOCK08563,DIAB_BLOOD_SUGAR,0.04649156794605693,InComm-sourced,True,ablation_v1
MOCK08569,DIAB_BLOOD_SUGAR,0.0395765355028978,InComm-sourced,True,ablation_v1
MOCK08575,DIAB_BLOOD_SUGAR,0.03850194057412739,InComm-sourced,True,ablation_v1
MOCK08581,DIAB_BLOOD_SUGAR,0.03943701380502772,InComm-sourced,True,ablation_v1
MOCK08587,DIAB_BLOOD_SUGAR,0.05663691084208349,InComm-sourced,True,ablation_v1
MOCK08593,DIAB_BLOOD_SUGAR,0.024140104063741646,InComm-sourced,True,ablation_v1
MOCK08599,DIAB_BLOOD_SUGAR,0.0534888876068805,InComm-sourced,True,ablation_v1
MOCK08605,DIAB_BLOOD_SUGAR,0.02702104141754647,InComm-sourced,True,ablation_v1
MOCK08611,DIAB_BLOOD_SUGAR,0.04371973037100173,InComm-sourced,True,ablation_v1
MOCK08617,DIAB_BLOOD_SUGAR,0.04023059765891414,InComm-sourced,True,ablation_v1
MOCK08623,DIAB_BLOOD_SUGAR,0.02683074607198512,InComm-sourced,True,ablation_v1
MOCK08629,DIAB_BLOOD_SUGAR,0.033937127257075074,InComm-sourced,True,ablation_v1
MOCK08635,DIAB_BLOOD_SUGAR,0.029467068374573305,InComm-sourced,True,ablation_v1
MOCK08641,DIAB_BLOOD_SUGAR,0.01863649894182807,InComm-sourced,True,ablation_v1
MOCK08647,DIAB_BLOOD_SUGAR,0.04157321223988257,InComm-sourced,True,ablation_v1
MOCK08653,DIAB_BLOOD_SUGAR,0.023416983880110095,InComm-sourced,True,ablation_v1
MOCK08659,DIAB_BLOOD_SUGAR,0.04066882946947808,InComm-sourced,True,ablation_v1
MOCK08665,DIAB_BLOOD_SUGAR,0.049057439661284674,InComm-sourced,True,ablation_v1
MOCK08671,DIAB_BLOOD_SUGAR,0.029217582294928216,InComm-sourced,True,ablation_v1
MOCK08677,DIAB_BLOOD_SUGAR,0.026496521079499506,InComm-sourced,True,ablation_v1
MOCK08683,DIAB_BLOOD_SUGAR,0.019631530802043433,InComm-sourced,True,ablation_v1
MOCK08689,DIAB_BLOOD_SUGAR,0.03932881624630622,InComm-sourced,True,ablation_v1
MOCK08695,DIAB_BLOOD_SUGAR,0.04067739189462853,InComm-sourced,True,ablation_v1
MOCK08701,DIAB_BLOOD_SUGAR,0.07824564092105603,InComm-sourced,True,ablation_v1
MOCK08707,DIAB_BLOOD_SUGAR,0.02781907596510655,InComm-sourced,True,ablation_v1
MOCK08713,DIAB_BLOOD_SUGAR,0.03235341875851098,InComm-sourced,True,ablation_v1
MOCK08719,DIAB_BLOOD_SUGAR,0.04847085785569792,InComm-sourced,True,ablation_v1
MOCK08725,DIAB_BLOOD_SUGAR,0.06698889971389996,InComm-sourced,True,ablation_v1
MOCK08731,DIAB_BLOOD_SUGAR,0.044770432489211226,InComm-sourced,True,ablation_v1
MOCK08737,DIAB_BLOOD_SUGAR,0.036994773313764384,InComm-sourced,True,ablation_v1
MOCK08743,DIAB_BLOOD_SUGAR,0.041041715278804854,InComm-sourced,True,ablation_v1
MOCK08749,DIAB_BLOOD_SUGAR,0.021080537080020622,InComm-sourced,True,ablation_v1
MOCK08755,DIAB_BLOOD_SUGAR,0.023781392063259573,InComm-sourced,True,ablation_v1
MOCK08761,DIAB_BLOOD_SUGAR,0.028617889739504444,InComm-sourced,True,ablation_v1
MOCK08767,DIAB_BLOOD_SUGAR,0.021897534003904328,InComm-sourced,True,ablation_v1
MOCK08773,DIAB_BLOOD_SUGAR,0.06520067229272156,InComm-sourced,True,ablation_v1
MOCK08779,DIAB_BLOOD_SUGAR,0.019086549070452753,InComm-sourced,True,ablation_v1
MOCK08785,DIAB_BLOOD_SUGAR,0.04605343688411444,InComm-sourced,True,ablation_v1
MOCK08791,DIAB_BLOOD_SUGAR,0.026262849684827026,InComm-sourced,True,ablation_v1
MOCK08797,DIAB_BLOOD_SUGAR,0.025529011879865348,InComm-sourced,True,ablation_v1
MOCK08803,DIAB_BLOOD_SUGAR,0.03762026332649633,InComm-sourced,True,ablation_v1
MOCK08809,DIAB_BLOOD_SUGAR,0.054201693453919446,InComm-sourced,True,ablation_v1
MOCK08815,DIAB_BLOOD_SUGAR,0.017872776479776194,InComm-sourced,True,ablation_v1
MOCK08821,DIAB_BLOOD_SUGAR,0.022350895007747902,InComm-sourced,True,ablation_v1
MOCK08827,DIAB_BLOOD_SUGAR,0.029856945276494826,InComm-sourced,True,ablation_v1
MOCK08833,DIAB_BLOOD_SUGAR,0.042950370759181046,InComm-sourced,True,ablation_v1
MOCK08839,DIAB_BLOOD_SUGAR,0.03326190405586012,InComm-sourced,True,ablation_v1
MOCK08845,DIAB_BLOOD_SUGAR,0.018880369652529268,InComm-sourced,True,ablation_v1
MOCK08851,DIAB_BLOOD_SUGAR,0.0333545547819895,InComm-sourced,True,ablation_v1
MOCK08857,DIAB_BLOOD_SUGAR,0.03670451031245006,InComm-sourced,True,ablation_v1
MOCK08863,DIAB_BLOOD_SUGAR,0.0704279900989343,InComm-sourced,True,ablation_v1
MOCK08869,DIAB_BLOOD_SUGAR,0.02593765479550104,InComm-sourced,True,ablation_v1
MOCK08875,DIAB_BLOOD_SUGAR,0.029644993027735947,InComm-sourced,True,ablation_v1
MOCK08881,DIAB_BLOOD_SUGAR,0.03026027817392886,InComm-sourced,True,ablation_v1
MOCK08887,DIAB_BLOOD_SUGAR,0.0463154124173614,InComm-sourced,True,ablation_v1
MOCK08893,DIAB_BLOOD_SUGAR,0.05270829104691959,InComm-sourced,True,ablation_v1
MOCK08899,DIAB_BLOOD_SUGAR,0.03533386739731892,InComm-sourced,True,ablation_v1
MOCK08905,DIAB_BLOOD_SUGAR,0.01998284801553973,InComm-sourced,True,ablation_v1
MOCK08911,DIAB_BLOOD_SUGAR,0.02757571332625174,InComm-sourced,True,ablation_v1
MOCK08917,DIAB_BLOOD_SUGAR,0.05013960011077315,InComm-sourced,True,ablation_v1
MOCK08923,DIAB_BLOOD_SUGAR,0.03360791967908354,InComm-sourced,True,ablation_v1
MOCK08929,DIAB_BLOOD_SUGAR,0.04677784285692282,InComm-sourced,True,ablation_v1
MOCK08935,DIAB_BLOOD_SUGAR,0.02809483976654298,InComm-sourced,True,ablation_v1
MOCK08941,DIAB_BLOOD_SUGAR,0.023305279980177483,InComm-sourced,True,ablation_v1
MOCK08947,DIAB_BLOOD_SUGAR,0.03287892570582721,InComm-sourced,True,ablation_v1
MOCK08953,DIAB_BLOOD_SUGAR,0.0710332942106854,InComm-sourced,True,ablation_v1
MOCK08959,DIAB_BLOOD_SUGAR,0.024908974643383167,InComm-sourced,True,ablation_v1
MOCK08965,DIAB_BLOOD_SUGAR,0.04361107137791084,InComm-sourced,True,ablation_v1
MOCK08971,DIAB_BLOOD_SUGAR,0.06832733527424203,InComm-sourced,True,ablation_v1
MOCK08977,DIAB_BLOOD_SUGAR,0.031128152465652356,InComm-sourced,True,ablation_v1
MOCK08983,DIAB_BLOOD_SUGAR,0.021082526444435746,InComm-sourced,True,ablation_v1
MOCK08989,DIAB_BLOOD_SUGAR,0.030055026649894626,InComm-sourced,True,ablation_v1
MOCK08995,DIAB_BLOOD_SUGAR,0.031676095589215525,InComm-sourced,True,ablation_v1
MOCK09001,DIAB_BLOOD_SUGAR,0.04123780068188649,InComm-sourced,True,ablation_v1
MOCK09007,DIAB_BLOOD_SUGAR,0.030992475970380323,InComm-sourced,True,ablation_v1
MOCK09013,DIAB_BLOOD_SUGAR,0.04174506206010935,InComm-sourced,True,ablation_v1
MOCK09019,DIAB_BLOOD_SUGAR,0.022931640330503142,InComm-sourced,True,ablation_v1
MOCK09025,DIAB_BLOOD_SUGAR,0.04099825894576526,InComm-sourced,True,ablation_v1
MOCK09031,DIAB_BLOOD_SUGAR,0.05029519668814824,InComm-sourced,True,ablation_v1
MOCK09037,DIAB_BLOOD_SUGAR,0.05411027870860035,InComm-sourced,True,ablation_v1
MOCK09043,DIAB_BLOOD_SUGAR,0.0316607469319837,InComm-sourced,True,ablation_v1
MOCK09049,DIAB_BLOOD_SUGAR,0.024544244832982978,InComm-sourced,True,ablation_v1
MOCK09055,DIAB_BLOOD_SUGAR,0.0357246796557954,InComm-sourced,True,ablation_v1
MOCK09061,DIAB_BLOOD_SUGAR,0.02321837239868813,InComm-sourced,True,ablation_v1
MOCK09067,DIAB_BLOOD_SUGAR,0.060279361358340645,InComm-sourced,True,ablation_v1
MOCK09073,DIAB_BLOOD_SUGAR,0.06348233841623747,InComm-sourced,True,ablation_v1
MOCK09079,DIAB_BLOOD_SUGAR,0.02550584376145939,InComm-sourced,True,ablation_v1
MOCK09085,DIAB_BLOOD_SUGAR,0.0749069377819824,InComm-sourced,True,ablation_v1
MOCK09091,DIAB_BLOOD_SUGAR,0.029237637440992486,InComm-sourced,True,ablation_v1
MOCK09097,DIAB_BLOOD_SUGAR,0.09099211077157138,InComm-sourced,True,ablation_v1
MOCK09103,DIAB_BLOOD_SUGAR,0.030446240763299527,InComm-sourced,True,ablation_v1
MOCK09109,DIAB_BLOOD_SUGAR,0.03806408511552603,InComm-sourced,True,ablation_v1
MOCK09115,DIAB_BLOOD_SUGAR,0.024444633813162895,InComm-sourced,True,ablation_v1
MOCK09121,DIAB_BLOOD_SUGAR,0.02223955980782537,InComm-sourced,True,ablation_v1
MOCK09127,DIAB_BLOOD_SUGAR,0.027663270311469514,InComm-sourced,True,ablation_v1
MOCK09133,DIAB_BLOOD_SUGAR,0.0404706097877515,InComm-sourced,True,ablation_v1
MOCK09139,DIAB_BLOOD_SUGAR,0.025070213957596982,InComm-sourced,True,ablation_v1
MOCK09145,DIAB_BLOOD_SUGAR,0.021431787512341424,InComm-sourced,True,ablation_v1
MOCK09151,DIAB_BLOOD_SUGAR,0.04730974131432836,InComm-sourced,True,ablation_v1
MOCK09157,DIAB_BLOOD_SUGAR,0.020136322347994468,InComm-sourced,True,ablation_v1
MOCK09163,DIAB_BLOOD_SUGAR,0.022970937953568096,InComm-sourced,True,ablation_v1
MOCK09169,DIAB_BLOOD_SUGAR,0.03504071765401062,InComm-sourced,True,ablation_v1
MOCK09175,DIAB_BLOOD_SUGAR,0.03302492809923429,InComm-sourced,True,ablation_v1
MOCK09181,DIAB_BLOOD_SUGAR,0.034223652520779996,InComm-sourced,True,ablation_v1
MOCK09187,DIAB_BLOOD_SUGAR,0.024353438787400473,InComm-sourced,True,ablation_v1
MOCK09193,DIAB_BLOOD_SUGAR,0.044950612190868676,InComm-sourced,True,ablation_v1
MOCK09199,DIAB_BLOOD_SUGAR,0.02472432189815732,InComm-sourced,True,ablation_v1
MOCK09205,DIAB_BLOOD_SUGAR,0.019427127970700675,InComm-sourced,True,ablation_v1
MOCK09211,DIAB_BLOOD_SUGAR,0.02043251327553002,InComm-sourced,True,ablation_v1
MOCK09217,DIAB_BLOOD_SUGAR,0.02757038439045931,InComm-sourced,True,ablation_v1
MOCK09223,DIAB_BLOOD_SUGAR,0.031841260445707814,InComm-sourced,True,ablation_v1
MOCK09229,DIAB_BLOOD_SUGAR,0.02826257626549464,InComm-sourced,True,ablation_v1
MOCK09235,DIAB_BLOOD_SUGAR,0.014413741410163034,InComm-sourced,True,ablation_v1
MOCK09241,DIAB_BLOOD_SUGAR,0.022313913748811552,InComm-sourced,True,ablation_v1
MOCK09247,DIAB_BLOOD_SUGAR,0.041938055593863606,InComm-sourced,True,ablation_v1
MOCK09253,DIAB_BLOOD_SUGAR,0.02722391278453139,InComm-sourced,True,ablation_v1
MOCK09259,DIAB_BLOOD_SUGAR,0.04557140022117986,InComm-sourced,True,ablation_v1
MOCK09265,DIAB_BLOOD_SUGAR,0.030079606842392814,InComm-sourced,True,ablation_v1
MOCK09271,DIAB_BLOOD_SUGAR,0.02475252247974653,InComm-sourced,True,ablation_v1
MOCK09277,DIAB_BLOOD_SUGAR,0.045859151642466504,InComm-sourced,True,ablation_v1
MOCK09283,DIAB_BLOOD_SUGAR,0.042177700894512136,InComm-sourced,True,ablation_v1
MOCK09289,DIAB_BLOOD_SUGAR,0.07699912948984443,InComm-sourced,True,ablation_v1
MOCK09295,DIAB_BLOOD_SUGAR,0.02574662052853729,InComm-sourced,True,ablation_v1
MOCK09301,DIAB_BLOOD_SUGAR,0.05121762660238868,InComm-sourced,True,ablation_v1
MOCK09307,DIAB_BLOOD_SUGAR,0.02966827741618706,InComm-sourced,True,ablation_v1
MOCK09313,DIAB_BLOOD_SUGAR,0.024145263056698056,InComm-sourced,True,ablation_v1
MOCK09319,DIAB_BLOOD_SUGAR,0.027341475979695898,InComm-sourced,True,ablation_v1
MOCK09325,DIAB_BLOOD_SUGAR,0.019294225001663275,InComm-sourced,True,ablation_v1
MOCK09331,DIAB_BLOOD_SUGAR,0.02362816578157854,InComm-sourced,True,ablation_v1
MOCK09337,DIAB_BLOOD_SUGAR,0.016897535561021033,InComm-sourced,True,ablation_v1
MOCK09343,DIAB_BLOOD_SUGAR,0.03141074754134184,InComm-sourced,True,ablation_v1
MOCK09349,DIAB_BLOOD_SUGAR,0.021377316675624494,InComm-sourced,True,ablation_v1
MOCK09355,DIAB_BLOOD_SUGAR,0.017864715700529648,InComm-sourced,True,ablation_v1
MOCK09361,DIAB_BLOOD_SUGAR,0.02344765990434021,InComm-sourced,True,ablation_v1
MOCK09367,DIAB_BLOOD_SUGAR,0.022494323301679362,InComm-sourced,True,ablation_v1
MOCK09373,DIAB_BLOOD_SUGAR,0.07844386354769257,InComm-sourced,True,ablation_v1
MOCK09379,DIAB_BLOOD_SUGAR,0.031350299661201946,InComm-sourced,True,ablation_v1
MOCK09385,DIAB_BLOOD_SUGAR,0.01939000232180842,InComm-sourced,True,ablation_v1
MOCK09391,DIAB_BLOOD_SUGAR,0.03658820081725166,InComm-sourced,True,ablation_v1
MOCK09397,DIAB_BLOOD_SUGAR,0.025158265537267153,InComm-sourced,True,ablation_v1
MOCK09403,DIAB_BLOOD_SUGAR,0.030515903524127204,InComm-sourced,True,ablation_v1
MOCK09409,DIAB_BLOOD_SUGAR,0.07411470779210798,InComm-sourced,True,ablation_v1
MOCK09415,DIAB_BLOOD_SUGAR,0.024386621427956095,InComm-sourced,True,ablation_v1
MOCK09421,DIAB_BLOOD_SUGAR,0.03278714961184436,InComm-sourced,True,ablation_v1
MOCK09427,DIAB_BLOOD_SUGAR,0.0492893576370863,InComm-sourced,True,ablation_v1
MOCK09433,DIAB_BLOOD_SUGAR,0.024811270388824934,InComm-sourced,True,ablation_v1
MOCK09439,DIAB_BLOOD_SUGAR,0.052136808018044094,InComm-sourced,True,ablation_v1
MOCK09445,DIAB_BLOOD_SUGAR,0.025375953818285956,InComm-sourced,True,ablation_v1
MOCK09451,DIAB_BLOOD_SUGAR,0.036511436908949674,InComm-sourced,True,ablation_v1
MOCK09457,DIAB_BLOOD_SUGAR,0.03183968254808003,InComm-sourced,True,ablation_v1
MOCK09463,DIAB_BLOOD_SUGAR,0.053746399318523555,InComm-sourced,True,ablation_v1
MOCK09469,DIAB_BLOOD_SUGAR,0.02140181806928256,InComm-sourced,True,ablation_v1
MOCK09475,DIAB_BLOOD_SUGAR,0.02617867337038397,InComm-sourced,True,ablation_v1
MOCK09481,DIAB_BLOOD_SUGAR,0.04785414932607062,InComm-sourced,True,ablation_v1
MOCK09487,DIAB_BLOOD_SUGAR,0.03317620938893425,InComm-sourced,True,ablation_v1
MOCK09493,DIAB_BLOOD_SUGAR,0.03037818196712867,InComm-sourced,True,ablation_v1
MOCK09499,DIAB_BLOOD_SUGAR,0.0441075773649599,InComm-sourced,True,ablation_v1
MOCK09505,DIAB_BLOOD_SUGAR,0.019537843836392135,InComm-sourced,True,ablation_v1
MOCK09511,DIAB_BLOOD_SUGAR,0.0270546489791943,InComm-sourced,True,ablation_v1
MOCK09517,DIAB_BLOOD_SUGAR,0.044002106510066294,InComm-sourced,True,ablation_v1
MOCK09523,DIAB_BLOOD_SUGAR,0.03261911329570192,InComm-sourced,True,ablation_v1
MOCK09529,DIAB_BLOOD_SUGAR,0.030572750387365833,InComm-sourced,True,ablation_v1
MOCK09535,DIAB_BLOOD_SUGAR,0.028129895523017475,InComm-sourced,True,ablation_v1
MOCK09541,DIAB_BLOOD_SUGAR,0.026400502111536137,InComm-sourced,True,ablation_v1
MOCK09547,DIAB_BLOOD_SUGAR,0.02945156492092216,InComm-sourced,True,ablation_v1
MOCK09553,DIAB_BLOOD_SUGAR,0.025419930962150228,InComm-sourced,True,ablation_v1
MOCK09559,DIAB_BLOOD_SUGAR,0.032799869994557626,InComm-sourced,True,ablation_v1
MOCK09565,DIAB_BLOOD_SUGAR,0.02116243732646617,InComm-sourced,True,ablation_v1
MOCK09571,DIAB_BLOOD_SUGAR,0.0406537456971486,InComm-sourced,True,ablation_v1
MOCK09577,DIAB_BLOOD_SUGAR,0.03257713622537241,InComm-sourced,True,ablation_v1
MOCK09583,DIAB_BLOOD_SUGAR,0.0406453477227224,InComm-sourced,True,ablation_v1
MOCK09589,DIAB_BLOOD_SUGAR,0.07602056800397002,InComm-sourced,True,ablation_v1
MOCK09595,DIAB_BLOOD_SUGAR,0.020215167092640936,InComm-sourced,True,ablation_v1
MOCK09601,DIAB_BLOOD_SUGAR,0.01748420143785872,InComm-sourced,True,ablation_v1
MOCK09607,DIAB_BLOOD_SUGAR,0.029385379968434024,InComm-sourced,True,ablation_v1
MOCK09613,DIAB_BLOOD_SUGAR,0.034319613656003216,InComm-sourced,True,ablation_v1
MOCK09619,DIAB_BLOOD_SUGAR,0.03428033576471244,InComm-sourced,True,ablation_v1
MOCK09625,DIAB_BLOOD_SUGAR,0.029461648716830383,InComm-sourced,True,ablation_v1
MOCK09631,DIAB_BLOOD_SUGAR,0.05497448684928869,InComm-sourced,True,ablation_v1
MOCK09637,DIAB_BLOOD_SUGAR,0.03681475366027494,InComm-sourced,True,ablation_v1
MOCK09643,DIAB_BLOOD_SUGAR,0.031689717896665505,InComm-sourced,True,ablation_v1
MOCK09649,DIAB_BLOOD_SUGAR,0.0321353223675248,InComm-sourced,True,ablation_v1
MOCK09655,DIAB_BLOOD_SUGAR,0.019528599256514213,InComm-sourced,True,ablation_v1
MOCK09661,DIAB_BLOOD_SUGAR,0.024484075014774162,InComm-sourced,True,ablation_v1
MOCK09667,DIAB_BLOOD_SUGAR,0.021227444760080788,InComm-sourced,True,ablation_v1
MOCK09673,DIAB_BLOOD_SUGAR,0.04275314757306261,InComm-sourced,True,ablation_v1
MOCK09679,DIAB_BLOOD_SUGAR,0.02941887682182967,InComm-sourced,True,ablation_v1
MOCK09685,DIAB_BLOOD_SUGAR,0.027125163809908013,InComm-sourced,True,ablation_v1
MOCK09691,DIAB_BLOOD_SUGAR,0.018794175044136975,InComm-sourced,True,ablation_v1
MOCK09697,DIAB_BLOOD_SUGAR,0.03135074974602378,InComm-sourced,True,ablation_v1
MOCK09703,DIAB_BLOOD_SUGAR,0.03251227653056952,InComm-sourced,True,ablation_v1
MOCK09709,DIAB_BLOOD_SUGAR,0.03456059237380701,InComm-sourced,True,ablation_v1
MOCK09715,DIAB_BLOOD_SUGAR,0.024836042003167875,InComm-sourced,True,ablation_v1
MOCK09721,DIAB_BLOOD_SUGAR,0.07655053854931025,InComm-sourced,True,ablation_v1
MOCK09727,DIAB_BLOOD_SUGAR,0.027341883977272392,InComm-sourced,True,ablation_v1
MOCK09733,DIAB_BLOOD_SUGAR,0.04493143095348447,InComm-sourced,True,ablation_v1
MOCK09739,DIAB_BLOOD_SUGAR,0.03556089842308993,InComm-sourced,True,ablation_v1
MOCK09745,DIAB_BLOOD_SUGAR,0.039427117396325616,InComm-sourced,True,ablation_v1
MOCK09751,DIAB_BLOOD_SUGAR,0.018893726034415675,InComm-sourced,True,ablation_v1
MOCK09757,DIAB_BLOOD_SUGAR,0.027179657482318313,InComm-sourced,True,ablation_v1
MOCK09763,DIAB_BLOOD_SUGAR,0.04007677515317247,InComm-sourced,True,ablation_v1
MOCK09769,DIAB_BLOOD_SUGAR,0.04162512729740417,InComm-sourced,True,ablation_v1
MOCK09775,DIAB_BLOOD_SUGAR,0.03095673576454978,InComm-sourced,True,ablation_v1
MOCK09781,DIAB_BLOOD_SUGAR,0.02627591960858559,InComm-sourced,True,ablation_v1
MOCK09787,DIAB_BLOOD_SUGAR,0.042526917827312334,InComm-sourced,True,ablation_v1
MOCK09793,DIAB_BLOOD_SUGAR,0.052048427113615216,InComm-sourced,True,ablation_v1
MOCK09799,DIAB_BLOOD_SUGAR,0.03323297953397282,InComm-sourced,True,ablation_v1
MOCK09805,DIAB_BLOOD_SUGAR,0.028924011323650377,InComm-sourced,True,ablation_v1
MOCK09811,DIAB_BLOOD_SUGAR,0.03310173235768095,InComm-sourced,True,ablation_v1
MOCK09817,DIAB_BLOOD_SUGAR,0.02001159650355944,InComm-sourced,True,ablation_v1
MOCK09823,DIAB_BLOOD_SUGAR,0.053329584899967836,InComm-sourced,True,ablation_v1
MOCK09829,DIAB_BLOOD_SUGAR,0.035788889771334105,InComm-sourced,True,ablation_v1
MOCK09835,DIAB_BLOOD_SUGAR,0.0351455175087626,InComm-sourced,True,ablation_v1
MOCK09841,DIAB_BLOOD_SUGAR,0.0286297465533057,InComm-sourced,True,ablation_v1
MOCK09847,DIAB_BLOOD_SUGAR,0.03273156465703531,InComm-sourced,True,ablation_v1
MOCK09853,DIAB_BLOOD_SUGAR,0.030134207295062176,InComm-sourced,True,ablation_v1
MOCK09859,DIAB_BLOOD_SUGAR,0.06511956614727396,InComm-sourced,True,ablation_v1
MOCK09865,DIAB_BLOOD_SUGAR,0.0375001990395333,InComm-sourced,True,ablation_v1
MOCK09871,DIAB_BLOOD_SUGAR,0.02296845359636621,InComm-sourced,True,ablation_v1
MOCK09877,DIAB_BLOOD_SUGAR,0.04385504199639981,InComm-sourced,True,ablation_v1
MOCK09883,DIAB_BLOOD_SUGAR,0.030450076104358723,InComm-sourced,True,ablation_v1
MOCK09889,DIAB_BLOOD_SUGAR,0.04079645699204916,InComm-sourced,True,ablation_v1
MOCK09895,DIAB_BLOOD_SUGAR,0.05043000831152933,InComm-sourced,True,ablation_v1
MOCK09901,DIAB_BLOOD_SUGAR,0.019769936818390357,InComm-sourced,True,ablation_v1
MOCK09907,DIAB_BLOOD_SUGAR,0.030002946262578926,InComm-sourced,True,ablation_v1
MOCK09913,DIAB_BLOOD_SUGAR,0.034921430335420375,InComm-sourced,True,ablation_v1
MOCK09919,DIAB_BLOOD_SUGAR,0.0816173725434207,InComm-sourced,True,ablation_v1
MOCK09925,DIAB_BLOOD_SUGAR,0.03493502770813563,InComm-sourced,True,ablation_v1
MOCK09931,DIAB_BLOOD_SUGAR,0.015535669577995476,InComm-sourced,True,ablation_v1
MOCK09937,DIAB_BLOOD_SUGAR,0.02825833001235699,InComm-sourced,True,ablation_v1
MOCK09943,DIAB_BLOOD_SUGAR,0.035933689847174224,InComm-sourced,True,ablation_v1
MOCK09949,DIAB_BLOOD_SUGAR,0.022747811343750025,InComm-sourced,True,ablation_v1
MOCK09955,DIAB_BLOOD_SUGAR,0.05214441886526486,InComm-sourced,True,ablation_v1
MOCK09961,DIAB_BLOOD_SUGAR,0.03467782585578406,InComm-sourced,True,ablation_v1
MOCK09967,DIAB_BLOOD_SUGAR,0.024134628574097976,InComm-sourced,True,ablation_v1
MOCK09973,DIAB_BLOOD_SUGAR,0.028474965949583292,InComm-sourced,True,ablation_v1
MOCK09979,DIAB_BLOOD_SUGAR,0.08602762817660471,InComm-sourced,True,ablation_v1
MOCK09985,DIAB_BLOOD_SUGAR,0.02982729932925136,InComm-sourced,True,ablation_v1
MOCK09991,DIAB_BLOOD_SUGAR,0.02481557625805462,InComm-sourced,True,ablation_v1
MOCK09997,DIAB_BLOOD_SUGAR,0.023364686249583565,InComm-sourced,True,ablation_v1
