incentive_reward_id,member_id,care_gap_code,issued_at,amount,redeemed,source,program_name,reward_type,currency
IR-MOCK00001-DIAB_A1C_TEST-20250703,MOCK00001,DIAB_A1C_TEST,2025-07-03,100.0,True,Research-generated IncentiveRewards mock,MyRewards Health Action Incentive,CARE_GAP_COMPLETION,USD
IR-MOCK00025-DIAB_A1C_TEST-20250716,MOCK00025,DIAB_A1C_TEST,2025-07-16,20.0,True,Research-generated IncentiveRewards mock,MyRewards Health Action Incentive,CARE_GAP_COMPLETION,USD
IR-MOCK00031-DIAB_A1C_TEST-20250802,MOCK00031,DIAB_A1C_TEST,2025-08-02,15.0,True,Research-generated IncentiveRewards mock,MyRewards Health Action Incentive,CARE_GAP_COMPLETION,USD
IR-MOCK00037-DIAB_A1C_TEST-20250703,MOCK00037,DIAB_A1C_TEST,2025-07-03,10.0,True,Research-generated IncentiveRewards mock,MyRewards Health Action Incentive,CARE_GAP_COMPLETION,USD
IR-MOCK00043-DIAB_A1C_TEST-20250727,MOCK00043,DIAB_A1C_TEST,2025-07-27,25.0,True,Research-generated IncentiveRewards mock,MyRewards Health Action Incentive,CARE_GAP_COMPLETION,USD
IR-MOCK00073-DIAB_A1C_TEST-20250728,MOCK00073,DIAB_A1C_TEST,2025-07-28,20.0,True,Research-generated IncentiveRewards mock,MyRewards Health Action Incentive,CARE_GAP_COMPLETION,USD
IR-MOCK00079-DIAB_A1C_TEST-20250729,MOCK00079,DIAB_A1C_TEST,2025-07-29,50.0,True,Research-generated IncentiveRewards mock,MyRewards Health Action Incentive,CARE_GAP_COMPLETION,USD
IR-MOCK00103-DIAB_A1C_TEST-20250704,MOCK00103,DIAB_A1C_TEST,2025-07-04,15.0,True,Research-generated IncentiveRewards mock,MyRewards Health Action Incentive,CARE_GAP_COMPLETION,USD
IR-MOCK00109-DIAB_A1C_TEST-20250801,MOCK00109,DIAB_A1C_TEST,2025-08-01,25.0,True,Research-generated IncentiveRewards mock,MyRewards Health Action Incentive,CARE_GAP_COMPLETION,USD
IR-MOCK00115-DIAB_A1C_TEST-20250717,MOCK00115,DIAB_A1C_TEST,2025-07-17,15.0,True,Research-generated IncentiveRewards mock,MyRewards Health Action Incentive,CARE_GAP_COMPLETION,USD
IR-MOCK00145-DIAB_A1C_TEST-20250730,MOCK00145,DIAB_A1C_TEST,2025-07-30,10.0,True,Research-generated IncentiveRewards mock,MyRewards Health Action Incentive,CARE_GAP_COMPLETION,USD
IR-MOCK00157-DIAB_A1C_TEST-20250715,MOCK00157,DIAB_A1C_TEST,2025-07-15,10.0,True,Research-generated IncentiveRewards mock,MyRewards Health Action Incentive,CARE_GAP_COMPLETION,USD
IR-MOCK00181-DIAB_A1C_TEST-20250717,MOCK00181,DIAB_A1C_TEST,2025-07-17,10.0,True,Research-generated IncentiveRewards mock,MyRewards Health Action Incentive,CARE_GAP_COMPLETION,USD
IR-MOCK00199-DIAB_A1C_TEST-20250721,MOCK00199,DIAB_A1C_TEST,2025-07-21,30.0,True,Research-generated IncentiveRewards mock,MyRewards Health Action Incentive,CARE_GAP_COMPLETION,USD
IR-MOCK00205-DIAB_A1C_TEST-20250803,MOCK00205,DIAB_A1C_TEST,2025-08-03,50.0,True,Research-generated IncentiveRewards mock,MyRewards Health Action Incentive,CARE_GAP_COMPLETION,USD
IR-MOCK00217-DIAB_A1C_TEST-20250802,MOCK00217,DIAB_A1C_TEST,2025-08-02,15.0,True,Research-generated IncentiveRewards mock,MyRewards Health Action Incentive,CARE_GAP_COMPLETION,USD
IR-MOCK00223-DIAB_A1C_TEST-20250801,MOCK00223,DIAB_A1C_TEST,2025-08-01,20.0,True,Research-generated IncentiveRewards mock,MyRewards Health Action Incentive,CARE_GAP_COMPLETION,USD
IR-MOCK00229-DIAB_A1C_TEST-20250710,MOCK00229,DIAB_A1C_TEST,2025-07-10,25.0,True,Research-generated IncentiveRewards mock,MyRewards Health Action Incentive,CARE_GAP_COMPLETION,USD
IR-MOCK00235-DIAB_A1C_TEST-20250724,MOCK00235,DIAB_A1C_TEST,2025-07-24,25.0,True,Research-generated IncentiveRewards mock,MyRewards Health Action Incentive,CARE_GAP_COMPLETION,USD
IR-MOCK00253-DIAB_A1C_TEST-20250727,MOCK00253,DIAB_A1C_TEST,2025-07-27,15.0,True,Research-generated IncentiveRewards mock,MyRewards Health Action Incentive,CARE_GAP_COMPLETION,USD
IR-MOCK00265-DIAB_A1C_TEST-20250702,MOCK00265,DIAB_A1C_TEST,2025-07-02,25.0,True,Research-generated IncentiveRewards mock,MyRewards Health Action Incentive,CARE_GAP_COMPLETION,USD
IR-MOCK00271-DIAB_A1C_TEST-20250806,MOCK00271,DIAB_A1C_TEST,2025-08-06,20.0,True,Research-generated IncentiveRewards mock,MyRewards Health Action Incentive,CARE_GAP_COMPLETION,USD
IR-MOCK00277-DIAB_A1C_TEST-20250717,MOCK00277,DIAB_A1C_TEST,2025-07-17,25.0,True,Research-generated IncentiveRewards mock,MyRewards Health Action Incentive,CARE_GAP_COMPLETION,USD
IR-MOCK00301-DIAB_A1C_TEST-20250729,MOCK00301,DIAB_A1C_TEST,2025-07-29,30.0,True,Research-generated IncentiveRewards mock,MyRewards Health Action Incentive,CARE_GAP_COMPLETION,USD
IR-MOCK00307-DIAB_A1C_TEST-20250707,MOCK00307,DIAB_A1C_TEST,2025-07-07,25.0,True,Research-generated IncentiveRewards mock,MyRewards Health Action Incentive,CARE_GAP_COMPLETION,USD
IR-MOCK00313-DIAB_A1C_TEST-20250714,MOCK00313,DIAB_A1C_TEST,2025-07-14,20.0,True,Research-generated IncentiveRewards mock,MyRewards Health Action Incentive,CARE_GAP_COMPLETION,USD
IR-MOCK00325-DIAB_A1C_TEST-20250719,MOCK00325,DIAB_A1C_TEST,2025-07-19,15.0,True,Research-generated IncentiveRewards mock,MyRewards Health Action Incentive,CARE_GAP_COMPLETION,USD
IR-MOCK00355-DIAB_A1C_TEST-20250726,MOCK00355,DIAB_A1C_TEST,2025-07-26,30.0,True,Research-generated IncentiveRewards mock,MyRewards Health Action Incentive,CARE_GAP_COMPLETION,USD
IR-MOCK00367-DIAB_A1C_TEST-20250729,MOCK00367,DIAB_A1C_TEST,2025-07-29,25.0,True,Research-generated IncentiveRewards mock,MyRewards Health Action Incentive,CARE_GAP_COMPLETION,USD
IR-MOCK00385-DIAB_A1C_TEST-20250716,MOCK00385,DIAB_A1C_TEST,2025-07-16,30.0,True,Research-generated IncentiveRewards mock,MyRewards Health Action Incentive,CARE_GAP_COMPLETION,USD
IR-MOCK00397-DIAB_A1C_TEST-20250804,MOCK00397,DIAB_A1C_TEST,2025-08-04,20.0,True,Research-generated IncentiveRewards mock,MyRewards Health Action Incentive,CARE_GAP_COMPLETION,USD
IR-MOCK00403-DIAB_A1C_TEST-20250714,MOCK00403,DIAB_A1C_TEST,2025-07-14,15.0,True,Research-generated IncentiveRewards mock,MyRewards Health Action Incentive,CARE_GAP_COMPLETION,USD
IR-MOCK00439-DIAB_A1C_TEST-20250705,MOCK00439,DIAB_A1C_TEST,2025-07-05,30.0,True,Research-generated IncentiveRewards mock,MyRewards Health Action Incentive,CARE_GAP_COMPLETION,USD
IR-MOCK00445-DIAB_A1C_TEST-20250726,MOCK00445,DIAB_A1C_TEST,2025-07-26,30.0,True,Research-generated IncentiveRewards mock,MyRewards Health Action Incentive,CARE_GAP_COMPLETION,USD
IR-MOCK00457-DIAB_A1C_TEST-20250712,MOCK00457,DIAB_A1C_TEST,2025-07-12,25.0,True,Research-generated IncentiveRewards mock,MyRewards Health Action Incentive,CARE_GAP_COMPLETION,USD
IR-MOCK00469-DIAB_A1C_TEST-20250722,MOCK00469,DIAB_A1C_TEST,2025-07-22,25.0,True,Research-generated IncentiveRewards mock,MyRewards Health Action Incentive,CARE_GAP_COMPLETION,USD
IR-MOCK00475-DIAB_A1C_TEST-20250726,MOCK00475,DIAB_A1C_TEST,2025-07-26,25.0,True,Research-generated IncentiveRewards mock,MyRewards Health Action Incentive,CARE_GAP_COMPLETION,USD
IR-MOCK00505-DIAB_A1C_TEST-20250724,MOCK00505,DIAB_A1C_TEST,2025-07-24,15.0,True,Research-generated IncentiveRewards mock,MyRewards Health Action Incentive,CARE_GAP_COMPLETION,USD
IR-MOCK00517-DIAB_A1C_TEST-20250703,MOCK00517,DIAB_A1C_TEST,2025-07-03,10.0,True,Research-generated IncentiveRewards mock,MyRewards Health Action Incentive,CARE_GAP_COMPLETION,USD
IR-MOCK00529-DIAB_A1C_TEST-20250729,MOCK00529,DIAB_A1C_TEST,2025-07-29,100.0,True,Research-generated IncentiveRewards mock,MyRewards Health Action Incentive,CARE_GAP_COMPLETION,USD
IR-MOCK00541-DIAB_A1C_TEST-20250716,MOCK00541,DIAB_A1C_TEST,2025-07-16,20.0,True,Research-generated IncentiveRewards mock,MyRewards Health Action Incentive,CARE_GAP_COMPLETION,USD
IR-MOCK00565-DIAB_A1C_TEST-20250804,MOCK00565,DIAB_A1C_TEST,2025-08-04,30.0,True,Research-generated IncentiveRewards mock,MyRewards Health Action Incentive,CARE_GAP_COMPLETION,USD
IR-MOCK00577-DIAB_A1C_TEST-20250709,MOCK00577,DIAB_A1C_TEST,2025-07-09,25.0,True,Research-generated IncentiveRewards mock,MyRewards Health Action Incentive,CARE_GAP_COMPLETION,USD
IR-MOCK00583-DIAB_A1C_TEST-20250726,MOCK00583,DIAB_A1C_TEST,2025-07-26,10.0,True,Research-generated IncentiveRewards mock,MyRewards Health Action Incentive,CARE_GAP_COMPLETION,USD
IR-MOCK00589-DIAB_A1C_TEST-20250724,MOCK00589,DIAB_A1C_TEST,2025-07-24,25.0,True,Research-generated IncentiveRewards mock,MyRewards Health Action Incentive,CARE_GAP_COMPLETION,USD
IR-MOCK00595-DIAB_A1C_TEST-20250705,MOCK00595,DIAB_A1C_TEST,2025-07-05,25.0,True,Research-generated IncentiveRewards mock,MyRewards Health Action Incentive,CARE_GAP_COMPLETION,USD
IR-MOCK00607-DIAB_A1C_TEST-20250707,MOCK00607,DIAB_A1C_TEST,2025-07-07,30.0,True,Research-generated IncentiveRewards mock,MyRewards Health Action Incentive,CARE_GAP_COMPLETION,USD
IR-MOCK00613-DIAB_A1C_TEST-20250731,MOCK00613,DIAB_A1C_TEST,2025-07-31,15.0,True,Research-generated IncentiveRewards mock,MyRewards Health Action Incentive,CARE_GAP_COMPLETION,USD
IR-MOCK00643-DIAB_A1C_TEST-20250725,MOCK00643,DIAB_A1C_TEST,2025-07-25,15.0,True,Research-generated IncentiveRewards mock,MyRewards Health Action Incentive,CARE_GAP_COMPLETION,USD
IR-MOCK00655-DIAB_A1C_TEST-20250727,MOCK00655,DIAB_A1C_TEST,2025-07-27,15.0,True,Research-generated IncentiveRewards mock,MyRewards Health Action Incentive,CARE_GAP_COMPLETION,USD
IR-MOCK00661-DIAB_A1C_TEST-20250710,MOCK00661,DIAB_A1C_TEST,2025-07-10,25.0,True,Research-generated IncentiveRewards mock,MyRewards Health Action Incentive,CARE_GAP_COMPLETION,USD
IR-MOCK00667-DIAB_A1C_TEST-20250730,MOCK00667,DIAB_A1C_TEST,2025-07-30,20.0,True,Research-generated IncentiveRewards mock,MyRewards Health Action Incentive,CARE_GAP_COMPLETION,USD
IR-MOCK00679-DIAB_A1C_TEST-20250717,MOCK00679,DIAB_A1C_TEST,2025-07-17,25.0,True,Research-generated IncentiveRewards mock,MyRewards Health Action Incentive,CARE_GAP_COMPLETION,USD
IR-MOCK00691-DIAB_A1C_TEST-20250722,MOCK00691,DIAB_A1C_TEST,2025-07-22,15.0,True,Research-generated IncentiveRewards mock,MyRewards Health Action Incentive,CARE_GAP_COMPLETION,USD
IR-MOCK00709-DIAB_A1C_TEST-20250709,MOCK00709,DIAB_A1C_TEST,2025-07-09,10.0,True,Research-generated IncentiveRewards mock,MyRewards Health Action Incentive,CARE_GAP_COMPLETION,USD
IR-MOCK00715-DIAB_A1C_TEST-20250704,MOCK00715,DIAB_A1C_TEST,2025-07-04,30.0,True,Research-generated IncentiveRewards mock,MyRewards Health Action Incentive,CARE_GAP_COMPLETION,USD
IR-MOCK00733-DIAB_A1C_TEST-20250725,MOCK00733,DIAB_A1C_TEST,2025-07-25,30.0,True,Research-generated IncentiveRewards mock,MyRewards Health Action Incentive,CARE_GAP_COMPLETION,USD
IR-MOCK00745-DIAB_A1C_TEST-20250802,MOCK00745,DIAB_A1C_TEST,2025-08-02,30.0,True,Research-generated IncentiveRewards mock,MyRewards Health Action Incentive,CARE_GAP_COMPLETION,USD
IR-MOCK00751-DIAB_A1C_TEST-20250722,MOCK00751,DIAB_A1C_TEST,2025-07-22,10.0,True,Research-generated IncentiveRewards mock,MyRewards Health Action Incentive,CARE_GAP_COMPLETION,USD
IR-MOCK00757-DIAB_A1C_TEST-20250703,MOCK00757,DIAB_A1C_TEST,2025-07-03,25.0,True,Research-generated IncentiveRewards mock,MyRewards Health Action Incentive,CARE_GAP_COMPLETION,USD
IR-MOCK00769-DIAB_A1C_TEST-20250722,MOCK00769,DIAB_A1C_TEST,2025-07-22,25.0,True,Research-generated IncentiveRewards mock,MyRewards Health Action Incentive,CARE_GAP_COMPLETION,USD
IR-MOCK00781-DIAB_A1C_TEST-20250722,MOCK00781,DIAB_A1C_TEST,2025-07-22,30.0,False,Research-generated IncentiveRewards mock,MyRewards Health Action Incentive,CARE_GAP_COMPLETION,USD
IR-MOCK00793-DIAB_A1C_TEST-20250703,MOCK00793,DIAB_A1C_TEST,2025-07-03,15.0,True,Research-generated IncentiveRewards mock,MyRewards Health Action Incentive,CARE_GAP_COMPLETION,USD
IR-MOCK00811-DIAB_A1C_TEST-20250711,MOCK00811,DIAB_A1C_TEST,2025-07-11,5.0,True,Research-generated IncentiveRewards mock,MyRewards Health Action Incentive,CARE_GAP_COMPLETION,USD
IR-MOCK00817-DIAB_A1C_TEST-20250723,MOCK00817,DIAB_A1C_TEST,2025-07-23,30.0,True,Research-generated IncentiveRewards mock,MyRewards Health Action Incentive,CARE_GAP_COMPLETION,USD
IR-MOCK00841-DIAB_A1C_TEST-20250807,MOCK00841,DIAB_A1C_TEST,2025-08-07,30.0,True,Research-generated IncentiveRewards mock,MyRewards Health Action Incentive,CARE_GAP_COMPLETION,USD
IR-MOCK00853-DIAB_A1C_TEST-20250710,MOCK00853,DIAB_A1C_TEST,2025-07-10,30.0,True,Research-generated IncentiveRewards mock,MyRewards Health Action Incentive,CARE_GAP_COMPLETION,USD
IR-MOCK00859-DIAB_A1C_TEST-20250715,MOCK00859,DIAB_A1C_TEST,2025-07-15,15.0,True,Research-generated IncentiveRewards mock,MyRewards Health Action Incentive,CARE_GAP_COMPLETION,USD
IR-MOCK00889-DIAB_A1C_TEST-20250801,MOCK00889,DIAB_A1C_TEST,2025-08-01,25.0,True,Research-generated IncentiveRewards mock,MyRewards Health Action Incentive,CARE_GAP_COMPLETION,USD
IR-MOCK00901-DIAB_A1C_TEST-20250802,MOCK00901,DIAB_A1C_TEST,2025-08-02,25.0,True,Research-generated IncentiveRewards mock,MyRewards Health Action Incentive,CARE_GAP_COMPLETION,USD
IR-MOCK00907-DIAB_A1C_TEST-20250710,MOCK00907,DIAB_A1C_TEST,2025-07-10,30.0,True,Research-generated IncentiveRewards mock,MyRewards Health Action Incentive,CARE_GAP_COMPLETION,USD
IR-MOCK00913-DIAB_A1C_TEST-20250804,MOCK00913,DIAB_A1C_TEST,2025-08-04,25.0,True,Research-generated IncentiveRewards mock,MyRewards Health Action Incentive,CARE_GAP_COMPLETION,USD
IR-MOCK00931-DIAB_A1C_TEST-20250725,MOCK00931,DIAB_A1C_TEST,2025-07-25,30.0,True,Research-generated IncentiveRewards mock,MyRewards Health Action Incentive,CARE_GAP_COMPLETION,USD
IR-MOCK00961-DIAB_A1C_TEST-20250807,MOCK00961,DIAB_A1C_TEST,2025-08-07,30.0,True,Research-generated IncentiveRewards mock,MyRewards Health Action Incentive,CARE_GAP_COMPLETION,USD
IR-MOCK00997-DIAB_A1C_TEST-20250712,MOCK00997,DIAB_A1C_TEST,2025-07-12,30.0,True,Research-generated IncentiveRewards mock,MyRewards Health Action Incentive,CARE_GAP_COMPLETION,USD
IR-MOCK01009-DIAB_A1C_TEST-20250713,MOCK01009,DIAB_A1C_TEST,2025-07-13,25.0,True,Research-generated IncentiveRewards mock,MyRewards Health Action Incentive,CARE_GAP_COMPLETION,USD
IR-MOCK01015-DIAB_A1C_TEST-20250630,MOCK01015,DIAB_A1C_TEST,2025-06-30,25.0,True,Research-generated IncentiveRewards mock,MyRewards Health Action Incentive,CARE_GAP_COMPLETION,USD
IR-MOCK01063-DIAB_A1C_TEST-20250706,MOCK01063,DIAB_A1C_TEST,2025-07-06,30.0,True,Research-generated IncentiveRewards mock,MyRewards Health Action Incentive,CARE_GAP_COMPLETION,USD
IR-MOCK01075-DIAB_A1C_TEST-20250719,MOCK01075,DIAB_A1C_TEST,2025-07-19,25.0,True,Research-generated IncentiveRewards mock,MyRewards Health Action Incentive,CARE_GAP_COMPLETION,USD
IR-MOCK01081-DIAB_A1C_TEST-20250805,MOCK01081,DIAB_A1C_TEST,2025-08-05,30.0,True,Research-generated IncentiveRewards mock,MyRewards Health Action Incentive,CARE_GAP_COMPLETION,USD
IR-MOCK01087-DIAB_A1C_TEST-20250705,MOCK01087,DIAB_A1C_TEST,2025-07-05,25.0,True,Research-generated IncentiveRewards mock,MyRewards Health Action Incentive,CARE_GAP_COMPLETION,USD
IR-MOCK01123-DIAB_A1C_TEST-20250714,MOCK01123,DIAB_A1C_TEST,2025-07-14,15.0,True,Research-generated IncentiveRewards mock,MyRewards Health Action Incentive,CARE_GAP_COMPLETION,USD
IR-MOCK01147-DIAB_A1C_TEST-20250724,MOCK01147,DIAB_A1C_TEST,2025-07-24,15.0,True,Research-generated IncentiveRewards mock,MyRewards Health Action Incentive,CARE_GAP_COMPLETION,USD
IR-MOCK01153-DIAB_A1C_TEST-20250723,MOCK01153,DIAB_A1C_TEST,2025-07-23,50.0,True,Research-generated IncentiveRewards mock,MyRewards Health Action Incentive,CARE_GAP_COMPLETION,USD
IR-MOCK01165-DIAB_A1C_TEST-20250806,MOCK01165,DIAB_A1C_TEST,2025-08-06,30.0,True,Research-generated IncentiveRewards mock,MyRewards Health Action Incentive,CARE_GAP_COMPLETION,USD
IR-MOCK01171-DIAB_A1C_TEST-20250703,MOCK01171,DIAB_A1C_TEST,2025-07-03,20.0,True,Research-generated IncentiveRewards mock,MyRewards Health Action Incentive,CARE_GAP_COMPLETION,USD
IR-MOCK01183-DIAB_A1C_TEST-20250704,MOCK01183,DIAB_A1C_TEST,2025-07-04,25.0,True,Research-generated IncentiveRewards mock,MyRewards Health Action Incentive,CARE_GAP_COMPLETION,USD
IR-MOCK01189-DIAB_A1C_TEST-20250713,MOCK01189,DIAB_A1C_TEST,2025-07-13,20.0,True,Research-generated IncentiveRewards mock,MyRewards Health Action Incentive,CARE_GAP_COMPLETION,USD
IR-MOCK01213-DIAB_A1C_TEST-20250719,MOCK01213,DIAB_A1C_TEST,2025-07-19,25.0,True,Research-generated IncentiveRewards mock,MyRewards Health Action Incentive,CARE_GAP_COMPLETION,USD
IR-MOCK01219-DIAB_A1C_TEST-20250727,MOCK01219,DIAB_A1C_TEST,2025-07-27,10.0,True,Research-generated IncentiveRewards mock,MyRewards Health Action Incentive,CARE_GAP_COMPLETION,USD
IR-MOCK01225-DIAB_A1C_TEST-20250717,MOCK01225,DIAB_A1C_TEST,2025-07-17,25.0,True,Research-generated IncentiveRewards mock,MyRewards Health Action Incentive,CARE_GAP_COMPLETION,USD
IR-MOCK01237-DIAB_A1C_TEST-20250729,MOCK01237,DIAB_A1C_TEST,2025-07-29,25.0,True,Research-generated IncentiveRewards mock,MyRewards Health Action Incentive,CARE_GAP_COMPLETION,USD
IR-MOCK01261-DIAB_A1C_TEST-20250710,MOCK01261,DIAB_A1C_TEST,2025-07-10,30.0,True,Research-generated IncentiveRewards mock,MyRewards Health Action Incentive,CARE_GAP_COMPLETION,USD
IR-MOCK01267-DIAB_A1C_TEST-20250727,MOCK01267,DIAB_A1C_TEST,2025-07-27,25.0,True,Research-generated IncentiveRewards mock,MyRewards Health Action Incentive,CARE_GAP_COMPLETION,USD
IR-MOCK01273-DIAB_A1C_TEST-20250730,MOCK01273,DIAB_A1C_TEST,2025-07-30,5.0,True,Research-generated IncentiveRewards mock,MyRewards Health Action Incentive,CARE_GAP_COMPLETION,USD
IR-MOCK01279-DIAB_A1C_TEST-20250717,MOCK01279,DIAB_A1C_TEST,2025-07-17,20.0,True,Research-generated IncentiveRewards mock,MyRewards Health Action Incentive,CARE_GAP_COMPLETION,USD
IR-MOCK01291-DIAB_A1C_TEST-20250710,MOCK01291,DIAB_A1C_TEST,2025-07-10,25.0,True,Research-generated IncentiveRewards mock,MyRewards Health Action Incentive,CARE_GAP_COMPLETION,USD
IR-MOCK01309-DIAB_A1C_TEST-20250717,MOCK01309,DIAB_A1C_TEST,2025-07-17,15.0,True,Research-generated IncentiveRewards mock,MyRewards Health Action Incentive,CARE_GAP_COMPLETION,USD
IR-MOCK01315-DIAB_A1C_TEST-20250804,MOCK01315,DIAB_A1C_TEST,2025-08-04,5.0,True,Research-generated IncentiveRewards mock,MyRewards Health Action Incentive,CARE_GAP_COMPLETION,USD
IR-MOCK01321-DIAB_A1C_TEST-20250704,MOCK01321,DIAB_A1C_TEST,2025-07-04,100.0,True,Research-generated IncentiveRewards mock,MyRewards Health Action Incentive,CARE_GAP_COMPLETION,USD
IR-MOCK01327-DIAB_A1C_TEST-20250717,MOCK01327,DIAB_A1C_TEST,2025-07-17,100.0,True,Research-generated IncentiveRewards mock,MyRewards Health Action Incentive,CARE_GAP_COMPLETION,USD
IR-MOCK01357-DIAB_A1C_TEST-20250731,MOCK01357,DIAB_A1C_TEST,2025-07-31,15.0,True,Research-generated IncentiveRewards mock,MyRewards Health Action Incentive,CARE_GAP_COMPLETION,USD
IR-MOCK01363-DIAB_A1C_TEST-20250722,MOCK01363,DIAB_A1C_TEST,2025-07-22,25.0,True,Research-generated IncentiveRewards mock,MyRewards Health Action Incentive,CARE_GAP_COMPLETION,USD
IR-MOCK01369-DIAB_A1C_TEST-20250721,MOCK01369,DIAB_A1C_TEST,2025-07-21,30.0,True,Research-generated IncentiveRewards mock,MyRewards Health Action Incentive,CARE_GAP_COMPLETION,USD
IR-MOCK01375-DIAB_A1C_TEST-20250706,MOCK01375,DIAB_A1C_TEST,2025-07-06,25.0,True,Research-generated IncentiveRewards mock,MyRewards Health Action Incentive,CARE_GAP_COMPLETION,USD
IR-MOCK01393-DIAB_A1C_TEST-20250630,MOCK01393,DIAB_A1C_TEST,2025-06-30,30.0,True,Research-generated IncentiveRewards mock,MyRewards Health Action Incentive,CARE_GAP_COMPLETION,USD
IR-MOCK01399-DIAB_A1C_TEST-20250729,MOCK01399,DIAB_A1C_TEST,2025-07-29,10.0,True,Research-generated IncentiveRewards mock,MyRewards Health Action Incentive,CARE_GAP_COMPLETION,USD
IR-MOCK01405-DIAB_A1C_TEST-20250719,MOCK01405,DIAB_A1C_TEST,2025-07-19,10.0,True,Research-generated IncentiveRewards mock,MyRewards Health Action Incentive,CARE_GAP_COMPLETION,USD
IR-MOCK01417-DIAB_A1C_TEST-20250725,MOCK01417,DIAB_A1C_TEST,2025-07-25,25.0,True,Research-generated IncentiveRewards mock,MyRewards Health Action Incentive,CARE_GAP_COMPLETION,USD
IR-MOCK01423-DIAB_A1C_TEST-20250716,MOCK01423,DIAB_A1C_TEST,2025-07-16,15.0,True,Research-generated IncentiveRewards mock,MyRewards Health Action Incentive,CARE_GAP_COMPLETION,USD
IR-MOCK01429-DIAB_A1C_TEST-20250712,MOCK01429,DIAB_A1C_TEST,2025-07-12,25.0,True,Research-generated IncentiveRewards mock,MyRewards Health Action Incentive,CARE_GAP_COMPLETION,USD
IR-MOCK01453-DIAB_A1C_TEST-20250703,MOCK01453,DIAB_A1C_TEST,2025-07-03,10.0,True,Research-generated IncentiveRewards mock,MyRewards Health Action Incentive,CARE_GAP_COMPLETION,USD
IR-MOCK01459-DIAB_A1C_TEST-20250725,MOCK01459,DIAB_A1C_TEST,2025-07-25,1.0,True,Research-generated IncentiveRewards mock,MyRewards Health Action Incentive,CARE_GAP_COMPLETION,USD
IR-MOCK01471-DIAB_A1C_TEST-20250703,MOCK01471,DIAB_A1C_TEST,2025-07-03,25.0,True,Research-generated IncentiveRewards mock,MyRewards Health Action Incentive,CARE_GAP_COMPLETION,USD
IR-MOCK01477-DIAB_A1C_TEST-20250729,MOCK01477,DIAB_A1C_TEST,2025-07-29,10.0,True,Research-generated IncentiveRewards mock,MyRewards Health Action Incentive,CARE_GAP_COMPLETION,USD
IR-MOCK01489-DIAB_A1C_TEST-20250730,MOCK01489,DIAB_A1C_TEST,2025-07-30,20.0,True,Research-generated IncentiveRewards mock,MyRewards Health Action Incentive,CARE_GAP_COMPLETION,USD
IR-MOCK01495-DIAB_A1C_TEST-20250701,MOCK01495,DIAB_A1C_TEST,2025-07-01,25.0,True,Research-generated IncentiveRewards mock,MyRewards Health Action Incentive,CARE_GAP_COMPLETION,USD
IR-MOCK01513-DIAB_A1C_TEST-20250707,MOCK01513,DIAB_A1C_TEST,2025-07-07,15.0,True,Research-generated IncentiveRewards mock,MyRewards Health Action Incentive,CARE_GAP_COMPLETION,USD
IR-MOCK01519-DIAB_A1C_TEST-20250712,MOCK01519,DIAB_A1C_TEST,2025-07-12,25.0,True,Research-generated IncentiveRewards mock,MyRewards Health Action Incentive,CARE_GAP_COMPLETION,USD
IR-MOCK01531-DIAB_A1C_TEST-20250705,MOCK01531,DIAB_A1C_TEST,2025-07-05,25.0,True,Research-generated IncentiveRewards mock,MyRewards Health Action Incentive,CARE_GAP_COMPLETION,USD
IR-MOCK01537-DIAB_A1C_TEST-20250726,MOCK01537,DIAB_A1C_TEST,2025-07-26,5.0,True,Research-generated IncentiveRewards mock,MyRewards Health Action Incentive,CARE_GAP_COMPLETION,USD
IR-MOCK01561-DIAB_A1C_TEST-20250730,MOCK01561,DIAB_A1C_TEST,2025-07-30,10.0,True,Research-generated IncentiveRewards mock,MyRewards Health Action Incentive,CARE_GAP_COMPLETION,USD
IR-MOCK01567-DIAB_A1C_TEST-20250706,MOCK01567,DIAB_A1C_TEST,2025-07-06,10.0,True,Research-generated IncentiveRewards mock,MyRewards Health Action Incentive,CARE_GAP_COMPLETION,USD
IR-MOCK01585-DIAB_A1C_TEST-20250807,MOCK01585,DIAB_A1C_TEST,2025-08-07,10.0,True,Research-generated IncentiveRewards mock,MyRewards Health Action Incentive,CARE_GAP_COMPLETION,USD
IR-MOCK01597-DIAB_A1C_TEST-20250717,MOCK01597,DIAB_A1C_TEST,2025-07-17,30.0,True,Research-generated IncentiveRewards mock,MyRewards Health Action Incentive,CARE_GAP_COMPLETION,USD
IR-MOCK01615-DIAB_A1C_TEST-20250723,MOCK01615,DIAB_A1C_TEST,2025-07-23,10.0,True,Research-generated IncentiveRewards mock,MyRewards Health Action Incentive,CARE_GAP_COMPLETION,USD
IR-MOCK01633-DIAB_A1C_TEST-20250705,MOCK01633,DIAB_A1C_TEST,2025-07-05,30.0,True,Research-generated IncentiveRewards mock,MyRewards Health Action Incentive,CARE_GAP_COMPLETION,USD
IR-MOCK01639-DIAB_A1C_TEST-20250806,MOCK01639,DIAB_A1C_TEST,2025-08-06,20.0,True,Research-generated IncentiveRewards mock,MyRewards Health Action Incentive,CARE_GAP_COMPLETION,USD
IR-MOCK01651-DIAB_A1C_TEST-20250718,MOCK01651,DIAB_A1C_TEST,2025-07-18,100.0,True,Research-generated IncentiveRewards mock,MyRewards Health Action Incentive,CARE_GAP_COMPLETION,USD
IR-MOCK01657-DIAB_A1C_TEST-20250718,MOCK01657,DIAB_A1C_TEST,2025-07-18,30.0,True,Research-generated IncentiveRewards mock,MyRewards Health Action Incentive,CARE_GAP_COMPLETION,USD
IR-MOCK01663-DIAB_A1C_TEST-20250730,MOCK01663,DIAB_A1C_TEST,2025-07-30,20.0,True,Research-generated IncentiveRewards mock,MyRewards Health Action Incentive,CARE_GAP_COMPLETION,USD
IR-MOCK01675-DIAB_A1C_TEST-20250703,MOCK01675,DIAB_A1C_TEST,2025-07-03,10.0,True,Research-generated IncentiveRewards mock,MyRewards Health Action Incentive,CARE_GAP_COMPLETION,USD
IR-MOCK01687-DIAB_A1C_TEST-20250718,MOCK01687,DIAB_A1C_TEST,2025-07-18,30.0,True,Research-generated IncentiveRewards mock,MyRewards Health Action Incentive,CARE_GAP_COMPLETION,USD
IR-MOCK01693-DIAB_A1C_TEST-20250726,MOCK01693,DIAB_A1C_TEST,2025-07-26,20.0,True,Research-generated IncentiveRewards mock,MyRewards Health Action Incentive,CARE_GAP_COMPLETION,USD
IR-MOCK01705-DIAB_A1C_TEST-20250717,MOCK01705,DIAB_A1C_TEST,2025-07-17,20.0,True,Research-generated IncentiveRewards mock,MyRewards Health Action Incentive,CARE_GAP_COMPLETION,USD
IR-MOCK01711-DIAB_A1C_TEST-20250805,MOCK01711,DIAB_A1C_TEST,2025-08-05,20.0,True,Research-generated IncentiveRewards mock,MyRewards Health Action Incentive,CARE_GAP_COMPLETION,USD
IR-MOCK01717-DIAB_A1C_TEST-20250706,MOCK01717,DIAB_A1C_TEST,2025-07-06,30.0,True,Research-generated IncentiveRewards mock,MyRewards Health Action Incentive,CARE_GAP_COMPLETION,USD
IR-MOCK01729-DIAB_A1C_TEST-20250721,MOCK01729,DIAB_A1C_TEST,2025-07-21,30.0,True,Research-generated IncentiveRewards mock,MyRewards Health Action Incentive,CARE_GAP_COMPLETION,USD
IR-MOCK01735-DIAB_A1C_TEST-20250718,MOCK01735,DIAB_A1C_TEST,2025-07-18,20.0,True,Research-generated IncentiveRewards mock,MyRewards Health Action Incentive,CARE_GAP_COMPLETION,USD
IR-MOCK01741-DIAB_A1C_TEST-20250731,MOCK01741,DIAB_A1C_TEST,2025-07-31,20.0,True,Research-generated IncentiveRewards mock,MyRewards Health Action Incentive,CARE_GAP_COMPLETION,USD
IR-MOCK01747-DIAB_A1C_TEST-20250710,MOCK01747,DIAB_A1C_TEST,2025-07-10,25.0,True,Research-generated IncentiveRewards mock,MyRewards Health Action Incentive,CARE_GAP_COMPLETION,USD
IR-MOCK01753-DIAB_A1C_TEST-20250806,MOCK01753,DIAB_A1C_TEST,2025-08-06,15.0,True,Research-generated IncentiveRewards mock,MyRewards Health Action Incentive,CARE_GAP_COMPLETION,USD
IR-MOCK01765-DIAB_A1C_TEST-20250721,MOCK01765,DIAB_A1C_TEST,2025-07-21,30.0,True,Research-generated IncentiveRewards mock,MyRewards Health Action Incentive,CARE_GAP_COMPLETION,USD
IR-MOCK01771-DIAB_A1C_TEST-20250720,MOCK01771,DIAB_A1C_TEST,2025-07-20,15.0,True,Research-generated IncentiveRewards mock,MyRewards Health Action Incentive,CARE_GAP_COMPLETION,USD
IR-MOCK01789-DIAB_A1C_TEST-20250711,MOCK01789,DIAB_A1C_TEST,2025-07-11,20.0,True,Research-generated IncentiveRewards mock,MyRewards Health Action Incentive,CARE_GAP_COMPLETION,USD
IR-MOCK01795-DIAB_A1C_TEST-20250630,MOCK01795,DIAB_A1C_TEST,2025-06-30,15.0,True,Research-generated IncentiveRewards mock,MyRewards Health Action Incentive,CARE_GAP_COMPLETION,USD
IR-MOCK01801-DIAB_A1C_TEST-20250714,MOCK01801,DIAB_A1C_TEST,2025-07-14,25.0,True,Research-generated IncentiveRewards mock,MyRewards Health Action Incentive,CARE_GAP_COMPLETION,USD
IR-MOCK01813-DIAB_A1C_TEST-20250630,MOCK01813,DIAB_A1C_TEST,2025-06-30,25.0,True,Research-generated IncentiveRewards mock,MyRewards Health Action Incentive,CARE_GAP_COMPLETION,USD
IR-MOCK01819-DIAB_A1C_TEST-20250803,MOCK01819,DIAB_A1C_TEST,2025-08-03,30.0,True,Research-generated IncentiveRewards mock,MyRewards Health Action Incentive,CARE_GAP_COMPLETION,USD
IR-MOCK01825-DIAB_A1C_TEST-20250721,MOCK01825,DIAB_A1C_TEST,2025-07-21,25.0,True,Research-generated IncentiveRewards mock,MyRewards Health Action Incentive,CARE_GAP_COMPLETION,USD
IR-MOCK01831-DIAB_A1C_TEST-20250705,MOCK01831,DIAB_A1C_TEST,2025-07-05,30.0,True,Research-generated IncentiveRewards mock,MyRewards Health Action Incentive,CARE_GAP_COMPLETION,USD
IR-MOCK01837-DIAB_A1C_TEST-20250711,MOCK01837,DIAB_A1C_TEST,2025-07-11,15.0,True,Research-generated IncentiveRewards mock,MyRewards Health Action Incentive,CARE_GAP_COMPLETION,USD
IR-MOCK01843-DIAB_A1C_TEST-20250721,MOCK01843,DIAB_A1C_TEST,2025-07-21,10.0,True,Research-generated IncentiveRewards mock,MyRewards Health Action Incentive,CARE_GAP_COMPLETION,USD
IR-MOCK01873-DIAB_A1C_TEST-20250704,MOCK01873,DIAB_A1C_TEST,2025-07-04,15.0,True,Research-generated IncentiveRewards mock,MyRewards Health Action Incentive,CARE_GAP_COMPLETION,USD
IR-MOCK01903-DIAB_A1C_TEST-20250728,MOCK01903,DIAB_A1C_TEST,2025-07-28,25.0,True,Research-generated IncentiveRewards mock,MyRewards Health Action Incentive,CARE_GAP_COMPLETION,USD
IR-MOCK01909-DIAB_A1C_TEST-20250805,MOCK01909,DIAB_A1C_TEST,2025-08-05,10.0,True,Research-generated IncentiveRewards mock,MyRewards Health Action Incentive,CARE_GAP_COMPLETION,USD
IR-MOCK01915-DIAB_A1C_TEST-20250729,MOCK01915,DIAB_A1C_TEST,2025-07-29,30.0,True,Research-generated IncentiveRewards mock,MyRewards Health Action Incentive,CARE_GAP_COMPLETION,USD
IR-MOCK01921-DIAB_A1C_TEST-20250712,MOCK01921,DIAB_A1C_TEST,2025-07-12,100.0,True,Research-generated IncentiveRewards mock,MyRewards Health Action Incentive,CARE_GAP_COMPLETION,USD
IR-MOCK01933-DIAB_A1C_TEST-20250723,MOCK01933,DIAB_A1C_TEST,2025-07-23,15.0,True,Research-generated IncentiveRewards mock,MyRewards Health Action Incentive,CARE_GAP_COMPLETION,USD
IR-MOCK01939-DIAB_A1C_TEST-20250804,MOCK01939,DIAB_A1C_TEST,2025-08-04,25.0,True,Research-generated IncentiveRewards mock,MyRewards Health Action Incentive,CARE_GAP_COMPLETION,USD
IR-MOCK01963-DIAB_A1C_TEST-20250701,MOCK01963,DIAB_A1C_TEST,2025-07-01,25.0,True,Research-generated IncentiveRewards mock,MyRewards Health Action Incentive,CARE_GAP_COMPLETION,USD
IR-MOCK01999-DIAB_A1C_TEST-20250801,MOCK01999,DIAB_A1C_TEST,2025-08-01,15.0,True,Research-generated IncentiveRewards mock,MyRewards Health Action Incentive,CARE_GAP_COMPLETION,USD
IR-MOCK02017-DIAB_A1C_TEST-20250806,MOCK02017,DIAB_A1C_TEST,2025-08-06,25.0,True,Research-generated IncentiveRewards mock,MyRewards Health Action Incentive,CARE_GAP_COMPLETION,USD
IR-MOCK02023-DIAB_A1C_TEST-20250712,MOCK02023,DIAB_A1C_TEST,2025-07-12,10.0,True,Research-generated IncentiveRewards mock,MyRewards Health Action Incentive,CARE_GAP_COMPLETION,USD
IR-MOCK02029-DIAB_A1C_TEST-20250707,MOCK02029,DIAB_A1C_TEST,2025-07-07,15.0,True,Research-generated IncentiveRewards mock,MyRewards Health Action Incentive,CARE_GAP_COMPLETION,USD
IR-MOCK02035-DIAB_A1C_TEST-20250806,MOCK02035,DIAB_A1C_TEST,2025-08-06,25.0,True,Research-generated IncentiveRewards mock,MyRewards Health Action Incentive,CARE_GAP_COMPLETION,USD
IR-MOCK02053-DIAB_A1C_TEST-20250724,MOCK02053,DIAB_A1C_TEST,2025-07-24,15.0,True,Research-generated IncentiveRewards mock,MyRewards Health Action Incentive,CARE_GAP_COMPLETION,USD
IR-MOCK02059-DIAB_A1C_TEST-20250720,MOCK02059,DIAB_A1C_TEST,2025-07-20,30.0,True,Research-generated IncentiveRewards mock,MyRewards Health Action Incentive,CARE_GAP_COMPLETION,USD
IR-MOCK02065-DIAB_A1C_TEST-20250804,MOCK02065,DIAB_A1C_TEST,2025-08-04,30.0,True,Research-generated IncentiveRewards mock,MyRewards Health Action Incentive,CARE_GAP_COMPLETION,USD
IR-MOCK02071-DIAB_A1C_TEST-20250709,MOCK02071,DIAB_A1C_TEST,2025-07-09,5.0,True,Research-generated IncentiveRewards mock,MyRewards Health Action Incentive,CARE_GAP_COMPLETION,USD
IR-MOCK02095-DIAB_A1C_TEST-20250706,MOCK02095,DIAB_A1C_TEST,2025-07-06,25.0,True,Research-generated IncentiveRewards mock,MyRewards Health Action Incentive,CARE_GAP_COMPLETION,USD
IR-MOCK02113-DIAB_A1C_TEST-20250711,MOCK02113,DIAB_A1C_TEST,2025-07-11,30.0,True,Research-generated IncentiveRewards mock,MyRewards Health Action Incentive,CARE_GAP_COMPLETION,USD
IR-MOCK02137-DIAB_A1C_TEST-20250705,MOCK02137,DIAB_A1C_TEST,2025-07-05,25.0,True,Research-generated IncentiveRewards mock,MyRewards Health Action Incentive,CARE_GAP_COMPLETION,USD
IR-MOCK02143-DIAB_A1C_TEST-20250803,MOCK02143,DIAB_A1C_TEST,2025-08-03,100.0,True,Research-generated IncentiveRewards mock,MyRewards Health Action Incentive,CARE_GAP_COMPLETION,USD
IR-MOCK02155-DIAB_A1C_TEST-20250729,MOCK02155,DIAB_A1C_TEST,2025-07-29,30.0,True,Research-generated IncentiveRewards mock,MyRewards Health Action Incentive,CARE_GAP_COMPLETION,USD
IR-MOCK02161-DIAB_A1C_TEST-20250801,MOCK02161,DIAB_A1C_TEST,2025-08-01,30.0,True,Research-generated IncentiveRewards mock,MyRewards Health Action Incentive,CARE_GAP_COMPLETION,USD
IR-MOCK02173-DIAB_A1C_TEST-20250708,MOCK02173,DIAB_A1C_TEST,2025-07-08,20.0,True,Research-generated IncentiveRewards mock,MyRewards Health Action Incentive,CARE_GAP_COMPLETION,USD
IR-MOCK02209-DIAB_A1C_TEST-20250630,MOCK02209,DIAB_A1C_TEST,2025-06-30,100.0,True,Research-generated IncentiveRewards mock,MyRewards Health Action Incentive,CARE_GAP_COMPLETION,USD
IR-MOCK02215-DIAB_A1C_TEST-20250730,MOCK02215,DIAB_A1C_TEST,2025-07-30,15.0,True,Research-generated IncentiveRewards mock,MyRewards Health Action Incentive,CARE_GAP_COMPLETION,USD
IR-MOCK02227-DIAB_A1C_TEST-20250725,MOCK02227,DIAB_A1C_TEST,2025-07-25,20.0,True,Research-generated IncentiveRewards mock,MyRewards Health Action Incentive,CARE_GAP_COMPLETION,USD
IR-MOCK02233-DIAB_A1C_TEST-20250715,MOCK02233,DIAB_A1C_TEST,2025-07-15,1.0,True,Research-generated IncentiveRewards mock,MyRewards Health Action Incentive,CARE_GAP_COMPLETION,USD
IR-MOCK02239-DIAB_A1C_TEST-20250714,MOCK02239,DIAB_A1C_TEST,2025-07-14,20.0,True,Research-generated IncentiveRewards mock,MyRewards Health Action Incentive,CARE_GAP_COMPLETION,USD
IR-MOCK02251-DIAB_A1C_TEST-20250703,MOCK02251,DIAB_A1C_TEST,2025-07-03,100.0,True,Research-generated IncentiveRewards mock,MyRewards Health Action Incentive,CARE_GAP_COMPLETION,USD
IR-MOCK02263-DIAB_A1C_TEST-20250729,MOCK02263,DIAB_A1C_TEST,2025-07-29,25.0,True,Research-generated IncentiveRewards mock,MyRewards Health Action Incentive,CARE_GAP_COMPLETION,USD
IR-MOCK02275-DIAB_A1C_TEST-20250710,MOCK02275,DIAB_A1C_TEST,2025-07-10,30.0,True,Research-generated IncentiveRewards mock,MyRewards Health Action Incentive,CARE_GAP_COMPLETION,USD
IR-MOCK02281-DIAB_A1C_TEST-20250630,MOCK02281,DIAB_A1C_TEST,2025-06-30,25.0,True,Research-generated IncentiveRewards mock,MyRewards Health Action Incentive,CARE_GAP_COMPLETION,USD
IR-MOCK02299-DIAB_A1C_TEST-20250709,MOCK02299,DIAB_A1C_TEST,2025-07-09,20.0,True,Research-generated IncentiveRewards mock,MyRewards Health Action Incentive,CARE_GAP_COMPLETION,USD
IR-MOCK02305-DIAB_A1C_TEST-20250701,MOCK02305,DIAB_A1C_TEST,2025-07-01,15.0,True,Research-generated IncentiveRewards mock,MyRewards Health Action Incentive,CARE_GAP_COMPLETION,USD
IR-MOCK02311-DIAB_A1C_TEST-20250704,MOCK02311,DIAB_A1C_TEST,2025-07-04,25.0,True,Research-generated IncentiveRewards mock,MyRewards Health Action Incentive,CARE_GAP_COMPLETION,USD
IR-MOCK02317-DIAB_A1C_TEST-20250702,MOCK02317,DIAB_A1C_TEST,2025-07-02,100.0,True,Research-generated IncentiveRewards mock,MyRewards Health Action Incentive,CARE_GAP_COMPLETION,USD
IR-MOCK02329-DIAB_A1C_TEST-20250803,MOCK02329,DIAB_A1C_TEST,2025-08-03,30.0,True,Research-generated IncentiveRewards mock,MyRewards Health Action Incentive,CARE_GAP_COMPLETION,USD
IR-MOCK02341-DIAB_A1C_TEST-20250729,MOCK02341,DIAB_A1C_TEST,2025-07-29,15.0,True,Research-generated IncentiveRewards mock,MyRewards Health Action Incentive,CARE_GAP_COMPLETION,USD
IR-MOCK02353-DIAB_A1C_TEST-20250714,MOCK02353,DIAB_A1C_TEST,2025-07-14,1.0,True,Research-generated IncentiveRewards mock,MyRewards Health Action Incentive,CARE_GAP_COMPLETION,USD
IR-MOCK02365-DIAB_A1C_TEST-20250728,MOCK02365,DIAB_A1C_TEST,2025-07-28,15.0,True,Research-generated IncentiveRewards mock,MyRewards Health Action Incentive,CARE_GAP_COMPLETION,USD
IR-MOCK02389-DIAB_A1C_TEST-20250710,MOCK02389,DIAB_A1C_TEST,2025-07-10,10.0,True,Research-generated IncentiveRewards mock,MyRewards Health Action Incentive,CARE_GAP_COMPLETION,USD
IR-MOCK02395-DIAB_A1C_TEST-20250712,MOCK02395,DIAB_A1C_TEST,2025-07-12,5.0,True,Research-generated IncentiveRewards mock,MyRewards Health Action Incentive,CARE_GAP_COMPLETION,USD
IR-MOCK02401-DIAB_A1C_TEST-20250807,MOCK02401,DIAB_A1C_TEST,2025-08-07,30.0,True,Research-generated IncentiveRewards mock,MyRewards Health Action Incentive,CARE_GAP_COMPLETION,USD
IR-MOCK02407-DIAB_A1C_TEST-20250730,MOCK02407,DIAB_A1C_TEST,2025-07-30,15.0,True,Research-generated IncentiveRewards mock,MyRewards Health Action Incentive,CARE_GAP_COMPLETION,USD
IR-MOCK02437-DIAB_A1C_TEST-20250716,MOCK02437,DIAB_A1C_TEST,2025-07-16,30.0,True,Research-generated IncentiveRewards mock,MyRewards Health Action Incentive,CARE_GAP_COMPLETION,USD
IR-MOCK02443-DIAB_A1C_TEST-20250705,MOCK02443,DIAB_A1C_TEST,2025-07-05,25.0,True,Research-generated IncentiveRewards mock,MyRewards Health Action Incentive,CARE_GAP_COMPLETION,USD
IR-MOCK02455-DIAB_A1C_TEST-20250630,MOCK02455,DIAB_A1C_TEST,2025-06-30,20.0,False,Research-generated IncentiveRewards mock,MyRewards Health Action Incentive,CARE_GAP_COMPLETION,USD
IR-MOCK02461-DIAB_A1C_TEST-20250706,MOCK02461,DIAB_A1C_TEST,2025-07-06,10.0,True,Research-generated IncentiveRewards mock,MyRewards Health Action Incentive,CARE_GAP_COMPLETION,USD
IR-MOCK02485-DIAB_A1C_TEST-20250630,MOCK02485,DIAB_A1C_TEST,2025-06-30,10.0,True,Research-generated IncentiveRewards mock,MyRewards Health Action Incentive,CARE_GAP_COMPLETION,USD
IR-MOCK02497-DIAB_A1C_TEST-20250806,MOCK02497,DIAB_A1C_TEST,2025-08-06,100.0,True,Research-generated IncentiveRewards mock,MyRewards Health Action Incentive,CARE_GAP_COMPLETION,USD
IR-MOCK02503-DIAB_A1C_TEST-20250704,MOCK02503,DIAB_A1C_TEST,2025-07-04,15.0,True,Research-generated IncentiveRewards mock,MyRewards Health Action Incentive,CARE_GAP_COMPLETION,USD
IR-MOCK02509-DIAB_A1C_TEST-20250711,MOCK02509,DIAB_A1C_TEST,2025-07-11,20.0,True,Research-generated IncentiveRewards mock,MyRewards Health Action Incentive,CARE_GAP_COMPLETION,USD
IR-MOCK02533-DIAB_A1C_TEST-20250729,MOCK02533,DIAB_A1C_TEST,2025-07-29,20.0,True,Research-generated IncentiveRewards mock,MyRewards Health Action Incentive,CARE_GAP_COMPLETION,USD
IR-MOCK02545-DIAB_A1C_TEST-20250716,MOCK02545,DIAB_A1C_TEST,2025-07-16,15.0,True,Research-generated IncentiveRewards mock,MyRewards Health Action Incentive,CARE_GAP_COMPLETION,USD
IR-MOCK02557-DIAB_A1C_TEST-20250802,MOCK02557,DIAB_A1C_TEST,2025-08-02,25.0,True,Research-generated IncentiveRewards mock,MyRewards Health Action Incentive,CARE_GAP_COMPLETION,USD
IR-MOCK02563-DIAB_A1C_TEST-20250731,MOCK02563,DIAB_A1C_TEST,2025-07-31,5.0,True,Research-generated IncentiveRewards mock,MyRewards Health Action Incentive,CARE_GAP_COMPLETION,USD
IR-MOCK02587-DIAB_A1C_TEST-20250728,MOCK02587,DIAB_A1C_TEST,2025-07-28,15.0,True,Research-generated IncentiveRewards mock,MyRewards Health Action Incentive,CARE_GAP_COMPLETION,USD
IR-MOCK02599-DIAB_A1C_TEST-20250705,MOCK02599,DIAB_A1C_TEST,2025-07-05,15.0,True,Research-generated IncentiveRewards mock,MyRewards Health Action Incentive,CARE_GAP_COMPLETION,USD
IR-MOCK02605-DIAB_A1C_TEST-20250716,MOCK02605,DIAB_A1C_TEST,2025-07-16,15.0,True,Research-generated IncentiveRewards mock,MyRewards Health Action Incentive,CARE_GAP_COMPLETION,USD
IR-MOCK02617-DIAB_A1C_TEST-20250722,MOCK02617,DIAB_A1C_TEST,2025-07-22,25.0,True,Research-generated IncentiveRewards mock,MyRewards Health Action Incentive,CARE_GAP_COMPLETION,USD
IR-MOCK02629-DIAB_A1C_TEST-20250703,MOCK02629,DIAB_A1C_TEST,2025-07-03,30.0,True,Research-generated IncentiveRewards mock,MyRewards Health Action Incentive,CARE_GAP_COMPLETION,USD
IR-MOCK02635-DIAB_A1C_TEST-20250715,MOCK02635,DIAB_A1C_TEST,2025-07-15,25.0,True,Research-generated IncentiveRewards mock,MyRewards Health Action Incentive,CARE_GAP_COMPLETION,USD
IR-MOCK02647-DIAB_A1C_TEST-20250711,MOCK02647,DIAB_A1C_TEST,2025-07-11,30.0,True,Research-generated IncentiveRewards mock,MyRewards Health Action Incentive,CARE_GAP_COMPLETION,USD
IR-MOCK02665-DIAB_A1C_TEST-20250719,MOCK02665,DIAB_A1C_TEST,2025-07-19,20.0,True,Research-generated IncentiveRewards mock,MyRewards Health Action Incentive,CARE_GAP_COMPLETION,USD
IR-MOCK02677-DIAB_A1C_TEST-20250712,MOCK02677,DIAB_A1C_TEST,2025-07-12,25.0,True,Research-generated IncentiveRewards mock,MyRewards Health Action Incentive,CARE_GAP_COMPLETION,USD
IR-MOCK02683-DIAB_A1C_TEST-20250806,MOCK02683,DIAB_A1C_TEST,2025-08-06,15.0,True,Research-generated IncentiveRewards mock,MyRewards Health Action Incentive,CARE_GAP_COMPLETION,USD
IR-MOCK02689-DIAB_A1C_TEST-20250720,MOCK02689,DIAB_A1C_TEST,2025-07-20,25.0,True,Research-generated IncentiveRewards mock,MyRewards Health Action Incentive,CARE_GAP_COMPLETION,USD
IR-MOCK02719-DIAB_A1C_TEST-20250630,MOCK02719,DIAB_A1C_TEST,2025-06-30,100.0,True,Research-generated IncentiveRewards mock,MyRewards Health Action Incentive,CARE_GAP_COMPLETION,USD
IR-MOCK02755-DIAB_A1C_TEST-20250704,MOCK02755,DIAB_A1C_TEST,2025-07-04,30.0,True,Research-generated IncentiveRewards mock,MyRewards Health Action Incentive,CARE_GAP_COMPLETION,USD
IR-MOCK02779-DIAB_A1C_TEST-20250716,MOCK02779,DIAB_A1C_TEST,2025-07-16,15.0,True,Research-generated IncentiveRewards mock,MyRewards Health Action Incentive,CARE_GAP_COMPLETION,USD
IR-MOCK02791-DIAB_A1C_TEST-20250806,MOCK02791,DIAB_A1C_TEST,2025-08-06,25.0,True,Research-generated IncentiveRewards mock,MyRewards Health Action Incentive,CARE_GAP_COMPLETION,USD
IR-MOCK02809-DIAB_A1C_TEST-20250707,MOCK02809,DIAB_A1C_TEST,2025-07-07,25.0,True,Research-generated IncentiveRewards mock,MyRewards Health Action Incentive,CARE_GAP_COMPLETION,USD
IR-MOCK02821-DIAB_A1C_TEST-20250728,MOCK02821,DIAB_A1C_TEST,2025-07-28,15.0,True,Research-generated IncentiveRewards mock,MyRewards Health Action Incentive,CARE_GAP_COMPLETION,USD
IR-MOCK02839-DIAB_A1C_TEST-20250718,MOCK02839,DIAB_A1C_TEST,2025-07-18,20.0,True,Research-generated IncentiveRewards mock,MyRewards Health Action Incentive,CARE_GAP_COMPLETION,USD
IR-MOCK02851-DIAB_A1C_TEST-20250730,MOCK02851,DIAB_A1C_TEST,2025-07-30,25.0,True,Research-generated IncentiveRewards mock,MyRewards Health Action Incentive,CARE_GAP_COMPLETION,USD
IR-MOCK02869-DIAB_A1C_TEST-20250725,MOCK02869,DIAB_A1C_TEST,2025-07-25,20.0,True,Research-generated IncentiveRewards mock,MyRewards Health Action Incentive,CARE_GAP_COMPLETION,USD
IR-MOCK02911-DIAB_A1C_TEST-20250709,MOCK02911,DIAB_A1C_TEST,2025-07-09,25.0,True,Research-generated IncentiveRewards mock,MyRewards Health Action Incentive,CARE_GAP_COMPLETION,USD
IR-MOCK02917-DIAB_A1C_TEST-20250713,MOCK02917,DIAB_A1C_TEST,2025-07-13,100.0,True,Research-generated IncentiveRewards mock,MyRewards Health Action Incentive,CARE_GAP_COMPLETION,USD
IR-MOCK02929-DIAB_A1C_TEST-20250729,MOCK02929,DIAB_A1C_TEST,2025-07-29,30.0,True,Research-generated IncentiveRewards mock,MyRewards Health Action Incentive,CARE_GAP_COMPLETION,USD
IR-MOCK02941-DIAB_A1C_TEST-20250805,MOCK02941,DIAB_A1C_TEST,2025-08-05,25.0,True,Research-generated IncentiveRewards mock,MyRewards Health Action Incentive,CARE_GAP_COMPLETION,USD
IR-MOCK02959-DIAB_A1C_TEST-20250723,MOCK02959,DIAB_A1C_TEST,2025-07-23,30.0,True,Research-generated IncentiveRewards mock,MyRewards Health Action Incentive,CARE_GAP_COMPLETION,USD
IR-MOCK02965-DIAB_A1C_TEST-20250711,MOCK02965,DIAB_A1C_TEST,2025-07-11,100.0,True,Research-generated IncentiveRewards mock,MyRewards Health Action Incentive,CARE_GAP_COMPLETION,USD
IR-MOCK02971-DIAB_A1C_TEST-20250716,MOCK02971,DIAB_A1C_TEST,2025-07-16,15.0,True,Research-generated IncentiveRewards mock,MyRewards Health Action Incentive,CARE_GAP_COMPLETION,USD
IR-MOCK03001-DIAB_A1C_TEST-20250704,MOCK03001,DIAB_A1C_TEST,2025-07-04,15.0,True,Research-generated IncentiveRewards mock,MyRewards Health Action Incentive,CARE_GAP_COMPLETION,USD
IR-MOCK03007-DIAB_A1C_TEST-20250725,MOCK03007,DIAB_A1C_TEST,2025-07-25,30.0,True,Research-generated IncentiveRewards mock,MyRewards Health Action Incentive,CARE_GAP_COMPLETION,USD
IR-MOCK03013-DIAB_A1C_TEST-20250806,MOCK03013,DIAB_A1C_TEST,2025-08-06,25.0,True,Research-generated IncentiveRewards mock,MyRewards Health Action Incentive,CARE_GAP_COMPLETION,USD
IR-MOCK03019-DIAB_A1C_TEST-20250802,MOCK03019,DIAB_A1C_TEST,2025-08-02,25.0,True,Research-generated IncentiveRewards mock,MyRewards Health Action Incentive,CARE_GAP_COMPLETION,USD
IR-MOCK03055-DIAB_A1C_TEST-20250709,MOCK03055,DIAB_A1C_TEST,2025-07-09,25.0,True,Research-generated IncentiveRewards mock,MyRewards Health Action Incentive,CARE_GAP_COMPLETION,USD
IR-MOCK03109-DIAB_A1C_TEST-20250718,MOCK03109,DIAB_A1C_TEST,2025-07-18,25.0,True,Research-generated IncentiveRewards mock,MyRewards Health Action Incentive,CARE_GAP_COMPLETION,USD
IR-MOCK03115-DIAB_A1C_TEST-20250723,MOCK03115,DIAB_A1C_TEST,2025-07-23,15.0,True,Research-generated IncentiveRewards mock,MyRewards Health Action Incentive,CARE_GAP_COMPLETION,USD
IR-MOCK03127-DIAB_A1C_TEST-20250705,MOCK03127,DIAB_A1C_TEST,2025-07-05,30.0,True,Research-generated IncentiveRewards mock,MyRewards Health Action Incentive,CARE_GAP_COMPLETION,USD
IR-MOCK03151-DIAB_A1C_TEST-20250712,MOCK03151,DIAB_A1C_TEST,2025-07-12,30.0,True,Research-generated IncentiveRewards mock,MyRewards Health Action Incentive,CARE_GAP_COMPLETION,USD
IR-MOCK03169-DIAB_A1C_TEST-20250804,MOCK03169,DIAB_A1C_TEST,2025-08-04,30.0,True,Research-generated IncentiveRewards mock,MyRewards Health Action Incentive,CARE_GAP_COMPLETION,USD
IR-MOCK03181-DIAB_A1C_TEST-20250723,MOCK03181,DIAB_A1C_TEST,2025-07-23,25.0,True,Research-generated IncentiveRewards mock,MyRewards Health Action Incentive,CARE_GAP_COMPLETION,USD
IR-MOCK03187-DIAB_A1C_TEST-20250706,MOCK03187,DIAB_A1C_TEST,2025-07-06,10.0,True,Research-generated IncentiveRewards mock,MyRewards Health Action Incentive,CARE_GAP_COMPLETION,USD
IR-MOCK03193-DIAB_A1C_TEST-20250706,MOCK03193,DIAB_A1C_TEST,2025-07-06,10.0,True,Research-generated IncentiveRewards mock,MyRewards Health Action Incentive,CARE_GAP_COMPLETION,USD
IR-MOCK03217-DIAB_A1C_TEST-20250717,MOCK03217,DIAB_A1C_TEST,2025-07-17,25.0,True,Research-generated IncentiveRewards mock,MyRewards Health Action Incentive,CARE_GAP_COMPLETION,USD
IR-MOCK03235-DIAB_A1C_TEST-20250630,MOCK03235,DIAB_A1C_TEST,2025-06-30,30.0,True,Research-generated IncentiveRewards mock,MyRewards Health Action Incentive,CARE_GAP_COMPLETION,USD
IR-MOCK03241-DIAB_A1C_TEST-20250727,MOCK03241,DIAB_A1C_TEST,2025-07-27,30.0,True,Research-generated IncentiveRewards mock,MyRewards Health Action Incentive,CARE_GAP_COMPLETION,USD
IR-MOCK03247-DIAB_A1C_TEST-20250702,MOCK03247,DIAB_A1C_TEST,2025-07-02,20.0,True,Research-generated IncentiveRewards mock,MyRewards Health Action Incentive,CARE_GAP_COMPLETION,USD
IR-MOCK03259-DIAB_A1C_TEST-20250706,MOCK03259,DIAB_A1C_TEST,2025-07-06,10.0,True,Research-generated IncentiveRewards mock,MyRewards Health Action Incentive,CARE_GAP_COMPLETION,USD
IR-MOCK03295-DIAB_A1C_TEST-20250726,MOCK03295,DIAB_A1C_TEST,2025-07-26,30.0,True,Research-generated IncentiveRewards mock,MyRewards Health Action Incentive,CARE_GAP_COMPLETION,USD
IR-MOCK03307-DIAB_A1C_TEST-20250715,MOCK03307,DIAB_A1C_TEST,2025-07-15,15.0,True,Research-generated IncentiveRewards mock,MyRewards Health Action Incentive,CARE_GAP_COMPLETION,USD
IR-MOCK03313-DIAB_A1C_TEST-20250801,MOCK03313,DIAB_A1C_TEST,2025-08-01,15.0,True,Research-generated IncentiveRewards mock,MyRewards Health Action Incentive,CARE_GAP_COMPLETION,USD
IR-MOCK03325-DIAB_A1C_TEST-20250807,MOCK03325,DIAB_A1C_TEST,2025-08-07,30.0,True,Research-generated IncentiveRewards mock,MyRewards Health Action Incentive,CARE_GAP_COMPLETION,USD
IR-MOCK03331-DIAB_A1C_TEST-20250719,MOCK03331,DIAB_A1C_TEST,2025-07-19,25.0,True,Research-generated IncentiveRewards mock,MyRewards Health Action Incentive,CARE_GAP_COMPLETION,USD
IR-MOCK03343-DIAB_A1C_TEST-20250803,MOCK03343,DIAB_A1C_TEST,2025-08-03,5.0,True,Research-generated IncentiveRewards mock,MyRewards Health Action Incentive,CARE_GAP_COMPLETION,USD
IR-MOCK03349-DIAB_A1C_TEST-20250730,MOCK03349,DIAB_A1C_TEST,2025-07-30,20.0,True,Research-generated IncentiveRewards mock,MyRewards Health Action Incentive,CARE_GAP_COMPLETION,USD
IR-MOCK03373-DIAB_A1C_TEST-20250719,MOCK03373,DIAB_A1C_TEST,2025-07-19,30.0,True,Research-generated IncentiveRewards mock,MyRewards Health Action Incentive,CARE_GAP_COMPLETION,USD
IR-MOCK03391-DIAB_A1C_TEST-20250709,MOCK03391,DIAB_A1C_TEST,2025-07-09,100.0,True,Research-generated IncentiveRewards mock,MyRewards Health Action Incentive,CARE_GAP_COMPLETION,USD
IR-MOCK03397-DIAB_A1C_TEST-20250708,MOCK03397,DIAB_A1C_TEST,2025-07-08,100.0,True,Research-generated IncentiveRewards mock,MyRewards Health Action Incentive,CARE_GAP_COMPLETION,USD
IR-MOCK03403-DIAB_A1C_TEST-20250709,MOCK03403,DIAB_A1C_TEST,2025-07-09,10.0,True,Research-generated IncentiveRewards mock,MyRewards Health Action Incentive,CARE_GAP_COMPLETION,USD
IR-MOCK03415-DIAB_A1C_TEST-20250722,MOCK03415,DIAB_A1C_TEST,2025-07-22,10.0,True,Research-generated IncentiveRewards mock,MyRewards Health Action Incentive,CARE_GAP_COMPLETION,USD
IR-MOCK03433-DIAB_A1C_TEST-20250711,MOCK03433,DIAB_A1C_TEST,2025-07-11,20.0,True,Research-generated IncentiveRewards mock,MyRewards Health Action Incentive,CARE_GAP_COMPLETION,USD
IR-MOCK03445-DIAB_A1C_TEST-20250630,MOCK03445,DIAB_A1C_TEST,2025-06-30,30.0,True,Research-generated IncentiveRewards mock,MyRewards Health Action Incentive,CARE_GAP_COMPLETION,USD
IR-MOCK03451-DIAB_A1C_TEST-20250714,MOCK03451,DIAB_A1C_TEST,2025-07-14,30.0,False,Research-generated IncentiveRewards mock,MyRewards Health Action Incentive,CARE_GAP_COMPLETION,USD
IR-MOCK03463-DIAB_A1C_TEST-20250720,MOCK03463,DIAB_A1C_TEST,2025-07-20,1.0,True,Research-generated IncentiveRewards mock,MyRewards Health Action Incentive,CARE_GAP_COMPLETION,USD
IR-MOCK03481-DIAB_A1C_TEST-20250703,MOCK03481,DIAB_A1C_TEST,2025-07-03,30.0,True,Research-generated IncentiveRewards mock,MyRewards Health Action Incentive,CARE_GAP_COMPLETION,USD
IR-MOCK03487-DIAB_A1C_TEST-20250801,MOCK03487,DIAB_A1C_TEST,2025-08-01,30.0,True,Research-generated IncentiveRewards mock,MyRewards Health Action Incentive,CARE_GAP_COMPLETION,USD
IR-MOCK03493-DIAB_A1C_TEST-20250704,MOCK03493,DIAB_A1C_TEST,2025-07-04,25.0,True,Research-generated IncentiveRewards mock,MyRewards Health Action Incentive,CARE_GAP_COMPLETION,USD
IR-MOCK03511-DIAB_A1C_TEST-20250805,MOCK03511,DIAB_A1C_TEST,2025-08-05,25.0,True,Research-generated IncentiveRewards mock,MyRewards Health Action Incentive,CARE_GAP_COMPLETION,USD
IR-MOCK03535-DIAB_A1C_TEST-20250801,MOCK03535,DIAB_A1C_TEST,2025-08-01,5.0,True,Research-generated IncentiveRewards mock,MyRewards Health Action Incentive,CARE_GAP_COMPLETION,USD
IR-MOCK03541-DIAB_A1C_TEST-20250731,MOCK03541,DIAB_A1C_TEST,2025-07-31,15.0,True,Research-generated IncentiveRewards mock,MyRewards Health Action Incentive,CARE_GAP_COMPLETION,USD
IR-MOCK03547-DIAB_A1C_TEST-20250804,MOCK03547,DIAB_A1C_TEST,2025-08-04,20.0,True,Research-generated IncentiveRewards mock,MyRewards Health Action Incentive,CARE_GAP_COMPLETION,USD
IR-MOCK03553-DIAB_A1C_TEST-20250709,MOCK03553,DIAB_A1C_TEST,2025-07-09,25.0,True,Research-generated IncentiveRewards mock,MyRewards Health Action Incentive,CARE_GAP_COMPLETION,USD
IR-MOCK03565-DIAB_A1C_TEST-20250712,MOCK03565,DIAB_A1C_TEST,2025-07-12,15.0,True,Research-generated IncentiveRewards mock,MyRewards Health Action Incentive,CARE_GAP_COMPLETION,USD
IR-MOCK03571-DIAB_A1C_TEST-20250731,MOCK03571,DIAB_A1C_TEST,2025-07-31,20.0,True,Research-generated IncentiveRewards mock,MyRewards Health Action Incentive,CARE_GAP_COMPLETION,USD
IR-MOCK03577-DIAB_A1C_TEST-20250722,MOCK03577,DIAB_A1C_TEST,2025-07-22,25.0,True,Research-generated IncentiveRewards mock,MyRewards Health Action Incentive,CARE_GAP_COMPLETION,USD
IR-MOCK03583-DIAB_A1C_TEST-20250730,MOCK03583,DIAB_A1C_TEST,2025-07-30,30.0,True,Research-generated IncentiveRewards mock,MyRewards Health Action Incentive,CARE_GAP_COMPLETION,USD
IR-MOCK03601-DIAB_A1C_TEST-20250724,MOCK03601,DIAB_A1C_TEST,2025-07-24,30.0,True,Research-generated IncentiveRewards mock,MyRewards Health Action Incentive,CARE_GAP_COMPLETION,USD
IR-MOCK03613-DIAB_A1C_TEST-20250728,MOCK03613,DIAB_A1C_TEST,2025-07-28,25.0,True,Research-generated IncentiveRewards mock,MyRewards Health Action Incentive,CARE_GAP_COMPLETION,USD
IR-MOCK03655-DIAB_A1C_TEST-20250802,MOCK03655,DIAB_A1C_TEST,2025-08-02,20.0,True,Research-generated IncentiveRewards mock,MyRewards Health Action Incentive,CARE_GAP_COMPLETION,USD
IR-MOCK03661-DIAB_A1C_TEST-20250801,MOCK03661,DIAB_A1C_TEST,2025-08-01,20.0,True,Research-generated IncentiveRewards mock,MyRewards Health Action Incentive,CARE_GAP_COMPLETION,USD
IR-MOCK03691-DIAB_A1C_TEST-20250724,MOCK03691,DIAB_A1C_TEST,2025-07-24,20.0,True,Research-generated IncentiveRewards mock,MyRewards Health Action Incentive,CARE_GAP_COMPLETION,USD
IR-MOCK03697-DIAB_A1C_TEST-20250709,MOCK03697,DIAB_A1C_TEST,2025-07-09,25.0,True,Research-generated IncentiveRewards mock,MyRewards Health Action Incentive,CARE_GAP_COMPLETION,USD
IR-MOCK03709-DIAB_A1C_TEST-20250702,MOCK03709,DIAB_A1C_TEST,2025-07-02,5.0,True,Research-generated IncentiveRewards mock,MyRewards Health Action Incentive,CARE_GAP_COMPLETION,USD
IR-MOCK03751-DIAB_A1C_TEST-20250709,MOCK03751,DIAB_A1C_TEST,2025-07-09,15.0,True,Research-generated IncentiveRewards mock,MyRewards Health Action Incentive,CARE_GAP_COMPLETION,USD
IR-MOCK03769-DIAB_A1C_TEST-20250719,MOCK03769,DIAB_A1C_TEST,2025-07-19,10.0,True,Research-generated IncentiveRewards mock,MyRewards Health Action Incentive,CARE_GAP_COMPLETION,USD
IR-MOCK03787-DIAB_A1C_TEST-20250712,MOCK03787,DIAB_A1C_TEST,2025-07-12,25.0,True,Research-generated IncentiveRewards mock,MyRewards Health Action Incentive,CARE_GAP_COMPLETION,USD
IR-MOCK03811-DIAB_A1C_TEST-20250726,MOCK03811,DIAB_A1C_TEST,2025-07-26,25.0,True,Research-generated IncentiveRewards mock,MyRewards Health Action Incentive,CARE_GAP_COMPLETION,USD
IR-MOCK03835-DIAB_A1C_TEST-20250806,MOCK03835,DIAB_A1C_TEST,2025-08-06,15.0,True,Research-generated IncentiveRewards mock,MyRewards Health Action Incentive,CARE_GAP_COMPLETION,USD
IR-MOCK03841-DIAB_A1C_TEST-20250726,MOCK03841,DIAB_A1C_TEST,2025-07-26,25.0,True,Research-generated IncentiveRewards mock,MyRewards Health Action Incentive,CARE_GAP_COMPLETION,USD
IR-MOCK03853-DIAB_A1C_TEST-20250802,MOCK03853,DIAB_A1C_TEST,2025-08-02,20.0,True,Research-generated IncentiveRewards mock,MyRewards Health Action Incentive,CARE_GAP_COMPLETION,USD
IR-MOCK03859-DIAB_A1C_TEST-20250718,MOCK03859,DIAB_A1C_TEST,2025-07-18,25.0,True,Research-generated IncentiveRewards mock,MyRewards Health Action Incentive,CARE_GAP_COMPLETION,USD
IR-MOCK03865-DIAB_A1C_TEST-20250730,MOCK03865,DIAB_A1C_TEST,2025-07-30,10.0,True,Research-generated IncentiveRewards mock,MyRewards Health Action Incentive,CARE_GAP_COMPLETION,USD
IR-MOCK03907-DIAB_A1C_TEST-20250725,MOCK03907,DIAB_A1C_TEST,2025-07-25,30.0,True,Research-generated IncentiveRewards mock,MyRewards Health Action Incentive,CARE_GAP_COMPLETION,USD
IR-MOCK03919-DIAB_A1C_TEST-20250731,MOCK03919,DIAB_A1C_TEST,2025-07-31,10.0,True,Research-generated IncentiveRewards mock,MyRewards Health Action Incentive,CARE_GAP_COMPLETION,USD
IR-MOCK03931-DIAB_A1C_TEST-20250720,MOCK03931,DIAB_A1C_TEST,2025-07-20,25.0,True,Research-generated IncentiveRewards mock,MyRewards Health Action Incentive,CARE_GAP_COMPLETION,USD
IR-MOCK03949-DIAB_A1C_TEST-20250702,MOCK03949,DIAB_A1C_TEST,2025-07-02,20.0,False,Research-generated IncentiveRewards mock,MyRewards Health Action Incentive,CARE_GAP_COMPLETION,USD
IR-MOCK03961-DIAB_A1C_TEST-20250706,MOCK03961,DIAB_A1C_TEST,2025-07-06,25.0,True,Research-generated IncentiveRewards mock,MyRewards Health Action Incentive,CARE_GAP_COMPLETION,USD
IR-MOCK03967-DIAB_A1C_TEST-20250728,MOCK03967,DIAB_A1C_TEST,2025-07-28,30.0,True,Research-generated IncentiveRewards mock,MyRewards Health Action Incentive,CARE_GAP_COMPLETION,USD
IR-MOCK03979-DIAB_A1C_TEST-20250707,MOCK03979,DIAB_A1C_TEST,2025-07-07,30.0,True,Research-generated IncentiveRewards mock,MyRewards Health Action Incentive,CARE_GAP_COMPLETION,USD
IR-MOCK03997-DIAB_A1C_TEST-20250719,MOCK03997,DIAB_A1C_TEST,2025-07-19,10.0,True,Research-generated IncentiveRewards mock,MyRewards Health Action Incentive,CARE_GAP_COMPLETION,USD
IR-MOCK04021-DIAB_A1C_TEST-20250806,MOCK04021,DIAB_A1C_TEST,2025-08-06,15.0,True,Research-generated IncentiveRewards mock,MyRewards Health Action Incentive,CARE_GAP_COMPLETION,USD
IR-MOCK04033-DIAB_A1C_TEST-20250724,MOCK04033,DIAB_A1C_TEST,2025-07-24,25.0,True,Research-generated IncentiveRewards mock,MyRewards Health Action Incentive,CARE_GAP_COMPLETION,USD
IR-MOCK04057-DIAB_A1C_TEST-20250722,MOCK04057,DIAB_A1C_TEST,2025-07-22,15.0,True,Research-generated IncentiveRewards mock,MyRewards Health Action Incentive,CARE_GAP_COMPLETION,USD
IR-MOCK04063-DIAB_A1C_TEST-20250703,MOCK04063,DIAB_A1C_TEST,2025-07-03,30.0,True,Research-generated IncentiveRewards mock,MyRewards Health Action Incentive,CARE_GAP_COMPLETION,USD
IR-MOCK04075-DIAB_A1C_TEST-20250805,MOCK04075,DIAB_A1C_TEST,2025-08-05,25.0,True,Research-generated IncentiveRewards mock,MyRewards Health Action Incentive,CARE_GAP_COMPLETION,USD
IR-MOCK04099-DIAB_A1C_TEST-20250806,MOCK04099,DIAB_A1C_TEST,2025-08-06,25.0,True,Research-generated IncentiveRewards mock,MyRewards Health Action Incentive,CARE_GAP_COMPLETION,USD
IR-MOCK04105-DIAB_A1C_TEST-20250706,MOCK04105,DIAB_A1C_TEST,2025-07-06,30.0,True,Research-generated IncentiveRewards mock,MyRewards Health Action Incentive,CARE_GAP_COMPLETION,USD
IR-MOCK04117-DIAB_A1C_TEST-20250715,MOCK04117,DIAB_A1C_TEST,2025-07-15,30.0,True,Research-generated IncentiveRewards mock,MyRewards Health Action Incentive,CARE_GAP_COMPLETION,USD
IR-MOCK04123-DIAB_A1C_TEST-20250723,MOCK04123,DIAB_A1C_TEST,2025-07-23,25.0,True,Research-generated IncentiveRewards mock,MyRewards Health Action Incentive,CARE_GAP_COMPLETION,USD
IR-MOCK04129-DIAB_A1C_TEST-20250717,MOCK04129,DIAB_A1C_TEST,2025-07-17,20.0,True,Research-generated IncentiveRewards mock,MyRewards Health Action Incentive,CARE_GAP_COMPLETION,USD
IR-MOCK04135-DIAB_A1C_TEST-20250730,MOCK04135,DIAB_A1C_TEST,2025-07-30,25.0,True,Research-generated IncentiveRewards mock,MyRewards Health Action Incentive,CARE_GAP_COMPLETION,USD
IR-MOCK04147-DIAB_A1C_TEST-20250731,MOCK04147,DIAB_A1C_TEST,2025-07-31,25.0,True,Research-generated IncentiveRewards mock,MyRewards Health Action Incentive,CARE_GAP_COMPLETION,USD
IR-MOCK04153-DIAB_A1C_TEST-20250805,MOCK04153,DIAB_A1C_TEST,2025-08-05,5.0,True,Research-generated IncentiveRewards mock,MyRewards Health Action Incentive,CARE_GAP_COMPLETION,USD
IR-MOCK04165-DIAB_A1C_TEST-20250703,MOCK04165,DIAB_A1C_TEST,2025-07-03,30.0,True,Research-generated IncentiveRewards mock,MyRewards Health Action Incentive,CARE_GAP_COMPLETION,USD
IR-MOCK04171-DIAB_A1C_TEST-20250709,MOCK04171,DIAB_A1C_TEST,2025-07-09,20.0,True,Research-generated IncentiveRewards mock,MyRewards Health Action Incentive,CARE_GAP_COMPLETION,USD
IR-MOCK04189-DIAB_A1C_TEST-20250701,MOCK04189,DIAB_A1C_TEST,2025-07-01,10.0,True,Research-generated IncentiveRewards mock,MyRewards Health Action Incentive,CARE_GAP_COMPLETION,USD
IR-MOCK04195-DIAB_A1C_TEST-20250703,MOCK04195,DIAB_A1C_TEST,2025-07-03,20.0,True,Research-generated IncentiveRewards mock,MyRewards Health Action Incentive,CARE_GAP_COMPLETION,USD
IR-MOCK04201-DIAB_A1C_TEST-20250720,MOCK04201,DIAB_A1C_TEST,2025-07-20,25.0,True,Research-generated IncentiveRewards mock,MyRewards Health Action Incentive,CARE_GAP_COMPLETION,USD
IR-MOCK04207-DIAB_A1C_TEST-20250724,MOCK04207,DIAB_A1C_TEST,2025-07-24,15.0,True,Research-generated IncentiveRewards mock,MyRewards Health Action Incentive,CARE_GAP_COMPLETION,USD
IR-MOCK04237-DIAB_A1C_TEST-20250630,MOCK04237,DIAB_A1C_TEST,2025-06-30,15.0,True,Research-generated IncentiveRewards mock,MyRewards Health Action Incentive,CARE_GAP_COMPLETION,USD
IR-MOCK04255-DIAB_A1C_TEST-20250718,MOCK04255,DIAB_A1C_TEST,2025-07-18,5.0,True,Research-generated IncentiveRewards mock,MyRewards Health Action Incentive,CARE_GAP_COMPLETION,USD
IR-MOCK04267-DIAB_A1C_TEST-20250720,MOCK04267,DIAB_A1C_TEST,2025-07-20,25.0,True,Research-generated IncentiveRewards mock,MyRewards Health Action Incentive,CARE_GAP_COMPLETION,USD
IR-MOCK04285-DIAB_A1C_TEST-20250804,MOCK04285,DIAB_A1C_TEST,2025-08-04,30.0,True,Research-generated IncentiveRewards mock,MyRewards Health Action Incentive,CARE_GAP_COMPLETION,USD
IR-MOCK04297-DIAB_A1C_TEST-20250720,MOCK04297,DIAB_A1C_TEST,2025-07-20,5.0,True,Research-generated IncentiveRewards mock,MyRewards Health Action Incentive,CARE_GAP_COMPLETION,USD
IR-MOCK04309-DIAB_A1C_TEST-20250709,MOCK04309,DIAB_A1C_TEST,2025-07-09,30.0,True,Research-generated IncentiveRewards mock,MyRewards Health Action Incentive,CARE_GAP_COMPLETION,USD
IR-MOCK04315-DIAB_A1C_TEST-20250723,MOCK04315,DIAB_A1C_TEST,2025-07-23,50.0,True,Research-generated IncentiveRewards mock,MyRewards Health Action Incentive,CARE_GAP_COMPLETION,USD
IR-MOCK04321-DIAB_A1C_TEST-20250705,MOCK04321,DIAB_A1C_TEST,2025-07-05,20.0,True,Research-generated IncentiveRewards mock,MyRewards Health Action Incentive,CARE_GAP_COMPLETION,USD
IR-MOCK04333-DIAB_A1C_TEST-20250801,MOCK04333,DIAB_A1C_TEST,2025-08-01,30.0,True,Research-generated IncentiveRewards mock,MyRewards Health Action Incentive,CARE_GAP_COMPLETION,USD
IR-MOCK04345-DIAB_A1C_TEST-20250730,MOCK04345,DIAB_A1C_TEST,2025-07-30,50.0,True,Research-generated IncentiveRewards mock,MyRewards Health Action Incentive,CARE_GAP_COMPLETION,USD
IR-MOCK04357-DIAB_A1C_TEST-20250728,MOCK04357,DIAB_A1C_TEST,2025-07-28,15.0,True,Research-generated IncentiveRewards mock,MyRewards Health Action Incentive,CARE_GAP_COMPLETION,USD
IR-MOCK04363-DIAB_A1C_TEST-20250703,MOCK04363,DIAB_A1C_TEST,2025-07-03,25.0,True,Research-generated IncentiveRewards mock,MyRewards Health Action Incentive,CARE_GAP_COMPLETION,USD
IR-MOCK04375-DIAB_A1C_TEST-20250725,MOCK04375,DIAB_A1C_TEST,2025-07-25,5.0,True,Research-generated IncentiveRewards mock,MyRewards Health Action Incentive,CARE_GAP_COMPLETION,USD
IR-MOCK04435-DIAB_A1C_TEST-20250804,MOCK04435,DIAB_A1C_TEST,2025-08-04,30.0,True,Research-generated IncentiveRewards mock,MyRewards Health Action Incentive,CARE_GAP_COMPLETION,USD
IR-MOCK04447-DIAB_A1C_TEST-20250729,MOCK04447,DIAB_A1C_TEST,2025-07-29,20.0,True,Research-generated IncentiveRewards mock,MyRewards Health Action Incentive,CARE_GAP_COMPLETION,USD
IR-MOCK04489-DIAB_A1C_TEST-20250712,MOCK04489,DIAB_A1C_TEST,2025-07-12,15.0,True,Research-generated IncentiveRewards mock,MyRewards Health Action Incentive,CARE_GAP_COMPLETION,USD
IR-MOCK04501-DIAB_A1C_TEST-20250806,MOCK04501,DIAB_A1C_TEST,2025-08-06,20.0,True,Research-generated IncentiveRewards mock,MyRewards Health Action Incentive,CARE_GAP_COMPLETION,USD
IR-MOCK04507-DIAB_A1C_TEST-20250705,MOCK04507,DIAB_A1C_TEST,2025-07-05,20.0,True,Research-generated IncentiveRewards mock,MyRewards Health Action Incentive,CARE_GAP_COMPLETION,USD
IR-MOCK04531-DIAB_A1C_TEST-20250717,MOCK04531,DIAB_A1C_TEST,2025-07-17,50.0,True,Research-generated IncentiveRewards mock,MyRewards Health Action Incentive,CARE_GAP_COMPLETION,USD
IR-MOCK04543-DIAB_A1C_TEST-20250714,MOCK04543,DIAB_A1C_TEST,2025-07-14,20.0,True,Research-generated IncentiveRewards mock,MyRewards Health Action Incentive,CARE_GAP_COMPLETION,USD
IR-MOCK04561-DIAB_A1C_TEST-20250706,MOCK04561,DIAB_A1C_TEST,2025-07-06,1.0,True,Research-generated IncentiveRewards mock,MyRewards Health Action Incentive,CARE_GAP_COMPLETION,USD
IR-MOCK04567-DIAB_A1C_TEST-20250721,MOCK04567,DIAB_A1C_TEST,2025-07-21,25.0,True,Research-generated IncentiveRewards mock,MyRewards Health Action Incentive,CARE_GAP_COMPLETION,USD
IR-MOCK04573-DIAB_A1C_TEST-20250806,MOCK04573,DIAB_A1C_TEST,2025-08-06,10.0,True,Research-generated IncentiveRewards mock,MyRewards Health Action Incentive,CARE_GAP_COMPLETION,USD
IR-MOCK04579-DIAB_A1C_TEST-20250805,MOCK04579,DIAB_A1C_TEST,2025-08-05,5.0,True,Research-generated IncentiveRewards mock,MyRewards Health Action Incentive,CARE_GAP_COMPLETION,USD
IR-MOCK04585-DIAB_A1C_TEST-20250714,MOCK04585,DIAB_A1C_TEST,2025-07-14,30.0,True,Research-generated IncentiveRewards mock,MyRewards Health Action Incentive,CARE_GAP_COMPLETION,USD
IR-MOCK04591-DIAB_A1C_TEST-20250730,MOCK04591,DIAB_A1C_TEST,2025-07-30,30.0,True,Research-generated IncentiveRewards mock,MyRewards Health Action Incentive,CARE_GAP_COMPLETION,USD
IR-MOCK04597-DIAB_A1C_TEST-20250723,MOCK04597,DIAB_A1C_TEST,2025-07-23,25.0,True,Research-generated IncentiveRewards mock,MyRewards Health Action Incentive,CARE_GAP_COMPLETION,USD
IR-MOCK04603-DIAB_A1C_TEST-20250718,MOCK04603,DIAB_A1C_TEST,2025-07-18,25.0,False,Research-generated IncentiveRewards mock,MyRewards Health Action Incentive,CARE_GAP_COMPLETION,USD
IR-MOCK04609-DIAB_A1C_TEST-20250705,MOCK04609,DIAB_A1C_TEST,2025-07-05,25.0,True,Research-generated IncentiveRewards mock,MyRewards Health Action Incentive,CARE_GAP_COMPLETION,USD
IR-MOCK04621-DIAB_A1C_TEST-20250725,MOCK04621,DIAB_A1C_TEST,2025-07-25,20.0,True,Research-generated IncentiveRewards mock,MyRewards Health Action Incentive,CARE_GAP_COMPLETION,USD
IR-MOCK04633-DIAB_A1C_TEST-20250630,MOCK04633,DIAB_A1C_TEST,2025-06-30,20.0,True,Research-generated IncentiveRewards mock,MyRewards Health Action Incentive,CARE_GAP_COMPLETION,USD
IR-MOCK04639-DIAB_A1C_TEST-20250727,MOCK04639,DIAB_A1C_TEST,2025-07-27,25.0,True,Research-generated IncentiveRewards mock,MyRewards Health Action Incentive,CARE_GAP_COMPLETION,USD
IR-MOCK04645-DIAB_A1C_TEST-20250802,MOCK04645,DIAB_A1C_TEST,2025-08-02,5.0,True,Research-generated IncentiveRewards mock,MyRewards Health Action Incentive,CARE_GAP_COMPLETION,USD
IR-MOCK04657-DIAB_A1C_TEST-20250716,MOCK04657,DIAB_A1C_TEST,2025-07-16,1.0,True,Research-generated IncentiveRewards mock,MyRewards Health Action Incentive,CARE_GAP_COMPLETION,USD
IR-MOCK04669-DIAB_A1C_TEST-20250710,MOCK04669,DIAB_A1C_TEST,2025-07-10,5.0,True,Research-generated IncentiveRewards mock,MyRewards Health Action Incentive,CARE_GAP_COMPLETION,USD
IR-MOCK04681-DIAB_A1C_TEST-20250803,MOCK04681,DIAB_A1C_TEST,2025-08-03,15.0,True,Research-generated IncentiveRewards mock,MyRewards Health Action Incentive,CARE_GAP_COMPLETION,USD
IR-MOCK04687-DIAB_A1C_TEST-20250724,MOCK04687,DIAB_A1C_TEST,2025-07-24,10.0,True,Research-generated IncentiveRewards mock,MyRewards Health Action Incentive,CARE_GAP_COMPLETION,USD
IR-MOCK04699-DIAB_A1C_TEST-20250704,MOCK04699,DIAB_A1C_TEST,2025-07-04,15.0,True,Research-generated IncentiveRewards mock,MyRewards Health Action Incentive,CARE_GAP_COMPLETION,USD
IR-MOCK04705-DIAB_A1C_TEST-20250718,MOCK04705,DIAB_A1C_TEST,2025-07-18,20.0,True,Research-generated IncentiveRewards mock,MyRewards Health Action Incentive,CARE_GAP_COMPLETION,USD
IR-MOCK04717-DIAB_A1C_TEST-20250701,MOCK04717,DIAB_A1C_TEST,2025-07-01,25.0,True,Research-generated IncentiveRewards mock,MyRewards Health Action Incentive,CARE_GAP_COMPLETION,USD
IR-MOCK04723-DIAB_A1C_TEST-20250726,MOCK04723,DIAB_A1C_TEST,2025-07-26,50.0,True,Research-generated IncentiveRewards mock,MyRewards Health Action Incentive,CARE_GAP_COMPLETION,USD
IR-MOCK04729-DIAB_A1C_TEST-20250721,MOCK04729,DIAB_A1C_TEST,2025-07-21,25.0,True,Research-generated IncentiveRewards mock,MyRewards Health Action Incentive,CARE_GAP_COMPLETION,USD
IR-MOCK04735-DIAB_A1C_TEST-20250630,MOCK04735,DIAB_A1C_TEST,2025-06-30,10.0,True,Research-generated IncentiveRewards mock,MyRewards Health Action Incentive,CARE_GAP_COMPLETION,USD
IR-MOCK04759-DIAB_A1C_TEST-20250801,MOCK04759,DIAB_A1C_TEST,2025-08-01,25.0,True,Research-generated IncentiveRewards mock,MyRewards Health Action Incentive,CARE_GAP_COMPLETION,USD
IR-MOCK04777-DIAB_A1C_TEST-20250806,MOCK04777,DIAB_A1C_TEST,2025-08-06,20.0,True,Research-generated IncentiveRewards mock,MyRewards Health Action Incentive,CARE_GAP_COMPLETION,USD
IR-MOCK04801-DIAB_A1C_TEST-20250630,MOCK04801,DIAB_A1C_TEST,2025-06-30,25.0,True,Research-generated IncentiveRewards mock,MyRewards Health Action Incentive,CARE_GAP_COMPLETION,USD
IR-MOCK04807-DIAB_A1C_TEST-20250711,MOCK04807,DIAB_A1C_TEST,2025-07-11,30.0,True,Research-generated IncentiveRewards mock,MyRewards Health Action Incentive,CARE_GAP_COMPLETION,USD
IR-MOCK04825-DIAB_A1C_TEST-20250728,MOCK04825,DIAB_A1C_TEST,2025-07-28,25.0,True,Research-generated IncentiveRewards mock,MyRewards Health Action Incentive,CARE_GAP_COMPLETION,USD
IR-MOCK04831-DIAB_A1C_TEST-20250730,MOCK04831,DIAB_A1C_TEST,2025-07-30,30.0,True,Research-generated IncentiveRewards mock,MyRewards Health Action Incentive,CARE_GAP_COMPLETION,USD
IR-MOCK04843-DIAB_A1C_TEST-20250704,MOCK04843,DIAB_A1C_TEST,2025-07-04,25.0,True,Research-generated IncentiveRewards mock,MyRewards Health Action Incentive,CARE_GAP_COMPLETION,USD
IR-MOCK04849-DIAB_A1C_TEST-20250715,MOCK04849,DIAB_A1C_TEST,2025-07-15,25.0,True,Research-generated IncentiveRewards mock,MyRewards Health Action Incentive,CARE_GAP_COMPLETION,USD
IR-MOCK04861-DIAB_A1C_TEST-20250701,MOCK04861,DIAB_A1C_TEST,2025-07-01,30.0,True,Research-generated IncentiveRewards mock,MyRewards Health Action Incentive,CARE_GAP_COMPLETION,USD
IR-MOCK04867-DIAB_A1C_TEST-20250803,MOCK04867,DIAB_A1C_TEST,2025-08-03,10.0,True,Research-generated IncentiveRewards mock,MyRewards Health Action Incentive,CARE_GAP_COMPLETION,USD
IR-MOCK04873-DIAB_A1C_TEST-20250726,MOCK04873,DIAB_A1C_TEST,2025-07-26,15.0,True,Research-generated IncentiveRewards mock,MyRewards Health Action Incentive,CARE_GAP_COMPLETION,USD
IR-MOCK04885-DIAB_A1C_TEST-20250730,MOCK04885,DIAB_A1C_TEST,2025-07-30,10.0,True,Research-generated IncentiveRewards mock,MyRewards Health Action Incentive,CARE_GAP_COMPLETION,USD
IR-MOCK04921-DIAB_A1C_TEST-20250630,MOCK04921,DIAB_A1C_TEST,2025-06-30,20.0,True,Research-generated IncentiveRewards mock,MyRewards Health Action Incentive,CARE_GAP_COMPLETION,USD
IR-MOCK04945-DIAB_A1C_TEST-20250724,MOCK04945,DIAB_A1C_TEST,2025-07-24,25.0,True,Research-generated IncentiveRewards mock,MyRewards Health Action Incentive,CARE_GAP_COMPLETION,USD
IR-MOCK04951-DIAB_A1C_TEST-20250703,MOCK04951,DIAB_A1C_TEST,2025-07-03,100.0,True,Research-generated IncentiveRewards mock,MyRewards Health Action Incentive,CARE_GAP_COMPLETION,USD
IR-MOCK04963-DIAB_A1C_TEST-20250803,MOCK04963,DIAB_A1C_TEST,2025-08-03,20.0,True,Research-generated IncentiveRewards mock,MyRewards Health Action Incentive,CARE_GAP_COMPLETION,USD
IR-MOCK04975-DIAB_A1C_TEST-20250701,MOCK04975,DIAB_A1C_TEST,2025-07-01,10.0,True,Research-generated IncentiveRewards mock,MyRewards Health Action Incentive,CARE_GAP_COMPLETION,USD
IR-MOCK04999-DIAB_A1C_TEST-20250705,MOCK04999,DIAB_A1C_TEST,2025-07-05,15.0,True,Research-generated IncentiveRewards mock,MyRewards Health Action Incentive,CARE_GAP_COMPLETION,USD
IR-MOCK05011-DIAB_A1C_TEST-20250730,MOCK05011,DIAB_A1C_TEST,2025-07-30,25.0,True,Research-generated IncentiveRewards mock,MyRewards Health Action Incentive,CARE_GAP_COMPLETION,USD
IR-MOCK05017-DIAB_A1C_TEST-20250731,MOCK05017,DIAB_A1C_TEST,2025-07-31,10.0,True,Research-generated IncentiveRewards mock,MyRewards Health Action Incentive,CARE_GAP_COMPLETION,USD
IR-MOCK05029-DIAB_A1C_TEST-20250630,MOCK05029,DIAB_A1C_TEST,2025-06-30,30.0,True,Research-generated IncentiveRewards mock,MyRewards Health Action Incentive,CARE_GAP_COMPLETION,USD
IR-MOCK05041-DIAB_A1C_TEST-20250711,MOCK05041,DIAB_A1C_TEST,2025-07-11,20.0,True,Research-generated IncentiveRewards mock,MyRewards Health Action Incentive,CARE_GAP_COMPLETION,USD
IR-MOCK05047-DIAB_A1C_TEST-20250725,MOCK05047,DIAB_A1C_TEST,2025-07-25,30.0,True,Research-generated IncentiveRewards mock,MyRewards Health Action Incentive,CARE_GAP_COMPLETION,USD
IR-MOCK05059-DIAB_A1C_TEST-20250701,MOCK05059,DIAB_A1C_TEST,2025-07-01,30.0,True,Research-generated IncentiveRewards mock,MyRewards Health Action Incentive,CARE_GAP_COMPLETION,USD
IR-MOCK05095-DIAB_A1C_TEST-20250723,MOCK05095,DIAB_A1C_TEST,2025-07-23,15.0,True,Research-generated IncentiveRewards mock,MyRewards Health Action Incentive,CARE_GAP_COMPLETION,USD
IR-MOCK05101-DIAB_A1C_TEST-20250807,MOCK05101,DIAB_A1C_TEST,2025-08-07,25.0,True,Research-generated IncentiveRewards mock,MyRewards Health Action Incentive,CARE_GAP_COMPLETION,USD
IR-MOCK05137-DIAB_A1C_TEST-20250709,MOCK05137,DIAB_A1C_TEST,2025-07-09,10.0,True,Research-generated IncentiveRewards mock,MyRewards Health Action Incentive,CARE_GAP_COMPLETION,USD
IR-MOCK05161-DIAB_A1C_TEST-20250806,MOCK05161,DIAB_A1C_TEST,2025-08-06,25.0,True,Research-generated IncentiveRewards mock,MyRewards Health Action Incentive,CARE_GAP_COMPLETION,USD
IR-MOCK05167-DIAB_A1C_TEST-20250805,MOCK05167,DIAB_A1C_TEST,2025-08-05,20.0,True,Research-generated IncentiveRewards mock,MyRewards Health Action Incentive,CARE_GAP_COMPLETION,USD
IR-MOCK05173-DIAB_A1C_TEST-20250704,MOCK05173,DIAB_A1C_TEST,2025-07-04,10.0,False,Research-generated IncentiveRewards mock,MyRewards Health Action Incentive,CARE_GAP_COMPLETION,USD
IR-MOCK05191-DIAB_A1C_TEST-20250727,MOCK05191,DIAB_A1C_TEST,2025-07-27,20.0,True,Research-generated IncentiveRewards mock,MyRewards Health Action Incentive,CARE_GAP_COMPLETION,USD
IR-MOCK05209-DIAB_A1C_TEST-20250717,MOCK05209,DIAB_A1C_TEST,2025-07-17,20.0,True,Research-generated IncentiveRewards mock,MyRewards Health Action Incentive,CARE_GAP_COMPLETION,USD
IR-MOCK05227-DIAB_A1C_TEST-20250707,MOCK05227,DIAB_A1C_TEST,2025-07-07,100.0,True,Research-generated IncentiveRewards mock,MyRewards Health Action Incentive,CARE_GAP_COMPLETION,USD
IR-MOCK05245-DIAB_A1C_TEST-20250727,MOCK05245,DIAB_A1C_TEST,2025-07-27,10.0,True,Research-generated IncentiveRewards mock,MyRewards Health Action Incentive,CARE_GAP_COMPLETION,USD
IR-MOCK05251-DIAB_A1C_TEST-20250719,MOCK05251,DIAB_A1C_TEST,2025-07-19,30.0,True,Research-generated IncentiveRewards mock,MyRewards Health Action Incentive,CARE_GAP_COMPLETION,USD
IR-MOCK05263-DIAB_A1C_TEST-20250729,MOCK05263,DIAB_A1C_TEST,2025-07-29,30.0,True,Research-generated IncentiveRewards mock,MyRewards Health Action Incentive,CARE_GAP_COMPLETION,USD
IR-MOCK05305-DIAB_A1C_TEST-20250731,MOCK05305,DIAB_A1C_TEST,2025-07-31,25.0,True,Research-generated IncentiveRewards mock,MyRewards Health Action Incentive,CARE_GAP_COMPLETION,USD
IR-MOCK05311-DIAB_A1C_TEST-20250728,MOCK05311,DIAB_A1C_TEST,2025-07-28,25.0,True,Research-generated IncentiveRewards mock,MyRewards Health Action Incentive,CARE_GAP_COMPLETION,USD
IR-MOCK05317-DIAB_A1C_TEST-20250702,MOCK05317,DIAB_A1C_TEST,2025-07-02,15.0,True,Research-generated IncentiveRewards mock,MyRewards Health Action Incentive,CARE_GAP_COMPLETION,USD
IR-MOCK05323-DIAB_A1C_TEST-20250707,MOCK05323,DIAB_A1C_TEST,2025-07-07,20.0,True,Research-generated IncentiveRewards mock,MyRewards Health Action Incentive,CARE_GAP_COMPLETION,USD
IR-MOCK05329-DIAB_A1C_TEST-20250630,MOCK05329,DIAB_A1C_TEST,2025-06-30,15.0,True,Research-generated IncentiveRewards mock,MyRewards Health Action Incentive,CARE_GAP_COMPLETION,USD
IR-MOCK05335-DIAB_A1C_TEST-20250710,MOCK05335,DIAB_A1C_TEST,2025-07-10,15.0,True,Research-generated IncentiveRewards mock,MyRewards Health Action Incentive,CARE_GAP_COMPLETION,USD
IR-MOCK05341-DIAB_A1C_TEST-20250703,MOCK05341,DIAB_A1C_TEST,2025-07-03,10.0,True,Research-generated IncentiveRewards mock,MyRewards Health Action Incentive,CARE_GAP_COMPLETION,USD
IR-MOCK05347-DIAB_A1C_TEST-20250727,MOCK05347,DIAB_A1C_TEST,2025-07-27,30.0,True,Research-generated IncentiveRewards mock,MyRewards Health Action Incentive,CARE_GAP_COMPLETION,USD
IR-MOCK05353-DIAB_A1C_TEST-20250720,MOCK05353,DIAB_A1C_TEST,2025-07-20,25.0,True,Research-generated IncentiveRewards mock,MyRewards Health Action Incentive,CARE_GAP_COMPLETION,USD
IR-MOCK05395-DIAB_A1C_TEST-20250724,MOCK05395,DIAB_A1C_TEST,2025-07-24,25.0,True,Research-generated IncentiveRewards mock,MyRewards Health Action Incentive,CARE_GAP_COMPLETION,USD
IR-MOCK05407-DIAB_A1C_TEST-20250701,MOCK05407,DIAB_A1C_TEST,2025-07-01,20.0,True,Research-generated IncentiveRewards mock,MyRewards Health Action Incentive,CARE_GAP_COMPLETION,USD
IR-MOCK05425-DIAB_A1C_TEST-20250717,MOCK05425,DIAB_A1C_TEST,2025-07-17,5.0,True,Research-generated IncentiveRewards mock,MyRewards Health Action Incentive,CARE_GAP_COMPLETION,USD
IR-MOCK05437-DIAB_A1C_TEST-20250716,MOCK05437,DIAB_A1C_TEST,2025-07-16,25.0,True,Research-generated IncentiveRewards mock,MyRewards Health Action Incentive,CARE_GAP_COMPLETION,USD
IR-MOCK05443-DIAB_A1C_TEST-20250706,MOCK05443,DIAB_A1C_TEST,2025-07-06,20.0,True,Research-generated IncentiveRewards mock,MyRewards Health Action Incentive,CARE_GAP_COMPLETION,USD
IR-MOCK05449-DIAB_A1C_TEST-20250714,MOCK05449,DIAB_A1C_TEST,2025-07-14,25.0,True,Research-generated IncentiveRewards mock,MyRewards Health Action Incentive,CARE_GAP_COMPLETION,USD
IR-MOCK05455-DIAB_A1C_TEST-20250703,MOCK05455,DIAB_A1C_TEST,2025-07-03,25.0,True,Research-generated IncentiveRewards mock,MyRewards Health Action Incentive,CARE_GAP_COMPLETION,USD
IR-MOCK05461-DIAB_A1C_TEST-20250730,MOCK05461,DIAB_A1C_TEST,2025-07-30,30.0,True,Research-generated IncentiveRewards mock,MyRewards Health Action Incentive,CARE_GAP_COMPLETION,USD
IR-MOCK05491-DIAB_A1C_TEST-20250717,MOCK05491,DIAB_A1C_TEST,2025-07-17,30.0,True,Research-generated IncentiveRewards mock,MyRewards Health Action Incentive,CARE_GAP_COMPLETION,USD
IR-MOCK05497-DIAB_A1C_TEST-20250721,MOCK05497,DIAB_A1C_TEST,2025-07-21,25.0,True,Research-generated IncentiveRewards mock,MyRewards Health Action Incentive,CARE_GAP_COMPLETION,USD
IR-MOCK05515-DIAB_A1C_TEST-20250724,MOCK05515,DIAB_A1C_TEST,2025-07-24,10.0,True,Research-generated IncentiveRewards mock,MyRewards Health Action Incentive,CARE_GAP_COMPLETION,USD
IR-MOCK05521-DIAB_A1C_TEST-20250803,MOCK05521,DIAB_A1C_TEST,2025-08-03,30.0,True,Research-generated IncentiveRewards mock,MyRewards Health Action Incentive,CARE_GAP_COMPLETION,USD
IR-MOCK05539-DIAB_A1C_TEST-20250705,MOCK05539,DIAB_A1C_TEST,2025-07-05,10.0,True,Research-generated IncentiveRewards mock,MyRewards Health Action Incentive,CARE_GAP_COMPLETION,USD
IR-MOCK05545-DIAB_A1C_TEST-20250709,MOCK05545,DIAB_A1C_TEST,2025-07-09,5.0,True,Research-generated IncentiveRewards mock,MyRewards Health Action Incentive,CARE_GAP_COMPLETION,USD
IR-MOCK05551-DIAB_A1C_TEST-20250805,MOCK05551,DIAB_A1C_TEST,2025-08-05,15.0,True,Research-generated IncentiveRewards mock,MyRewards Health Action Incentive,CARE_GAP_COMPLETION,USD
IR-MOCK05575-DIAB_A1C_TEST-20250722,MOCK05575,DIAB_A1C_TEST,2025-07-22,20.0,True,Research-generated IncentiveRewards mock,MyRewards Health Action Incentive,CARE_GAP_COMPLETION,USD
IR-MOCK05605-DIAB_A1C_TEST-20250717,MOCK05605,DIAB_A1C_TEST,2025-07-17,25.0,True,Research-generated IncentiveRewards mock,MyRewards Health Action Incentive,CARE_GAP_COMPLETION,USD
IR-MOCK05611-DIAB_A1C_TEST-20250805,MOCK05611,DIAB_A1C_TEST,2025-08-05,30.0,True,Research-generated IncentiveRewards mock,MyRewards Health Action Incentive,CARE_GAP_COMPLETION,USD
IR-MOCK05641-DIAB_A1C_TEST-20250726,MOCK05641,DIAB_A1C_TEST,2025-07-26,25.0,True,Research-generated IncentiveRewards mock,MyRewards Health Action Incentive,CARE_GAP_COMPLETION,USD
IR-MOCK05647-DIAB_A1C_TEST-20250715,MOCK05647,DIAB_A1C_TEST,2025-07-15,25.0,True,Research-generated IncentiveRewards mock,MyRewards Health Action Incentive,CARE_GAP_COMPLETION,USD
IR-MOCK05659-DIAB_A1C_TEST-20250718,MOCK05659,DIAB_A1C_TEST,2025-07-18,20.0,True,Research-generated IncentiveRewards mock,MyRewards Health Action Incentive,CARE_GAP_COMPLETION,USD
IR-MOCK05671-DIAB_A1C_TEST-20250704,MOCK05671,DIAB_A1C_TEST,2025-07-04,25.0,True,Research-generated IncentiveRewards mock,MyRewards Health Action Incentive,CARE_GAP_COMPLETION,USD
IR-MOCK05677-DIAB_A1C_TEST-20250806,MOCK05677,DIAB_A1C_TEST,2025-08-06,15.0,True,Research-generated IncentiveRewards mock,MyRewards Health Action Incentive,CARE_GAP_COMPLETION,USD
IR-MOCK05689-DIAB_A1C_TEST-20250805,MOCK05689,DIAB_A1C_TEST,2025-08-05,50.0,True,Research-generated IncentiveRewards mock,MyRewards Health Action Incentive,CARE_GAP_COMPLETION,USD
IR-MOCK05731-DIAB_A1C_TEST-20250723,MOCK05731,DIAB_A1C_TEST,2025-07-23,5.0,True,Research-generated IncentiveRewards mock,MyRewards Health Action Incentive,CARE_GAP_COMPLETION,USD
IR-MOCK05737-DIAB_A1C_TEST-20250715,MOCK05737,DIAB_A1C_TEST,2025-07-15,30.0,True,Research-generated IncentiveRewards mock,MyRewards Health Action Incentive,CARE_GAP_COMPLETION,USD
IR-MOCK05773-DIAB_A1C_TEST-20250801,MOCK05773,DIAB_A1C_TEST,2025-08-01,5.0,True,Research-generated IncentiveRewards mock,MyRewards Health Action Incentive,CARE_GAP_COMPLETION,USD
IR-MOCK05785-DIAB_A1C_TEST-20250806,MOCK05785,DIAB_A1C_TEST,2025-08-06,20.0,True,Research-generated IncentiveRewards mock,MyRewards Health Action Incentive,CARE_GAP_COMPLETION,USD
IR-MOCK05791-DIAB_A1C_TEST-20250722,MOCK05791,DIAB_A1C_TEST,2025-07-22,30.0,True,Research-generated IncentiveRewards mock,MyRewards Health Action Incentive,CARE_GAP_COMPLETION,USD
IR-MOCK05809-DIAB_A1C_TEST-20250804,MOCK05809,DIAB_A1C_TEST,2025-08-04,10.0,True,Research-generated IncentiveRewards mock,MyRewards Health Action Incentive,CARE_GAP_COMPLETION,USD
IR-MOCK05839-DIAB_A1C_TEST-20250718,MOCK05839,DIAB_A1C_TEST,2025-07-18,30.0,True,Research-generated IncentiveRewards mock,MyRewards Health Action Incentive,CARE_GAP_COMPLETION,USD
IR-MOCK05851-DIAB_A1C_TEST-20250708,MOCK05851,DIAB_A1C_TEST,2025-07-08,15.0,True,Research-generated IncentiveRewards mock,MyRewards Health Action Incentive,CARE_GAP_COMPLETION,USD
IR-MOCK05857-DIAB_A1C_TEST-20250703,MOCK05857,DIAB_A1C_TEST,2025-07-03,25.0,True,Research-generated IncentiveRewards mock,MyRewards Health Action Incentive,CARE_GAP_COMPLETION,USD
IR-MOCK05863-DIAB_A1C_TEST-20250722,MOCK05863,DIAB_A1C_TEST,2025-07-22,20.0,True,Research-generated IncentiveRewards mock,MyRewards Health Action Incentive,CARE_GAP_COMPLETION,USD
IR-MOCK05869-DIAB_A1C_TEST-20250713,MOCK05869,DIAB_A1C_TEST,2025-07-13,25.0,True,Research-generated IncentiveRewards mock,MyRewards Health Action Incentive,CARE_GAP_COMPLETION,USD
IR-MOCK05881-DIAB_A1C_TEST-20250722,MOCK05881,DIAB_A1C_TEST,2025-07-22,15.0,True,Research-generated IncentiveRewards mock,MyRewards Health Action Incentive,CARE_GAP_COMPLETION,USD
IR-MOCK05893-DIAB_A1C_TEST-20250721,MOCK05893,DIAB_A1C_TEST,2025-07-21,5.0,True,Research-generated IncentiveRewards mock,MyRewards Health Action Incentive,CARE_GAP_COMPLETION,USD
IR-MOCK05899-DIAB_A1C_TEST-20250725,MOCK05899,DIAB_A1C_TEST,2025-07-25,25.0,True,Research-generated IncentiveRewards mock,MyRewards Health Action Incentive,CARE_GAP_COMPLETION,USD
IR-MOCK05929-DIAB_A1C_TEST-20250709,MOCK05929,DIAB_A1C_TEST,2025-07-09,20.0,True,Research-generated IncentiveRewards mock,MyRewards Health Action Incentive,CARE_GAP_COMPLETION,USD
IR-MOCK05947-DIAB_A1C_TEST-20250721,MOCK05947,DIAB_A1C_TEST,2025-07-21,15.0,True,Research-generated IncentiveRewards mock,MyRewards Health Action Incentive,CARE_GAP_COMPLETION,USD
IR-MOCK05983-DIAB_A1C_TEST-20250714,MOCK05983,DIAB_A1C_TEST,2025-07-14,30.0,True,Research-generated IncentiveRewards mock,MyRewards Health Action Incentive,CARE_GAP_COMPLETION,USD
IR-MOCK05995-DIAB_A1C_TEST-20250719,MOCK05995,DIAB_A1C_TEST,2025-07-19,15.0,True,Research-generated IncentiveRewards mock,MyRewards Health Action Incentive,CARE_GAP_COMPLETION,USD
IR-MOCK06001-DIAB_A1C_TEST-20250731,MOCK06001,DIAB_A1C_TEST,2025-07-31,10.0,True,Research-generated IncentiveRewards mock,MyRewards Health Action Incentive,CARE_GAP_COMPLETION,USD
IR-MOCK06007-DIAB_A1C_TEST-20250728,MOCK06007,DIAB_A1C_TEST,2025-07-28,20.0,True,Research-generated IncentiveRewards mock,MyRewards Health Action Incentive,CARE_GAP_COMPLETION,USD
IR-MOCK06049-DIAB_A1C_TEST-20250728,MOCK06049,DIAB_A1C_TEST,2025-07-28,30.0,True,Research-generated IncentiveRewards mock,MyRewards Health Action Incentive,CARE_GAP_COMPLETION,USD
IR-MOCK06061-DIAB_A1C_TEST-20250710,MOCK06061,DIAB_A1C_TEST,2025-07-10,25.0,True,Research-generated IncentiveRewards mock,MyRewards Health Action Incentive,CARE_GAP_COMPLETION,USD
IR-MOCK06067-DIAB_A1C_TEST-20250731,MOCK06067,DIAB_A1C_TEST,2025-07-31,30.0,True,Research-generated IncentiveRewards mock,MyRewards Health Action Incentive,CARE_GAP_COMPLETION,USD
IR-MOCK06073-DIAB_A1C_TEST-20250709,MOCK06073,DIAB_A1C_TEST,2025-07-09,30.0,True,Research-generated IncentiveRewards mock,MyRewards Health Action Incentive,CARE_GAP_COMPLETION,USD
IR-MOCK06079-DIAB_A1C_TEST-20250712,MOCK06079,DIAB_A1C_TEST,2025-07-12,25.0,True,Research-generated IncentiveRewards mock,MyRewards Health Action Incentive,CARE_GAP_COMPLETION,USD
IR-MOCK06097-DIAB_A1C_TEST-20250714,MOCK06097,DIAB_A1C_TEST,2025-07-14,25.0,True,Research-generated IncentiveRewards mock,MyRewards Health Action Incentive,CARE_GAP_COMPLETION,USD
IR-MOCK06109-DIAB_A1C_TEST-20250701,MOCK06109,DIAB_A1C_TEST,2025-07-01,5.0,True,Research-generated IncentiveRewards mock,MyRewards Health Action Incentive,CARE_GAP_COMPLETION,USD
IR-MOCK06115-DIAB_A1C_TEST-20250704,MOCK06115,DIAB_A1C_TEST,2025-07-04,15.0,True,Research-generated IncentiveRewards mock,MyRewards Health Action Incentive,CARE_GAP_COMPLETION,USD
IR-MOCK06121-DIAB_A1C_TEST-20250702,MOCK06121,DIAB_A1C_TEST,2025-07-02,25.0,True,Research-generated IncentiveRewards mock,MyRewards Health Action Incentive,CARE_GAP_COMPLETION,USD
IR-MOCK06127-DIAB_A1C_TEST-20250702,MOCK06127,DIAB_A1C_TEST,2025-07-02,30.0,True,Research-generated IncentiveRewards mock,MyRewards Health Action Incentive,CARE_GAP_COMPLETION,USD
IR-MOCK06133-DIAB_A1C_TEST-20250802,MOCK06133,DIAB_A1C_TEST,2025-08-02,15.0,True,Research-generated IncentiveRewards mock,MyRewards Health Action Incentive,CARE_GAP_COMPLETION,USD
IR-MOCK06139-DIAB_A1C_TEST-20250801,MOCK06139,DIAB_A1C_TEST,2025-08-01,30.0,True,Research-generated IncentiveRewards mock,MyRewards Health Action Incentive,CARE_GAP_COMPLETION,USD
IR-MOCK06145-DIAB_A1C_TEST-20250801,MOCK06145,DIAB_A1C_TEST,2025-08-01,20.0,True,Research-generated IncentiveRewards mock,MyRewards Health Action Incentive,CARE_GAP_COMPLETION,USD
IR-MOCK06151-DIAB_A1C_TEST-20250702,MOCK06151,DIAB_A1C_TEST,2025-07-02,20.0,True,Research-generated IncentiveRewards mock,MyRewards Health Action Incentive,CARE_GAP_COMPLETION,USD
IR-MOCK06163-DIAB_A1C_TEST-20250710,MOCK06163,DIAB_A1C_TEST,2025-07-10,30.0,True,Research-generated IncentiveRewards mock,MyRewards Health Action Incentive,CARE_GAP_COMPLETION,USD
IR-MOCK06169-DIAB_A1C_TEST-20250722,MOCK06169,DIAB_A1C_TEST,2025-07-22,25.0,True,Research-generated IncentiveRewards mock,MyRewards Health Action Incentive,CARE_GAP_COMPLETION,USD
IR-MOCK06181-DIAB_A1C_TEST-20250719,MOCK06181,DIAB_A1C_TEST,2025-07-19,10.0,True,Research-generated IncentiveRewards mock,MyRewards Health Action Incentive,CARE_GAP_COMPLETION,USD
IR-MOCK06193-DIAB_A1C_TEST-20250728,MOCK06193,DIAB_A1C_TEST,2025-07-28,20.0,True,Research-generated IncentiveRewards mock,MyRewards Health Action Incentive,CARE_GAP_COMPLETION,USD
IR-MOCK06223-DIAB_A1C_TEST-20250630,MOCK06223,DIAB_A1C_TEST,2025-06-30,15.0,True,Research-generated IncentiveRewards mock,MyRewards Health Action Incentive,CARE_GAP_COMPLETION,USD
IR-MOCK06229-DIAB_A1C_TEST-20250717,MOCK06229,DIAB_A1C_TEST,2025-07-17,25.0,True,Research-generated IncentiveRewards mock,MyRewards Health Action Incentive,CARE_GAP_COMPLETION,USD
IR-MOCK06235-DIAB_A1C_TEST-20250801,MOCK06235,DIAB_A1C_TEST,2025-08-01,25.0,True,Research-generated IncentiveRewards mock,MyRewards Health Action Incentive,CARE_GAP_COMPLETION,USD
IR-MOCK06247-DIAB_A1C_TEST-20250802,MOCK06247,DIAB_A1C_TEST,2025-08-02,15.0,True,Research-generated IncentiveRewards mock,MyRewards Health Action Incentive,CARE_GAP_COMPLETION,USD
IR-MOCK06253-DIAB_A1C_TEST-20250716,MOCK06253,DIAB_A1C_TEST,2025-07-16,10.0,True,Research-generated IncentiveRewards mock,MyRewards Health Action Incentive,CARE_GAP_COMPLETION,USD
IR-MOCK06265-DIAB_A1C_TEST-20250727,MOCK06265,DIAB_A1C_TEST,2025-07-27,20.0,True,Research-generated IncentiveRewards mock,MyRewards Health Action Incentive,CARE_GAP_COMPLETION,USD
IR-MOCK06271-DIAB_A1C_TEST-20250705,MOCK06271,DIAB_A1C_TEST,2025-07-05,30.0,True,Research-generated IncentiveRewards mock,MyRewards Health Action Incentive,CARE_GAP_COMPLETION,USD
IR-MOCK06283-DIAB_A1C_TEST-20250723,MOCK06283,DIAB_A1C_TEST,2025-07-23,30.0,True,Research-generated IncentiveRewards mock,MyRewards Health Action Incentive,CARE_GAP_COMPLETION,USD
IR-MOCK06307-DIAB_A1C_TEST-20250714,MOCK06307,DIAB_A1C_TEST,2025-07-14,25.0,True,Research-generated IncentiveRewards mock,MyRewards Health Action Incentive,CARE_GAP_COMPLETION,USD
IR-MOCK06313-DIAB_A1C_TEST-20250719,MOCK06313,DIAB_A1C_TEST,2025-07-19,25.0,True,Research-generated IncentiveRewards mock,MyRewards Health Action Incentive,CARE_GAP_COMPLETION,USD
IR-MOCK06337-DIAB_A1C_TEST-20250717,MOCK06337,DIAB_A1C_TEST,2025-07-17,20.0,True,Research-generated IncentiveRewards mock,MyRewards Health Action Incentive,CARE_GAP_COMPLETION,USD
IR-MOCK06343-DIAB_A1C_TEST-20250730,MOCK06343,DIAB_A1C_TEST,2025-07-30,25.0,True,Research-generated IncentiveRewards mock,MyRewards Health Action Incentive,CARE_GAP_COMPLETION,USD
IR-MOCK06349-DIAB_A1C_TEST-20250716,MOCK06349,DIAB_A1C_TEST,2025-07-16,20.0,True,Research-generated IncentiveRewards mock,MyRewards Health Action Incentive,CARE_GAP_COMPLETION,USD
IR-MOCK06355-DIAB_A1C_TEST-20250712,MOCK06355,DIAB_A1C_TEST,2025-07-12,10.0,True,Research-generated IncentiveRewards mock,MyRewards Health Action Incentive,CARE_GAP_COMPLETION,USD
IR-MOCK06361-DIAB_A1C_TEST-20250730,MOCK06361,DIAB_A1C_TEST,2025-07-30,25.0,True,Research-generated IncentiveRewards mock,MyRewards Health Action Incentive,CARE_GAP_COMPLETION,USD
IR-MOCK06373-DIAB_A1C_TEST-20250705,MOCK06373,DIAB_A1C_TEST,2025-07-05,30.0,True,Research-generated IncentiveRewards mock,MyRewards Health Action Incentive,CARE_GAP_COMPLETION,USD
IR-MOCK06391-DIAB_A1C_TEST-20250715,MOCK06391,DIAB_A1C_TEST,2025-07-15,5.0,True,Research-generated IncentiveRewards mock,MyRewards Health Action Incentive,CARE_GAP_COMPLETION,USD
IR-MOCK06409-DIAB_A1C_TEST-20250713,MOCK06409,DIAB_A1C_TEST,2025-07-13,30.0,True,Research-generated IncentiveRewards mock,MyRewards Health Action Incentive,CARE_GAP_COMPLETION,USD
IR-MOCK06445-DIAB_A1C_TEST-20250718,MOCK06445,DIAB_A1C_TEST,2025-07-18,25.0,True,Research-generated IncentiveRewards mock,MyRewards Health Action Incentive,CARE_GAP_COMPLETION,USD
IR-MOCK06487-DIAB_A1C_TEST-20250807,MOCK06487,DIAB_A1C_TEST,2025-08-07,25.0,True,Research-generated IncentiveRewards mock,MyRewards Health Action Incentive,CARE_GAP_COMPLETION,USD
IR-MOCK06499-DIAB_A1C_TEST-20250721,MOCK06499,DIAB_A1C_TEST,2025-07-21,1.0,True,Research-generated IncentiveRewards mock,MyRewards Health Action Incentive,CARE_GAP_COMPLETION,USD
IR-MOCK06523-DIAB_A1C_TEST-20250807,MOCK06523,DIAB_A1C_TEST,2025-08-07,15.0,True,Research-generated IncentiveRewards mock,MyRewards Health Action Incentive,CARE_GAP_COMPLETION,USD
IR-MOCK06535-DIAB_A1C_TEST-20250705,MOCK06535,DIAB_A1C_TEST,2025-07-05,50.0,True,Research-generated IncentiveRewards mock,MyRewards Health Action Incentive,CARE_GAP_COMPLETION,USD
IR-MOCK06541-DIAB_A1C_TEST-20250719,MOCK06541,DIAB_A1C_TEST,2025-07-19,10.0,True,Research-generated IncentiveRewards mock,MyRewards Health Action Incentive,CARE_GAP_COMPLETION,USD
IR-MOCK06547-DIAB_A1C_TEST-20250717,MOCK06547,DIAB_A1C_TEST,2025-07-17,30.0,True,Research-generated IncentiveRewards mock,MyRewards Health Action Incentive,CARE_GAP_COMPLETION,USD
IR-MOCK06559-DIAB_A1C_TEST-20250715,MOCK06559,DIAB_A1C_TEST,2025-07-15,10.0,True,Research-generated IncentiveRewards mock,MyRewards Health Action Incentive,CARE_GAP_COMPLETION,USD
IR-MOCK06571-DIAB_A1C_TEST-20250703,MOCK06571,DIAB_A1C_TEST,2025-07-03,20.0,True,Research-generated IncentiveRewards mock,MyRewards Health Action Incentive,CARE_GAP_COMPLETION,USD
IR-MOCK06619-DIAB_A1C_TEST-20250705,MOCK06619,DIAB_A1C_TEST,2025-07-05,20.0,True,Research-generated IncentiveRewards mock,MyRewards Health Action Incentive,CARE_GAP_COMPLETION,USD
IR-MOCK06625-DIAB_A1C_TEST-20250711,MOCK06625,DIAB_A1C_TEST,2025-07-11,10.0,True,Research-generated IncentiveRewards mock,MyRewards Health Action Incentive,CARE_GAP_COMPLETION,USD
IR-MOCK06655-DIAB_A1C_TEST-20250701,MOCK06655,DIAB_A1C_TEST,2025-07-01,10.0,True,Research-generated IncentiveRewards mock,MyRewards Health Action Incentive,CARE_GAP_COMPLETION,USD
IR-MOCK06703-DIAB_A1C_TEST-20250722,MOCK06703,DIAB_A1C_TEST,2025-07-22,25.0,True,Research-generated IncentiveRewards mock,MyRewards Health Action Incentive,CARE_GAP_COMPLETION,USD
IR-MOCK06727-DIAB_A1C_TEST-20250703,MOCK06727,DIAB_A1C_TEST,2025-07-03,30.0,True,Research-generated IncentiveRewards mock,MyRewards Health Action Incentive,CARE_GAP_COMPLETION,USD
IR-MOCK06739-DIAB_A1C_TEST-20250709,MOCK06739,DIAB_A1C_TEST,2025-07-09,25.0,True,Research-generated IncentiveRewards mock,MyRewards Health Action Incentive,CARE_GAP_COMPLETION,USD
IR-MOCK06751-DIAB_A1C_TEST-20250801,MOCK06751,DIAB_A1C_TEST,2025-08-01,30.0,True,Research-generated IncentiveRewards mock,MyRewards Health Action Incentive,CARE_GAP_COMPLETION,USD
IR-MOCK06757-DIAB_A1C_TEST-20250802,MOCK06757,DIAB_A1C_TEST,2025-08-02,10.0,True,Research-generated IncentiveRewards mock,MyRewards Health Action Incentive,CARE_GAP_COMPLETION,USD
IR-MOCK06769-DIAB_A1C_TEST-20250721,MOCK06769,DIAB_A1C_TEST,2025-07-21,25.0,True,Research-generated IncentiveRewards mock,MyRewards Health Action Incentive,CARE_GAP_COMPLETION,USD
IR-MOCK06775-DIAB_A1C_TEST-20250725,MOCK06775,DIAB_A1C_TEST,2025-07-25,15.0,True,Research-generated IncentiveRewards mock,MyRewards Health Action Incentive,CARE_GAP_COMPLETION,USD
IR-MOCK06793-DIAB_A1C_TEST-20250730,MOCK06793,DIAB_A1C_TEST,2025-07-30,5.0,True,Research-generated IncentiveRewards mock,MyRewards Health Action Incentive,CARE_GAP_COMPLETION,USD
IR-MOCK06817-DIAB_A1C_TEST-20250728,MOCK06817,DIAB_A1C_TEST,2025-07-28,20.0,True,Research-generated IncentiveRewards mock,MyRewards Health Action Incentive,CARE_GAP_COMPLETION,USD
IR-MOCK06823-DIAB_A1C_TEST-20250714,MOCK06823,DIAB_A1C_TEST,2025-07-14,25.0,True,Research-generated IncentiveRewards mock,MyRewards Health Action Incentive,CARE_GAP_COMPLETION,USD
IR-MOCK06841-DIAB_A1C_TEST-20250803,MOCK06841,DIAB_A1C_TEST,2025-08-03,20.0,True,Research-generated IncentiveRewards mock,MyRewards Health Action Incentive,CARE_GAP_COMPLETION,USD
IR-MOCK06853-DIAB_A1C_TEST-20250805,MOCK06853,DIAB_A1C_TEST,2025-08-05,5.0,True,Research-generated IncentiveRewards mock,MyRewards Health Action Incentive,CARE_GAP_COMPLETION,USD
IR-MOCK06883-DIAB_A1C_TEST-20250729,MOCK06883,DIAB_A1C_TEST,2025-07-29,25.0,True,Research-generated IncentiveRewards mock,MyRewards Health Action Incentive,CARE_GAP_COMPLETION,USD
IR-MOCK06895-DIAB_A1C_TEST-20250802,MOCK06895,DIAB_A1C_TEST,2025-08-02,30.0,True,Research-generated IncentiveRewards mock,MyRewards Health Action Incentive,CARE_GAP_COMPLETION,USD
IR-MOCK06913-DIAB_A1C_TEST-20250716,MOCK06913,DIAB_A1C_TEST,2025-07-16,25.0,True,Research-generated IncentiveRewards mock,MyRewards Health Action Incentive,CARE_GAP_COMPLETION,USD
IR-MOCK06919-DIAB_A1C_TEST-20250804,MOCK06919,DIAB_A1C_TEST,2025-08-04,25.0,True,Research-generated IncentiveRewards mock,MyRewards Health Action Incentive,CARE_GAP_COMPLETION,USD
IR-MOCK06925-DIAB_A1C_TEST-20250711,MOCK06925,DIAB_A1C_TEST,2025-07-11,25.0,True,Research-generated IncentiveRewards mock,MyRewards Health Action Incentive,CARE_GAP_COMPLETION,USD
IR-MOCK06931-DIAB_A1C_TEST-20250722,MOCK06931,DIAB_A1C_TEST,2025-07-22,10.0,True,Research-generated IncentiveRewards mock,MyRewards Health Action Incentive,CARE_GAP_COMPLETION,USD
IR-MOCK06937-DIAB_A1C_TEST-20250704,MOCK06937,DIAB_A1C_TEST,2025-07-04,30.0,True,Research-generated IncentiveRewards mock,MyRewards Health Action Incentive,CARE_GAP_COMPLETION,USD
IR-MOCK06973-DIAB_A1C_TEST-20250802,MOCK06973,DIAB_A1C_TEST,2025-08-02,25.0,True,Research-generated IncentiveRewards mock,MyRewards Health Action Incentive,CARE_GAP_COMPLETION,USD
IR-MOCK07033-DIAB_A1C_TEST-20250715,MOCK07033,DIAB_A1C_TEST,2025-07-15,25.0,True,Research-generated IncentiveRewards mock,MyRewards Health Action Incentive,CARE_GAP_COMPLETION,USD
IR-MOCK07039-DIAB_A1C_TEST-20250706,MOCK07039,DIAB_A1C_TEST,2025-07-06,15.0,True,Research-generated IncentiveRewards mock,MyRewards Health Action Incentive,CARE_GAP_COMPLETION,USD
IR-MOCK07051-DIAB_A1C_TEST-20250713,MOCK07051,DIAB_A1C_TEST,2025-07-13,25.0,True,Research-generated IncentiveRewards mock,MyRewards Health Action Incentive,CARE_GAP_COMPLETION,USD
IR-MOCK07063-DIAB_A1C_TEST-20250707,MOCK07063,DIAB_A1C_TEST,2025-07-07,15.0,True,Research-generated IncentiveRewards mock,MyRewards Health Action Incentive,CARE_GAP_COMPLETION,USD
IR-MOCK07075-DIAB_A1C_TEST-20250630,MOCK07075,DIAB_A1C_TEST,2025-06-30,30.0,True,Research-generated IncentiveRewards mock,MyRewards Health Action Incentive,CARE_GAP_COMPLETION,USD
IR-MOCK07087-DIAB_A1C_TEST-20250805,MOCK07087,DIAB_A1C_TEST,2025-08-05,1.0,True,Research-generated IncentiveRewards mock,MyRewards Health Action Incentive,CARE_GAP_COMPLETION,USD
IR-MOCK07093-DIAB_A1C_TEST-20250726,MOCK07093,DIAB_A1C_TEST,2025-07-26,20.0,True,Research-generated IncentiveRewards mock,MyRewards Health Action Incentive,CARE_GAP_COMPLETION,USD
IR-MOCK07099-DIAB_A1C_TEST-20250717,MOCK07099,DIAB_A1C_TEST,2025-07-17,30.0,True,Research-generated IncentiveRewards mock,MyRewards Health Action Incentive,CARE_GAP_COMPLETION,USD
IR-MOCK07123-DIAB_A1C_TEST-20250723,MOCK07123,DIAB_A1C_TEST,2025-07-23,20.0,True,Research-generated IncentiveRewards mock,MyRewards Health Action Incentive,CARE_GAP_COMPLETION,USD
IR-MOCK07135-DIAB_A1C_TEST-20250630,MOCK07135,DIAB_A1C_TEST,2025-06-30,25.0,True,Research-generated IncentiveRewards mock,MyRewards Health Action Incentive,CARE_GAP_COMPLETION,USD
IR-MOCK07153-DIAB_A1C_TEST-20250706,MOCK07153,DIAB_A1C_TEST,2025-07-06,15.0,True,Research-generated IncentiveRewards mock,MyRewards Health Action Incentive,CARE_GAP_COMPLETION,USD
IR-MOCK07171-DIAB_A1C_TEST-20250724,MOCK07171,DIAB_A1C_TEST,2025-07-24,15.0,True,Research-generated IncentiveRewards mock,MyRewards Health Action Incentive,CARE_GAP_COMPLETION,USD
IR-MOCK07177-DIAB_A1C_TEST-20250727,MOCK07177,DIAB_A1C_TEST,2025-07-27,20.0,True,Research-generated IncentiveRewards mock,MyRewards Health Action Incentive,CARE_GAP_COMPLETION,USD
IR-MOCK07183-DIAB_A1C_TEST-20250807,MOCK07183,DIAB_A1C_TEST,2025-08-07,25.0,True,Research-generated IncentiveRewards mock,MyRewards Health Action Incentive,CARE_GAP_COMPLETION,USD
IR-MOCK07189-DIAB_A1C_TEST-20250731,MOCK07189,DIAB_A1C_TEST,2025-07-31,30.0,True,Research-generated IncentiveRewards mock,MyRewards Health Action Incentive,CARE_GAP_COMPLETION,USD
IR-MOCK07195-DIAB_A1C_TEST-20250724,MOCK07195,DIAB_A1C_TEST,2025-07-24,25.0,True,Research-generated IncentiveRewards mock,MyRewards Health Action Incentive,CARE_GAP_COMPLETION,USD
IR-MOCK07207-DIAB_A1C_TEST-20250718,MOCK07207,DIAB_A1C_TEST,2025-07-18,15.0,True,Research-generated IncentiveRewards mock,MyRewards Health Action Incentive,CARE_GAP_COMPLETION,USD
IR-MOCK07237-DIAB_A1C_TEST-20250720,MOCK07237,DIAB_A1C_TEST,2025-07-20,25.0,True,Research-generated IncentiveRewards mock,MyRewards Health Action Incentive,CARE_GAP_COMPLETION,USD
IR-MOCK07243-DIAB_A1C_TEST-20250728,MOCK07243,DIAB_A1C_TEST,2025-07-28,25.0,True,Research-generated IncentiveRewards mock,MyRewards Health Action Incentive,CARE_GAP_COMPLETION,USD
IR-MOCK07249-DIAB_A1C_TEST-20250711,MOCK07249,DIAB_A1C_TEST,2025-07-11,20.0,True,Research-generated IncentiveRewards mock,MyRewards Health Action Incentive,CARE_GAP_COMPLETION,USD
IR-MOCK07267-DIAB_A1C_TEST-20250730,MOCK07267,DIAB_A1C_TEST,2025-07-30,30.0,True,Research-generated IncentiveRewards mock,MyRewards Health Action Incentive,CARE_GAP_COMPLETION,USD
IR-MOCK07273-DIAB_A1C_TEST-20250717,MOCK07273,DIAB_A1C_TEST,2025-07-17,30.0,True,Research-generated IncentiveRewards mock,MyRewards Health Action Incentive,CARE_GAP_COMPLETION,USD
IR-MOCK07285-DIAB_A1C_TEST-20250702,MOCK07285,DIAB_A1C_TEST,2025-07-02,25.0,True,Research-generated IncentiveRewards mock,MyRewards Health Action Incentive,CARE_GAP_COMPLETION,USD
IR-MOCK07297-DIAB_A1C_TEST-20250719,MOCK07297,DIAB_A1C_TEST,2025-07-19,30.0,True,Research-generated IncentiveRewards mock,MyRewards Health Action Incentive,CARE_GAP_COMPLETION,USD
IR-MOCK07303-DIAB_A1C_TEST-20250728,MOCK07303,DIAB_A1C_TEST,2025-07-28,10.0,True,Research-generated IncentiveRewards mock,MyRewards Health Action Incentive,CARE_GAP_COMPLETION,USD
IR-MOCK07309-DIAB_A1C_TEST-20250731,MOCK07309,DIAB_A1C_TEST,2025-07-31,10.0,True,Research-generated IncentiveRewards mock,MyRewards Health Action Incentive,CARE_GAP_COMPLETION,USD
IR-MOCK07315-DIAB_A1C_TEST-20250717,MOCK07315,DIAB_A1C_TEST,2025-07-17,30.0,True,Research-generated IncentiveRewards mock,MyRewards Health Action Incentive,CARE_GAP_COMPLETION,USD
IR-MOCK07321-DIAB_A1C_TEST-20250725,MOCK07321,DIAB_A1C_TEST,2025-07-25,5.0,True,Research-generated IncentiveRewards mock,MyRewards Health Action Incentive,CARE_GAP_COMPLETION,USD
IR-MOCK07333-DIAB_A1C_TEST-20250806,MOCK07333,DIAB_A1C_TEST,2025-08-06,20.0,True,Research-generated IncentiveRewards mock,MyRewards Health Action Incentive,CARE_GAP_COMPLETION,USD
IR-MOCK07345-DIAB_A1C_TEST-20250716,MOCK07345,DIAB_A1C_TEST,2025-07-16,25.0,True,Research-generated IncentiveRewards mock,MyRewards Health Action Incentive,CARE_GAP_COMPLETION,USD
IR-MOCK07351-DIAB_A1C_TEST-20250806,MOCK07351,DIAB_A1C_TEST,2025-08-06,30.0,True,Research-generated IncentiveRewards mock,MyRewards Health Action Incentive,CARE_GAP_COMPLETION,USD
IR-MOCK07357-DIAB_A1C_TEST-20250704,MOCK07357,DIAB_A1C_TEST,2025-07-04,5.0,True,Research-generated IncentiveRewards mock,MyRewards Health Action Incentive,CARE_GAP_COMPLETION,USD
IR-MOCK07363-DIAB_A1C_TEST-20250807,MOCK07363,DIAB_A1C_TEST,2025-08-07,25.0,True,Research-generated IncentiveRewards mock,MyRewards Health Action Incentive,CARE_GAP_COMPLETION,USD
IR-MOCK07369-DIAB_A1C_TEST-20250706,MOCK07369,DIAB_A1C_TEST,2025-07-06,30.0,True,Research-generated IncentiveRewards mock,MyRewards Health Action Incentive,CARE_GAP_COMPLETION,USD
IR-MOCK07375-DIAB_A1C_TEST-20250711,MOCK07375,DIAB_A1C_TEST,2025-07-11,10.0,True,Research-generated IncentiveRewards mock,MyRewards Health Action Incentive,CARE_GAP_COMPLETION,USD
IR-MOCK07399-DIAB_A1C_TEST-20250729,MOCK07399,DIAB_A1C_TEST,2025-07-29,30.0,True,Research-generated IncentiveRewards mock,MyRewards Health Action Incentive,CARE_GAP_COMPLETION,USD
IR-MOCK07417-DIAB_A1C_TEST-20250630,MOCK07417,DIAB_A1C_TEST,2025-06-30,10.0,True,Research-generated IncentiveRewards mock,MyRewards Health Action Incentive,CARE_GAP_COMPLETION,USD
IR-MOCK07423-DIAB_A1C_TEST-20250704,MOCK07423,DIAB_A1C_TEST,2025-07-04,10.0,True,Research-generated IncentiveRewards mock,MyRewards Health Action Incentive,CARE_GAP_COMPLETION,USD
IR-MOCK07447-DIAB_A1C_TEST-20250730,MOCK07447,DIAB_A1C_TEST,2025-07-30,100.0,True,Research-generated IncentiveRewards mock,MyRewards Health Action Incentive,CARE_GAP_COMPLETION,USD
IR-MOCK07459-DIAB_A1C_TEST-20250719,MOCK07459,DIAB_A1C_TEST,2025-07-19,30.0,True,Research-generated IncentiveRewards mock,MyRewards Health Action Incentive,CARE_GAP_COMPLETION,USD
IR-MOCK07489-DIAB_A1C_TEST-20250712,MOCK07489,DIAB_A1C_TEST,2025-07-12,15.0,True,Research-generated IncentiveRewards mock,MyRewards Health Action Incentive,CARE_GAP_COMPLETION,USD
IR-MOCK07513-DIAB_A1C_TEST-20250702,MOCK07513,DIAB_A1C_TEST,2025-07-02,25.0,True,Research-generated IncentiveRewards mock,MyRewards Health Action Incentive,CARE_GAP_COMPLETION,USD
IR-MOCK07519-DIAB_A1C_TEST-20250730,MOCK07519,DIAB_A1C_TEST,2025-07-30,20.0,True,Research-generated IncentiveRewards mock,MyRewards Health Action Incentive,CARE_GAP_COMPLETION,USD
IR-MOCK07525-DIAB_A1C_TEST-20250725,MOCK07525,DIAB_A1C_TEST,2025-07-25,10.0,True,Research-generated IncentiveRewards mock,MyRewards Health Action Incentive,CARE_GAP_COMPLETION,USD
IR-MOCK07561-DIAB_A1C_TEST-20250710,MOCK07561,DIAB_A1C_TEST,2025-07-10,25.0,True,Research-generated IncentiveRewards mock,MyRewards Health Action Incentive,CARE_GAP_COMPLETION,USD
IR-MOCK07573-DIAB_A1C_TEST-20250717,MOCK07573,DIAB_A1C_TEST,2025-07-17,25.0,True,Research-generated IncentiveRewards mock,MyRewards Health Action Incentive,CARE_GAP_COMPLETION,USD
IR-MOCK07579-DIAB_A1C_TEST-20250801,MOCK07579,DIAB_A1C_TEST,2025-08-01,20.0,True,Research-generated IncentiveRewards mock,MyRewards Health Action Incentive,CARE_GAP_COMPLETION,USD
IR-MOCK07585-DIAB_A1C_TEST-20250709,MOCK07585,DIAB_A1C_TEST,2025-07-09,25.0,True,Research-generated IncentiveRewards mock,MyRewards Health Action Incentive,CARE_GAP_COMPLETION,USD
IR-MOCK07591-DIAB_A1C_TEST-20250701,MOCK07591,DIAB_A1C_TEST,2025-07-01,15.0,True,Research-generated IncentiveRewards mock,MyRewards Health Action Incentive,CARE_GAP_COMPLETION,USD
IR-MOCK07597-DIAB_A1C_TEST-20250702,MOCK07597,DIAB_A1C_TEST,2025-07-02,25.0,True,Research-generated IncentiveRewards mock,MyRewards Health Action Incentive,CARE_GAP_COMPLETION,USD
IR-MOCK07609-DIAB_A1C_TEST-20250806,MOCK07609,DIAB_A1C_TEST,2025-08-06,30.0,True,Research-generated IncentiveRewards mock,MyRewards Health Action Incentive,CARE_GAP_COMPLETION,USD
IR-MOCK07615-DIAB_A1C_TEST-20250701,MOCK07615,DIAB_A1C_TEST,2025-07-01,15.0,True,Research-generated IncentiveRewards mock,MyRewards Health Action Incentive,CARE_GAP_COMPLETION,USD
IR-MOCK07621-DIAB_A1C_TEST-20250714,MOCK07621,DIAB_A1C_TEST,2025-07-14,30.0,True,Research-generated IncentiveRewards mock,MyRewards Health Action Incentive,CARE_GAP_COMPLETION,USD
IR-MOCK07639-DIAB_A1C_TEST-20250726,MOCK07639,DIAB_A1C_TEST,2025-07-26,15.0,True,Research-generated IncentiveRewards mock,MyRewards Health Action Incentive,CARE_GAP_COMPLETION,USD
IR-MOCK07645-DIAB_A1C_TEST-20250729,MOCK07645,DIAB_A1C_TEST,2025-07-29,30.0,True,Research-generated IncentiveRewards mock,MyRewards Health Action Incentive,CARE_GAP_COMPLETION,USD
IR-MOCK07687-DIAB_A1C_TEST-20250728,MOCK07687,DIAB_A1C_TEST,2025-07-28,25.0,True,Research-generated IncentiveRewards mock,MyRewards Health Action Incentive,CARE_GAP_COMPLETION,USD
IR-MOCK07699-DIAB_A1C_TEST-20250731,MOCK07699,DIAB_A1C_TEST,2025-07-31,10.0,True,Research-generated IncentiveRewards mock,MyRewards Health Action Incentive,CARE_GAP_COMPLETION,USD
IR-MOCK07711-DIAB_A1C_TEST-20250701,MOCK07711,DIAB_A1C_TEST,2025-07-01,10.0,True,Research-generated IncentiveRewards mock,MyRewards Health Action Incentive,CARE_GAP_COMPLETION,USD
IR-MOCK07717-DIAB_A1C_TEST-20250804,MOCK07717,DIAB_A1C_TEST,2025-08-04,50.0,True,Research-generated IncentiveRewards mock,MyRewards Health Action Incentive,CARE_GAP_COMPLETION,USD
IR-MOCK07735-DIAB_A1C_TEST-20250724,MOCK07735,DIAB_A1C_TEST,2025-07-24,25.0,False,Research-generated IncentiveRewards mock,MyRewards Health Action Incentive,CARE_GAP_COMPLETION,USD
IR-MOCK07747-DIAB_A1C_TEST-20250802,MOCK07747,DIAB_A1C_TEST,2025-08-02,10.0,False,Research-generated IncentiveRewards mock,MyRewards Health Action Incentive,CARE_GAP_COMPLETION,USD
IR-MOCK07765-DIAB_A1C_TEST-20250806,MOCK07765,DIAB_A1C_TEST,2025-08-06,25.0,True,Research-generated IncentiveRewards mock,MyRewards Health Action Incentive,CARE_GAP_COMPLETION,USD
IR-MOCK07783-DIAB_A1C_TEST-20250726,MOCK07783,DIAB_A1C_TEST,2025-07-26,15.0,True,Research-generated IncentiveRewards mock,MyRewards Health Action Incentive,CARE_GAP_COMPLETION,USD
IR-MOCK07789-DIAB_A1C_TEST-20250720,MOCK07789,DIAB_A1C_TEST,2025-07-20,25.0,True,Research-generated IncentiveRewards mock,MyRewards Health Action Incentive,CARE_GAP_COMPLETION,USD
IR-MOCK07795-DIAB_A1C_TEST-20250701,MOCK07795,DIAB_A1C_TEST,2025-07-01,25.0,True,Research-generated IncentiveRewards mock,MyRewards Health Action Incentive,CARE_GAP_COMPLETION,USD
IR-MOCK07807-DIAB_A1C_TEST-20250715,MOCK07807,DIAB_A1C_TEST,2025-07-15,25.0,True,Research-generated IncentiveRewards mock,MyRewards Health Action Incentive,CARE_GAP_COMPLETION,USD
IR-MOCK07813-DIAB_A1C_TEST-20250727,MOCK07813,DIAB_A1C_TEST,2025-07-27,25.0,True,Research-generated IncentiveRewards mock,MyRewards Health Action Incentive,CARE_GAP_COMPLETION,USD
IR-MOCK07825-DIAB_A1C_TEST-20250723,MOCK07825,DIAB_A1C_TEST,2025-07-23,15.0,True,Research-generated IncentiveRewards mock,MyRewards Health Action Incentive,CARE_GAP_COMPLETION,USD
IR-MOCK07831-DIAB_A1C_TEST-20250726,MOCK07831,DIAB_A1C_TEST,2025-07-26,25.0,True,Research-generated IncentiveRewards mock,MyRewards Health Action Incentive,CARE_GAP_COMPLETION,USD
IR-MOCK07849-DIAB_A1C_TEST-20250716,MOCK07849,DIAB_A1C_TEST,2025-07-16,25.0,True,Research-generated IncentiveRewards mock,MyRewards Health Action Incentive,CARE_GAP_COMPLETION,USD
IR-MOCK07867-DIAB_A1C_TEST-20250713,MOCK07867,DIAB_A1C_TEST,2025-07-13,25.0,True,Research-generated IncentiveRewards mock,MyRewards Health Action Incentive,CARE_GAP_COMPLETION,USD
IR-MOCK07939-DIAB_A1C_TEST-20250803,MOCK07939,DIAB_A1C_TEST,2025-08-03,15.0,True,Research-generated IncentiveRewards mock,MyRewards Health Action Incentive,CARE_GAP_COMPLETION,USD
IR-MOCK07945-DIAB_A1C_TEST-20250802,MOCK07945,DIAB_A1C_TEST,2025-08-02,30.0,True,Research-generated IncentiveRewards mock,MyRewards Health Action Incentive,CARE_GAP_COMPLETION,USD
IR-MOCK07957-DIAB_A1C_TEST-20250726,MOCK07957,DIAB_A1C_TEST,2025-07-26,15.0,True,Research-generated IncentiveRewards mock,MyRewards Health Action Incentive,CARE_GAP_COMPLETION,USD
IR-MOCK07981-DIAB_A1C_TEST-20250717,MOCK07981,DIAB_A1C_TEST,2025-07-17,25.0,True,Research-generated IncentiveRewards mock,MyRewards Health Action Incentive,CARE_GAP_COMPLETION,USD
IR-MOCK07993-DIAB_A1C_TEST-20250716,MOCK07993,DIAB_A1C_TEST,2025-07-16,10.0,True,Research-generated IncentiveRewards mock,MyRewards Health Action Incentive,CARE_GAP_COMPLETION,USD
IR-MOCK08005-DIAB_A1C_TEST-20250720,MOCK08005,DIAB_A1C_TEST,2025-07-20,25.0,True,Research-generated IncentiveRewards mock,MyRewards Health Action Incentive,CARE_GAP_COMPLETION,USD
IR-MOCK08035-DIAB_A1C_TEST-20250715,MOCK08035,DIAB_A1C_TEST,2025-07-15,15.0,True,Research-generated IncentiveRewards mock,MyRewards Health Action Incentive,CARE_GAP_COMPLETION,USD
IR-MOCK08041-DIAB_A1C_TEST-20250720,MOCK08041,DIAB_A1C_TEST,2025-07-20,5.0,True,Research-generated IncentiveRewards mock,MyRewards Health Action Incentive,CARE_GAP_COMPLETION,USD
IR-MOCK08047-DIAB_A1C_TEST-20250705,MOCK08047,DIAB_A1C_TEST,2025-07-05,20.0,True,Research-generated IncentiveRewards mock,MyRewards Health Action Incentive,CARE_GAP_COMPLETION,USD
IR-MOCK08065-DIAB_A1C_TEST-20250707,MOCK08065,DIAB_A1C_TEST,2025-07-07,10.0,True,Research-generated IncentiveRewards mock,MyRewards Health Action Incentive,CARE_GAP_COMPLETION,USD
IR-MOCK08071-DIAB_A1C_TEST-20250807,MOCK08071,DIAB_A1C_TEST,2025-08-07,10.0,True,Research-generated IncentiveRewards mock,MyRewards Health Action Incentive,CARE_GAP_COMPLETION,USD
IR-MOCK08077-DIAB_A1C_TEST-20250802,MOCK08077,DIAB_A1C_TEST,2025-08-02,25.0,True,Research-generated IncentiveRewards mock,MyRewards Health Action Incentive,CARE_GAP_COMPLETION,USD
IR-MOCK08089-DIAB_A1C_TEST-20250728,MOCK08089,DIAB_A1C_TEST,2025-07-28,25.0,True,Research-generated IncentiveRewards mock,MyRewards Health Action Incentive,CARE_GAP_COMPLETION,USD
IR-MOCK08095-DIAB_A1C_TEST-20250723,MOCK08095,DIAB_A1C_TEST,2025-07-23,30.0,True,Research-generated IncentiveRewards mock,MyRewards Health Action Incentive,CARE_GAP_COMPLETION,USD
IR-MOCK08101-DIAB_A1C_TEST-20250702,MOCK08101,DIAB_A1C_TEST,2025-07-02,20.0,True,Research-generated IncentiveRewards mock,MyRewards Health Action Incentive,CARE_GAP_COMPLETION,USD
IR-MOCK08107-DIAB_A1C_TEST-20250715,MOCK08107,DIAB_A1C_TEST,2025-07-15,25.0,True,Research-generated IncentiveRewards mock,MyRewards Health Action Incentive,CARE_GAP_COMPLETION,USD
IR-MOCK08113-DIAB_A1C_TEST-20250719,MOCK08113,DIAB_A1C_TEST,2025-07-19,30.0,True,Research-generated IncentiveRewards mock,MyRewards Health Action Incentive,CARE_GAP_COMPLETION,USD
IR-MOCK08119-DIAB_A1C_TEST-20250804,MOCK08119,DIAB_A1C_TEST,2025-08-04,25.0,True,Research-generated IncentiveRewards mock,MyRewards Health Action Incentive,CARE_GAP_COMPLETION,USD
IR-MOCK08137-DIAB_A1C_TEST-20250713,MOCK08137,DIAB_A1C_TEST,2025-07-13,25.0,True,Research-generated IncentiveRewards mock,MyRewards Health Action Incentive,CARE_GAP_COMPLETION,USD
IR-MOCK08167-DIAB_A1C_TEST-20250702,MOCK08167,DIAB_A1C_TEST,2025-07-02,25.0,True,Research-generated IncentiveRewards mock,MyRewards Health Action Incentive,CARE_GAP_COMPLETION,USD
IR-MOCK08191-DIAB_A1C_TEST-20250630,MOCK08191,DIAB_A1C_TEST,2025-06-30,5.0,True,Research-generated IncentiveRewards mock,MyRewards Health Action Incentive,CARE_GAP_COMPLETION,USD
IR-MOCK08197-DIAB_A1C_TEST-20250711,MOCK08197,DIAB_A1C_TEST,2025-07-11,100.0,True,Research-generated IncentiveRewards mock,MyRewards Health Action Incentive,CARE_GAP_COMPLETION,USD
IR-MOCK08203-DIAB_A1C_TEST-20250717,MOCK08203,DIAB_A1C_TEST,2025-07-17,10.0,True,Research-generated IncentiveRewards mock,MyRewards Health Action Incentive,CARE_GAP_COMPLETION,USD
IR-MOCK08221-DIAB_A1C_TEST-20250803,MOCK08221,DIAB_A1C_TEST,2025-08-03,100.0,True,Research-generated IncentiveRewards mock,MyRewards Health Action Incentive,CARE_GAP_COMPLETION,USD
IR-MOCK08233-DIAB_A1C_TEST-20250717,MOCK08233,DIAB_A1C_TEST,2025-07-17,10.0,True,Research-generated IncentiveRewards mock,MyRewards Health Action Incentive,CARE_GAP_COMPLETION,USD
IR-MOCK08239-DIAB_A1C_TEST-20250716,MOCK08239,DIAB_A1C_TEST,2025-07-16,25.0,True,Research-generated IncentiveRewards mock,MyRewards Health Action Incentive,CARE_GAP_COMPLETION,USD
IR-MOCK08281-DIAB_A1C_TEST-20250807,MOCK08281,DIAB_A1C_TEST,2025-08-07,30.0,True,Research-generated IncentiveRewards mock,MyRewards Health Action Incentive,CARE_GAP_COMPLETION,USD
IR-MOCK08299-DIAB_A1C_TEST-20250803,MOCK08299,DIAB_A1C_TEST,2025-08-03,25.0,True,Research-generated IncentiveRewards mock,MyRewards Health Action Incentive,CARE_GAP_COMPLETION,USD
IR-MOCK08305-DIAB_A1C_TEST-20250715,MOCK08305,DIAB_A1C_TEST,2025-07-15,5.0,True,Research-generated IncentiveRewards mock,MyRewards Health Action Incentive,CARE_GAP_COMPLETION,USD
IR-MOCK08311-DIAB_A1C_TEST-20250709,MOCK08311,DIAB_A1C_TEST,2025-07-09,15.0,True,Research-generated IncentiveRewards mock,MyRewards Health Action Incentive,CARE_GAP_COMPLETION,USD
IR-MOCK08317-DIAB_A1C_TEST-20250721,MOCK08317,DIAB_A1C_TEST,2025-07-21,20.0,True,Research-generated IncentiveRewards mock,MyRewards Health Action Incentive,CARE_GAP_COMPLETION,USD
IR-MOCK08329-DIAB_A1C_TEST-20250803,MOCK08329,DIAB_A1C_TEST,2025-08-03,30.0,True,Research-generated IncentiveRewards mock,MyRewards Health Action Incentive,CARE_GAP_COMPLETION,USD
IR-MOCK08341-DIAB_A1C_TEST-20250711,MOCK08341,DIAB_A1C_TEST,2025-07-11,5.0,True,Research-generated IncentiveRewards mock,MyRewards Health Action Incentive,CARE_GAP_COMPLETION,USD
IR-MOCK08347-DIAB_A1C_TEST-20250720,MOCK08347,DIAB_A1C_TEST,2025-07-20,100.0,True,Research-generated IncentiveRewards mock,MyRewards Health Action Incentive,CARE_GAP_COMPLETION,USD
IR-MOCK08353-DIAB_A1C_TEST-20250807,MOCK08353,DIAB_A1C_TEST,2025-08-07,15.0,True,Research-generated IncentiveRewards mock,MyRewards Health Action Incentive,CARE_GAP_COMPLETION,USD
IR-MOCK08359-DIAB_A1C_TEST-20250728,MOCK08359,DIAB_A1C_TEST,2025-07-28,25.0,True,Research-generated IncentiveRewards mock,MyRewards Health Action Incentive,CARE_GAP_COMPLETION,USD
IR-MOCK08371-DIAB_A1C_TEST-20250723,MOCK08371,DIAB_A1C_TEST,2025-07-23,25.0,True,Research-generated IncentiveRewards mock,MyRewards Health Action Incentive,CARE_GAP_COMPLETION,USD
IR-MOCK08377-DIAB_A1C_TEST-20250724,MOCK08377,DIAB_A1C_TEST,2025-07-24,25.0,True,Research-generated IncentiveRewards mock,MyRewards Health Action Incentive,CARE_GAP_COMPLETION,USD
IR-MOCK08383-DIAB_A1C_TEST-20250725,MOCK08383,DIAB_A1C_TEST,2025-07-25,5.0,True,Research-generated IncentiveRewards mock,MyRewards Health Action Incentive,CARE_GAP_COMPLETION,USD
IR-MOCK08389-DIAB_A1C_TEST-20250630,MOCK08389,DIAB_A1C_TEST,2025-06-30,25.0,True,Research-generated IncentiveRewards mock,MyRewards Health Action Incentive,CARE_GAP_COMPLETION,USD
IR-MOCK08407-DIAB_A1C_TEST-20250709,MOCK08407,DIAB_A1C_TEST,2025-07-09,10.0,True,Research-generated IncentiveRewards mock,MyRewards Health Action Incentive,CARE_GAP_COMPLETION,USD
IR-MOCK08437-DIAB_A1C_TEST-20250713,MOCK08437,DIAB_A1C_TEST,2025-07-13,25.0,True,Research-generated IncentiveRewards mock,MyRewards Health Action Incentive,CARE_GAP_COMPLETION,USD
IR-MOCK08473-DIAB_A1C_TEST-20250709,MOCK08473,DIAB_A1C_TEST,2025-07-09,15.0,True,Research-generated IncentiveRewards mock,MyRewards Health Action Incentive,CARE_GAP_COMPLETION,USD
IR-MOCK08521-DIAB_A1C_TEST-20250806,MOCK08521,DIAB_A1C_TEST,2025-08-06,15.0,True,Research-generated IncentiveRewards mock,MyRewards Health Action Incentive,CARE_GAP_COMPLETION,USD
IR-MOCK08527-DIAB_A1C_TEST-20250807,MOCK08527,DIAB_A1C_TEST,2025-08-07,15.0,True,Research-generated IncentiveRewards mock,MyRewards Health Action Incentive,CARE_GAP_COMPLETION,USD
IR-MOCK08545-DIAB_A1C_TEST-20250709,MOCK08545,DIAB_A1C_TEST,2025-07-09,15.0,True,Research-generated IncentiveRewards mock,MyRewards Health Action Incentive,CARE_GAP_COMPLETION,USD
IR-MOCK08569-DIAB_A1C_TEST-20250710,MOCK08569,DIAB_A1C_TEST,2025-07-10,10.0,True,Research-generated IncentiveRewards mock,MyRewards Health Action Incentive,CARE_GAP_COMPLETION,USD
IR-MOCK08581-DIAB_A1C_TEST-20250718,MOCK08581,DIAB_A1C_TEST,2025-07-18,15.0,True,Research-generated IncentiveRewards mock,MyRewards Health Action Incentive,CARE_GAP_COMPLETION,USD
IR-MOCK08587-DIAB_A1C_TEST-20250707,MOCK08587,DIAB_A1C_TEST,2025-07-07,15.0,True,Research-generated IncentiveRewards mock,MyRewards Health Action Incentive,CARE_GAP_COMPLETION,USD
IR-MOCK08605-DIAB_A1C_TEST-20250712,MOCK08605,DIAB_A1C_TEST,2025-07-12,30.0,True,Research-generated IncentiveRewards mock,MyRewards Health Action Incentive,CARE_GAP_COMPLETION,USD
IR-MOCK08623-DIAB_A1C_TEST-20250725,MOCK08623,DIAB_A1C_TEST,2025-07-25,10.0,True,Research-generated IncentiveRewards mock,MyRewards Health Action Incentive,CARE_GAP_COMPLETION,USD
IR-MOCK08629-DIAB_A1C_TEST-20250712,MOCK08629,DIAB_A1C_TEST,2025-07-12,30.0,True,Research-generated IncentiveRewards mock,MyRewards Health Action Incentive,CARE_GAP_COMPLETION,USD
IR-MOCK08647-DIAB_A1C_TEST-20250719,MOCK08647,DIAB_A1C_TEST,2025-07-19,10.0,True,Research-generated IncentiveRewards mock,MyRewards Health Action Incentive,CARE_GAP_COMPLETION,USD
IR-MOCK08677-DIAB_A1C_TEST-20250805,MOCK08677,DIAB_A1C_TEST,2025-08-05,20.0,True,Research-generated IncentiveRewards mock,MyRewards Health Action Incentive,CARE_GAP_COMPLETION,USD
IR-MOCK08683-DIAB_A1C_TEST-20250806,MOCK08683,DIAB_A1C_TEST,2025-08-06,30.0,True,Research-generated IncentiveRewards mock,MyRewards Health Action Incentive,CARE_GAP_COMPLETION,USD
IR-MOCK08689-DIAB_A1C_TEST-20250728,MOCK08689,DIAB_A1C_TEST,2025-07-28,30.0,True,Research-generated IncentiveRewards mock,MyRewards Health Action Incentive,CARE_GAP_COMPLETION,USD
IR-MOCK08713-DIAB_A1C_TEST-20250701,MOCK08713,DIAB_A1C_TEST,2025-07-01,25.0,True,Research-generated IncentiveRewards mock,MyRewards Health Action Incentive,CARE_GAP_COMPLETION,USD
IR-MOCK08725-DIAB_A1C_TEST-20250722,MOCK08725,DIAB_A1C_TEST,2025-07-22,30.0,True,Research-generated IncentiveRewards mock,MyRewards Health Action Incentive,CARE_GAP_COMPLETION,USD
IR-MOCK08731-DIAB_A1C_TEST-20250702,MOCK08731,DIAB_A1C_TEST,2025-07-02,30.0,True,Research-generated IncentiveRewards mock,MyRewards Health Action Incentive,CARE_GAP_COMPLETION,USD
IR-MOCK08737-DIAB_A1C_TEST-20250807,MOCK08737,DIAB_A1C_TEST,2025-08-07,15.0,True,Research-generated IncentiveRewards mock,MyRewards Health Action Incentive,CARE_GAP_COMPLETION,USD
IR-MOCK08749-DIAB_A1C_TEST-20250710,MOCK08749,DIAB_A1C_TEST,2025-07-10,25.0,True,Research-generated IncentiveRewards mock,MyRewards Health Action Incentive,CARE_GAP_COMPLETION,USD
IR-MOCK08773-DIAB_A1C_TEST-20250701,MOCK08773,DIAB_A1C_TEST,2025-07-01,20.0,True,Research-generated IncentiveRewards mock,MyRewards Health Action Incentive,CARE_GAP_COMPLETION,USD
IR-MOCK08827-DIAB_A1C_TEST-20250727,MOCK08827,DIAB_A1C_TEST,2025-07-27,30.0,True,Research-generated IncentiveRewards mock,MyRewards Health Action Incentive,CARE_GAP_COMPLETION,USD
IR-MOCK08839-DIAB_A1C_TEST-20250708,MOCK08839,DIAB_A1C_TEST,2025-07-08,25.0,True,Research-generated IncentiveRewards mock,MyRewards Health Action Incentive,CARE_GAP_COMPLETION,USD
IR-MOCK08845-DIAB_A1C_TEST-20250807,MOCK08845,DIAB_A1C_TEST,2025-08-07,15.0,True,Research-generated IncentiveRewards mock,MyRewards Health Action Incentive,CARE_GAP_COMPLETION,USD
IR-MOCK08851-DIAB_A1C_TEST-20250711,MOCK08851,DIAB_A1C_TEST,2025-07-11,25.0,True,Research-generated IncentiveRewards mock,MyRewards Health Action Incentive,CARE_GAP_COMPLETION,USD
IR-MOCK08857-DIAB_A1C_TEST-20250719,MOCK08857,DIAB_A1C_TEST,2025-07-19,20.0,True,Research-generated IncentiveRewards mock,MyRewards Health Action Incentive,CARE_GAP_COMPLETION,USD
IR-MOCK08863-DIAB_A1C_TEST-20250715,MOCK08863,DIAB_A1C_TEST,2025-07-15,25.0,True,Research-generated IncentiveRewards mock,MyRewards Health Action Incentive,CARE_GAP_COMPLETION,USD
IR-MOCK08875-DIAB_A1C_TEST-20250716,MOCK08875,DIAB_A1C_TEST,2025-07-16,20.0,True,Research-generated IncentiveRewards mock,MyRewards Health Action Incentive,CARE_GAP_COMPLETION,USD
IR-MOCK08881-DIAB_A1C_TEST-20250705,MOCK08881,DIAB_A1C_TEST,2025-07-05,50.0,True,Research-generated IncentiveRewards mock,MyRewards Health Action Incentive,CARE_GAP_COMPLETION,USD
IR-MOCK08905-DIAB_A1C_TEST-20250716,MOCK08905,DIAB_A1C_TEST,2025-07-16,30.0,True,Research-generated IncentiveRewards mock,MyRewards Health Action Incentive,CARE_GAP_COMPLETION,USD
IR-MOCK08911-DIAB_A1C_TEST-20250802,MOCK08911,DIAB_A1C_TEST,2025-08-02,25.0,True,Research-generated IncentiveRewards mock,MyRewards Health Action Incentive,CARE_GAP_COMPLETION,USD
IR-MOCK08917-DIAB_A1C_TEST-20250706,MOCK08917,DIAB_A1C_TEST,2025-07-06,25.0,True,Research-generated IncentiveRewards mock,MyRewards Health Action Incentive,CARE_GAP_COMPLETION,USD
IR-MOCK08923-DIAB_A1C_TEST-20250630,MOCK08923,DIAB_A1C_TEST,2025-06-30,30.0,True,Research-generated IncentiveRewards mock,MyRewards Health Action Incentive,CARE_GAP_COMPLETION,USD
IR-MOCK08941-DIAB_A1C_TEST-20250710,MOCK08941,DIAB_A1C_TEST,2025-07-10,15.0,True,Research-generated IncentiveRewards mock,MyRewards Health Action Incentive,CARE_GAP_COMPLETION,USD
IR-MOCK08953-DIAB_A1C_TEST-20250701,MOCK08953,DIAB_A1C_TEST,2025-07-01,20.0,True,Research-generated IncentiveRewards mock,MyRewards Health Action Incentive,CARE_GAP_COMPLETION,USD
IR-MOCK08959-DIAB_A1C_TEST-20250712,MOCK08959,DIAB_A1C_TEST,2025-07-12,15.0,True,Research-generated IncentiveRewards mock,MyRewards Health Action Incentive,CARE_GAP_COMPLETION,USD
IR-MOCK08965-DIAB_A1C_TEST-20250715,MOCK08965,DIAB_A1C_TEST,2025-07-15,20.0,True,Research-generated IncentiveRewards mock,MyRewards Health Action Incentive,CARE_GAP_COMPLETION,USD
IR-MOCK08971-DIAB_A1C_TEST-20250716,MOCK08971,DIAB_A1C_TEST,2025-07-16,25.0,True,Research-generated IncentiveRewards mock,MyRewards Health Action Incentive,CARE_GAP_COMPLETION,USD
IR-MOCK08983-DIAB_A1C_TEST-20250730,MOCK08983,DIAB_A1C_TEST,2025-07-30,25.0,True,Research-generated IncentiveRewards mock,MyRewards Health Action Incentive,CARE_GAP_COMPLETION,USD
IR-MOCK08995-DIAB_A1C_TEST-20250801,MOCK08995,DIAB_A1C_TEST,2025-08-01,25.0,True,Research-generated IncentiveRewards mock,MyRewards Health Action Incentive,CARE_GAP_COMPLETION,USD
IR-MOCK09019-DIAB_A1C_TEST-20250712,MOCK09019,DIAB_A1C_TEST,2025-07-12,30.0,True,Research-generated IncentiveRewards mock,MyRewards Health Action Incentive,CARE_GAP_COMPLETION,USD
IR-MOCK09037-DIAB_A1C_TEST-20250804,MOCK09037,DIAB_A1C_TEST,2025-08-04,15.0,True,Research-generated IncentiveRewards mock,MyRewards Health Action Incentive,CARE_GAP_COMPLETION,USD
IR-MOCK09049-DIAB_A1C_TEST-20250802,MOCK09049,DIAB_A1C_TEST,2025-08-02,25.0,True,Research-generated IncentiveRewards mock,MyRewards Health Action Incentive,CARE_GAP_COMPLETION,USD
IR-MOCK09055-DIAB_A1C_TEST-20250726,MOCK09055,DIAB_A1C_TEST,2025-07-26,10.0,True,Research-generated IncentiveRewards mock,MyRewards Health Action Incentive,CARE_GAP_COMPLETION,USD
IR-MOCK09067-DIAB_A1C_TEST-20250708,MOCK09067,DIAB_A1C_TEST,2025-07-08,25.0,True,Research-generated IncentiveRewards mock,MyRewards Health Action Incentive,CARE_GAP_COMPLETION,USD
IR-MOCK09079-DIAB_A1C_TEST-20250712,MOCK09079,DIAB_A1C_TEST,2025-07-12,25.0,True,Research-generated IncentiveRewards mock,MyRewards Health Action Incentive,CARE_GAP_COMPLETION,USD
IR-MOCK09085-DIAB_A1C_TEST-20250709,MOCK09085,DIAB_A1C_TEST,2025-07-09,20.0,True,Research-generated IncentiveRewards mock,MyRewards Health Action Incentive,CARE_GAP_COMPLETION,USD
IR-MOCK09091-DIAB_A1C_TEST-20250805,MOCK09091,DIAB_A1C_TEST,2025-08-05,25.0,True,Research-generated IncentiveRewards mock,MyRewards Health Action Incentive,CARE_GAP_COMPLETION,USD
IR-MOCK09097-DIAB_A1C_TEST-20250718,MOCK09097,DIAB_A1C_TEST,2025-07-18,15.0,True,Research-generated IncentiveRewards mock,MyRewards Health Action Incentive,CARE_GAP_COMPLETION,USD
IR-MOCK09121-DIAB_A1C_TEST-20250802,MOCK09121,DIAB_A1C_TEST,2025-08-02,10.0,True,Research-generated IncentiveRewards mock,MyRewards Health Action Incentive,CARE_GAP_COMPLETION,USD
IR-MOCK09133-DIAB_A1C_TEST-20250707,MOCK09133,DIAB_A1C_TEST,2025-07-07,30.0,True,Research-generated IncentiveRewards mock,MyRewards Health Action Incentive,CARE_GAP_COMPLETION,USD
IR-MOCK09139-DIAB_A1C_TEST-20250705,MOCK09139,DIAB_A1C_TEST,2025-07-05,30.0,True,Research-generated IncentiveRewards mock,MyRewards Health Action Incentive,CARE_GAP_COMPLETION,USD
IR-MOCK09175-DIAB_A1C_TEST-20250804,MOCK09175,DIAB_A1C_TEST,2025-08-04,20.0,True,Research-generated IncentiveRewards mock,MyRewards Health Action Incentive,CARE_GAP_COMPLETION,USD
IR-MOCK09181-DIAB_A1C_TEST-20250703,MOCK09181,DIAB_A1C_TEST,2025-07-03,10.0,True,Research-generated IncentiveRewards mock,MyRewards Health Action Incentive,CARE_GAP_COMPLETION,USD
IR-MOCK09187-DIAB_A1C_TEST-20250630,MOCK09187,DIAB_A1C_TEST,2025-06-30,25.0,True,Research-generated IncentiveRewards mock,MyRewards Health Action Incentive,CARE_GAP_COMPLETION,USD
IR-MOCK09211-DIAB_A1C_TEST-20250701,MOCK09211,DIAB_A1C_TEST,2025-07-01,25.0,True,Research-generated IncentiveRewards mock,MyRewards Health Action Incentive,CARE_GAP_COMPLETION,USD
IR-MOCK09241-DIAB_A1C_TEST-20250718,MOCK09241,DIAB_A1C_TEST,2025-07-18,25.0,True,Research-generated IncentiveRewards mock,MyRewards Health Action Incentive,CARE_GAP_COMPLETION,USD
IR-MOCK09247-DIAB_A1C_TEST-20250709,MOCK09247,DIAB_A1C_TEST,2025-07-09,25.0,True,Research-generated IncentiveRewards mock,MyRewards Health Action Incentive,CARE_GAP_COMPLETION,USD
IR-MOCK09259-DIAB_A1C_TEST-20250722,MOCK09259,DIAB_A1C_TEST,2025-07-22,30.0,True,Research-generated IncentiveRewards mock,MyRewards Health Action Incentive,CARE_GAP_COMPLETION,USD
IR-MOCK09265-DIAB_A1C_TEST-20250708,MOCK09265,DIAB_A1C_TEST,2025-07-08,20.0,True,Research-generated IncentiveRewards mock,MyRewards Health Action Incentive,CARE_GAP_COMPLETION,USD
IR-MOCK09271-DIAB_A1C_TEST-20250723,MOCK09271,DIAB_A1C_TEST,2025-07-23,25.0,True,Research-generated IncentiveRewards mock,MyRewards Health Action Incentive,CARE_GAP_COMPLETION,USD
IR-MOCK09277-DIAB_A1C_TEST-20250726,MOCK09277,DIAB_A1C_TEST,2025-07-26,100.0,True,Research-generated IncentiveRewards mock,MyRewards Health Action Incentive,CARE_GAP_COMPLETION,USD
IR-MOCK09289-DIAB_A1C_TEST-20250719,MOCK09289,DIAB_A1C_TEST,2025-07-19,15.0,True,Research-generated IncentiveRewards mock,MyRewards Health Action Incentive,CARE_GAP_COMPLETION,USD
IR-MOCK09295-DIAB_A1C_TEST-20250630,MOCK09295,DIAB_A1C_TEST,2025-06-30,25.0,True,Research-generated IncentiveRewards mock,MyRewards Health Action Incentive,CARE_GAP_COMPLETION,USD
IR-MOCK09313-DIAB_A1C_TEST-20250720,MOCK09313,DIAB_A1C_TEST,2025-07-20,10.0,True,Research-generated IncentiveRewards mock,MyRewards Health Action Incentive,CARE_GAP_COMPLETION,USD
IR-MOCK09319-DIAB_A1C_TEST-20250724,MOCK09319,DIAB_A1C_TEST,2025-07-24,15.0,True,Research-generated IncentiveRewards mock,MyRewards Health Action Incentive,CARE_GAP_COMPLETION,USD
IR-MOCK09325-DIAB_A1C_TEST-20250717,MOCK09325,DIAB_A1C_TEST,2025-07-17,15.0,True,Research-generated IncentiveRewards mock,MyRewards Health Action Incentive,CARE_GAP_COMPLETION,USD
IR-MOCK09331-DIAB_A1C_TEST-20250706,MOCK09331,DIAB_A1C_TEST,2025-07-06,25.0,True,Research-generated IncentiveRewards mock,MyRewards Health Action Incentive,CARE_GAP_COMPLETION,USD
IR-MOCK09337-DIAB_A1C_TEST-20250803,MOCK09337,DIAB_A1C_TEST,2025-08-03,5.0,True,Research-generated IncentiveRewards mock,MyRewards Health Action Incentive,CARE_GAP_COMPLETION,USD
IR-MOCK09343-DIAB_A1C_TEST-20250730,MOCK09343,DIAB_A1C_TEST,2025-07-30,5.0,True,Research-generated IncentiveRewards mock,MyRewards Health Action Incentive,CARE_GAP_COMPLETION,USD
IR-MOCK09367-DIAB_A1C_TEST-20250709,MOCK09367,DIAB_A1C_TEST,2025-07-09,5.0,True,Research-generated IncentiveRewards mock,MyRewards Health Action Incentive,CARE_GAP_COMPLETION,USD
IR-MOCK09373-DIAB_A1C_TEST-20250709,MOCK09373,DIAB_A1C_TEST,2025-07-09,15.0,True,Research-generated IncentiveRewards mock,MyRewards Health Action Incentive,CARE_GAP_COMPLETION,USD
IR-MOCK09397-DIAB_A1C_TEST-20250806,MOCK09397,DIAB_A1C_TEST,2025-08-06,10.0,True,Research-generated IncentiveRewards mock,MyRewards Health Action Incentive,CARE_GAP_COMPLETION,USD
IR-MOCK09403-DIAB_A1C_TEST-20250723,MOCK09403,DIAB_A1C_TEST,2025-07-23,25.0,True,Research-generated IncentiveRewards mock,MyRewards Health Action Incentive,CARE_GAP_COMPLETION,USD
IR-MOCK09421-DIAB_A1C_TEST-20250703,MOCK09421,DIAB_A1C_TEST,2025-07-03,25.0,True,Research-generated IncentiveRewards mock,MyRewards Health Action Incentive,CARE_GAP_COMPLETION,USD
IR-MOCK09445-DIAB_A1C_TEST-20250705,MOCK09445,DIAB_A1C_TEST,2025-07-05,20.0,True,Research-generated IncentiveRewards mock,MyRewards Health Action Incentive,CARE_GAP_COMPLETION,USD
IR-MOCK09463-DIAB_A1C_TEST-20250731,MOCK09463,DIAB_A1C_TEST,2025-07-31,20.0,True,Research-generated IncentiveRewards mock,MyRewards Health Action Incentive,CARE_GAP_COMPLETION,USD
IR-MOCK09487-DIAB_A1C_TEST-20250708,MOCK09487,DIAB_A1C_TEST,2025-07-08,100.0,True,Research-generated IncentiveRewards mock,MyRewards Health Action Incentive,CARE_GAP_COMPLETION,USD
IR-MOCK09505-DIAB_A1C_TEST-20250724,MOCK09505,DIAB_A1C_TEST,2025-07-24,30.0,True,Research-generated IncentiveRewards mock,MyRewards Health Action Incentive,CARE_GAP_COMPLETION,USD
IR-MOCK09511-DIAB_A1C_TEST-20250712,MOCK09511,DIAB_A1C_TEST,2025-07-12,25.0,True,Research-generated IncentiveRewards mock,MyRewards Health Action Incentive,CARE_GAP_COMPLETION,USD
IR-MOCK09517-DIAB_A1C_TEST-20250801,MOCK09517,DIAB_A1C_TEST,2025-08-01,30.0,True,Research-generated IncentiveRewards mock,MyRewards Health Action Incentive,CARE_GAP_COMPLETION,USD
IR-MOCK09523-DIAB_A1C_TEST-20250703,MOCK09523,DIAB_A1C_TEST,2025-07-03,25.0,True,Research-generated IncentiveRewards mock,MyRewards Health Action Incentive,CARE_GAP_COMPLETION,USD
IR-MOCK09541-DIAB_A1C_TEST-20250728,MOCK09541,DIAB_A1C_TEST,2025-07-28,20.0,True,Research-generated IncentiveRewards mock,MyRewards Health Action Incentive,CARE_GAP_COMPLETION,USD
IR-MOCK09553-DIAB_A1C_TEST-20250714,MOCK09553,DIAB_A1C_TEST,2025-07-14,15.0,True,Research-generated IncentiveRewards mock,MyRewards Health Action Incentive,CARE_GAP_COMPLETION,USD
IR-MOCK09589-DIAB_A1C_TEST-20250801,MOCK09589,DIAB_A1C_TEST,2025-08-01,25.0,True,Research-generated IncentiveRewards mock,MyRewards Health Action Incentive,CARE_GAP_COMPLETION,USD
IR-MOCK09595-DIAB_A1C_TEST-20250727,MOCK09595,DIAB_A1C_TEST,2025-07-27,20.0,True,Research-generated IncentiveRewards mock,MyRewards Health Action Incentive,CARE_GAP_COMPLETION,USD
IR-MOCK09601-DIAB_A1C_TEST-20250711,MOCK09601,DIAB_A1C_TEST,2025-07-11,20.0,True,Research-generated IncentiveRewards mock,MyRewards Health Action Incentive,CARE_GAP_COMPLETION,USD
IR-MOCK09607-DIAB_A1C_TEST-20250728,MOCK09607,DIAB_A1C_TEST,2025-07-28,20.0,True,Research-generated IncentiveRewards mock,MyRewards Health Action Incentive,CARE_GAP_COMPLETION,USD
IR-MOCK09613-DIAB_A1C_TEST-20250801,MOCK09613,DIAB_A1C_TEST,2025-08-01,50.0,True,Research-generated IncentiveRewards mock,MyRewards Health Action Incentive,CARE_GAP_COMPLETION,USD
IR-MOCK09619-DIAB_A1C_TEST-20250712,MOCK09619,DIAB_A1C_TEST,2025-07-12,30.0,True,Research-generated IncentiveRewards mock,MyRewards Health Action Incentive,CARE_GAP_COMPLETION,USD
IR-MOCK09649-DIAB_A1C_TEST-20250709,MOCK09649,DIAB_A1C_TEST,2025-07-09,10.0,True,Research-generated IncentiveRewards mock,MyRewards Health Action Incentive,CARE_GAP_COMPLETION,USD
IR-MOCK09655-DIAB_A1C_TEST-20250704,MOCK09655,DIAB_A1C_TEST,2025-07-04,30.0,True,Research-generated IncentiveRewards mock,MyRewards Health Action Incentive,CARE_GAP_COMPLETION,USD
IR-MOCK09673-DIAB_A1C_TEST-20250726,MOCK09673,DIAB_A1C_TEST,2025-07-26,20.0,True,Research-generated IncentiveRewards mock,MyRewards Health Action Incentive,CARE_GAP_COMPLETION,USD
IR-MOCK09691-DIAB_A1C_TEST-20250706,MOCK09691,DIAB_A1C_TEST,2025-07-06,20.0,True,Research-generated IncentiveRewards mock,MyRewards Health Action Incentive,CARE_GAP_COMPLETION,USD
IR-MOCK09697-DIAB_A1C_TEST-20250730,MOCK09697,DIAB_A1C_TEST,2025-07-30,20.0,True,Research-generated IncentiveRewards mock,MyRewards Health Action Incentive,CARE_GAP_COMPLETION,USD
IR-MOCK09703-DIAB_A1C_TEST-20250719,MOCK09703,DIAB_A1C_TEST,2025-07-19,30.0,True,Research-generated IncentiveRewards mock,MyRewards Health Action Incentive,CARE_GAP_COMPLETION,USD
IR-MOCK09739-DIAB_A1C_TEST-20250630,MOCK09739,DIAB_A1C_TEST,2025-06-30,25.0,True,Research-generated IncentiveRewards mock,MyRewards Health Action Incentive,CARE_GAP_COMPLETION,USD
IR-MOCK09763-DIAB_A1C_TEST-20250722,MOCK09763,DIAB_A1C_TEST,2025-07-22,30.0,True,Research-generated IncentiveRewards mock,MyRewards Health Action Incentive,CARE_GAP_COMPLETION,USD
IR-MOCK09781-DIAB_A1C_TEST-20250722,MOCK09781,DIAB_A1C_TEST,2025-07-22,25.0,True,Research-generated IncentiveRewards mock,MyRewards Health Action Incentive,CARE_GAP_COMPLETION,USD
IR-MOCK09787-DIAB_A1C_TEST-20250803,MOCK09787,DIAB_A1C_TEST,2025-08-03,15.0,True,Research-generated IncentiveRewards mock,MyRewards Health Action Incentive,CARE_GAP_COMPLETION,USD
IR-MOCK09793-DIAB_A1C_TEST-20250703,MOCK09793,DIAB_A1C_TEST,2025-07-03,25.0,True,Research-generated IncentiveRewards mock,MyRewards Health Action Incentive,CARE_GAP_COMPLETION,USD
IR-MOCK09811-DIAB_A1C_TEST-20250720,MOCK09811,DIAB_A1C_TEST,2025-07-20,20.0,True,Research-generated IncentiveRewards mock,MyRewards Health Action Incentive,CARE_GAP_COMPLETION,USD
IR-MOCK09823-DIAB_A1C_TEST-20250724,MOCK09823,DIAB_A1C_TEST,2025-07-24,20.0,True,Research-generated IncentiveRewards mock,MyRewards Health Action Incentive,CARE_GAP_COMPLETION,USD
IR-MOCK09835-DIAB_A1C_TEST-20250710,MOCK09835,DIAB_A1C_TEST,2025-07-10,25.0,True,Research-generated IncentiveRewards mock,MyRewards Health Action Incentive,CARE_GAP_COMPLETION,USD
IR-MOCK09853-DIAB_A1C_TEST-20250717,MOCK09853,DIAB_A1C_TEST,2025-07-17,10.0,True,Research-generated IncentiveRewards mock,MyRewards Health Action Incentive,CARE_GAP_COMPLETION,USD
IR-MOCK09859-DIAB_A1C_TEST-20250723,MOCK09859,DIAB_A1C_TEST,2025-07-23,5.0,True,Research-generated IncentiveRewards mock,MyRewards Health Action Incentive,CARE_GAP_COMPLETION,USD
IR-MOCK09895-DIAB_A1C_TEST-20250801,MOCK09895,DIAB_A1C_TEST,2025-08-01,25.0,True,Research-generated IncentiveRewards mock,MyRewards Health Action Incentive,CARE_GAP_COMPLETION,USD
IR-MOCK09907-DIAB_A1C_TEST-20250630,MOCK09907,DIAB_A1C_TEST,2025-06-30,10.0,True,Research-generated IncentiveRewards mock,MyRewards Health Action Incentive,CARE_GAP_COMPLETION,USD
IR-MOCK09913-DIAB_A1C_TEST-20250702,MOCK09913,DIAB_A1C_TEST,2025-07-02,30.0,True,Research-generated IncentiveRewards mock,MyRewards Health Action Incentive,CARE_GAP_COMPLETION,USD
IR-MOCK09919-DIAB_A1C_TEST-20250723,MOCK09919,DIAB_A1C_TEST,2025-07-23,10.0,True,Research-generated IncentiveRewards mock,MyRewards Health Action Incentive,CARE_GAP_COMPLETION,USD
IR-MOCK09925-DIAB_A1C_TEST-20250706,MOCK09925,DIAB_A1C_TEST,2025-07-06,30.0,True,Research-generated IncentiveRewards mock,MyRewards Health Action Incentive,CARE_GAP_COMPLETION,USD
IR-MOCK09949-DIAB_A1C_TEST-20250801,MOCK09949,DIAB_A1C_TEST,2025-08-01,15.0,True,Research-generated IncentiveRewards mock,MyRewards Health Action Incentive,CARE_GAP_COMPLETION,USD
IR-MOCK09967-DIAB_A1C_TEST-20250723,MOCK09967,DIAB_A1C_TEST,2025-07-23,25.0,True,Research-generated IncentiveRewards mock,MyRewards Health Action Incentive,CARE_GAP_COMPLETION,USD
IR-MOCK09985-DIAB_A1C_TEST-20250720,MOCK09985,DIAB_A1C_TEST,2025-07-20,25.0,True,Research-generated IncentiveRewards mock,MyRewards Health Action Incentive,CARE_GAP_COMPLETION,USD
IR-MOCK00001-DIAB_EYE_EXAM-20250726,MOCK00001,DIAB_EYE_EXAM,2025-07-26,5.0,True,Research-generated IncentiveRewards mock,MyRewards Health Action Incentive,CARE_GAP_COMPLETION,USD
IR-MOCK00007-DIAB_EYE_EXAM-20250720,MOCK00007,DIAB_EYE_EXAM,2025-07-20,20.0,True,Research-generated IncentiveRewards mock,MyRewards Health Action Incentive,CARE_GAP_COMPLETION,USD
IR-MOCK00061-DIAB_EYE_EXAM-20250716,MOCK00061,DIAB_EYE_EXAM,2025-07-16,15.0,True,Research-generated IncentiveRewards mock,MyRewards Health Action Incentive,CARE_GAP_COMPLETION,USD
IR-MOCK00097-DIAB_EYE_EXAM-20250731,MOCK00097,DIAB_EYE_EXAM,2025-07-31,5.0,True,Research-generated IncentiveRewards mock,MyRewards Health Action Incentive,CARE_GAP_COMPLETION,USD
IR-MOCK00103-DIAB_EYE_EXAM-20250713,MOCK00103,DIAB_EYE_EXAM,2025-07-13,20.0,True,Research-generated IncentiveRewards mock,MyRewards Health Action Incentive,CARE_GAP_COMPLETION,USD
IR-MOCK00109-DIAB_EYE_EXAM-20250720,MOCK00109,DIAB_EYE_EXAM,2025-07-20,25.0,True,Research-generated IncentiveRewards mock,MyRewards Health Action Incentive,CARE_GAP_COMPLETION,USD
IR-MOCK00115-DIAB_EYE_EXAM-20250716,MOCK00115,DIAB_EYE_EXAM,2025-07-16,20.0,True,Research-generated IncentiveRewards mock,MyRewards Health Action Incentive,CARE_GAP_COMPLETION,USD
IR-MOCK00127-DIAB_EYE_EXAM-20250805,MOCK00127,DIAB_EYE_EXAM,2025-08-05,25.0,True,Research-generated IncentiveRewards mock,MyRewards Health Action Incentive,CARE_GAP_COMPLETION,USD
IR-MOCK00133-DIAB_EYE_EXAM-20250703,MOCK00133,DIAB_EYE_EXAM,2025-07-03,20.0,True,Research-generated IncentiveRewards mock,MyRewards Health Action Incentive,CARE_GAP_COMPLETION,USD
IR-MOCK00139-DIAB_EYE_EXAM-20250730,MOCK00139,DIAB_EYE_EXAM,2025-07-30,20.0,True,Research-generated IncentiveRewards mock,MyRewards Health Action Incentive,CARE_GAP_COMPLETION,USD
IR-MOCK00157-DIAB_EYE_EXAM-20250715,MOCK00157,DIAB_EYE_EXAM,2025-07-15,20.0,True,Research-generated IncentiveRewards mock,MyRewards Health Action Incentive,CARE_GAP_COMPLETION,USD
IR-MOCK00163-DIAB_EYE_EXAM-20250706,MOCK00163,DIAB_EYE_EXAM,2025-07-06,25.0,True,Research-generated IncentiveRewards mock,MyRewards Health Action Incentive,CARE_GAP_COMPLETION,USD
IR-MOCK00169-DIAB_EYE_EXAM-20250726,MOCK00169,DIAB_EYE_EXAM,2025-07-26,20.0,True,Research-generated IncentiveRewards mock,MyRewards Health Action Incentive,CARE_GAP_COMPLETION,USD
IR-MOCK00175-DIAB_EYE_EXAM-20250718,MOCK00175,DIAB_EYE_EXAM,2025-07-18,20.0,True,Research-generated IncentiveRewards mock,MyRewards Health Action Incentive,CARE_GAP_COMPLETION,USD
IR-MOCK00181-DIAB_EYE_EXAM-20250705,MOCK00181,DIAB_EYE_EXAM,2025-07-05,20.0,True,Research-generated IncentiveRewards mock,MyRewards Health Action Incentive,CARE_GAP_COMPLETION,USD
IR-MOCK00187-DIAB_EYE_EXAM-20250714,MOCK00187,DIAB_EYE_EXAM,2025-07-14,10.0,True,Research-generated IncentiveRewards mock,MyRewards Health Action Incentive,CARE_GAP_COMPLETION,USD
IR-MOCK00193-DIAB_EYE_EXAM-20250806,MOCK00193,DIAB_EYE_EXAM,2025-08-06,20.0,True,Research-generated IncentiveRewards mock,MyRewards Health Action Incentive,CARE_GAP_COMPLETION,USD
IR-MOCK00217-DIAB_EYE_EXAM-20250707,MOCK00217,DIAB_EYE_EXAM,2025-07-07,15.0,True,Research-generated IncentiveRewards mock,MyRewards Health Action Incentive,CARE_GAP_COMPLETION,USD
IR-MOCK00223-DIAB_EYE_EXAM-20250804,MOCK00223,DIAB_EYE_EXAM,2025-08-04,20.0,True,Research-generated IncentiveRewards mock,MyRewards Health Action Incentive,CARE_GAP_COMPLETION,USD
IR-MOCK00235-DIAB_EYE_EXAM-20250807,MOCK00235,DIAB_EYE_EXAM,2025-08-07,15.0,True,Research-generated IncentiveRewards mock,MyRewards Health Action Incentive,CARE_GAP_COMPLETION,USD
IR-MOCK00259-DIAB_EYE_EXAM-20250713,MOCK00259,DIAB_EYE_EXAM,2025-07-13,15.0,True,Research-generated IncentiveRewards mock,MyRewards Health Action Incentive,CARE_GAP_COMPLETION,USD
IR-MOCK00271-DIAB_EYE_EXAM-20250803,MOCK00271,DIAB_EYE_EXAM,2025-08-03,25.0,True,Research-generated IncentiveRewards mock,MyRewards Health Action Incentive,CARE_GAP_COMPLETION,USD
IR-MOCK00277-DIAB_EYE_EXAM-20250728,MOCK00277,DIAB_EYE_EXAM,2025-07-28,25.0,True,Research-generated IncentiveRewards mock,MyRewards Health Action Incentive,CARE_GAP_COMPLETION,USD
IR-MOCK00283-DIAB_EYE_EXAM-20250725,MOCK00283,DIAB_EYE_EXAM,2025-07-25,25.0,True,Research-generated IncentiveRewards mock,MyRewards Health Action Incentive,CARE_GAP_COMPLETION,USD
IR-MOCK00301-DIAB_EYE_EXAM-20250714,MOCK00301,DIAB_EYE_EXAM,2025-07-14,20.0,True,Research-generated IncentiveRewards mock,MyRewards Health Action Incentive,CARE_GAP_COMPLETION,USD
IR-MOCK00307-DIAB_EYE_EXAM-20250716,MOCK00307,DIAB_EYE_EXAM,2025-07-16,20.0,True,Research-generated IncentiveRewards mock,MyRewards Health Action Incentive,CARE_GAP_COMPLETION,USD
IR-MOCK00325-DIAB_EYE_EXAM-20250728,MOCK00325,DIAB_EYE_EXAM,2025-07-28,25.0,True,Research-generated IncentiveRewards mock,MyRewards Health Action Incentive,CARE_GAP_COMPLETION,USD
IR-MOCK00331-DIAB_EYE_EXAM-20250725,MOCK00331,DIAB_EYE_EXAM,2025-07-25,20.0,True,Research-generated IncentiveRewards mock,MyRewards Health Action Incentive,CARE_GAP_COMPLETION,USD
IR-MOCK00355-DIAB_EYE_EXAM-20250806,MOCK00355,DIAB_EYE_EXAM,2025-08-06,30.0,True,Research-generated IncentiveRewards mock,MyRewards Health Action Incentive,CARE_GAP_COMPLETION,USD
IR-MOCK00361-DIAB_EYE_EXAM-20250722,MOCK00361,DIAB_EYE_EXAM,2025-07-22,20.0,True,Research-generated IncentiveRewards mock,MyRewards Health Action Incentive,CARE_GAP_COMPLETION,USD
IR-MOCK00367-DIAB_EYE_EXAM-20250717,MOCK00367,DIAB_EYE_EXAM,2025-07-17,20.0,True,Research-generated IncentiveRewards mock,MyRewards Health Action Incentive,CARE_GAP_COMPLETION,USD
IR-MOCK00373-DIAB_EYE_EXAM-20250704,MOCK00373,DIAB_EYE_EXAM,2025-07-04,50.0,True,Research-generated IncentiveRewards mock,MyRewards Health Action Incentive,CARE_GAP_COMPLETION,USD
IR-MOCK00385-DIAB_EYE_EXAM-20250804,MOCK00385,DIAB_EYE_EXAM,2025-08-04,20.0,True,Research-generated IncentiveRewards mock,MyRewards Health Action Incentive,CARE_GAP_COMPLETION,USD
IR-MOCK00421-DIAB_EYE_EXAM-20250703,MOCK00421,DIAB_EYE_EXAM,2025-07-03,20.0,True,Research-generated IncentiveRewards mock,MyRewards Health Action Incentive,CARE_GAP_COMPLETION,USD
IR-MOCK00427-DIAB_EYE_EXAM-20250630,MOCK00427,DIAB_EYE_EXAM,2025-06-30,20.0,True,Research-generated IncentiveRewards mock,MyRewards Health Action Incentive,CARE_GAP_COMPLETION,USD
IR-MOCK00433-DIAB_EYE_EXAM-20250707,MOCK00433,DIAB_EYE_EXAM,2025-07-07,35.0,True,Research-generated IncentiveRewards mock,MyRewards Health Action Incentive,CARE_GAP_COMPLETION,USD
IR-MOCK00451-DIAB_EYE_EXAM-20250717,MOCK00451,DIAB_EYE_EXAM,2025-07-17,25.0,True,Research-generated IncentiveRewards mock,MyRewards Health Action Incentive,CARE_GAP_COMPLETION,USD
IR-MOCK00457-DIAB_EYE_EXAM-20250630,MOCK00457,DIAB_EYE_EXAM,2025-06-30,25.0,True,Research-generated IncentiveRewards mock,MyRewards Health Action Incentive,CARE_GAP_COMPLETION,USD
IR-MOCK00463-DIAB_EYE_EXAM-20250708,MOCK00463,DIAB_EYE_EXAM,2025-07-08,35.0,True,Research-generated IncentiveRewards mock,MyRewards Health Action Incentive,CARE_GAP_COMPLETION,USD
IR-MOCK00469-DIAB_EYE_EXAM-20250807,MOCK00469,DIAB_EYE_EXAM,2025-08-07,25.0,True,Research-generated IncentiveRewards mock,MyRewards Health Action Incentive,CARE_GAP_COMPLETION,USD
IR-MOCK00481-DIAB_EYE_EXAM-20250714,MOCK00481,DIAB_EYE_EXAM,2025-07-14,25.0,True,Research-generated IncentiveRewards mock,MyRewards Health Action Incentive,CARE_GAP_COMPLETION,USD
IR-MOCK00499-DIAB_EYE_EXAM-20250805,MOCK00499,DIAB_EYE_EXAM,2025-08-05,5.0,True,Research-generated IncentiveRewards mock,MyRewards Health Action Incentive,CARE_GAP_COMPLETION,USD
IR-MOCK00505-DIAB_EYE_EXAM-20250803,MOCK00505,DIAB_EYE_EXAM,2025-08-03,20.0,True,Research-generated IncentiveRewards mock,MyRewards Health Action Incentive,CARE_GAP_COMPLETION,USD
IR-MOCK00523-DIAB_EYE_EXAM-20250724,MOCK00523,DIAB_EYE_EXAM,2025-07-24,5.0,True,Research-generated IncentiveRewards mock,MyRewards Health Action Incentive,CARE_GAP_COMPLETION,USD
IR-MOCK00529-DIAB_EYE_EXAM-20250712,MOCK00529,DIAB_EYE_EXAM,2025-07-12,2.0,True,Research-generated IncentiveRewards mock,MyRewards Health Action Incentive,CARE_GAP_COMPLETION,USD
IR-MOCK00565-DIAB_EYE_EXAM-20250715,MOCK00565,DIAB_EYE_EXAM,2025-07-15,25.0,True,Research-generated IncentiveRewards mock,MyRewards Health Action Incentive,CARE_GAP_COMPLETION,USD
IR-MOCK00577-DIAB_EYE_EXAM-20250723,MOCK00577,DIAB_EYE_EXAM,2025-07-23,5.0,True,Research-generated IncentiveRewards mock,MyRewards Health Action Incentive,CARE_GAP_COMPLETION,USD
IR-MOCK00631-DIAB_EYE_EXAM-20250714,MOCK00631,DIAB_EYE_EXAM,2025-07-14,5.0,True,Research-generated IncentiveRewards mock,MyRewards Health Action Incentive,CARE_GAP_COMPLETION,USD
IR-MOCK00637-DIAB_EYE_EXAM-20250715,MOCK00637,DIAB_EYE_EXAM,2025-07-15,20.0,True,Research-generated IncentiveRewards mock,MyRewards Health Action Incentive,CARE_GAP_COMPLETION,USD
IR-MOCK00667-DIAB_EYE_EXAM-20250712,MOCK00667,DIAB_EYE_EXAM,2025-07-12,25.0,True,Research-generated IncentiveRewards mock,MyRewards Health Action Incentive,CARE_GAP_COMPLETION,USD
IR-MOCK00673-DIAB_EYE_EXAM-20250726,MOCK00673,DIAB_EYE_EXAM,2025-07-26,20.0,True,Research-generated IncentiveRewards mock,MyRewards Health Action Incentive,CARE_GAP_COMPLETION,USD
IR-MOCK00685-DIAB_EYE_EXAM-20250713,MOCK00685,DIAB_EYE_EXAM,2025-07-13,25.0,True,Research-generated IncentiveRewards mock,MyRewards Health Action Incentive,CARE_GAP_COMPLETION,USD
IR-MOCK00709-DIAB_EYE_EXAM-20250709,MOCK00709,DIAB_EYE_EXAM,2025-07-09,25.0,True,Research-generated IncentiveRewards mock,MyRewards Health Action Incentive,CARE_GAP_COMPLETION,USD
IR-MOCK00721-DIAB_EYE_EXAM-20250703,MOCK00721,DIAB_EYE_EXAM,2025-07-03,20.0,True,Research-generated IncentiveRewards mock,MyRewards Health Action Incentive,CARE_GAP_COMPLETION,USD
IR-MOCK00727-DIAB_EYE_EXAM-20250718,MOCK00727,DIAB_EYE_EXAM,2025-07-18,10.0,True,Research-generated IncentiveRewards mock,MyRewards Health Action Incentive,CARE_GAP_COMPLETION,USD
IR-MOCK00733-DIAB_EYE_EXAM-20250729,MOCK00733,DIAB_EYE_EXAM,2025-07-29,10.0,True,Research-generated IncentiveRewards mock,MyRewards Health Action Incentive,CARE_GAP_COMPLETION,USD
IR-MOCK00739-DIAB_EYE_EXAM-20250722,MOCK00739,DIAB_EYE_EXAM,2025-07-22,25.0,True,Research-generated IncentiveRewards mock,MyRewards Health Action Incentive,CARE_GAP_COMPLETION,USD
IR-MOCK00757-DIAB_EYE_EXAM-20250710,MOCK00757,DIAB_EYE_EXAM,2025-07-10,35.0,True,Research-generated IncentiveRewards mock,MyRewards Health Action Incentive,CARE_GAP_COMPLETION,USD
IR-MOCK00793-DIAB_EYE_EXAM-20250720,MOCK00793,DIAB_EYE_EXAM,2025-07-20,20.0,True,Research-generated IncentiveRewards mock,MyRewards Health Action Incentive,CARE_GAP_COMPLETION,USD
IR-MOCK00799-DIAB_EYE_EXAM-20250702,MOCK00799,DIAB_EYE_EXAM,2025-07-02,10.0,True,Research-generated IncentiveRewards mock,MyRewards Health Action Incentive,CARE_GAP_COMPLETION,USD
IR-MOCK00823-DIAB_EYE_EXAM-20250704,MOCK00823,DIAB_EYE_EXAM,2025-07-04,50.0,True,Research-generated IncentiveRewards mock,MyRewards Health Action Incentive,CARE_GAP_COMPLETION,USD
IR-MOCK00829-DIAB_EYE_EXAM-20250701,MOCK00829,DIAB_EYE_EXAM,2025-07-01,5.0,True,Research-generated IncentiveRewards mock,MyRewards Health Action Incentive,CARE_GAP_COMPLETION,USD
IR-MOCK00841-DIAB_EYE_EXAM-20250718,MOCK00841,DIAB_EYE_EXAM,2025-07-18,20.0,True,Research-generated IncentiveRewards mock,MyRewards Health Action Incentive,CARE_GAP_COMPLETION,USD
IR-MOCK00859-DIAB_EYE_EXAM-20250709,MOCK00859,DIAB_EYE_EXAM,2025-07-09,5.0,True,Research-generated IncentiveRewards mock,MyRewards Health Action Incentive,CARE_GAP_COMPLETION,USD
IR-MOCK00865-DIAB_EYE_EXAM-20250725,MOCK00865,DIAB_EYE_EXAM,2025-07-25,25.0,True,Research-generated IncentiveRewards mock,MyRewards Health Action Incentive,CARE_GAP_COMPLETION,USD
IR-MOCK00871-DIAB_EYE_EXAM-20250726,MOCK00871,DIAB_EYE_EXAM,2025-07-26,25.0,True,Research-generated IncentiveRewards mock,MyRewards Health Action Incentive,CARE_GAP_COMPLETION,USD
IR-MOCK00877-DIAB_EYE_EXAM-20250719,MOCK00877,DIAB_EYE_EXAM,2025-07-19,20.0,True,Research-generated IncentiveRewards mock,MyRewards Health Action Incentive,CARE_GAP_COMPLETION,USD
IR-MOCK00895-DIAB_EYE_EXAM-20250709,MOCK00895,DIAB_EYE_EXAM,2025-07-09,10.0,True,Research-generated IncentiveRewards mock,MyRewards Health Action Incentive,CARE_GAP_COMPLETION,USD
IR-MOCK00907-DIAB_EYE_EXAM-20250705,MOCK00907,DIAB_EYE_EXAM,2025-07-05,15.0,True,Research-generated IncentiveRewards mock,MyRewards Health Action Incentive,CARE_GAP_COMPLETION,USD
IR-MOCK00913-DIAB_EYE_EXAM-20250711,MOCK00913,DIAB_EYE_EXAM,2025-07-11,20.0,True,Research-generated IncentiveRewards mock,MyRewards Health Action Incentive,CARE_GAP_COMPLETION,USD
IR-MOCK00937-DIAB_EYE_EXAM-20250803,MOCK00937,DIAB_EYE_EXAM,2025-08-03,10.0,True,Research-generated IncentiveRewards mock,MyRewards Health Action Incentive,CARE_GAP_COMPLETION,USD
IR-MOCK00949-DIAB_EYE_EXAM-20250804,MOCK00949,DIAB_EYE_EXAM,2025-08-04,5.0,False,Research-generated IncentiveRewards mock,MyRewards Health Action Incentive,CARE_GAP_COMPLETION,USD
IR-MOCK00973-DIAB_EYE_EXAM-20250807,MOCK00973,DIAB_EYE_EXAM,2025-08-07,25.0,True,Research-generated IncentiveRewards mock,MyRewards Health Action Incentive,CARE_GAP_COMPLETION,USD
IR-MOCK00991-DIAB_EYE_EXAM-20250722,MOCK00991,DIAB_EYE_EXAM,2025-07-22,20.0,True,Research-generated IncentiveRewards mock,MyRewards Health Action Incentive,CARE_GAP_COMPLETION,USD
IR-MOCK01015-DIAB_EYE_EXAM-20250805,MOCK01015,DIAB_EYE_EXAM,2025-08-05,20.0,True,Research-generated IncentiveRewards mock,MyRewards Health Action Incentive,CARE_GAP_COMPLETION,USD
IR-MOCK01027-DIAB_EYE_EXAM-20250708,MOCK01027,DIAB_EYE_EXAM,2025-07-08,25.0,True,Research-generated IncentiveRewards mock,MyRewards Health Action Incentive,CARE_GAP_COMPLETION,USD
IR-MOCK01045-DIAB_EYE_EXAM-20250703,MOCK01045,DIAB_EYE_EXAM,2025-07-03,5.0,True,Research-generated IncentiveRewards mock,MyRewards Health Action Incentive,CARE_GAP_COMPLETION,USD
IR-MOCK01093-DIAB_EYE_EXAM-20250706,MOCK01093,DIAB_EYE_EXAM,2025-07-06,35.0,True,Research-generated IncentiveRewards mock,MyRewards Health Action Incentive,CARE_GAP_COMPLETION,USD
IR-MOCK01117-DIAB_EYE_EXAM-20250706,MOCK01117,DIAB_EYE_EXAM,2025-07-06,5.0,True,Research-generated IncentiveRewards mock,MyRewards Health Action Incentive,CARE_GAP_COMPLETION,USD
IR-MOCK01123-DIAB_EYE_EXAM-20250704,MOCK01123,DIAB_EYE_EXAM,2025-07-04,5.0,True,Research-generated IncentiveRewards mock,MyRewards Health Action Incentive,CARE_GAP_COMPLETION,USD
IR-MOCK01129-DIAB_EYE_EXAM-20250802,MOCK01129,DIAB_EYE_EXAM,2025-08-02,25.0,True,Research-generated IncentiveRewards mock,MyRewards Health Action Incentive,CARE_GAP_COMPLETION,USD
IR-MOCK01135-DIAB_EYE_EXAM-20250714,MOCK01135,DIAB_EYE_EXAM,2025-07-14,15.0,True,Research-generated IncentiveRewards mock,MyRewards Health Action Incentive,CARE_GAP_COMPLETION,USD
IR-MOCK01141-DIAB_EYE_EXAM-20250722,MOCK01141,DIAB_EYE_EXAM,2025-07-22,25.0,True,Research-generated IncentiveRewards mock,MyRewards Health Action Incentive,CARE_GAP_COMPLETION,USD
IR-MOCK01147-DIAB_EYE_EXAM-20250720,MOCK01147,DIAB_EYE_EXAM,2025-07-20,5.0,True,Research-generated IncentiveRewards mock,MyRewards Health Action Incentive,CARE_GAP_COMPLETION,USD
IR-MOCK01153-DIAB_EYE_EXAM-20250728,MOCK01153,DIAB_EYE_EXAM,2025-07-28,25.0,True,Research-generated IncentiveRewards mock,MyRewards Health Action Incentive,CARE_GAP_COMPLETION,USD
IR-MOCK01165-DIAB_EYE_EXAM-20250711,MOCK01165,DIAB_EYE_EXAM,2025-07-11,15.0,True,Research-generated IncentiveRewards mock,MyRewards Health Action Incentive,CARE_GAP_COMPLETION,USD
IR-MOCK01177-DIAB_EYE_EXAM-20250714,MOCK01177,DIAB_EYE_EXAM,2025-07-14,20.0,True,Research-generated IncentiveRewards mock,MyRewards Health Action Incentive,CARE_GAP_COMPLETION,USD
IR-MOCK01189-DIAB_EYE_EXAM-20250715,MOCK01189,DIAB_EYE_EXAM,2025-07-15,25.0,True,Research-generated IncentiveRewards mock,MyRewards Health Action Incentive,CARE_GAP_COMPLETION,USD
IR-MOCK01213-DIAB_EYE_EXAM-20250730,MOCK01213,DIAB_EYE_EXAM,2025-07-30,20.0,True,Research-generated IncentiveRewards mock,MyRewards Health Action Incentive,CARE_GAP_COMPLETION,USD
IR-MOCK01225-DIAB_EYE_EXAM-20250708,MOCK01225,DIAB_EYE_EXAM,2025-07-08,15.0,True,Research-generated IncentiveRewards mock,MyRewards Health Action Incentive,CARE_GAP_COMPLETION,USD
IR-MOCK01237-DIAB_EYE_EXAM-20250805,MOCK01237,DIAB_EYE_EXAM,2025-08-05,15.0,True,Research-generated IncentiveRewards mock,MyRewards Health Action Incentive,CARE_GAP_COMPLETION,USD
IR-MOCK01249-DIAB_EYE_EXAM-20250704,MOCK01249,DIAB_EYE_EXAM,2025-07-04,10.0,True,Research-generated IncentiveRewards mock,MyRewards Health Action Incentive,CARE_GAP_COMPLETION,USD
IR-MOCK01261-DIAB_EYE_EXAM-20250803,MOCK01261,DIAB_EYE_EXAM,2025-08-03,50.0,True,Research-generated IncentiveRewards mock,MyRewards Health Action Incentive,CARE_GAP_COMPLETION,USD
IR-MOCK01267-DIAB_EYE_EXAM-20250728,MOCK01267,DIAB_EYE_EXAM,2025-07-28,25.0,True,Research-generated IncentiveRewards mock,MyRewards Health Action Incentive,CARE_GAP_COMPLETION,USD
IR-MOCK01273-DIAB_EYE_EXAM-20250703,MOCK01273,DIAB_EYE_EXAM,2025-07-03,20.0,True,Research-generated IncentiveRewards mock,MyRewards Health Action Incentive,CARE_GAP_COMPLETION,USD
IR-MOCK01279-DIAB_EYE_EXAM-20250715,MOCK01279,DIAB_EYE_EXAM,2025-07-15,15.0,True,Research-generated IncentiveRewards mock,MyRewards Health Action Incentive,CARE_GAP_COMPLETION,USD
IR-MOCK01303-DIAB_EYE_EXAM-20250724,MOCK01303,DIAB_EYE_EXAM,2025-07-24,15.0,True,Research-generated IncentiveRewards mock,MyRewards Health Action Incentive,CARE_GAP_COMPLETION,USD
IR-MOCK01309-DIAB_EYE_EXAM-20250707,MOCK01309,DIAB_EYE_EXAM,2025-07-07,20.0,True,Research-generated IncentiveRewards mock,MyRewards Health Action Incentive,CARE_GAP_COMPLETION,USD
IR-MOCK01321-DIAB_EYE_EXAM-20250716,MOCK01321,DIAB_EYE_EXAM,2025-07-16,5.0,True,Research-generated IncentiveRewards mock,MyRewards Health Action Incentive,CARE_GAP_COMPLETION,USD
IR-MOCK01327-DIAB_EYE_EXAM-20250702,MOCK01327,DIAB_EYE_EXAM,2025-07-02,20.0,True,Research-generated IncentiveRewards mock,MyRewards Health Action Incentive,CARE_GAP_COMPLETION,USD
IR-MOCK01339-DIAB_EYE_EXAM-20250707,MOCK01339,DIAB_EYE_EXAM,2025-07-07,25.0,True,Research-generated IncentiveRewards mock,MyRewards Health Action Incentive,CARE_GAP_COMPLETION,USD
IR-MOCK01345-DIAB_EYE_EXAM-20250709,MOCK01345,DIAB_EYE_EXAM,2025-07-09,15.0,True,Research-generated IncentiveRewards mock,MyRewards Health Action Incentive,CARE_GAP_COMPLETION,USD
IR-MOCK01351-DIAB_EYE_EXAM-20250803,MOCK01351,DIAB_EYE_EXAM,2025-08-03,25.0,True,Research-generated IncentiveRewards mock,MyRewards Health Action Incentive,CARE_GAP_COMPLETION,USD
IR-MOCK01363-DIAB_EYE_EXAM-20250705,MOCK01363,DIAB_EYE_EXAM,2025-07-05,5.0,True,Research-generated IncentiveRewards mock,MyRewards Health Action Incentive,CARE_GAP_COMPLETION,USD
IR-MOCK01375-DIAB_EYE_EXAM-20250722,MOCK01375,DIAB_EYE_EXAM,2025-07-22,5.0,True,Research-generated IncentiveRewards mock,MyRewards Health Action Incentive,CARE_GAP_COMPLETION,USD
IR-MOCK01381-DIAB_EYE_EXAM-20250803,MOCK01381,DIAB_EYE_EXAM,2025-08-03,25.0,True,Research-generated IncentiveRewards mock,MyRewards Health Action Incentive,CARE_GAP_COMPLETION,USD
IR-MOCK01387-DIAB_EYE_EXAM-20250729,MOCK01387,DIAB_EYE_EXAM,2025-07-29,25.0,True,Research-generated IncentiveRewards mock,MyRewards Health Action Incentive,CARE_GAP_COMPLETION,USD
IR-MOCK01399-DIAB_EYE_EXAM-20250720,MOCK01399,DIAB_EYE_EXAM,2025-07-20,25.0,True,Research-generated IncentiveRewards mock,MyRewards Health Action Incentive,CARE_GAP_COMPLETION,USD
IR-MOCK01411-DIAB_EYE_EXAM-20250728,MOCK01411,DIAB_EYE_EXAM,2025-07-28,20.0,True,Research-generated IncentiveRewards mock,MyRewards Health Action Incentive,CARE_GAP_COMPLETION,USD
IR-MOCK01417-DIAB_EYE_EXAM-20250709,MOCK01417,DIAB_EYE_EXAM,2025-07-09,20.0,True,Research-generated IncentiveRewards mock,MyRewards Health Action Incentive,CARE_GAP_COMPLETION,USD
IR-MOCK01423-DIAB_EYE_EXAM-20250712,MOCK01423,DIAB_EYE_EXAM,2025-07-12,5.0,True,Research-generated IncentiveRewards mock,MyRewards Health Action Incentive,CARE_GAP_COMPLETION,USD
IR-MOCK01477-DIAB_EYE_EXAM-20250730,MOCK01477,DIAB_EYE_EXAM,2025-07-30,25.0,True,Research-generated IncentiveRewards mock,MyRewards Health Action Incentive,CARE_GAP_COMPLETION,USD
IR-MOCK01495-DIAB_EYE_EXAM-20250711,MOCK01495,DIAB_EYE_EXAM,2025-07-11,20.0,True,Research-generated IncentiveRewards mock,MyRewards Health Action Incentive,CARE_GAP_COMPLETION,USD
IR-MOCK01513-DIAB_EYE_EXAM-20250720,MOCK01513,DIAB_EYE_EXAM,2025-07-20,50.0,True,Research-generated IncentiveRewards mock,MyRewards Health Action Incentive,CARE_GAP_COMPLETION,USD
IR-MOCK01525-DIAB_EYE_EXAM-20250720,MOCK01525,DIAB_EYE_EXAM,2025-07-20,20.0,True,Research-generated IncentiveRewards mock,MyRewards Health Action Incentive,CARE_GAP_COMPLETION,USD
IR-MOCK01531-DIAB_EYE_EXAM-20250801,MOCK01531,DIAB_EYE_EXAM,2025-08-01,20.0,True,Research-generated IncentiveRewards mock,MyRewards Health Action Incentive,CARE_GAP_COMPLETION,USD
IR-MOCK01537-DIAB_EYE_EXAM-20250716,MOCK01537,DIAB_EYE_EXAM,2025-07-16,10.0,True,Research-generated IncentiveRewards mock,MyRewards Health Action Incentive,CARE_GAP_COMPLETION,USD
IR-MOCK01549-DIAB_EYE_EXAM-20250705,MOCK01549,DIAB_EYE_EXAM,2025-07-05,25.0,True,Research-generated IncentiveRewards mock,MyRewards Health Action Incentive,CARE_GAP_COMPLETION,USD
IR-MOCK01561-DIAB_EYE_EXAM-20250704,MOCK01561,DIAB_EYE_EXAM,2025-07-04,5.0,True,Research-generated IncentiveRewards mock,MyRewards Health Action Incentive,CARE_GAP_COMPLETION,USD
IR-MOCK01567-DIAB_EYE_EXAM-20250707,MOCK01567,DIAB_EYE_EXAM,2025-07-07,25.0,True,Research-generated IncentiveRewards mock,MyRewards Health Action Incentive,CARE_GAP_COMPLETION,USD
IR-MOCK01579-DIAB_EYE_EXAM-20250703,MOCK01579,DIAB_EYE_EXAM,2025-07-03,25.0,True,Research-generated IncentiveRewards mock,MyRewards Health Action Incentive,CARE_GAP_COMPLETION,USD
IR-MOCK01591-DIAB_EYE_EXAM-20250801,MOCK01591,DIAB_EYE_EXAM,2025-08-01,10.0,True,Research-generated IncentiveRewards mock,MyRewards Health Action Incentive,CARE_GAP_COMPLETION,USD
IR-MOCK01609-DIAB_EYE_EXAM-20250706,MOCK01609,DIAB_EYE_EXAM,2025-07-06,5.0,True,Research-generated IncentiveRewards mock,MyRewards Health Action Incentive,CARE_GAP_COMPLETION,USD
IR-MOCK01615-DIAB_EYE_EXAM-20250714,MOCK01615,DIAB_EYE_EXAM,2025-07-14,25.0,True,Research-generated IncentiveRewards mock,MyRewards Health Action Incentive,CARE_GAP_COMPLETION,USD
IR-MOCK01621-DIAB_EYE_EXAM-20250721,MOCK01621,DIAB_EYE_EXAM,2025-07-21,20.0,True,Research-generated IncentiveRewards mock,MyRewards Health Action Incentive,CARE_GAP_COMPLETION,USD
IR-MOCK01639-DIAB_EYE_EXAM-20250706,MOCK01639,DIAB_EYE_EXAM,2025-07-06,35.0,True,Research-generated IncentiveRewards mock,MyRewards Health Action Incentive,CARE_GAP_COMPLETION,USD
IR-MOCK01645-DIAB_EYE_EXAM-20250709,MOCK01645,DIAB_EYE_EXAM,2025-07-09,15.0,True,Research-generated IncentiveRewards mock,MyRewards Health Action Incentive,CARE_GAP_COMPLETION,USD
IR-MOCK01657-DIAB_EYE_EXAM-20250701,MOCK01657,DIAB_EYE_EXAM,2025-07-01,50.0,True,Research-generated IncentiveRewards mock,MyRewards Health Action Incentive,CARE_GAP_COMPLETION,USD
IR-MOCK01675-DIAB_EYE_EXAM-20250706,MOCK01675,DIAB_EYE_EXAM,2025-07-06,15.0,True,Research-generated IncentiveRewards mock,MyRewards Health Action Incentive,CARE_GAP_COMPLETION,USD
IR-MOCK01687-DIAB_EYE_EXAM-20250630,MOCK01687,DIAB_EYE_EXAM,2025-06-30,25.0,True,Research-generated IncentiveRewards mock,MyRewards Health Action Incentive,CARE_GAP_COMPLETION,USD
IR-MOCK01693-DIAB_EYE_EXAM-20250712,MOCK01693,DIAB_EYE_EXAM,2025-07-12,5.0,True,Research-generated IncentiveRewards mock,MyRewards Health Action Incentive,CARE_GAP_COMPLETION,USD
IR-MOCK01723-DIAB_EYE_EXAM-20250806,MOCK01723,DIAB_EYE_EXAM,2025-08-06,25.0,True,Research-generated IncentiveRewards mock,MyRewards Health Action Incentive,CARE_GAP_COMPLETION,USD
IR-MOCK01741-DIAB_EYE_EXAM-20250720,MOCK01741,DIAB_EYE_EXAM,2025-07-20,25.0,True,Research-generated IncentiveRewards mock,MyRewards Health Action Incentive,CARE_GAP_COMPLETION,USD
IR-MOCK01747-DIAB_EYE_EXAM-20250725,MOCK01747,DIAB_EYE_EXAM,2025-07-25,20.0,True,Research-generated IncentiveRewards mock,MyRewards Health Action Incentive,CARE_GAP_COMPLETION,USD
IR-MOCK01765-DIAB_EYE_EXAM-20250807,MOCK01765,DIAB_EYE_EXAM,2025-08-07,20.0,True,Research-generated IncentiveRewards mock,MyRewards Health Action Incentive,CARE_GAP_COMPLETION,USD
IR-MOCK01777-DIAB_EYE_EXAM-20250731,MOCK01777,DIAB_EYE_EXAM,2025-07-31,25.0,True,Research-generated IncentiveRewards mock,MyRewards Health Action Incentive,CARE_GAP_COMPLETION,USD
IR-MOCK01783-DIAB_EYE_EXAM-20250731,MOCK01783,DIAB_EYE_EXAM,2025-07-31,25.0,True,Research-generated IncentiveRewards mock,MyRewards Health Action Incentive,CARE_GAP_COMPLETION,USD
IR-MOCK01789-DIAB_EYE_EXAM-20250728,MOCK01789,DIAB_EYE_EXAM,2025-07-28,50.0,True,Research-generated IncentiveRewards mock,MyRewards Health Action Incentive,CARE_GAP_COMPLETION,USD
IR-MOCK01801-DIAB_EYE_EXAM-20250718,MOCK01801,DIAB_EYE_EXAM,2025-07-18,15.0,True,Research-generated IncentiveRewards mock,MyRewards Health Action Incentive,CARE_GAP_COMPLETION,USD
IR-MOCK01813-DIAB_EYE_EXAM-20250705,MOCK01813,DIAB_EYE_EXAM,2025-07-05,5.0,True,Research-generated IncentiveRewards mock,MyRewards Health Action Incentive,CARE_GAP_COMPLETION,USD
IR-MOCK01831-DIAB_EYE_EXAM-20250726,MOCK01831,DIAB_EYE_EXAM,2025-07-26,25.0,True,Research-generated IncentiveRewards mock,MyRewards Health Action Incentive,CARE_GAP_COMPLETION,USD
IR-MOCK01843-DIAB_EYE_EXAM-20250721,MOCK01843,DIAB_EYE_EXAM,2025-07-21,5.0,True,Research-generated IncentiveRewards mock,MyRewards Health Action Incentive,CARE_GAP_COMPLETION,USD
IR-MOCK01849-DIAB_EYE_EXAM-20250701,MOCK01849,DIAB_EYE_EXAM,2025-07-01,10.0,True,Research-generated IncentiveRewards mock,MyRewards Health Action Incentive,CARE_GAP_COMPLETION,USD
IR-MOCK01867-DIAB_EYE_EXAM-20250702,MOCK01867,DIAB_EYE_EXAM,2025-07-02,30.0,False,Research-generated IncentiveRewards mock,MyRewards Health Action Incentive,CARE_GAP_COMPLETION,USD
IR-MOCK01879-DIAB_EYE_EXAM-20250725,MOCK01879,DIAB_EYE_EXAM,2025-07-25,25.0,True,Research-generated IncentiveRewards mock,MyRewards Health Action Incentive,CARE_GAP_COMPLETION,USD
IR-MOCK01921-DIAB_EYE_EXAM-20250708,MOCK01921,DIAB_EYE_EXAM,2025-07-08,20.0,True,Research-generated IncentiveRewards mock,MyRewards Health Action Incentive,CARE_GAP_COMPLETION,USD
IR-MOCK01927-DIAB_EYE_EXAM-20250708,MOCK01927,DIAB_EYE_EXAM,2025-07-08,25.0,True,Research-generated IncentiveRewards mock,MyRewards Health Action Incentive,CARE_GAP_COMPLETION,USD
IR-MOCK01939-DIAB_EYE_EXAM-20250720,MOCK01939,DIAB_EYE_EXAM,2025-07-20,20.0,True,Research-generated IncentiveRewards mock,MyRewards Health Action Incentive,CARE_GAP_COMPLETION,USD
IR-MOCK01951-DIAB_EYE_EXAM-20250711,MOCK01951,DIAB_EYE_EXAM,2025-07-11,5.0,True,Research-generated IncentiveRewards mock,MyRewards Health Action Incentive,CARE_GAP_COMPLETION,USD
IR-MOCK01963-DIAB_EYE_EXAM-20250729,MOCK01963,DIAB_EYE_EXAM,2025-07-29,10.0,True,Research-generated IncentiveRewards mock,MyRewards Health Action Incentive,CARE_GAP_COMPLETION,USD
IR-MOCK01981-DIAB_EYE_EXAM-20250807,MOCK01981,DIAB_EYE_EXAM,2025-08-07,25.0,True,Research-generated IncentiveRewards mock,MyRewards Health Action Incentive,CARE_GAP_COMPLETION,USD
IR-MOCK01999-DIAB_EYE_EXAM-20250803,MOCK01999,DIAB_EYE_EXAM,2025-08-03,5.0,True,Research-generated IncentiveRewards mock,MyRewards Health Action Incentive,CARE_GAP_COMPLETION,USD
IR-MOCK02005-DIAB_EYE_EXAM-20250702,MOCK02005,DIAB_EYE_EXAM,2025-07-02,20.0,True,Research-generated IncentiveRewards mock,MyRewards Health Action Incentive,CARE_GAP_COMPLETION,USD
IR-MOCK02023-DIAB_EYE_EXAM-20250731,MOCK02023,DIAB_EYE_EXAM,2025-07-31,10.0,True,Research-generated IncentiveRewards mock,MyRewards Health Action Incentive,CARE_GAP_COMPLETION,USD
IR-MOCK02035-DIAB_EYE_EXAM-20250716,MOCK02035,DIAB_EYE_EXAM,2025-07-16,100.0,True,Research-generated IncentiveRewards mock,MyRewards Health Action Incentive,CARE_GAP_COMPLETION,USD
IR-MOCK02041-DIAB_EYE_EXAM-20250705,MOCK02041,DIAB_EYE_EXAM,2025-07-05,25.0,True,Research-generated IncentiveRewards mock,MyRewards Health Action Incentive,CARE_GAP_COMPLETION,USD
IR-MOCK02053-DIAB_EYE_EXAM-20250724,MOCK02053,DIAB_EYE_EXAM,2025-07-24,25.0,True,Research-generated IncentiveRewards mock,MyRewards Health Action Incentive,CARE_GAP_COMPLETION,USD
IR-MOCK02059-DIAB_EYE_EXAM-20250719,MOCK02059,DIAB_EYE_EXAM,2025-07-19,20.0,True,Research-generated IncentiveRewards mock,MyRewards Health Action Incentive,CARE_GAP_COMPLETION,USD
IR-MOCK02071-DIAB_EYE_EXAM-20250705,MOCK02071,DIAB_EYE_EXAM,2025-07-05,20.0,True,Research-generated IncentiveRewards mock,MyRewards Health Action Incentive,CARE_GAP_COMPLETION,USD
IR-MOCK02077-DIAB_EYE_EXAM-20250804,MOCK02077,DIAB_EYE_EXAM,2025-08-04,20.0,True,Research-generated IncentiveRewards mock,MyRewards Health Action Incentive,CARE_GAP_COMPLETION,USD
IR-MOCK02113-DIAB_EYE_EXAM-20250717,MOCK02113,DIAB_EYE_EXAM,2025-07-17,25.0,True,Research-generated IncentiveRewards mock,MyRewards Health Action Incentive,CARE_GAP_COMPLETION,USD
IR-MOCK02125-DIAB_EYE_EXAM-20250725,MOCK02125,DIAB_EYE_EXAM,2025-07-25,20.0,True,Research-generated IncentiveRewards mock,MyRewards Health Action Incentive,CARE_GAP_COMPLETION,USD
IR-MOCK02131-DIAB_EYE_EXAM-20250725,MOCK02131,DIAB_EYE_EXAM,2025-07-25,50.0,True,Research-generated IncentiveRewards mock,MyRewards Health Action Incentive,CARE_GAP_COMPLETION,USD
IR-MOCK02155-DIAB_EYE_EXAM-20250723,MOCK02155,DIAB_EYE_EXAM,2025-07-23,20.0,True,Research-generated IncentiveRewards mock,MyRewards Health Action Incentive,CARE_GAP_COMPLETION,USD
IR-MOCK02161-DIAB_EYE_EXAM-20250806,MOCK02161,DIAB_EYE_EXAM,2025-08-06,25.0,True,Research-generated IncentiveRewards mock,MyRewards Health Action Incentive,CARE_GAP_COMPLETION,USD
IR-MOCK02185-DIAB_EYE_EXAM-20250706,MOCK02185,DIAB_EYE_EXAM,2025-07-06,25.0,True,Research-generated IncentiveRewards mock,MyRewards Health Action Incentive,CARE_GAP_COMPLETION,USD
IR-MOCK02191-DIAB_EYE_EXAM-20250703,MOCK02191,DIAB_EYE_EXAM,2025-07-03,25.0,True,Research-generated IncentiveRewards mock,MyRewards Health Action Incentive,CARE_GAP_COMPLETION,USD
IR-MOCK02209-DIAB_EYE_EXAM-20250801,MOCK02209,DIAB_EYE_EXAM,2025-08-01,10.0,True,Research-generated IncentiveRewards mock,MyRewards Health Action Incentive,CARE_GAP_COMPLETION,USD
IR-MOCK02215-DIAB_EYE_EXAM-20250722,MOCK02215,DIAB_EYE_EXAM,2025-07-22,25.0,True,Research-generated IncentiveRewards mock,MyRewards Health Action Incentive,CARE_GAP_COMPLETION,USD
IR-MOCK02221-DIAB_EYE_EXAM-20250701,MOCK02221,DIAB_EYE_EXAM,2025-07-01,50.0,True,Research-generated IncentiveRewards mock,MyRewards Health Action Incentive,CARE_GAP_COMPLETION,USD
IR-MOCK02227-DIAB_EYE_EXAM-20250807,MOCK02227,DIAB_EYE_EXAM,2025-08-07,20.0,True,Research-generated IncentiveRewards mock,MyRewards Health Action Incentive,CARE_GAP_COMPLETION,USD
IR-MOCK02239-DIAB_EYE_EXAM-20250711,MOCK02239,DIAB_EYE_EXAM,2025-07-11,25.0,True,Research-generated IncentiveRewards mock,MyRewards Health Action Incentive,CARE_GAP_COMPLETION,USD
IR-MOCK02269-DIAB_EYE_EXAM-20250807,MOCK02269,DIAB_EYE_EXAM,2025-08-07,5.0,True,Research-generated IncentiveRewards mock,MyRewards Health Action Incentive,CARE_GAP_COMPLETION,USD
IR-MOCK02275-DIAB_EYE_EXAM-20250717,MOCK02275,DIAB_EYE_EXAM,2025-07-17,20.0,True,Research-generated IncentiveRewards mock,MyRewards Health Action Incentive,CARE_GAP_COMPLETION,USD
IR-MOCK02281-DIAB_EYE_EXAM-20250720,MOCK02281,DIAB_EYE_EXAM,2025-07-20,5.0,True,Research-generated IncentiveRewards mock,MyRewards Health Action Incentive,CARE_GAP_COMPLETION,USD
IR-MOCK02293-DIAB_EYE_EXAM-20250725,MOCK02293,DIAB_EYE_EXAM,2025-07-25,20.0,True,Research-generated IncentiveRewards mock,MyRewards Health Action Incentive,CARE_GAP_COMPLETION,USD
IR-MOCK02299-DIAB_EYE_EXAM-20250706,MOCK02299,DIAB_EYE_EXAM,2025-07-06,30.0,True,Research-generated IncentiveRewards mock,MyRewards Health Action Incentive,CARE_GAP_COMPLETION,USD
IR-MOCK02305-DIAB_EYE_EXAM-20250711,MOCK02305,DIAB_EYE_EXAM,2025-07-11,30.0,True,Research-generated IncentiveRewards mock,MyRewards Health Action Incentive,CARE_GAP_COMPLETION,USD
IR-MOCK02311-DIAB_EYE_EXAM-20250714,MOCK02311,DIAB_EYE_EXAM,2025-07-14,50.0,True,Research-generated IncentiveRewards mock,MyRewards Health Action Incentive,CARE_GAP_COMPLETION,USD
IR-MOCK02341-DIAB_EYE_EXAM-20250728,MOCK02341,DIAB_EYE_EXAM,2025-07-28,5.0,True,Research-generated IncentiveRewards mock,MyRewards Health Action Incentive,CARE_GAP_COMPLETION,USD
IR-MOCK02347-DIAB_EYE_EXAM-20250715,MOCK02347,DIAB_EYE_EXAM,2025-07-15,20.0,True,Research-generated IncentiveRewards mock,MyRewards Health Action Incentive,CARE_GAP_COMPLETION,USD
IR-MOCK02353-DIAB_EYE_EXAM-20250715,MOCK02353,DIAB_EYE_EXAM,2025-07-15,10.0,True,Research-generated IncentiveRewards mock,MyRewards Health Action Incentive,CARE_GAP_COMPLETION,USD
IR-MOCK02371-DIAB_EYE_EXAM-20250705,MOCK02371,DIAB_EYE_EXAM,2025-07-05,25.0,False,Research-generated IncentiveRewards mock,MyRewards Health Action Incentive,CARE_GAP_COMPLETION,USD
IR-MOCK02383-DIAB_EYE_EXAM-20250722,MOCK02383,DIAB_EYE_EXAM,2025-07-22,25.0,True,Research-generated IncentiveRewards mock,MyRewards Health Action Incentive,CARE_GAP_COMPLETION,USD
IR-MOCK02389-DIAB_EYE_EXAM-20250719,MOCK02389,DIAB_EYE_EXAM,2025-07-19,25.0,True,Research-generated IncentiveRewards mock,MyRewards Health Action Incentive,CARE_GAP_COMPLETION,USD
IR-MOCK02419-DIAB_EYE_EXAM-20250707,MOCK02419,DIAB_EYE_EXAM,2025-07-07,25.0,True,Research-generated IncentiveRewards mock,MyRewards Health Action Incentive,CARE_GAP_COMPLETION,USD
IR-MOCK02443-DIAB_EYE_EXAM-20250727,MOCK02443,DIAB_EYE_EXAM,2025-07-27,20.0,True,Research-generated IncentiveRewards mock,MyRewards Health Action Incentive,CARE_GAP_COMPLETION,USD
IR-MOCK02455-DIAB_EYE_EXAM-20250718,MOCK02455,DIAB_EYE_EXAM,2025-07-18,25.0,True,Research-generated IncentiveRewards mock,MyRewards Health Action Incentive,CARE_GAP_COMPLETION,USD
IR-MOCK02461-DIAB_EYE_EXAM-20250717,MOCK02461,DIAB_EYE_EXAM,2025-07-17,5.0,True,Research-generated IncentiveRewards mock,MyRewards Health Action Incentive,CARE_GAP_COMPLETION,USD
IR-MOCK02491-DIAB_EYE_EXAM-20250712,MOCK02491,DIAB_EYE_EXAM,2025-07-12,10.0,True,Research-generated IncentiveRewards mock,MyRewards Health Action Incentive,CARE_GAP_COMPLETION,USD
IR-MOCK02503-DIAB_EYE_EXAM-20250705,MOCK02503,DIAB_EYE_EXAM,2025-07-05,25.0,True,Research-generated IncentiveRewards mock,MyRewards Health Action Incentive,CARE_GAP_COMPLETION,USD
IR-MOCK02515-DIAB_EYE_EXAM-20250728,MOCK02515,DIAB_EYE_EXAM,2025-07-28,20.0,True,Research-generated IncentiveRewards mock,MyRewards Health Action Incentive,CARE_GAP_COMPLETION,USD
IR-MOCK02539-DIAB_EYE_EXAM-20250803,MOCK02539,DIAB_EYE_EXAM,2025-08-03,100.0,True,Research-generated IncentiveRewards mock,MyRewards Health Action Incentive,CARE_GAP_COMPLETION,USD
IR-MOCK02545-DIAB_EYE_EXAM-20250712,MOCK02545,DIAB_EYE_EXAM,2025-07-12,5.0,True,Research-generated IncentiveRewards mock,MyRewards Health Action Incentive,CARE_GAP_COMPLETION,USD
IR-MOCK02551-DIAB_EYE_EXAM-20250731,MOCK02551,DIAB_EYE_EXAM,2025-07-31,20.0,True,Research-generated IncentiveRewards mock,MyRewards Health Action Incentive,CARE_GAP_COMPLETION,USD
IR-MOCK02557-DIAB_EYE_EXAM-20250707,MOCK02557,DIAB_EYE_EXAM,2025-07-07,20.0,True,Research-generated IncentiveRewards mock,MyRewards Health Action Incentive,CARE_GAP_COMPLETION,USD
IR-MOCK02569-DIAB_EYE_EXAM-20250730,MOCK02569,DIAB_EYE_EXAM,2025-07-30,20.0,True,Research-generated IncentiveRewards mock,MyRewards Health Action Incentive,CARE_GAP_COMPLETION,USD
IR-MOCK02581-DIAB_EYE_EXAM-20250802,MOCK02581,DIAB_EYE_EXAM,2025-08-02,30.0,True,Research-generated IncentiveRewards mock,MyRewards Health Action Incentive,CARE_GAP_COMPLETION,USD
IR-MOCK02587-DIAB_EYE_EXAM-20250729,MOCK02587,DIAB_EYE_EXAM,2025-07-29,25.0,False,Research-generated IncentiveRewards mock,MyRewards Health Action Incentive,CARE_GAP_COMPLETION,USD
IR-MOCK02599-DIAB_EYE_EXAM-20250804,MOCK02599,DIAB_EYE_EXAM,2025-08-04,5.0,True,Research-generated IncentiveRewards mock,MyRewards Health Action Incentive,CARE_GAP_COMPLETION,USD
IR-MOCK02605-DIAB_EYE_EXAM-20250726,MOCK02605,DIAB_EYE_EXAM,2025-07-26,50.0,True,Research-generated IncentiveRewards mock,MyRewards Health Action Incentive,CARE_GAP_COMPLETION,USD
IR-MOCK02611-DIAB_EYE_EXAM-20250706,MOCK02611,DIAB_EYE_EXAM,2025-07-06,50.0,True,Research-generated IncentiveRewards mock,MyRewards Health Action Incentive,CARE_GAP_COMPLETION,USD
IR-MOCK02617-DIAB_EYE_EXAM-20250705,MOCK02617,DIAB_EYE_EXAM,2025-07-05,25.0,True,Research-generated IncentiveRewards mock,MyRewards Health Action Incentive,CARE_GAP_COMPLETION,USD
IR-MOCK02629-DIAB_EYE_EXAM-20250710,MOCK02629,DIAB_EYE_EXAM,2025-07-10,50.0,True,Research-generated IncentiveRewards mock,MyRewards Health Action Incentive,CARE_GAP_COMPLETION,USD
IR-MOCK02635-DIAB_EYE_EXAM-20250729,MOCK02635,DIAB_EYE_EXAM,2025-07-29,35.0,True,Research-generated IncentiveRewards mock,MyRewards Health Action Incentive,CARE_GAP_COMPLETION,USD
IR-MOCK02659-DIAB_EYE_EXAM-20250710,MOCK02659,DIAB_EYE_EXAM,2025-07-10,20.0,True,Research-generated IncentiveRewards mock,MyRewards Health Action Incentive,CARE_GAP_COMPLETION,USD
IR-MOCK02671-DIAB_EYE_EXAM-20250804,MOCK02671,DIAB_EYE_EXAM,2025-08-04,20.0,True,Research-generated IncentiveRewards mock,MyRewards Health Action Incentive,CARE_GAP_COMPLETION,USD
IR-MOCK02677-DIAB_EYE_EXAM-20250804,MOCK02677,DIAB_EYE_EXAM,2025-08-04,100.0,True,Research-generated IncentiveRewards mock,MyRewards Health Action Incentive,CARE_GAP_COMPLETION,USD
IR-MOCK02707-DIAB_EYE_EXAM-20250721,MOCK02707,DIAB_EYE_EXAM,2025-07-21,50.0,True,Research-generated IncentiveRewards mock,MyRewards Health Action Incentive,CARE_GAP_COMPLETION,USD
IR-MOCK02725-DIAB_EYE_EXAM-20250806,MOCK02725,DIAB_EYE_EXAM,2025-08-06,50.0,True,Research-generated IncentiveRewards mock,MyRewards Health Action Incentive,CARE_GAP_COMPLETION,USD
IR-MOCK02731-DIAB_EYE_EXAM-20250722,MOCK02731,DIAB_EYE_EXAM,2025-07-22,25.0,True,Research-generated IncentiveRewards mock,MyRewards Health Action Incentive,CARE_GAP_COMPLETION,USD
IR-MOCK02737-DIAB_EYE_EXAM-20250723,MOCK02737,DIAB_EYE_EXAM,2025-07-23,25.0,True,Research-generated IncentiveRewards mock,MyRewards Health Action Incentive,CARE_GAP_COMPLETION,USD
IR-MOCK02749-DIAB_EYE_EXAM-20250709,MOCK02749,DIAB_EYE_EXAM,2025-07-09,15.0,True,Research-generated IncentiveRewards mock,MyRewards Health Action Incentive,CARE_GAP_COMPLETION,USD
IR-MOCK02755-DIAB_EYE_EXAM-20250712,MOCK02755,DIAB_EYE_EXAM,2025-07-12,20.0,True,Research-generated IncentiveRewards mock,MyRewards Health Action Incentive,CARE_GAP_COMPLETION,USD
IR-MOCK02773-DIAB_EYE_EXAM-20250712,MOCK02773,DIAB_EYE_EXAM,2025-07-12,20.0,True,Research-generated IncentiveRewards mock,MyRewards Health Action Incentive,CARE_GAP_COMPLETION,USD
IR-MOCK02797-DIAB_EYE_EXAM-20250715,MOCK02797,DIAB_EYE_EXAM,2025-07-15,25.0,True,Research-generated IncentiveRewards mock,MyRewards Health Action Incentive,CARE_GAP_COMPLETION,USD
IR-MOCK02803-DIAB_EYE_EXAM-20250717,MOCK02803,DIAB_EYE_EXAM,2025-07-17,20.0,True,Research-generated IncentiveRewards mock,MyRewards Health Action Incentive,CARE_GAP_COMPLETION,USD
IR-MOCK02815-DIAB_EYE_EXAM-20250721,MOCK02815,DIAB_EYE_EXAM,2025-07-21,20.0,True,Research-generated IncentiveRewards mock,MyRewards Health Action Incentive,CARE_GAP_COMPLETION,USD
IR-MOCK02827-DIAB_EYE_EXAM-20250721,MOCK02827,DIAB_EYE_EXAM,2025-07-21,25.0,True,Research-generated IncentiveRewards mock,MyRewards Health Action Incentive,CARE_GAP_COMPLETION,USD
IR-MOCK02863-DIAB_EYE_EXAM-20250714,MOCK02863,DIAB_EYE_EXAM,2025-07-14,5.0,True,Research-generated IncentiveRewards mock,MyRewards Health Action Incentive,CARE_GAP_COMPLETION,USD
IR-MOCK02869-DIAB_EYE_EXAM-20250717,MOCK02869,DIAB_EYE_EXAM,2025-07-17,30.0,True,Research-generated IncentiveRewards mock,MyRewards Health Action Incentive,CARE_GAP_COMPLETION,USD
IR-MOCK02899-DIAB_EYE_EXAM-20250712,MOCK02899,DIAB_EYE_EXAM,2025-07-12,20.0,True,Research-generated IncentiveRewards mock,MyRewards Health Action Incentive,CARE_GAP_COMPLETION,USD
IR-MOCK02941-DIAB_EYE_EXAM-20250724,MOCK02941,DIAB_EYE_EXAM,2025-07-24,5.0,True,Research-generated IncentiveRewards mock,MyRewards Health Action Incentive,CARE_GAP_COMPLETION,USD
IR-MOCK02953-DIAB_EYE_EXAM-20250713,MOCK02953,DIAB_EYE_EXAM,2025-07-13,5.0,True,Research-generated IncentiveRewards mock,MyRewards Health Action Incentive,CARE_GAP_COMPLETION,USD
IR-MOCK02959-DIAB_EYE_EXAM-20250731,MOCK02959,DIAB_EYE_EXAM,2025-07-31,25.0,True,Research-generated IncentiveRewards mock,MyRewards Health Action Incentive,CARE_GAP_COMPLETION,USD
IR-MOCK02965-DIAB_EYE_EXAM-20250709,MOCK02965,DIAB_EYE_EXAM,2025-07-09,25.0,True,Research-generated IncentiveRewards mock,MyRewards Health Action Incentive,CARE_GAP_COMPLETION,USD
IR-MOCK02977-DIAB_EYE_EXAM-20250804,MOCK02977,DIAB_EYE_EXAM,2025-08-04,10.0,True,Research-generated IncentiveRewards mock,MyRewards Health Action Incentive,CARE_GAP_COMPLETION,USD
IR-MOCK03001-DIAB_EYE_EXAM-20250801,MOCK03001,DIAB_EYE_EXAM,2025-08-01,50.0,True,Research-generated IncentiveRewards mock,MyRewards Health Action Incentive,CARE_GAP_COMPLETION,USD
IR-MOCK03007-DIAB_EYE_EXAM-20250805,MOCK03007,DIAB_EYE_EXAM,2025-08-05,5.0,True,Research-generated IncentiveRewards mock,MyRewards Health Action Incentive,CARE_GAP_COMPLETION,USD
IR-MOCK03067-DIAB_EYE_EXAM-20250724,MOCK03067,DIAB_EYE_EXAM,2025-07-24,30.0,True,Research-generated IncentiveRewards mock,MyRewards Health Action Incentive,CARE_GAP_COMPLETION,USD
IR-MOCK03073-DIAB_EYE_EXAM-20250717,MOCK03073,DIAB_EYE_EXAM,2025-07-17,50.0,True,Research-generated IncentiveRewards mock,MyRewards Health Action Incentive,CARE_GAP_COMPLETION,USD
IR-MOCK03079-DIAB_EYE_EXAM-20250727,MOCK03079,DIAB_EYE_EXAM,2025-07-27,20.0,True,Research-generated IncentiveRewards mock,MyRewards Health Action Incentive,CARE_GAP_COMPLETION,USD
IR-MOCK03097-DIAB_EYE_EXAM-20250725,MOCK03097,DIAB_EYE_EXAM,2025-07-25,25.0,True,Research-generated IncentiveRewards mock,MyRewards Health Action Incentive,CARE_GAP_COMPLETION,USD
IR-MOCK03109-DIAB_EYE_EXAM-20250711,MOCK03109,DIAB_EYE_EXAM,2025-07-11,5.0,True,Research-generated IncentiveRewards mock,MyRewards Health Action Incentive,CARE_GAP_COMPLETION,USD
IR-MOCK03115-DIAB_EYE_EXAM-20250711,MOCK03115,DIAB_EYE_EXAM,2025-07-11,25.0,True,Research-generated IncentiveRewards mock,MyRewards Health Action Incentive,CARE_GAP_COMPLETION,USD
IR-MOCK03127-DIAB_EYE_EXAM-20250718,MOCK03127,DIAB_EYE_EXAM,2025-07-18,25.0,True,Research-generated IncentiveRewards mock,MyRewards Health Action Incentive,CARE_GAP_COMPLETION,USD
IR-MOCK03133-DIAB_EYE_EXAM-20250722,MOCK03133,DIAB_EYE_EXAM,2025-07-22,25.0,True,Research-generated IncentiveRewards mock,MyRewards Health Action Incentive,CARE_GAP_COMPLETION,USD
IR-MOCK03145-DIAB_EYE_EXAM-20250715,MOCK03145,DIAB_EYE_EXAM,2025-07-15,50.0,True,Research-generated IncentiveRewards mock,MyRewards Health Action Incentive,CARE_GAP_COMPLETION,USD
IR-MOCK03175-DIAB_EYE_EXAM-20250711,MOCK03175,DIAB_EYE_EXAM,2025-07-11,30.0,True,Research-generated IncentiveRewards mock,MyRewards Health Action Incentive,CARE_GAP_COMPLETION,USD
IR-MOCK03187-DIAB_EYE_EXAM-20250722,MOCK03187,DIAB_EYE_EXAM,2025-07-22,25.0,True,Research-generated IncentiveRewards mock,MyRewards Health Action Incentive,CARE_GAP_COMPLETION,USD
IR-MOCK03193-DIAB_EYE_EXAM-20250706,MOCK03193,DIAB_EYE_EXAM,2025-07-06,50.0,True,Research-generated IncentiveRewards mock,MyRewards Health Action Incentive,CARE_GAP_COMPLETION,USD
IR-MOCK03205-DIAB_EYE_EXAM-20250630,MOCK03205,DIAB_EYE_EXAM,2025-06-30,20.0,True,Research-generated IncentiveRewards mock,MyRewards Health Action Incentive,CARE_GAP_COMPLETION,USD
IR-MOCK03217-DIAB_EYE_EXAM-20250713,MOCK03217,DIAB_EYE_EXAM,2025-07-13,25.0,True,Research-generated IncentiveRewards mock,MyRewards Health Action Incentive,CARE_GAP_COMPLETION,USD
IR-MOCK03229-DIAB_EYE_EXAM-20250731,MOCK03229,DIAB_EYE_EXAM,2025-07-31,20.0,True,Research-generated IncentiveRewards mock,MyRewards Health Action Incentive,CARE_GAP_COMPLETION,USD
IR-MOCK03235-DIAB_EYE_EXAM-20250705,MOCK03235,DIAB_EYE_EXAM,2025-07-05,25.0,True,Research-generated IncentiveRewards mock,MyRewards Health Action Incentive,CARE_GAP_COMPLETION,USD
IR-MOCK03259-DIAB_EYE_EXAM-20250727,MOCK03259,DIAB_EYE_EXAM,2025-07-27,50.0,True,Research-generated IncentiveRewards mock,MyRewards Health Action Incentive,CARE_GAP_COMPLETION,USD
IR-MOCK03289-DIAB_EYE_EXAM-20250715,MOCK03289,DIAB_EYE_EXAM,2025-07-15,5.0,True,Research-generated IncentiveRewards mock,MyRewards Health Action Incentive,CARE_GAP_COMPLETION,USD
IR-MOCK03331-DIAB_EYE_EXAM-20250701,MOCK03331,DIAB_EYE_EXAM,2025-07-01,5.0,True,Research-generated IncentiveRewards mock,MyRewards Health Action Incentive,CARE_GAP_COMPLETION,USD
IR-MOCK03355-DIAB_EYE_EXAM-20250803,MOCK03355,DIAB_EYE_EXAM,2025-08-03,10.0,True,Research-generated IncentiveRewards mock,MyRewards Health Action Incentive,CARE_GAP_COMPLETION,USD
IR-MOCK03379-DIAB_EYE_EXAM-20250724,MOCK03379,DIAB_EYE_EXAM,2025-07-24,20.0,True,Research-generated IncentiveRewards mock,MyRewards Health Action Incentive,CARE_GAP_COMPLETION,USD
IR-MOCK03385-DIAB_EYE_EXAM-20250702,MOCK03385,DIAB_EYE_EXAM,2025-07-02,10.0,True,Research-generated IncentiveRewards mock,MyRewards Health Action Incentive,CARE_GAP_COMPLETION,USD
IR-MOCK03391-DIAB_EYE_EXAM-20250805,MOCK03391,DIAB_EYE_EXAM,2025-08-05,50.0,True,Research-generated IncentiveRewards mock,MyRewards Health Action Incentive,CARE_GAP_COMPLETION,USD
IR-MOCK03397-DIAB_EYE_EXAM-20250705,MOCK03397,DIAB_EYE_EXAM,2025-07-05,5.0,True,Research-generated IncentiveRewards mock,MyRewards Health Action Incentive,CARE_GAP_COMPLETION,USD
IR-MOCK03409-DIAB_EYE_EXAM-20250730,MOCK03409,DIAB_EYE_EXAM,2025-07-30,20.0,True,Research-generated IncentiveRewards mock,MyRewards Health Action Incentive,CARE_GAP_COMPLETION,USD
IR-MOCK03421-DIAB_EYE_EXAM-20250710,MOCK03421,DIAB_EYE_EXAM,2025-07-10,5.0,True,Research-generated IncentiveRewards mock,MyRewards Health Action Incentive,CARE_GAP_COMPLETION,USD
IR-MOCK03427-DIAB_EYE_EXAM-20250718,MOCK03427,DIAB_EYE_EXAM,2025-07-18,5.0,True,Research-generated IncentiveRewards mock,MyRewards Health Action Incentive,CARE_GAP_COMPLETION,USD
IR-MOCK03445-DIAB_EYE_EXAM-20250725,MOCK03445,DIAB_EYE_EXAM,2025-07-25,25.0,True,Research-generated IncentiveRewards mock,MyRewards Health Action Incentive,CARE_GAP_COMPLETION,USD
IR-MOCK03451-DIAB_EYE_EXAM-20250717,MOCK03451,DIAB_EYE_EXAM,2025-07-17,25.0,True,Research-generated IncentiveRewards mock,MyRewards Health Action Incentive,CARE_GAP_COMPLETION,USD
IR-MOCK03469-DIAB_EYE_EXAM-20250801,MOCK03469,DIAB_EYE_EXAM,2025-08-01,10.0,True,Research-generated IncentiveRewards mock,MyRewards Health Action Incentive,CARE_GAP_COMPLETION,USD
IR-MOCK03481-DIAB_EYE_EXAM-20250706,MOCK03481,DIAB_EYE_EXAM,2025-07-06,50.0,True,Research-generated IncentiveRewards mock,MyRewards Health Action Incentive,CARE_GAP_COMPLETION,USD
IR-MOCK03493-DIAB_EYE_EXAM-20250716,MOCK03493,DIAB_EYE_EXAM,2025-07-16,30.0,True,Research-generated IncentiveRewards mock,MyRewards Health Action Incentive,CARE_GAP_COMPLETION,USD
IR-MOCK03511-DIAB_EYE_EXAM-20250709,MOCK03511,DIAB_EYE_EXAM,2025-07-09,35.0,True,Research-generated IncentiveRewards mock,MyRewards Health Action Incentive,CARE_GAP_COMPLETION,USD
IR-MOCK03523-DIAB_EYE_EXAM-20250711,MOCK03523,DIAB_EYE_EXAM,2025-07-11,25.0,True,Research-generated IncentiveRewards mock,MyRewards Health Action Incentive,CARE_GAP_COMPLETION,USD
IR-MOCK03529-DIAB_EYE_EXAM-20250726,MOCK03529,DIAB_EYE_EXAM,2025-07-26,25.0,True,Research-generated IncentiveRewards mock,MyRewards Health Action Incentive,CARE_GAP_COMPLETION,USD
IR-MOCK03535-DIAB_EYE_EXAM-20250731,MOCK03535,DIAB_EYE_EXAM,2025-07-31,5.0,True,Research-generated IncentiveRewards mock,MyRewards Health Action Incentive,CARE_GAP_COMPLETION,USD
IR-MOCK03541-DIAB_EYE_EXAM-20250725,MOCK03541,DIAB_EYE_EXAM,2025-07-25,5.0,True,Research-generated IncentiveRewards mock,MyRewards Health Action Incentive,CARE_GAP_COMPLETION,USD
IR-MOCK03553-DIAB_EYE_EXAM-20250807,MOCK03553,DIAB_EYE_EXAM,2025-08-07,20.0,True,Research-generated IncentiveRewards mock,MyRewards Health Action Incentive,CARE_GAP_COMPLETION,USD
IR-MOCK03565-DIAB_EYE_EXAM-20250807,MOCK03565,DIAB_EYE_EXAM,2025-08-07,50.0,True,Research-generated IncentiveRewards mock,MyRewards Health Action Incentive,CARE_GAP_COMPLETION,USD
IR-MOCK03589-DIAB_EYE_EXAM-20250703,MOCK03589,DIAB_EYE_EXAM,2025-07-03,5.0,True,Research-generated IncentiveRewards mock,MyRewards Health Action Incentive,CARE_GAP_COMPLETION,USD
IR-MOCK03595-DIAB_EYE_EXAM-20250726,MOCK03595,DIAB_EYE_EXAM,2025-07-26,25.0,True,Research-generated IncentiveRewards mock,MyRewards Health Action Incentive,CARE_GAP_COMPLETION,USD
IR-MOCK03619-DIAB_EYE_EXAM-20250712,MOCK03619,DIAB_EYE_EXAM,2025-07-12,25.0,True,Research-generated IncentiveRewards mock,MyRewards Health Action Incentive,CARE_GAP_COMPLETION,USD
IR-MOCK03625-DIAB_EYE_EXAM-20250712,MOCK03625,DIAB_EYE_EXAM,2025-07-12,50.0,True,Research-generated IncentiveRewards mock,MyRewards Health Action Incentive,CARE_GAP_COMPLETION,USD
IR-MOCK03649-DIAB_EYE_EXAM-20250716,MOCK03649,DIAB_EYE_EXAM,2025-07-16,30.0,True,Research-generated IncentiveRewards mock,MyRewards Health Action Incentive,CARE_GAP_COMPLETION,USD
IR-MOCK03655-DIAB_EYE_EXAM-20250708,MOCK03655,DIAB_EYE_EXAM,2025-07-08,50.0,True,Research-generated IncentiveRewards mock,MyRewards Health Action Incentive,CARE_GAP_COMPLETION,USD
IR-MOCK03673-DIAB_EYE_EXAM-20250726,MOCK03673,DIAB_EYE_EXAM,2025-07-26,20.0,True,Research-generated IncentiveRewards mock,MyRewards Health Action Incentive,CARE_GAP_COMPLETION,USD
IR-MOCK03691-DIAB_EYE_EXAM-20250712,MOCK03691,DIAB_EYE_EXAM,2025-07-12,25.0,True,Research-generated IncentiveRewards mock,MyRewards Health Action Incentive,CARE_GAP_COMPLETION,USD
IR-MOCK03697-DIAB_EYE_EXAM-20250730,MOCK03697,DIAB_EYE_EXAM,2025-07-30,5.0,True,Research-generated IncentiveRewards mock,MyRewards Health Action Incentive,CARE_GAP_COMPLETION,USD
IR-MOCK03709-DIAB_EYE_EXAM-20250801,MOCK03709,DIAB_EYE_EXAM,2025-08-01,5.0,True,Research-generated IncentiveRewards mock,MyRewards Health Action Incentive,CARE_GAP_COMPLETION,USD
IR-MOCK03727-DIAB_EYE_EXAM-20250805,MOCK03727,DIAB_EYE_EXAM,2025-08-05,50.0,True,Research-generated IncentiveRewards mock,MyRewards Health Action Incentive,CARE_GAP_COMPLETION,USD
IR-MOCK03739-DIAB_EYE_EXAM-20250715,MOCK03739,DIAB_EYE_EXAM,2025-07-15,5.0,True,Research-generated IncentiveRewards mock,MyRewards Health Action Incentive,CARE_GAP_COMPLETION,USD
IR-MOCK03745-DIAB_EYE_EXAM-20250712,MOCK03745,DIAB_EYE_EXAM,2025-07-12,100.0,True,Research-generated IncentiveRewards mock,MyRewards Health Action Incentive,CARE_GAP_COMPLETION,USD
IR-MOCK03763-DIAB_EYE_EXAM-20250727,MOCK03763,DIAB_EYE_EXAM,2025-07-27,25.0,True,Research-generated IncentiveRewards mock,MyRewards Health Action Incentive,CARE_GAP_COMPLETION,USD
IR-MOCK03793-DIAB_EYE_EXAM-20250803,MOCK03793,DIAB_EYE_EXAM,2025-08-03,5.0,True,Research-generated IncentiveRewards mock,MyRewards Health Action Incentive,CARE_GAP_COMPLETION,USD
IR-MOCK03799-DIAB_EYE_EXAM-20250710,MOCK03799,DIAB_EYE_EXAM,2025-07-10,25.0,True,Research-generated IncentiveRewards mock,MyRewards Health Action Incentive,CARE_GAP_COMPLETION,USD
IR-MOCK03811-DIAB_EYE_EXAM-20250722,MOCK03811,DIAB_EYE_EXAM,2025-07-22,25.0,True,Research-generated IncentiveRewards mock,MyRewards Health Action Incentive,CARE_GAP_COMPLETION,USD
IR-MOCK03823-DIAB_EYE_EXAM-20250804,MOCK03823,DIAB_EYE_EXAM,2025-08-04,35.0,True,Research-generated IncentiveRewards mock,MyRewards Health Action Incentive,CARE_GAP_COMPLETION,USD
IR-MOCK03829-DIAB_EYE_EXAM-20250703,MOCK03829,DIAB_EYE_EXAM,2025-07-03,25.0,True,Research-generated IncentiveRewards mock,MyRewards Health Action Incentive,CARE_GAP_COMPLETION,USD
IR-MOCK03835-DIAB_EYE_EXAM-20250712,MOCK03835,DIAB_EYE_EXAM,2025-07-12,25.0,True,Research-generated IncentiveRewards mock,MyRewards Health Action Incentive,CARE_GAP_COMPLETION,USD
IR-MOCK03841-DIAB_EYE_EXAM-20250705,MOCK03841,DIAB_EYE_EXAM,2025-07-05,15.0,True,Research-generated IncentiveRewards mock,MyRewards Health Action Incentive,CARE_GAP_COMPLETION,USD
IR-MOCK03847-DIAB_EYE_EXAM-20250712,MOCK03847,DIAB_EYE_EXAM,2025-07-12,25.0,True,Research-generated IncentiveRewards mock,MyRewards Health Action Incentive,CARE_GAP_COMPLETION,USD
IR-MOCK03865-DIAB_EYE_EXAM-20250702,MOCK03865,DIAB_EYE_EXAM,2025-07-02,5.0,True,Research-generated IncentiveRewards mock,MyRewards Health Action Incentive,CARE_GAP_COMPLETION,USD
IR-MOCK03871-DIAB_EYE_EXAM-20250719,MOCK03871,DIAB_EYE_EXAM,2025-07-19,5.0,True,Research-generated IncentiveRewards mock,MyRewards Health Action Incentive,CARE_GAP_COMPLETION,USD
IR-MOCK03883-DIAB_EYE_EXAM-20250708,MOCK03883,DIAB_EYE_EXAM,2025-07-08,20.0,True,Research-generated IncentiveRewards mock,MyRewards Health Action Incentive,CARE_GAP_COMPLETION,USD
IR-MOCK03931-DIAB_EYE_EXAM-20250713,MOCK03931,DIAB_EYE_EXAM,2025-07-13,25.0,True,Research-generated IncentiveRewards mock,MyRewards Health Action Incentive,CARE_GAP_COMPLETION,USD
IR-MOCK03937-DIAB_EYE_EXAM-20250725,MOCK03937,DIAB_EYE_EXAM,2025-07-25,2.0,True,Research-generated IncentiveRewards mock,MyRewards Health Action Incentive,CARE_GAP_COMPLETION,USD
IR-MOCK03943-DIAB_EYE_EXAM-20250729,MOCK03943,DIAB_EYE_EXAM,2025-07-29,25.0,True,Research-generated IncentiveRewards mock,MyRewards Health Action Incentive,CARE_GAP_COMPLETION,USD
IR-MOCK03949-DIAB_EYE_EXAM-20250801,MOCK03949,DIAB_EYE_EXAM,2025-08-01,50.0,True,Research-generated IncentiveRewards mock,MyRewards Health Action Incentive,CARE_GAP_COMPLETION,USD
IR-MOCK03961-DIAB_EYE_EXAM-20250706,MOCK03961,DIAB_EYE_EXAM,2025-07-06,20.0,True,Research-generated IncentiveRewards mock,MyRewards Health Action Incentive,CARE_GAP_COMPLETION,USD
IR-MOCK03967-DIAB_EYE_EXAM-20250701,MOCK03967,DIAB_EYE_EXAM,2025-07-01,5.0,True,Research-generated IncentiveRewards mock,MyRewards Health Action Incentive,CARE_GAP_COMPLETION,USD
IR-MOCK03973-DIAB_EYE_EXAM-20250705,MOCK03973,DIAB_EYE_EXAM,2025-07-05,5.0,True,Research-generated IncentiveRewards mock,MyRewards Health Action Incentive,CARE_GAP_COMPLETION,USD
IR-MOCK03997-DIAB_EYE_EXAM-20250801,MOCK03997,DIAB_EYE_EXAM,2025-08-01,50.0,True,Research-generated IncentiveRewards mock,MyRewards Health Action Incentive,CARE_GAP_COMPLETION,USD
IR-MOCK04003-DIAB_EYE_EXAM-20250721,MOCK04003,DIAB_EYE_EXAM,2025-07-21,25.0,True,Research-generated IncentiveRewards mock,MyRewards Health Action Incentive,CARE_GAP_COMPLETION,USD
IR-MOCK04033-DIAB_EYE_EXAM-20250703,MOCK04033,DIAB_EYE_EXAM,2025-07-03,20.0,True,Research-generated IncentiveRewards mock,MyRewards Health Action Incentive,CARE_GAP_COMPLETION,USD
IR-MOCK04063-DIAB_EYE_EXAM-20250722,MOCK04063,DIAB_EYE_EXAM,2025-07-22,25.0,True,Research-generated IncentiveRewards mock,MyRewards Health Action Incentive,CARE_GAP_COMPLETION,USD
IR-MOCK04069-DIAB_EYE_EXAM-20250710,MOCK04069,DIAB_EYE_EXAM,2025-07-10,20.0,True,Research-generated IncentiveRewards mock,MyRewards Health Action Incentive,CARE_GAP_COMPLETION,USD
IR-MOCK04087-DIAB_EYE_EXAM-20250707,MOCK04087,DIAB_EYE_EXAM,2025-07-07,15.0,True,Research-generated IncentiveRewards mock,MyRewards Health Action Incentive,CARE_GAP_COMPLETION,USD
IR-MOCK04093-DIAB_EYE_EXAM-20250719,MOCK04093,DIAB_EYE_EXAM,2025-07-19,15.0,True,Research-generated IncentiveRewards mock,MyRewards Health Action Incentive,CARE_GAP_COMPLETION,USD
IR-MOCK04105-DIAB_EYE_EXAM-20250729,MOCK04105,DIAB_EYE_EXAM,2025-07-29,20.0,True,Research-generated IncentiveRewards mock,MyRewards Health Action Incentive,CARE_GAP_COMPLETION,USD
IR-MOCK04111-DIAB_EYE_EXAM-20250727,MOCK04111,DIAB_EYE_EXAM,2025-07-27,20.0,True,Research-generated IncentiveRewards mock,MyRewards Health Action Incentive,CARE_GAP_COMPLETION,USD
IR-MOCK04141-DIAB_EYE_EXAM-20250708,MOCK04141,DIAB_EYE_EXAM,2025-07-08,100.0,True,Research-generated IncentiveRewards mock,MyRewards Health Action Incentive,CARE_GAP_COMPLETION,USD
IR-MOCK04171-DIAB_EYE_EXAM-20250806,MOCK04171,DIAB_EYE_EXAM,2025-08-06,20.0,True,Research-generated IncentiveRewards mock,MyRewards Health Action Incentive,CARE_GAP_COMPLETION,USD
IR-MOCK04177-DIAB_EYE_EXAM-20250704,MOCK04177,DIAB_EYE_EXAM,2025-07-04,20.0,True,Research-generated IncentiveRewards mock,MyRewards Health Action Incentive,CARE_GAP_COMPLETION,USD
IR-MOCK04183-DIAB_EYE_EXAM-20250729,MOCK04183,DIAB_EYE_EXAM,2025-07-29,10.0,True,Research-generated IncentiveRewards mock,MyRewards Health Action Incentive,CARE_GAP_COMPLETION,USD
IR-MOCK04189-DIAB_EYE_EXAM-20250703,MOCK04189,DIAB_EYE_EXAM,2025-07-03,5.0,True,Research-generated IncentiveRewards mock,MyRewards Health Action Incentive,CARE_GAP_COMPLETION,USD
IR-MOCK04201-DIAB_EYE_EXAM-20250706,MOCK04201,DIAB_EYE_EXAM,2025-07-06,25.0,True,Research-generated IncentiveRewards mock,MyRewards Health Action Incentive,CARE_GAP_COMPLETION,USD
IR-MOCK04213-DIAB_EYE_EXAM-20250706,MOCK04213,DIAB_EYE_EXAM,2025-07-06,20.0,True,Research-generated IncentiveRewards mock,MyRewards Health Action Incentive,CARE_GAP_COMPLETION,USD
IR-MOCK04219-DIAB_EYE_EXAM-20250701,MOCK04219,DIAB_EYE_EXAM,2025-07-01,25.0,True,Research-generated IncentiveRewards mock,MyRewards Health Action Incentive,CARE_GAP_COMPLETION,USD
IR-MOCK04225-DIAB_EYE_EXAM-20250801,MOCK04225,DIAB_EYE_EXAM,2025-08-01,5.0,True,Research-generated IncentiveRewards mock,MyRewards Health Action Incentive,CARE_GAP_COMPLETION,USD
IR-MOCK04231-DIAB_EYE_EXAM-20250702,MOCK04231,DIAB_EYE_EXAM,2025-07-02,25.0,True,Research-generated IncentiveRewards mock,MyRewards Health Action Incentive,CARE_GAP_COMPLETION,USD
IR-MOCK04249-DIAB_EYE_EXAM-20250807,MOCK04249,DIAB_EYE_EXAM,2025-08-07,20.0,True,Research-generated IncentiveRewards mock,MyRewards Health Action Incentive,CARE_GAP_COMPLETION,USD
IR-MOCK04273-DIAB_EYE_EXAM-20250725,MOCK04273,DIAB_EYE_EXAM,2025-07-25,25.0,True,Research-generated IncentiveRewards mock,MyRewards Health Action Incentive,CARE_GAP_COMPLETION,USD
IR-MOCK04279-DIAB_EYE_EXAM-20250707,MOCK04279,DIAB_EYE_EXAM,2025-07-07,25.0,True,Research-generated IncentiveRewards mock,MyRewards Health Action Incentive,CARE_GAP_COMPLETION,USD
IR-MOCK04297-DIAB_EYE_EXAM-20250715,MOCK04297,DIAB_EYE_EXAM,2025-07-15,50.0,True,Research-generated IncentiveRewards mock,MyRewards Health Action Incentive,CARE_GAP_COMPLETION,USD
IR-MOCK04309-DIAB_EYE_EXAM-20250803,MOCK04309,DIAB_EYE_EXAM,2025-08-03,25.0,True,Research-generated IncentiveRewards mock,MyRewards Health Action Incentive,CARE_GAP_COMPLETION,USD
IR-MOCK04321-DIAB_EYE_EXAM-20250807,MOCK04321,DIAB_EYE_EXAM,2025-08-07,25.0,True,Research-generated IncentiveRewards mock,MyRewards Health Action Incentive,CARE_GAP_COMPLETION,USD
IR-MOCK04333-DIAB_EYE_EXAM-20250803,MOCK04333,DIAB_EYE_EXAM,2025-08-03,25.0,True,Research-generated IncentiveRewards mock,MyRewards Health Action Incentive,CARE_GAP_COMPLETION,USD
IR-MOCK04339-DIAB_EYE_EXAM-20250717,MOCK04339,DIAB_EYE_EXAM,2025-07-17,50.0,True,Research-generated IncentiveRewards mock,MyRewards Health Action Incentive,CARE_GAP_COMPLETION,USD
IR-MOCK04351-DIAB_EYE_EXAM-20250724,MOCK04351,DIAB_EYE_EXAM,2025-07-24,5.0,True,Research-generated IncentiveRewards mock,MyRewards Health Action Incentive,CARE_GAP_COMPLETION,USD
IR-MOCK04369-DIAB_EYE_EXAM-20250725,MOCK04369,DIAB_EYE_EXAM,2025-07-25,50.0,True,Research-generated IncentiveRewards mock,MyRewards Health Action Incentive,CARE_GAP_COMPLETION,USD
IR-MOCK04375-DIAB_EYE_EXAM-20250805,MOCK04375,DIAB_EYE_EXAM,2025-08-05,25.0,True,Research-generated IncentiveRewards mock,MyRewards Health Action Incentive,CARE_GAP_COMPLETION,USD
IR-MOCK04399-DIAB_EYE_EXAM-20250630,MOCK04399,DIAB_EYE_EXAM,2025-06-30,25.0,True,Research-generated IncentiveRewards mock,MyRewards Health Action Incentive,CARE_GAP_COMPLETION,USD
IR-MOCK04423-DIAB_EYE_EXAM-20250714,MOCK04423,DIAB_EYE_EXAM,2025-07-14,5.0,True,Research-generated IncentiveRewards mock,MyRewards Health Action Incentive,CARE_GAP_COMPLETION,USD
IR-MOCK04429-DIAB_EYE_EXAM-20250801,MOCK04429,DIAB_EYE_EXAM,2025-08-01,5.0,True,Research-generated IncentiveRewards mock,MyRewards Health Action Incentive,CARE_GAP_COMPLETION,USD
IR-MOCK04447-DIAB_EYE_EXAM-20250718,MOCK04447,DIAB_EYE_EXAM,2025-07-18,20.0,True,Research-generated IncentiveRewards mock,MyRewards Health Action Incentive,CARE_GAP_COMPLETION,USD
IR-MOCK04459-DIAB_EYE_EXAM-20250720,MOCK04459,DIAB_EYE_EXAM,2025-07-20,25.0,True,Research-generated IncentiveRewards mock,MyRewards Health Action Incentive,CARE_GAP_COMPLETION,USD
IR-MOCK04465-DIAB_EYE_EXAM-20250701,MOCK04465,DIAB_EYE_EXAM,2025-07-01,10.0,True,Research-generated IncentiveRewards mock,MyRewards Health Action Incentive,CARE_GAP_COMPLETION,USD
IR-MOCK04471-DIAB_EYE_EXAM-20250805,MOCK04471,DIAB_EYE_EXAM,2025-08-05,5.0,True,Research-generated IncentiveRewards mock,MyRewards Health Action Incentive,CARE_GAP_COMPLETION,USD
IR-MOCK04477-DIAB_EYE_EXAM-20250723,MOCK04477,DIAB_EYE_EXAM,2025-07-23,5.0,True,Research-generated IncentiveRewards mock,MyRewards Health Action Incentive,CARE_GAP_COMPLETION,USD
IR-MOCK04483-DIAB_EYE_EXAM-20250714,MOCK04483,DIAB_EYE_EXAM,2025-07-14,20.0,True,Research-generated IncentiveRewards mock,MyRewards Health Action Incentive,CARE_GAP_COMPLETION,USD
IR-MOCK04489-DIAB_EYE_EXAM-20250718,MOCK04489,DIAB_EYE_EXAM,2025-07-18,5.0,True,Research-generated IncentiveRewards mock,MyRewards Health Action Incentive,CARE_GAP_COMPLETION,USD
IR-MOCK04495-DIAB_EYE_EXAM-20250724,MOCK04495,DIAB_EYE_EXAM,2025-07-24,5.0,True,Research-generated IncentiveRewards mock,MyRewards Health Action Incentive,CARE_GAP_COMPLETION,USD
IR-MOCK04519-DIAB_EYE_EXAM-20250710,MOCK04519,DIAB_EYE_EXAM,2025-07-10,10.0,True,Research-generated IncentiveRewards mock,MyRewards Health Action Incentive,CARE_GAP_COMPLETION,USD
IR-MOCK04531-DIAB_EYE_EXAM-20250704,MOCK04531,DIAB_EYE_EXAM,2025-07-04,20.0,True,Research-generated IncentiveRewards mock,MyRewards Health Action Incentive,CARE_GAP_COMPLETION,USD
IR-MOCK04549-DIAB_EYE_EXAM-20250721,MOCK04549,DIAB_EYE_EXAM,2025-07-21,50.0,True,Research-generated IncentiveRewards mock,MyRewards Health Action Incentive,CARE_GAP_COMPLETION,USD
IR-MOCK04555-DIAB_EYE_EXAM-20250706,MOCK04555,DIAB_EYE_EXAM,2025-07-06,25.0,False,Research-generated IncentiveRewards mock,MyRewards Health Action Incentive,CARE_GAP_COMPLETION,USD
IR-MOCK04591-DIAB_EYE_EXAM-20250706,MOCK04591,DIAB_EYE_EXAM,2025-07-06,10.0,True,Research-generated IncentiveRewards mock,MyRewards Health Action Incentive,CARE_GAP_COMPLETION,USD
IR-MOCK04603-DIAB_EYE_EXAM-20250717,MOCK04603,DIAB_EYE_EXAM,2025-07-17,25.0,True,Research-generated IncentiveRewards mock,MyRewards Health Action Incentive,CARE_GAP_COMPLETION,USD
IR-MOCK04615-DIAB_EYE_EXAM-20250724,MOCK04615,DIAB_EYE_EXAM,2025-07-24,50.0,False,Research-generated IncentiveRewards mock,MyRewards Health Action Incentive,CARE_GAP_COMPLETION,USD
IR-MOCK04633-DIAB_EYE_EXAM-20250702,MOCK04633,DIAB_EYE_EXAM,2025-07-02,5.0,True,Research-generated IncentiveRewards mock,MyRewards Health Action Incentive,CARE_GAP_COMPLETION,USD
IR-MOCK04639-DIAB_EYE_EXAM-20250714,MOCK04639,DIAB_EYE_EXAM,2025-07-14,30.0,True,Research-generated IncentiveRewards mock,MyRewards Health Action Incentive,CARE_GAP_COMPLETION,USD
IR-MOCK04645-DIAB_EYE_EXAM-20250630,MOCK04645,DIAB_EYE_EXAM,2025-06-30,10.0,True,Research-generated IncentiveRewards mock,MyRewards Health Action Incentive,CARE_GAP_COMPLETION,USD
IR-MOCK04663-DIAB_EYE_EXAM-20250723,MOCK04663,DIAB_EYE_EXAM,2025-07-23,2.0,True,Research-generated IncentiveRewards mock,MyRewards Health Action Incentive,CARE_GAP_COMPLETION,USD
IR-MOCK04681-DIAB_EYE_EXAM-20250725,MOCK04681,DIAB_EYE_EXAM,2025-07-25,5.0,True,Research-generated IncentiveRewards mock,MyRewards Health Action Incentive,CARE_GAP_COMPLETION,USD
IR-MOCK04693-DIAB_EYE_EXAM-20250706,MOCK04693,DIAB_EYE_EXAM,2025-07-06,50.0,False,Research-generated IncentiveRewards mock,MyRewards Health Action Incentive,CARE_GAP_COMPLETION,USD
IR-MOCK04699-DIAB_EYE_EXAM-20250801,MOCK04699,DIAB_EYE_EXAM,2025-08-01,20.0,True,Research-generated IncentiveRewards mock,MyRewards Health Action Incentive,CARE_GAP_COMPLETION,USD
IR-MOCK04705-DIAB_EYE_EXAM-20250803,MOCK04705,DIAB_EYE_EXAM,2025-08-03,5.0,True,Research-generated IncentiveRewards mock,MyRewards Health Action Incentive,CARE_GAP_COMPLETION,USD
IR-MOCK04717-DIAB_EYE_EXAM-20250718,MOCK04717,DIAB_EYE_EXAM,2025-07-18,20.0,True,Research-generated IncentiveRewards mock,MyRewards Health Action Incentive,CARE_GAP_COMPLETION,USD
IR-MOCK04723-DIAB_EYE_EXAM-20250801,MOCK04723,DIAB_EYE_EXAM,2025-08-01,10.0,True,Research-generated IncentiveRewards mock,MyRewards Health Action Incentive,CARE_GAP_COMPLETION,USD
IR-MOCK04747-DIAB_EYE_EXAM-20250718,MOCK04747,DIAB_EYE_EXAM,2025-07-18,10.0,True,Research-generated IncentiveRewards mock,MyRewards Health Action Incentive,CARE_GAP_COMPLETION,USD
IR-MOCK04759-DIAB_EYE_EXAM-20250713,MOCK04759,DIAB_EYE_EXAM,2025-07-13,20.0,True,Research-generated IncentiveRewards mock,MyRewards Health Action Incentive,CARE_GAP_COMPLETION,USD
IR-MOCK04771-DIAB_EYE_EXAM-20250718,MOCK04771,DIAB_EYE_EXAM,2025-07-18,25.0,True,Research-generated IncentiveRewards mock,MyRewards Health Action Incentive,CARE_GAP_COMPLETION,USD
IR-MOCK04777-DIAB_EYE_EXAM-20250722,MOCK04777,DIAB_EYE_EXAM,2025-07-22,25.0,True,Research-generated IncentiveRewards mock,MyRewards Health Action Incentive,CARE_GAP_COMPLETION,USD
IR-MOCK04783-DIAB_EYE_EXAM-20250718,MOCK04783,DIAB_EYE_EXAM,2025-07-18,35.0,True,Research-generated IncentiveRewards mock,MyRewards Health Action Incentive,CARE_GAP_COMPLETION,USD
IR-MOCK04795-DIAB_EYE_EXAM-20250711,MOCK04795,DIAB_EYE_EXAM,2025-07-11,35.0,True,Research-generated IncentiveRewards mock,MyRewards Health Action Incentive,CARE_GAP_COMPLETION,USD
IR-MOCK04801-DIAB_EYE_EXAM-20250726,MOCK04801,DIAB_EYE_EXAM,2025-07-26,15.0,True,Research-generated IncentiveRewards mock,MyRewards Health Action Incentive,CARE_GAP_COMPLETION,USD
IR-MOCK04819-DIAB_EYE_EXAM-20250803,MOCK04819,DIAB_EYE_EXAM,2025-08-03,10.0,True,Research-generated IncentiveRewards mock,MyRewards Health Action Incentive,CARE_GAP_COMPLETION,USD
IR-MOCK04837-DIAB_EYE_EXAM-20250708,MOCK04837,DIAB_EYE_EXAM,2025-07-08,100.0,True,Research-generated IncentiveRewards mock,MyRewards Health Action Incentive,CARE_GAP_COMPLETION,USD
IR-MOCK04855-DIAB_EYE_EXAM-20250720,MOCK04855,DIAB_EYE_EXAM,2025-07-20,5.0,True,Research-generated IncentiveRewards mock,MyRewards Health Action Incentive,CARE_GAP_COMPLETION,USD
IR-MOCK04861-DIAB_EYE_EXAM-20250706,MOCK04861,DIAB_EYE_EXAM,2025-07-06,50.0,True,Research-generated IncentiveRewards mock,MyRewards Health Action Incentive,CARE_GAP_COMPLETION,USD
IR-MOCK04867-DIAB_EYE_EXAM-20250703,MOCK04867,DIAB_EYE_EXAM,2025-07-03,25.0,True,Research-generated IncentiveRewards mock,MyRewards Health Action Incentive,CARE_GAP_COMPLETION,USD
IR-MOCK04873-DIAB_EYE_EXAM-20250705,MOCK04873,DIAB_EYE_EXAM,2025-07-05,5.0,True,Research-generated IncentiveRewards mock,MyRewards Health Action Incentive,CARE_GAP_COMPLETION,USD
IR-MOCK04897-DIAB_EYE_EXAM-20250712,MOCK04897,DIAB_EYE_EXAM,2025-07-12,25.0,True,Research-generated IncentiveRewards mock,MyRewards Health Action Incentive,CARE_GAP_COMPLETION,USD
IR-MOCK04903-DIAB_EYE_EXAM-20250713,MOCK04903,DIAB_EYE_EXAM,2025-07-13,25.0,True,Research-generated IncentiveRewards mock,MyRewards Health Action Incentive,CARE_GAP_COMPLETION,USD
IR-MOCK04909-DIAB_EYE_EXAM-20250714,MOCK04909,DIAB_EYE_EXAM,2025-07-14,25.0,True,Research-generated IncentiveRewards mock,MyRewards Health Action Incentive,CARE_GAP_COMPLETION,USD
IR-MOCK04921-DIAB_EYE_EXAM-20250702,MOCK04921,DIAB_EYE_EXAM,2025-07-02,25.0,True,Research-generated IncentiveRewards mock,MyRewards Health Action Incentive,CARE_GAP_COMPLETION,USD
IR-MOCK04939-DIAB_EYE_EXAM-20250713,MOCK04939,DIAB_EYE_EXAM,2025-07-13,2.0,True,Research-generated IncentiveRewards mock,MyRewards Health Action Incentive,CARE_GAP_COMPLETION,USD
IR-MOCK04969-DIAB_EYE_EXAM-20250708,MOCK04969,DIAB_EYE_EXAM,2025-07-08,25.0,True,Research-generated IncentiveRewards mock,MyRewards Health Action Incentive,CARE_GAP_COMPLETION,USD
IR-MOCK04981-DIAB_EYE_EXAM-20250803,MOCK04981,DIAB_EYE_EXAM,2025-08-03,50.0,False,Research-generated IncentiveRewards mock,MyRewards Health Action Incentive,CARE_GAP_COMPLETION,USD
IR-MOCK04993-DIAB_EYE_EXAM-20250805,MOCK04993,DIAB_EYE_EXAM,2025-08-05,20.0,True,Research-generated IncentiveRewards mock,MyRewards Health Action Incentive,CARE_GAP_COMPLETION,USD
IR-MOCK05011-DIAB_EYE_EXAM-20250729,MOCK05011,DIAB_EYE_EXAM,2025-07-29,10.0,True,Research-generated IncentiveRewards mock,MyRewards Health Action Incentive,CARE_GAP_COMPLETION,USD
IR-MOCK05017-DIAB_EYE_EXAM-20250704,MOCK05017,DIAB_EYE_EXAM,2025-07-04,5.0,True,Research-generated IncentiveRewards mock,MyRewards Health Action Incentive,CARE_GAP_COMPLETION,USD
IR-MOCK05029-DIAB_EYE_EXAM-20250704,MOCK05029,DIAB_EYE_EXAM,2025-07-04,5.0,True,Research-generated IncentiveRewards mock,MyRewards Health Action Incentive,CARE_GAP_COMPLETION,USD
IR-MOCK05047-DIAB_EYE_EXAM-20250715,MOCK05047,DIAB_EYE_EXAM,2025-07-15,50.0,True,Research-generated IncentiveRewards mock,MyRewards Health Action Incentive,CARE_GAP_COMPLETION,USD
IR-MOCK05071-DIAB_EYE_EXAM-20250806,MOCK05071,DIAB_EYE_EXAM,2025-08-06,5.0,True,Research-generated IncentiveRewards mock,MyRewards Health Action Incentive,CARE_GAP_COMPLETION,USD
IR-MOCK05077-DIAB_EYE_EXAM-20250729,MOCK05077,DIAB_EYE_EXAM,2025-07-29,10.0,True,Research-generated IncentiveRewards mock,MyRewards Health Action Incentive,CARE_GAP_COMPLETION,USD
IR-MOCK05083-DIAB_EYE_EXAM-20250704,MOCK05083,DIAB_EYE_EXAM,2025-07-04,2.0,True,Research-generated IncentiveRewards mock,MyRewards Health Action Incentive,CARE_GAP_COMPLETION,USD
IR-MOCK05107-DIAB_EYE_EXAM-20250705,MOCK05107,DIAB_EYE_EXAM,2025-07-05,50.0,True,Research-generated IncentiveRewards mock,MyRewards Health Action Incentive,CARE_GAP_COMPLETION,USD
IR-MOCK05131-DIAB_EYE_EXAM-20250708,MOCK05131,DIAB_EYE_EXAM,2025-07-08,15.0,True,Research-generated IncentiveRewards mock,MyRewards Health Action Incentive,CARE_GAP_COMPLETION,USD
IR-MOCK05143-DIAB_EYE_EXAM-20250702,MOCK05143,DIAB_EYE_EXAM,2025-07-02,20.0,True,Research-generated IncentiveRewards mock,MyRewards Health Action Incentive,CARE_GAP_COMPLETION,USD
IR-MOCK05149-DIAB_EYE_EXAM-20250712,MOCK05149,DIAB_EYE_EXAM,2025-07-12,5.0,True,Research-generated IncentiveRewards mock,MyRewards Health Action Incentive,CARE_GAP_COMPLETION,USD
IR-MOCK05167-DIAB_EYE_EXAM-20250703,MOCK05167,DIAB_EYE_EXAM,2025-07-03,50.0,True,Research-generated IncentiveRewards mock,MyRewards Health Action Incentive,CARE_GAP_COMPLETION,USD
IR-MOCK05185-DIAB_EYE_EXAM-20250731,MOCK05185,DIAB_EYE_EXAM,2025-07-31,25.0,True,Research-generated IncentiveRewards mock,MyRewards Health Action Incentive,CARE_GAP_COMPLETION,USD
IR-MOCK05197-DIAB_EYE_EXAM-20250706,MOCK05197,DIAB_EYE_EXAM,2025-07-06,10.0,True,Research-generated IncentiveRewards mock,MyRewards Health Action Incentive,CARE_GAP_COMPLETION,USD
IR-MOCK05203-DIAB_EYE_EXAM-20250731,MOCK05203,DIAB_EYE_EXAM,2025-07-31,25.0,True,Research-generated IncentiveRewards mock,MyRewards Health Action Incentive,CARE_GAP_COMPLETION,USD
IR-MOCK05209-DIAB_EYE_EXAM-20250807,MOCK05209,DIAB_EYE_EXAM,2025-08-07,5.0,True,Research-generated IncentiveRewards mock,MyRewards Health Action Incentive,CARE_GAP_COMPLETION,USD
IR-MOCK05221-DIAB_EYE_EXAM-20250719,MOCK05221,DIAB_EYE_EXAM,2025-07-19,50.0,True,Research-generated IncentiveRewards mock,MyRewards Health Action Incentive,CARE_GAP_COMPLETION,USD
IR-MOCK05227-DIAB_EYE_EXAM-20250720,MOCK05227,DIAB_EYE_EXAM,2025-07-20,50.0,True,Research-generated IncentiveRewards mock,MyRewards Health Action Incentive,CARE_GAP_COMPLETION,USD
IR-MOCK05257-DIAB_EYE_EXAM-20250714,MOCK05257,DIAB_EYE_EXAM,2025-07-14,50.0,True,Research-generated IncentiveRewards mock,MyRewards Health Action Incentive,CARE_GAP_COMPLETION,USD
IR-MOCK05263-DIAB_EYE_EXAM-20250731,MOCK05263,DIAB_EYE_EXAM,2025-07-31,20.0,True,Research-generated IncentiveRewards mock,MyRewards Health Action Incentive,CARE_GAP_COMPLETION,USD
IR-MOCK05281-DIAB_EYE_EXAM-20250722,MOCK05281,DIAB_EYE_EXAM,2025-07-22,10.0,True,Research-generated IncentiveRewards mock,MyRewards Health Action Incentive,CARE_GAP_COMPLETION,USD
IR-MOCK05287-DIAB_EYE_EXAM-20250718,MOCK05287,DIAB_EYE_EXAM,2025-07-18,20.0,True,Research-generated IncentiveRewards mock,MyRewards Health Action Incentive,CARE_GAP_COMPLETION,USD
IR-MOCK05293-DIAB_EYE_EXAM-20250704,MOCK05293,DIAB_EYE_EXAM,2025-07-04,25.0,True,Research-generated IncentiveRewards mock,MyRewards Health Action Incentive,CARE_GAP_COMPLETION,USD
IR-MOCK05299-DIAB_EYE_EXAM-20250725,MOCK05299,DIAB_EYE_EXAM,2025-07-25,15.0,True,Research-generated IncentiveRewards mock,MyRewards Health Action Incentive,CARE_GAP_COMPLETION,USD
IR-MOCK05317-DIAB_EYE_EXAM-20250707,MOCK05317,DIAB_EYE_EXAM,2025-07-07,20.0,True,Research-generated IncentiveRewards mock,MyRewards Health Action Incentive,CARE_GAP_COMPLETION,USD
IR-MOCK05335-DIAB_EYE_EXAM-20250731,MOCK05335,DIAB_EYE_EXAM,2025-07-31,20.0,True,Research-generated IncentiveRewards mock,MyRewards Health Action Incentive,CARE_GAP_COMPLETION,USD
IR-MOCK05341-DIAB_EYE_EXAM-20250802,MOCK05341,DIAB_EYE_EXAM,2025-08-02,25.0,True,Research-generated IncentiveRewards mock,MyRewards Health Action Incentive,CARE_GAP_COMPLETION,USD
IR-MOCK05353-DIAB_EYE_EXAM-20250722,MOCK05353,DIAB_EYE_EXAM,2025-07-22,25.0,True,Research-generated IncentiveRewards mock,MyRewards Health Action Incentive,CARE_GAP_COMPLETION,USD
IR-MOCK05395-DIAB_EYE_EXAM-20250731,MOCK05395,DIAB_EYE_EXAM,2025-07-31,20.0,True,Research-generated IncentiveRewards mock,MyRewards Health Action Incentive,CARE_GAP_COMPLETION,USD
IR-MOCK05425-DIAB_EYE_EXAM-20250805,MOCK05425,DIAB_EYE_EXAM,2025-08-05,25.0,True,Research-generated IncentiveRewards mock,MyRewards Health Action Incentive,CARE_GAP_COMPLETION,USD
IR-MOCK05467-DIAB_EYE_EXAM-20250806,MOCK05467,DIAB_EYE_EXAM,2025-08-06,50.0,True,Research-generated IncentiveRewards mock,MyRewards Health Action Incentive,CARE_GAP_COMPLETION,USD
IR-MOCK05473-DIAB_EYE_EXAM-20250722,MOCK05473,DIAB_EYE_EXAM,2025-07-22,5.0,True,Research-generated IncentiveRewards mock,MyRewards Health Action Incentive,CARE_GAP_COMPLETION,USD
IR-MOCK05497-DIAB_EYE_EXAM-20250725,MOCK05497,DIAB_EYE_EXAM,2025-07-25,25.0,True,Research-generated IncentiveRewards mock,MyRewards Health Action Incentive,CARE_GAP_COMPLETION,USD
IR-MOCK05503-DIAB_EYE_EXAM-20250713,MOCK05503,DIAB_EYE_EXAM,2025-07-13,5.0,True,Research-generated IncentiveRewards mock,MyRewards Health Action Incentive,CARE_GAP_COMPLETION,USD
IR-MOCK05509-DIAB_EYE_EXAM-20250721,MOCK05509,DIAB_EYE_EXAM,2025-07-21,25.0,True,Research-generated IncentiveRewards mock,MyRewards Health Action Incentive,CARE_GAP_COMPLETION,USD
IR-MOCK05533-DIAB_EYE_EXAM-20250713,MOCK05533,DIAB_EYE_EXAM,2025-07-13,20.0,True,Research-generated IncentiveRewards mock,MyRewards Health Action Incentive,CARE_GAP_COMPLETION,USD
IR-MOCK05551-DIAB_EYE_EXAM-20250720,MOCK05551,DIAB_EYE_EXAM,2025-07-20,50.0,True,Research-generated IncentiveRewards mock,MyRewards Health Action Incentive,CARE_GAP_COMPLETION,USD
IR-MOCK05569-DIAB_EYE_EXAM-20250706,MOCK05569,DIAB_EYE_EXAM,2025-07-06,25.0,True,Research-generated IncentiveRewards mock,MyRewards Health Action Incentive,CARE_GAP_COMPLETION,USD
IR-MOCK05575-DIAB_EYE_EXAM-20250719,MOCK05575,DIAB_EYE_EXAM,2025-07-19,25.0,True,Research-generated IncentiveRewards mock,MyRewards Health Action Incentive,CARE_GAP_COMPLETION,USD
IR-MOCK05605-DIAB_EYE_EXAM-20250708,MOCK05605,DIAB_EYE_EXAM,2025-07-08,20.0,True,Research-generated IncentiveRewards mock,MyRewards Health Action Incentive,CARE_GAP_COMPLETION,USD
IR-MOCK05623-DIAB_EYE_EXAM-20250729,MOCK05623,DIAB_EYE_EXAM,2025-07-29,20.0,True,Research-generated IncentiveRewards mock,MyRewards Health Action Incentive,CARE_GAP_COMPLETION,USD
IR-MOCK05635-DIAB_EYE_EXAM-20250720,MOCK05635,DIAB_EYE_EXAM,2025-07-20,100.0,True,Research-generated IncentiveRewards mock,MyRewards Health Action Incentive,CARE_GAP_COMPLETION,USD
IR-MOCK05641-DIAB_EYE_EXAM-20250710,MOCK05641,DIAB_EYE_EXAM,2025-07-10,25.0,True,Research-generated IncentiveRewards mock,MyRewards Health Action Incentive,CARE_GAP_COMPLETION,USD
IR-MOCK05647-DIAB_EYE_EXAM-20250720,MOCK05647,DIAB_EYE_EXAM,2025-07-20,25.0,True,Research-generated IncentiveRewards mock,MyRewards Health Action Incentive,CARE_GAP_COMPLETION,USD
IR-MOCK05659-DIAB_EYE_EXAM-20250806,MOCK05659,DIAB_EYE_EXAM,2025-08-06,20.0,True,Research-generated IncentiveRewards mock,MyRewards Health Action Incentive,CARE_GAP_COMPLETION,USD
IR-MOCK05665-DIAB_EYE_EXAM-20250805,MOCK05665,DIAB_EYE_EXAM,2025-08-05,25.0,True,Research-generated IncentiveRewards mock,MyRewards Health Action Incentive,CARE_GAP_COMPLETION,USD
IR-MOCK05677-DIAB_EYE_EXAM-20250723,MOCK05677,DIAB_EYE_EXAM,2025-07-23,50.0,True,Research-generated IncentiveRewards mock,MyRewards Health Action Incentive,CARE_GAP_COMPLETION,USD
IR-MOCK05695-DIAB_EYE_EXAM-20250807,MOCK05695,DIAB_EYE_EXAM,2025-08-07,20.0,True,Research-generated IncentiveRewards mock,MyRewards Health Action Incentive,CARE_GAP_COMPLETION,USD
IR-MOCK05701-DIAB_EYE_EXAM-20250702,MOCK05701,DIAB_EYE_EXAM,2025-07-02,10.0,True,Research-generated IncentiveRewards mock,MyRewards Health Action Incentive,CARE_GAP_COMPLETION,USD
IR-MOCK05713-DIAB_EYE_EXAM-20250805,MOCK05713,DIAB_EYE_EXAM,2025-08-05,25.0,True,Research-generated IncentiveRewards mock,MyRewards Health Action Incentive,CARE_GAP_COMPLETION,USD
IR-MOCK05719-DIAB_EYE_EXAM-20250802,MOCK05719,DIAB_EYE_EXAM,2025-08-02,25.0,True,Research-generated IncentiveRewards mock,MyRewards Health Action Incentive,CARE_GAP_COMPLETION,USD
IR-MOCK05785-DIAB_EYE_EXAM-20250726,MOCK05785,DIAB_EYE_EXAM,2025-07-26,5.0,True,Research-generated IncentiveRewards mock,MyRewards Health Action Incentive,CARE_GAP_COMPLETION,USD
IR-MOCK05803-DIAB_EYE_EXAM-20250703,MOCK05803,DIAB_EYE_EXAM,2025-07-03,15.0,True,Research-generated IncentiveRewards mock,MyRewards Health Action Incentive,CARE_GAP_COMPLETION,USD
IR-MOCK05809-DIAB_EYE_EXAM-20250701,MOCK05809,DIAB_EYE_EXAM,2025-07-01,15.0,True,Research-generated IncentiveRewards mock,MyRewards Health Action Incentive,CARE_GAP_COMPLETION,USD
IR-MOCK05821-DIAB_EYE_EXAM-20250728,MOCK05821,DIAB_EYE_EXAM,2025-07-28,50.0,True,Research-generated IncentiveRewards mock,MyRewards Health Action Incentive,CARE_GAP_COMPLETION,USD
IR-MOCK05827-DIAB_EYE_EXAM-20250705,MOCK05827,DIAB_EYE_EXAM,2025-07-05,5.0,True,Research-generated IncentiveRewards mock,MyRewards Health Action Incentive,CARE_GAP_COMPLETION,USD
IR-MOCK05833-DIAB_EYE_EXAM-20250802,MOCK05833,DIAB_EYE_EXAM,2025-08-02,15.0,True,Research-generated IncentiveRewards mock,MyRewards Health Action Incentive,CARE_GAP_COMPLETION,USD
IR-MOCK05839-DIAB_EYE_EXAM-20250709,MOCK05839,DIAB_EYE_EXAM,2025-07-09,5.0,True,Research-generated IncentiveRewards mock,MyRewards Health Action Incentive,CARE_GAP_COMPLETION,USD
IR-MOCK05851-DIAB_EYE_EXAM-20250707,MOCK05851,DIAB_EYE_EXAM,2025-07-07,25.0,True,Research-generated IncentiveRewards mock,MyRewards Health Action Incentive,CARE_GAP_COMPLETION,USD
IR-MOCK05857-DIAB_EYE_EXAM-20250718,MOCK05857,DIAB_EYE_EXAM,2025-07-18,5.0,True,Research-generated IncentiveRewards mock,MyRewards Health Action Incentive,CARE_GAP_COMPLETION,USD
IR-MOCK05869-DIAB_EYE_EXAM-20250630,MOCK05869,DIAB_EYE_EXAM,2025-06-30,5.0,True,Research-generated IncentiveRewards mock,MyRewards Health Action Incentive,CARE_GAP_COMPLETION,USD
IR-MOCK05875-DIAB_EYE_EXAM-20250722,MOCK05875,DIAB_EYE_EXAM,2025-07-22,20.0,True,Research-generated IncentiveRewards mock,MyRewards Health Action Incentive,CARE_GAP_COMPLETION,USD
IR-MOCK05911-DIAB_EYE_EXAM-20250807,MOCK05911,DIAB_EYE_EXAM,2025-08-07,5.0,True,Research-generated IncentiveRewards mock,MyRewards Health Action Incentive,CARE_GAP_COMPLETION,USD
IR-MOCK05929-DIAB_EYE_EXAM-20250722,MOCK05929,DIAB_EYE_EXAM,2025-07-22,25.0,True,Research-generated IncentiveRewards mock,MyRewards Health Action Incentive,CARE_GAP_COMPLETION,USD
IR-MOCK05941-DIAB_EYE_EXAM-20250710,MOCK05941,DIAB_EYE_EXAM,2025-07-10,20.0,True,Research-generated IncentiveRewards mock,MyRewards Health Action Incentive,CARE_GAP_COMPLETION,USD
IR-MOCK05965-DIAB_EYE_EXAM-20250730,MOCK05965,DIAB_EYE_EXAM,2025-07-30,25.0,True,Research-generated IncentiveRewards mock,MyRewards Health Action Incentive,CARE_GAP_COMPLETION,USD
IR-MOCK05983-DIAB_EYE_EXAM-20250708,MOCK05983,DIAB_EYE_EXAM,2025-07-08,50.0,True,Research-generated IncentiveRewards mock,MyRewards Health Action Incentive,CARE_GAP_COMPLETION,USD
IR-MOCK05989-DIAB_EYE_EXAM-20250720,MOCK05989,DIAB_EYE_EXAM,2025-07-20,25.0,True,Research-generated IncentiveRewards mock,MyRewards Health Action Incentive,CARE_GAP_COMPLETION,USD
IR-MOCK06001-DIAB_EYE_EXAM-20250806,MOCK06001,DIAB_EYE_EXAM,2025-08-06,20.0,True,Research-generated IncentiveRewards mock,MyRewards Health Action Incentive,CARE_GAP_COMPLETION,USD
IR-MOCK06019-DIAB_EYE_EXAM-20250730,MOCK06019,DIAB_EYE_EXAM,2025-07-30,20.0,True,Research-generated IncentiveRewards mock,MyRewards Health Action Incentive,CARE_GAP_COMPLETION,USD
IR-MOCK06031-DIAB_EYE_EXAM-20250802,MOCK06031,DIAB_EYE_EXAM,2025-08-02,25.0,True,Research-generated IncentiveRewards mock,MyRewards Health Action Incentive,CARE_GAP_COMPLETION,USD
IR-MOCK06049-DIAB_EYE_EXAM-20250723,MOCK06049,DIAB_EYE_EXAM,2025-07-23,10.0,True,Research-generated IncentiveRewards mock,MyRewards Health Action Incentive,CARE_GAP_COMPLETION,USD
IR-MOCK06073-DIAB_EYE_EXAM-20250714,MOCK06073,DIAB_EYE_EXAM,2025-07-14,25.0,True,Research-generated IncentiveRewards mock,MyRewards Health Action Incentive,CARE_GAP_COMPLETION,USD
IR-MOCK06091-DIAB_EYE_EXAM-20250715,MOCK06091,DIAB_EYE_EXAM,2025-07-15,20.0,True,Research-generated IncentiveRewards mock,MyRewards Health Action Incentive,CARE_GAP_COMPLETION,USD
IR-MOCK06103-DIAB_EYE_EXAM-20250719,MOCK06103,DIAB_EYE_EXAM,2025-07-19,5.0,True,Research-generated IncentiveRewards mock,MyRewards Health Action Incentive,CARE_GAP_COMPLETION,USD
IR-MOCK06115-DIAB_EYE_EXAM-20250709,MOCK06115,DIAB_EYE_EXAM,2025-07-09,25.0,True,Research-generated IncentiveRewards mock,MyRewards Health Action Incentive,CARE_GAP_COMPLETION,USD
IR-MOCK06127-DIAB_EYE_EXAM-20250724,MOCK06127,DIAB_EYE_EXAM,2025-07-24,20.0,True,Research-generated IncentiveRewards mock,MyRewards Health Action Incentive,CARE_GAP_COMPLETION,USD
IR-MOCK06133-DIAB_EYE_EXAM-20250807,MOCK06133,DIAB_EYE_EXAM,2025-08-07,5.0,True,Research-generated IncentiveRewards mock,MyRewards Health Action Incentive,CARE_GAP_COMPLETION,USD
IR-MOCK06163-DIAB_EYE_EXAM-20250805,MOCK06163,DIAB_EYE_EXAM,2025-08-05,5.0,True,Research-generated IncentiveRewards mock,MyRewards Health Action Incentive,CARE_GAP_COMPLETION,USD
IR-MOCK06175-DIAB_EYE_EXAM-20250704,MOCK06175,DIAB_EYE_EXAM,2025-07-04,20.0,True,Research-generated IncentiveRewards mock,MyRewards Health Action Incentive,CARE_GAP_COMPLETION,USD
IR-MOCK06181-DIAB_EYE_EXAM-20250716,MOCK06181,DIAB_EYE_EXAM,2025-07-16,2.0,True,Research-generated IncentiveRewards mock,MyRewards Health Action Incentive,CARE_GAP_COMPLETION,USD
IR-MOCK06199-DIAB_EYE_EXAM-20250803,MOCK06199,DIAB_EYE_EXAM,2025-08-03,25.0,True,Research-generated IncentiveRewards mock,MyRewards Health Action Incentive,CARE_GAP_COMPLETION,USD
IR-MOCK06205-DIAB_EYE_EXAM-20250730,MOCK06205,DIAB_EYE_EXAM,2025-07-30,20.0,True,Research-generated IncentiveRewards mock,MyRewards Health Action Incentive,CARE_GAP_COMPLETION,USD
IR-MOCK06217-DIAB_EYE_EXAM-20250801,MOCK06217,DIAB_EYE_EXAM,2025-08-01,10.0,True,Research-generated IncentiveRewards mock,MyRewards Health Action Incentive,CARE_GAP_COMPLETION,USD
IR-MOCK06223-DIAB_EYE_EXAM-20250702,MOCK06223,DIAB_EYE_EXAM,2025-07-02,20.0,True,Research-generated IncentiveRewards mock,MyRewards Health Action Incentive,CARE_GAP_COMPLETION,USD
IR-MOCK06229-DIAB_EYE_EXAM-20250711,MOCK06229,DIAB_EYE_EXAM,2025-07-11,10.0,True,Research-generated IncentiveRewards mock,MyRewards Health Action Incentive,CARE_GAP_COMPLETION,USD
IR-MOCK06235-DIAB_EYE_EXAM-20250727,MOCK06235,DIAB_EYE_EXAM,2025-07-27,15.0,True,Research-generated IncentiveRewards mock,MyRewards Health Action Incentive,CARE_GAP_COMPLETION,USD
IR-MOCK06241-DIAB_EYE_EXAM-20250711,MOCK06241,DIAB_EYE_EXAM,2025-07-11,50.0,True,Research-generated IncentiveRewards mock,MyRewards Health Action Incentive,CARE_GAP_COMPLETION,USD
IR-MOCK06253-DIAB_EYE_EXAM-20250803,MOCK06253,DIAB_EYE_EXAM,2025-08-03,15.0,True,Research-generated IncentiveRewards mock,MyRewards Health Action Incentive,CARE_GAP_COMPLETION,USD
IR-MOCK06319-DIAB_EYE_EXAM-20250724,MOCK06319,DIAB_EYE_EXAM,2025-07-24,5.0,True,Research-generated IncentiveRewards mock,MyRewards Health Action Incentive,CARE_GAP_COMPLETION,USD
IR-MOCK06337-DIAB_EYE_EXAM-20250714,MOCK06337,DIAB_EYE_EXAM,2025-07-14,20.0,True,Research-generated IncentiveRewards mock,MyRewards Health Action Incentive,CARE_GAP_COMPLETION,USD
IR-MOCK06349-DIAB_EYE_EXAM-20250724,MOCK06349,DIAB_EYE_EXAM,2025-07-24,20.0,True,Research-generated IncentiveRewards mock,MyRewards Health Action Incentive,CARE_GAP_COMPLETION,USD
IR-MOCK06355-DIAB_EYE_EXAM-20250705,MOCK06355,DIAB_EYE_EXAM,2025-07-05,50.0,True,Research-generated IncentiveRewards mock,MyRewards Health Action Incentive,CARE_GAP_COMPLETION,USD
IR-MOCK06367-DIAB_EYE_EXAM-20250722,MOCK06367,DIAB_EYE_EXAM,2025-07-22,50.0,True,Research-generated IncentiveRewards mock,MyRewards Health Action Incentive,CARE_GAP_COMPLETION,USD
IR-MOCK06373-DIAB_EYE_EXAM-20250718,MOCK06373,DIAB_EYE_EXAM,2025-07-18,5.0,True,Research-generated IncentiveRewards mock,MyRewards Health Action Incentive,CARE_GAP_COMPLETION,USD
IR-MOCK06379-DIAB_EYE_EXAM-20250806,MOCK06379,DIAB_EYE_EXAM,2025-08-06,15.0,True,Research-generated IncentiveRewards mock,MyRewards Health Action Incentive,CARE_GAP_COMPLETION,USD
IR-MOCK06427-DIAB_EYE_EXAM-20250719,MOCK06427,DIAB_EYE_EXAM,2025-07-19,25.0,True,Research-generated IncentiveRewards mock,MyRewards Health Action Incentive,CARE_GAP_COMPLETION,USD
IR-MOCK06445-DIAB_EYE_EXAM-20250703,MOCK06445,DIAB_EYE_EXAM,2025-07-03,50.0,True,Research-generated IncentiveRewards mock,MyRewards Health Action Incentive,CARE_GAP_COMPLETION,USD
IR-MOCK06451-DIAB_EYE_EXAM-20250719,MOCK06451,DIAB_EYE_EXAM,2025-07-19,25.0,True,Research-generated IncentiveRewards mock,MyRewards Health Action Incentive,CARE_GAP_COMPLETION,USD
IR-MOCK06463-DIAB_EYE_EXAM-20250707,MOCK06463,DIAB_EYE_EXAM,2025-07-07,5.0,True,Research-generated IncentiveRewards mock,MyRewards Health Action Incentive,CARE_GAP_COMPLETION,USD
IR-MOCK06475-DIAB_EYE_EXAM-20250708,MOCK06475,DIAB_EYE_EXAM,2025-07-08,25.0,True,Research-generated IncentiveRewards mock,MyRewards Health Action Incentive,CARE_GAP_COMPLETION,USD
IR-MOCK06487-DIAB_EYE_EXAM-20250716,MOCK06487,DIAB_EYE_EXAM,2025-07-16,10.0,True,Research-generated IncentiveRewards mock,MyRewards Health Action Incentive,CARE_GAP_COMPLETION,USD
IR-MOCK06499-DIAB_EYE_EXAM-20250709,MOCK06499,DIAB_EYE_EXAM,2025-07-09,25.0,True,Research-generated IncentiveRewards mock,MyRewards Health Action Incentive,CARE_GAP_COMPLETION,USD
IR-MOCK06505-DIAB_EYE_EXAM-20250703,MOCK06505,DIAB_EYE_EXAM,2025-07-03,5.0,True,Research-generated IncentiveRewards mock,MyRewards Health Action Incentive,CARE_GAP_COMPLETION,USD
IR-MOCK06511-DIAB_EYE_EXAM-20250722,MOCK06511,DIAB_EYE_EXAM,2025-07-22,100.0,True,Research-generated IncentiveRewards mock,MyRewards Health Action Incentive,CARE_GAP_COMPLETION,USD
IR-MOCK06535-DIAB_EYE_EXAM-20250803,MOCK06535,DIAB_EYE_EXAM,2025-08-03,15.0,True,Research-generated IncentiveRewards mock,MyRewards Health Action Incentive,CARE_GAP_COMPLETION,USD
IR-MOCK06553-DIAB_EYE_EXAM-20250716,MOCK06553,DIAB_EYE_EXAM,2025-07-16,25.0,True,Research-generated IncentiveRewards mock,MyRewards Health Action Incentive,CARE_GAP_COMPLETION,USD
IR-MOCK06577-DIAB_EYE_EXAM-20250701,MOCK06577,DIAB_EYE_EXAM,2025-07-01,25.0,True,Research-generated IncentiveRewards mock,MyRewards Health Action Incentive,CARE_GAP_COMPLETION,USD
IR-MOCK06583-DIAB_EYE_EXAM-20250707,MOCK06583,DIAB_EYE_EXAM,2025-07-07,20.0,True,Research-generated IncentiveRewards mock,MyRewards Health Action Incentive,CARE_GAP_COMPLETION,USD
IR-MOCK06595-DIAB_EYE_EXAM-20250714,MOCK06595,DIAB_EYE_EXAM,2025-07-14,25.0,True,Research-generated IncentiveRewards mock,MyRewards Health Action Incentive,CARE_GAP_COMPLETION,USD
IR-MOCK06601-DIAB_EYE_EXAM-20250807,MOCK06601,DIAB_EYE_EXAM,2025-08-07,5.0,True,Research-generated IncentiveRewards mock,MyRewards Health Action Incentive,CARE_GAP_COMPLETION,USD
IR-MOCK06619-DIAB_EYE_EXAM-20250725,MOCK06619,DIAB_EYE_EXAM,2025-07-25,20.0,True,Research-generated IncentiveRewards mock,MyRewards Health Action Incentive,CARE_GAP_COMPLETION,USD
IR-MOCK06625-DIAB_EYE_EXAM-20250701,MOCK06625,DIAB_EYE_EXAM,2025-07-01,50.0,True,Research-generated IncentiveRewards mock,MyRewards Health Action Incentive,CARE_GAP_COMPLETION,USD
IR-MOCK06637-DIAB_EYE_EXAM-20250727,MOCK06637,DIAB_EYE_EXAM,2025-07-27,100.0,True,Research-generated IncentiveRewards mock,MyRewards Health Action Incentive,CARE_GAP_COMPLETION,USD
IR-MOCK06643-DIAB_EYE_EXAM-20250721,MOCK06643,DIAB_EYE_EXAM,2025-07-21,5.0,True,Research-generated IncentiveRewards mock,MyRewards Health Action Incentive,CARE_GAP_COMPLETION,USD
IR-MOCK06649-DIAB_EYE_EXAM-20250711,MOCK06649,DIAB_EYE_EXAM,2025-07-11,20.0,True,Research-generated IncentiveRewards mock,MyRewards Health Action Incentive,CARE_GAP_COMPLETION,USD
IR-MOCK06667-DIAB_EYE_EXAM-20250715,MOCK06667,DIAB_EYE_EXAM,2025-07-15,5.0,True,Research-generated IncentiveRewards mock,MyRewards Health Action Incentive,CARE_GAP_COMPLETION,USD
IR-MOCK06673-DIAB_EYE_EXAM-20250701,MOCK06673,DIAB_EYE_EXAM,2025-07-01,10.0,True,Research-generated IncentiveRewards mock,MyRewards Health Action Incentive,CARE_GAP_COMPLETION,USD
IR-MOCK06697-DIAB_EYE_EXAM-20250801,MOCK06697,DIAB_EYE_EXAM,2025-08-01,30.0,True,Research-generated IncentiveRewards mock,MyRewards Health Action Incentive,CARE_GAP_COMPLETION,USD
IR-MOCK06721-DIAB_EYE_EXAM-20250702,MOCK06721,DIAB_EYE_EXAM,2025-07-02,5.0,True,Research-generated IncentiveRewards mock,MyRewards Health Action Incentive,CARE_GAP_COMPLETION,USD
IR-MOCK06733-DIAB_EYE_EXAM-20250801,MOCK06733,DIAB_EYE_EXAM,2025-08-01,30.0,True,Research-generated IncentiveRewards mock,MyRewards Health Action Incentive,CARE_GAP_COMPLETION,USD
IR-MOCK06739-DIAB_EYE_EXAM-20250805,MOCK06739,DIAB_EYE_EXAM,2025-08-05,15.0,True,Research-generated IncentiveRewards mock,MyRewards Health Action Incentive,CARE_GAP_COMPLETION,USD
IR-MOCK06745-DIAB_EYE_EXAM-20250706,MOCK06745,DIAB_EYE_EXAM,2025-07-06,25.0,True,Research-generated IncentiveRewards mock,MyRewards Health Action Incentive,CARE_GAP_COMPLETION,USD
IR-MOCK06757-DIAB_EYE_EXAM-20250720,MOCK06757,DIAB_EYE_EXAM,2025-07-20,25.0,True,Research-generated IncentiveRewards mock,MyRewards Health Action Incentive,CARE_GAP_COMPLETION,USD
IR-MOCK06781-DIAB_EYE_EXAM-20250722,MOCK06781,DIAB_EYE_EXAM,2025-07-22,5.0,True,Research-generated IncentiveRewards mock,MyRewards Health Action Incentive,CARE_GAP_COMPLETION,USD
IR-MOCK06793-DIAB_EYE_EXAM-20250715,MOCK06793,DIAB_EYE_EXAM,2025-07-15,25.0,True,Research-generated IncentiveRewards mock,MyRewards Health Action Incentive,CARE_GAP_COMPLETION,USD
IR-MOCK06805-DIAB_EYE_EXAM-20250717,MOCK06805,DIAB_EYE_EXAM,2025-07-17,5.0,True,Research-generated IncentiveRewards mock,MyRewards Health Action Incentive,CARE_GAP_COMPLETION,USD
IR-MOCK06811-DIAB_EYE_EXAM-20250807,MOCK06811,DIAB_EYE_EXAM,2025-08-07,25.0,True,Research-generated IncentiveRewards mock,MyRewards Health Action Incentive,CARE_GAP_COMPLETION,USD
IR-MOCK06823-DIAB_EYE_EXAM-20250706,MOCK06823,DIAB_EYE_EXAM,2025-07-06,10.0,True,Research-generated IncentiveRewards mock,MyRewards Health Action Incentive,CARE_GAP_COMPLETION,USD
IR-MOCK06829-DIAB_EYE_EXAM-20250806,MOCK06829,DIAB_EYE_EXAM,2025-08-06,35.0,True,Research-generated IncentiveRewards mock,MyRewards Health Action Incentive,CARE_GAP_COMPLETION,USD
IR-MOCK06841-DIAB_EYE_EXAM-20250712,MOCK06841,DIAB_EYE_EXAM,2025-07-12,25.0,True,Research-generated IncentiveRewards mock,MyRewards Health Action Incentive,CARE_GAP_COMPLETION,USD
IR-MOCK06847-DIAB_EYE_EXAM-20250730,MOCK06847,DIAB_EYE_EXAM,2025-07-30,20.0,True,Research-generated IncentiveRewards mock,MyRewards Health Action Incentive,CARE_GAP_COMPLETION,USD
IR-MOCK06853-DIAB_EYE_EXAM-20250707,MOCK06853,DIAB_EYE_EXAM,2025-07-07,25.0,True,Research-generated IncentiveRewards mock,MyRewards Health Action Incentive,CARE_GAP_COMPLETION,USD
IR-MOCK06859-DIAB_EYE_EXAM-20250720,MOCK06859,DIAB_EYE_EXAM,2025-07-20,10.0,True,Research-generated IncentiveRewards mock,MyRewards Health Action Incentive,CARE_GAP_COMPLETION,USD
IR-MOCK06871-DIAB_EYE_EXAM-20250707,MOCK06871,DIAB_EYE_EXAM,2025-07-07,25.0,True,Research-generated IncentiveRewards mock,MyRewards Health Action Incentive,CARE_GAP_COMPLETION,USD
IR-MOCK06889-DIAB_EYE_EXAM-20250703,MOCK06889,DIAB_EYE_EXAM,2025-07-03,25.0,True,Research-generated IncentiveRewards mock,MyRewards Health Action Incentive,CARE_GAP_COMPLETION,USD
IR-MOCK06907-DIAB_EYE_EXAM-20250704,MOCK06907,DIAB_EYE_EXAM,2025-07-04,10.0,True,Research-generated IncentiveRewards mock,MyRewards Health Action Incentive,CARE_GAP_COMPLETION,USD
IR-MOCK06913-DIAB_EYE_EXAM-20250727,MOCK06913,DIAB_EYE_EXAM,2025-07-27,25.0,True,Research-generated IncentiveRewards mock,MyRewards Health Action Incentive,CARE_GAP_COMPLETION,USD
IR-MOCK06919-DIAB_EYE_EXAM-20250721,MOCK06919,DIAB_EYE_EXAM,2025-07-21,100.0,True,Research-generated IncentiveRewards mock,MyRewards Health Action Incentive,CARE_GAP_COMPLETION,USD
IR-MOCK06925-DIAB_EYE_EXAM-20250801,MOCK06925,DIAB_EYE_EXAM,2025-08-01,20.0,True,Research-generated IncentiveRewards mock,MyRewards Health Action Incentive,CARE_GAP_COMPLETION,USD
IR-MOCK06943-DIAB_EYE_EXAM-20250724,MOCK06943,DIAB_EYE_EXAM,2025-07-24,25.0,True,Research-generated IncentiveRewards mock,MyRewards Health Action Incentive,CARE_GAP_COMPLETION,USD
IR-MOCK06949-DIAB_EYE_EXAM-20250801,MOCK06949,DIAB_EYE_EXAM,2025-08-01,25.0,True,Research-generated IncentiveRewards mock,MyRewards Health Action Incentive,CARE_GAP_COMPLETION,USD
IR-MOCK06955-DIAB_EYE_EXAM-20250714,MOCK06955,DIAB_EYE_EXAM,2025-07-14,5.0,True,Research-generated IncentiveRewards mock,MyRewards Health Action Incentive,CARE_GAP_COMPLETION,USD
IR-MOCK06973-DIAB_EYE_EXAM-20250704,MOCK06973,DIAB_EYE_EXAM,2025-07-04,5.0,True,Research-generated IncentiveRewards mock,MyRewards Health Action Incentive,CARE_GAP_COMPLETION,USD
IR-MOCK07009-DIAB_EYE_EXAM-20250721,MOCK07009,DIAB_EYE_EXAM,2025-07-21,100.0,True,Research-generated IncentiveRewards mock,MyRewards Health Action Incentive,CARE_GAP_COMPLETION,USD
IR-MOCK07015-DIAB_EYE_EXAM-20250806,MOCK07015,DIAB_EYE_EXAM,2025-08-06,25.0,True,Research-generated IncentiveRewards mock,MyRewards Health Action Incentive,CARE_GAP_COMPLETION,USD
IR-MOCK07027-DIAB_EYE_EXAM-20250708,MOCK07027,DIAB_EYE_EXAM,2025-07-08,20.0,True,Research-generated IncentiveRewards mock,MyRewards Health Action Incentive,CARE_GAP_COMPLETION,USD
IR-MOCK07033-DIAB_EYE_EXAM-20250806,MOCK07033,DIAB_EYE_EXAM,2025-08-06,30.0,True,Research-generated IncentiveRewards mock,MyRewards Health Action Incentive,CARE_GAP_COMPLETION,USD
IR-MOCK07069-DIAB_EYE_EXAM-20250717,MOCK07069,DIAB_EYE_EXAM,2025-07-17,50.0,True,Research-generated IncentiveRewards mock,MyRewards Health Action Incentive,CARE_GAP_COMPLETION,USD
IR-MOCK07093-DIAB_EYE_EXAM-20250714,MOCK07093,DIAB_EYE_EXAM,2025-07-14,25.0,True,Research-generated IncentiveRewards mock,MyRewards Health Action Incentive,CARE_GAP_COMPLETION,USD
IR-MOCK07099-DIAB_EYE_EXAM-20250707,MOCK07099,DIAB_EYE_EXAM,2025-07-07,50.0,True,Research-generated IncentiveRewards mock,MyRewards Health Action Incentive,CARE_GAP_COMPLETION,USD
IR-MOCK07111-DIAB_EYE_EXAM-20250704,MOCK07111,DIAB_EYE_EXAM,2025-07-04,20.0,True,Research-generated IncentiveRewards mock,MyRewards Health Action Incentive,CARE_GAP_COMPLETION,USD
IR-MOCK07117-DIAB_EYE_EXAM-20250703,MOCK07117,DIAB_EYE_EXAM,2025-07-03,10.0,True,Research-generated IncentiveRewards mock,MyRewards Health Action Incentive,CARE_GAP_COMPLETION,USD
IR-MOCK07135-DIAB_EYE_EXAM-20250722,MOCK07135,DIAB_EYE_EXAM,2025-07-22,20.0,True,Research-generated IncentiveRewards mock,MyRewards Health Action Incentive,CARE_GAP_COMPLETION,USD
IR-MOCK07141-DIAB_EYE_EXAM-20250730,MOCK07141,DIAB_EYE_EXAM,2025-07-30,25.0,True,Research-generated IncentiveRewards mock,MyRewards Health Action Incentive,CARE_GAP_COMPLETION,USD
IR-MOCK07147-DIAB_EYE_EXAM-20250728,MOCK07147,DIAB_EYE_EXAM,2025-07-28,25.0,True,Research-generated IncentiveRewards mock,MyRewards Health Action Incentive,CARE_GAP_COMPLETION,USD
IR-MOCK07165-DIAB_EYE_EXAM-20250805,MOCK07165,DIAB_EYE_EXAM,2025-08-05,5.0,True,Research-generated IncentiveRewards mock,MyRewards Health Action Incentive,CARE_GAP_COMPLETION,USD
IR-MOCK07171-DIAB_EYE_EXAM-20250801,MOCK07171,DIAB_EYE_EXAM,2025-08-01,20.0,True,Research-generated IncentiveRewards mock,MyRewards Health Action Incentive,CARE_GAP_COMPLETION,USD
IR-MOCK07177-DIAB_EYE_EXAM-20250723,MOCK07177,DIAB_EYE_EXAM,2025-07-23,25.0,True,Research-generated IncentiveRewards mock,MyRewards Health Action Incentive,CARE_GAP_COMPLETION,USD
IR-MOCK07183-DIAB_EYE_EXAM-20250703,MOCK07183,DIAB_EYE_EXAM,2025-07-03,25.0,True,Research-generated IncentiveRewards mock,MyRewards Health Action Incentive,CARE_GAP_COMPLETION,USD
IR-MOCK07189-DIAB_EYE_EXAM-20250701,MOCK07189,DIAB_EYE_EXAM,2025-07-01,20.0,True,Research-generated IncentiveRewards mock,MyRewards Health Action Incentive,CARE_GAP_COMPLETION,USD
IR-MOCK07201-DIAB_EYE_EXAM-20250706,MOCK07201,DIAB_EYE_EXAM,2025-07-06,20.0,True,Research-generated IncentiveRewards mock,MyRewards Health Action Incentive,CARE_GAP_COMPLETION,USD
IR-MOCK07207-DIAB_EYE_EXAM-20250802,MOCK07207,DIAB_EYE_EXAM,2025-08-02,20.0,True,Research-generated IncentiveRewards mock,MyRewards Health Action Incentive,CARE_GAP_COMPLETION,USD
IR-MOCK07219-DIAB_EYE_EXAM-20250711,MOCK07219,DIAB_EYE_EXAM,2025-07-11,25.0,True,Research-generated IncentiveRewards mock,MyRewards Health Action Incentive,CARE_GAP_COMPLETION,USD
IR-MOCK07225-DIAB_EYE_EXAM-20250807,MOCK07225,DIAB_EYE_EXAM,2025-08-07,10.0,True,Research-generated IncentiveRewards mock,MyRewards Health Action Incentive,CARE_GAP_COMPLETION,USD
IR-MOCK07231-DIAB_EYE_EXAM-20250731,MOCK07231,DIAB_EYE_EXAM,2025-07-31,35.0,True,Research-generated IncentiveRewards mock,MyRewards Health Action Incentive,CARE_GAP_COMPLETION,USD
IR-MOCK07237-DIAB_EYE_EXAM-20250708,MOCK07237,DIAB_EYE_EXAM,2025-07-08,20.0,True,Research-generated IncentiveRewards mock,MyRewards Health Action Incentive,CARE_GAP_COMPLETION,USD
IR-MOCK07243-DIAB_EYE_EXAM-20250714,MOCK07243,DIAB_EYE_EXAM,2025-07-14,20.0,True,Research-generated IncentiveRewards mock,MyRewards Health Action Incentive,CARE_GAP_COMPLETION,USD
IR-MOCK07255-DIAB_EYE_EXAM-20250725,MOCK07255,DIAB_EYE_EXAM,2025-07-25,20.0,True,Research-generated IncentiveRewards mock,MyRewards Health Action Incentive,CARE_GAP_COMPLETION,USD
IR-MOCK07273-DIAB_EYE_EXAM-20250807,MOCK07273,DIAB_EYE_EXAM,2025-08-07,50.0,True,Research-generated IncentiveRewards mock,MyRewards Health Action Incentive,CARE_GAP_COMPLETION,USD
IR-MOCK07279-DIAB_EYE_EXAM-20250701,MOCK07279,DIAB_EYE_EXAM,2025-07-01,30.0,True,Research-generated IncentiveRewards mock,MyRewards Health Action Incentive,CARE_GAP_COMPLETION,USD
IR-MOCK07285-DIAB_EYE_EXAM-20250709,MOCK07285,DIAB_EYE_EXAM,2025-07-09,20.0,True,Research-generated IncentiveRewards mock,MyRewards Health Action Incentive,CARE_GAP_COMPLETION,USD
IR-MOCK07291-DIAB_EYE_EXAM-20250721,MOCK07291,DIAB_EYE_EXAM,2025-07-21,10.0,True,Research-generated IncentiveRewards mock,MyRewards Health Action Incentive,CARE_GAP_COMPLETION,USD
IR-MOCK07303-DIAB_EYE_EXAM-20250713,MOCK07303,DIAB_EYE_EXAM,2025-07-13,25.0,True,Research-generated IncentiveRewards mock,MyRewards Health Action Incentive,CARE_GAP_COMPLETION,USD
IR-MOCK07351-DIAB_EYE_EXAM-20250714,MOCK07351,DIAB_EYE_EXAM,2025-07-14,20.0,True,Research-generated IncentiveRewards mock,MyRewards Health Action Incentive,CARE_GAP_COMPLETION,USD
IR-MOCK07357-DIAB_EYE_EXAM-20250804,MOCK07357,DIAB_EYE_EXAM,2025-08-04,20.0,True,Research-generated IncentiveRewards mock,MyRewards Health Action Incentive,CARE_GAP_COMPLETION,USD
IR-MOCK07363-DIAB_EYE_EXAM-20250710,MOCK07363,DIAB_EYE_EXAM,2025-07-10,25.0,True,Research-generated IncentiveRewards mock,MyRewards Health Action Incentive,CARE_GAP_COMPLETION,USD
IR-MOCK07369-DIAB_EYE_EXAM-20250720,MOCK07369,DIAB_EYE_EXAM,2025-07-20,20.0,True,Research-generated IncentiveRewards mock,MyRewards Health Action Incentive,CARE_GAP_COMPLETION,USD
IR-MOCK07381-DIAB_EYE_EXAM-20250724,MOCK07381,DIAB_EYE_EXAM,2025-07-24,5.0,True,Research-generated IncentiveRewards mock,MyRewards Health Action Incentive,CARE_GAP_COMPLETION,USD
IR-MOCK07399-DIAB_EYE_EXAM-20250719,MOCK07399,DIAB_EYE_EXAM,2025-07-19,25.0,True,Research-generated IncentiveRewards mock,MyRewards Health Action Incentive,CARE_GAP_COMPLETION,USD
IR-MOCK07411-DIAB_EYE_EXAM-20250802,MOCK07411,DIAB_EYE_EXAM,2025-08-02,25.0,True,Research-generated IncentiveRewards mock,MyRewards Health Action Incentive,CARE_GAP_COMPLETION,USD
IR-MOCK07429-DIAB_EYE_EXAM-20250802,MOCK07429,DIAB_EYE_EXAM,2025-08-02,25.0,True,Research-generated IncentiveRewards mock,MyRewards Health Action Incentive,CARE_GAP_COMPLETION,USD
IR-MOCK07441-DIAB_EYE_EXAM-20250806,MOCK07441,DIAB_EYE_EXAM,2025-08-06,25.0,True,Research-generated IncentiveRewards mock,MyRewards Health Action Incentive,CARE_GAP_COMPLETION,USD
IR-MOCK07459-DIAB_EYE_EXAM-20250704,MOCK07459,DIAB_EYE_EXAM,2025-07-04,25.0,True,Research-generated IncentiveRewards mock,MyRewards Health Action Incentive,CARE_GAP_COMPLETION,USD
IR-MOCK07495-DIAB_EYE_EXAM-20250724,MOCK07495,DIAB_EYE_EXAM,2025-07-24,20.0,True,Research-generated IncentiveRewards mock,MyRewards Health Action Incentive,CARE_GAP_COMPLETION,USD
IR-MOCK07513-DIAB_EYE_EXAM-20250714,MOCK07513,DIAB_EYE_EXAM,2025-07-14,25.0,True,Research-generated IncentiveRewards mock,MyRewards Health Action Incentive,CARE_GAP_COMPLETION,USD
IR-MOCK07519-DIAB_EYE_EXAM-20250712,MOCK07519,DIAB_EYE_EXAM,2025-07-12,25.0,True,Research-generated IncentiveRewards mock,MyRewards Health Action Incentive,CARE_GAP_COMPLETION,USD
IR-MOCK07525-DIAB_EYE_EXAM-20250730,MOCK07525,DIAB_EYE_EXAM,2025-07-30,5.0,True,Research-generated IncentiveRewards mock,MyRewards Health Action Incentive,CARE_GAP_COMPLETION,USD
IR-MOCK07531-DIAB_EYE_EXAM-20250704,MOCK07531,DIAB_EYE_EXAM,2025-07-04,20.0,True,Research-generated IncentiveRewards mock,MyRewards Health Action Incentive,CARE_GAP_COMPLETION,USD
IR-MOCK07537-DIAB_EYE_EXAM-20250721,MOCK07537,DIAB_EYE_EXAM,2025-07-21,5.0,True,Research-generated IncentiveRewards mock,MyRewards Health Action Incentive,CARE_GAP_COMPLETION,USD
IR-MOCK07543-DIAB_EYE_EXAM-20250716,MOCK07543,DIAB_EYE_EXAM,2025-07-16,50.0,True,Research-generated IncentiveRewards mock,MyRewards Health Action Incentive,CARE_GAP_COMPLETION,USD
IR-MOCK07555-DIAB_EYE_EXAM-20250724,MOCK07555,DIAB_EYE_EXAM,2025-07-24,5.0,True,Research-generated IncentiveRewards mock,MyRewards Health Action Incentive,CARE_GAP_COMPLETION,USD
IR-MOCK07561-DIAB_EYE_EXAM-20250712,MOCK07561,DIAB_EYE_EXAM,2025-07-12,25.0,True,Research-generated IncentiveRewards mock,MyRewards Health Action Incentive,CARE_GAP_COMPLETION,USD
IR-MOCK07573-DIAB_EYE_EXAM-20250725,MOCK07573,DIAB_EYE_EXAM,2025-07-25,25.0,True,Research-generated IncentiveRewards mock,MyRewards Health Action Incentive,CARE_GAP_COMPLETION,USD
IR-MOCK07579-DIAB_EYE_EXAM-20250706,MOCK07579,DIAB_EYE_EXAM,2025-07-06,5.0,True,Research-generated IncentiveRewards mock,MyRewards Health Action Incentive,CARE_GAP_COMPLETION,USD
IR-MOCK07603-DIAB_EYE_EXAM-20250731,MOCK07603,DIAB_EYE_EXAM,2025-07-31,10.0,True,Research-generated IncentiveRewards mock,MyRewards Health Action Incentive,CARE_GAP_COMPLETION,USD
IR-MOCK07609-DIAB_EYE_EXAM-20250708,MOCK07609,DIAB_EYE_EXAM,2025-07-08,50.0,True,Research-generated IncentiveRewards mock,MyRewards Health Action Incentive,CARE_GAP_COMPLETION,USD
IR-MOCK07639-DIAB_EYE_EXAM-20250727,MOCK07639,DIAB_EYE_EXAM,2025-07-27,25.0,True,Research-generated IncentiveRewards mock,MyRewards Health Action Incentive,CARE_GAP_COMPLETION,USD
IR-MOCK07645-DIAB_EYE_EXAM-20250805,MOCK07645,DIAB_EYE_EXAM,2025-08-05,10.0,True,Research-generated IncentiveRewards mock,MyRewards Health Action Incentive,CARE_GAP_COMPLETION,USD
IR-MOCK07663-DIAB_EYE_EXAM-20250801,MOCK07663,DIAB_EYE_EXAM,2025-08-01,5.0,True,Research-generated IncentiveRewards mock,MyRewards Health Action Incentive,CARE_GAP_COMPLETION,USD
IR-MOCK07675-DIAB_EYE_EXAM-20250722,MOCK07675,DIAB_EYE_EXAM,2025-07-22,35.0,True,Research-generated IncentiveRewards mock,MyRewards Health Action Incentive,CARE_GAP_COMPLETION,USD
IR-MOCK07687-DIAB_EYE_EXAM-20250720,MOCK07687,DIAB_EYE_EXAM,2025-07-20,50.0,True,Research-generated IncentiveRewards mock,MyRewards Health Action Incentive,CARE_GAP_COMPLETION,USD
IR-MOCK07699-DIAB_EYE_EXAM-20250701,MOCK07699,DIAB_EYE_EXAM,2025-07-01,25.0,True,Research-generated IncentiveRewards mock,MyRewards Health Action Incentive,CARE_GAP_COMPLETION,USD
IR-MOCK07717-DIAB_EYE_EXAM-20250717,MOCK07717,DIAB_EYE_EXAM,2025-07-17,20.0,True,Research-generated IncentiveRewards mock,MyRewards Health Action Incentive,CARE_GAP_COMPLETION,USD
IR-MOCK07741-DIAB_EYE_EXAM-20250718,MOCK07741,DIAB_EYE_EXAM,2025-07-18,10.0,True,Research-generated IncentiveRewards mock,MyRewards Health Action Incentive,CARE_GAP_COMPLETION,USD
IR-MOCK07777-DIAB_EYE_EXAM-20250702,MOCK07777,DIAB_EYE_EXAM,2025-07-02,2.0,True,Research-generated IncentiveRewards mock,MyRewards Health Action Incentive,CARE_GAP_COMPLETION,USD
IR-MOCK07783-DIAB_EYE_EXAM-20250728,MOCK07783,DIAB_EYE_EXAM,2025-07-28,10.0,True,Research-generated IncentiveRewards mock,MyRewards Health Action Incentive,CARE_GAP_COMPLETION,USD
IR-MOCK07789-DIAB_EYE_EXAM-20250723,MOCK07789,DIAB_EYE_EXAM,2025-07-23,15.0,True,Research-generated IncentiveRewards mock,MyRewards Health Action Incentive,CARE_GAP_COMPLETION,USD
IR-MOCK07795-DIAB_EYE_EXAM-20250709,MOCK07795,DIAB_EYE_EXAM,2025-07-09,20.0,True,Research-generated IncentiveRewards mock,MyRewards Health Action Incentive,CARE_GAP_COMPLETION,USD
IR-MOCK07801-DIAB_EYE_EXAM-20250708,MOCK07801,DIAB_EYE_EXAM,2025-07-08,25.0,True,Research-generated IncentiveRewards mock,MyRewards Health Action Incentive,CARE_GAP_COMPLETION,USD
IR-MOCK07807-DIAB_EYE_EXAM-20250728,MOCK07807,DIAB_EYE_EXAM,2025-07-28,10.0,True,Research-generated IncentiveRewards mock,MyRewards Health Action Incentive,CARE_GAP_COMPLETION,USD
IR-MOCK07825-DIAB_EYE_EXAM-20250701,MOCK07825,DIAB_EYE_EXAM,2025-07-01,25.0,True,Research-generated IncentiveRewards mock,MyRewards Health Action Incentive,CARE_GAP_COMPLETION,USD
IR-MOCK07879-DIAB_EYE_EXAM-20250727,MOCK07879,DIAB_EYE_EXAM,2025-07-27,20.0,True,Research-generated IncentiveRewards mock,MyRewards Health Action Incentive,CARE_GAP_COMPLETION,USD
IR-MOCK07909-DIAB_EYE_EXAM-20250725,MOCK07909,DIAB_EYE_EXAM,2025-07-25,10.0,True,Research-generated IncentiveRewards mock,MyRewards Health Action Incentive,CARE_GAP_COMPLETION,USD
IR-MOCK07915-DIAB_EYE_EXAM-20250729,MOCK07915,DIAB_EYE_EXAM,2025-07-29,5.0,True,Research-generated IncentiveRewards mock,MyRewards Health Action Incentive,CARE_GAP_COMPLETION,USD
IR-MOCK07957-DIAB_EYE_EXAM-20250802,MOCK07957,DIAB_EYE_EXAM,2025-08-02,15.0,True,Research-generated IncentiveRewards mock,MyRewards Health Action Incentive,CARE_GAP_COMPLETION,USD
IR-MOCK07969-DIAB_EYE_EXAM-20250724,MOCK07969,DIAB_EYE_EXAM,2025-07-24,25.0,True,Research-generated IncentiveRewards mock,MyRewards Health Action Incentive,CARE_GAP_COMPLETION,USD
IR-MOCK07981-DIAB_EYE_EXAM-20250713,MOCK07981,DIAB_EYE_EXAM,2025-07-13,30.0,True,Research-generated IncentiveRewards mock,MyRewards Health Action Incentive,CARE_GAP_COMPLETION,USD
IR-MOCK07993-DIAB_EYE_EXAM-20250725,MOCK07993,DIAB_EYE_EXAM,2025-07-25,5.0,True,Research-generated IncentiveRewards mock,MyRewards Health Action Incentive,CARE_GAP_COMPLETION,USD
IR-MOCK07999-DIAB_EYE_EXAM-20250730,MOCK07999,DIAB_EYE_EXAM,2025-07-30,15.0,True,Research-generated IncentiveRewards mock,MyRewards Health Action Incentive,CARE_GAP_COMPLETION,USD
IR-MOCK08017-DIAB_EYE_EXAM-20250806,MOCK08017,DIAB_EYE_EXAM,2025-08-06,25.0,True,Research-generated IncentiveRewards mock,MyRewards Health Action Incentive,CARE_GAP_COMPLETION,USD
IR-MOCK08029-DIAB_EYE_EXAM-20250714,MOCK08029,DIAB_EYE_EXAM,2025-07-14,25.0,True,Research-generated IncentiveRewards mock,MyRewards Health Action Incentive,CARE_GAP_COMPLETION,USD
IR-MOCK08035-DIAB_EYE_EXAM-20250723,MOCK08035,DIAB_EYE_EXAM,2025-07-23,10.0,True,Research-generated IncentiveRewards mock,MyRewards Health Action Incentive,CARE_GAP_COMPLETION,USD
IR-MOCK08041-DIAB_EYE_EXAM-20250716,MOCK08041,DIAB_EYE_EXAM,2025-07-16,20.0,True,Research-generated IncentiveRewards mock,MyRewards Health Action Incentive,CARE_GAP_COMPLETION,USD
IR-MOCK08089-DIAB_EYE_EXAM-20250717,MOCK08089,DIAB_EYE_EXAM,2025-07-17,25.0,True,Research-generated IncentiveRewards mock,MyRewards Health Action Incentive,CARE_GAP_COMPLETION,USD
IR-MOCK08095-DIAB_EYE_EXAM-20250720,MOCK08095,DIAB_EYE_EXAM,2025-07-20,5.0,True,Research-generated IncentiveRewards mock,MyRewards Health Action Incentive,CARE_GAP_COMPLETION,USD
IR-MOCK08101-DIAB_EYE_EXAM-20250708,MOCK08101,DIAB_EYE_EXAM,2025-07-08,10.0,True,Research-generated IncentiveRewards mock,MyRewards Health Action Incentive,CARE_GAP_COMPLETION,USD
IR-MOCK08119-DIAB_EYE_EXAM-20250713,MOCK08119,DIAB_EYE_EXAM,2025-07-13,25.0,True,Research-generated IncentiveRewards mock,MyRewards Health Action Incentive,CARE_GAP_COMPLETION,USD
IR-MOCK08137-DIAB_EYE_EXAM-20250707,MOCK08137,DIAB_EYE_EXAM,2025-07-07,20.0,True,Research-generated IncentiveRewards mock,MyRewards Health Action Incentive,CARE_GAP_COMPLETION,USD
IR-MOCK08143-DIAB_EYE_EXAM-20250714,MOCK08143,DIAB_EYE_EXAM,2025-07-14,20.0,True,Research-generated IncentiveRewards mock,MyRewards Health Action Incentive,CARE_GAP_COMPLETION,USD
IR-MOCK08149-DIAB_EYE_EXAM-20250724,MOCK08149,DIAB_EYE_EXAM,2025-07-24,5.0,False,Research-generated IncentiveRewards mock,MyRewards Health Action Incentive,CARE_GAP_COMPLETION,USD
IR-MOCK08155-DIAB_EYE_EXAM-20250704,MOCK08155,DIAB_EYE_EXAM,2025-07-04,5.0,True,Research-generated IncentiveRewards mock,MyRewards Health Action Incentive,CARE_GAP_COMPLETION,USD
IR-MOCK08173-DIAB_EYE_EXAM-20250803,MOCK08173,DIAB_EYE_EXAM,2025-08-03,25.0,True,Research-generated IncentiveRewards mock,MyRewards Health Action Incentive,CARE_GAP_COMPLETION,USD
IR-MOCK08185-DIAB_EYE_EXAM-20250710,MOCK08185,DIAB_EYE_EXAM,2025-07-10,5.0,True,Research-generated IncentiveRewards mock,MyRewards Health Action Incentive,CARE_GAP_COMPLETION,USD
IR-MOCK08191-DIAB_EYE_EXAM-20250721,MOCK08191,DIAB_EYE_EXAM,2025-07-21,20.0,True,Research-generated IncentiveRewards mock,MyRewards Health Action Incentive,CARE_GAP_COMPLETION,USD
IR-MOCK08197-DIAB_EYE_EXAM-20250704,MOCK08197,DIAB_EYE_EXAM,2025-07-04,50.0,True,Research-generated IncentiveRewards mock,MyRewards Health Action Incentive,CARE_GAP_COMPLETION,USD
IR-MOCK08221-DIAB_EYE_EXAM-20250706,MOCK08221,DIAB_EYE_EXAM,2025-07-06,25.0,True,Research-generated IncentiveRewards mock,MyRewards Health Action Incentive,CARE_GAP_COMPLETION,USD
IR-MOCK08233-DIAB_EYE_EXAM-20250707,MOCK08233,DIAB_EYE_EXAM,2025-07-07,2.0,True,Research-generated IncentiveRewards mock,MyRewards Health Action Incentive,CARE_GAP_COMPLETION,USD
IR-MOCK08239-DIAB_EYE_EXAM-20250715,MOCK08239,DIAB_EYE_EXAM,2025-07-15,25.0,True,Research-generated IncentiveRewards mock,MyRewards Health Action Incentive,CARE_GAP_COMPLETION,USD
IR-MOCK08257-DIAB_EYE_EXAM-20250720,MOCK08257,DIAB_EYE_EXAM,2025-07-20,50.0,True,Research-generated IncentiveRewards mock,MyRewards Health Action Incentive,CARE_GAP_COMPLETION,USD
IR-MOCK08287-DIAB_EYE_EXAM-20250706,MOCK08287,DIAB_EYE_EXAM,2025-07-06,5.0,True,Research-generated IncentiveRewards mock,MyRewards Health Action Incentive,CARE_GAP_COMPLETION,USD
IR-MOCK08299-DIAB_EYE_EXAM-20250801,MOCK08299,DIAB_EYE_EXAM,2025-08-01,15.0,True,Research-generated IncentiveRewards mock,MyRewards Health Action Incentive,CARE_GAP_COMPLETION,USD
IR-MOCK08305-DIAB_EYE_EXAM-20250706,MOCK08305,DIAB_EYE_EXAM,2025-07-06,5.0,True,Research-generated IncentiveRewards mock,MyRewards Health Action Incentive,CARE_GAP_COMPLETION,USD
IR-MOCK08323-DIAB_EYE_EXAM-20250730,MOCK08323,DIAB_EYE_EXAM,2025-07-30,25.0,True,Research-generated IncentiveRewards mock,MyRewards Health Action Incentive,CARE_GAP_COMPLETION,USD
IR-MOCK08347-DIAB_EYE_EXAM-20250715,MOCK08347,DIAB_EYE_EXAM,2025-07-15,10.0,True,Research-generated IncentiveRewards mock,MyRewards Health Action Incentive,CARE_GAP_COMPLETION,USD
IR-MOCK08353-DIAB_EYE_EXAM-20250710,MOCK08353,DIAB_EYE_EXAM,2025-07-10,25.0,False,Research-generated IncentiveRewards mock,MyRewards Health Action Incentive,CARE_GAP_COMPLETION,USD
IR-MOCK08359-DIAB_EYE_EXAM-20250709,MOCK08359,DIAB_EYE_EXAM,2025-07-09,25.0,True,Research-generated IncentiveRewards mock,MyRewards Health Action Incentive,CARE_GAP_COMPLETION,USD
IR-MOCK08365-DIAB_EYE_EXAM-20250712,MOCK08365,DIAB_EYE_EXAM,2025-07-12,35.0,True,Research-generated IncentiveRewards mock,MyRewards Health Action Incentive,CARE_GAP_COMPLETION,USD
IR-MOCK08371-DIAB_EYE_EXAM-20250714,MOCK08371,DIAB_EYE_EXAM,2025-07-14,25.0,True,Research-generated IncentiveRewards mock,MyRewards Health Action Incentive,CARE_GAP_COMPLETION,USD
IR-MOCK08377-DIAB_EYE_EXAM-20250704,MOCK08377,DIAB_EYE_EXAM,2025-07-04,20.0,True,Research-generated IncentiveRewards mock,MyRewards Health Action Incentive,CARE_GAP_COMPLETION,USD
IR-MOCK08383-DIAB_EYE_EXAM-20250727,MOCK08383,DIAB_EYE_EXAM,2025-07-27,20.0,True,Research-generated IncentiveRewards mock,MyRewards Health Action Incentive,CARE_GAP_COMPLETION,USD
IR-MOCK08389-DIAB_EYE_EXAM-20250721,MOCK08389,DIAB_EYE_EXAM,2025-07-21,25.0,True,Research-generated IncentiveRewards mock,MyRewards Health Action Incentive,CARE_GAP_COMPLETION,USD
IR-MOCK08407-DIAB_EYE_EXAM-20250705,MOCK08407,DIAB_EYE_EXAM,2025-07-05,25.0,True,Research-generated IncentiveRewards mock,MyRewards Health Action Incentive,CARE_GAP_COMPLETION,USD
IR-MOCK08419-DIAB_EYE_EXAM-20250716,MOCK08419,DIAB_EYE_EXAM,2025-07-16,5.0,True,Research-generated IncentiveRewards mock,MyRewards Health Action Incentive,CARE_GAP_COMPLETION,USD
IR-MOCK08425-DIAB_EYE_EXAM-20250718,MOCK08425,DIAB_EYE_EXAM,2025-07-18,5.0,True,Research-generated IncentiveRewards mock,MyRewards Health Action Incentive,CARE_GAP_COMPLETION,USD
IR-MOCK08437-DIAB_EYE_EXAM-20250730,MOCK08437,DIAB_EYE_EXAM,2025-07-30,15.0,True,Research-generated IncentiveRewards mock,MyRewards Health Action Incentive,CARE_GAP_COMPLETION,USD
IR-MOCK08443-DIAB_EYE_EXAM-20250722,MOCK08443,DIAB_EYE_EXAM,2025-07-22,100.0,True,Research-generated IncentiveRewards mock,MyRewards Health Action Incentive,CARE_GAP_COMPLETION,USD
IR-MOCK08449-DIAB_EYE_EXAM-20250729,MOCK08449,DIAB_EYE_EXAM,2025-07-29,25.0,True,Research-generated IncentiveRewards mock,MyRewards Health Action Incentive,CARE_GAP_COMPLETION,USD
IR-MOCK08467-DIAB_EYE_EXAM-20250708,MOCK08467,DIAB_EYE_EXAM,2025-07-08,20.0,True,Research-generated IncentiveRewards mock,MyRewards Health Action Incentive,CARE_GAP_COMPLETION,USD
IR-MOCK08473-DIAB_EYE_EXAM-20250717,MOCK08473,DIAB_EYE_EXAM,2025-07-17,25.0,True,Research-generated IncentiveRewards mock,MyRewards Health Action Incentive,CARE_GAP_COMPLETION,USD
IR-MOCK08479-DIAB_EYE_EXAM-20250717,MOCK08479,DIAB_EYE_EXAM,2025-07-17,5.0,True,Research-generated IncentiveRewards mock,MyRewards Health Action Incentive,CARE_GAP_COMPLETION,USD
IR-MOCK08491-DIAB_EYE_EXAM-20250710,MOCK08491,DIAB_EYE_EXAM,2025-07-10,5.0,True,Research-generated IncentiveRewards mock,MyRewards Health Action Incentive,CARE_GAP_COMPLETION,USD
IR-MOCK08509-DIAB_EYE_EXAM-20250714,MOCK08509,DIAB_EYE_EXAM,2025-07-14,20.0,True,Research-generated IncentiveRewards mock,MyRewards Health Action Incentive,CARE_GAP_COMPLETION,USD
IR-MOCK08521-DIAB_EYE_EXAM-20250706,MOCK08521,DIAB_EYE_EXAM,2025-07-06,10.0,True,Research-generated IncentiveRewards mock,MyRewards Health Action Incentive,CARE_GAP_COMPLETION,USD
IR-MOCK08527-DIAB_EYE_EXAM-20250709,MOCK08527,DIAB_EYE_EXAM,2025-07-09,20.0,True,Research-generated IncentiveRewards mock,MyRewards Health Action Incentive,CARE_GAP_COMPLETION,USD
IR-MOCK08533-DIAB_EYE_EXAM-20250718,MOCK08533,DIAB_EYE_EXAM,2025-07-18,25.0,False,Research-generated IncentiveRewards mock,MyRewards Health Action Incentive,CARE_GAP_COMPLETION,USD
IR-MOCK08557-DIAB_EYE_EXAM-20250709,MOCK08557,DIAB_EYE_EXAM,2025-07-09,50.0,True,Research-generated IncentiveRewards mock,MyRewards Health Action Incentive,CARE_GAP_COMPLETION,USD
IR-MOCK08563-DIAB_EYE_EXAM-20250804,MOCK08563,DIAB_EYE_EXAM,2025-08-04,5.0,True,Research-generated IncentiveRewards mock,MyRewards Health Action Incentive,CARE_GAP_COMPLETION,USD
IR-MOCK08575-DIAB_EYE_EXAM-20250706,MOCK08575,DIAB_EYE_EXAM,2025-07-06,5.0,True,Research-generated IncentiveRewards mock,MyRewards Health Action Incentive,CARE_GAP_COMPLETION,USD
IR-MOCK08581-DIAB_EYE_EXAM-20250712,MOCK08581,DIAB_EYE_EXAM,2025-07-12,20.0,True,Research-generated IncentiveRewards mock,MyRewards Health Action Incentive,CARE_GAP_COMPLETION,USD
IR-MOCK08605-DIAB_EYE_EXAM-20250705,MOCK08605,DIAB_EYE_EXAM,2025-07-05,50.0,True,Research-generated IncentiveRewards mock,MyRewards Health Action Incentive,CARE_GAP_COMPLETION,USD
IR-MOCK08611-DIAB_EYE_EXAM-20250630,MOCK08611,DIAB_EYE_EXAM,2025-06-30,10.0,True,Research-generated IncentiveRewards mock,MyRewards Health Action Incentive,CARE_GAP_COMPLETION,USD
IR-MOCK08617-DIAB_EYE_EXAM-20250717,MOCK08617,DIAB_EYE_EXAM,2025-07-17,25.0,True,Research-generated IncentiveRewards mock,MyRewards Health Action Incentive,CARE_GAP_COMPLETION,USD
IR-MOCK08629-DIAB_EYE_EXAM-20250711,MOCK08629,DIAB_EYE_EXAM,2025-07-11,25.0,True,Research-generated IncentiveRewards mock,MyRewards Health Action Incentive,CARE_GAP_COMPLETION,USD
IR-MOCK08635-DIAB_EYE_EXAM-20250802,MOCK08635,DIAB_EYE_EXAM,2025-08-02,25.0,True,Research-generated IncentiveRewards mock,MyRewards Health Action Incentive,CARE_GAP_COMPLETION,USD
IR-MOCK08641-DIAB_EYE_EXAM-20250714,MOCK08641,DIAB_EYE_EXAM,2025-07-14,30.0,True,Research-generated IncentiveRewards mock,MyRewards Health Action Incentive,CARE_GAP_COMPLETION,USD
IR-MOCK08665-DIAB_EYE_EXAM-20250729,MOCK08665,DIAB_EYE_EXAM,2025-07-29,25.0,True,Research-generated IncentiveRewards mock,MyRewards Health Action Incentive,CARE_GAP_COMPLETION,USD
IR-MOCK08677-DIAB_EYE_EXAM-20250805,MOCK08677,DIAB_EYE_EXAM,2025-08-05,20.0,True,Research-generated IncentiveRewards mock,MyRewards Health Action Incentive,CARE_GAP_COMPLETION,USD
IR-MOCK08683-DIAB_EYE_EXAM-20250714,MOCK08683,DIAB_EYE_EXAM,2025-07-14,15.0,True,Research-generated IncentiveRewards mock,MyRewards Health Action Incentive,CARE_GAP_COMPLETION,USD
IR-MOCK08689-DIAB_EYE_EXAM-20250719,MOCK08689,DIAB_EYE_EXAM,2025-07-19,25.0,True,Research-generated IncentiveRewards mock,MyRewards Health Action Incentive,CARE_GAP_COMPLETION,USD
IR-MOCK08701-DIAB_EYE_EXAM-20250725,MOCK08701,DIAB_EYE_EXAM,2025-07-25,10.0,True,Research-generated IncentiveRewards mock,MyRewards Health Action Incentive,CARE_GAP_COMPLETION,USD
IR-MOCK08719-DIAB_EYE_EXAM-20250724,MOCK08719,DIAB_EYE_EXAM,2025-07-24,50.0,True,Research-generated IncentiveRewards mock,MyRewards Health Action Incentive,CARE_GAP_COMPLETION,USD
IR-MOCK08737-DIAB_EYE_EXAM-20250723,MOCK08737,DIAB_EYE_EXAM,2025-07-23,5.0,True,Research-generated IncentiveRewards mock,MyRewards Health Action Incentive,CARE_GAP_COMPLETION,USD
IR-MOCK08749-DIAB_EYE_EXAM-20250803,MOCK08749,DIAB_EYE_EXAM,2025-08-03,25.0,True,Research-generated IncentiveRewards mock,MyRewards Health Action Incentive,CARE_GAP_COMPLETION,USD
IR-MOCK08755-DIAB_EYE_EXAM-20250801,MOCK08755,DIAB_EYE_EXAM,2025-08-01,50.0,True,Research-generated IncentiveRewards mock,MyRewards Health Action Incentive,CARE_GAP_COMPLETION,USD
IR-MOCK08773-DIAB_EYE_EXAM-20250730,MOCK08773,DIAB_EYE_EXAM,2025-07-30,50.0,True,Research-generated IncentiveRewards mock,MyRewards Health Action Incentive,CARE_GAP_COMPLETION,USD
IR-MOCK08779-DIAB_EYE_EXAM-20250713,MOCK08779,DIAB_EYE_EXAM,2025-07-13,50.0,True,Research-generated IncentiveRewards mock,MyRewards Health Action Incentive,CARE_GAP_COMPLETION,USD
IR-MOCK08791-DIAB_EYE_EXAM-20250729,MOCK08791,DIAB_EYE_EXAM,2025-07-29,5.0,True,Research-generated IncentiveRewards mock,MyRewards Health Action Incentive,CARE_GAP_COMPLETION,USD
IR-MOCK08815-DIAB_EYE_EXAM-20250722,MOCK08815,DIAB_EYE_EXAM,2025-07-22,20.0,True,Research-generated IncentiveRewards mock,MyRewards Health Action Incentive,CARE_GAP_COMPLETION,USD
IR-MOCK08827-DIAB_EYE_EXAM-20250718,MOCK08827,DIAB_EYE_EXAM,2025-07-18,25.0,True,Research-generated IncentiveRewards mock,MyRewards Health Action Incentive,CARE_GAP_COMPLETION,USD
IR-MOCK08833-DIAB_EYE_EXAM-20250719,MOCK08833,DIAB_EYE_EXAM,2025-07-19,25.0,True,Research-generated IncentiveRewards mock,MyRewards Health Action Incentive,CARE_GAP_COMPLETION,USD
IR-MOCK08839-DIAB_EYE_EXAM-20250719,MOCK08839,DIAB_EYE_EXAM,2025-07-19,15.0,True,Research-generated IncentiveRewards mock,MyRewards Health Action Incentive,CARE_GAP_COMPLETION,USD
IR-MOCK08845-DIAB_EYE_EXAM-20250715,MOCK08845,DIAB_EYE_EXAM,2025-07-15,25.0,True,Research-generated IncentiveRewards mock,MyRewards Health Action Incentive,CARE_GAP_COMPLETION,USD
IR-MOCK08905-DIAB_EYE_EXAM-20250708,MOCK08905,DIAB_EYE_EXAM,2025-07-08,20.0,True,Research-generated IncentiveRewards mock,MyRewards Health Action Incentive,CARE_GAP_COMPLETION,USD
IR-MOCK08917-DIAB_EYE_EXAM-20250730,MOCK08917,DIAB_EYE_EXAM,2025-07-30,20.0,True,Research-generated IncentiveRewards mock,MyRewards Health Action Incentive,CARE_GAP_COMPLETION,USD
IR-MOCK08923-DIAB_EYE_EXAM-20250702,MOCK08923,DIAB_EYE_EXAM,2025-07-02,25.0,True,Research-generated IncentiveRewards mock,MyRewards Health Action Incentive,CARE_GAP_COMPLETION,USD
IR-MOCK08935-DIAB_EYE_EXAM-20250730,MOCK08935,DIAB_EYE_EXAM,2025-07-30,25.0,True,Research-generated IncentiveRewards mock,MyRewards Health Action Incentive,CARE_GAP_COMPLETION,USD
IR-MOCK08941-DIAB_EYE_EXAM-20250807,MOCK08941,DIAB_EYE_EXAM,2025-08-07,10.0,True,Research-generated IncentiveRewards mock,MyRewards Health Action Incentive,CARE_GAP_COMPLETION,USD
IR-MOCK08947-DIAB_EYE_EXAM-20250726,MOCK08947,DIAB_EYE_EXAM,2025-07-26,15.0,True,Research-generated IncentiveRewards mock,MyRewards Health Action Incentive,CARE_GAP_COMPLETION,USD
IR-MOCK08953-DIAB_EYE_EXAM-20250803,MOCK08953,DIAB_EYE_EXAM,2025-08-03,10.0,True,Research-generated IncentiveRewards mock,MyRewards Health Action Incentive,CARE_GAP_COMPLETION,USD
IR-MOCK08995-DIAB_EYE_EXAM-20250729,MOCK08995,DIAB_EYE_EXAM,2025-07-29,5.0,True,Research-generated IncentiveRewards mock,MyRewards Health Action Incentive,CARE_GAP_COMPLETION,USD
IR-MOCK09007-DIAB_EYE_EXAM-20250801,MOCK09007,DIAB_EYE_EXAM,2025-08-01,20.0,False,Research-generated IncentiveRewards mock,MyRewards Health Action Incentive,CARE_GAP_COMPLETION,USD
IR-MOCK09013-DIAB_EYE_EXAM-20250723,MOCK09013,DIAB_EYE_EXAM,2025-07-23,5.0,True,Research-generated IncentiveRewards mock,MyRewards Health Action Incentive,CARE_GAP_COMPLETION,USD
IR-MOCK09025-DIAB_EYE_EXAM-20250805,MOCK09025,DIAB_EYE_EXAM,2025-08-05,15.0,True,Research-generated IncentiveRewards mock,MyRewards Health Action Incentive,CARE_GAP_COMPLETION,USD
IR-MOCK09043-DIAB_EYE_EXAM-20250807,MOCK09043,DIAB_EYE_EXAM,2025-08-07,10.0,True,Research-generated IncentiveRewards mock,MyRewards Health Action Incentive,CARE_GAP_COMPLETION,USD
IR-MOCK09049-DIAB_EYE_EXAM-20250721,MOCK09049,DIAB_EYE_EXAM,2025-07-21,25.0,True,Research-generated IncentiveRewards mock,MyRewards Health Action Incentive,CARE_GAP_COMPLETION,USD
IR-MOCK09067-DIAB_EYE_EXAM-20250708,MOCK09067,DIAB_EYE_EXAM,2025-07-08,25.0,True,Research-generated IncentiveRewards mock,MyRewards Health Action Incentive,CARE_GAP_COMPLETION,USD
IR-MOCK09091-DIAB_EYE_EXAM-20250729,MOCK09091,DIAB_EYE_EXAM,2025-07-29,25.0,True,Research-generated IncentiveRewards mock,MyRewards Health Action Incentive,CARE_GAP_COMPLETION,USD
IR-MOCK09109-DIAB_EYE_EXAM-20250806,MOCK09109,DIAB_EYE_EXAM,2025-08-06,20.0,True,Research-generated IncentiveRewards mock,MyRewards Health Action Incentive,CARE_GAP_COMPLETION,USD
IR-MOCK09157-DIAB_EYE_EXAM-20250707,MOCK09157,DIAB_EYE_EXAM,2025-07-07,25.0,True,Research-generated IncentiveRewards mock,MyRewards Health Action Incentive,CARE_GAP_COMPLETION,USD
IR-MOCK09163-DIAB_EYE_EXAM-20250728,MOCK09163,DIAB_EYE_EXAM,2025-07-28,20.0,True,Research-generated IncentiveRewards mock,MyRewards Health Action Incentive,CARE_GAP_COMPLETION,USD
IR-MOCK09169-DIAB_EYE_EXAM-20250706,MOCK09169,DIAB_EYE_EXAM,2025-07-06,50.0,True,Research-generated IncentiveRewards mock,MyRewards Health Action Incentive,CARE_GAP_COMPLETION,USD
IR-MOCK09181-DIAB_EYE_EXAM-20250731,MOCK09181,DIAB_EYE_EXAM,2025-07-31,25.0,True,Research-generated IncentiveRewards mock,MyRewards Health Action Incentive,CARE_GAP_COMPLETION,USD
IR-MOCK09199-DIAB_EYE_EXAM-20250804,MOCK09199,DIAB_EYE_EXAM,2025-08-04,5.0,True,Research-generated IncentiveRewards mock,MyRewards Health Action Incentive,CARE_GAP_COMPLETION,USD
IR-MOCK09217-DIAB_EYE_EXAM-20250705,MOCK09217,DIAB_EYE_EXAM,2025-07-05,5.0,True,Research-generated IncentiveRewards mock,MyRewards Health Action Incentive,CARE_GAP_COMPLETION,USD
IR-MOCK09223-DIAB_EYE_EXAM-20250711,MOCK09223,DIAB_EYE_EXAM,2025-07-11,20.0,True,Research-generated IncentiveRewards mock,MyRewards Health Action Incentive,CARE_GAP_COMPLETION,USD
IR-MOCK09229-DIAB_EYE_EXAM-20250726,MOCK09229,DIAB_EYE_EXAM,2025-07-26,5.0,True,Research-generated IncentiveRewards mock,MyRewards Health Action Incentive,CARE_GAP_COMPLETION,USD
IR-MOCK09235-DIAB_EYE_EXAM-20250807,MOCK09235,DIAB_EYE_EXAM,2025-08-07,25.0,True,Research-generated IncentiveRewards mock,MyRewards Health Action Incentive,CARE_GAP_COMPLETION,USD
IR-MOCK09241-DIAB_EYE_EXAM-20250731,MOCK09241,DIAB_EYE_EXAM,2025-07-31,25.0,True,Research-generated IncentiveRewards mock,MyRewards Health Action Incentive,CARE_GAP_COMPLETION,USD
IR-MOCK09253-DIAB_EYE_EXAM-20250709,MOCK09253,DIAB_EYE_EXAM,2025-07-09,5.0,True,Research-generated IncentiveRewards mock,MyRewards Health Action Incentive,CARE_GAP_COMPLETION,USD
IR-MOCK09259-DIAB_EYE_EXAM-20250806,MOCK09259,DIAB_EYE_EXAM,2025-08-06,50.0,True,Research-generated IncentiveRewards mock,MyRewards Health Action Incentive,CARE_GAP_COMPLETION,USD
IR-MOCK09265-DIAB_EYE_EXAM-20250710,MOCK09265,DIAB_EYE_EXAM,2025-07-10,5.0,True,Research-generated IncentiveRewards mock,MyRewards Health Action Incentive,CARE_GAP_COMPLETION,USD
IR-MOCK09271-DIAB_EYE_EXAM-20250713,MOCK09271,DIAB_EYE_EXAM,2025-07-13,20.0,True,Research-generated IncentiveRewards mock,MyRewards Health Action Incentive,CARE_GAP_COMPLETION,USD
IR-MOCK09283-DIAB_EYE_EXAM-20250721,MOCK09283,DIAB_EYE_EXAM,2025-07-21,5.0,False,Research-generated IncentiveRewards mock,MyRewards Health Action Incentive,CARE_GAP_COMPLETION,USD
IR-MOCK09289-DIAB_EYE_EXAM-20250710,MOCK09289,DIAB_EYE_EXAM,2025-07-10,25.0,True,Research-generated IncentiveRewards mock,MyRewards Health Action Incentive,CARE_GAP_COMPLETION,USD
IR-MOCK09337-DIAB_EYE_EXAM-20250730,MOCK09337,DIAB_EYE_EXAM,2025-07-30,35.0,True,Research-generated IncentiveRewards mock,MyRewards Health Action Incentive,CARE_GAP_COMPLETION,USD
IR-MOCK09373-DIAB_EYE_EXAM-20250801,MOCK09373,DIAB_EYE_EXAM,2025-08-01,25.0,True,Research-generated IncentiveRewards mock,MyRewards Health Action Incentive,CARE_GAP_COMPLETION,USD
IR-MOCK09385-DIAB_EYE_EXAM-20250708,MOCK09385,DIAB_EYE_EXAM,2025-07-08,5.0,True,Research-generated IncentiveRewards mock,MyRewards Health Action Incentive,CARE_GAP_COMPLETION,USD
IR-MOCK09403-DIAB_EYE_EXAM-20250722,MOCK09403,DIAB_EYE_EXAM,2025-07-22,35.0,True,Research-generated IncentiveRewards mock,MyRewards Health Action Incentive,CARE_GAP_COMPLETION,USD
IR-MOCK09409-DIAB_EYE_EXAM-20250722,MOCK09409,DIAB_EYE_EXAM,2025-07-22,20.0,True,Research-generated IncentiveRewards mock,MyRewards Health Action Incentive,CARE_GAP_COMPLETION,USD
IR-MOCK09415-DIAB_EYE_EXAM-20250714,MOCK09415,DIAB_EYE_EXAM,2025-07-14,20.0,True,Research-generated IncentiveRewards mock,MyRewards Health Action Incentive,CARE_GAP_COMPLETION,USD
IR-MOCK09439-DIAB_EYE_EXAM-20250708,MOCK09439,DIAB_EYE_EXAM,2025-07-08,10.0,True,Research-generated IncentiveRewards mock,MyRewards Health Action Incentive,CARE_GAP_COMPLETION,USD
IR-MOCK09457-DIAB_EYE_EXAM-20250720,MOCK09457,DIAB_EYE_EXAM,2025-07-20,25.0,True,Research-generated IncentiveRewards mock,MyRewards Health Action Incentive,CARE_GAP_COMPLETION,USD
IR-MOCK09463-DIAB_EYE_EXAM-20250728,MOCK09463,DIAB_EYE_EXAM,2025-07-28,25.0,True,Research-generated IncentiveRewards mock,MyRewards Health Action Incentive,CARE_GAP_COMPLETION,USD
IR-MOCK09475-DIAB_EYE_EXAM-20250729,MOCK09475,DIAB_EYE_EXAM,2025-07-29,10.0,True,Research-generated IncentiveRewards mock,MyRewards Health Action Incentive,CARE_GAP_COMPLETION,USD
IR-MOCK09481-DIAB_EYE_EXAM-20250703,MOCK09481,DIAB_EYE_EXAM,2025-07-03,25.0,True,Research-generated IncentiveRewards mock,MyRewards Health Action Incentive,CARE_GAP_COMPLETION,USD
IR-MOCK09487-DIAB_EYE_EXAM-20250705,MOCK09487,DIAB_EYE_EXAM,2025-07-05,5.0,True,Research-generated IncentiveRewards mock,MyRewards Health Action Incentive,CARE_GAP_COMPLETION,USD
IR-MOCK09493-DIAB_EYE_EXAM-20250715,MOCK09493,DIAB_EYE_EXAM,2025-07-15,5.0,True,Research-generated IncentiveRewards mock,MyRewards Health Action Incentive,CARE_GAP_COMPLETION,USD
IR-MOCK09499-DIAB_EYE_EXAM-20250713,MOCK09499,DIAB_EYE_EXAM,2025-07-13,30.0,True,Research-generated IncentiveRewards mock,MyRewards Health Action Incentive,CARE_GAP_COMPLETION,USD
IR-MOCK09505-DIAB_EYE_EXAM-20250729,MOCK09505,DIAB_EYE_EXAM,2025-07-29,20.0,True,Research-generated IncentiveRewards mock,MyRewards Health Action Incentive,CARE_GAP_COMPLETION,USD
IR-MOCK09523-DIAB_EYE_EXAM-20250709,MOCK09523,DIAB_EYE_EXAM,2025-07-09,25.0,True,Research-generated IncentiveRewards mock,MyRewards Health Action Incentive,CARE_GAP_COMPLETION,USD
IR-MOCK09541-DIAB_EYE_EXAM-20250707,MOCK09541,DIAB_EYE_EXAM,2025-07-07,5.0,True,Research-generated IncentiveRewards mock,MyRewards Health Action Incentive,CARE_GAP_COMPLETION,USD
IR-MOCK09547-DIAB_EYE_EXAM-20250722,MOCK09547,DIAB_EYE_EXAM,2025-07-22,50.0,True,Research-generated IncentiveRewards mock,MyRewards Health Action Incentive,CARE_GAP_COMPLETION,USD
IR-MOCK09553-DIAB_EYE_EXAM-20250715,MOCK09553,DIAB_EYE_EXAM,2025-07-15,50.0,True,Research-generated IncentiveRewards mock,MyRewards Health Action Incentive,CARE_GAP_COMPLETION,USD
IR-MOCK09571-DIAB_EYE_EXAM-20250728,MOCK09571,DIAB_EYE_EXAM,2025-07-28,50.0,True,Research-generated IncentiveRewards mock,MyRewards Health Action Incentive,CARE_GAP_COMPLETION,USD
IR-MOCK09589-DIAB_EYE_EXAM-20250725,MOCK09589,DIAB_EYE_EXAM,2025-07-25,50.0,True,Research-generated IncentiveRewards mock,MyRewards Health Action Incentive,CARE_GAP_COMPLETION,USD
IR-MOCK09625-DIAB_EYE_EXAM-20250716,MOCK09625,DIAB_EYE_EXAM,2025-07-16,50.0,True,Research-generated IncentiveRewards mock,MyRewards Health Action Incentive,CARE_GAP_COMPLETION,USD
IR-MOCK09631-DIAB_EYE_EXAM-20250725,MOCK09631,DIAB_EYE_EXAM,2025-07-25,5.0,True,Research-generated IncentiveRewards mock,MyRewards Health Action Incentive,CARE_GAP_COMPLETION,USD
IR-MOCK09643-DIAB_EYE_EXAM-20250709,MOCK09643,DIAB_EYE_EXAM,2025-07-09,50.0,True,Research-generated IncentiveRewards mock,MyRewards Health Action Incentive,CARE_GAP_COMPLETION,USD
IR-MOCK09655-DIAB_EYE_EXAM-20250702,MOCK09655,DIAB_EYE_EXAM,2025-07-02,20.0,True,Research-generated IncentiveRewards mock,MyRewards Health Action Incentive,CARE_GAP_COMPLETION,USD
IR-MOCK09673-DIAB_EYE_EXAM-20250728,MOCK09673,DIAB_EYE_EXAM,2025-07-28,25.0,True,Research-generated IncentiveRewards mock,MyRewards Health Action Incentive,CARE_GAP_COMPLETION,USD
IR-MOCK09685-DIAB_EYE_EXAM-20250729,MOCK09685,DIAB_EYE_EXAM,2025-07-29,5.0,True,Research-generated IncentiveRewards mock,MyRewards Health Action Incentive,CARE_GAP_COMPLETION,USD
IR-MOCK09727-DIAB_EYE_EXAM-20250706,MOCK09727,DIAB_EYE_EXAM,2025-07-06,20.0,True,Research-generated IncentiveRewards mock,MyRewards Health Action Incentive,CARE_GAP_COMPLETION,USD
IR-MOCK09745-DIAB_EYE_EXAM-20250718,MOCK09745,DIAB_EYE_EXAM,2025-07-18,50.0,True,Research-generated IncentiveRewards mock,MyRewards Health Action Incentive,CARE_GAP_COMPLETION,USD
IR-MOCK09757-DIAB_EYE_EXAM-20250711,MOCK09757,DIAB_EYE_EXAM,2025-07-11,25.0,True,Research-generated IncentiveRewards mock,MyRewards Health Action Incentive,CARE_GAP_COMPLETION,USD
IR-MOCK09769-DIAB_EYE_EXAM-20250731,MOCK09769,DIAB_EYE_EXAM,2025-07-31,20.0,True,Research-generated IncentiveRewards mock,MyRewards Health Action Incentive,CARE_GAP_COMPLETION,USD
IR-MOCK09781-DIAB_EYE_EXAM-20250804,MOCK09781,DIAB_EYE_EXAM,2025-08-04,5.0,False,Research-generated IncentiveRewards mock,MyRewards Health Action Incentive,CARE_GAP_COMPLETION,USD
IR-MOCK09793-DIAB_EYE_EXAM-20250731,MOCK09793,DIAB_EYE_EXAM,2025-07-31,25.0,True,Research-generated IncentiveRewards mock,MyRewards Health Action Incentive,CARE_GAP_COMPLETION,USD
IR-MOCK09817-DIAB_EYE_EXAM-20250710,MOCK09817,DIAB_EYE_EXAM,2025-07-10,15.0,True,Research-generated IncentiveRewards mock,MyRewards Health Action Incentive,CARE_GAP_COMPLETION,USD
IR-MOCK09823-DIAB_EYE_EXAM-20250704,MOCK09823,DIAB_EYE_EXAM,2025-07-04,25.0,True,Research-generated IncentiveRewards mock,MyRewards Health Action Incentive,CARE_GAP_COMPLETION,USD
IR-MOCK09829-DIAB_EYE_EXAM-20250709,MOCK09829,DIAB_EYE_EXAM,2025-07-09,20.0,True,Research-generated IncentiveRewards mock,MyRewards Health Action Incentive,CARE_GAP_COMPLETION,USD
IR-MOCK09841-DIAB_EYE_EXAM-20250705,MOCK09841,DIAB_EYE_EXAM,2025-07-05,30.0,True,Research-generated IncentiveRewards mock,MyRewards Health Action Incentive,CARE_GAP_COMPLETION,USD
IR-MOCK09853-DIAB_EYE_EXAM-20250805,MOCK09853,DIAB_EYE_EXAM,2025-08-05,20.0,True,Research-generated IncentiveRewards mock,MyRewards Health Action Incentive,CARE_GAP_COMPLETION,USD
IR-MOCK09865-DIAB_EYE_EXAM-20250715,MOCK09865,DIAB_EYE_EXAM,2025-07-15,25.0,False,Research-generated IncentiveRewards mock,MyRewards Health Action Incentive,CARE_GAP_COMPLETION,USD
IR-MOCK09877-DIAB_EYE_EXAM-20250708,MOCK09877,DIAB_EYE_EXAM,2025-07-08,25.0,True,Research-generated IncentiveRewards mock,MyRewards Health Action Incentive,CARE_GAP_COMPLETION,USD
IR-MOCK09883-DIAB_EYE_EXAM-20250715,MOCK09883,DIAB_EYE_EXAM,2025-07-15,50.0,True,Research-generated IncentiveRewards mock,MyRewards Health Action Incentive,CARE_GAP_COMPLETION,USD
IR-MOCK09889-DIAB_EYE_EXAM-20250802,MOCK09889,DIAB_EYE_EXAM,2025-08-02,20.0,True,Research-generated IncentiveRewards mock,MyRewards Health Action Incentive,CARE_GAP_COMPLETION,USD
IR-MOCK09895-DIAB_EYE_EXAM-20250724,MOCK09895,DIAB_EYE_EXAM,2025-07-24,20.0,True,Research-generated IncentiveRewards mock,MyRewards Health Action Incentive,CARE_GAP_COMPLETION,USD
IR-MOCK09931-DIAB_EYE_EXAM-20250730,MOCK09931,DIAB_EYE_EXAM,2025-07-30,15.0,True,Research-generated IncentiveRewards mock,MyRewards Health Action Incentive,CARE_GAP_COMPLETION,USD
IR-MOCK09937-DIAB_EYE_EXAM-20250724,MOCK09937,DIAB_EYE_EXAM,2025-07-24,15.0,True,Research-generated IncentiveRewards mock,MyRewards Health Action Incentive,CARE_GAP_COMPLETION,USD
IR-MOCK09943-DIAB_EYE_EXAM-20250716,MOCK09943,DIAB_EYE_EXAM,2025-07-16,5.0,True,Research-generated IncentiveRewards mock,MyRewards Health Action Incentive,CARE_GAP_COMPLETION,USD
IR-MOCK09949-DIAB_EYE_EXAM-20250730,MOCK09949,DIAB_EYE_EXAM,2025-07-30,50.0,True,Research-generated IncentiveRewards mock,MyRewards Health Action Incentive,CARE_GAP_COMPLETION,USD
IR-MOCK09979-DIAB_EYE_EXAM-20250723,MOCK09979,DIAB_EYE_EXAM,2025-07-23,25.0,True,Research-generated IncentiveRewards mock,MyRewards Health Action Incentive,CARE_GAP_COMPLETION,USD
IR-MOCK09991-DIAB_EYE_EXAM-20250709,MOCK09991,DIAB_EYE_EXAM,2025-07-09,5.0,True,Research-generated IncentiveRewards mock,MyRewards Health Action Incentive,CARE_GAP_COMPLETION,USD
IR-MOCK09997-DIAB_EYE_EXAM-20250802,MOCK09997,DIAB_EYE_EXAM,2025-08-02,20.0,True,Research-generated IncentiveRewards mock,MyRewards Health Action Incentive,CARE_GAP_COMPLETION,USD
IR-MOCK00001-DIAB_NEPHRO_SCREEN-20250702,MOCK00001,DIAB_NEPHRO_SCREEN,2025-07-02,30.0,True,Research-generated IncentiveRewards mock,MyRewards Health Action Incentive,CARE_GAP_COMPLETION,USD
IR-MOCK00007-DIAB_NEPHRO_SCREEN-20250708,MOCK00007,DIAB_NEPHRO_SCREEN,2025-07-08,35.0,True,Research-generated IncentiveRewards mock,MyRewards Health Action Incentive,CARE_GAP_COMPLETION,USD
IR-MOCK00019-DIAB_NEPHRO_SCREEN-20250701,MOCK00019,DIAB_NEPHRO_SCREEN,2025-07-01,25.0,True,Research-generated IncentiveRewards mock,MyRewards Health Action Incentive,CARE_GAP_COMPLETION,USD
IR-MOCK00025-DIAB_NEPHRO_SCREEN-20250802,MOCK00025,DIAB_NEPHRO_SCREEN,2025-08-02,30.0,True,Research-generated IncentiveRewards mock,MyRewards Health Action Incentive,CARE_GAP_COMPLETION,USD
IR-MOCK00061-DIAB_NEPHRO_SCREEN-20250720,MOCK00061,DIAB_NEPHRO_SCREEN,2025-07-20,35.0,True,Research-generated IncentiveRewards mock,MyRewards Health Action Incentive,CARE_GAP_COMPLETION,USD
IR-MOCK00067-DIAB_NEPHRO_SCREEN-20250729,MOCK00067,DIAB_NEPHRO_SCREEN,2025-07-29,35.0,True,Research-generated IncentiveRewards mock,MyRewards Health Action Incentive,CARE_GAP_COMPLETION,USD
IR-MOCK00073-DIAB_NEPHRO_SCREEN-20250723,MOCK00073,DIAB_NEPHRO_SCREEN,2025-07-23,15.0,True,Research-generated IncentiveRewards mock,MyRewards Health Action Incentive,CARE_GAP_COMPLETION,USD
IR-MOCK00079-DIAB_NEPHRO_SCREEN-20250705,MOCK00079,DIAB_NEPHRO_SCREEN,2025-07-05,5.0,True,Research-generated IncentiveRewards mock,MyRewards Health Action Incentive,CARE_GAP_COMPLETION,USD
IR-MOCK00133-DIAB_NEPHRO_SCREEN-20250702,MOCK00133,DIAB_NEPHRO_SCREEN,2025-07-02,30.0,True,Research-generated IncentiveRewards mock,MyRewards Health Action Incentive,CARE_GAP_COMPLETION,USD
IR-MOCK00145-DIAB_NEPHRO_SCREEN-20250707,MOCK00145,DIAB_NEPHRO_SCREEN,2025-07-07,35.0,True,Research-generated IncentiveRewards mock,MyRewards Health Action Incentive,CARE_GAP_COMPLETION,USD
IR-MOCK00157-DIAB_NEPHRO_SCREEN-20250807,MOCK00157,DIAB_NEPHRO_SCREEN,2025-08-07,10.0,True,Research-generated IncentiveRewards mock,MyRewards Health Action Incentive,CARE_GAP_COMPLETION,USD
IR-MOCK00169-DIAB_NEPHRO_SCREEN-20250701,MOCK00169,DIAB_NEPHRO_SCREEN,2025-07-01,10.0,True,Research-generated IncentiveRewards mock,MyRewards Health Action Incentive,CARE_GAP_COMPLETION,USD
IR-MOCK00175-DIAB_NEPHRO_SCREEN-20250731,MOCK00175,DIAB_NEPHRO_SCREEN,2025-07-31,30.0,True,Research-generated IncentiveRewards mock,MyRewards Health Action Incentive,CARE_GAP_COMPLETION,USD
IR-MOCK00187-DIAB_NEPHRO_SCREEN-20250729,MOCK00187,DIAB_NEPHRO_SCREEN,2025-07-29,30.0,False,Research-generated IncentiveRewards mock,MyRewards Health Action Incentive,CARE_GAP_COMPLETION,USD
IR-MOCK00199-DIAB_NEPHRO_SCREEN-20250711,MOCK00199,DIAB_NEPHRO_SCREEN,2025-07-11,35.0,True,Research-generated IncentiveRewards mock,MyRewards Health Action Incentive,CARE_GAP_COMPLETION,USD
IR-MOCK00205-DIAB_NEPHRO_SCREEN-20250716,MOCK00205,DIAB_NEPHRO_SCREEN,2025-07-16,25.0,True,Research-generated IncentiveRewards mock,MyRewards Health Action Incentive,CARE_GAP_COMPLETION,USD
IR-MOCK00211-DIAB_NEPHRO_SCREEN-20250704,MOCK00211,DIAB_NEPHRO_SCREEN,2025-07-04,35.0,True,Research-generated IncentiveRewards mock,MyRewards Health Action Incentive,CARE_GAP_COMPLETION,USD
IR-MOCK00229-DIAB_NEPHRO_SCREEN-20250712,MOCK00229,DIAB_NEPHRO_SCREEN,2025-07-12,20.0,True,Research-generated IncentiveRewards mock,MyRewards Health Action Incentive,CARE_GAP_COMPLETION,USD
IR-MOCK00235-DIAB_NEPHRO_SCREEN-20250719,MOCK00235,DIAB_NEPHRO_SCREEN,2025-07-19,35.0,True,Research-generated IncentiveRewards mock,MyRewards Health Action Incentive,CARE_GAP_COMPLETION,USD
IR-MOCK00253-DIAB_NEPHRO_SCREEN-20250719,MOCK00253,DIAB_NEPHRO_SCREEN,2025-07-19,25.0,True,Research-generated IncentiveRewards mock,MyRewards Health Action Incentive,CARE_GAP_COMPLETION,USD
IR-MOCK00259-DIAB_NEPHRO_SCREEN-20250722,MOCK00259,DIAB_NEPHRO_SCREEN,2025-07-22,35.0,True,Research-generated IncentiveRewards mock,MyRewards Health Action Incentive,CARE_GAP_COMPLETION,USD
IR-MOCK00265-DIAB_NEPHRO_SCREEN-20250802,MOCK00265,DIAB_NEPHRO_SCREEN,2025-08-02,15.0,True,Research-generated IncentiveRewards mock,MyRewards Health Action Incentive,CARE_GAP_COMPLETION,USD
IR-MOCK00271-DIAB_NEPHRO_SCREEN-20250715,MOCK00271,DIAB_NEPHRO_SCREEN,2025-07-15,5.0,True,Research-generated IncentiveRewards mock,MyRewards Health Action Incentive,CARE_GAP_COMPLETION,USD
IR-MOCK00301-DIAB_NEPHRO_SCREEN-20250731,MOCK00301,DIAB_NEPHRO_SCREEN,2025-07-31,5.0,True,Research-generated IncentiveRewards mock,MyRewards Health Action Incentive,CARE_GAP_COMPLETION,USD
IR-MOCK00313-DIAB_NEPHRO_SCREEN-20250730,MOCK00313,DIAB_NEPHRO_SCREEN,2025-07-30,25.0,True,Research-generated IncentiveRewards mock,MyRewards Health Action Incentive,CARE_GAP_COMPLETION,USD
IR-MOCK00319-DIAB_NEPHRO_SCREEN-20250728,MOCK00319,DIAB_NEPHRO_SCREEN,2025-07-28,35.0,True,Research-generated IncentiveRewards mock,MyRewards Health Action Incentive,CARE_GAP_COMPLETION,USD
IR-MOCK00331-DIAB_NEPHRO_SCREEN-20250726,MOCK00331,DIAB_NEPHRO_SCREEN,2025-07-26,20.0,True,Research-generated IncentiveRewards mock,MyRewards Health Action Incentive,CARE_GAP_COMPLETION,USD
IR-MOCK00361-DIAB_NEPHRO_SCREEN-20250713,MOCK00361,DIAB_NEPHRO_SCREEN,2025-07-13,30.0,True,Research-generated IncentiveRewards mock,MyRewards Health Action Incentive,CARE_GAP_COMPLETION,USD
IR-MOCK00367-DIAB_NEPHRO_SCREEN-20250731,MOCK00367,DIAB_NEPHRO_SCREEN,2025-07-31,35.0,True,Research-generated IncentiveRewards mock,MyRewards Health Action Incentive,CARE_GAP_COMPLETION,USD
IR-MOCK00391-DIAB_NEPHRO_SCREEN-20250728,MOCK00391,DIAB_NEPHRO_SCREEN,2025-07-28,10.0,True,Research-generated IncentiveRewards mock,MyRewards Health Action Incentive,CARE_GAP_COMPLETION,USD
IR-MOCK00397-DIAB_NEPHRO_SCREEN-20250731,MOCK00397,DIAB_NEPHRO_SCREEN,2025-07-31,35.0,True,Research-generated IncentiveRewards mock,MyRewards Health Action Incentive,CARE_GAP_COMPLETION,USD
IR-MOCK00403-DIAB_NEPHRO_SCREEN-20250804,MOCK00403,DIAB_NEPHRO_SCREEN,2025-08-04,30.0,True,Research-generated IncentiveRewards mock,MyRewards Health Action Incentive,CARE_GAP_COMPLETION,USD
IR-MOCK00427-DIAB_NEPHRO_SCREEN-20250713,MOCK00427,DIAB_NEPHRO_SCREEN,2025-07-13,25.0,True,Research-generated IncentiveRewards mock,MyRewards Health Action Incentive,CARE_GAP_COMPLETION,USD
IR-MOCK00439-DIAB_NEPHRO_SCREEN-20250724,MOCK00439,DIAB_NEPHRO_SCREEN,2025-07-24,100.0,True,Research-generated IncentiveRewards mock,MyRewards Health Action Incentive,CARE_GAP_COMPLETION,USD
IR-MOCK00445-DIAB_NEPHRO_SCREEN-20250725,MOCK00445,DIAB_NEPHRO_SCREEN,2025-07-25,10.0,True,Research-generated IncentiveRewards mock,MyRewards Health Action Incentive,CARE_GAP_COMPLETION,USD
IR-MOCK00451-DIAB_NEPHRO_SCREEN-20250718,MOCK00451,DIAB_NEPHRO_SCREEN,2025-07-18,35.0,True,Research-generated IncentiveRewards mock,MyRewards Health Action Incentive,CARE_GAP_COMPLETION,USD
IR-MOCK00469-DIAB_NEPHRO_SCREEN-20250708,MOCK00469,DIAB_NEPHRO_SCREEN,2025-07-08,35.0,True,Research-generated IncentiveRewards mock,MyRewards Health Action Incentive,CARE_GAP_COMPLETION,USD
IR-MOCK00487-DIAB_NEPHRO_SCREEN-20250716,MOCK00487,DIAB_NEPHRO_SCREEN,2025-07-16,35.0,True,Research-generated IncentiveRewards mock,MyRewards Health Action Incentive,CARE_GAP_COMPLETION,USD
IR-MOCK00493-DIAB_NEPHRO_SCREEN-20250724,MOCK00493,DIAB_NEPHRO_SCREEN,2025-07-24,30.0,True,Research-generated IncentiveRewards mock,MyRewards Health Action Incentive,CARE_GAP_COMPLETION,USD
IR-MOCK00517-DIAB_NEPHRO_SCREEN-20250720,MOCK00517,DIAB_NEPHRO_SCREEN,2025-07-20,10.0,True,Research-generated IncentiveRewards mock,MyRewards Health Action Incentive,CARE_GAP_COMPLETION,USD
IR-MOCK00535-DIAB_NEPHRO_SCREEN-20250714,MOCK00535,DIAB_NEPHRO_SCREEN,2025-07-14,30.0,True,Research-generated IncentiveRewards mock,MyRewards Health Action Incentive,CARE_GAP_COMPLETION,USD
IR-MOCK00541-DIAB_NEPHRO_SCREEN-20250723,MOCK00541,DIAB_NEPHRO_SCREEN,2025-07-23,25.0,True,Research-generated IncentiveRewards mock,MyRewards Health Action Incentive,CARE_GAP_COMPLETION,USD
IR-MOCK00553-DIAB_NEPHRO_SCREEN-20250718,MOCK00553,DIAB_NEPHRO_SCREEN,2025-07-18,35.0,True,Research-generated IncentiveRewards mock,MyRewards Health Action Incentive,CARE_GAP_COMPLETION,USD
IR-MOCK00571-DIAB_NEPHRO_SCREEN-20250711,MOCK00571,DIAB_NEPHRO_SCREEN,2025-07-11,10.0,True,Research-generated IncentiveRewards mock,MyRewards Health Action Incentive,CARE_GAP_COMPLETION,USD
IR-MOCK00607-DIAB_NEPHRO_SCREEN-20250723,MOCK00607,DIAB_NEPHRO_SCREEN,2025-07-23,20.0,True,Research-generated IncentiveRewards mock,MyRewards Health Action Incentive,CARE_GAP_COMPLETION,USD
IR-MOCK00637-DIAB_NEPHRO_SCREEN-20250805,MOCK00637,DIAB_NEPHRO_SCREEN,2025-08-05,30.0,True,Research-generated IncentiveRewards mock,MyRewards Health Action Incentive,CARE_GAP_COMPLETION,USD
IR-MOCK00649-DIAB_NEPHRO_SCREEN-20250717,MOCK00649,DIAB_NEPHRO_SCREEN,2025-07-17,10.0,True,Research-generated IncentiveRewards mock,MyRewards Health Action Incentive,CARE_GAP_COMPLETION,USD
IR-MOCK00655-DIAB_NEPHRO_SCREEN-20250708,MOCK00655,DIAB_NEPHRO_SCREEN,2025-07-08,100.0,True,Research-generated IncentiveRewards mock,MyRewards Health Action Incentive,CARE_GAP_COMPLETION,USD
IR-MOCK00685-DIAB_NEPHRO_SCREEN-20250723,MOCK00685,DIAB_NEPHRO_SCREEN,2025-07-23,10.0,True,Research-generated IncentiveRewards mock,MyRewards Health Action Incentive,CARE_GAP_COMPLETION,USD
IR-MOCK00697-DIAB_NEPHRO_SCREEN-20250718,MOCK00697,DIAB_NEPHRO_SCREEN,2025-07-18,10.0,True,Research-generated IncentiveRewards mock,MyRewards Health Action Incentive,CARE_GAP_COMPLETION,USD
IR-MOCK00715-DIAB_NEPHRO_SCREEN-20250713,MOCK00715,DIAB_NEPHRO_SCREEN,2025-07-13,100.0,True,Research-generated IncentiveRewards mock,MyRewards Health Action Incentive,CARE_GAP_COMPLETION,USD
IR-MOCK00721-DIAB_NEPHRO_SCREEN-20250731,MOCK00721,DIAB_NEPHRO_SCREEN,2025-07-31,30.0,True,Research-generated IncentiveRewards mock,MyRewards Health Action Incentive,CARE_GAP_COMPLETION,USD
IR-MOCK00727-DIAB_NEPHRO_SCREEN-20250802,MOCK00727,DIAB_NEPHRO_SCREEN,2025-08-02,30.0,True,Research-generated IncentiveRewards mock,MyRewards Health Action Incentive,CARE_GAP_COMPLETION,USD
IR-MOCK00745-DIAB_NEPHRO_SCREEN-20250801,MOCK00745,DIAB_NEPHRO_SCREEN,2025-08-01,30.0,True,Research-generated IncentiveRewards mock,MyRewards Health Action Incentive,CARE_GAP_COMPLETION,USD
IR-MOCK00751-DIAB_NEPHRO_SCREEN-20250715,MOCK00751,DIAB_NEPHRO_SCREEN,2025-07-15,30.0,True,Research-generated IncentiveRewards mock,MyRewards Health Action Incentive,CARE_GAP_COMPLETION,USD
IR-MOCK00757-DIAB_NEPHRO_SCREEN-20250716,MOCK00757,DIAB_NEPHRO_SCREEN,2025-07-16,25.0,True,Research-generated IncentiveRewards mock,MyRewards Health Action Incentive,CARE_GAP_COMPLETION,USD
IR-MOCK00763-DIAB_NEPHRO_SCREEN-20250805,MOCK00763,DIAB_NEPHRO_SCREEN,2025-08-05,35.0,True,Research-generated IncentiveRewards mock,MyRewards Health Action Incentive,CARE_GAP_COMPLETION,USD
IR-MOCK00781-DIAB_NEPHRO_SCREEN-20250714,MOCK00781,DIAB_NEPHRO_SCREEN,2025-07-14,30.0,True,Research-generated IncentiveRewards mock,MyRewards Health Action Incentive,CARE_GAP_COMPLETION,USD
IR-MOCK00793-DIAB_NEPHRO_SCREEN-20250721,MOCK00793,DIAB_NEPHRO_SCREEN,2025-07-21,35.0,True,Research-generated IncentiveRewards mock,MyRewards Health Action Incentive,CARE_GAP_COMPLETION,USD
IR-MOCK00799-DIAB_NEPHRO_SCREEN-20250710,MOCK00799,DIAB_NEPHRO_SCREEN,2025-07-10,35.0,True,Research-generated IncentiveRewards mock,MyRewards Health Action Incentive,CARE_GAP_COMPLETION,USD
IR-MOCK00811-DIAB_NEPHRO_SCREEN-20250802,MOCK00811,DIAB_NEPHRO_SCREEN,2025-08-02,100.0,True,Research-generated IncentiveRewards mock,MyRewards Health Action Incentive,CARE_GAP_COMPLETION,USD
IR-MOCK00835-DIAB_NEPHRO_SCREEN-20250803,MOCK00835,DIAB_NEPHRO_SCREEN,2025-08-03,100.0,True,Research-generated IncentiveRewards mock,MyRewards Health Action Incentive,CARE_GAP_COMPLETION,USD
IR-MOCK00847-DIAB_NEPHRO_SCREEN-20250708,MOCK00847,DIAB_NEPHRO_SCREEN,2025-07-08,35.0,True,Research-generated IncentiveRewards mock,MyRewards Health Action Incentive,CARE_GAP_COMPLETION,USD
IR-MOCK00859-DIAB_NEPHRO_SCREEN-20250720,MOCK00859,DIAB_NEPHRO_SCREEN,2025-07-20,10.0,True,Research-generated IncentiveRewards mock,MyRewards Health Action Incentive,CARE_GAP_COMPLETION,USD
IR-MOCK00871-DIAB_NEPHRO_SCREEN-20250730,MOCK00871,DIAB_NEPHRO_SCREEN,2025-07-30,5.0,True,Research-generated IncentiveRewards mock,MyRewards Health Action Incentive,CARE_GAP_COMPLETION,USD
IR-MOCK00889-DIAB_NEPHRO_SCREEN-20250731,MOCK00889,DIAB_NEPHRO_SCREEN,2025-07-31,25.0,True,Research-generated IncentiveRewards mock,MyRewards Health Action Incentive,CARE_GAP_COMPLETION,USD
IR-MOCK00901-DIAB_NEPHRO_SCREEN-20250715,MOCK00901,DIAB_NEPHRO_SCREEN,2025-07-15,30.0,True,Research-generated IncentiveRewards mock,MyRewards Health Action Incentive,CARE_GAP_COMPLETION,USD
IR-MOCK00913-DIAB_NEPHRO_SCREEN-20250713,MOCK00913,DIAB_NEPHRO_SCREEN,2025-07-13,100.0,True,Research-generated IncentiveRewards mock,MyRewards Health Action Incentive,CARE_GAP_COMPLETION,USD
IR-MOCK00919-DIAB_NEPHRO_SCREEN-20250806,MOCK00919,DIAB_NEPHRO_SCREEN,2025-08-06,30.0,True,Research-generated IncentiveRewards mock,MyRewards Health Action Incentive,CARE_GAP_COMPLETION,USD
IR-MOCK00949-DIAB_NEPHRO_SCREEN-20250714,MOCK00949,DIAB_NEPHRO_SCREEN,2025-07-14,30.0,True,Research-generated IncentiveRewards mock,MyRewards Health Action Incentive,CARE_GAP_COMPLETION,USD
IR-MOCK00955-DIAB_NEPHRO_SCREEN-20250729,MOCK00955,DIAB_NEPHRO_SCREEN,2025-07-29,30.0,True,Research-generated IncentiveRewards mock,MyRewards Health Action Incentive,CARE_GAP_COMPLETION,USD
IR-MOCK00973-DIAB_NEPHRO_SCREEN-20250704,MOCK00973,DIAB_NEPHRO_SCREEN,2025-07-04,5.0,True,Research-generated IncentiveRewards mock,MyRewards Health Action Incentive,CARE_GAP_COMPLETION,USD
IR-MOCK00979-DIAB_NEPHRO_SCREEN-20250718,MOCK00979,DIAB_NEPHRO_SCREEN,2025-07-18,25.0,True,Research-generated IncentiveRewards mock,MyRewards Health Action Incentive,CARE_GAP_COMPLETION,USD
IR-MOCK01003-DIAB_NEPHRO_SCREEN-20250724,MOCK01003,DIAB_NEPHRO_SCREEN,2025-07-24,10.0,True,Research-generated IncentiveRewards mock,MyRewards Health Action Incentive,CARE_GAP_COMPLETION,USD
IR-MOCK01021-DIAB_NEPHRO_SCREEN-20250630,MOCK01021,DIAB_NEPHRO_SCREEN,2025-06-30,30.0,True,Research-generated IncentiveRewards mock,MyRewards Health Action Incentive,CARE_GAP_COMPLETION,USD
IR-MOCK01027-DIAB_NEPHRO_SCREEN-20250803,MOCK01027,DIAB_NEPHRO_SCREEN,2025-08-03,10.0,True,Research-generated IncentiveRewards mock,MyRewards Health Action Incentive,CARE_GAP_COMPLETION,USD
IR-MOCK01033-DIAB_NEPHRO_SCREEN-20250801,MOCK01033,DIAB_NEPHRO_SCREEN,2025-08-01,100.0,True,Research-generated IncentiveRewards mock,MyRewards Health Action Incentive,CARE_GAP_COMPLETION,USD
IR-MOCK01045-DIAB_NEPHRO_SCREEN-20250702,MOCK01045,DIAB_NEPHRO_SCREEN,2025-07-02,5.0,True,Research-generated IncentiveRewards mock,MyRewards Health Action Incentive,CARE_GAP_COMPLETION,USD
IR-MOCK01063-DIAB_NEPHRO_SCREEN-20250722,MOCK01063,DIAB_NEPHRO_SCREEN,2025-07-22,15.0,True,Research-generated IncentiveRewards mock,MyRewards Health Action Incentive,CARE_GAP_COMPLETION,USD
IR-MOCK01081-DIAB_NEPHRO_SCREEN-20250710,MOCK01081,DIAB_NEPHRO_SCREEN,2025-07-10,35.0,True,Research-generated IncentiveRewards mock,MyRewards Health Action Incentive,CARE_GAP_COMPLETION,USD
IR-MOCK01099-DIAB_NEPHRO_SCREEN-20250804,MOCK01099,DIAB_NEPHRO_SCREEN,2025-08-04,100.0,False,Research-generated IncentiveRewards mock,MyRewards Health Action Incentive,CARE_GAP_COMPLETION,USD
IR-MOCK01117-DIAB_NEPHRO_SCREEN-20250801,MOCK01117,DIAB_NEPHRO_SCREEN,2025-08-01,35.0,True,Research-generated IncentiveRewards mock,MyRewards Health Action Incentive,CARE_GAP_COMPLETION,USD
IR-MOCK01141-DIAB_NEPHRO_SCREEN-20250711,MOCK01141,DIAB_NEPHRO_SCREEN,2025-07-11,35.0,True,Research-generated IncentiveRewards mock,MyRewards Health Action Incentive,CARE_GAP_COMPLETION,USD
IR-MOCK01147-DIAB_NEPHRO_SCREEN-20250708,MOCK01147,DIAB_NEPHRO_SCREEN,2025-07-08,35.0,True,Research-generated IncentiveRewards mock,MyRewards Health Action Incentive,CARE_GAP_COMPLETION,USD
IR-MOCK01153-DIAB_NEPHRO_SCREEN-20250705,MOCK01153,DIAB_NEPHRO_SCREEN,2025-07-05,5.0,True,Research-generated IncentiveRewards mock,MyRewards Health Action Incentive,CARE_GAP_COMPLETION,USD
IR-MOCK01177-DIAB_NEPHRO_SCREEN-20250714,MOCK01177,DIAB_NEPHRO_SCREEN,2025-07-14,100.0,True,Research-generated IncentiveRewards mock,MyRewards Health Action Incentive,CARE_GAP_COMPLETION,USD
IR-MOCK01213-DIAB_NEPHRO_SCREEN-20250701,MOCK01213,DIAB_NEPHRO_SCREEN,2025-07-01,15.0,True,Research-generated IncentiveRewards mock,MyRewards Health Action Incentive,CARE_GAP_COMPLETION,USD
IR-MOCK01237-DIAB_NEPHRO_SCREEN-20250728,MOCK01237,DIAB_NEPHRO_SCREEN,2025-07-28,25.0,True,Research-generated IncentiveRewards mock,MyRewards Health Action Incentive,CARE_GAP_COMPLETION,USD
IR-MOCK01249-DIAB_NEPHRO_SCREEN-20250703,MOCK01249,DIAB_NEPHRO_SCREEN,2025-07-03,25.0,True,Research-generated IncentiveRewards mock,MyRewards Health Action Incentive,CARE_GAP_COMPLETION,USD
IR-MOCK01255-DIAB_NEPHRO_SCREEN-20250730,MOCK01255,DIAB_NEPHRO_SCREEN,2025-07-30,35.0,True,Research-generated IncentiveRewards mock,MyRewards Health Action Incentive,CARE_GAP_COMPLETION,USD
IR-MOCK01261-DIAB_NEPHRO_SCREEN-20250701,MOCK01261,DIAB_NEPHRO_SCREEN,2025-07-01,25.0,True,Research-generated IncentiveRewards mock,MyRewards Health Action Incentive,CARE_GAP_COMPLETION,USD
IR-MOCK01273-DIAB_NEPHRO_SCREEN-20250715,MOCK01273,DIAB_NEPHRO_SCREEN,2025-07-15,5.0,True,Research-generated IncentiveRewards mock,MyRewards Health Action Incentive,CARE_GAP_COMPLETION,USD
IR-MOCK01315-DIAB_NEPHRO_SCREEN-20250727,MOCK01315,DIAB_NEPHRO_SCREEN,2025-07-27,10.0,True,Research-generated IncentiveRewards mock,MyRewards Health Action Incentive,CARE_GAP_COMPLETION,USD
IR-MOCK01321-DIAB_NEPHRO_SCREEN-20250716,MOCK01321,DIAB_NEPHRO_SCREEN,2025-07-16,30.0,True,Research-generated IncentiveRewards mock,MyRewards Health Action Incentive,CARE_GAP_COMPLETION,USD
IR-MOCK01345-DIAB_NEPHRO_SCREEN-20250706,MOCK01345,DIAB_NEPHRO_SCREEN,2025-07-06,30.0,True,Research-generated IncentiveRewards mock,MyRewards Health Action Incentive,CARE_GAP_COMPLETION,USD
IR-MOCK01429-DIAB_NEPHRO_SCREEN-20250726,MOCK01429,DIAB_NEPHRO_SCREEN,2025-07-26,35.0,True,Research-generated IncentiveRewards mock,MyRewards Health Action Incentive,CARE_GAP_COMPLETION,USD
IR-MOCK01447-DIAB_NEPHRO_SCREEN-20250726,MOCK01447,DIAB_NEPHRO_SCREEN,2025-07-26,25.0,True,Research-generated IncentiveRewards mock,MyRewards Health Action Incentive,CARE_GAP_COMPLETION,USD
IR-MOCK01453-DIAB_NEPHRO_SCREEN-20250725,MOCK01453,DIAB_NEPHRO_SCREEN,2025-07-25,10.0,True,Research-generated IncentiveRewards mock,MyRewards Health Action Incentive,CARE_GAP_COMPLETION,USD
IR-MOCK01459-DIAB_NEPHRO_SCREEN-20250802,MOCK01459,DIAB_NEPHRO_SCREEN,2025-08-02,100.0,True,Research-generated IncentiveRewards mock,MyRewards Health Action Incentive,CARE_GAP_COMPLETION,USD
IR-MOCK01483-DIAB_NEPHRO_SCREEN-20250729,MOCK01483,DIAB_NEPHRO_SCREEN,2025-07-29,30.0,True,Research-generated IncentiveRewards mock,MyRewards Health Action Incentive,CARE_GAP_COMPLETION,USD
IR-MOCK01507-DIAB_NEPHRO_SCREEN-20250708,MOCK01507,DIAB_NEPHRO_SCREEN,2025-07-08,30.0,True,Research-generated IncentiveRewards mock,MyRewards Health Action Incentive,CARE_GAP_COMPLETION,USD
IR-MOCK01513-DIAB_NEPHRO_SCREEN-20250717,MOCK01513,DIAB_NEPHRO_SCREEN,2025-07-17,25.0,True,Research-generated IncentiveRewards mock,MyRewards Health Action Incentive,CARE_GAP_COMPLETION,USD
IR-MOCK01525-DIAB_NEPHRO_SCREEN-20250725,MOCK01525,DIAB_NEPHRO_SCREEN,2025-07-25,35.0,True,Research-generated IncentiveRewards mock,MyRewards Health Action Incentive,CARE_GAP_COMPLETION,USD
IR-MOCK01543-DIAB_NEPHRO_SCREEN-20250711,MOCK01543,DIAB_NEPHRO_SCREEN,2025-07-11,25.0,True,Research-generated IncentiveRewards mock,MyRewards Health Action Incentive,CARE_GAP_COMPLETION,USD
IR-MOCK01549-DIAB_NEPHRO_SCREEN-20250807,MOCK01549,DIAB_NEPHRO_SCREEN,2025-08-07,15.0,True,Research-generated IncentiveRewards mock,MyRewards Health Action Incentive,CARE_GAP_COMPLETION,USD
IR-MOCK01573-DIAB_NEPHRO_SCREEN-20250713,MOCK01573,DIAB_NEPHRO_SCREEN,2025-07-13,100.0,True,Research-generated IncentiveRewards mock,MyRewards Health Action Incentive,CARE_GAP_COMPLETION,USD
IR-MOCK01603-DIAB_NEPHRO_SCREEN-20250723,MOCK01603,DIAB_NEPHRO_SCREEN,2025-07-23,35.0,True,Research-generated IncentiveRewards mock,MyRewards Health Action Incentive,CARE_GAP_COMPLETION,USD
IR-MOCK01621-DIAB_NEPHRO_SCREEN-20250805,MOCK01621,DIAB_NEPHRO_SCREEN,2025-08-05,35.0,True,Research-generated IncentiveRewards mock,MyRewards Health Action Incentive,CARE_GAP_COMPLETION,USD
IR-MOCK01645-DIAB_NEPHRO_SCREEN-20250724,MOCK01645,DIAB_NEPHRO_SCREEN,2025-07-24,25.0,True,Research-generated IncentiveRewards mock,MyRewards Health Action Incentive,CARE_GAP_COMPLETION,USD
IR-MOCK01657-DIAB_NEPHRO_SCREEN-20250721,MOCK01657,DIAB_NEPHRO_SCREEN,2025-07-21,25.0,True,Research-generated IncentiveRewards mock,MyRewards Health Action Incentive,CARE_GAP_COMPLETION,USD
IR-MOCK01675-DIAB_NEPHRO_SCREEN-20250702,MOCK01675,DIAB_NEPHRO_SCREEN,2025-07-02,15.0,True,Research-generated IncentiveRewards mock,MyRewards Health Action Incentive,CARE_GAP_COMPLETION,USD
IR-MOCK01681-DIAB_NEPHRO_SCREEN-20250729,MOCK01681,DIAB_NEPHRO_SCREEN,2025-07-29,15.0,True,Research-generated IncentiveRewards mock,MyRewards Health Action Incentive,CARE_GAP_COMPLETION,USD
IR-MOCK01693-DIAB_NEPHRO_SCREEN-20250702,MOCK01693,DIAB_NEPHRO_SCREEN,2025-07-02,25.0,True,Research-generated IncentiveRewards mock,MyRewards Health Action Incentive,CARE_GAP_COMPLETION,USD
IR-MOCK01717-DIAB_NEPHRO_SCREEN-20250807,MOCK01717,DIAB_NEPHRO_SCREEN,2025-08-07,10.0,True,Research-generated IncentiveRewards mock,MyRewards Health Action Incentive,CARE_GAP_COMPLETION,USD
IR-MOCK01723-DIAB_NEPHRO_SCREEN-20250708,MOCK01723,DIAB_NEPHRO_SCREEN,2025-07-08,20.0,True,Research-generated IncentiveRewards mock,MyRewards Health Action Incentive,CARE_GAP_COMPLETION,USD
IR-MOCK01729-DIAB_NEPHRO_SCREEN-20250712,MOCK01729,DIAB_NEPHRO_SCREEN,2025-07-12,100.0,True,Research-generated IncentiveRewards mock,MyRewards Health Action Incentive,CARE_GAP_COMPLETION,USD
IR-MOCK01753-DIAB_NEPHRO_SCREEN-20250730,MOCK01753,DIAB_NEPHRO_SCREEN,2025-07-30,10.0,True,Research-generated IncentiveRewards mock,MyRewards Health Action Incentive,CARE_GAP_COMPLETION,USD
IR-MOCK01759-DIAB_NEPHRO_SCREEN-20250709,MOCK01759,DIAB_NEPHRO_SCREEN,2025-07-09,10.0,True,Research-generated IncentiveRewards mock,MyRewards Health Action Incentive,CARE_GAP_COMPLETION,USD
IR-MOCK01765-DIAB_NEPHRO_SCREEN-20250801,MOCK01765,DIAB_NEPHRO_SCREEN,2025-08-01,20.0,True,Research-generated IncentiveRewards mock,MyRewards Health Action Incentive,CARE_GAP_COMPLETION,USD
IR-MOCK01777-DIAB_NEPHRO_SCREEN-20250718,MOCK01777,DIAB_NEPHRO_SCREEN,2025-07-18,35.0,True,Research-generated IncentiveRewards mock,MyRewards Health Action Incentive,CARE_GAP_COMPLETION,USD
IR-MOCK01783-DIAB_NEPHRO_SCREEN-20250721,MOCK01783,DIAB_NEPHRO_SCREEN,2025-07-21,25.0,True,Research-generated IncentiveRewards mock,MyRewards Health Action Incentive,CARE_GAP_COMPLETION,USD
IR-MOCK01801-DIAB_NEPHRO_SCREEN-20250806,MOCK01801,DIAB_NEPHRO_SCREEN,2025-08-06,35.0,True,Research-generated IncentiveRewards mock,MyRewards Health Action Incentive,CARE_GAP_COMPLETION,USD
IR-MOCK01813-DIAB_NEPHRO_SCREEN-20250721,MOCK01813,DIAB_NEPHRO_SCREEN,2025-07-21,25.0,True,Research-generated IncentiveRewards mock,MyRewards Health Action Incentive,CARE_GAP_COMPLETION,USD
IR-MOCK01819-DIAB_NEPHRO_SCREEN-20250719,MOCK01819,DIAB_NEPHRO_SCREEN,2025-07-19,35.0,True,Research-generated IncentiveRewards mock,MyRewards Health Action Incentive,CARE_GAP_COMPLETION,USD
IR-MOCK01825-DIAB_NEPHRO_SCREEN-20250703,MOCK01825,DIAB_NEPHRO_SCREEN,2025-07-03,10.0,True,Research-generated IncentiveRewards mock,MyRewards Health Action Incentive,CARE_GAP_COMPLETION,USD
IR-MOCK01831-DIAB_NEPHRO_SCREEN-20250724,MOCK01831,DIAB_NEPHRO_SCREEN,2025-07-24,100.0,True,Research-generated IncentiveRewards mock,MyRewards Health Action Incentive,CARE_GAP_COMPLETION,USD
IR-MOCK01855-DIAB_NEPHRO_SCREEN-20250719,MOCK01855,DIAB_NEPHRO_SCREEN,2025-07-19,25.0,True,Research-generated IncentiveRewards mock,MyRewards Health Action Incentive,CARE_GAP_COMPLETION,USD
IR-MOCK01873-DIAB_NEPHRO_SCREEN-20250725,MOCK01873,DIAB_NEPHRO_SCREEN,2025-07-25,35.0,True,Research-generated IncentiveRewards mock,MyRewards Health Action Incentive,CARE_GAP_COMPLETION,USD
IR-MOCK01897-DIAB_NEPHRO_SCREEN-20250704,MOCK01897,DIAB_NEPHRO_SCREEN,2025-07-04,35.0,True,Research-generated IncentiveRewards mock,MyRewards Health Action Incentive,CARE_GAP_COMPLETION,USD
IR-MOCK01927-DIAB_NEPHRO_SCREEN-20250718,MOCK01927,DIAB_NEPHRO_SCREEN,2025-07-18,100.0,True,Research-generated IncentiveRewards mock,MyRewards Health Action Incentive,CARE_GAP_COMPLETION,USD
IR-MOCK01951-DIAB_NEPHRO_SCREEN-20250719,MOCK01951,DIAB_NEPHRO_SCREEN,2025-07-19,15.0,True,Research-generated IncentiveRewards mock,MyRewards Health Action Incentive,CARE_GAP_COMPLETION,USD
IR-MOCK01957-DIAB_NEPHRO_SCREEN-20250721,MOCK01957,DIAB_NEPHRO_SCREEN,2025-07-21,25.0,True,Research-generated IncentiveRewards mock,MyRewards Health Action Incentive,CARE_GAP_COMPLETION,USD
IR-MOCK01963-DIAB_NEPHRO_SCREEN-20250718,MOCK01963,DIAB_NEPHRO_SCREEN,2025-07-18,30.0,True,Research-generated IncentiveRewards mock,MyRewards Health Action Incentive,CARE_GAP_COMPLETION,USD
IR-MOCK01969-DIAB_NEPHRO_SCREEN-20250806,MOCK01969,DIAB_NEPHRO_SCREEN,2025-08-06,25.0,True,Research-generated IncentiveRewards mock,MyRewards Health Action Incentive,CARE_GAP_COMPLETION,USD
IR-MOCK01981-DIAB_NEPHRO_SCREEN-20250720,MOCK01981,DIAB_NEPHRO_SCREEN,2025-07-20,35.0,True,Research-generated IncentiveRewards mock,MyRewards Health Action Incentive,CARE_GAP_COMPLETION,USD
IR-MOCK02005-DIAB_NEPHRO_SCREEN-20250716,MOCK02005,DIAB_NEPHRO_SCREEN,2025-07-16,25.0,True,Research-generated IncentiveRewards mock,MyRewards Health Action Incentive,CARE_GAP_COMPLETION,USD
IR-MOCK02029-DIAB_NEPHRO_SCREEN-20250722,MOCK02029,DIAB_NEPHRO_SCREEN,2025-07-22,10.0,True,Research-generated IncentiveRewards mock,MyRewards Health Action Incentive,CARE_GAP_COMPLETION,USD
IR-MOCK02041-DIAB_NEPHRO_SCREEN-20250725,MOCK02041,DIAB_NEPHRO_SCREEN,2025-07-25,10.0,True,Research-generated IncentiveRewards mock,MyRewards Health Action Incentive,CARE_GAP_COMPLETION,USD
IR-MOCK02053-DIAB_NEPHRO_SCREEN-20250714,MOCK02053,DIAB_NEPHRO_SCREEN,2025-07-14,25.0,True,Research-generated IncentiveRewards mock,MyRewards Health Action Incentive,CARE_GAP_COMPLETION,USD
IR-MOCK02059-DIAB_NEPHRO_SCREEN-20250730,MOCK02059,DIAB_NEPHRO_SCREEN,2025-07-30,35.0,True,Research-generated IncentiveRewards mock,MyRewards Health Action Incentive,CARE_GAP_COMPLETION,USD
IR-MOCK02071-DIAB_NEPHRO_SCREEN-20250728,MOCK02071,DIAB_NEPHRO_SCREEN,2025-07-28,30.0,True,Research-generated IncentiveRewards mock,MyRewards Health Action Incentive,CARE_GAP_COMPLETION,USD
IR-MOCK02089-DIAB_NEPHRO_SCREEN-20250708,MOCK02089,DIAB_NEPHRO_SCREEN,2025-07-08,35.0,True,Research-generated IncentiveRewards mock,MyRewards Health Action Incentive,CARE_GAP_COMPLETION,USD
IR-MOCK02095-DIAB_NEPHRO_SCREEN-20250722,MOCK02095,DIAB_NEPHRO_SCREEN,2025-07-22,35.0,True,Research-generated IncentiveRewards mock,MyRewards Health Action Incentive,CARE_GAP_COMPLETION,USD
IR-MOCK02101-DIAB_NEPHRO_SCREEN-20250807,MOCK02101,DIAB_NEPHRO_SCREEN,2025-08-07,30.0,True,Research-generated IncentiveRewards mock,MyRewards Health Action Incentive,CARE_GAP_COMPLETION,USD
IR-MOCK02119-DIAB_NEPHRO_SCREEN-20250805,MOCK02119,DIAB_NEPHRO_SCREEN,2025-08-05,30.0,True,Research-generated IncentiveRewards mock,MyRewards Health Action Incentive,CARE_GAP_COMPLETION,USD
IR-MOCK02131-DIAB_NEPHRO_SCREEN-20250706,MOCK02131,DIAB_NEPHRO_SCREEN,2025-07-06,25.0,True,Research-generated IncentiveRewards mock,MyRewards Health Action Incentive,CARE_GAP_COMPLETION,USD
IR-MOCK02149-DIAB_NEPHRO_SCREEN-20250707,MOCK02149,DIAB_NEPHRO_SCREEN,2025-07-07,10.0,True,Research-generated IncentiveRewards mock,MyRewards Health Action Incentive,CARE_GAP_COMPLETION,USD
IR-MOCK02161-DIAB_NEPHRO_SCREEN-20250715,MOCK02161,DIAB_NEPHRO_SCREEN,2025-07-15,5.0,True,Research-generated IncentiveRewards mock,MyRewards Health Action Incentive,CARE_GAP_COMPLETION,USD
IR-MOCK02197-DIAB_NEPHRO_SCREEN-20250705,MOCK02197,DIAB_NEPHRO_SCREEN,2025-07-05,30.0,True,Research-generated IncentiveRewards mock,MyRewards Health Action Incentive,CARE_GAP_COMPLETION,USD
IR-MOCK02209-DIAB_NEPHRO_SCREEN-20250709,MOCK02209,DIAB_NEPHRO_SCREEN,2025-07-09,30.0,True,Research-generated IncentiveRewards mock,MyRewards Health Action Incentive,CARE_GAP_COMPLETION,USD
IR-MOCK02221-DIAB_NEPHRO_SCREEN-20250805,MOCK02221,DIAB_NEPHRO_SCREEN,2025-08-05,15.0,True,Research-generated IncentiveRewards mock,MyRewards Health Action Incentive,CARE_GAP_COMPLETION,USD
IR-MOCK02239-DIAB_NEPHRO_SCREEN-20250729,MOCK02239,DIAB_NEPHRO_SCREEN,2025-07-29,10.0,True,Research-generated IncentiveRewards mock,MyRewards Health Action Incentive,CARE_GAP_COMPLETION,USD
IR-MOCK02257-DIAB_NEPHRO_SCREEN-20250714,MOCK02257,DIAB_NEPHRO_SCREEN,2025-07-14,25.0,True,Research-generated IncentiveRewards mock,MyRewards Health Action Incentive,CARE_GAP_COMPLETION,USD
IR-MOCK02281-DIAB_NEPHRO_SCREEN-20250728,MOCK02281,DIAB_NEPHRO_SCREEN,2025-07-28,10.0,True,Research-generated IncentiveRewards mock,MyRewards Health Action Incentive,CARE_GAP_COMPLETION,USD
IR-MOCK02293-DIAB_NEPHRO_SCREEN-20250713,MOCK02293,DIAB_NEPHRO_SCREEN,2025-07-13,25.0,True,Research-generated IncentiveRewards mock,MyRewards Health Action Incentive,CARE_GAP_COMPLETION,USD
IR-MOCK02305-DIAB_NEPHRO_SCREEN-20250726,MOCK02305,DIAB_NEPHRO_SCREEN,2025-07-26,35.0,True,Research-generated IncentiveRewards mock,MyRewards Health Action Incentive,CARE_GAP_COMPLETION,USD
IR-MOCK02311-DIAB_NEPHRO_SCREEN-20250710,MOCK02311,DIAB_NEPHRO_SCREEN,2025-07-10,30.0,True,Research-generated IncentiveRewards mock,MyRewards Health Action Incentive,CARE_GAP_COMPLETION,USD
IR-MOCK02317-DIAB_NEPHRO_SCREEN-20250724,MOCK02317,DIAB_NEPHRO_SCREEN,2025-07-24,10.0,True,Research-generated IncentiveRewards mock,MyRewards Health Action Incentive,CARE_GAP_COMPLETION,USD
IR-MOCK02323-DIAB_NEPHRO_SCREEN-20250722,MOCK02323,DIAB_NEPHRO_SCREEN,2025-07-22,30.0,True,Research-generated IncentiveRewards mock,MyRewards Health Action Incentive,CARE_GAP_COMPLETION,USD
IR-MOCK02353-DIAB_NEPHRO_SCREEN-20250704,MOCK02353,DIAB_NEPHRO_SCREEN,2025-07-04,35.0,True,Research-generated IncentiveRewards mock,MyRewards Health Action Incentive,CARE_GAP_COMPLETION,USD
IR-MOCK02359-DIAB_NEPHRO_SCREEN-20250720,MOCK02359,DIAB_NEPHRO_SCREEN,2025-07-20,5.0,True,Research-generated IncentiveRewards mock,MyRewards Health Action Incentive,CARE_GAP_COMPLETION,USD
IR-MOCK02383-DIAB_NEPHRO_SCREEN-20250802,MOCK02383,DIAB_NEPHRO_SCREEN,2025-08-02,100.0,True,Research-generated IncentiveRewards mock,MyRewards Health Action Incentive,CARE_GAP_COMPLETION,USD
IR-MOCK02395-DIAB_NEPHRO_SCREEN-20250805,MOCK02395,DIAB_NEPHRO_SCREEN,2025-08-05,30.0,True,Research-generated IncentiveRewards mock,MyRewards Health Action Incentive,CARE_GAP_COMPLETION,USD
IR-MOCK02407-DIAB_NEPHRO_SCREEN-20250707,MOCK02407,DIAB_NEPHRO_SCREEN,2025-07-07,35.0,True,Research-generated IncentiveRewards mock,MyRewards Health Action Incentive,CARE_GAP_COMPLETION,USD
IR-MOCK02419-DIAB_NEPHRO_SCREEN-20250720,MOCK02419,DIAB_NEPHRO_SCREEN,2025-07-20,25.0,True,Research-generated IncentiveRewards mock,MyRewards Health Action Incentive,CARE_GAP_COMPLETION,USD
IR-MOCK02431-DIAB_NEPHRO_SCREEN-20250801,MOCK02431,DIAB_NEPHRO_SCREEN,2025-08-01,100.0,True,Research-generated IncentiveRewards mock,MyRewards Health Action Incentive,CARE_GAP_COMPLETION,USD
IR-MOCK02443-DIAB_NEPHRO_SCREEN-20250711,MOCK02443,DIAB_NEPHRO_SCREEN,2025-07-11,100.0,True,Research-generated IncentiveRewards mock,MyRewards Health Action Incentive,CARE_GAP_COMPLETION,USD
IR-MOCK02455-DIAB_NEPHRO_SCREEN-20250717,MOCK02455,DIAB_NEPHRO_SCREEN,2025-07-17,25.0,True,Research-generated IncentiveRewards mock,MyRewards Health Action Incentive,CARE_GAP_COMPLETION,USD
IR-MOCK02461-DIAB_NEPHRO_SCREEN-20250709,MOCK02461,DIAB_NEPHRO_SCREEN,2025-07-09,25.0,True,Research-generated IncentiveRewards mock,MyRewards Health Action Incentive,CARE_GAP_COMPLETION,USD
IR-MOCK02473-DIAB_NEPHRO_SCREEN-20250717,MOCK02473,DIAB_NEPHRO_SCREEN,2025-07-17,25.0,True,Research-generated IncentiveRewards mock,MyRewards Health Action Incentive,CARE_GAP_COMPLETION,USD
IR-MOCK02479-DIAB_NEPHRO_SCREEN-20250807,MOCK02479,DIAB_NEPHRO_SCREEN,2025-08-07,10.0,True,Research-generated IncentiveRewards mock,MyRewards Health Action Incentive,CARE_GAP_COMPLETION,USD
IR-MOCK02503-DIAB_NEPHRO_SCREEN-20250731,MOCK02503,DIAB_NEPHRO_SCREEN,2025-07-31,100.0,True,Research-generated IncentiveRewards mock,MyRewards Health Action Incentive,CARE_GAP_COMPLETION,USD
IR-MOCK02521-DIAB_NEPHRO_SCREEN-20250701,MOCK02521,DIAB_NEPHRO_SCREEN,2025-07-01,25.0,True,Research-generated IncentiveRewards mock,MyRewards Health Action Incentive,CARE_GAP_COMPLETION,USD
IR-MOCK02533-DIAB_NEPHRO_SCREEN-20250724,MOCK02533,DIAB_NEPHRO_SCREEN,2025-07-24,35.0,True,Research-generated IncentiveRewards mock,MyRewards Health Action Incentive,CARE_GAP_COMPLETION,USD
IR-MOCK02563-DIAB_NEPHRO_SCREEN-20250719,MOCK02563,DIAB_NEPHRO_SCREEN,2025-07-19,35.0,True,Research-generated IncentiveRewards mock,MyRewards Health Action Incentive,CARE_GAP_COMPLETION,USD
IR-MOCK02569-DIAB_NEPHRO_SCREEN-20250722,MOCK02569,DIAB_NEPHRO_SCREEN,2025-07-22,100.0,True,Research-generated IncentiveRewards mock,MyRewards Health Action Incentive,CARE_GAP_COMPLETION,USD
IR-MOCK02593-DIAB_NEPHRO_SCREEN-20250726,MOCK02593,DIAB_NEPHRO_SCREEN,2025-07-26,10.0,True,Research-generated IncentiveRewards mock,MyRewards Health Action Incentive,CARE_GAP_COMPLETION,USD
IR-MOCK02605-DIAB_NEPHRO_SCREEN-20250731,MOCK02605,DIAB_NEPHRO_SCREEN,2025-07-31,100.0,True,Research-generated IncentiveRewards mock,MyRewards Health Action Incentive,CARE_GAP_COMPLETION,USD
IR-MOCK02611-DIAB_NEPHRO_SCREEN-20250713,MOCK02611,DIAB_NEPHRO_SCREEN,2025-07-13,10.0,True,Research-generated IncentiveRewards mock,MyRewards Health Action Incentive,CARE_GAP_COMPLETION,USD
IR-MOCK02641-DIAB_NEPHRO_SCREEN-20250716,MOCK02641,DIAB_NEPHRO_SCREEN,2025-07-16,15.0,True,Research-generated IncentiveRewards mock,MyRewards Health Action Incentive,CARE_GAP_COMPLETION,USD
IR-MOCK02665-DIAB_NEPHRO_SCREEN-20250807,MOCK02665,DIAB_NEPHRO_SCREEN,2025-08-07,35.0,True,Research-generated IncentiveRewards mock,MyRewards Health Action Incentive,CARE_GAP_COMPLETION,USD
IR-MOCK02671-DIAB_NEPHRO_SCREEN-20250717,MOCK02671,DIAB_NEPHRO_SCREEN,2025-07-17,35.0,True,Research-generated IncentiveRewards mock,MyRewards Health Action Incentive,CARE_GAP_COMPLETION,USD
IR-MOCK02677-DIAB_NEPHRO_SCREEN-20250702,MOCK02677,DIAB_NEPHRO_SCREEN,2025-07-02,35.0,True,Research-generated IncentiveRewards mock,MyRewards Health Action Incentive,CARE_GAP_COMPLETION,USD
IR-MOCK02683-DIAB_NEPHRO_SCREEN-20250708,MOCK02683,DIAB_NEPHRO_SCREEN,2025-07-08,15.0,True,Research-generated IncentiveRewards mock,MyRewards Health Action Incentive,CARE_GAP_COMPLETION,USD
IR-MOCK02689-DIAB_NEPHRO_SCREEN-20250704,MOCK02689,DIAB_NEPHRO_SCREEN,2025-07-04,35.0,True,Research-generated IncentiveRewards mock,MyRewards Health Action Incentive,CARE_GAP_COMPLETION,USD
IR-MOCK02707-DIAB_NEPHRO_SCREEN-20250721,MOCK02707,DIAB_NEPHRO_SCREEN,2025-07-21,35.0,True,Research-generated IncentiveRewards mock,MyRewards Health Action Incentive,CARE_GAP_COMPLETION,USD
IR-MOCK02743-DIAB_NEPHRO_SCREEN-20250706,MOCK02743,DIAB_NEPHRO_SCREEN,2025-07-06,10.0,True,Research-generated IncentiveRewards mock,MyRewards Health Action Incentive,CARE_GAP_COMPLETION,USD
IR-MOCK02749-DIAB_NEPHRO_SCREEN-20250709,MOCK02749,DIAB_NEPHRO_SCREEN,2025-07-09,15.0,True,Research-generated IncentiveRewards mock,MyRewards Health Action Incentive,CARE_GAP_COMPLETION,USD
IR-MOCK02779-DIAB_NEPHRO_SCREEN-20250702,MOCK02779,DIAB_NEPHRO_SCREEN,2025-07-02,100.0,True,Research-generated IncentiveRewards mock,MyRewards Health Action Incentive,CARE_GAP_COMPLETION,USD
IR-MOCK02785-DIAB_NEPHRO_SCREEN-20250630,MOCK02785,DIAB_NEPHRO_SCREEN,2025-06-30,35.0,True,Research-generated IncentiveRewards mock,MyRewards Health Action Incentive,CARE_GAP_COMPLETION,USD
IR-MOCK02797-DIAB_NEPHRO_SCREEN-20250805,MOCK02797,DIAB_NEPHRO_SCREEN,2025-08-05,5.0,True,Research-generated IncentiveRewards mock,MyRewards Health Action Incentive,CARE_GAP_COMPLETION,USD
IR-MOCK02821-DIAB_NEPHRO_SCREEN-20250630,MOCK02821,DIAB_NEPHRO_SCREEN,2025-06-30,10.0,True,Research-generated IncentiveRewards mock,MyRewards Health Action Incentive,CARE_GAP_COMPLETION,USD
IR-MOCK02833-DIAB_NEPHRO_SCREEN-20250704,MOCK02833,DIAB_NEPHRO_SCREEN,2025-07-04,15.0,True,Research-generated IncentiveRewards mock,MyRewards Health Action Incentive,CARE_GAP_COMPLETION,USD
IR-MOCK02845-DIAB_NEPHRO_SCREEN-20250720,MOCK02845,DIAB_NEPHRO_SCREEN,2025-07-20,10.0,True,Research-generated IncentiveRewards mock,MyRewards Health Action Incentive,CARE_GAP_COMPLETION,USD
IR-MOCK02863-DIAB_NEPHRO_SCREEN-20250717,MOCK02863,DIAB_NEPHRO_SCREEN,2025-07-17,10.0,True,Research-generated IncentiveRewards mock,MyRewards Health Action Incentive,CARE_GAP_COMPLETION,USD
IR-MOCK02875-DIAB_NEPHRO_SCREEN-20250717,MOCK02875,DIAB_NEPHRO_SCREEN,2025-07-17,10.0,True,Research-generated IncentiveRewards mock,MyRewards Health Action Incentive,CARE_GAP_COMPLETION,USD
IR-MOCK02899-DIAB_NEPHRO_SCREEN-20250731,MOCK02899,DIAB_NEPHRO_SCREEN,2025-07-31,100.0,True,Research-generated IncentiveRewards mock,MyRewards Health Action Incentive,CARE_GAP_COMPLETION,USD
IR-MOCK02923-DIAB_NEPHRO_SCREEN-20250630,MOCK02923,DIAB_NEPHRO_SCREEN,2025-06-30,10.0,True,Research-generated IncentiveRewards mock,MyRewards Health Action Incentive,CARE_GAP_COMPLETION,USD
IR-MOCK02929-DIAB_NEPHRO_SCREEN-20250721,MOCK02929,DIAB_NEPHRO_SCREEN,2025-07-21,25.0,True,Research-generated IncentiveRewards mock,MyRewards Health Action Incentive,CARE_GAP_COMPLETION,USD
IR-MOCK02941-DIAB_NEPHRO_SCREEN-20250723,MOCK02941,DIAB_NEPHRO_SCREEN,2025-07-23,30.0,True,Research-generated IncentiveRewards mock,MyRewards Health Action Incentive,CARE_GAP_COMPLETION,USD
IR-MOCK02947-DIAB_NEPHRO_SCREEN-20250804,MOCK02947,DIAB_NEPHRO_SCREEN,2025-08-04,10.0,True,Research-generated IncentiveRewards mock,MyRewards Health Action Incentive,CARE_GAP_COMPLETION,USD
IR-MOCK02959-DIAB_NEPHRO_SCREEN-20250721,MOCK02959,DIAB_NEPHRO_SCREEN,2025-07-21,30.0,True,Research-generated IncentiveRewards mock,MyRewards Health Action Incentive,CARE_GAP_COMPLETION,USD
IR-MOCK02971-DIAB_NEPHRO_SCREEN-20250705,MOCK02971,DIAB_NEPHRO_SCREEN,2025-07-05,10.0,True,Research-generated IncentiveRewards mock,MyRewards Health Action Incentive,CARE_GAP_COMPLETION,USD
IR-MOCK03007-DIAB_NEPHRO_SCREEN-20250728,MOCK03007,DIAB_NEPHRO_SCREEN,2025-07-28,30.0,True,Research-generated IncentiveRewards mock,MyRewards Health Action Incentive,CARE_GAP_COMPLETION,USD
IR-MOCK03031-DIAB_NEPHRO_SCREEN-20250806,MOCK03031,DIAB_NEPHRO_SCREEN,2025-08-06,15.0,True,Research-generated IncentiveRewards mock,MyRewards Health Action Incentive,CARE_GAP_COMPLETION,USD
IR-MOCK03037-DIAB_NEPHRO_SCREEN-20250802,MOCK03037,DIAB_NEPHRO_SCREEN,2025-08-02,25.0,True,Research-generated IncentiveRewards mock,MyRewards Health Action Incentive,CARE_GAP_COMPLETION,USD
IR-MOCK03055-DIAB_NEPHRO_SCREEN-20250711,MOCK03055,DIAB_NEPHRO_SCREEN,2025-07-11,5.0,True,Research-generated IncentiveRewards mock,MyRewards Health Action Incentive,CARE_GAP_COMPLETION,USD
IR-MOCK03061-DIAB_NEPHRO_SCREEN-20250804,MOCK03061,DIAB_NEPHRO_SCREEN,2025-08-04,35.0,True,Research-generated IncentiveRewards mock,MyRewards Health Action Incentive,CARE_GAP_COMPLETION,USD
IR-MOCK03073-DIAB_NEPHRO_SCREEN-20250730,MOCK03073,DIAB_NEPHRO_SCREEN,2025-07-30,25.0,True,Research-generated IncentiveRewards mock,MyRewards Health Action Incentive,CARE_GAP_COMPLETION,USD
IR-MOCK03085-DIAB_NEPHRO_SCREEN-20250728,MOCK03085,DIAB_NEPHRO_SCREEN,2025-07-28,100.0,True,Research-generated IncentiveRewards mock,MyRewards Health Action Incentive,CARE_GAP_COMPLETION,USD
IR-MOCK03091-DIAB_NEPHRO_SCREEN-20250708,MOCK03091,DIAB_NEPHRO_SCREEN,2025-07-08,35.0,True,Research-generated IncentiveRewards mock,MyRewards Health Action Incentive,CARE_GAP_COMPLETION,USD
IR-MOCK03097-DIAB_NEPHRO_SCREEN-20250728,MOCK03097,DIAB_NEPHRO_SCREEN,2025-07-28,35.0,True,Research-generated IncentiveRewards mock,MyRewards Health Action Incentive,CARE_GAP_COMPLETION,USD
IR-MOCK03115-DIAB_NEPHRO_SCREEN-20250713,MOCK03115,DIAB_NEPHRO_SCREEN,2025-07-13,15.0,True,Research-generated IncentiveRewards mock,MyRewards Health Action Incentive,CARE_GAP_COMPLETION,USD
IR-MOCK03121-DIAB_NEPHRO_SCREEN-20250718,MOCK03121,DIAB_NEPHRO_SCREEN,2025-07-18,15.0,True,Research-generated IncentiveRewards mock,MyRewards Health Action Incentive,CARE_GAP_COMPLETION,USD
IR-MOCK03127-DIAB_NEPHRO_SCREEN-20250727,MOCK03127,DIAB_NEPHRO_SCREEN,2025-07-27,5.0,True,Research-generated IncentiveRewards mock,MyRewards Health Action Incentive,CARE_GAP_COMPLETION,USD
IR-MOCK03133-DIAB_NEPHRO_SCREEN-20250714,MOCK03133,DIAB_NEPHRO_SCREEN,2025-07-14,25.0,True,Research-generated IncentiveRewards mock,MyRewards Health Action Incentive,CARE_GAP_COMPLETION,USD
IR-MOCK03145-DIAB_NEPHRO_SCREEN-20250712,MOCK03145,DIAB_NEPHRO_SCREEN,2025-07-12,25.0,True,Research-generated IncentiveRewards mock,MyRewards Health Action Incentive,CARE_GAP_COMPLETION,USD
IR-MOCK03157-DIAB_NEPHRO_SCREEN-20250721,MOCK03157,DIAB_NEPHRO_SCREEN,2025-07-21,100.0,True,Research-generated IncentiveRewards mock,MyRewards Health Action Incentive,CARE_GAP_COMPLETION,USD
IR-MOCK03169-DIAB_NEPHRO_SCREEN-20250709,MOCK03169,DIAB_NEPHRO_SCREEN,2025-07-09,35.0,True,Research-generated IncentiveRewards mock,MyRewards Health Action Incentive,CARE_GAP_COMPLETION,USD
IR-MOCK03175-DIAB_NEPHRO_SCREEN-20250723,MOCK03175,DIAB_NEPHRO_SCREEN,2025-07-23,30.0,True,Research-generated IncentiveRewards mock,MyRewards Health Action Incentive,CARE_GAP_COMPLETION,USD
IR-MOCK03181-DIAB_NEPHRO_SCREEN-20250724,MOCK03181,DIAB_NEPHRO_SCREEN,2025-07-24,25.0,True,Research-generated IncentiveRewards mock,MyRewards Health Action Incentive,CARE_GAP_COMPLETION,USD
IR-MOCK03187-DIAB_NEPHRO_SCREEN-20250730,MOCK03187,DIAB_NEPHRO_SCREEN,2025-07-30,35.0,False,Research-generated IncentiveRewards mock,MyRewards Health Action Incentive,CARE_GAP_COMPLETION,USD
IR-MOCK03193-DIAB_NEPHRO_SCREEN-20250720,MOCK03193,DIAB_NEPHRO_SCREEN,2025-07-20,30.0,True,Research-generated IncentiveRewards mock,MyRewards Health Action Incentive,CARE_GAP_COMPLETION,USD
IR-MOCK03205-DIAB_NEPHRO_SCREEN-20250708,MOCK03205,DIAB_NEPHRO_SCREEN,2025-07-08,25.0,True,Research-generated IncentiveRewards mock,MyRewards Health Action Incentive,CARE_GAP_COMPLETION,USD
IR-MOCK03211-DIAB_NEPHRO_SCREEN-20250727,MOCK03211,DIAB_NEPHRO_SCREEN,2025-07-27,20.0,True,Research-generated IncentiveRewards mock,MyRewards Health Action Incentive,CARE_GAP_COMPLETION,USD
IR-MOCK03217-DIAB_NEPHRO_SCREEN-20250701,MOCK03217,DIAB_NEPHRO_SCREEN,2025-07-01,100.0,True,Research-generated IncentiveRewards mock,MyRewards Health Action Incentive,CARE_GAP_COMPLETION,USD
IR-MOCK03253-DIAB_NEPHRO_SCREEN-20250727,MOCK03253,DIAB_NEPHRO_SCREEN,2025-07-27,10.0,True,Research-generated IncentiveRewards mock,MyRewards Health Action Incentive,CARE_GAP_COMPLETION,USD
IR-MOCK03271-DIAB_NEPHRO_SCREEN-20250701,MOCK03271,DIAB_NEPHRO_SCREEN,2025-07-01,35.0,True,Research-generated IncentiveRewards mock,MyRewards Health Action Incentive,CARE_GAP_COMPLETION,USD
IR-MOCK03283-DIAB_NEPHRO_SCREEN-20250708,MOCK03283,DIAB_NEPHRO_SCREEN,2025-07-08,15.0,True,Research-generated IncentiveRewards mock,MyRewards Health Action Incentive,CARE_GAP_COMPLETION,USD
IR-MOCK03289-DIAB_NEPHRO_SCREEN-20250722,MOCK03289,DIAB_NEPHRO_SCREEN,2025-07-22,15.0,True,Research-generated IncentiveRewards mock,MyRewards Health Action Incentive,CARE_GAP_COMPLETION,USD
IR-MOCK03301-DIAB_NEPHRO_SCREEN-20250706,MOCK03301,DIAB_NEPHRO_SCREEN,2025-07-06,15.0,True,Research-generated IncentiveRewards mock,MyRewards Health Action Incentive,CARE_GAP_COMPLETION,USD
IR-MOCK03325-DIAB_NEPHRO_SCREEN-20250705,MOCK03325,DIAB_NEPHRO_SCREEN,2025-07-05,30.0,True,Research-generated IncentiveRewards mock,MyRewards Health Action Incentive,CARE_GAP_COMPLETION,USD
IR-MOCK03343-DIAB_NEPHRO_SCREEN-20250805,MOCK03343,DIAB_NEPHRO_SCREEN,2025-08-05,20.0,True,Research-generated IncentiveRewards mock,MyRewards Health Action Incentive,CARE_GAP_COMPLETION,USD
IR-MOCK03349-DIAB_NEPHRO_SCREEN-20250717,MOCK03349,DIAB_NEPHRO_SCREEN,2025-07-17,25.0,True,Research-generated IncentiveRewards mock,MyRewards Health Action Incentive,CARE_GAP_COMPLETION,USD
IR-MOCK03367-DIAB_NEPHRO_SCREEN-20250805,MOCK03367,DIAB_NEPHRO_SCREEN,2025-08-05,10.0,True,Research-generated IncentiveRewards mock,MyRewards Health Action Incentive,CARE_GAP_COMPLETION,USD
IR-MOCK03373-DIAB_NEPHRO_SCREEN-20250720,MOCK03373,DIAB_NEPHRO_SCREEN,2025-07-20,30.0,True,Research-generated IncentiveRewards mock,MyRewards Health Action Incentive,CARE_GAP_COMPLETION,USD
IR-MOCK03385-DIAB_NEPHRO_SCREEN-20250711,MOCK03385,DIAB_NEPHRO_SCREEN,2025-07-11,35.0,True,Research-generated IncentiveRewards mock,MyRewards Health Action Incentive,CARE_GAP_COMPLETION,USD
IR-MOCK03391-DIAB_NEPHRO_SCREEN-20250805,MOCK03391,DIAB_NEPHRO_SCREEN,2025-08-05,100.0,True,Research-generated IncentiveRewards mock,MyRewards Health Action Incentive,CARE_GAP_COMPLETION,USD
IR-MOCK03403-DIAB_NEPHRO_SCREEN-20250806,MOCK03403,DIAB_NEPHRO_SCREEN,2025-08-06,5.0,True,Research-generated IncentiveRewards mock,MyRewards Health Action Incentive,CARE_GAP_COMPLETION,USD
IR-MOCK03409-DIAB_NEPHRO_SCREEN-20250719,MOCK03409,DIAB_NEPHRO_SCREEN,2025-07-19,30.0,True,Research-generated IncentiveRewards mock,MyRewards Health Action Incentive,CARE_GAP_COMPLETION,USD
IR-MOCK03433-DIAB_NEPHRO_SCREEN-20250727,MOCK03433,DIAB_NEPHRO_SCREEN,2025-07-27,15.0,True,Research-generated IncentiveRewards mock,MyRewards Health Action Incentive,CARE_GAP_COMPLETION,USD
IR-MOCK03481-DIAB_NEPHRO_SCREEN-20250730,MOCK03481,DIAB_NEPHRO_SCREEN,2025-07-30,30.0,True,Research-generated IncentiveRewards mock,MyRewards Health Action Incentive,CARE_GAP_COMPLETION,USD
IR-MOCK03499-DIAB_NEPHRO_SCREEN-20250802,MOCK03499,DIAB_NEPHRO_SCREEN,2025-08-02,25.0,True,Research-generated IncentiveRewards mock,MyRewards Health Action Incentive,CARE_GAP_COMPLETION,USD
IR-MOCK03505-DIAB_NEPHRO_SCREEN-20250702,MOCK03505,DIAB_NEPHRO_SCREEN,2025-07-02,5.0,True,Research-generated IncentiveRewards mock,MyRewards Health Action Incentive,CARE_GAP_COMPLETION,USD
IR-MOCK03517-DIAB_NEPHRO_SCREEN-20250805,MOCK03517,DIAB_NEPHRO_SCREEN,2025-08-05,35.0,True,Research-generated IncentiveRewards mock,MyRewards Health Action Incentive,CARE_GAP_COMPLETION,USD
IR-MOCK03535-DIAB_NEPHRO_SCREEN-20250716,MOCK03535,DIAB_NEPHRO_SCREEN,2025-07-16,100.0,True,Research-generated IncentiveRewards mock,MyRewards Health Action Incentive,CARE_GAP_COMPLETION,USD
IR-MOCK03541-DIAB_NEPHRO_SCREEN-20250724,MOCK03541,DIAB_NEPHRO_SCREEN,2025-07-24,15.0,True,Research-generated IncentiveRewards mock,MyRewards Health Action Incentive,CARE_GAP_COMPLETION,USD
IR-MOCK03553-DIAB_NEPHRO_SCREEN-20250719,MOCK03553,DIAB_NEPHRO_SCREEN,2025-07-19,30.0,True,Research-generated IncentiveRewards mock,MyRewards Health Action Incentive,CARE_GAP_COMPLETION,USD
IR-MOCK03565-DIAB_NEPHRO_SCREEN-20250725,MOCK03565,DIAB_NEPHRO_SCREEN,2025-07-25,35.0,True,Research-generated IncentiveRewards mock,MyRewards Health Action Incentive,CARE_GAP_COMPLETION,USD
IR-MOCK03583-DIAB_NEPHRO_SCREEN-20250702,MOCK03583,DIAB_NEPHRO_SCREEN,2025-07-02,5.0,True,Research-generated IncentiveRewards mock,MyRewards Health Action Incentive,CARE_GAP_COMPLETION,USD
IR-MOCK03601-DIAB_NEPHRO_SCREEN-20250707,MOCK03601,DIAB_NEPHRO_SCREEN,2025-07-07,25.0,True,Research-generated IncentiveRewards mock,MyRewards Health Action Incentive,CARE_GAP_COMPLETION,USD
IR-MOCK03607-DIAB_NEPHRO_SCREEN-20250802,MOCK03607,DIAB_NEPHRO_SCREEN,2025-08-02,10.0,True,Research-generated IncentiveRewards mock,MyRewards Health Action Incentive,CARE_GAP_COMPLETION,USD
IR-MOCK03637-DIAB_NEPHRO_SCREEN-20250721,MOCK03637,DIAB_NEPHRO_SCREEN,2025-07-21,35.0,True,Research-generated IncentiveRewards mock,MyRewards Health Action Incentive,CARE_GAP_COMPLETION,USD
IR-MOCK03643-DIAB_NEPHRO_SCREEN-20250712,MOCK03643,DIAB_NEPHRO_SCREEN,2025-07-12,30.0,True,Research-generated IncentiveRewards mock,MyRewards Health Action Incentive,CARE_GAP_COMPLETION,USD
IR-MOCK03667-DIAB_NEPHRO_SCREEN-20250728,MOCK03667,DIAB_NEPHRO_SCREEN,2025-07-28,35.0,True,Research-generated IncentiveRewards mock,MyRewards Health Action Incentive,CARE_GAP_COMPLETION,USD
IR-MOCK03685-DIAB_NEPHRO_SCREEN-20250806,MOCK03685,DIAB_NEPHRO_SCREEN,2025-08-06,25.0,True,Research-generated IncentiveRewards mock,MyRewards Health Action Incentive,CARE_GAP_COMPLETION,USD
IR-MOCK03703-DIAB_NEPHRO_SCREEN-20250708,MOCK03703,DIAB_NEPHRO_SCREEN,2025-07-08,20.0,True,Research-generated IncentiveRewards mock,MyRewards Health Action Incentive,CARE_GAP_COMPLETION,USD
IR-MOCK03709-DIAB_NEPHRO_SCREEN-20250728,MOCK03709,DIAB_NEPHRO_SCREEN,2025-07-28,35.0,True,Research-generated IncentiveRewards mock,MyRewards Health Action Incentive,CARE_GAP_COMPLETION,USD
IR-MOCK03715-DIAB_NEPHRO_SCREEN-20250718,MOCK03715,DIAB_NEPHRO_SCREEN,2025-07-18,30.0,True,Research-generated IncentiveRewards mock,MyRewards Health Action Incentive,CARE_GAP_COMPLETION,USD
IR-MOCK03727-DIAB_NEPHRO_SCREEN-20250805,MOCK03727,DIAB_NEPHRO_SCREEN,2025-08-05,30.0,True,Research-generated IncentiveRewards mock,MyRewards Health Action Incentive,CARE_GAP_COMPLETION,USD
IR-MOCK03733-DIAB_NEPHRO_SCREEN-20250720,MOCK03733,DIAB_NEPHRO_SCREEN,2025-07-20,35.0,True,Research-generated IncentiveRewards mock,MyRewards Health Action Incentive,CARE_GAP_COMPLETION,USD
IR-MOCK03739-DIAB_NEPHRO_SCREEN-20250728,MOCK03739,DIAB_NEPHRO_SCREEN,2025-07-28,25.0,True,Research-generated IncentiveRewards mock,MyRewards Health Action Incentive,CARE_GAP_COMPLETION,USD
IR-MOCK03745-DIAB_NEPHRO_SCREEN-20250703,MOCK03745,DIAB_NEPHRO_SCREEN,2025-07-03,30.0,True,Research-generated IncentiveRewards mock,MyRewards Health Action Incentive,CARE_GAP_COMPLETION,USD
IR-MOCK03751-DIAB_NEPHRO_SCREEN-20250708,MOCK03751,DIAB_NEPHRO_SCREEN,2025-07-08,20.0,True,Research-generated IncentiveRewards mock,MyRewards Health Action Incentive,CARE_GAP_COMPLETION,USD
IR-MOCK03763-DIAB_NEPHRO_SCREEN-20250802,MOCK03763,DIAB_NEPHRO_SCREEN,2025-08-02,15.0,True,Research-generated IncentiveRewards mock,MyRewards Health Action Incentive,CARE_GAP_COMPLETION,USD
IR-MOCK03769-DIAB_NEPHRO_SCREEN-20250725,MOCK03769,DIAB_NEPHRO_SCREEN,2025-07-25,10.0,True,Research-generated IncentiveRewards mock,MyRewards Health Action Incentive,CARE_GAP_COMPLETION,USD
IR-MOCK03775-DIAB_NEPHRO_SCREEN-20250714,MOCK03775,DIAB_NEPHRO_SCREEN,2025-07-14,35.0,True,Research-generated IncentiveRewards mock,MyRewards Health Action Incentive,CARE_GAP_COMPLETION,USD
IR-MOCK03781-DIAB_NEPHRO_SCREEN-20250707,MOCK03781,DIAB_NEPHRO_SCREEN,2025-07-07,100.0,True,Research-generated IncentiveRewards mock,MyRewards Health Action Incentive,CARE_GAP_COMPLETION,USD
IR-MOCK03787-DIAB_NEPHRO_SCREEN-20250802,MOCK03787,DIAB_NEPHRO_SCREEN,2025-08-02,30.0,True,Research-generated IncentiveRewards mock,MyRewards Health Action Incentive,CARE_GAP_COMPLETION,USD
IR-MOCK03811-DIAB_NEPHRO_SCREEN-20250724,MOCK03811,DIAB_NEPHRO_SCREEN,2025-07-24,100.0,True,Research-generated IncentiveRewards mock,MyRewards Health Action Incentive,CARE_GAP_COMPLETION,USD
IR-MOCK03829-DIAB_NEPHRO_SCREEN-20250704,MOCK03829,DIAB_NEPHRO_SCREEN,2025-07-04,5.0,True,Research-generated IncentiveRewards mock,MyRewards Health Action Incentive,CARE_GAP_COMPLETION,USD
IR-MOCK03835-DIAB_NEPHRO_SCREEN-20250710,MOCK03835,DIAB_NEPHRO_SCREEN,2025-07-10,25.0,True,Research-generated IncentiveRewards mock,MyRewards Health Action Incentive,CARE_GAP_COMPLETION,USD
IR-MOCK03847-DIAB_NEPHRO_SCREEN-20250727,MOCK03847,DIAB_NEPHRO_SCREEN,2025-07-27,15.0,True,Research-generated IncentiveRewards mock,MyRewards Health Action Incentive,CARE_GAP_COMPLETION,USD
IR-MOCK03853-DIAB_NEPHRO_SCREEN-20250725,MOCK03853,DIAB_NEPHRO_SCREEN,2025-07-25,10.0,True,Research-generated IncentiveRewards mock,MyRewards Health Action Incentive,CARE_GAP_COMPLETION,USD
IR-MOCK03865-DIAB_NEPHRO_SCREEN-20250721,MOCK03865,DIAB_NEPHRO_SCREEN,2025-07-21,25.0,True,Research-generated IncentiveRewards mock,MyRewards Health Action Incentive,CARE_GAP_COMPLETION,USD
IR-MOCK03877-DIAB_NEPHRO_SCREEN-20250717,MOCK03877,DIAB_NEPHRO_SCREEN,2025-07-17,25.0,True,Research-generated IncentiveRewards mock,MyRewards Health Action Incentive,CARE_GAP_COMPLETION,USD
IR-MOCK03883-DIAB_NEPHRO_SCREEN-20250703,MOCK03883,DIAB_NEPHRO_SCREEN,2025-07-03,30.0,True,Research-generated IncentiveRewards mock,MyRewards Health Action Incentive,CARE_GAP_COMPLETION,USD
IR-MOCK03889-DIAB_NEPHRO_SCREEN-20250726,MOCK03889,DIAB_NEPHRO_SCREEN,2025-07-26,100.0,True,Research-generated IncentiveRewards mock,MyRewards Health Action Incentive,CARE_GAP_COMPLETION,USD
IR-MOCK03895-DIAB_NEPHRO_SCREEN-20250726,MOCK03895,DIAB_NEPHRO_SCREEN,2025-07-26,35.0,True,Research-generated IncentiveRewards mock,MyRewards Health Action Incentive,CARE_GAP_COMPLETION,USD
IR-MOCK03925-DIAB_NEPHRO_SCREEN-20250716,MOCK03925,DIAB_NEPHRO_SCREEN,2025-07-16,35.0,True,Research-generated IncentiveRewards mock,MyRewards Health Action Incentive,CARE_GAP_COMPLETION,USD
IR-MOCK03931-DIAB_NEPHRO_SCREEN-20250718,MOCK03931,DIAB_NEPHRO_SCREEN,2025-07-18,10.0,True,Research-generated IncentiveRewards mock,MyRewards Health Action Incentive,CARE_GAP_COMPLETION,USD
IR-MOCK03937-DIAB_NEPHRO_SCREEN-20250729,MOCK03937,DIAB_NEPHRO_SCREEN,2025-07-29,25.0,True,Research-generated IncentiveRewards mock,MyRewards Health Action Incentive,CARE_GAP_COMPLETION,USD
IR-MOCK03973-DIAB_NEPHRO_SCREEN-20250630,MOCK03973,DIAB_NEPHRO_SCREEN,2025-06-30,10.0,True,Research-generated IncentiveRewards mock,MyRewards Health Action Incentive,CARE_GAP_COMPLETION,USD
IR-MOCK03997-DIAB_NEPHRO_SCREEN-20250712,MOCK03997,DIAB_NEPHRO_SCREEN,2025-07-12,5.0,True,Research-generated IncentiveRewards mock,MyRewards Health Action Incentive,CARE_GAP_COMPLETION,USD
IR-MOCK04003-DIAB_NEPHRO_SCREEN-20250801,MOCK04003,DIAB_NEPHRO_SCREEN,2025-08-01,25.0,True,Research-generated IncentiveRewards mock,MyRewards Health Action Incentive,CARE_GAP_COMPLETION,USD
IR-MOCK04033-DIAB_NEPHRO_SCREEN-20250709,MOCK04033,DIAB_NEPHRO_SCREEN,2025-07-09,35.0,True,Research-generated IncentiveRewards mock,MyRewards Health Action Incentive,CARE_GAP_COMPLETION,USD
IR-MOCK04039-DIAB_NEPHRO_SCREEN-20250725,MOCK04039,DIAB_NEPHRO_SCREEN,2025-07-25,35.0,True,Research-generated IncentiveRewards mock,MyRewards Health Action Incentive,CARE_GAP_COMPLETION,USD
IR-MOCK04051-DIAB_NEPHRO_SCREEN-20250704,MOCK04051,DIAB_NEPHRO_SCREEN,2025-07-04,10.0,True,Research-generated IncentiveRewards mock,MyRewards Health Action Incentive,CARE_GAP_COMPLETION,USD
IR-MOCK04069-DIAB_NEPHRO_SCREEN-20250726,MOCK04069,DIAB_NEPHRO_SCREEN,2025-07-26,25.0,True,Research-generated IncentiveRewards mock,MyRewards Health Action Incentive,CARE_GAP_COMPLETION,USD
IR-MOCK04075-DIAB_NEPHRO_SCREEN-20250719,MOCK04075,DIAB_NEPHRO_SCREEN,2025-07-19,20.0,True,Research-generated IncentiveRewards mock,MyRewards Health Action Incentive,CARE_GAP_COMPLETION,USD
IR-MOCK04081-DIAB_NEPHRO_SCREEN-20250711,MOCK04081,DIAB_NEPHRO_SCREEN,2025-07-11,35.0,True,Research-generated IncentiveRewards mock,MyRewards Health Action Incentive,CARE_GAP_COMPLETION,USD
IR-MOCK04087-DIAB_NEPHRO_SCREEN-20250705,MOCK04087,DIAB_NEPHRO_SCREEN,2025-07-05,35.0,True,Research-generated IncentiveRewards mock,MyRewards Health Action Incentive,CARE_GAP_COMPLETION,USD
IR-MOCK04099-DIAB_NEPHRO_SCREEN-20250705,MOCK04099,DIAB_NEPHRO_SCREEN,2025-07-05,30.0,True,Research-generated IncentiveRewards mock,MyRewards Health Action Incentive,CARE_GAP_COMPLETION,USD
IR-MOCK04105-DIAB_NEPHRO_SCREEN-20250707,MOCK04105,DIAB_NEPHRO_SCREEN,2025-07-07,10.0,True,Research-generated IncentiveRewards mock,MyRewards Health Action Incentive,CARE_GAP_COMPLETION,USD
IR-MOCK04111-DIAB_NEPHRO_SCREEN-20250726,MOCK04111,DIAB_NEPHRO_SCREEN,2025-07-26,10.0,True,Research-generated IncentiveRewards mock,MyRewards Health Action Incentive,CARE_GAP_COMPLETION,USD
IR-MOCK04117-DIAB_NEPHRO_SCREEN-20250705,MOCK04117,DIAB_NEPHRO_SCREEN,2025-07-05,10.0,True,Research-generated IncentiveRewards mock,MyRewards Health Action Incentive,CARE_GAP_COMPLETION,USD
IR-MOCK04147-DIAB_NEPHRO_SCREEN-20250705,MOCK04147,DIAB_NEPHRO_SCREEN,2025-07-05,20.0,True,Research-generated IncentiveRewards mock,MyRewards Health Action Incentive,CARE_GAP_COMPLETION,USD
IR-MOCK04159-DIAB_NEPHRO_SCREEN-20250717,MOCK04159,DIAB_NEPHRO_SCREEN,2025-07-17,20.0,True,Research-generated IncentiveRewards mock,MyRewards Health Action Incentive,CARE_GAP_COMPLETION,USD
IR-MOCK04171-DIAB_NEPHRO_SCREEN-20250716,MOCK04171,DIAB_NEPHRO_SCREEN,2025-07-16,35.0,True,Research-generated IncentiveRewards mock,MyRewards Health Action Incentive,CARE_GAP_COMPLETION,USD
IR-MOCK04177-DIAB_NEPHRO_SCREEN-20250721,MOCK04177,DIAB_NEPHRO_SCREEN,2025-07-21,35.0,True,Research-generated IncentiveRewards mock,MyRewards Health Action Incentive,CARE_GAP_COMPLETION,USD
IR-MOCK04183-DIAB_NEPHRO_SCREEN-20250720,MOCK04183,DIAB_NEPHRO_SCREEN,2025-07-20,10.0,True,Research-generated IncentiveRewards mock,MyRewards Health Action Incentive,CARE_GAP_COMPLETION,USD
IR-MOCK04195-DIAB_NEPHRO_SCREEN-20250710,MOCK04195,DIAB_NEPHRO_SCREEN,2025-07-10,5.0,True,Research-generated IncentiveRewards mock,MyRewards Health Action Incentive,CARE_GAP_COMPLETION,USD
IR-MOCK04207-DIAB_NEPHRO_SCREEN-20250701,MOCK04207,DIAB_NEPHRO_SCREEN,2025-07-01,35.0,True,Research-generated IncentiveRewards mock,MyRewards Health Action Incentive,CARE_GAP_COMPLETION,USD
IR-MOCK04225-DIAB_NEPHRO_SCREEN-20250711,MOCK04225,DIAB_NEPHRO_SCREEN,2025-07-11,25.0,True,Research-generated IncentiveRewards mock,MyRewards Health Action Incentive,CARE_GAP_COMPLETION,USD
IR-MOCK04231-DIAB_NEPHRO_SCREEN-20250714,MOCK04231,DIAB_NEPHRO_SCREEN,2025-07-14,25.0,True,Research-generated IncentiveRewards mock,MyRewards Health Action Incentive,CARE_GAP_COMPLETION,USD
IR-MOCK04237-DIAB_NEPHRO_SCREEN-20250712,MOCK04237,DIAB_NEPHRO_SCREEN,2025-07-12,25.0,True,Research-generated IncentiveRewards mock,MyRewards Health Action Incentive,CARE_GAP_COMPLETION,USD
IR-MOCK04255-DIAB_NEPHRO_SCREEN-20250704,MOCK04255,DIAB_NEPHRO_SCREEN,2025-07-04,20.0,True,Research-generated IncentiveRewards mock,MyRewards Health Action Incentive,CARE_GAP_COMPLETION,USD
IR-MOCK04261-DIAB_NEPHRO_SCREEN-20250716,MOCK04261,DIAB_NEPHRO_SCREEN,2025-07-16,35.0,True,Research-generated IncentiveRewards mock,MyRewards Health Action Incentive,CARE_GAP_COMPLETION,USD
IR-MOCK04267-DIAB_NEPHRO_SCREEN-20250630,MOCK04267,DIAB_NEPHRO_SCREEN,2025-06-30,20.0,True,Research-generated IncentiveRewards mock,MyRewards Health Action Incentive,CARE_GAP_COMPLETION,USD
IR-MOCK04273-DIAB_NEPHRO_SCREEN-20250717,MOCK04273,DIAB_NEPHRO_SCREEN,2025-07-17,25.0,True,Research-generated IncentiveRewards mock,MyRewards Health Action Incentive,CARE_GAP_COMPLETION,USD
IR-MOCK04285-DIAB_NEPHRO_SCREEN-20250713,MOCK04285,DIAB_NEPHRO_SCREEN,2025-07-13,15.0,True,Research-generated IncentiveRewards mock,MyRewards Health Action Incentive,CARE_GAP_COMPLETION,USD
IR-MOCK04291-DIAB_NEPHRO_SCREEN-20250717,MOCK04291,DIAB_NEPHRO_SCREEN,2025-07-17,35.0,True,Research-generated IncentiveRewards mock,MyRewards Health Action Incentive,CARE_GAP_COMPLETION,USD
IR-MOCK04315-DIAB_NEPHRO_SCREEN-20250731,MOCK04315,DIAB_NEPHRO_SCREEN,2025-07-31,25.0,True,Research-generated IncentiveRewards mock,MyRewards Health Action Incentive,CARE_GAP_COMPLETION,USD
IR-MOCK04339-DIAB_NEPHRO_SCREEN-20250720,MOCK04339,DIAB_NEPHRO_SCREEN,2025-07-20,30.0,True,Research-generated IncentiveRewards mock,MyRewards Health Action Incentive,CARE_GAP_COMPLETION,USD
IR-MOCK04387-DIAB_NEPHRO_SCREEN-20250713,MOCK04387,DIAB_NEPHRO_SCREEN,2025-07-13,30.0,True,Research-generated IncentiveRewards mock,MyRewards Health Action Incentive,CARE_GAP_COMPLETION,USD
IR-MOCK04393-DIAB_NEPHRO_SCREEN-20250802,MOCK04393,DIAB_NEPHRO_SCREEN,2025-08-02,100.0,True,Research-generated IncentiveRewards mock,MyRewards Health Action Incentive,CARE_GAP_COMPLETION,USD
IR-MOCK04435-DIAB_NEPHRO_SCREEN-20250805,MOCK04435,DIAB_NEPHRO_SCREEN,2025-08-05,35.0,True,Research-generated IncentiveRewards mock,MyRewards Health Action Incentive,CARE_GAP_COMPLETION,USD
IR-MOCK04447-DIAB_NEPHRO_SCREEN-20250630,MOCK04447,DIAB_NEPHRO_SCREEN,2025-06-30,100.0,True,Research-generated IncentiveRewards mock,MyRewards Health Action Incentive,CARE_GAP_COMPLETION,USD
IR-MOCK04465-DIAB_NEPHRO_SCREEN-20250709,MOCK04465,DIAB_NEPHRO_SCREEN,2025-07-09,35.0,False,Research-generated IncentiveRewards mock,MyRewards Health Action Incentive,CARE_GAP_COMPLETION,USD
IR-MOCK04471-DIAB_NEPHRO_SCREEN-20250729,MOCK04471,DIAB_NEPHRO_SCREEN,2025-07-29,35.0,True,Research-generated IncentiveRewards mock,MyRewards Health Action Incentive,CARE_GAP_COMPLETION,USD
IR-MOCK04477-DIAB_NEPHRO_SCREEN-20250804,MOCK04477,DIAB_NEPHRO_SCREEN,2025-08-04,10.0,True,Research-generated IncentiveRewards mock,MyRewards Health Action Incentive,CARE_GAP_COMPLETION,USD
IR-MOCK04489-DIAB_NEPHRO_SCREEN-20250730,MOCK04489,DIAB_NEPHRO_SCREEN,2025-07-30,30.0,True,Research-generated IncentiveRewards mock,MyRewards Health Action Incentive,CARE_GAP_COMPLETION,USD
IR-MOCK04495-DIAB_NEPHRO_SCREEN-20250730,MOCK04495,DIAB_NEPHRO_SCREEN,2025-07-30,20.0,True,Research-generated IncentiveRewards mock,MyRewards Health Action Incentive,CARE_GAP_COMPLETION,USD
IR-MOCK04507-DIAB_NEPHRO_SCREEN-20250724,MOCK04507,DIAB_NEPHRO_SCREEN,2025-07-24,10.0,True,Research-generated IncentiveRewards mock,MyRewards Health Action Incentive,CARE_GAP_COMPLETION,USD
IR-MOCK04525-DIAB_NEPHRO_SCREEN-20250807,MOCK04525,DIAB_NEPHRO_SCREEN,2025-08-07,15.0,True,Research-generated IncentiveRewards mock,MyRewards Health Action Incentive,CARE_GAP_COMPLETION,USD
IR-MOCK04531-DIAB_NEPHRO_SCREEN-20250807,MOCK04531,DIAB_NEPHRO_SCREEN,2025-08-07,10.0,True,Research-generated IncentiveRewards mock,MyRewards Health Action Incentive,CARE_GAP_COMPLETION,USD
IR-MOCK04549-DIAB_NEPHRO_SCREEN-20250714,MOCK04549,DIAB_NEPHRO_SCREEN,2025-07-14,20.0,True,Research-generated IncentiveRewards mock,MyRewards Health Action Incentive,CARE_GAP_COMPLETION,USD
IR-MOCK04567-DIAB_NEPHRO_SCREEN-20250721,MOCK04567,DIAB_NEPHRO_SCREEN,2025-07-21,20.0,True,Research-generated IncentiveRewards mock,MyRewards Health Action Incentive,CARE_GAP_COMPLETION,USD
IR-MOCK04585-DIAB_NEPHRO_SCREEN-20250730,MOCK04585,DIAB_NEPHRO_SCREEN,2025-07-30,30.0,True,Research-generated IncentiveRewards mock,MyRewards Health Action Incentive,CARE_GAP_COMPLETION,USD
IR-MOCK04597-DIAB_NEPHRO_SCREEN-20250703,MOCK04597,DIAB_NEPHRO_SCREEN,2025-07-03,20.0,True,Research-generated IncentiveRewards mock,MyRewards Health Action Incentive,CARE_GAP_COMPLETION,USD
IR-MOCK04603-DIAB_NEPHRO_SCREEN-20250807,MOCK04603,DIAB_NEPHRO_SCREEN,2025-08-07,25.0,True,Research-generated IncentiveRewards mock,MyRewards Health Action Incentive,CARE_GAP_COMPLETION,USD
IR-MOCK04609-DIAB_NEPHRO_SCREEN-20250707,MOCK04609,DIAB_NEPHRO_SCREEN,2025-07-07,35.0,True,Research-generated IncentiveRewards mock,MyRewards Health Action Incentive,CARE_GAP_COMPLETION,USD
IR-MOCK04633-DIAB_NEPHRO_SCREEN-20250704,MOCK04633,DIAB_NEPHRO_SCREEN,2025-07-04,10.0,True,Research-generated IncentiveRewards mock,MyRewards Health Action Incentive,CARE_GAP_COMPLETION,USD
IR-MOCK04651-DIAB_NEPHRO_SCREEN-20250712,MOCK04651,DIAB_NEPHRO_SCREEN,2025-07-12,35.0,True,Research-generated IncentiveRewards mock,MyRewards Health Action Incentive,CARE_GAP_COMPLETION,USD
IR-MOCK04657-DIAB_NEPHRO_SCREEN-20250630,MOCK04657,DIAB_NEPHRO_SCREEN,2025-06-30,35.0,True,Research-generated IncentiveRewards mock,MyRewards Health Action Incentive,CARE_GAP_COMPLETION,USD
IR-MOCK04669-DIAB_NEPHRO_SCREEN-20250705,MOCK04669,DIAB_NEPHRO_SCREEN,2025-07-05,30.0,True,Research-generated IncentiveRewards mock,MyRewards Health Action Incentive,CARE_GAP_COMPLETION,USD
IR-MOCK04687-DIAB_NEPHRO_SCREEN-20250718,MOCK04687,DIAB_NEPHRO_SCREEN,2025-07-18,35.0,True,Research-generated IncentiveRewards mock,MyRewards Health Action Incentive,CARE_GAP_COMPLETION,USD
IR-MOCK04729-DIAB_NEPHRO_SCREEN-20250807,MOCK04729,DIAB_NEPHRO_SCREEN,2025-08-07,10.0,True,Research-generated IncentiveRewards mock,MyRewards Health Action Incentive,CARE_GAP_COMPLETION,USD
IR-MOCK04735-DIAB_NEPHRO_SCREEN-20250710,MOCK04735,DIAB_NEPHRO_SCREEN,2025-07-10,15.0,True,Research-generated IncentiveRewards mock,MyRewards Health Action Incentive,CARE_GAP_COMPLETION,USD
IR-MOCK04741-DIAB_NEPHRO_SCREEN-20250730,MOCK04741,DIAB_NEPHRO_SCREEN,2025-07-30,35.0,True,Research-generated IncentiveRewards mock,MyRewards Health Action Incentive,CARE_GAP_COMPLETION,USD
IR-MOCK04759-DIAB_NEPHRO_SCREEN-20250703,MOCK04759,DIAB_NEPHRO_SCREEN,2025-07-03,10.0,True,Research-generated IncentiveRewards mock,MyRewards Health Action Incentive,CARE_GAP_COMPLETION,USD
IR-MOCK04771-DIAB_NEPHRO_SCREEN-20250716,MOCK04771,DIAB_NEPHRO_SCREEN,2025-07-16,10.0,True,Research-generated IncentiveRewards mock,MyRewards Health Action Incentive,CARE_GAP_COMPLETION,USD
IR-MOCK04777-DIAB_NEPHRO_SCREEN-20250630,MOCK04777,DIAB_NEPHRO_SCREEN,2025-06-30,35.0,True,Research-generated IncentiveRewards mock,MyRewards Health Action Incentive,CARE_GAP_COMPLETION,USD
IR-MOCK04783-DIAB_NEPHRO_SCREEN-20250805,MOCK04783,DIAB_NEPHRO_SCREEN,2025-08-05,25.0,True,Research-generated IncentiveRewards mock,MyRewards Health Action Incentive,CARE_GAP_COMPLETION,USD
IR-MOCK04795-DIAB_NEPHRO_SCREEN-20250719,MOCK04795,DIAB_NEPHRO_SCREEN,2025-07-19,10.0,True,Research-generated IncentiveRewards mock,MyRewards Health Action Incentive,CARE_GAP_COMPLETION,USD
IR-MOCK04813-DIAB_NEPHRO_SCREEN-20250806,MOCK04813,DIAB_NEPHRO_SCREEN,2025-08-06,25.0,True,Research-generated IncentiveRewards mock,MyRewards Health Action Incentive,CARE_GAP_COMPLETION,USD
IR-MOCK04825-DIAB_NEPHRO_SCREEN-20250803,MOCK04825,DIAB_NEPHRO_SCREEN,2025-08-03,30.0,True,Research-generated IncentiveRewards mock,MyRewards Health Action Incentive,CARE_GAP_COMPLETION,USD
IR-MOCK04837-DIAB_NEPHRO_SCREEN-20250728,MOCK04837,DIAB_NEPHRO_SCREEN,2025-07-28,30.0,True,Research-generated IncentiveRewards mock,MyRewards Health Action Incentive,CARE_GAP_COMPLETION,USD
IR-MOCK04855-DIAB_NEPHRO_SCREEN-20250717,MOCK04855,DIAB_NEPHRO_SCREEN,2025-07-17,10.0,True,Research-generated IncentiveRewards mock,MyRewards Health Action Incentive,CARE_GAP_COMPLETION,USD
IR-MOCK04861-DIAB_NEPHRO_SCREEN-20250705,MOCK04861,DIAB_NEPHRO_SCREEN,2025-07-05,10.0,True,Research-generated IncentiveRewards mock,MyRewards Health Action Incentive,CARE_GAP_COMPLETION,USD
IR-MOCK04867-DIAB_NEPHRO_SCREEN-20250710,MOCK04867,DIAB_NEPHRO_SCREEN,2025-07-10,25.0,True,Research-generated IncentiveRewards mock,MyRewards Health Action Incentive,CARE_GAP_COMPLETION,USD
IR-MOCK04873-DIAB_NEPHRO_SCREEN-20250716,MOCK04873,DIAB_NEPHRO_SCREEN,2025-07-16,25.0,True,Research-generated IncentiveRewards mock,MyRewards Health Action Incentive,CARE_GAP_COMPLETION,USD
IR-MOCK04915-DIAB_NEPHRO_SCREEN-20250807,MOCK04915,DIAB_NEPHRO_SCREEN,2025-08-07,30.0,True,Research-generated IncentiveRewards mock,MyRewards Health Action Incentive,CARE_GAP_COMPLETION,USD
IR-MOCK04921-DIAB_NEPHRO_SCREEN-20250708,MOCK04921,DIAB_NEPHRO_SCREEN,2025-07-08,25.0,True,Research-generated IncentiveRewards mock,MyRewards Health Action Incentive,CARE_GAP_COMPLETION,USD
IR-MOCK04927-DIAB_NEPHRO_SCREEN-20250707,MOCK04927,DIAB_NEPHRO_SCREEN,2025-07-07,10.0,True,Research-generated IncentiveRewards mock,MyRewards Health Action Incentive,CARE_GAP_COMPLETION,USD
IR-MOCK04933-DIAB_NEPHRO_SCREEN-20250727,MOCK04933,DIAB_NEPHRO_SCREEN,2025-07-27,35.0,True,Research-generated IncentiveRewards mock,MyRewards Health Action Incentive,CARE_GAP_COMPLETION,USD
IR-MOCK04939-DIAB_NEPHRO_SCREEN-20250711,MOCK04939,DIAB_NEPHRO_SCREEN,2025-07-11,10.0,True,Research-generated IncentiveRewards mock,MyRewards Health Action Incentive,CARE_GAP_COMPLETION,USD
IR-MOCK04945-DIAB_NEPHRO_SCREEN-20250707,MOCK04945,DIAB_NEPHRO_SCREEN,2025-07-07,10.0,True,Research-generated IncentiveRewards mock,MyRewards Health Action Incentive,CARE_GAP_COMPLETION,USD
IR-MOCK04951-DIAB_NEPHRO_SCREEN-20250701,MOCK04951,DIAB_NEPHRO_SCREEN,2025-07-01,10.0,True,Research-generated IncentiveRewards mock,MyRewards Health Action Incentive,CARE_GAP_COMPLETION,USD
IR-MOCK04957-DIAB_NEPHRO_SCREEN-20250715,MOCK04957,DIAB_NEPHRO_SCREEN,2025-07-15,35.0,True,Research-generated IncentiveRewards mock,MyRewards Health Action Incentive,CARE_GAP_COMPLETION,USD
IR-MOCK04963-DIAB_NEPHRO_SCREEN-20250715,MOCK04963,DIAB_NEPHRO_SCREEN,2025-07-15,35.0,True,Research-generated IncentiveRewards mock,MyRewards Health Action Incentive,CARE_GAP_COMPLETION,USD
IR-MOCK04969-DIAB_NEPHRO_SCREEN-20250721,MOCK04969,DIAB_NEPHRO_SCREEN,2025-07-21,35.0,True,Research-generated IncentiveRewards mock,MyRewards Health Action Incentive,CARE_GAP_COMPLETION,USD
IR-MOCK04975-DIAB_NEPHRO_SCREEN-20250707,MOCK04975,DIAB_NEPHRO_SCREEN,2025-07-07,30.0,True,Research-generated IncentiveRewards mock,MyRewards Health Action Incentive,CARE_GAP_COMPLETION,USD
IR-MOCK04999-DIAB_NEPHRO_SCREEN-20250707,MOCK04999,DIAB_NEPHRO_SCREEN,2025-07-07,15.0,True,Research-generated IncentiveRewards mock,MyRewards Health Action Incentive,CARE_GAP_COMPLETION,USD
IR-MOCK05005-DIAB_NEPHRO_SCREEN-20250719,MOCK05005,DIAB_NEPHRO_SCREEN,2025-07-19,5.0,True,Research-generated IncentiveRewards mock,MyRewards Health Action Incentive,CARE_GAP_COMPLETION,USD
IR-MOCK05011-DIAB_NEPHRO_SCREEN-20250726,MOCK05011,DIAB_NEPHRO_SCREEN,2025-07-26,35.0,True,Research-generated IncentiveRewards mock,MyRewards Health Action Incentive,CARE_GAP_COMPLETION,USD
IR-MOCK05017-DIAB_NEPHRO_SCREEN-20250714,MOCK05017,DIAB_NEPHRO_SCREEN,2025-07-14,5.0,True,Research-generated IncentiveRewards mock,MyRewards Health Action Incentive,CARE_GAP_COMPLETION,USD
IR-MOCK05023-DIAB_NEPHRO_SCREEN-20250710,MOCK05023,DIAB_NEPHRO_SCREEN,2025-07-10,35.0,True,Research-generated IncentiveRewards mock,MyRewards Health Action Incentive,CARE_GAP_COMPLETION,USD
IR-MOCK05035-DIAB_NEPHRO_SCREEN-20250713,MOCK05035,DIAB_NEPHRO_SCREEN,2025-07-13,35.0,True,Research-generated IncentiveRewards mock,MyRewards Health Action Incentive,CARE_GAP_COMPLETION,USD
IR-MOCK05041-DIAB_NEPHRO_SCREEN-20250715,MOCK05041,DIAB_NEPHRO_SCREEN,2025-07-15,30.0,True,Research-generated IncentiveRewards mock,MyRewards Health Action Incentive,CARE_GAP_COMPLETION,USD
IR-MOCK05059-DIAB_NEPHRO_SCREEN-20250727,MOCK05059,DIAB_NEPHRO_SCREEN,2025-07-27,10.0,True,Research-generated IncentiveRewards mock,MyRewards Health Action Incentive,CARE_GAP_COMPLETION,USD
IR-MOCK05065-DIAB_NEPHRO_SCREEN-20250717,MOCK05065,DIAB_NEPHRO_SCREEN,2025-07-17,30.0,True,Research-generated IncentiveRewards mock,MyRewards Health Action Incentive,CARE_GAP_COMPLETION,USD
IR-MOCK05077-DIAB_NEPHRO_SCREEN-20250725,MOCK05077,DIAB_NEPHRO_SCREEN,2025-07-25,35.0,True,Research-generated IncentiveRewards mock,MyRewards Health Action Incentive,CARE_GAP_COMPLETION,USD
IR-MOCK05095-DIAB_NEPHRO_SCREEN-20250802,MOCK05095,DIAB_NEPHRO_SCREEN,2025-08-02,25.0,True,Research-generated IncentiveRewards mock,MyRewards Health Action Incentive,CARE_GAP_COMPLETION,USD
IR-MOCK05107-DIAB_NEPHRO_SCREEN-20250722,MOCK05107,DIAB_NEPHRO_SCREEN,2025-07-22,35.0,True,Research-generated IncentiveRewards mock,MyRewards Health Action Incentive,CARE_GAP_COMPLETION,USD
IR-MOCK05113-DIAB_NEPHRO_SCREEN-20250710,MOCK05113,DIAB_NEPHRO_SCREEN,2025-07-10,35.0,True,Research-generated IncentiveRewards mock,MyRewards Health Action Incentive,CARE_GAP_COMPLETION,USD
IR-MOCK05119-DIAB_NEPHRO_SCREEN-20250708,MOCK05119,DIAB_NEPHRO_SCREEN,2025-07-08,30.0,True,Research-generated IncentiveRewards mock,MyRewards Health Action Incentive,CARE_GAP_COMPLETION,USD
IR-MOCK05131-DIAB_NEPHRO_SCREEN-20250804,MOCK05131,DIAB_NEPHRO_SCREEN,2025-08-04,30.0,True,Research-generated IncentiveRewards mock,MyRewards Health Action Incentive,CARE_GAP_COMPLETION,USD
IR-MOCK05137-DIAB_NEPHRO_SCREEN-20250716,MOCK05137,DIAB_NEPHRO_SCREEN,2025-07-16,15.0,True,Research-generated IncentiveRewards mock,MyRewards Health Action Incentive,CARE_GAP_COMPLETION,USD
IR-MOCK05149-DIAB_NEPHRO_SCREEN-20250728,MOCK05149,DIAB_NEPHRO_SCREEN,2025-07-28,30.0,True,Research-generated IncentiveRewards mock,MyRewards Health Action Incentive,CARE_GAP_COMPLETION,USD
IR-MOCK05185-DIAB_NEPHRO_SCREEN-20250806,MOCK05185,DIAB_NEPHRO_SCREEN,2025-08-06,30.0,True,Research-generated IncentiveRewards mock,MyRewards Health Action Incentive,CARE_GAP_COMPLETION,USD
IR-MOCK05227-DIAB_NEPHRO_SCREEN-20250731,MOCK05227,DIAB_NEPHRO_SCREEN,2025-07-31,35.0,True,Research-generated IncentiveRewards mock,MyRewards Health Action Incentive,CARE_GAP_COMPLETION,USD
IR-MOCK05251-DIAB_NEPHRO_SCREEN-20250723,MOCK05251,DIAB_NEPHRO_SCREEN,2025-07-23,15.0,True,Research-generated IncentiveRewards mock,MyRewards Health Action Incentive,CARE_GAP_COMPLETION,USD
IR-MOCK05269-DIAB_NEPHRO_SCREEN-20250716,MOCK05269,DIAB_NEPHRO_SCREEN,2025-07-16,35.0,True,Research-generated IncentiveRewards mock,MyRewards Health Action Incentive,CARE_GAP_COMPLETION,USD
IR-MOCK05287-DIAB_NEPHRO_SCREEN-20250807,MOCK05287,DIAB_NEPHRO_SCREEN,2025-08-07,25.0,True,Research-generated IncentiveRewards mock,MyRewards Health Action Incentive,CARE_GAP_COMPLETION,USD
IR-MOCK05293-DIAB_NEPHRO_SCREEN-20250719,MOCK05293,DIAB_NEPHRO_SCREEN,2025-07-19,25.0,True,Research-generated IncentiveRewards mock,MyRewards Health Action Incentive,CARE_GAP_COMPLETION,USD
IR-MOCK05305-DIAB_NEPHRO_SCREEN-20250720,MOCK05305,DIAB_NEPHRO_SCREEN,2025-07-20,35.0,True,Research-generated IncentiveRewards mock,MyRewards Health Action Incentive,CARE_GAP_COMPLETION,USD
IR-MOCK05317-DIAB_NEPHRO_SCREEN-20250704,MOCK05317,DIAB_NEPHRO_SCREEN,2025-07-04,25.0,True,Research-generated IncentiveRewards mock,MyRewards Health Action Incentive,CARE_GAP_COMPLETION,USD
IR-MOCK05323-DIAB_NEPHRO_SCREEN-20250720,MOCK05323,DIAB_NEPHRO_SCREEN,2025-07-20,10.0,True,Research-generated IncentiveRewards mock,MyRewards Health Action Incentive,CARE_GAP_COMPLETION,USD
IR-MOCK05329-DIAB_NEPHRO_SCREEN-20250801,MOCK05329,DIAB_NEPHRO_SCREEN,2025-08-01,25.0,True,Research-generated IncentiveRewards mock,MyRewards Health Action Incentive,CARE_GAP_COMPLETION,USD
IR-MOCK05365-DIAB_NEPHRO_SCREEN-20250713,MOCK05365,DIAB_NEPHRO_SCREEN,2025-07-13,25.0,True,Research-generated IncentiveRewards mock,MyRewards Health Action Incentive,CARE_GAP_COMPLETION,USD
IR-MOCK05383-DIAB_NEPHRO_SCREEN-20250805,MOCK05383,DIAB_NEPHRO_SCREEN,2025-08-05,10.0,True,Research-generated IncentiveRewards mock,MyRewards Health Action Incentive,CARE_GAP_COMPLETION,USD
IR-MOCK05395-DIAB_NEPHRO_SCREEN-20250710,MOCK05395,DIAB_NEPHRO_SCREEN,2025-07-10,20.0,True,Research-generated IncentiveRewards mock,MyRewards Health Action Incentive,CARE_GAP_COMPLETION,USD
IR-MOCK05401-DIAB_NEPHRO_SCREEN-20250710,MOCK05401,DIAB_NEPHRO_SCREEN,2025-07-10,35.0,True,Research-generated IncentiveRewards mock,MyRewards Health Action Incentive,CARE_GAP_COMPLETION,USD
IR-MOCK05419-DIAB_NEPHRO_SCREEN-20250704,MOCK05419,DIAB_NEPHRO_SCREEN,2025-07-04,20.0,True,Research-generated IncentiveRewards mock,MyRewards Health Action Incentive,CARE_GAP_COMPLETION,USD
IR-MOCK05431-DIAB_NEPHRO_SCREEN-20250709,MOCK05431,DIAB_NEPHRO_SCREEN,2025-07-09,25.0,True,Research-generated IncentiveRewards mock,MyRewards Health Action Incentive,CARE_GAP_COMPLETION,USD
IR-MOCK05449-DIAB_NEPHRO_SCREEN-20250801,MOCK05449,DIAB_NEPHRO_SCREEN,2025-08-01,10.0,True,Research-generated IncentiveRewards mock,MyRewards Health Action Incentive,CARE_GAP_COMPLETION,USD
IR-MOCK05473-DIAB_NEPHRO_SCREEN-20250710,MOCK05473,DIAB_NEPHRO_SCREEN,2025-07-10,35.0,True,Research-generated IncentiveRewards mock,MyRewards Health Action Incentive,CARE_GAP_COMPLETION,USD
IR-MOCK05479-DIAB_NEPHRO_SCREEN-20250707,MOCK05479,DIAB_NEPHRO_SCREEN,2025-07-07,10.0,True,Research-generated IncentiveRewards mock,MyRewards Health Action Incentive,CARE_GAP_COMPLETION,USD
IR-MOCK05515-DIAB_NEPHRO_SCREEN-20250713,MOCK05515,DIAB_NEPHRO_SCREEN,2025-07-13,35.0,True,Research-generated IncentiveRewards mock,MyRewards Health Action Incentive,CARE_GAP_COMPLETION,USD
IR-MOCK05533-DIAB_NEPHRO_SCREEN-20250712,MOCK05533,DIAB_NEPHRO_SCREEN,2025-07-12,5.0,True,Research-generated IncentiveRewards mock,MyRewards Health Action Incentive,CARE_GAP_COMPLETION,USD
IR-MOCK05539-DIAB_NEPHRO_SCREEN-20250703,MOCK05539,DIAB_NEPHRO_SCREEN,2025-07-03,10.0,True,Research-generated IncentiveRewards mock,MyRewards Health Action Incentive,CARE_GAP_COMPLETION,USD
IR-MOCK05563-DIAB_NEPHRO_SCREEN-20250707,MOCK05563,DIAB_NEPHRO_SCREEN,2025-07-07,25.0,True,Research-generated IncentiveRewards mock,MyRewards Health Action Incentive,CARE_GAP_COMPLETION,USD
IR-MOCK05575-DIAB_NEPHRO_SCREEN-20250729,MOCK05575,DIAB_NEPHRO_SCREEN,2025-07-29,15.0,True,Research-generated IncentiveRewards mock,MyRewards Health Action Incentive,CARE_GAP_COMPLETION,USD
IR-MOCK05581-DIAB_NEPHRO_SCREEN-20250723,MOCK05581,DIAB_NEPHRO_SCREEN,2025-07-23,15.0,True,Research-generated IncentiveRewards mock,MyRewards Health Action Incentive,CARE_GAP_COMPLETION,USD
IR-MOCK05617-DIAB_NEPHRO_SCREEN-20250731,MOCK05617,DIAB_NEPHRO_SCREEN,2025-07-31,25.0,True,Research-generated IncentiveRewards mock,MyRewards Health Action Incentive,CARE_GAP_COMPLETION,USD
IR-MOCK05623-DIAB_NEPHRO_SCREEN-20250720,MOCK05623,DIAB_NEPHRO_SCREEN,2025-07-20,20.0,True,Research-generated IncentiveRewards mock,MyRewards Health Action Incentive,CARE_GAP_COMPLETION,USD
IR-MOCK05641-DIAB_NEPHRO_SCREEN-20250701,MOCK05641,DIAB_NEPHRO_SCREEN,2025-07-01,10.0,True,Research-generated IncentiveRewards mock,MyRewards Health Action Incentive,CARE_GAP_COMPLETION,USD
IR-MOCK05647-DIAB_NEPHRO_SCREEN-20250730,MOCK05647,DIAB_NEPHRO_SCREEN,2025-07-30,10.0,True,Research-generated IncentiveRewards mock,MyRewards Health Action Incentive,CARE_GAP_COMPLETION,USD
IR-MOCK05653-DIAB_NEPHRO_SCREEN-20250702,MOCK05653,DIAB_NEPHRO_SCREEN,2025-07-02,15.0,True,Research-generated IncentiveRewards mock,MyRewards Health Action Incentive,CARE_GAP_COMPLETION,USD
IR-MOCK05659-DIAB_NEPHRO_SCREEN-20250729,MOCK05659,DIAB_NEPHRO_SCREEN,2025-07-29,35.0,True,Research-generated IncentiveRewards mock,MyRewards Health Action Incentive,CARE_GAP_COMPLETION,USD
IR-MOCK05671-DIAB_NEPHRO_SCREEN-20250801,MOCK05671,DIAB_NEPHRO_SCREEN,2025-08-01,30.0,True,Research-generated IncentiveRewards mock,MyRewards Health Action Incentive,CARE_GAP_COMPLETION,USD
IR-MOCK05677-DIAB_NEPHRO_SCREEN-20250718,MOCK05677,DIAB_NEPHRO_SCREEN,2025-07-18,30.0,True,Research-generated IncentiveRewards mock,MyRewards Health Action Incentive,CARE_GAP_COMPLETION,USD
IR-MOCK05701-DIAB_NEPHRO_SCREEN-20250704,MOCK05701,DIAB_NEPHRO_SCREEN,2025-07-04,35.0,True,Research-generated IncentiveRewards mock,MyRewards Health Action Incentive,CARE_GAP_COMPLETION,USD
IR-MOCK05707-DIAB_NEPHRO_SCREEN-20250729,MOCK05707,DIAB_NEPHRO_SCREEN,2025-07-29,35.0,True,Research-generated IncentiveRewards mock,MyRewards Health Action Incentive,CARE_GAP_COMPLETION,USD
IR-MOCK05713-DIAB_NEPHRO_SCREEN-20250727,MOCK05713,DIAB_NEPHRO_SCREEN,2025-07-27,25.0,True,Research-generated IncentiveRewards mock,MyRewards Health Action Incentive,CARE_GAP_COMPLETION,USD
IR-MOCK05719-DIAB_NEPHRO_SCREEN-20250731,MOCK05719,DIAB_NEPHRO_SCREEN,2025-07-31,15.0,True,Research-generated IncentiveRewards mock,MyRewards Health Action Incentive,CARE_GAP_COMPLETION,USD
IR-MOCK05725-DIAB_NEPHRO_SCREEN-20250729,MOCK05725,DIAB_NEPHRO_SCREEN,2025-07-29,10.0,True,Research-generated IncentiveRewards mock,MyRewards Health Action Incentive,CARE_GAP_COMPLETION,USD
IR-MOCK05731-DIAB_NEPHRO_SCREEN-20250712,MOCK05731,DIAB_NEPHRO_SCREEN,2025-07-12,30.0,False,Research-generated IncentiveRewards mock,MyRewards Health Action Incentive,CARE_GAP_COMPLETION,USD
IR-MOCK05737-DIAB_NEPHRO_SCREEN-20250702,MOCK05737,DIAB_NEPHRO_SCREEN,2025-07-02,35.0,True,Research-generated IncentiveRewards mock,MyRewards Health Action Incentive,CARE_GAP_COMPLETION,USD
IR-MOCK05743-DIAB_NEPHRO_SCREEN-20250805,MOCK05743,DIAB_NEPHRO_SCREEN,2025-08-05,100.0,True,Research-generated IncentiveRewards mock,MyRewards Health Action Incentive,CARE_GAP_COMPLETION,USD
IR-MOCK05755-DIAB_NEPHRO_SCREEN-20250703,MOCK05755,DIAB_NEPHRO_SCREEN,2025-07-03,100.0,True,Research-generated IncentiveRewards mock,MyRewards Health Action Incentive,CARE_GAP_COMPLETION,USD
IR-MOCK05761-DIAB_NEPHRO_SCREEN-20250805,MOCK05761,DIAB_NEPHRO_SCREEN,2025-08-05,35.0,True,Research-generated IncentiveRewards mock,MyRewards Health Action Incentive,CARE_GAP_COMPLETION,USD
IR-MOCK05773-DIAB_NEPHRO_SCREEN-20250717,MOCK05773,DIAB_NEPHRO_SCREEN,2025-07-17,10.0,True,Research-generated IncentiveRewards mock,MyRewards Health Action Incentive,CARE_GAP_COMPLETION,USD
IR-MOCK05797-DIAB_NEPHRO_SCREEN-20250710,MOCK05797,DIAB_NEPHRO_SCREEN,2025-07-10,15.0,True,Research-generated IncentiveRewards mock,MyRewards Health Action Incentive,CARE_GAP_COMPLETION,USD
IR-MOCK05815-DIAB_NEPHRO_SCREEN-20250701,MOCK05815,DIAB_NEPHRO_SCREEN,2025-07-01,100.0,True,Research-generated IncentiveRewards mock,MyRewards Health Action Incentive,CARE_GAP_COMPLETION,USD
IR-MOCK05821-DIAB_NEPHRO_SCREEN-20250726,MOCK05821,DIAB_NEPHRO_SCREEN,2025-07-26,5.0,True,Research-generated IncentiveRewards mock,MyRewards Health Action Incentive,CARE_GAP_COMPLETION,USD
IR-MOCK05827-DIAB_NEPHRO_SCREEN-20250730,MOCK05827,DIAB_NEPHRO_SCREEN,2025-07-30,35.0,True,Research-generated IncentiveRewards mock,MyRewards Health Action Incentive,CARE_GAP_COMPLETION,USD
IR-MOCK05839-DIAB_NEPHRO_SCREEN-20250731,MOCK05839,DIAB_NEPHRO_SCREEN,2025-07-31,10.0,True,Research-generated IncentiveRewards mock,MyRewards Health Action Incentive,CARE_GAP_COMPLETION,USD
IR-MOCK05845-DIAB_NEPHRO_SCREEN-20250731,MOCK05845,DIAB_NEPHRO_SCREEN,2025-07-31,25.0,True,Research-generated IncentiveRewards mock,MyRewards Health Action Incentive,CARE_GAP_COMPLETION,USD
IR-MOCK05863-DIAB_NEPHRO_SCREEN-20250802,MOCK05863,DIAB_NEPHRO_SCREEN,2025-08-02,35.0,True,Research-generated IncentiveRewards mock,MyRewards Health Action Incentive,CARE_GAP_COMPLETION,USD
IR-MOCK05869-DIAB_NEPHRO_SCREEN-20250713,MOCK05869,DIAB_NEPHRO_SCREEN,2025-07-13,35.0,True,Research-generated IncentiveRewards mock,MyRewards Health Action Incentive,CARE_GAP_COMPLETION,USD
IR-MOCK05875-DIAB_NEPHRO_SCREEN-20250703,MOCK05875,DIAB_NEPHRO_SCREEN,2025-07-03,25.0,True,Research-generated IncentiveRewards mock,MyRewards Health Action Incentive,CARE_GAP_COMPLETION,USD
IR-MOCK05899-DIAB_NEPHRO_SCREEN-20250716,MOCK05899,DIAB_NEPHRO_SCREEN,2025-07-16,35.0,True,Research-generated IncentiveRewards mock,MyRewards Health Action Incentive,CARE_GAP_COMPLETION,USD
IR-MOCK05905-DIAB_NEPHRO_SCREEN-20250802,MOCK05905,DIAB_NEPHRO_SCREEN,2025-08-02,30.0,True,Research-generated IncentiveRewards mock,MyRewards Health Action Incentive,CARE_GAP_COMPLETION,USD
IR-MOCK05911-DIAB_NEPHRO_SCREEN-20250701,MOCK05911,DIAB_NEPHRO_SCREEN,2025-07-01,25.0,True,Research-generated IncentiveRewards mock,MyRewards Health Action Incentive,CARE_GAP_COMPLETION,USD
IR-MOCK05917-DIAB_NEPHRO_SCREEN-20250725,MOCK05917,DIAB_NEPHRO_SCREEN,2025-07-25,15.0,True,Research-generated IncentiveRewards mock,MyRewards Health Action Incentive,CARE_GAP_COMPLETION,USD
IR-MOCK05935-DIAB_NEPHRO_SCREEN-20250710,MOCK05935,DIAB_NEPHRO_SCREEN,2025-07-10,25.0,True,Research-generated IncentiveRewards mock,MyRewards Health Action Incentive,CARE_GAP_COMPLETION,USD
IR-MOCK05947-DIAB_NEPHRO_SCREEN-20250715,MOCK05947,DIAB_NEPHRO_SCREEN,2025-07-15,30.0,True,Research-generated IncentiveRewards mock,MyRewards Health Action Incentive,CARE_GAP_COMPLETION,USD
IR-MOCK05959-DIAB_NEPHRO_SCREEN-20250716,MOCK05959,DIAB_NEPHRO_SCREEN,2025-07-16,10.0,True,Research-generated IncentiveRewards mock,MyRewards Health Action Incentive,CARE_GAP_COMPLETION,USD
IR-MOCK05971-DIAB_NEPHRO_SCREEN-20250803,MOCK05971,DIAB_NEPHRO_SCREEN,2025-08-03,10.0,True,Research-generated IncentiveRewards mock,MyRewards Health Action Incentive,CARE_GAP_COMPLETION,USD
IR-MOCK06001-DIAB_NEPHRO_SCREEN-20250804,MOCK06001,DIAB_NEPHRO_SCREEN,2025-08-04,35.0,True,Research-generated IncentiveRewards mock,MyRewards Health Action Incentive,CARE_GAP_COMPLETION,USD
IR-MOCK06013-DIAB_NEPHRO_SCREEN-20250729,MOCK06013,DIAB_NEPHRO_SCREEN,2025-07-29,15.0,True,Research-generated IncentiveRewards mock,MyRewards Health Action Incentive,CARE_GAP_COMPLETION,USD
IR-MOCK06025-DIAB_NEPHRO_SCREEN-20250728,MOCK06025,DIAB_NEPHRO_SCREEN,2025-07-28,25.0,True,Research-generated IncentiveRewards mock,MyRewards Health Action Incentive,CARE_GAP_COMPLETION,USD
IR-MOCK06031-DIAB_NEPHRO_SCREEN-20250719,MOCK06031,DIAB_NEPHRO_SCREEN,2025-07-19,35.0,True,Research-generated IncentiveRewards mock,MyRewards Health Action Incentive,CARE_GAP_COMPLETION,USD
IR-MOCK06043-DIAB_NEPHRO_SCREEN-20250716,MOCK06043,DIAB_NEPHRO_SCREEN,2025-07-16,35.0,True,Research-generated IncentiveRewards mock,MyRewards Health Action Incentive,CARE_GAP_COMPLETION,USD
IR-MOCK06055-DIAB_NEPHRO_SCREEN-20250710,MOCK06055,DIAB_NEPHRO_SCREEN,2025-07-10,25.0,True,Research-generated IncentiveRewards mock,MyRewards Health Action Incentive,CARE_GAP_COMPLETION,USD
IR-MOCK06079-DIAB_NEPHRO_SCREEN-20250705,MOCK06079,DIAB_NEPHRO_SCREEN,2025-07-05,35.0,True,Research-generated IncentiveRewards mock,MyRewards Health Action Incentive,CARE_GAP_COMPLETION,USD
IR-MOCK06085-DIAB_NEPHRO_SCREEN-20250729,MOCK06085,DIAB_NEPHRO_SCREEN,2025-07-29,15.0,True,Research-generated IncentiveRewards mock,MyRewards Health Action Incentive,CARE_GAP_COMPLETION,USD
IR-MOCK06091-DIAB_NEPHRO_SCREEN-20250713,MOCK06091,DIAB_NEPHRO_SCREEN,2025-07-13,35.0,True,Research-generated IncentiveRewards mock,MyRewards Health Action Incentive,CARE_GAP_COMPLETION,USD
IR-MOCK06097-DIAB_NEPHRO_SCREEN-20250723,MOCK06097,DIAB_NEPHRO_SCREEN,2025-07-23,15.0,True,Research-generated IncentiveRewards mock,MyRewards Health Action Incentive,CARE_GAP_COMPLETION,USD
IR-MOCK06109-DIAB_NEPHRO_SCREEN-20250721,MOCK06109,DIAB_NEPHRO_SCREEN,2025-07-21,100.0,True,Research-generated IncentiveRewards mock,MyRewards Health Action Incentive,CARE_GAP_COMPLETION,USD
IR-MOCK06115-DIAB_NEPHRO_SCREEN-20250716,MOCK06115,DIAB_NEPHRO_SCREEN,2025-07-16,5.0,True,Research-generated IncentiveRewards mock,MyRewards Health Action Incentive,CARE_GAP_COMPLETION,USD
IR-MOCK06121-DIAB_NEPHRO_SCREEN-20250718,MOCK06121,DIAB_NEPHRO_SCREEN,2025-07-18,35.0,True,Research-generated IncentiveRewards mock,MyRewards Health Action Incentive,CARE_GAP_COMPLETION,USD
IR-MOCK06133-DIAB_NEPHRO_SCREEN-20250806,MOCK06133,DIAB_NEPHRO_SCREEN,2025-08-06,35.0,True,Research-generated IncentiveRewards mock,MyRewards Health Action Incentive,CARE_GAP_COMPLETION,USD
IR-MOCK06139-DIAB_NEPHRO_SCREEN-20250710,MOCK06139,DIAB_NEPHRO_SCREEN,2025-07-10,30.0,True,Research-generated IncentiveRewards mock,MyRewards Health Action Incentive,CARE_GAP_COMPLETION,USD
IR-MOCK06151-DIAB_NEPHRO_SCREEN-20250806,MOCK06151,DIAB_NEPHRO_SCREEN,2025-08-06,5.0,True,Research-generated IncentiveRewards mock,MyRewards Health Action Incentive,CARE_GAP_COMPLETION,USD
IR-MOCK06163-DIAB_NEPHRO_SCREEN-20250730,MOCK06163,DIAB_NEPHRO_SCREEN,2025-07-30,35.0,True,Research-generated IncentiveRewards mock,MyRewards Health Action Incentive,CARE_GAP_COMPLETION,USD
IR-MOCK06199-DIAB_NEPHRO_SCREEN-20250705,MOCK06199,DIAB_NEPHRO_SCREEN,2025-07-05,5.0,True,Research-generated IncentiveRewards mock,MyRewards Health Action Incentive,CARE_GAP_COMPLETION,USD
IR-MOCK06229-DIAB_NEPHRO_SCREEN-20250708,MOCK06229,DIAB_NEPHRO_SCREEN,2025-07-08,10.0,True,Research-generated IncentiveRewards mock,MyRewards Health Action Incentive,CARE_GAP_COMPLETION,USD
IR-MOCK06235-DIAB_NEPHRO_SCREEN-20250731,MOCK06235,DIAB_NEPHRO_SCREEN,2025-07-31,25.0,True,Research-generated IncentiveRewards mock,MyRewards Health Action Incentive,CARE_GAP_COMPLETION,USD
IR-MOCK06241-DIAB_NEPHRO_SCREEN-20250711,MOCK06241,DIAB_NEPHRO_SCREEN,2025-07-11,20.0,True,Research-generated IncentiveRewards mock,MyRewards Health Action Incentive,CARE_GAP_COMPLETION,USD
IR-MOCK06247-DIAB_NEPHRO_SCREEN-20250722,MOCK06247,DIAB_NEPHRO_SCREEN,2025-07-22,5.0,True,Research-generated IncentiveRewards mock,MyRewards Health Action Incentive,CARE_GAP_COMPLETION,USD
IR-MOCK06253-DIAB_NEPHRO_SCREEN-20250712,MOCK06253,DIAB_NEPHRO_SCREEN,2025-07-12,5.0,True,Research-generated IncentiveRewards mock,MyRewards Health Action Incentive,CARE_GAP_COMPLETION,USD
IR-MOCK06259-DIAB_NEPHRO_SCREEN-20250710,MOCK06259,DIAB_NEPHRO_SCREEN,2025-07-10,35.0,True,Research-generated IncentiveRewards mock,MyRewards Health Action Incentive,CARE_GAP_COMPLETION,USD
IR-MOCK06289-DIAB_NEPHRO_SCREEN-20250713,MOCK06289,DIAB_NEPHRO_SCREEN,2025-07-13,25.0,True,Research-generated IncentiveRewards mock,MyRewards Health Action Incentive,CARE_GAP_COMPLETION,USD
IR-MOCK06295-DIAB_NEPHRO_SCREEN-20250721,MOCK06295,DIAB_NEPHRO_SCREEN,2025-07-21,15.0,True,Research-generated IncentiveRewards mock,MyRewards Health Action Incentive,CARE_GAP_COMPLETION,USD
IR-MOCK06349-DIAB_NEPHRO_SCREEN-20250630,MOCK06349,DIAB_NEPHRO_SCREEN,2025-06-30,35.0,True,Research-generated IncentiveRewards mock,MyRewards Health Action Incentive,CARE_GAP_COMPLETION,USD
IR-MOCK06355-DIAB_NEPHRO_SCREEN-20250702,MOCK06355,DIAB_NEPHRO_SCREEN,2025-07-02,35.0,True,Research-generated IncentiveRewards mock,MyRewards Health Action Incentive,CARE_GAP_COMPLETION,USD
IR-MOCK06361-DIAB_NEPHRO_SCREEN-20250719,MOCK06361,DIAB_NEPHRO_SCREEN,2025-07-19,25.0,True,Research-generated IncentiveRewards mock,MyRewards Health Action Incentive,CARE_GAP_COMPLETION,USD
IR-MOCK06379-DIAB_NEPHRO_SCREEN-20250710,MOCK06379,DIAB_NEPHRO_SCREEN,2025-07-10,20.0,True,Research-generated IncentiveRewards mock,MyRewards Health Action Incentive,CARE_GAP_COMPLETION,USD
IR-MOCK06385-DIAB_NEPHRO_SCREEN-20250702,MOCK06385,DIAB_NEPHRO_SCREEN,2025-07-02,35.0,True,Research-generated IncentiveRewards mock,MyRewards Health Action Incentive,CARE_GAP_COMPLETION,USD
IR-MOCK06397-DIAB_NEPHRO_SCREEN-20250714,MOCK06397,DIAB_NEPHRO_SCREEN,2025-07-14,100.0,True,Research-generated IncentiveRewards mock,MyRewards Health Action Incentive,CARE_GAP_COMPLETION,USD
IR-MOCK06409-DIAB_NEPHRO_SCREEN-20250715,MOCK06409,DIAB_NEPHRO_SCREEN,2025-07-15,100.0,True,Research-generated IncentiveRewards mock,MyRewards Health Action Incentive,CARE_GAP_COMPLETION,USD
IR-MOCK06415-DIAB_NEPHRO_SCREEN-20250805,MOCK06415,DIAB_NEPHRO_SCREEN,2025-08-05,35.0,True,Research-generated IncentiveRewards mock,MyRewards Health Action Incentive,CARE_GAP_COMPLETION,USD
IR-MOCK06421-DIAB_NEPHRO_SCREEN-20250710,MOCK06421,DIAB_NEPHRO_SCREEN,2025-07-10,30.0,True,Research-generated IncentiveRewards mock,MyRewards Health Action Incentive,CARE_GAP_COMPLETION,USD
IR-MOCK06427-DIAB_NEPHRO_SCREEN-20250803,MOCK06427,DIAB_NEPHRO_SCREEN,2025-08-03,30.0,True,Research-generated IncentiveRewards mock,MyRewards Health Action Incentive,CARE_GAP_COMPLETION,USD
IR-MOCK06433-DIAB_NEPHRO_SCREEN-20250710,MOCK06433,DIAB_NEPHRO_SCREEN,2025-07-10,30.0,True,Research-generated IncentiveRewards mock,MyRewards Health Action Incentive,CARE_GAP_COMPLETION,USD
IR-MOCK06439-DIAB_NEPHRO_SCREEN-20250707,MOCK06439,DIAB_NEPHRO_SCREEN,2025-07-07,30.0,True,Research-generated IncentiveRewards mock,MyRewards Health Action Incentive,CARE_GAP_COMPLETION,USD
IR-MOCK06445-DIAB_NEPHRO_SCREEN-20250710,MOCK06445,DIAB_NEPHRO_SCREEN,2025-07-10,5.0,True,Research-generated IncentiveRewards mock,MyRewards Health Action Incentive,CARE_GAP_COMPLETION,USD
IR-MOCK06451-DIAB_NEPHRO_SCREEN-20250712,MOCK06451,DIAB_NEPHRO_SCREEN,2025-07-12,25.0,True,Research-generated IncentiveRewards mock,MyRewards Health Action Incentive,CARE_GAP_COMPLETION,USD
IR-MOCK06463-DIAB_NEPHRO_SCREEN-20250722,MOCK06463,DIAB_NEPHRO_SCREEN,2025-07-22,35.0,True,Research-generated IncentiveRewards mock,MyRewards Health Action Incentive,CARE_GAP_COMPLETION,USD
IR-MOCK06469-DIAB_NEPHRO_SCREEN-20250713,MOCK06469,DIAB_NEPHRO_SCREEN,2025-07-13,20.0,True,Research-generated IncentiveRewards mock,MyRewards Health Action Incentive,CARE_GAP_COMPLETION,USD
IR-MOCK06475-DIAB_NEPHRO_SCREEN-20250728,MOCK06475,DIAB_NEPHRO_SCREEN,2025-07-28,30.0,True,Research-generated IncentiveRewards mock,MyRewards Health Action Incentive,CARE_GAP_COMPLETION,USD
IR-MOCK06505-DIAB_NEPHRO_SCREEN-20250727,MOCK06505,DIAB_NEPHRO_SCREEN,2025-07-27,10.0,True,Research-generated IncentiveRewards mock,MyRewards Health Action Incentive,CARE_GAP_COMPLETION,USD
IR-MOCK06517-DIAB_NEPHRO_SCREEN-20250728,MOCK06517,DIAB_NEPHRO_SCREEN,2025-07-28,5.0,True,Research-generated IncentiveRewards mock,MyRewards Health Action Incentive,CARE_GAP_COMPLETION,USD
IR-MOCK06529-DIAB_NEPHRO_SCREEN-20250729,MOCK06529,DIAB_NEPHRO_SCREEN,2025-07-29,5.0,True,Research-generated IncentiveRewards mock,MyRewards Health Action Incentive,CARE_GAP_COMPLETION,USD
IR-MOCK06535-DIAB_NEPHRO_SCREEN-20250717,MOCK06535,DIAB_NEPHRO_SCREEN,2025-07-17,30.0,True,Research-generated IncentiveRewards mock,MyRewards Health Action Incentive,CARE_GAP_COMPLETION,USD
IR-MOCK06559-DIAB_NEPHRO_SCREEN-20250718,MOCK06559,DIAB_NEPHRO_SCREEN,2025-07-18,35.0,True,Research-generated IncentiveRewards mock,MyRewards Health Action Incentive,CARE_GAP_COMPLETION,USD
IR-MOCK06565-DIAB_NEPHRO_SCREEN-20250730,MOCK06565,DIAB_NEPHRO_SCREEN,2025-07-30,25.0,True,Research-generated IncentiveRewards mock,MyRewards Health Action Incentive,CARE_GAP_COMPLETION,USD
IR-MOCK06571-DIAB_NEPHRO_SCREEN-20250804,MOCK06571,DIAB_NEPHRO_SCREEN,2025-08-04,35.0,True,Research-generated IncentiveRewards mock,MyRewards Health Action Incentive,CARE_GAP_COMPLETION,USD
IR-MOCK06577-DIAB_NEPHRO_SCREEN-20250804,MOCK06577,DIAB_NEPHRO_SCREEN,2025-08-04,10.0,True,Research-generated IncentiveRewards mock,MyRewards Health Action Incentive,CARE_GAP_COMPLETION,USD
IR-MOCK06589-DIAB_NEPHRO_SCREEN-20250804,MOCK06589,DIAB_NEPHRO_SCREEN,2025-08-04,35.0,True,Research-generated IncentiveRewards mock,MyRewards Health Action Incentive,CARE_GAP_COMPLETION,USD
IR-MOCK06601-DIAB_NEPHRO_SCREEN-20250722,MOCK06601,DIAB_NEPHRO_SCREEN,2025-07-22,35.0,True,Research-generated IncentiveRewards mock,MyRewards Health Action Incentive,CARE_GAP_COMPLETION,USD
IR-MOCK06625-DIAB_NEPHRO_SCREEN-20250713,MOCK06625,DIAB_NEPHRO_SCREEN,2025-07-13,10.0,True,Research-generated IncentiveRewards mock,MyRewards Health Action Incentive,CARE_GAP_COMPLETION,USD
IR-MOCK06631-DIAB_NEPHRO_SCREEN-20250712,MOCK06631,DIAB_NEPHRO_SCREEN,2025-07-12,25.0,True,Research-generated IncentiveRewards mock,MyRewards Health Action Incentive,CARE_GAP_COMPLETION,USD
IR-MOCK06637-DIAB_NEPHRO_SCREEN-20250712,MOCK06637,DIAB_NEPHRO_SCREEN,2025-07-12,15.0,True,Research-generated IncentiveRewards mock,MyRewards Health Action Incentive,CARE_GAP_COMPLETION,USD
IR-MOCK06655-DIAB_NEPHRO_SCREEN-20250717,MOCK06655,DIAB_NEPHRO_SCREEN,2025-07-17,10.0,True,Research-generated IncentiveRewards mock,MyRewards Health Action Incentive,CARE_GAP_COMPLETION,USD
IR-MOCK06679-DIAB_NEPHRO_SCREEN-20250707,MOCK06679,DIAB_NEPHRO_SCREEN,2025-07-07,35.0,True,Research-generated IncentiveRewards mock,MyRewards Health Action Incentive,CARE_GAP_COMPLETION,USD
IR-MOCK06691-DIAB_NEPHRO_SCREEN-20250804,MOCK06691,DIAB_NEPHRO_SCREEN,2025-08-04,100.0,True,Research-generated IncentiveRewards mock,MyRewards Health Action Incentive,CARE_GAP_COMPLETION,USD
IR-MOCK06697-DIAB_NEPHRO_SCREEN-20250802,MOCK06697,DIAB_NEPHRO_SCREEN,2025-08-02,20.0,True,Research-generated IncentiveRewards mock,MyRewards Health Action Incentive,CARE_GAP_COMPLETION,USD
IR-MOCK06721-DIAB_NEPHRO_SCREEN-20250723,MOCK06721,DIAB_NEPHRO_SCREEN,2025-07-23,5.0,True,Research-generated IncentiveRewards mock,MyRewards Health Action Incentive,CARE_GAP_COMPLETION,USD
IR-MOCK06727-DIAB_NEPHRO_SCREEN-20250702,MOCK06727,DIAB_NEPHRO_SCREEN,2025-07-02,10.0,True,Research-generated IncentiveRewards mock,MyRewards Health Action Incentive,CARE_GAP_COMPLETION,USD
IR-MOCK06745-DIAB_NEPHRO_SCREEN-20250704,MOCK06745,DIAB_NEPHRO_SCREEN,2025-07-04,35.0,True,Research-generated IncentiveRewards mock,MyRewards Health Action Incentive,CARE_GAP_COMPLETION,USD
IR-MOCK06751-DIAB_NEPHRO_SCREEN-20250725,MOCK06751,DIAB_NEPHRO_SCREEN,2025-07-25,35.0,True,Research-generated IncentiveRewards mock,MyRewards Health Action Incentive,CARE_GAP_COMPLETION,USD
IR-MOCK06769-DIAB_NEPHRO_SCREEN-20250722,MOCK06769,DIAB_NEPHRO_SCREEN,2025-07-22,5.0,True,Research-generated IncentiveRewards mock,MyRewards Health Action Incentive,CARE_GAP_COMPLETION,USD
IR-MOCK06787-DIAB_NEPHRO_SCREEN-20250703,MOCK06787,DIAB_NEPHRO_SCREEN,2025-07-03,30.0,True,Research-generated IncentiveRewards mock,MyRewards Health Action Incentive,CARE_GAP_COMPLETION,USD
IR-MOCK06829-DIAB_NEPHRO_SCREEN-20250719,MOCK06829,DIAB_NEPHRO_SCREEN,2025-07-19,25.0,True,Research-generated IncentiveRewards mock,MyRewards Health Action Incentive,CARE_GAP_COMPLETION,USD
IR-MOCK06841-DIAB_NEPHRO_SCREEN-20250802,MOCK06841,DIAB_NEPHRO_SCREEN,2025-08-02,15.0,True,Research-generated IncentiveRewards mock,MyRewards Health Action Incentive,CARE_GAP_COMPLETION,USD
IR-MOCK06847-DIAB_NEPHRO_SCREEN-20250712,MOCK06847,DIAB_NEPHRO_SCREEN,2025-07-12,10.0,True,Research-generated IncentiveRewards mock,MyRewards Health Action Incentive,CARE_GAP_COMPLETION,USD
IR-MOCK06883-DIAB_NEPHRO_SCREEN-20250711,MOCK06883,DIAB_NEPHRO_SCREEN,2025-07-11,35.0,True,Research-generated IncentiveRewards mock,MyRewards Health Action Incentive,CARE_GAP_COMPLETION,USD
IR-MOCK06901-DIAB_NEPHRO_SCREEN-20250718,MOCK06901,DIAB_NEPHRO_SCREEN,2025-07-18,20.0,True,Research-generated IncentiveRewards mock,MyRewards Health Action Incentive,CARE_GAP_COMPLETION,USD
IR-MOCK06919-DIAB_NEPHRO_SCREEN-20250709,MOCK06919,DIAB_NEPHRO_SCREEN,2025-07-09,30.0,True,Research-generated IncentiveRewards mock,MyRewards Health Action Incentive,CARE_GAP_COMPLETION,USD
IR-MOCK06931-DIAB_NEPHRO_SCREEN-20250715,MOCK06931,DIAB_NEPHRO_SCREEN,2025-07-15,15.0,True,Research-generated IncentiveRewards mock,MyRewards Health Action Incentive,CARE_GAP_COMPLETION,USD
IR-MOCK06937-DIAB_NEPHRO_SCREEN-20250707,MOCK06937,DIAB_NEPHRO_SCREEN,2025-07-07,35.0,True,Research-generated IncentiveRewards mock,MyRewards Health Action Incentive,CARE_GAP_COMPLETION,USD
IR-MOCK06943-DIAB_NEPHRO_SCREEN-20250707,MOCK06943,DIAB_NEPHRO_SCREEN,2025-07-07,10.0,True,Research-generated IncentiveRewards mock,MyRewards Health Action Incentive,CARE_GAP_COMPLETION,USD
IR-MOCK06949-DIAB_NEPHRO_SCREEN-20250727,MOCK06949,DIAB_NEPHRO_SCREEN,2025-07-27,35.0,True,Research-generated IncentiveRewards mock,MyRewards Health Action Incentive,CARE_GAP_COMPLETION,USD
IR-MOCK06955-DIAB_NEPHRO_SCREEN-20250710,MOCK06955,DIAB_NEPHRO_SCREEN,2025-07-10,25.0,True,Research-generated IncentiveRewards mock,MyRewards Health Action Incentive,CARE_GAP_COMPLETION,USD
IR-MOCK06967-DIAB_NEPHRO_SCREEN-20250724,MOCK06967,DIAB_NEPHRO_SCREEN,2025-07-24,5.0,True,Research-generated IncentiveRewards mock,MyRewards Health Action Incentive,CARE_GAP_COMPLETION,USD
IR-MOCK06985-DIAB_NEPHRO_SCREEN-20250709,MOCK06985,DIAB_NEPHRO_SCREEN,2025-07-09,25.0,True,Research-generated IncentiveRewards mock,MyRewards Health Action Incentive,CARE_GAP_COMPLETION,USD
IR-MOCK06991-DIAB_NEPHRO_SCREEN-20250713,MOCK06991,DIAB_NEPHRO_SCREEN,2025-07-13,30.0,True,Research-generated IncentiveRewards mock,MyRewards Health Action Incentive,CARE_GAP_COMPLETION,USD
IR-MOCK07015-DIAB_NEPHRO_SCREEN-20250730,MOCK07015,DIAB_NEPHRO_SCREEN,2025-07-30,25.0,True,Research-generated IncentiveRewards mock,MyRewards Health Action Incentive,CARE_GAP_COMPLETION,USD
IR-MOCK07039-DIAB_NEPHRO_SCREEN-20250722,MOCK07039,DIAB_NEPHRO_SCREEN,2025-07-22,5.0,True,Research-generated IncentiveRewards mock,MyRewards Health Action Incentive,CARE_GAP_COMPLETION,USD
IR-MOCK07051-DIAB_NEPHRO_SCREEN-20250806,MOCK07051,DIAB_NEPHRO_SCREEN,2025-08-06,35.0,True,Research-generated IncentiveRewards mock,MyRewards Health Action Incentive,CARE_GAP_COMPLETION,USD
IR-MOCK07075-DIAB_NEPHRO_SCREEN-20250804,MOCK07075,DIAB_NEPHRO_SCREEN,2025-08-04,20.0,True,Research-generated IncentiveRewards mock,MyRewards Health Action Incentive,CARE_GAP_COMPLETION,USD
IR-MOCK07087-DIAB_NEPHRO_SCREEN-20250730,MOCK07087,DIAB_NEPHRO_SCREEN,2025-07-30,30.0,True,Research-generated IncentiveRewards mock,MyRewards Health Action Incentive,CARE_GAP_COMPLETION,USD
IR-MOCK07159-DIAB_NEPHRO_SCREEN-20250703,MOCK07159,DIAB_NEPHRO_SCREEN,2025-07-03,15.0,True,Research-generated IncentiveRewards mock,MyRewards Health Action Incentive,CARE_GAP_COMPLETION,USD
IR-MOCK07171-DIAB_NEPHRO_SCREEN-20250721,MOCK07171,DIAB_NEPHRO_SCREEN,2025-07-21,25.0,True,Research-generated IncentiveRewards mock,MyRewards Health Action Incentive,CARE_GAP_COMPLETION,USD
IR-MOCK07177-DIAB_NEPHRO_SCREEN-20250701,MOCK07177,DIAB_NEPHRO_SCREEN,2025-07-01,35.0,True,Research-generated IncentiveRewards mock,MyRewards Health Action Incentive,CARE_GAP_COMPLETION,USD
IR-MOCK07189-DIAB_NEPHRO_SCREEN-20250727,MOCK07189,DIAB_NEPHRO_SCREEN,2025-07-27,10.0,True,Research-generated IncentiveRewards mock,MyRewards Health Action Incentive,CARE_GAP_COMPLETION,USD
IR-MOCK07207-DIAB_NEPHRO_SCREEN-20250719,MOCK07207,DIAB_NEPHRO_SCREEN,2025-07-19,25.0,True,Research-generated IncentiveRewards mock,MyRewards Health Action Incentive,CARE_GAP_COMPLETION,USD
IR-MOCK07213-DIAB_NEPHRO_SCREEN-20250703,MOCK07213,DIAB_NEPHRO_SCREEN,2025-07-03,100.0,True,Research-generated IncentiveRewards mock,MyRewards Health Action Incentive,CARE_GAP_COMPLETION,USD
IR-MOCK07219-DIAB_NEPHRO_SCREEN-20250728,MOCK07219,DIAB_NEPHRO_SCREEN,2025-07-28,35.0,True,Research-generated IncentiveRewards mock,MyRewards Health Action Incentive,CARE_GAP_COMPLETION,USD
IR-MOCK07225-DIAB_NEPHRO_SCREEN-20250801,MOCK07225,DIAB_NEPHRO_SCREEN,2025-08-01,35.0,True,Research-generated IncentiveRewards mock,MyRewards Health Action Incentive,CARE_GAP_COMPLETION,USD
IR-MOCK07249-DIAB_NEPHRO_SCREEN-20250805,MOCK07249,DIAB_NEPHRO_SCREEN,2025-08-05,15.0,True,Research-generated IncentiveRewards mock,MyRewards Health Action Incentive,CARE_GAP_COMPLETION,USD
IR-MOCK07261-DIAB_NEPHRO_SCREEN-20250717,MOCK07261,DIAB_NEPHRO_SCREEN,2025-07-17,35.0,True,Research-generated IncentiveRewards mock,MyRewards Health Action Incentive,CARE_GAP_COMPLETION,USD
IR-MOCK07279-DIAB_NEPHRO_SCREEN-20250801,MOCK07279,DIAB_NEPHRO_SCREEN,2025-08-01,10.0,True,Research-generated IncentiveRewards mock,MyRewards Health Action Incentive,CARE_GAP_COMPLETION,USD
IR-MOCK07297-DIAB_NEPHRO_SCREEN-20250701,MOCK07297,DIAB_NEPHRO_SCREEN,2025-07-01,35.0,True,Research-generated IncentiveRewards mock,MyRewards Health Action Incentive,CARE_GAP_COMPLETION,USD
IR-MOCK07315-DIAB_NEPHRO_SCREEN-20250721,MOCK07315,DIAB_NEPHRO_SCREEN,2025-07-21,5.0,True,Research-generated IncentiveRewards mock,MyRewards Health Action Incentive,CARE_GAP_COMPLETION,USD
IR-MOCK07321-DIAB_NEPHRO_SCREEN-20250727,MOCK07321,DIAB_NEPHRO_SCREEN,2025-07-27,20.0,True,Research-generated IncentiveRewards mock,MyRewards Health Action Incentive,CARE_GAP_COMPLETION,USD
IR-MOCK07357-DIAB_NEPHRO_SCREEN-20250719,MOCK07357,DIAB_NEPHRO_SCREEN,2025-07-19,25.0,True,Research-generated IncentiveRewards mock,MyRewards Health Action Incentive,CARE_GAP_COMPLETION,USD
IR-MOCK07363-DIAB_NEPHRO_SCREEN-20250716,MOCK07363,DIAB_NEPHRO_SCREEN,2025-07-16,30.0,True,Research-generated IncentiveRewards mock,MyRewards Health Action Incentive,CARE_GAP_COMPLETION,USD
IR-MOCK07369-DIAB_NEPHRO_SCREEN-20250630,MOCK07369,DIAB_NEPHRO_SCREEN,2025-06-30,35.0,True,Research-generated IncentiveRewards mock,MyRewards Health Action Incentive,CARE_GAP_COMPLETION,USD
IR-MOCK07393-DIAB_NEPHRO_SCREEN-20250727,MOCK07393,DIAB_NEPHRO_SCREEN,2025-07-27,5.0,True,Research-generated IncentiveRewards mock,MyRewards Health Action Incentive,CARE_GAP_COMPLETION,USD
IR-MOCK07411-DIAB_NEPHRO_SCREEN-20250707,MOCK07411,DIAB_NEPHRO_SCREEN,2025-07-07,35.0,True,Research-generated IncentiveRewards mock,MyRewards Health Action Incentive,CARE_GAP_COMPLETION,USD
IR-MOCK07417-DIAB_NEPHRO_SCREEN-20250726,MOCK07417,DIAB_NEPHRO_SCREEN,2025-07-26,100.0,True,Research-generated IncentiveRewards mock,MyRewards Health Action Incentive,CARE_GAP_COMPLETION,USD
IR-MOCK07441-DIAB_NEPHRO_SCREEN-20250727,MOCK07441,DIAB_NEPHRO_SCREEN,2025-07-27,20.0,False,Research-generated IncentiveRewards mock,MyRewards Health Action Incentive,CARE_GAP_COMPLETION,USD
IR-MOCK07453-DIAB_NEPHRO_SCREEN-20250703,MOCK07453,DIAB_NEPHRO_SCREEN,2025-07-03,30.0,True,Research-generated IncentiveRewards mock,MyRewards Health Action Incentive,CARE_GAP_COMPLETION,USD
IR-MOCK07459-DIAB_NEPHRO_SCREEN-20250707,MOCK07459,DIAB_NEPHRO_SCREEN,2025-07-07,10.0,True,Research-generated IncentiveRewards mock,MyRewards Health Action Incentive,CARE_GAP_COMPLETION,USD
IR-MOCK07471-DIAB_NEPHRO_SCREEN-20250711,MOCK07471,DIAB_NEPHRO_SCREEN,2025-07-11,35.0,True,Research-generated IncentiveRewards mock,MyRewards Health Action Incentive,CARE_GAP_COMPLETION,USD
IR-MOCK07489-DIAB_NEPHRO_SCREEN-20250706,MOCK07489,DIAB_NEPHRO_SCREEN,2025-07-06,25.0,True,Research-generated IncentiveRewards mock,MyRewards Health Action Incentive,CARE_GAP_COMPLETION,USD
IR-MOCK07495-DIAB_NEPHRO_SCREEN-20250727,MOCK07495,DIAB_NEPHRO_SCREEN,2025-07-27,25.0,True,Research-generated IncentiveRewards mock,MyRewards Health Action Incentive,CARE_GAP_COMPLETION,USD
IR-MOCK07507-DIAB_NEPHRO_SCREEN-20250723,MOCK07507,DIAB_NEPHRO_SCREEN,2025-07-23,25.0,True,Research-generated IncentiveRewards mock,MyRewards Health Action Incentive,CARE_GAP_COMPLETION,USD
IR-MOCK07513-DIAB_NEPHRO_SCREEN-20250708,MOCK07513,DIAB_NEPHRO_SCREEN,2025-07-08,25.0,True,Research-generated IncentiveRewards mock,MyRewards Health Action Incentive,CARE_GAP_COMPLETION,USD
IR-MOCK07519-DIAB_NEPHRO_SCREEN-20250711,MOCK07519,DIAB_NEPHRO_SCREEN,2025-07-11,35.0,True,Research-generated IncentiveRewards mock,MyRewards Health Action Incentive,CARE_GAP_COMPLETION,USD
IR-MOCK07525-DIAB_NEPHRO_SCREEN-20250723,MOCK07525,DIAB_NEPHRO_SCREEN,2025-07-23,10.0,True,Research-generated IncentiveRewards mock,MyRewards Health Action Incentive,CARE_GAP_COMPLETION,USD
IR-MOCK07543-DIAB_NEPHRO_SCREEN-20250701,MOCK07543,DIAB_NEPHRO_SCREEN,2025-07-01,35.0,True,Research-generated IncentiveRewards mock,MyRewards Health Action Incentive,CARE_GAP_COMPLETION,USD
IR-MOCK07555-DIAB_NEPHRO_SCREEN-20250728,MOCK07555,DIAB_NEPHRO_SCREEN,2025-07-28,30.0,True,Research-generated IncentiveRewards mock,MyRewards Health Action Incentive,CARE_GAP_COMPLETION,USD
IR-MOCK07567-DIAB_NEPHRO_SCREEN-20250701,MOCK07567,DIAB_NEPHRO_SCREEN,2025-07-01,35.0,True,Research-generated IncentiveRewards mock,MyRewards Health Action Incentive,CARE_GAP_COMPLETION,USD
IR-MOCK07579-DIAB_NEPHRO_SCREEN-20250630,MOCK07579,DIAB_NEPHRO_SCREEN,2025-06-30,30.0,True,Research-generated IncentiveRewards mock,MyRewards Health Action Incentive,CARE_GAP_COMPLETION,USD
IR-MOCK07591-DIAB_NEPHRO_SCREEN-20250728,MOCK07591,DIAB_NEPHRO_SCREEN,2025-07-28,10.0,True,Research-generated IncentiveRewards mock,MyRewards Health Action Incentive,CARE_GAP_COMPLETION,USD
IR-MOCK07603-DIAB_NEPHRO_SCREEN-20250806,MOCK07603,DIAB_NEPHRO_SCREEN,2025-08-06,35.0,True,Research-generated IncentiveRewards mock,MyRewards Health Action Incentive,CARE_GAP_COMPLETION,USD
IR-MOCK07621-DIAB_NEPHRO_SCREEN-20250708,MOCK07621,DIAB_NEPHRO_SCREEN,2025-07-08,25.0,True,Research-generated IncentiveRewards mock,MyRewards Health Action Incentive,CARE_GAP_COMPLETION,USD
IR-MOCK07627-DIAB_NEPHRO_SCREEN-20250718,MOCK07627,DIAB_NEPHRO_SCREEN,2025-07-18,25.0,True,Research-generated IncentiveRewards mock,MyRewards Health Action Incentive,CARE_GAP_COMPLETION,USD
IR-MOCK07633-DIAB_NEPHRO_SCREEN-20250709,MOCK07633,DIAB_NEPHRO_SCREEN,2025-07-09,15.0,True,Research-generated IncentiveRewards mock,MyRewards Health Action Incentive,CARE_GAP_COMPLETION,USD
IR-MOCK07657-DIAB_NEPHRO_SCREEN-20250703,MOCK07657,DIAB_NEPHRO_SCREEN,2025-07-03,25.0,True,Research-generated IncentiveRewards mock,MyRewards Health Action Incentive,CARE_GAP_COMPLETION,USD
IR-MOCK07669-DIAB_NEPHRO_SCREEN-20250730,MOCK07669,DIAB_NEPHRO_SCREEN,2025-07-30,35.0,True,Research-generated IncentiveRewards mock,MyRewards Health Action Incentive,CARE_GAP_COMPLETION,USD
IR-MOCK07675-DIAB_NEPHRO_SCREEN-20250720,MOCK07675,DIAB_NEPHRO_SCREEN,2025-07-20,35.0,True,Research-generated IncentiveRewards mock,MyRewards Health Action Incentive,CARE_GAP_COMPLETION,USD
IR-MOCK07681-DIAB_NEPHRO_SCREEN-20250721,MOCK07681,DIAB_NEPHRO_SCREEN,2025-07-21,35.0,True,Research-generated IncentiveRewards mock,MyRewards Health Action Incentive,CARE_GAP_COMPLETION,USD
IR-MOCK07705-DIAB_NEPHRO_SCREEN-20250724,MOCK07705,DIAB_NEPHRO_SCREEN,2025-07-24,30.0,True,Research-generated IncentiveRewards mock,MyRewards Health Action Incentive,CARE_GAP_COMPLETION,USD
IR-MOCK07711-DIAB_NEPHRO_SCREEN-20250804,MOCK07711,DIAB_NEPHRO_SCREEN,2025-08-04,25.0,True,Research-generated IncentiveRewards mock,MyRewards Health Action Incentive,CARE_GAP_COMPLETION,USD
IR-MOCK07729-DIAB_NEPHRO_SCREEN-20250801,MOCK07729,DIAB_NEPHRO_SCREEN,2025-08-01,25.0,True,Research-generated IncentiveRewards mock,MyRewards Health Action Incentive,CARE_GAP_COMPLETION,USD
IR-MOCK07735-DIAB_NEPHRO_SCREEN-20250703,MOCK07735,DIAB_NEPHRO_SCREEN,2025-07-03,100.0,True,Research-generated IncentiveRewards mock,MyRewards Health Action Incentive,CARE_GAP_COMPLETION,USD
IR-MOCK07759-DIAB_NEPHRO_SCREEN-20250707,MOCK07759,DIAB_NEPHRO_SCREEN,2025-07-07,35.0,True,Research-generated IncentiveRewards mock,MyRewards Health Action Incentive,CARE_GAP_COMPLETION,USD
IR-MOCK07771-DIAB_NEPHRO_SCREEN-20250713,MOCK07771,DIAB_NEPHRO_SCREEN,2025-07-13,35.0,True,Research-generated IncentiveRewards mock,MyRewards Health Action Incentive,CARE_GAP_COMPLETION,USD
IR-MOCK07783-DIAB_NEPHRO_SCREEN-20250711,MOCK07783,DIAB_NEPHRO_SCREEN,2025-07-11,35.0,True,Research-generated IncentiveRewards mock,MyRewards Health Action Incentive,CARE_GAP_COMPLETION,USD
IR-MOCK07789-DIAB_NEPHRO_SCREEN-20250710,MOCK07789,DIAB_NEPHRO_SCREEN,2025-07-10,30.0,True,Research-generated IncentiveRewards mock,MyRewards Health Action Incentive,CARE_GAP_COMPLETION,USD
IR-MOCK07801-DIAB_NEPHRO_SCREEN-20250703,MOCK07801,DIAB_NEPHRO_SCREEN,2025-07-03,10.0,True,Research-generated IncentiveRewards mock,MyRewards Health Action Incentive,CARE_GAP_COMPLETION,USD
IR-MOCK07807-DIAB_NEPHRO_SCREEN-20250729,MOCK07807,DIAB_NEPHRO_SCREEN,2025-07-29,35.0,True,Research-generated IncentiveRewards mock,MyRewards Health Action Incentive,CARE_GAP_COMPLETION,USD
IR-MOCK07831-DIAB_NEPHRO_SCREEN-20250804,MOCK07831,DIAB_NEPHRO_SCREEN,2025-08-04,20.0,True,Research-generated IncentiveRewards mock,MyRewards Health Action Incentive,CARE_GAP_COMPLETION,USD
IR-MOCK07837-DIAB_NEPHRO_SCREEN-20250801,MOCK07837,DIAB_NEPHRO_SCREEN,2025-08-01,20.0,True,Research-generated IncentiveRewards mock,MyRewards Health Action Incentive,CARE_GAP_COMPLETION,USD
IR-MOCK07849-DIAB_NEPHRO_SCREEN-20250806,MOCK07849,DIAB_NEPHRO_SCREEN,2025-08-06,100.0,True,Research-generated IncentiveRewards mock,MyRewards Health Action Incentive,CARE_GAP_COMPLETION,USD
IR-MOCK07855-DIAB_NEPHRO_SCREEN-20250702,MOCK07855,DIAB_NEPHRO_SCREEN,2025-07-02,25.0,True,Research-generated IncentiveRewards mock,MyRewards Health Action Incentive,CARE_GAP_COMPLETION,USD
IR-MOCK07873-DIAB_NEPHRO_SCREEN-20250729,MOCK07873,DIAB_NEPHRO_SCREEN,2025-07-29,10.0,True,Research-generated IncentiveRewards mock,MyRewards Health Action Incentive,CARE_GAP_COMPLETION,USD
IR-MOCK07891-DIAB_NEPHRO_SCREEN-20250710,MOCK07891,DIAB_NEPHRO_SCREEN,2025-07-10,30.0,True,Research-generated IncentiveRewards mock,MyRewards Health Action Incentive,CARE_GAP_COMPLETION,USD
IR-MOCK07903-DIAB_NEPHRO_SCREEN-20250807,MOCK07903,DIAB_NEPHRO_SCREEN,2025-08-07,25.0,True,Research-generated IncentiveRewards mock,MyRewards Health Action Incentive,CARE_GAP_COMPLETION,USD
IR-MOCK07909-DIAB_NEPHRO_SCREEN-20250712,MOCK07909,DIAB_NEPHRO_SCREEN,2025-07-12,35.0,True,Research-generated IncentiveRewards mock,MyRewards Health Action Incentive,CARE_GAP_COMPLETION,USD
IR-MOCK07927-DIAB_NEPHRO_SCREEN-20250707,MOCK07927,DIAB_NEPHRO_SCREEN,2025-07-07,35.0,True,Research-generated IncentiveRewards mock,MyRewards Health Action Incentive,CARE_GAP_COMPLETION,USD
IR-MOCK07945-DIAB_NEPHRO_SCREEN-20250716,MOCK07945,DIAB_NEPHRO_SCREEN,2025-07-16,30.0,True,Research-generated IncentiveRewards mock,MyRewards Health Action Incentive,CARE_GAP_COMPLETION,USD
IR-MOCK07963-DIAB_NEPHRO_SCREEN-20250722,MOCK07963,DIAB_NEPHRO_SCREEN,2025-07-22,10.0,True,Research-generated IncentiveRewards mock,MyRewards Health Action Incentive,CARE_GAP_COMPLETION,USD
IR-MOCK07987-DIAB_NEPHRO_SCREEN-20250801,MOCK07987,DIAB_NEPHRO_SCREEN,2025-08-01,35.0,True,Research-generated IncentiveRewards mock,MyRewards Health Action Incentive,CARE_GAP_COMPLETION,USD
IR-MOCK07993-DIAB_NEPHRO_SCREEN-20250711,MOCK07993,DIAB_NEPHRO_SCREEN,2025-07-11,35.0,True,Research-generated IncentiveRewards mock,MyRewards Health Action Incentive,CARE_GAP_COMPLETION,USD
IR-MOCK07999-DIAB_NEPHRO_SCREEN-20250705,MOCK07999,DIAB_NEPHRO_SCREEN,2025-07-05,20.0,True,Research-generated IncentiveRewards mock,MyRewards Health Action Incentive,CARE_GAP_COMPLETION,USD
IR-MOCK08029-DIAB_NEPHRO_SCREEN-20250708,MOCK08029,DIAB_NEPHRO_SCREEN,2025-07-08,30.0,True,Research-generated IncentiveRewards mock,MyRewards Health Action Incentive,CARE_GAP_COMPLETION,USD
IR-MOCK08035-DIAB_NEPHRO_SCREEN-20250802,MOCK08035,DIAB_NEPHRO_SCREEN,2025-08-02,10.0,True,Research-generated IncentiveRewards mock,MyRewards Health Action Incentive,CARE_GAP_COMPLETION,USD
IR-MOCK08059-DIAB_NEPHRO_SCREEN-20250722,MOCK08059,DIAB_NEPHRO_SCREEN,2025-07-22,30.0,True,Research-generated IncentiveRewards mock,MyRewards Health Action Incentive,CARE_GAP_COMPLETION,USD
IR-MOCK08065-DIAB_NEPHRO_SCREEN-20250725,MOCK08065,DIAB_NEPHRO_SCREEN,2025-07-25,35.0,True,Research-generated IncentiveRewards mock,MyRewards Health Action Incentive,CARE_GAP_COMPLETION,USD
IR-MOCK08077-DIAB_NEPHRO_SCREEN-20250712,MOCK08077,DIAB_NEPHRO_SCREEN,2025-07-12,10.0,True,Research-generated IncentiveRewards mock,MyRewards Health Action Incentive,CARE_GAP_COMPLETION,USD
IR-MOCK08083-DIAB_NEPHRO_SCREEN-20250706,MOCK08083,DIAB_NEPHRO_SCREEN,2025-07-06,25.0,True,Research-generated IncentiveRewards mock,MyRewards Health Action Incentive,CARE_GAP_COMPLETION,USD
IR-MOCK08119-DIAB_NEPHRO_SCREEN-20250711,MOCK08119,DIAB_NEPHRO_SCREEN,2025-07-11,10.0,True,Research-generated IncentiveRewards mock,MyRewards Health Action Incentive,CARE_GAP_COMPLETION,USD
IR-MOCK08137-DIAB_NEPHRO_SCREEN-20250630,MOCK08137,DIAB_NEPHRO_SCREEN,2025-06-30,35.0,True,Research-generated IncentiveRewards mock,MyRewards Health Action Incentive,CARE_GAP_COMPLETION,USD
IR-MOCK08155-DIAB_NEPHRO_SCREEN-20250802,MOCK08155,DIAB_NEPHRO_SCREEN,2025-08-02,10.0,True,Research-generated IncentiveRewards mock,MyRewards Health Action Incentive,CARE_GAP_COMPLETION,USD
IR-MOCK08173-DIAB_NEPHRO_SCREEN-20250702,MOCK08173,DIAB_NEPHRO_SCREEN,2025-07-02,15.0,True,Research-generated IncentiveRewards mock,MyRewards Health Action Incentive,CARE_GAP_COMPLETION,USD
IR-MOCK08179-DIAB_NEPHRO_SCREEN-20250703,MOCK08179,DIAB_NEPHRO_SCREEN,2025-07-03,35.0,True,Research-generated IncentiveRewards mock,MyRewards Health Action Incentive,CARE_GAP_COMPLETION,USD
IR-MOCK08191-DIAB_NEPHRO_SCREEN-20250630,MOCK08191,DIAB_NEPHRO_SCREEN,2025-06-30,35.0,True,Research-generated IncentiveRewards mock,MyRewards Health Action Incentive,CARE_GAP_COMPLETION,USD
IR-MOCK08197-DIAB_NEPHRO_SCREEN-20250803,MOCK08197,DIAB_NEPHRO_SCREEN,2025-08-03,25.0,True,Research-generated IncentiveRewards mock,MyRewards Health Action Incentive,CARE_GAP_COMPLETION,USD
IR-MOCK08239-DIAB_NEPHRO_SCREEN-20250721,MOCK08239,DIAB_NEPHRO_SCREEN,2025-07-21,15.0,True,Research-generated IncentiveRewards mock,MyRewards Health Action Incentive,CARE_GAP_COMPLETION,USD
IR-MOCK08251-DIAB_NEPHRO_SCREEN-20250716,MOCK08251,DIAB_NEPHRO_SCREEN,2025-07-16,25.0,True,Research-generated IncentiveRewards mock,MyRewards Health Action Incentive,CARE_GAP_COMPLETION,USD
IR-MOCK08269-DIAB_NEPHRO_SCREEN-20250803,MOCK08269,DIAB_NEPHRO_SCREEN,2025-08-03,15.0,True,Research-generated IncentiveRewards mock,MyRewards Health Action Incentive,CARE_GAP_COMPLETION,USD
IR-MOCK08293-DIAB_NEPHRO_SCREEN-20250803,MOCK08293,DIAB_NEPHRO_SCREEN,2025-08-03,10.0,True,Research-generated IncentiveRewards mock,MyRewards Health Action Incentive,CARE_GAP_COMPLETION,USD
IR-MOCK08305-DIAB_NEPHRO_SCREEN-20250715,MOCK08305,DIAB_NEPHRO_SCREEN,2025-07-15,100.0,True,Research-generated IncentiveRewards mock,MyRewards Health Action Incentive,CARE_GAP_COMPLETION,USD
IR-MOCK08323-DIAB_NEPHRO_SCREEN-20250801,MOCK08323,DIAB_NEPHRO_SCREEN,2025-08-01,25.0,True,Research-generated IncentiveRewards mock,MyRewards Health Action Incentive,CARE_GAP_COMPLETION,USD
IR-MOCK08329-DIAB_NEPHRO_SCREEN-20250805,MOCK08329,DIAB_NEPHRO_SCREEN,2025-08-05,15.0,True,Research-generated IncentiveRewards mock,MyRewards Health Action Incentive,CARE_GAP_COMPLETION,USD
IR-MOCK08347-DIAB_NEPHRO_SCREEN-20250718,MOCK08347,DIAB_NEPHRO_SCREEN,2025-07-18,25.0,True,Research-generated IncentiveRewards mock,MyRewards Health Action Incentive,CARE_GAP_COMPLETION,USD
IR-MOCK08365-DIAB_NEPHRO_SCREEN-20250704,MOCK08365,DIAB_NEPHRO_SCREEN,2025-07-04,35.0,True,Research-generated IncentiveRewards mock,MyRewards Health Action Incentive,CARE_GAP_COMPLETION,USD
IR-MOCK08377-DIAB_NEPHRO_SCREEN-20250804,MOCK08377,DIAB_NEPHRO_SCREEN,2025-08-04,10.0,True,Research-generated IncentiveRewards mock,MyRewards Health Action Incentive,CARE_GAP_COMPLETION,USD
IR-MOCK08383-DIAB_NEPHRO_SCREEN-20250726,MOCK08383,DIAB_NEPHRO_SCREEN,2025-07-26,15.0,True,Research-generated IncentiveRewards mock,MyRewards Health Action Incentive,CARE_GAP_COMPLETION,USD
IR-MOCK08395-DIAB_NEPHRO_SCREEN-20250710,MOCK08395,DIAB_NEPHRO_SCREEN,2025-07-10,35.0,True,Research-generated IncentiveRewards mock,MyRewards Health Action Incentive,CARE_GAP_COMPLETION,USD
IR-MOCK08419-DIAB_NEPHRO_SCREEN-20250714,MOCK08419,DIAB_NEPHRO_SCREEN,2025-07-14,30.0,True,Research-generated IncentiveRewards mock,MyRewards Health Action Incentive,CARE_GAP_COMPLETION,USD
IR-MOCK08425-DIAB_NEPHRO_SCREEN-20250713,MOCK08425,DIAB_NEPHRO_SCREEN,2025-07-13,30.0,True,Research-generated IncentiveRewards mock,MyRewards Health Action Incentive,CARE_GAP_COMPLETION,USD
IR-MOCK08449-DIAB_NEPHRO_SCREEN-20250716,MOCK08449,DIAB_NEPHRO_SCREEN,2025-07-16,100.0,True,Research-generated IncentiveRewards mock,MyRewards Health Action Incentive,CARE_GAP_COMPLETION,USD
IR-MOCK08455-DIAB_NEPHRO_SCREEN-20250712,MOCK08455,DIAB_NEPHRO_SCREEN,2025-07-12,100.0,True,Research-generated IncentiveRewards mock,MyRewards Health Action Incentive,CARE_GAP_COMPLETION,USD
IR-MOCK08461-DIAB_NEPHRO_SCREEN-20250727,MOCK08461,DIAB_NEPHRO_SCREEN,2025-07-27,10.0,True,Research-generated IncentiveRewards mock,MyRewards Health Action Incentive,CARE_GAP_COMPLETION,USD
IR-MOCK08473-DIAB_NEPHRO_SCREEN-20250729,MOCK08473,DIAB_NEPHRO_SCREEN,2025-07-29,15.0,True,Research-generated IncentiveRewards mock,MyRewards Health Action Incentive,CARE_GAP_COMPLETION,USD
IR-MOCK08491-DIAB_NEPHRO_SCREEN-20250714,MOCK08491,DIAB_NEPHRO_SCREEN,2025-07-14,30.0,True,Research-generated IncentiveRewards mock,MyRewards Health Action Incentive,CARE_GAP_COMPLETION,USD
IR-MOCK08515-DIAB_NEPHRO_SCREEN-20250803,MOCK08515,DIAB_NEPHRO_SCREEN,2025-08-03,10.0,True,Research-generated IncentiveRewards mock,MyRewards Health Action Incentive,CARE_GAP_COMPLETION,USD
IR-MOCK08527-DIAB_NEPHRO_SCREEN-20250723,MOCK08527,DIAB_NEPHRO_SCREEN,2025-07-23,10.0,True,Research-generated IncentiveRewards mock,MyRewards Health Action Incentive,CARE_GAP_COMPLETION,USD
IR-MOCK08545-DIAB_NEPHRO_SCREEN-20250717,MOCK08545,DIAB_NEPHRO_SCREEN,2025-07-17,30.0,True,Research-generated IncentiveRewards mock,MyRewards Health Action Incentive,CARE_GAP_COMPLETION,USD
IR-MOCK08563-DIAB_NEPHRO_SCREEN-20250802,MOCK08563,DIAB_NEPHRO_SCREEN,2025-08-02,5.0,True,Research-generated IncentiveRewards mock,MyRewards Health Action Incentive,CARE_GAP_COMPLETION,USD
IR-MOCK08575-DIAB_NEPHRO_SCREEN-20250709,MOCK08575,DIAB_NEPHRO_SCREEN,2025-07-09,30.0,True,Research-generated IncentiveRewards mock,MyRewards Health Action Incentive,CARE_GAP_COMPLETION,USD
IR-MOCK08611-DIAB_NEPHRO_SCREEN-20250701,MOCK08611,DIAB_NEPHRO_SCREEN,2025-07-01,15.0,True,Research-generated IncentiveRewards mock,MyRewards Health Action Incentive,CARE_GAP_COMPLETION,USD
IR-MOCK08617-DIAB_NEPHRO_SCREEN-20250711,MOCK08617,DIAB_NEPHRO_SCREEN,2025-07-11,25.0,True,Research-generated IncentiveRewards mock,MyRewards Health Action Incentive,CARE_GAP_COMPLETION,USD
IR-MOCK08623-DIAB_NEPHRO_SCREEN-20250729,MOCK08623,DIAB_NEPHRO_SCREEN,2025-07-29,35.0,True,Research-generated IncentiveRewards mock,MyRewards Health Action Incentive,CARE_GAP_COMPLETION,USD
IR-MOCK08647-DIAB_NEPHRO_SCREEN-20250701,MOCK08647,DIAB_NEPHRO_SCREEN,2025-07-01,30.0,True,Research-generated IncentiveRewards mock,MyRewards Health Action Incentive,CARE_GAP_COMPLETION,USD
IR-MOCK08653-DIAB_NEPHRO_SCREEN-20250713,MOCK08653,DIAB_NEPHRO_SCREEN,2025-07-13,10.0,True,Research-generated IncentiveRewards mock,MyRewards Health Action Incentive,CARE_GAP_COMPLETION,USD
IR-MOCK08665-DIAB_NEPHRO_SCREEN-20250704,MOCK08665,DIAB_NEPHRO_SCREEN,2025-07-04,30.0,True,Research-generated IncentiveRewards mock,MyRewards Health Action Incentive,CARE_GAP_COMPLETION,USD
IR-MOCK08677-DIAB_NEPHRO_SCREEN-20250802,MOCK08677,DIAB_NEPHRO_SCREEN,2025-08-02,25.0,True,Research-generated IncentiveRewards mock,MyRewards Health Action Incentive,CARE_GAP_COMPLETION,USD
IR-MOCK08683-DIAB_NEPHRO_SCREEN-20250723,MOCK08683,DIAB_NEPHRO_SCREEN,2025-07-23,25.0,True,Research-generated IncentiveRewards mock,MyRewards Health Action Incentive,CARE_GAP_COMPLETION,USD
IR-MOCK08713-DIAB_NEPHRO_SCREEN-20250721,MOCK08713,DIAB_NEPHRO_SCREEN,2025-07-21,5.0,True,Research-generated IncentiveRewards mock,MyRewards Health Action Incentive,CARE_GAP_COMPLETION,USD
IR-MOCK08743-DIAB_NEPHRO_SCREEN-20250807,MOCK08743,DIAB_NEPHRO_SCREEN,2025-08-07,5.0,True,Research-generated IncentiveRewards mock,MyRewards Health Action Incentive,CARE_GAP_COMPLETION,USD
IR-MOCK08749-DIAB_NEPHRO_SCREEN-20250806,MOCK08749,DIAB_NEPHRO_SCREEN,2025-08-06,30.0,True,Research-generated IncentiveRewards mock,MyRewards Health Action Incentive,CARE_GAP_COMPLETION,USD
IR-MOCK08767-DIAB_NEPHRO_SCREEN-20250707,MOCK08767,DIAB_NEPHRO_SCREEN,2025-07-07,20.0,True,Research-generated IncentiveRewards mock,MyRewards Health Action Incentive,CARE_GAP_COMPLETION,USD
IR-MOCK08773-DIAB_NEPHRO_SCREEN-20250719,MOCK08773,DIAB_NEPHRO_SCREEN,2025-07-19,35.0,True,Research-generated IncentiveRewards mock,MyRewards Health Action Incentive,CARE_GAP_COMPLETION,USD
IR-MOCK08797-DIAB_NEPHRO_SCREEN-20250723,MOCK08797,DIAB_NEPHRO_SCREEN,2025-07-23,25.0,True,Research-generated IncentiveRewards mock,MyRewards Health Action Incentive,CARE_GAP_COMPLETION,USD
IR-MOCK08821-DIAB_NEPHRO_SCREEN-20250726,MOCK08821,DIAB_NEPHRO_SCREEN,2025-07-26,35.0,True,Research-generated IncentiveRewards mock,MyRewards Health Action Incentive,CARE_GAP_COMPLETION,USD
IR-MOCK08857-DIAB_NEPHRO_SCREEN-20250707,MOCK08857,DIAB_NEPHRO_SCREEN,2025-07-07,20.0,True,Research-generated IncentiveRewards mock,MyRewards Health Action Incentive,CARE_GAP_COMPLETION,USD
IR-MOCK08875-DIAB_NEPHRO_SCREEN-20250721,MOCK08875,DIAB_NEPHRO_SCREEN,2025-07-21,35.0,True,Research-generated IncentiveRewards mock,MyRewards Health Action Incentive,CARE_GAP_COMPLETION,USD
IR-MOCK08881-DIAB_NEPHRO_SCREEN-20250729,MOCK08881,DIAB_NEPHRO_SCREEN,2025-07-29,30.0,True,Research-generated IncentiveRewards mock,MyRewards Health Action Incentive,CARE_GAP_COMPLETION,USD
IR-MOCK08893-DIAB_NEPHRO_SCREEN-20250803,MOCK08893,DIAB_NEPHRO_SCREEN,2025-08-03,10.0,True,Research-generated IncentiveRewards mock,MyRewards Health Action Incentive,CARE_GAP_COMPLETION,USD
IR-MOCK08905-DIAB_NEPHRO_SCREEN-20250720,MOCK08905,DIAB_NEPHRO_SCREEN,2025-07-20,35.0,True,Research-generated IncentiveRewards mock,MyRewards Health Action Incentive,CARE_GAP_COMPLETION,USD
IR-MOCK08911-DIAB_NEPHRO_SCREEN-20250805,MOCK08911,DIAB_NEPHRO_SCREEN,2025-08-05,10.0,True,Research-generated IncentiveRewards mock,MyRewards Health Action Incentive,CARE_GAP_COMPLETION,USD
IR-MOCK08917-DIAB_NEPHRO_SCREEN-20250721,MOCK08917,DIAB_NEPHRO_SCREEN,2025-07-21,35.0,True,Research-generated IncentiveRewards mock,MyRewards Health Action Incentive,CARE_GAP_COMPLETION,USD
IR-MOCK08947-DIAB_NEPHRO_SCREEN-20250716,MOCK08947,DIAB_NEPHRO_SCREEN,2025-07-16,35.0,True,Research-generated IncentiveRewards mock,MyRewards Health Action Incentive,CARE_GAP_COMPLETION,USD
IR-MOCK08971-DIAB_NEPHRO_SCREEN-20250718,MOCK08971,DIAB_NEPHRO_SCREEN,2025-07-18,25.0,True,Research-generated IncentiveRewards mock,MyRewards Health Action Incentive,CARE_GAP_COMPLETION,USD
IR-MOCK08983-DIAB_NEPHRO_SCREEN-20250704,MOCK08983,DIAB_NEPHRO_SCREEN,2025-07-04,35.0,True,Research-generated IncentiveRewards mock,MyRewards Health Action Incentive,CARE_GAP_COMPLETION,USD
IR-MOCK08989-DIAB_NEPHRO_SCREEN-20250715,MOCK08989,DIAB_NEPHRO_SCREEN,2025-07-15,35.0,True,Research-generated IncentiveRewards mock,MyRewards Health Action Incentive,CARE_GAP_COMPLETION,USD
IR-MOCK08995-DIAB_NEPHRO_SCREEN-20250709,MOCK08995,DIAB_NEPHRO_SCREEN,2025-07-09,25.0,True,Research-generated IncentiveRewards mock,MyRewards Health Action Incentive,CARE_GAP_COMPLETION,USD
IR-MOCK09001-DIAB_NEPHRO_SCREEN-20250807,MOCK09001,DIAB_NEPHRO_SCREEN,2025-08-07,10.0,True,Research-generated IncentiveRewards mock,MyRewards Health Action Incentive,CARE_GAP_COMPLETION,USD
IR-MOCK09007-DIAB_NEPHRO_SCREEN-20250720,MOCK09007,DIAB_NEPHRO_SCREEN,2025-07-20,30.0,True,Research-generated IncentiveRewards mock,MyRewards Health Action Incentive,CARE_GAP_COMPLETION,USD
IR-MOCK09019-DIAB_NEPHRO_SCREEN-20250702,MOCK09019,DIAB_NEPHRO_SCREEN,2025-07-02,25.0,True,Research-generated IncentiveRewards mock,MyRewards Health Action Incentive,CARE_GAP_COMPLETION,USD
IR-MOCK09055-DIAB_NEPHRO_SCREEN-20250707,MOCK09055,DIAB_NEPHRO_SCREEN,2025-07-07,30.0,True,Research-generated IncentiveRewards mock,MyRewards Health Action Incentive,CARE_GAP_COMPLETION,USD
IR-MOCK09061-DIAB_NEPHRO_SCREEN-20250729,MOCK09061,DIAB_NEPHRO_SCREEN,2025-07-29,35.0,True,Research-generated IncentiveRewards mock,MyRewards Health Action Incentive,CARE_GAP_COMPLETION,USD
IR-MOCK09139-DIAB_NEPHRO_SCREEN-20250724,MOCK09139,DIAB_NEPHRO_SCREEN,2025-07-24,25.0,True,Research-generated IncentiveRewards mock,MyRewards Health Action Incentive,CARE_GAP_COMPLETION,USD
IR-MOCK09145-DIAB_NEPHRO_SCREEN-20250710,MOCK09145,DIAB_NEPHRO_SCREEN,2025-07-10,30.0,True,Research-generated IncentiveRewards mock,MyRewards Health Action Incentive,CARE_GAP_COMPLETION,USD
IR-MOCK09157-DIAB_NEPHRO_SCREEN-20250702,MOCK09157,DIAB_NEPHRO_SCREEN,2025-07-02,35.0,True,Research-generated IncentiveRewards mock,MyRewards Health Action Incentive,CARE_GAP_COMPLETION,USD
IR-MOCK09193-DIAB_NEPHRO_SCREEN-20250718,MOCK09193,DIAB_NEPHRO_SCREEN,2025-07-18,35.0,True,Research-generated IncentiveRewards mock,MyRewards Health Action Incentive,CARE_GAP_COMPLETION,USD
IR-MOCK09199-DIAB_NEPHRO_SCREEN-20250712,MOCK09199,DIAB_NEPHRO_SCREEN,2025-07-12,30.0,True,Research-generated IncentiveRewards mock,MyRewards Health Action Incentive,CARE_GAP_COMPLETION,USD
IR-MOCK09211-DIAB_NEPHRO_SCREEN-20250727,MOCK09211,DIAB_NEPHRO_SCREEN,2025-07-27,35.0,True,Research-generated IncentiveRewards mock,MyRewards Health Action Incentive,CARE_GAP_COMPLETION,USD
IR-MOCK09253-DIAB_NEPHRO_SCREEN-20250716,MOCK09253,DIAB_NEPHRO_SCREEN,2025-07-16,30.0,True,Research-generated IncentiveRewards mock,MyRewards Health Action Incentive,CARE_GAP_COMPLETION,USD
IR-MOCK09265-DIAB_NEPHRO_SCREEN-20250726,MOCK09265,DIAB_NEPHRO_SCREEN,2025-07-26,20.0,True,Research-generated IncentiveRewards mock,MyRewards Health Action Incentive,CARE_GAP_COMPLETION,USD
IR-MOCK09277-DIAB_NEPHRO_SCREEN-20250714,MOCK09277,DIAB_NEPHRO_SCREEN,2025-07-14,30.0,True,Research-generated IncentiveRewards mock,MyRewards Health Action Incentive,CARE_GAP_COMPLETION,USD
IR-MOCK09295-DIAB_NEPHRO_SCREEN-20250706,MOCK09295,DIAB_NEPHRO_SCREEN,2025-07-06,30.0,True,Research-generated IncentiveRewards mock,MyRewards Health Action Incentive,CARE_GAP_COMPLETION,USD
IR-MOCK09307-DIAB_NEPHRO_SCREEN-20250707,MOCK09307,DIAB_NEPHRO_SCREEN,2025-07-07,35.0,True,Research-generated IncentiveRewards mock,MyRewards Health Action Incentive,CARE_GAP_COMPLETION,USD
IR-MOCK09313-DIAB_NEPHRO_SCREEN-20250726,MOCK09313,DIAB_NEPHRO_SCREEN,2025-07-26,10.0,True,Research-generated IncentiveRewards mock,MyRewards Health Action Incentive,CARE_GAP_COMPLETION,USD
IR-MOCK09319-DIAB_NEPHRO_SCREEN-20250721,MOCK09319,DIAB_NEPHRO_SCREEN,2025-07-21,30.0,True,Research-generated IncentiveRewards mock,MyRewards Health Action Incentive,CARE_GAP_COMPLETION,USD
IR-MOCK09325-DIAB_NEPHRO_SCREEN-20250713,MOCK09325,DIAB_NEPHRO_SCREEN,2025-07-13,20.0,True,Research-generated IncentiveRewards mock,MyRewards Health Action Incentive,CARE_GAP_COMPLETION,USD
IR-MOCK09373-DIAB_NEPHRO_SCREEN-20250802,MOCK09373,DIAB_NEPHRO_SCREEN,2025-08-02,100.0,True,Research-generated IncentiveRewards mock,MyRewards Health Action Incentive,CARE_GAP_COMPLETION,USD
IR-MOCK09391-DIAB_NEPHRO_SCREEN-20250722,MOCK09391,DIAB_NEPHRO_SCREEN,2025-07-22,35.0,True,Research-generated IncentiveRewards mock,MyRewards Health Action Incentive,CARE_GAP_COMPLETION,USD
IR-MOCK09403-DIAB_NEPHRO_SCREEN-20250725,MOCK09403,DIAB_NEPHRO_SCREEN,2025-07-25,25.0,True,Research-generated IncentiveRewards mock,MyRewards Health Action Incentive,CARE_GAP_COMPLETION,USD
IR-MOCK09409-DIAB_NEPHRO_SCREEN-20250724,MOCK09409,DIAB_NEPHRO_SCREEN,2025-07-24,10.0,True,Research-generated IncentiveRewards mock,MyRewards Health Action Incentive,CARE_GAP_COMPLETION,USD
IR-MOCK09421-DIAB_NEPHRO_SCREEN-20250707,MOCK09421,DIAB_NEPHRO_SCREEN,2025-07-07,35.0,True,Research-generated IncentiveRewards mock,MyRewards Health Action Incentive,CARE_GAP_COMPLETION,USD
IR-MOCK09439-DIAB_NEPHRO_SCREEN-20250730,MOCK09439,DIAB_NEPHRO_SCREEN,2025-07-30,35.0,True,Research-generated IncentiveRewards mock,MyRewards Health Action Incentive,CARE_GAP_COMPLETION,USD
IR-MOCK09475-DIAB_NEPHRO_SCREEN-20250723,MOCK09475,DIAB_NEPHRO_SCREEN,2025-07-23,30.0,True,Research-generated IncentiveRewards mock,MyRewards Health Action Incentive,CARE_GAP_COMPLETION,USD
IR-MOCK09481-DIAB_NEPHRO_SCREEN-20250730,MOCK09481,DIAB_NEPHRO_SCREEN,2025-07-30,20.0,True,Research-generated IncentiveRewards mock,MyRewards Health Action Incentive,CARE_GAP_COMPLETION,USD
IR-MOCK09487-DIAB_NEPHRO_SCREEN-20250703,MOCK09487,DIAB_NEPHRO_SCREEN,2025-07-03,30.0,True,Research-generated IncentiveRewards mock,MyRewards Health Action Incentive,CARE_GAP_COMPLETION,USD
IR-MOCK09493-DIAB_NEPHRO_SCREEN-20250704,MOCK09493,DIAB_NEPHRO_SCREEN,2025-07-04,35.0,True,Research-generated IncentiveRewards mock,MyRewards Health Action Incentive,CARE_GAP_COMPLETION,USD
IR-MOCK09505-DIAB_NEPHRO_SCREEN-20250801,MOCK09505,DIAB_NEPHRO_SCREEN,2025-08-01,25.0,True,Research-generated IncentiveRewards mock,MyRewards Health Action Incentive,CARE_GAP_COMPLETION,USD
IR-MOCK09547-DIAB_NEPHRO_SCREEN-20250703,MOCK09547,DIAB_NEPHRO_SCREEN,2025-07-03,35.0,True,Research-generated IncentiveRewards mock,MyRewards Health Action Incentive,CARE_GAP_COMPLETION,USD
IR-MOCK09559-DIAB_NEPHRO_SCREEN-20250723,MOCK09559,DIAB_NEPHRO_SCREEN,2025-07-23,15.0,True,Research-generated IncentiveRewards mock,MyRewards Health Action Incentive,CARE_GAP_COMPLETION,USD
IR-MOCK09577-DIAB_NEPHRO_SCREEN-20250630,MOCK09577,DIAB_NEPHRO_SCREEN,2025-06-30,30.0,True,Research-generated IncentiveRewards mock,MyRewards Health Action Incentive,CARE_GAP_COMPLETION,USD
IR-MOCK09583-DIAB_NEPHRO_SCREEN-20250728,MOCK09583,DIAB_NEPHRO_SCREEN,2025-07-28,35.0,True,Research-generated IncentiveRewards mock,MyRewards Health Action Incentive,CARE_GAP_COMPLETION,USD
IR-MOCK09589-DIAB_NEPHRO_SCREEN-20250804,MOCK09589,DIAB_NEPHRO_SCREEN,2025-08-04,30.0,True,Research-generated IncentiveRewards mock,MyRewards Health Action Incentive,CARE_GAP_COMPLETION,USD
IR-MOCK09607-DIAB_NEPHRO_SCREEN-20250723,MOCK09607,DIAB_NEPHRO_SCREEN,2025-07-23,5.0,True,Research-generated IncentiveRewards mock,MyRewards Health Action Incentive,CARE_GAP_COMPLETION,USD
IR-MOCK09613-DIAB_NEPHRO_SCREEN-20250806,MOCK09613,DIAB_NEPHRO_SCREEN,2025-08-06,25.0,True,Research-generated IncentiveRewards mock,MyRewards Health Action Incentive,CARE_GAP_COMPLETION,USD
IR-MOCK09619-DIAB_NEPHRO_SCREEN-20250723,MOCK09619,DIAB_NEPHRO_SCREEN,2025-07-23,10.0,True,Research-generated IncentiveRewards mock,MyRewards Health Action Incentive,CARE_GAP_COMPLETION,USD
IR-MOCK09631-DIAB_NEPHRO_SCREEN-20250713,MOCK09631,DIAB_NEPHRO_SCREEN,2025-07-13,10.0,True,Research-generated IncentiveRewards mock,MyRewards Health Action Incentive,CARE_GAP_COMPLETION,USD
IR-MOCK09637-DIAB_NEPHRO_SCREEN-20250728,MOCK09637,DIAB_NEPHRO_SCREEN,2025-07-28,30.0,True,Research-generated IncentiveRewards mock,MyRewards Health Action Incentive,CARE_GAP_COMPLETION,USD
IR-MOCK09679-DIAB_NEPHRO_SCREEN-20250720,MOCK09679,DIAB_NEPHRO_SCREEN,2025-07-20,35.0,True,Research-generated IncentiveRewards mock,MyRewards Health Action Incentive,CARE_GAP_COMPLETION,USD
IR-MOCK09685-DIAB_NEPHRO_SCREEN-20250710,MOCK09685,DIAB_NEPHRO_SCREEN,2025-07-10,35.0,True,Research-generated IncentiveRewards mock,MyRewards Health Action Incentive,CARE_GAP_COMPLETION,USD
IR-MOCK09709-DIAB_NEPHRO_SCREEN-20250730,MOCK09709,DIAB_NEPHRO_SCREEN,2025-07-30,100.0,True,Research-generated IncentiveRewards mock,MyRewards Health Action Incentive,CARE_GAP_COMPLETION,USD
IR-MOCK09715-DIAB_NEPHRO_SCREEN-20250705,MOCK09715,DIAB_NEPHRO_SCREEN,2025-07-05,20.0,True,Research-generated IncentiveRewards mock,MyRewards Health Action Incentive,CARE_GAP_COMPLETION,USD
IR-MOCK09721-DIAB_NEPHRO_SCREEN-20250714,MOCK09721,DIAB_NEPHRO_SCREEN,2025-07-14,20.0,True,Research-generated IncentiveRewards mock,MyRewards Health Action Incentive,CARE_GAP_COMPLETION,USD
IR-MOCK09751-DIAB_NEPHRO_SCREEN-20250805,MOCK09751,DIAB_NEPHRO_SCREEN,2025-08-05,30.0,True,Research-generated IncentiveRewards mock,MyRewards Health Action Incentive,CARE_GAP_COMPLETION,USD
IR-MOCK09763-DIAB_NEPHRO_SCREEN-20250719,MOCK09763,DIAB_NEPHRO_SCREEN,2025-07-19,25.0,True,Research-generated IncentiveRewards mock,MyRewards Health Action Incentive,CARE_GAP_COMPLETION,USD
IR-MOCK09769-DIAB_NEPHRO_SCREEN-20250807,MOCK09769,DIAB_NEPHRO_SCREEN,2025-08-07,30.0,True,Research-generated IncentiveRewards mock,MyRewards Health Action Incentive,CARE_GAP_COMPLETION,USD
IR-MOCK09787-DIAB_NEPHRO_SCREEN-20250704,MOCK09787,DIAB_NEPHRO_SCREEN,2025-07-04,5.0,True,Research-generated IncentiveRewards mock,MyRewards Health Action Incentive,CARE_GAP_COMPLETION,USD
IR-MOCK09793-DIAB_NEPHRO_SCREEN-20250708,MOCK09793,DIAB_NEPHRO_SCREEN,2025-07-08,30.0,True,Research-generated IncentiveRewards mock,MyRewards Health Action Incentive,CARE_GAP_COMPLETION,USD
IR-MOCK09805-DIAB_NEPHRO_SCREEN-20250701,MOCK09805,DIAB_NEPHRO_SCREEN,2025-07-01,35.0,True,Research-generated IncentiveRewards mock,MyRewards Health Action Incentive,CARE_GAP_COMPLETION,USD
IR-MOCK09823-DIAB_NEPHRO_SCREEN-20250714,MOCK09823,DIAB_NEPHRO_SCREEN,2025-07-14,30.0,True,Research-generated IncentiveRewards mock,MyRewards Health Action Incentive,CARE_GAP_COMPLETION,USD
IR-MOCK09829-DIAB_NEPHRO_SCREEN-20250801,MOCK09829,DIAB_NEPHRO_SCREEN,2025-08-01,25.0,True,Research-generated IncentiveRewards mock,MyRewards Health Action Incentive,CARE_GAP_COMPLETION,USD
IR-MOCK09835-DIAB_NEPHRO_SCREEN-20250730,MOCK09835,DIAB_NEPHRO_SCREEN,2025-07-30,30.0,True,Research-generated IncentiveRewards mock,MyRewards Health Action Incentive,CARE_GAP_COMPLETION,USD
IR-MOCK09847-DIAB_NEPHRO_SCREEN-20250731,MOCK09847,DIAB_NEPHRO_SCREEN,2025-07-31,15.0,True,Research-generated IncentiveRewards mock,MyRewards Health Action Incentive,CARE_GAP_COMPLETION,USD
IR-MOCK09859-DIAB_NEPHRO_SCREEN-20250704,MOCK09859,DIAB_NEPHRO_SCREEN,2025-07-04,25.0,True,Research-generated IncentiveRewards mock,MyRewards Health Action Incentive,CARE_GAP_COMPLETION,USD
IR-MOCK09871-DIAB_NEPHRO_SCREEN-20250723,MOCK09871,DIAB_NEPHRO_SCREEN,2025-07-23,20.0,True,Research-generated IncentiveRewards mock,MyRewards Health Action Incentive,CARE_GAP_COMPLETION,USD
IR-MOCK09877-DIAB_NEPHRO_SCREEN-20250804,MOCK09877,DIAB_NEPHRO_SCREEN,2025-08-04,20.0,True,Research-generated IncentiveRewards mock,MyRewards Health Action Incentive,CARE_GAP_COMPLETION,USD
IR-MOCK09895-DIAB_NEPHRO_SCREEN-20250715,MOCK09895,DIAB_NEPHRO_SCREEN,2025-07-15,5.0,True,Research-generated IncentiveRewards mock,MyRewards Health Action Incentive,CARE_GAP_COMPLETION,USD
IR-MOCK09901-DIAB_NEPHRO_SCREEN-20250707,MOCK09901,DIAB_NEPHRO_SCREEN,2025-07-07,5.0,True,Research-generated IncentiveRewards mock,MyRewards Health Action Incentive,CARE_GAP_COMPLETION,USD
IR-MOCK09913-DIAB_NEPHRO_SCREEN-20250806,MOCK09913,DIAB_NEPHRO_SCREEN,2025-08-06,35.0,True,Research-generated IncentiveRewards mock,MyRewards Health Action Incentive,CARE_GAP_COMPLETION,USD
IR-MOCK09919-DIAB_NEPHRO_SCREEN-20250805,MOCK09919,DIAB_NEPHRO_SCREEN,2025-08-05,35.0,True,Research-generated IncentiveRewards mock,MyRewards Health Action Incentive,CARE_GAP_COMPLETION,USD
IR-MOCK09925-DIAB_NEPHRO_SCREEN-20250805,MOCK09925,DIAB_NEPHRO_SCREEN,2025-08-05,30.0,True,Research-generated IncentiveRewards mock,MyRewards Health Action Incentive,CARE_GAP_COMPLETION,USD
IR-MOCK09931-DIAB_NEPHRO_SCREEN-20250803,MOCK09931,DIAB_NEPHRO_SCREEN,2025-08-03,35.0,True,Research-generated IncentiveRewards mock,MyRewards Health Action Incentive,CARE_GAP_COMPLETION,USD
IR-MOCK09961-DIAB_NEPHRO_SCREEN-20250725,MOCK09961,DIAB_NEPHRO_SCREEN,2025-07-25,35.0,True,Research-generated IncentiveRewards mock,MyRewards Health Action Incentive,CARE_GAP_COMPLETION,USD
IR-MOCK09973-DIAB_NEPHRO_SCREEN-20250729,MOCK09973,DIAB_NEPHRO_SCREEN,2025-07-29,10.0,True,Research-generated IncentiveRewards mock,MyRewards Health Action Incentive,CARE_GAP_COMPLETION,USD
IR-MOCK09979-DIAB_NEPHRO_SCREEN-20250731,MOCK09979,DIAB_NEPHRO_SCREEN,2025-07-31,30.0,True,Research-generated IncentiveRewards mock,MyRewards Health Action Incentive,CARE_GAP_COMPLETION,USD
IR-MOCK09991-DIAB_NEPHRO_SCREEN-20250719,MOCK09991,DIAB_NEPHRO_SCREEN,2025-07-19,20.0,True,Research-generated IncentiveRewards mock,MyRewards Health Action Incentive,CARE_GAP_COMPLETION,USD
IR-MOCK09997-DIAB_NEPHRO_SCREEN-20250707,MOCK09997,DIAB_NEPHRO_SCREEN,2025-07-07,30.0,True,Research-generated IncentiveRewards mock,MyRewards Health Action Incentive,CARE_GAP_COMPLETION,USD
IR-MOCK00002-HTN_PCP_FOLLOWUP-20251231,MOCK00002,HTN_PCP_FOLLOWUP,2025-12-31,20.0,True,Research-generated IncentiveRewards mock,MyRewards Health Action Incentive,CARE_GAP_COMPLETION,USD
IR-MOCK00014-HTN_PCP_FOLLOWUP-20260125,MOCK00014,HTN_PCP_FOLLOWUP,2026-01-25,35.0,True,Research-generated IncentiveRewards mock,MyRewards Health Action Incentive,CARE_GAP_COMPLETION,USD
IR-MOCK00038-HTN_PCP_FOLLOWUP-20260131,MOCK00038,HTN_PCP_FOLLOWUP,2026-01-31,25.0,True,Research-generated IncentiveRewards mock,MyRewards Health Action Incentive,CARE_GAP_COMPLETION,USD
IR-MOCK00050-HTN_PCP_FOLLOWUP-20260109,MOCK00050,HTN_PCP_FOLLOWUP,2026-01-09,15.0,True,Research-generated IncentiveRewards mock,MyRewards Health Action Incentive,CARE_GAP_COMPLETION,USD
IR-MOCK00068-HTN_PCP_FOLLOWUP-20260122,MOCK00068,HTN_PCP_FOLLOWUP,2026-01-22,20.0,True,Research-generated IncentiveRewards mock,MyRewards Health Action Incentive,CARE_GAP_COMPLETION,USD
IR-MOCK00092-HTN_PCP_FOLLOWUP-20260101,MOCK00092,HTN_PCP_FOLLOWUP,2026-01-01,10.0,True,Research-generated IncentiveRewards mock,MyRewards Health Action Incentive,CARE_GAP_COMPLETION,USD
IR-MOCK00116-HTN_PCP_FOLLOWUP-20260202,MOCK00116,HTN_PCP_FOLLOWUP,2026-02-02,15.0,True,Research-generated IncentiveRewards mock,MyRewards Health Action Incentive,CARE_GAP_COMPLETION,USD
IR-MOCK00146-HTN_PCP_FOLLOWUP-20260103,MOCK00146,HTN_PCP_FOLLOWUP,2026-01-03,30.0,True,Research-generated IncentiveRewards mock,MyRewards Health Action Incentive,CARE_GAP_COMPLETION,USD
IR-MOCK00158-HTN_PCP_FOLLOWUP-20260102,MOCK00158,HTN_PCP_FOLLOWUP,2026-01-02,25.0,True,Research-generated IncentiveRewards mock,MyRewards Health Action Incentive,CARE_GAP_COMPLETION,USD
IR-MOCK00164-HTN_PCP_FOLLOWUP-20260126,MOCK00164,HTN_PCP_FOLLOWUP,2026-01-26,20.0,True,Research-generated IncentiveRewards mock,MyRewards Health Action Incentive,CARE_GAP_COMPLETION,USD
IR-MOCK00176-HTN_PCP_FOLLOWUP-20260111,MOCK00176,HTN_PCP_FOLLOWUP,2026-01-11,10.0,True,Research-generated IncentiveRewards mock,MyRewards Health Action Incentive,CARE_GAP_COMPLETION,USD
IR-MOCK00182-HTN_PCP_FOLLOWUP-20260131,MOCK00182,HTN_PCP_FOLLOWUP,2026-01-31,25.0,True,Research-generated IncentiveRewards mock,MyRewards Health Action Incentive,CARE_GAP_COMPLETION,USD
IR-MOCK00188-HTN_PCP_FOLLOWUP-20260113,MOCK00188,HTN_PCP_FOLLOWUP,2026-01-13,15.0,True,Research-generated IncentiveRewards mock,MyRewards Health Action Incentive,CARE_GAP_COMPLETION,USD
IR-MOCK00212-HTN_PCP_FOLLOWUP-20260203,MOCK00212,HTN_PCP_FOLLOWUP,2026-02-03,25.0,True,Research-generated IncentiveRewards mock,MyRewards Health Action Incentive,CARE_GAP_COMPLETION,USD
IR-MOCK00224-HTN_PCP_FOLLOWUP-20260206,MOCK00224,HTN_PCP_FOLLOWUP,2026-02-06,25.0,True,Research-generated IncentiveRewards mock,MyRewards Health Action Incentive,CARE_GAP_COMPLETION,USD
IR-MOCK00242-HTN_PCP_FOLLOWUP-20260105,MOCK00242,HTN_PCP_FOLLOWUP,2026-01-05,25.0,True,Research-generated IncentiveRewards mock,MyRewards Health Action Incentive,CARE_GAP_COMPLETION,USD
IR-MOCK00254-HTN_PCP_FOLLOWUP-20260120,MOCK00254,HTN_PCP_FOLLOWUP,2026-01-20,25.0,True,Research-generated IncentiveRewards mock,MyRewards Health Action Incentive,CARE_GAP_COMPLETION,USD
IR-MOCK00266-HTN_PCP_FOLLOWUP-20260113,MOCK00266,HTN_PCP_FOLLOWUP,2026-01-13,15.0,True,Research-generated IncentiveRewards mock,MyRewards Health Action Incentive,CARE_GAP_COMPLETION,USD
IR-MOCK00296-HTN_PCP_FOLLOWUP-20260115,MOCK00296,HTN_PCP_FOLLOWUP,2026-01-15,30.0,True,Research-generated IncentiveRewards mock,MyRewards Health Action Incentive,CARE_GAP_COMPLETION,USD
IR-MOCK00314-HTN_PCP_FOLLOWUP-20260203,MOCK00314,HTN_PCP_FOLLOWUP,2026-02-03,25.0,True,Research-generated IncentiveRewards mock,MyRewards Health Action Incentive,CARE_GAP_COMPLETION,USD
IR-MOCK00320-HTN_PCP_FOLLOWUP-20251231,MOCK00320,HTN_PCP_FOLLOWUP,2025-12-31,10.0,True,Research-generated IncentiveRewards mock,MyRewards Health Action Incentive,CARE_GAP_COMPLETION,USD
IR-MOCK00326-HTN_PCP_FOLLOWUP-20260203,MOCK00326,HTN_PCP_FOLLOWUP,2026-02-03,5.0,True,Research-generated IncentiveRewards mock,MyRewards Health Action Incentive,CARE_GAP_COMPLETION,USD
IR-MOCK00332-HTN_PCP_FOLLOWUP-20260204,MOCK00332,HTN_PCP_FOLLOWUP,2026-02-04,15.0,True,Research-generated IncentiveRewards mock,MyRewards Health Action Incentive,CARE_GAP_COMPLETION,USD
IR-MOCK00362-HTN_PCP_FOLLOWUP-20260123,MOCK00362,HTN_PCP_FOLLOWUP,2026-01-23,20.0,True,Research-generated IncentiveRewards mock,MyRewards Health Action Incentive,CARE_GAP_COMPLETION,USD
IR-MOCK00374-HTN_PCP_FOLLOWUP-20260123,MOCK00374,HTN_PCP_FOLLOWUP,2026-01-23,25.0,True,Research-generated IncentiveRewards mock,MyRewards Health Action Incentive,CARE_GAP_COMPLETION,USD
IR-MOCK00380-HTN_PCP_FOLLOWUP-20260119,MOCK00380,HTN_PCP_FOLLOWUP,2026-01-19,15.0,True,Research-generated IncentiveRewards mock,MyRewards Health Action Incentive,CARE_GAP_COMPLETION,USD
IR-MOCK00386-HTN_PCP_FOLLOWUP-20260125,MOCK00386,HTN_PCP_FOLLOWUP,2026-01-25,50.0,True,Research-generated IncentiveRewards mock,MyRewards Health Action Incentive,CARE_GAP_COMPLETION,USD
IR-MOCK00392-HTN_PCP_FOLLOWUP-20260119,MOCK00392,HTN_PCP_FOLLOWUP,2026-01-19,15.0,True,Research-generated IncentiveRewards mock,MyRewards Health Action Incentive,CARE_GAP_COMPLETION,USD
IR-MOCK00398-HTN_PCP_FOLLOWUP-20251230,MOCK00398,HTN_PCP_FOLLOWUP,2025-12-30,15.0,True,Research-generated IncentiveRewards mock,MyRewards Health Action Incentive,CARE_GAP_COMPLETION,USD
IR-MOCK00410-HTN_PCP_FOLLOWUP-20260205,MOCK00410,HTN_PCP_FOLLOWUP,2026-02-05,25.0,True,Research-generated IncentiveRewards mock,MyRewards Health Action Incentive,CARE_GAP_COMPLETION,USD
IR-MOCK00416-HTN_PCP_FOLLOWUP-20260203,MOCK00416,HTN_PCP_FOLLOWUP,2026-02-03,20.0,True,Research-generated IncentiveRewards mock,MyRewards Health Action Incentive,CARE_GAP_COMPLETION,USD
IR-MOCK00428-HTN_PCP_FOLLOWUP-20260105,MOCK00428,HTN_PCP_FOLLOWUP,2026-01-05,10.0,True,Research-generated IncentiveRewards mock,MyRewards Health Action Incentive,CARE_GAP_COMPLETION,USD
IR-MOCK00482-HTN_PCP_FOLLOWUP-20260118,MOCK00482,HTN_PCP_FOLLOWUP,2026-01-18,15.0,True,Research-generated IncentiveRewards mock,MyRewards Health Action Incentive,CARE_GAP_COMPLETION,USD
IR-MOCK00500-HTN_PCP_FOLLOWUP-20260119,MOCK00500,HTN_PCP_FOLLOWUP,2026-01-19,5.0,True,Research-generated IncentiveRewards mock,MyRewards Health Action Incentive,CARE_GAP_COMPLETION,USD
IR-MOCK00524-HTN_PCP_FOLLOWUP-20260104,MOCK00524,HTN_PCP_FOLLOWUP,2026-01-04,30.0,True,Research-generated IncentiveRewards mock,MyRewards Health Action Incentive,CARE_GAP_COMPLETION,USD
IR-MOCK00530-HTN_PCP_FOLLOWUP-20260119,MOCK00530,HTN_PCP_FOLLOWUP,2026-01-19,30.0,True,Research-generated IncentiveRewards mock,MyRewards Health Action Incentive,CARE_GAP_COMPLETION,USD
IR-MOCK00536-HTN_PCP_FOLLOWUP-20260202,MOCK00536,HTN_PCP_FOLLOWUP,2026-02-02,30.0,True,Research-generated IncentiveRewards mock,MyRewards Health Action Incentive,CARE_GAP_COMPLETION,USD
IR-MOCK00560-HTN_PCP_FOLLOWUP-20260116,MOCK00560,HTN_PCP_FOLLOWUP,2026-01-16,10.0,True,Research-generated IncentiveRewards mock,MyRewards Health Action Incentive,CARE_GAP_COMPLETION,USD
IR-MOCK00566-HTN_PCP_FOLLOWUP-20260105,MOCK00566,HTN_PCP_FOLLOWUP,2026-01-05,20.0,True,Research-generated IncentiveRewards mock,MyRewards Health Action Incentive,CARE_GAP_COMPLETION,USD
IR-MOCK00590-HTN_PCP_FOLLOWUP-20260110,MOCK00590,HTN_PCP_FOLLOWUP,2026-01-10,15.0,True,Research-generated IncentiveRewards mock,MyRewards Health Action Incentive,CARE_GAP_COMPLETION,USD
IR-MOCK00596-HTN_PCP_FOLLOWUP-20260120,MOCK00596,HTN_PCP_FOLLOWUP,2026-01-20,25.0,True,Research-generated IncentiveRewards mock,MyRewards Health Action Incentive,CARE_GAP_COMPLETION,USD
IR-MOCK00614-HTN_PCP_FOLLOWUP-20260118,MOCK00614,HTN_PCP_FOLLOWUP,2026-01-18,15.0,True,Research-generated IncentiveRewards mock,MyRewards Health Action Incentive,CARE_GAP_COMPLETION,USD
IR-MOCK00680-HTN_PCP_FOLLOWUP-20260108,MOCK00680,HTN_PCP_FOLLOWUP,2026-01-08,30.0,True,Research-generated IncentiveRewards mock,MyRewards Health Action Incentive,CARE_GAP_COMPLETION,USD
IR-MOCK00686-HTN_PCP_FOLLOWUP-20260109,MOCK00686,HTN_PCP_FOLLOWUP,2026-01-09,25.0,True,Research-generated IncentiveRewards mock,MyRewards Health Action Incentive,CARE_GAP_COMPLETION,USD
IR-MOCK00698-HTN_PCP_FOLLOWUP-20260117,MOCK00698,HTN_PCP_FOLLOWUP,2026-01-17,30.0,True,Research-generated IncentiveRewards mock,MyRewards Health Action Incentive,CARE_GAP_COMPLETION,USD
IR-MOCK00746-HTN_PCP_FOLLOWUP-20260128,MOCK00746,HTN_PCP_FOLLOWUP,2026-01-28,25.0,True,Research-generated IncentiveRewards mock,MyRewards Health Action Incentive,CARE_GAP_COMPLETION,USD
IR-MOCK00752-HTN_PCP_FOLLOWUP-20260108,MOCK00752,HTN_PCP_FOLLOWUP,2026-01-08,15.0,True,Research-generated IncentiveRewards mock,MyRewards Health Action Incentive,CARE_GAP_COMPLETION,USD
IR-MOCK00776-HTN_PCP_FOLLOWUP-20260111,MOCK00776,HTN_PCP_FOLLOWUP,2026-01-11,40.0,True,Research-generated IncentiveRewards mock,MyRewards Health Action Incentive,CARE_GAP_COMPLETION,USD
IR-MOCK00800-HTN_PCP_FOLLOWUP-20260127,MOCK00800,HTN_PCP_FOLLOWUP,2026-01-27,35.0,True,Research-generated IncentiveRewards mock,MyRewards Health Action Incentive,CARE_GAP_COMPLETION,USD
IR-MOCK00824-HTN_PCP_FOLLOWUP-20260102,MOCK00824,HTN_PCP_FOLLOWUP,2026-01-02,10.0,True,Research-generated IncentiveRewards mock,MyRewards Health Action Incentive,CARE_GAP_COMPLETION,USD
IR-MOCK00836-HTN_PCP_FOLLOWUP-20260113,MOCK00836,HTN_PCP_FOLLOWUP,2026-01-13,25.0,True,Research-generated IncentiveRewards mock,MyRewards Health Action Incentive,CARE_GAP_COMPLETION,USD
IR-MOCK00848-HTN_PCP_FOLLOWUP-20260124,MOCK00848,HTN_PCP_FOLLOWUP,2026-01-24,40.0,True,Research-generated IncentiveRewards mock,MyRewards Health Action Incentive,CARE_GAP_COMPLETION,USD
IR-MOCK00866-HTN_PCP_FOLLOWUP-20260128,MOCK00866,HTN_PCP_FOLLOWUP,2026-01-28,50.0,True,Research-generated IncentiveRewards mock,MyRewards Health Action Incentive,CARE_GAP_COMPLETION,USD
IR-MOCK00872-HTN_PCP_FOLLOWUP-20260117,MOCK00872,HTN_PCP_FOLLOWUP,2026-01-17,15.0,True,Research-generated IncentiveRewards mock,MyRewards Health Action Incentive,CARE_GAP_COMPLETION,USD
IR-MOCK00878-HTN_PCP_FOLLOWUP-20260131,MOCK00878,HTN_PCP_FOLLOWUP,2026-01-31,25.0,True,Research-generated IncentiveRewards mock,MyRewards Health Action Incentive,CARE_GAP_COMPLETION,USD
IR-MOCK00884-HTN_PCP_FOLLOWUP-20260113,MOCK00884,HTN_PCP_FOLLOWUP,2026-01-13,20.0,True,Research-generated IncentiveRewards mock,MyRewards Health Action Incentive,CARE_GAP_COMPLETION,USD
IR-MOCK00896-HTN_PCP_FOLLOWUP-20260105,MOCK00896,HTN_PCP_FOLLOWUP,2026-01-05,35.0,True,Research-generated IncentiveRewards mock,MyRewards Health Action Incentive,CARE_GAP_COMPLETION,USD
IR-MOCK00902-HTN_PCP_FOLLOWUP-20260123,MOCK00902,HTN_PCP_FOLLOWUP,2026-01-23,15.0,True,Research-generated IncentiveRewards mock,MyRewards Health Action Incentive,CARE_GAP_COMPLETION,USD
IR-MOCK00914-HTN_PCP_FOLLOWUP-20260126,MOCK00914,HTN_PCP_FOLLOWUP,2026-01-26,30.0,True,Research-generated IncentiveRewards mock,MyRewards Health Action Incentive,CARE_GAP_COMPLETION,USD
IR-MOCK00944-HTN_PCP_FOLLOWUP-20260104,MOCK00944,HTN_PCP_FOLLOWUP,2026-01-04,20.0,True,Research-generated IncentiveRewards mock,MyRewards Health Action Incentive,CARE_GAP_COMPLETION,USD
IR-MOCK00962-HTN_PCP_FOLLOWUP-20251231,MOCK00962,HTN_PCP_FOLLOWUP,2025-12-31,20.0,True,Research-generated IncentiveRewards mock,MyRewards Health Action Incentive,CARE_GAP_COMPLETION,USD
IR-MOCK00992-HTN_PCP_FOLLOWUP-20260127,MOCK00992,HTN_PCP_FOLLOWUP,2026-01-27,30.0,True,Research-generated IncentiveRewards mock,MyRewards Health Action Incentive,CARE_GAP_COMPLETION,USD
IR-MOCK01016-HTN_PCP_FOLLOWUP-20260122,MOCK01016,HTN_PCP_FOLLOWUP,2026-01-22,20.0,True,Research-generated IncentiveRewards mock,MyRewards Health Action Incentive,CARE_GAP_COMPLETION,USD
IR-MOCK01034-HTN_PCP_FOLLOWUP-20260112,MOCK01034,HTN_PCP_FOLLOWUP,2026-01-12,20.0,True,Research-generated IncentiveRewards mock,MyRewards Health Action Incentive,CARE_GAP_COMPLETION,USD
IR-MOCK01064-HTN_PCP_FOLLOWUP-20260102,MOCK01064,HTN_PCP_FOLLOWUP,2026-01-02,10.0,True,Research-generated IncentiveRewards mock,MyRewards Health Action Incentive,CARE_GAP_COMPLETION,USD
IR-MOCK01088-HTN_PCP_FOLLOWUP-20260123,MOCK01088,HTN_PCP_FOLLOWUP,2026-01-23,45.0,True,Research-generated IncentiveRewards mock,MyRewards Health Action Incentive,CARE_GAP_COMPLETION,USD
IR-MOCK01094-HTN_PCP_FOLLOWUP-20260202,MOCK01094,HTN_PCP_FOLLOWUP,2026-02-02,25.0,True,Research-generated IncentiveRewards mock,MyRewards Health Action Incentive,CARE_GAP_COMPLETION,USD
IR-MOCK01106-HTN_PCP_FOLLOWUP-20260124,MOCK01106,HTN_PCP_FOLLOWUP,2026-01-24,40.0,True,Research-generated IncentiveRewards mock,MyRewards Health Action Incentive,CARE_GAP_COMPLETION,USD
IR-MOCK01130-HTN_PCP_FOLLOWUP-20260110,MOCK01130,HTN_PCP_FOLLOWUP,2026-01-10,25.0,True,Research-generated IncentiveRewards mock,MyRewards Health Action Incentive,CARE_GAP_COMPLETION,USD
IR-MOCK01142-HTN_PCP_FOLLOWUP-20260203,MOCK01142,HTN_PCP_FOLLOWUP,2026-02-03,25.0,True,Research-generated IncentiveRewards mock,MyRewards Health Action Incentive,CARE_GAP_COMPLETION,USD
IR-MOCK01166-HTN_PCP_FOLLOWUP-20260114,MOCK01166,HTN_PCP_FOLLOWUP,2026-01-14,25.0,True,Research-generated IncentiveRewards mock,MyRewards Health Action Incentive,CARE_GAP_COMPLETION,USD
IR-MOCK01172-HTN_PCP_FOLLOWUP-20260204,MOCK01172,HTN_PCP_FOLLOWUP,2026-02-04,15.0,True,Research-generated IncentiveRewards mock,MyRewards Health Action Incentive,CARE_GAP_COMPLETION,USD
IR-MOCK01232-HTN_PCP_FOLLOWUP-20260126,MOCK01232,HTN_PCP_FOLLOWUP,2026-01-26,25.0,True,Research-generated IncentiveRewards mock,MyRewards Health Action Incentive,CARE_GAP_COMPLETION,USD
IR-MOCK01244-HTN_PCP_FOLLOWUP-20260118,MOCK01244,HTN_PCP_FOLLOWUP,2026-01-18,15.0,True,Research-generated IncentiveRewards mock,MyRewards Health Action Incentive,CARE_GAP_COMPLETION,USD
IR-MOCK01268-HTN_PCP_FOLLOWUP-20260117,MOCK01268,HTN_PCP_FOLLOWUP,2026-01-17,10.0,True,Research-generated IncentiveRewards mock,MyRewards Health Action Incentive,CARE_GAP_COMPLETION,USD
IR-MOCK01274-HTN_PCP_FOLLOWUP-20260122,MOCK01274,HTN_PCP_FOLLOWUP,2026-01-22,10.0,True,Research-generated IncentiveRewards mock,MyRewards Health Action Incentive,CARE_GAP_COMPLETION,USD
IR-MOCK01280-HTN_PCP_FOLLOWUP-20260130,MOCK01280,HTN_PCP_FOLLOWUP,2026-01-30,35.0,True,Research-generated IncentiveRewards mock,MyRewards Health Action Incentive,CARE_GAP_COMPLETION,USD
IR-MOCK01286-HTN_PCP_FOLLOWUP-20260108,MOCK01286,HTN_PCP_FOLLOWUP,2026-01-08,10.0,True,Research-generated IncentiveRewards mock,MyRewards Health Action Incentive,CARE_GAP_COMPLETION,USD
IR-MOCK01292-HTN_PCP_FOLLOWUP-20260129,MOCK01292,HTN_PCP_FOLLOWUP,2026-01-29,25.0,True,Research-generated IncentiveRewards mock,MyRewards Health Action Incentive,CARE_GAP_COMPLETION,USD
IR-MOCK01304-HTN_PCP_FOLLOWUP-20260101,MOCK01304,HTN_PCP_FOLLOWUP,2026-01-01,50.0,True,Research-generated IncentiveRewards mock,MyRewards Health Action Incentive,CARE_GAP_COMPLETION,USD
IR-MOCK01310-HTN_PCP_FOLLOWUP-20260112,MOCK01310,HTN_PCP_FOLLOWUP,2026-01-12,20.0,True,Research-generated IncentiveRewards mock,MyRewards Health Action Incentive,CARE_GAP_COMPLETION,USD
IR-MOCK01322-HTN_PCP_FOLLOWUP-20260202,MOCK01322,HTN_PCP_FOLLOWUP,2026-02-02,20.0,True,Research-generated IncentiveRewards mock,MyRewards Health Action Incentive,CARE_GAP_COMPLETION,USD
IR-MOCK01328-HTN_PCP_FOLLOWUP-20260203,MOCK01328,HTN_PCP_FOLLOWUP,2026-02-03,35.0,True,Research-generated IncentiveRewards mock,MyRewards Health Action Incentive,CARE_GAP_COMPLETION,USD
IR-MOCK01340-HTN_PCP_FOLLOWUP-20260119,MOCK01340,HTN_PCP_FOLLOWUP,2026-01-19,25.0,True,Research-generated IncentiveRewards mock,MyRewards Health Action Incentive,CARE_GAP_COMPLETION,USD
IR-MOCK01346-HTN_PCP_FOLLOWUP-20260118,MOCK01346,HTN_PCP_FOLLOWUP,2026-01-18,15.0,True,Research-generated IncentiveRewards mock,MyRewards Health Action Incentive,CARE_GAP_COMPLETION,USD
IR-MOCK01358-HTN_PCP_FOLLOWUP-20260129,MOCK01358,HTN_PCP_FOLLOWUP,2026-01-29,10.0,True,Research-generated IncentiveRewards mock,MyRewards Health Action Incentive,CARE_GAP_COMPLETION,USD
IR-MOCK01364-HTN_PCP_FOLLOWUP-20260102,MOCK01364,HTN_PCP_FOLLOWUP,2026-01-02,10.0,True,Research-generated IncentiveRewards mock,MyRewards Health Action Incentive,CARE_GAP_COMPLETION,USD
IR-MOCK01370-HTN_PCP_FOLLOWUP-20260109,MOCK01370,HTN_PCP_FOLLOWUP,2026-01-09,35.0,True,Research-generated IncentiveRewards mock,MyRewards Health Action Incentive,CARE_GAP_COMPLETION,USD
IR-MOCK01376-HTN_PCP_FOLLOWUP-20260104,MOCK01376,HTN_PCP_FOLLOWUP,2026-01-04,20.0,True,Research-generated IncentiveRewards mock,MyRewards Health Action Incentive,CARE_GAP_COMPLETION,USD
IR-MOCK01388-HTN_PCP_FOLLOWUP-20260110,MOCK01388,HTN_PCP_FOLLOWUP,2026-01-10,15.0,True,Research-generated IncentiveRewards mock,MyRewards Health Action Incentive,CARE_GAP_COMPLETION,USD
IR-MOCK01394-HTN_PCP_FOLLOWUP-20260106,MOCK01394,HTN_PCP_FOLLOWUP,2026-01-06,5.0,True,Research-generated IncentiveRewards mock,MyRewards Health Action Incentive,CARE_GAP_COMPLETION,USD
IR-MOCK01400-HTN_PCP_FOLLOWUP-20260113,MOCK01400,HTN_PCP_FOLLOWUP,2026-01-13,25.0,True,Research-generated IncentiveRewards mock,MyRewards Health Action Incentive,CARE_GAP_COMPLETION,USD
IR-MOCK01412-HTN_PCP_FOLLOWUP-20260120,MOCK01412,HTN_PCP_FOLLOWUP,2026-01-20,20.0,True,Research-generated IncentiveRewards mock,MyRewards Health Action Incentive,CARE_GAP_COMPLETION,USD
IR-MOCK01424-HTN_PCP_FOLLOWUP-20260203,MOCK01424,HTN_PCP_FOLLOWUP,2026-02-03,25.0,True,Research-generated IncentiveRewards mock,MyRewards Health Action Incentive,CARE_GAP_COMPLETION,USD
IR-MOCK01436-HTN_PCP_FOLLOWUP-20260112,MOCK01436,HTN_PCP_FOLLOWUP,2026-01-12,15.0,True,Research-generated IncentiveRewards mock,MyRewards Health Action Incentive,CARE_GAP_COMPLETION,USD
IR-MOCK01442-HTN_PCP_FOLLOWUP-20260202,MOCK01442,HTN_PCP_FOLLOWUP,2026-02-02,25.0,True,Research-generated IncentiveRewards mock,MyRewards Health Action Incentive,CARE_GAP_COMPLETION,USD
IR-MOCK01454-HTN_PCP_FOLLOWUP-20260205,MOCK01454,HTN_PCP_FOLLOWUP,2026-02-05,15.0,True,Research-generated IncentiveRewards mock,MyRewards Health Action Incentive,CARE_GAP_COMPLETION,USD
IR-MOCK01478-HTN_PCP_FOLLOWUP-20260204,MOCK01478,HTN_PCP_FOLLOWUP,2026-02-04,10.0,True,Research-generated IncentiveRewards mock,MyRewards Health Action Incentive,CARE_GAP_COMPLETION,USD
IR-MOCK01490-HTN_PCP_FOLLOWUP-20260121,MOCK01490,HTN_PCP_FOLLOWUP,2026-01-21,20.0,True,Research-generated IncentiveRewards mock,MyRewards Health Action Incentive,CARE_GAP_COMPLETION,USD
IR-MOCK01532-HTN_PCP_FOLLOWUP-20260101,MOCK01532,HTN_PCP_FOLLOWUP,2026-01-01,20.0,True,Research-generated IncentiveRewards mock,MyRewards Health Action Incentive,CARE_GAP_COMPLETION,USD
IR-MOCK01544-HTN_PCP_FOLLOWUP-20260125,MOCK01544,HTN_PCP_FOLLOWUP,2026-01-25,10.0,True,Research-generated IncentiveRewards mock,MyRewards Health Action Incentive,CARE_GAP_COMPLETION,USD
IR-MOCK01550-HTN_PCP_FOLLOWUP-20260108,MOCK01550,HTN_PCP_FOLLOWUP,2026-01-08,5.0,True,Research-generated IncentiveRewards mock,MyRewards Health Action Incentive,CARE_GAP_COMPLETION,USD
IR-MOCK01562-HTN_PCP_FOLLOWUP-20260102,MOCK01562,HTN_PCP_FOLLOWUP,2026-01-02,15.0,True,Research-generated IncentiveRewards mock,MyRewards Health Action Incentive,CARE_GAP_COMPLETION,USD
IR-MOCK01574-HTN_PCP_FOLLOWUP-20260118,MOCK01574,HTN_PCP_FOLLOWUP,2026-01-18,35.0,True,Research-generated IncentiveRewards mock,MyRewards Health Action Incentive,CARE_GAP_COMPLETION,USD
IR-MOCK01580-HTN_PCP_FOLLOWUP-20260131,MOCK01580,HTN_PCP_FOLLOWUP,2026-01-31,15.0,True,Research-generated IncentiveRewards mock,MyRewards Health Action Incentive,CARE_GAP_COMPLETION,USD
IR-MOCK01592-HTN_PCP_FOLLOWUP-20260120,MOCK01592,HTN_PCP_FOLLOWUP,2026-01-20,10.0,True,Research-generated IncentiveRewards mock,MyRewards Health Action Incentive,CARE_GAP_COMPLETION,USD
IR-MOCK01616-HTN_PCP_FOLLOWUP-20260106,MOCK01616,HTN_PCP_FOLLOWUP,2026-01-06,25.0,True,Research-generated IncentiveRewards mock,MyRewards Health Action Incentive,CARE_GAP_COMPLETION,USD
IR-MOCK01634-HTN_PCP_FOLLOWUP-20260117,MOCK01634,HTN_PCP_FOLLOWUP,2026-01-17,35.0,True,Research-generated IncentiveRewards mock,MyRewards Health Action Incentive,CARE_GAP_COMPLETION,USD
IR-MOCK01640-HTN_PCP_FOLLOWUP-20260122,MOCK01640,HTN_PCP_FOLLOWUP,2026-01-22,25.0,True,Research-generated IncentiveRewards mock,MyRewards Health Action Incentive,CARE_GAP_COMPLETION,USD
IR-MOCK01646-HTN_PCP_FOLLOWUP-20260107,MOCK01646,HTN_PCP_FOLLOWUP,2026-01-07,20.0,True,Research-generated IncentiveRewards mock,MyRewards Health Action Incentive,CARE_GAP_COMPLETION,USD
IR-MOCK01658-HTN_PCP_FOLLOWUP-20260131,MOCK01658,HTN_PCP_FOLLOWUP,2026-01-31,30.0,True,Research-generated IncentiveRewards mock,MyRewards Health Action Incentive,CARE_GAP_COMPLETION,USD
IR-MOCK01664-HTN_PCP_FOLLOWUP-20260113,MOCK01664,HTN_PCP_FOLLOWUP,2026-01-13,30.0,True,Research-generated IncentiveRewards mock,MyRewards Health Action Incentive,CARE_GAP_COMPLETION,USD
IR-MOCK01682-HTN_PCP_FOLLOWUP-20260126,MOCK01682,HTN_PCP_FOLLOWUP,2026-01-26,40.0,True,Research-generated IncentiveRewards mock,MyRewards Health Action Incentive,CARE_GAP_COMPLETION,USD
IR-MOCK01688-HTN_PCP_FOLLOWUP-20260131,MOCK01688,HTN_PCP_FOLLOWUP,2026-01-31,20.0,True,Research-generated IncentiveRewards mock,MyRewards Health Action Incentive,CARE_GAP_COMPLETION,USD
IR-MOCK01694-HTN_PCP_FOLLOWUP-20260128,MOCK01694,HTN_PCP_FOLLOWUP,2026-01-28,30.0,True,Research-generated IncentiveRewards mock,MyRewards Health Action Incentive,CARE_GAP_COMPLETION,USD
IR-MOCK01724-HTN_PCP_FOLLOWUP-20260109,MOCK01724,HTN_PCP_FOLLOWUP,2026-01-09,20.0,True,Research-generated IncentiveRewards mock,MyRewards Health Action Incentive,CARE_GAP_COMPLETION,USD
IR-MOCK01736-HTN_PCP_FOLLOWUP-20260131,MOCK01736,HTN_PCP_FOLLOWUP,2026-01-31,50.0,True,Research-generated IncentiveRewards mock,MyRewards Health Action Incentive,CARE_GAP_COMPLETION,USD
IR-MOCK01742-HTN_PCP_FOLLOWUP-20260202,MOCK01742,HTN_PCP_FOLLOWUP,2026-02-02,10.0,True,Research-generated IncentiveRewards mock,MyRewards Health Action Incentive,CARE_GAP_COMPLETION,USD
IR-MOCK01748-HTN_PCP_FOLLOWUP-20260112,MOCK01748,HTN_PCP_FOLLOWUP,2026-01-12,35.0,True,Research-generated IncentiveRewards mock,MyRewards Health Action Incentive,CARE_GAP_COMPLETION,USD
IR-MOCK01754-HTN_PCP_FOLLOWUP-20260127,MOCK01754,HTN_PCP_FOLLOWUP,2026-01-27,10.0,True,Research-generated IncentiveRewards mock,MyRewards Health Action Incentive,CARE_GAP_COMPLETION,USD
IR-MOCK01766-HTN_PCP_FOLLOWUP-20260130,MOCK01766,HTN_PCP_FOLLOWUP,2026-01-30,40.0,True,Research-generated IncentiveRewards mock,MyRewards Health Action Incentive,CARE_GAP_COMPLETION,USD
IR-MOCK01772-HTN_PCP_FOLLOWUP-20251230,MOCK01772,HTN_PCP_FOLLOWUP,2025-12-30,25.0,True,Research-generated IncentiveRewards mock,MyRewards Health Action Incentive,CARE_GAP_COMPLETION,USD
IR-MOCK01778-HTN_PCP_FOLLOWUP-20260124,MOCK01778,HTN_PCP_FOLLOWUP,2026-01-24,35.0,True,Research-generated IncentiveRewards mock,MyRewards Health Action Incentive,CARE_GAP_COMPLETION,USD
IR-MOCK01820-HTN_PCP_FOLLOWUP-20260108,MOCK01820,HTN_PCP_FOLLOWUP,2026-01-08,20.0,True,Research-generated IncentiveRewards mock,MyRewards Health Action Incentive,CARE_GAP_COMPLETION,USD
IR-MOCK01826-HTN_PCP_FOLLOWUP-20260130,MOCK01826,HTN_PCP_FOLLOWUP,2026-01-30,15.0,True,Research-generated IncentiveRewards mock,MyRewards Health Action Incentive,CARE_GAP_COMPLETION,USD
IR-MOCK01832-HTN_PCP_FOLLOWUP-20260114,MOCK01832,HTN_PCP_FOLLOWUP,2026-01-14,25.0,True,Research-generated IncentiveRewards mock,MyRewards Health Action Incentive,CARE_GAP_COMPLETION,USD
IR-MOCK01844-HTN_PCP_FOLLOWUP-20260101,MOCK01844,HTN_PCP_FOLLOWUP,2026-01-01,25.0,True,Research-generated IncentiveRewards mock,MyRewards Health Action Incentive,CARE_GAP_COMPLETION,USD
IR-MOCK01850-HTN_PCP_FOLLOWUP-20260116,MOCK01850,HTN_PCP_FOLLOWUP,2026-01-16,30.0,True,Research-generated IncentiveRewards mock,MyRewards Health Action Incentive,CARE_GAP_COMPLETION,USD
IR-MOCK01862-HTN_PCP_FOLLOWUP-20260204,MOCK01862,HTN_PCP_FOLLOWUP,2026-02-04,25.0,True,Research-generated IncentiveRewards mock,MyRewards Health Action Incentive,CARE_GAP_COMPLETION,USD
IR-MOCK01868-HTN_PCP_FOLLOWUP-20260107,MOCK01868,HTN_PCP_FOLLOWUP,2026-01-07,15.0,True,Research-generated IncentiveRewards mock,MyRewards Health Action Incentive,CARE_GAP_COMPLETION,USD
IR-MOCK01874-HTN_PCP_FOLLOWUP-20260114,MOCK01874,HTN_PCP_FOLLOWUP,2026-01-14,20.0,True,Research-generated IncentiveRewards mock,MyRewards Health Action Incentive,CARE_GAP_COMPLETION,USD
IR-MOCK01886-HTN_PCP_FOLLOWUP-20260121,MOCK01886,HTN_PCP_FOLLOWUP,2026-01-21,10.0,True,Research-generated IncentiveRewards mock,MyRewards Health Action Incentive,CARE_GAP_COMPLETION,USD
IR-MOCK01892-HTN_PCP_FOLLOWUP-20260119,MOCK01892,HTN_PCP_FOLLOWUP,2026-01-19,25.0,True,Research-generated IncentiveRewards mock,MyRewards Health Action Incentive,CARE_GAP_COMPLETION,USD
IR-MOCK01898-HTN_PCP_FOLLOWUP-20260103,MOCK01898,HTN_PCP_FOLLOWUP,2026-01-03,15.0,True,Research-generated IncentiveRewards mock,MyRewards Health Action Incentive,CARE_GAP_COMPLETION,USD
IR-MOCK01910-HTN_PCP_FOLLOWUP-20260107,MOCK01910,HTN_PCP_FOLLOWUP,2026-01-07,30.0,True,Research-generated IncentiveRewards mock,MyRewards Health Action Incentive,CARE_GAP_COMPLETION,USD
IR-MOCK01916-HTN_PCP_FOLLOWUP-20260111,MOCK01916,HTN_PCP_FOLLOWUP,2026-01-11,20.0,True,Research-generated IncentiveRewards mock,MyRewards Health Action Incentive,CARE_GAP_COMPLETION,USD
IR-MOCK01934-HTN_PCP_FOLLOWUP-20260114,MOCK01934,HTN_PCP_FOLLOWUP,2026-01-14,30.0,True,Research-generated IncentiveRewards mock,MyRewards Health Action Incentive,CARE_GAP_COMPLETION,USD
IR-MOCK01940-HTN_PCP_FOLLOWUP-20260203,MOCK01940,HTN_PCP_FOLLOWUP,2026-02-03,15.0,True,Research-generated IncentiveRewards mock,MyRewards Health Action Incentive,CARE_GAP_COMPLETION,USD
IR-MOCK01946-HTN_PCP_FOLLOWUP-20260114,MOCK01946,HTN_PCP_FOLLOWUP,2026-01-14,35.0,True,Research-generated IncentiveRewards mock,MyRewards Health Action Incentive,CARE_GAP_COMPLETION,USD
IR-MOCK01958-HTN_PCP_FOLLOWUP-20260108,MOCK01958,HTN_PCP_FOLLOWUP,2026-01-08,20.0,True,Research-generated IncentiveRewards mock,MyRewards Health Action Incentive,CARE_GAP_COMPLETION,USD
IR-MOCK01982-HTN_PCP_FOLLOWUP-20260130,MOCK01982,HTN_PCP_FOLLOWUP,2026-01-30,40.0,True,Research-generated IncentiveRewards mock,MyRewards Health Action Incentive,CARE_GAP_COMPLETION,USD
IR-MOCK02006-HTN_PCP_FOLLOWUP-20260101,MOCK02006,HTN_PCP_FOLLOWUP,2026-01-01,25.0,True,Research-generated IncentiveRewards mock,MyRewards Health Action Incentive,CARE_GAP_COMPLETION,USD
IR-MOCK02042-HTN_PCP_FOLLOWUP-20260122,MOCK02042,HTN_PCP_FOLLOWUP,2026-01-22,45.0,True,Research-generated IncentiveRewards mock,MyRewards Health Action Incentive,CARE_GAP_COMPLETION,USD
IR-MOCK02066-HTN_PCP_FOLLOWUP-20260114,MOCK02066,HTN_PCP_FOLLOWUP,2026-01-14,25.0,True,Research-generated IncentiveRewards mock,MyRewards Health Action Incentive,CARE_GAP_COMPLETION,USD
IR-MOCK02072-HTN_PCP_FOLLOWUP-20260118,MOCK02072,HTN_PCP_FOLLOWUP,2026-01-18,10.0,True,Research-generated IncentiveRewards mock,MyRewards Health Action Incentive,CARE_GAP_COMPLETION,USD
IR-MOCK02090-HTN_PCP_FOLLOWUP-20260121,MOCK02090,HTN_PCP_FOLLOWUP,2026-01-21,15.0,True,Research-generated IncentiveRewards mock,MyRewards Health Action Incentive,CARE_GAP_COMPLETION,USD
IR-MOCK02096-HTN_PCP_FOLLOWUP-20260107,MOCK02096,HTN_PCP_FOLLOWUP,2026-01-07,10.0,True,Research-generated IncentiveRewards mock,MyRewards Health Action Incentive,CARE_GAP_COMPLETION,USD
IR-MOCK02114-HTN_PCP_FOLLOWUP-20260117,MOCK02114,HTN_PCP_FOLLOWUP,2026-01-17,25.0,True,Research-generated IncentiveRewards mock,MyRewards Health Action Incentive,CARE_GAP_COMPLETION,USD
IR-MOCK02120-HTN_PCP_FOLLOWUP-20260129,MOCK02120,HTN_PCP_FOLLOWUP,2026-01-29,20.0,True,Research-generated IncentiveRewards mock,MyRewards Health Action Incentive,CARE_GAP_COMPLETION,USD
IR-MOCK02126-HTN_PCP_FOLLOWUP-20260130,MOCK02126,HTN_PCP_FOLLOWUP,2026-01-30,20.0,True,Research-generated IncentiveRewards mock,MyRewards Health Action Incentive,CARE_GAP_COMPLETION,USD
IR-MOCK02132-HTN_PCP_FOLLOWUP-20260126,MOCK02132,HTN_PCP_FOLLOWUP,2026-01-26,45.0,True,Research-generated IncentiveRewards mock,MyRewards Health Action Incentive,CARE_GAP_COMPLETION,USD
IR-MOCK02162-HTN_PCP_FOLLOWUP-20260130,MOCK02162,HTN_PCP_FOLLOWUP,2026-01-30,10.0,True,Research-generated IncentiveRewards mock,MyRewards Health Action Incentive,CARE_GAP_COMPLETION,USD
IR-MOCK02168-HTN_PCP_FOLLOWUP-20260121,MOCK02168,HTN_PCP_FOLLOWUP,2026-01-21,20.0,True,Research-generated IncentiveRewards mock,MyRewards Health Action Incentive,CARE_GAP_COMPLETION,USD
IR-MOCK02174-HTN_PCP_FOLLOWUP-20260201,MOCK02174,HTN_PCP_FOLLOWUP,2026-02-01,30.0,True,Research-generated IncentiveRewards mock,MyRewards Health Action Incentive,CARE_GAP_COMPLETION,USD
IR-MOCK02180-HTN_PCP_FOLLOWUP-20260109,MOCK02180,HTN_PCP_FOLLOWUP,2026-01-09,35.0,True,Research-generated IncentiveRewards mock,MyRewards Health Action Incentive,CARE_GAP_COMPLETION,USD
IR-MOCK02192-HTN_PCP_FOLLOWUP-20260102,MOCK02192,HTN_PCP_FOLLOWUP,2026-01-02,30.0,True,Research-generated IncentiveRewards mock,MyRewards Health Action Incentive,CARE_GAP_COMPLETION,USD
IR-MOCK02204-HTN_PCP_FOLLOWUP-20260124,MOCK02204,HTN_PCP_FOLLOWUP,2026-01-24,20.0,True,Research-generated IncentiveRewards mock,MyRewards Health Action Incentive,CARE_GAP_COMPLETION,USD
IR-MOCK02210-HTN_PCP_FOLLOWUP-20260110,MOCK02210,HTN_PCP_FOLLOWUP,2026-01-10,10.0,True,Research-generated IncentiveRewards mock,MyRewards Health Action Incentive,CARE_GAP_COMPLETION,USD
IR-MOCK02216-HTN_PCP_FOLLOWUP-20260129,MOCK02216,HTN_PCP_FOLLOWUP,2026-01-29,10.0,True,Research-generated IncentiveRewards mock,MyRewards Health Action Incentive,CARE_GAP_COMPLETION,USD
IR-MOCK02240-HTN_PCP_FOLLOWUP-20260127,MOCK02240,HTN_PCP_FOLLOWUP,2026-01-27,20.0,False,Research-generated IncentiveRewards mock,MyRewards Health Action Incentive,CARE_GAP_COMPLETION,USD
IR-MOCK02258-HTN_PCP_FOLLOWUP-20260108,MOCK02258,HTN_PCP_FOLLOWUP,2026-01-08,50.0,True,Research-generated IncentiveRewards mock,MyRewards Health Action Incentive,CARE_GAP_COMPLETION,USD
IR-MOCK02264-HTN_PCP_FOLLOWUP-20260117,MOCK02264,HTN_PCP_FOLLOWUP,2026-01-17,45.0,True,Research-generated IncentiveRewards mock,MyRewards Health Action Incentive,CARE_GAP_COMPLETION,USD
IR-MOCK02270-HTN_PCP_FOLLOWUP-20260118,MOCK02270,HTN_PCP_FOLLOWUP,2026-01-18,20.0,True,Research-generated IncentiveRewards mock,MyRewards Health Action Incentive,CARE_GAP_COMPLETION,USD
IR-MOCK02276-HTN_PCP_FOLLOWUP-20260105,MOCK02276,HTN_PCP_FOLLOWUP,2026-01-05,15.0,True,Research-generated IncentiveRewards mock,MyRewards Health Action Incentive,CARE_GAP_COMPLETION,USD
IR-MOCK02288-HTN_PCP_FOLLOWUP-20260114,MOCK02288,HTN_PCP_FOLLOWUP,2026-01-14,10.0,True,Research-generated IncentiveRewards mock,MyRewards Health Action Incentive,CARE_GAP_COMPLETION,USD
IR-MOCK02306-HTN_PCP_FOLLOWUP-20260202,MOCK02306,HTN_PCP_FOLLOWUP,2026-02-02,25.0,True,Research-generated IncentiveRewards mock,MyRewards Health Action Incentive,CARE_GAP_COMPLETION,USD
IR-MOCK02318-HTN_PCP_FOLLOWUP-20260206,MOCK02318,HTN_PCP_FOLLOWUP,2026-02-06,10.0,True,Research-generated IncentiveRewards mock,MyRewards Health Action Incentive,CARE_GAP_COMPLETION,USD
IR-MOCK02330-HTN_PCP_FOLLOWUP-20260202,MOCK02330,HTN_PCP_FOLLOWUP,2026-02-02,5.0,True,Research-generated IncentiveRewards mock,MyRewards Health Action Incentive,CARE_GAP_COMPLETION,USD
IR-MOCK02336-HTN_PCP_FOLLOWUP-20260105,MOCK02336,HTN_PCP_FOLLOWUP,2026-01-05,25.0,True,Research-generated IncentiveRewards mock,MyRewards Health Action Incentive,CARE_GAP_COMPLETION,USD
IR-MOCK02342-HTN_PCP_FOLLOWUP-20260105,MOCK02342,HTN_PCP_FOLLOWUP,2026-01-05,15.0,True,Research-generated IncentiveRewards mock,MyRewards Health Action Incentive,CARE_GAP_COMPLETION,USD
IR-MOCK02366-HTN_PCP_FOLLOWUP-20251231,MOCK02366,HTN_PCP_FOLLOWUP,2025-12-31,25.0,True,Research-generated IncentiveRewards mock,MyRewards Health Action Incentive,CARE_GAP_COMPLETION,USD
IR-MOCK02378-HTN_PCP_FOLLOWUP-20260114,MOCK02378,HTN_PCP_FOLLOWUP,2026-01-14,20.0,True,Research-generated IncentiveRewards mock,MyRewards Health Action Incentive,CARE_GAP_COMPLETION,USD
IR-MOCK02402-HTN_PCP_FOLLOWUP-20260125,MOCK02402,HTN_PCP_FOLLOWUP,2026-01-25,20.0,True,Research-generated IncentiveRewards mock,MyRewards Health Action Incentive,CARE_GAP_COMPLETION,USD
IR-MOCK02420-HTN_PCP_FOLLOWUP-20251230,MOCK02420,HTN_PCP_FOLLOWUP,2025-12-30,50.0,True,Research-generated IncentiveRewards mock,MyRewards Health Action Incentive,CARE_GAP_COMPLETION,USD
IR-MOCK02432-HTN_PCP_FOLLOWUP-20260127,MOCK02432,HTN_PCP_FOLLOWUP,2026-01-27,30.0,True,Research-generated IncentiveRewards mock,MyRewards Health Action Incentive,CARE_GAP_COMPLETION,USD
IR-MOCK02462-HTN_PCP_FOLLOWUP-20260117,MOCK02462,HTN_PCP_FOLLOWUP,2026-01-17,5.0,True,Research-generated IncentiveRewards mock,MyRewards Health Action Incentive,CARE_GAP_COMPLETION,USD
IR-MOCK02474-HTN_PCP_FOLLOWUP-20260202,MOCK02474,HTN_PCP_FOLLOWUP,2026-02-02,15.0,True,Research-generated IncentiveRewards mock,MyRewards Health Action Incentive,CARE_GAP_COMPLETION,USD
IR-MOCK02498-HTN_PCP_FOLLOWUP-20260105,MOCK02498,HTN_PCP_FOLLOWUP,2026-01-05,10.0,True,Research-generated IncentiveRewards mock,MyRewards Health Action Incentive,CARE_GAP_COMPLETION,USD
IR-MOCK02504-HTN_PCP_FOLLOWUP-20260120,MOCK02504,HTN_PCP_FOLLOWUP,2026-01-20,20.0,True,Research-generated IncentiveRewards mock,MyRewards Health Action Incentive,CARE_GAP_COMPLETION,USD
IR-MOCK02516-HTN_PCP_FOLLOWUP-20260130,MOCK02516,HTN_PCP_FOLLOWUP,2026-01-30,25.0,True,Research-generated IncentiveRewards mock,MyRewards Health Action Incentive,CARE_GAP_COMPLETION,USD
IR-MOCK02522-HTN_PCP_FOLLOWUP-20260205,MOCK02522,HTN_PCP_FOLLOWUP,2026-02-05,15.0,True,Research-generated IncentiveRewards mock,MyRewards Health Action Incentive,CARE_GAP_COMPLETION,USD
IR-MOCK02528-HTN_PCP_FOLLOWUP-20260101,MOCK02528,HTN_PCP_FOLLOWUP,2026-01-01,5.0,True,Research-generated IncentiveRewards mock,MyRewards Health Action Incentive,CARE_GAP_COMPLETION,USD
IR-MOCK02540-HTN_PCP_FOLLOWUP-20260110,MOCK02540,HTN_PCP_FOLLOWUP,2026-01-10,5.0,True,Research-generated IncentiveRewards mock,MyRewards Health Action Incentive,CARE_GAP_COMPLETION,USD
IR-MOCK02564-HTN_PCP_FOLLOWUP-20251231,MOCK02564,HTN_PCP_FOLLOWUP,2025-12-31,25.0,True,Research-generated IncentiveRewards mock,MyRewards Health Action Incentive,CARE_GAP_COMPLETION,USD
IR-MOCK02570-HTN_PCP_FOLLOWUP-20260201,MOCK02570,HTN_PCP_FOLLOWUP,2026-02-01,25.0,True,Research-generated IncentiveRewards mock,MyRewards Health Action Incentive,CARE_GAP_COMPLETION,USD
IR-MOCK02576-HTN_PCP_FOLLOWUP-20260205,MOCK02576,HTN_PCP_FOLLOWUP,2026-02-05,40.0,True,Research-generated IncentiveRewards mock,MyRewards Health Action Incentive,CARE_GAP_COMPLETION,USD
IR-MOCK02594-HTN_PCP_FOLLOWUP-20260118,MOCK02594,HTN_PCP_FOLLOWUP,2026-01-18,30.0,True,Research-generated IncentiveRewards mock,MyRewards Health Action Incentive,CARE_GAP_COMPLETION,USD
IR-MOCK02600-HTN_PCP_FOLLOWUP-20260119,MOCK02600,HTN_PCP_FOLLOWUP,2026-01-19,25.0,True,Research-generated IncentiveRewards mock,MyRewards Health Action Incentive,CARE_GAP_COMPLETION,USD
IR-MOCK02606-HTN_PCP_FOLLOWUP-20260206,MOCK02606,HTN_PCP_FOLLOWUP,2026-02-06,25.0,True,Research-generated IncentiveRewards mock,MyRewards Health Action Incentive,CARE_GAP_COMPLETION,USD
IR-MOCK02612-HTN_PCP_FOLLOWUP-20260114,MOCK02612,HTN_PCP_FOLLOWUP,2026-01-14,15.0,True,Research-generated IncentiveRewards mock,MyRewards Health Action Incentive,CARE_GAP_COMPLETION,USD
IR-MOCK02624-HTN_PCP_FOLLOWUP-20260115,MOCK02624,HTN_PCP_FOLLOWUP,2026-01-15,10.0,True,Research-generated IncentiveRewards mock,MyRewards Health Action Incentive,CARE_GAP_COMPLETION,USD
IR-MOCK02630-HTN_PCP_FOLLOWUP-20260120,MOCK02630,HTN_PCP_FOLLOWUP,2026-01-20,10.0,True,Research-generated IncentiveRewards mock,MyRewards Health Action Incentive,CARE_GAP_COMPLETION,USD
IR-MOCK02636-HTN_PCP_FOLLOWUP-20260119,MOCK02636,HTN_PCP_FOLLOWUP,2026-01-19,20.0,True,Research-generated IncentiveRewards mock,MyRewards Health Action Incentive,CARE_GAP_COMPLETION,USD
IR-MOCK02642-HTN_PCP_FOLLOWUP-20260118,MOCK02642,HTN_PCP_FOLLOWUP,2026-01-18,35.0,True,Research-generated IncentiveRewards mock,MyRewards Health Action Incentive,CARE_GAP_COMPLETION,USD
IR-MOCK02648-HTN_PCP_FOLLOWUP-20260203,MOCK02648,HTN_PCP_FOLLOWUP,2026-02-03,10.0,True,Research-generated IncentiveRewards mock,MyRewards Health Action Incentive,CARE_GAP_COMPLETION,USD
IR-MOCK02654-HTN_PCP_FOLLOWUP-20260130,MOCK02654,HTN_PCP_FOLLOWUP,2026-01-30,45.0,True,Research-generated IncentiveRewards mock,MyRewards Health Action Incentive,CARE_GAP_COMPLETION,USD
IR-MOCK02660-HTN_PCP_FOLLOWUP-20260108,MOCK02660,HTN_PCP_FOLLOWUP,2026-01-08,40.0,True,Research-generated IncentiveRewards mock,MyRewards Health Action Incentive,CARE_GAP_COMPLETION,USD
IR-MOCK02666-HTN_PCP_FOLLOWUP-20260112,MOCK02666,HTN_PCP_FOLLOWUP,2026-01-12,20.0,True,Research-generated IncentiveRewards mock,MyRewards Health Action Incentive,CARE_GAP_COMPLETION,USD
IR-MOCK02684-HTN_PCP_FOLLOWUP-20260115,MOCK02684,HTN_PCP_FOLLOWUP,2026-01-15,50.0,True,Research-generated IncentiveRewards mock,MyRewards Health Action Incentive,CARE_GAP_COMPLETION,USD
IR-MOCK02696-HTN_PCP_FOLLOWUP-20260108,MOCK02696,HTN_PCP_FOLLOWUP,2026-01-08,25.0,True,Research-generated IncentiveRewards mock,MyRewards Health Action Incentive,CARE_GAP_COMPLETION,USD
IR-MOCK02714-HTN_PCP_FOLLOWUP-20260129,MOCK02714,HTN_PCP_FOLLOWUP,2026-01-29,20.0,True,Research-generated IncentiveRewards mock,MyRewards Health Action Incentive,CARE_GAP_COMPLETION,USD
IR-MOCK02720-HTN_PCP_FOLLOWUP-20260111,MOCK02720,HTN_PCP_FOLLOWUP,2026-01-11,45.0,True,Research-generated IncentiveRewards mock,MyRewards Health Action Incentive,CARE_GAP_COMPLETION,USD
IR-MOCK02732-HTN_PCP_FOLLOWUP-20260105,MOCK02732,HTN_PCP_FOLLOWUP,2026-01-05,15.0,True,Research-generated IncentiveRewards mock,MyRewards Health Action Incentive,CARE_GAP_COMPLETION,USD
IR-MOCK02738-HTN_PCP_FOLLOWUP-20260114,MOCK02738,HTN_PCP_FOLLOWUP,2026-01-14,25.0,True,Research-generated IncentiveRewards mock,MyRewards Health Action Incentive,CARE_GAP_COMPLETION,USD
IR-MOCK02822-HTN_PCP_FOLLOWUP-20260116,MOCK02822,HTN_PCP_FOLLOWUP,2026-01-16,10.0,True,Research-generated IncentiveRewards mock,MyRewards Health Action Incentive,CARE_GAP_COMPLETION,USD
IR-MOCK02834-HTN_PCP_FOLLOWUP-20260106,MOCK02834,HTN_PCP_FOLLOWUP,2026-01-06,20.0,True,Research-generated IncentiveRewards mock,MyRewards Health Action Incentive,CARE_GAP_COMPLETION,USD
IR-MOCK02840-HTN_PCP_FOLLOWUP-20260101,MOCK02840,HTN_PCP_FOLLOWUP,2026-01-01,10.0,True,Research-generated IncentiveRewards mock,MyRewards Health Action Incentive,CARE_GAP_COMPLETION,USD
IR-MOCK02846-HTN_PCP_FOLLOWUP-20260119,MOCK02846,HTN_PCP_FOLLOWUP,2026-01-19,15.0,True,Research-generated IncentiveRewards mock,MyRewards Health Action Incentive,CARE_GAP_COMPLETION,USD
IR-MOCK02864-HTN_PCP_FOLLOWUP-20260102,MOCK02864,HTN_PCP_FOLLOWUP,2026-01-02,30.0,True,Research-generated IncentiveRewards mock,MyRewards Health Action Incentive,CARE_GAP_COMPLETION,USD
IR-MOCK02870-HTN_PCP_FOLLOWUP-20260121,MOCK02870,HTN_PCP_FOLLOWUP,2026-01-21,25.0,True,Research-generated IncentiveRewards mock,MyRewards Health Action Incentive,CARE_GAP_COMPLETION,USD
IR-MOCK02876-HTN_PCP_FOLLOWUP-20260206,MOCK02876,HTN_PCP_FOLLOWUP,2026-02-06,30.0,True,Research-generated IncentiveRewards mock,MyRewards Health Action Incentive,CARE_GAP_COMPLETION,USD
IR-MOCK02882-HTN_PCP_FOLLOWUP-20260102,MOCK02882,HTN_PCP_FOLLOWUP,2026-01-02,45.0,True,Research-generated IncentiveRewards mock,MyRewards Health Action Incentive,CARE_GAP_COMPLETION,USD
IR-MOCK02888-HTN_PCP_FOLLOWUP-20260110,MOCK02888,HTN_PCP_FOLLOWUP,2026-01-10,35.0,True,Research-generated IncentiveRewards mock,MyRewards Health Action Incentive,CARE_GAP_COMPLETION,USD
IR-MOCK02900-HTN_PCP_FOLLOWUP-20260119,MOCK02900,HTN_PCP_FOLLOWUP,2026-01-19,25.0,True,Research-generated IncentiveRewards mock,MyRewards Health Action Incentive,CARE_GAP_COMPLETION,USD
IR-MOCK02906-HTN_PCP_FOLLOWUP-20260105,MOCK02906,HTN_PCP_FOLLOWUP,2026-01-05,45.0,True,Research-generated IncentiveRewards mock,MyRewards Health Action Incentive,CARE_GAP_COMPLETION,USD
IR-MOCK02912-HTN_PCP_FOLLOWUP-20260107,MOCK02912,HTN_PCP_FOLLOWUP,2026-01-07,5.0,True,Research-generated IncentiveRewards mock,MyRewards Health Action Incentive,CARE_GAP_COMPLETION,USD
IR-MOCK02930-HTN_PCP_FOLLOWUP-20260113,MOCK02930,HTN_PCP_FOLLOWUP,2026-01-13,5.0,True,Research-generated IncentiveRewards mock,MyRewards Health Action Incentive,CARE_GAP_COMPLETION,USD
IR-MOCK02936-HTN_PCP_FOLLOWUP-20260117,MOCK02936,HTN_PCP_FOLLOWUP,2026-01-17,20.0,True,Research-generated IncentiveRewards mock,MyRewards Health Action Incentive,CARE_GAP_COMPLETION,USD
IR-MOCK02948-HTN_PCP_FOLLOWUP-20260105,MOCK02948,HTN_PCP_FOLLOWUP,2026-01-05,20.0,True,Research-generated IncentiveRewards mock,MyRewards Health Action Incentive,CARE_GAP_COMPLETION,USD
IR-MOCK02978-HTN_PCP_FOLLOWUP-20260118,MOCK02978,HTN_PCP_FOLLOWUP,2026-01-18,50.0,True,Research-generated IncentiveRewards mock,MyRewards Health Action Incentive,CARE_GAP_COMPLETION,USD
IR-MOCK02984-HTN_PCP_FOLLOWUP-20260206,MOCK02984,HTN_PCP_FOLLOWUP,2026-02-06,20.0,True,Research-generated IncentiveRewards mock,MyRewards Health Action Incentive,CARE_GAP_COMPLETION,USD
IR-MOCK02990-HTN_PCP_FOLLOWUP-20251231,MOCK02990,HTN_PCP_FOLLOWUP,2025-12-31,10.0,True,Research-generated IncentiveRewards mock,MyRewards Health Action Incentive,CARE_GAP_COMPLETION,USD
IR-MOCK02996-HTN_PCP_FOLLOWUP-20260204,MOCK02996,HTN_PCP_FOLLOWUP,2026-02-04,20.0,True,Research-generated IncentiveRewards mock,MyRewards Health Action Incentive,CARE_GAP_COMPLETION,USD
IR-MOCK03002-HTN_PCP_FOLLOWUP-20260107,MOCK03002,HTN_PCP_FOLLOWUP,2026-01-07,50.0,True,Research-generated IncentiveRewards mock,MyRewards Health Action Incentive,CARE_GAP_COMPLETION,USD
IR-MOCK03020-HTN_PCP_FOLLOWUP-20260119,MOCK03020,HTN_PCP_FOLLOWUP,2026-01-19,30.0,True,Research-generated IncentiveRewards mock,MyRewards Health Action Incentive,CARE_GAP_COMPLETION,USD
IR-MOCK03032-HTN_PCP_FOLLOWUP-20260103,MOCK03032,HTN_PCP_FOLLOWUP,2026-01-03,25.0,True,Research-generated IncentiveRewards mock,MyRewards Health Action Incentive,CARE_GAP_COMPLETION,USD
IR-MOCK03038-HTN_PCP_FOLLOWUP-20260102,MOCK03038,HTN_PCP_FOLLOWUP,2026-01-02,5.0,True,Research-generated IncentiveRewards mock,MyRewards Health Action Incentive,CARE_GAP_COMPLETION,USD
IR-MOCK03044-HTN_PCP_FOLLOWUP-20260121,MOCK03044,HTN_PCP_FOLLOWUP,2026-01-21,10.0,True,Research-generated IncentiveRewards mock,MyRewards Health Action Incentive,CARE_GAP_COMPLETION,USD
IR-MOCK03068-HTN_PCP_FOLLOWUP-20260203,MOCK03068,HTN_PCP_FOLLOWUP,2026-02-03,20.0,True,Research-generated IncentiveRewards mock,MyRewards Health Action Incentive,CARE_GAP_COMPLETION,USD
IR-MOCK03074-HTN_PCP_FOLLOWUP-20260201,MOCK03074,HTN_PCP_FOLLOWUP,2026-02-01,10.0,True,Research-generated IncentiveRewards mock,MyRewards Health Action Incentive,CARE_GAP_COMPLETION,USD
IR-MOCK03086-HTN_PCP_FOLLOWUP-20260126,MOCK03086,HTN_PCP_FOLLOWUP,2026-01-26,10.0,True,Research-generated IncentiveRewards mock,MyRewards Health Action Incentive,CARE_GAP_COMPLETION,USD
IR-MOCK03092-HTN_PCP_FOLLOWUP-20260119,MOCK03092,HTN_PCP_FOLLOWUP,2026-01-19,35.0,True,Research-generated IncentiveRewards mock,MyRewards Health Action Incentive,CARE_GAP_COMPLETION,USD
IR-MOCK03098-HTN_PCP_FOLLOWUP-20260125,MOCK03098,HTN_PCP_FOLLOWUP,2026-01-25,10.0,True,Research-generated IncentiveRewards mock,MyRewards Health Action Incentive,CARE_GAP_COMPLETION,USD
IR-MOCK03104-HTN_PCP_FOLLOWUP-20260121,MOCK03104,HTN_PCP_FOLLOWUP,2026-01-21,35.0,True,Research-generated IncentiveRewards mock,MyRewards Health Action Incentive,CARE_GAP_COMPLETION,USD
IR-MOCK03116-HTN_PCP_FOLLOWUP-20260116,MOCK03116,HTN_PCP_FOLLOWUP,2026-01-16,35.0,True,Research-generated IncentiveRewards mock,MyRewards Health Action Incentive,CARE_GAP_COMPLETION,USD
IR-MOCK03134-HTN_PCP_FOLLOWUP-20260203,MOCK03134,HTN_PCP_FOLLOWUP,2026-02-03,10.0,True,Research-generated IncentiveRewards mock,MyRewards Health Action Incentive,CARE_GAP_COMPLETION,USD
IR-MOCK03140-HTN_PCP_FOLLOWUP-20260122,MOCK03140,HTN_PCP_FOLLOWUP,2026-01-22,10.0,True,Research-generated IncentiveRewards mock,MyRewards Health Action Incentive,CARE_GAP_COMPLETION,USD
IR-MOCK03164-HTN_PCP_FOLLOWUP-20251231,MOCK03164,HTN_PCP_FOLLOWUP,2025-12-31,45.0,True,Research-generated IncentiveRewards mock,MyRewards Health Action Incentive,CARE_GAP_COMPLETION,USD
IR-MOCK03182-HTN_PCP_FOLLOWUP-20260204,MOCK03182,HTN_PCP_FOLLOWUP,2026-02-04,20.0,True,Research-generated IncentiveRewards mock,MyRewards Health Action Incentive,CARE_GAP_COMPLETION,USD
IR-MOCK03206-HTN_PCP_FOLLOWUP-20260125,MOCK03206,HTN_PCP_FOLLOWUP,2026-01-25,35.0,True,Research-generated IncentiveRewards mock,MyRewards Health Action Incentive,CARE_GAP_COMPLETION,USD
IR-MOCK03212-HTN_PCP_FOLLOWUP-20260101,MOCK03212,HTN_PCP_FOLLOWUP,2026-01-01,5.0,True,Research-generated IncentiveRewards mock,MyRewards Health Action Incentive,CARE_GAP_COMPLETION,USD
IR-MOCK03218-HTN_PCP_FOLLOWUP-20260131,MOCK03218,HTN_PCP_FOLLOWUP,2026-01-31,10.0,True,Research-generated IncentiveRewards mock,MyRewards Health Action Incentive,CARE_GAP_COMPLETION,USD
IR-MOCK03230-HTN_PCP_FOLLOWUP-20260206,MOCK03230,HTN_PCP_FOLLOWUP,2026-02-06,35.0,True,Research-generated IncentiveRewards mock,MyRewards Health Action Incentive,CARE_GAP_COMPLETION,USD
IR-MOCK03236-HTN_PCP_FOLLOWUP-20260110,MOCK03236,HTN_PCP_FOLLOWUP,2026-01-10,50.0,True,Research-generated IncentiveRewards mock,MyRewards Health Action Incentive,CARE_GAP_COMPLETION,USD
IR-MOCK03248-HTN_PCP_FOLLOWUP-20260110,MOCK03248,HTN_PCP_FOLLOWUP,2026-01-10,25.0,True,Research-generated IncentiveRewards mock,MyRewards Health Action Incentive,CARE_GAP_COMPLETION,USD
IR-MOCK03260-HTN_PCP_FOLLOWUP-20260107,MOCK03260,HTN_PCP_FOLLOWUP,2026-01-07,20.0,True,Research-generated IncentiveRewards mock,MyRewards Health Action Incentive,CARE_GAP_COMPLETION,USD
IR-MOCK03272-HTN_PCP_FOLLOWUP-20260105,MOCK03272,HTN_PCP_FOLLOWUP,2026-01-05,35.0,True,Research-generated IncentiveRewards mock,MyRewards Health Action Incentive,CARE_GAP_COMPLETION,USD
IR-MOCK03290-HTN_PCP_FOLLOWUP-20260128,MOCK03290,HTN_PCP_FOLLOWUP,2026-01-28,25.0,True,Research-generated IncentiveRewards mock,MyRewards Health Action Incentive,CARE_GAP_COMPLETION,USD
IR-MOCK03296-HTN_PCP_FOLLOWUP-20260122,MOCK03296,HTN_PCP_FOLLOWUP,2026-01-22,15.0,True,Research-generated IncentiveRewards mock,MyRewards Health Action Incentive,CARE_GAP_COMPLETION,USD
IR-MOCK03302-HTN_PCP_FOLLOWUP-20260112,MOCK03302,HTN_PCP_FOLLOWUP,2026-01-12,15.0,True,Research-generated IncentiveRewards mock,MyRewards Health Action Incentive,CARE_GAP_COMPLETION,USD
IR-MOCK03314-HTN_PCP_FOLLOWUP-20260124,MOCK03314,HTN_PCP_FOLLOWUP,2026-01-24,15.0,True,Research-generated IncentiveRewards mock,MyRewards Health Action Incentive,CARE_GAP_COMPLETION,USD
IR-MOCK03320-HTN_PCP_FOLLOWUP-20260120,MOCK03320,HTN_PCP_FOLLOWUP,2026-01-20,15.0,True,Research-generated IncentiveRewards mock,MyRewards Health Action Incentive,CARE_GAP_COMPLETION,USD
IR-MOCK03326-HTN_PCP_FOLLOWUP-20260119,MOCK03326,HTN_PCP_FOLLOWUP,2026-01-19,30.0,True,Research-generated IncentiveRewards mock,MyRewards Health Action Incentive,CARE_GAP_COMPLETION,USD
IR-MOCK03344-HTN_PCP_FOLLOWUP-20260119,MOCK03344,HTN_PCP_FOLLOWUP,2026-01-19,40.0,True,Research-generated IncentiveRewards mock,MyRewards Health Action Incentive,CARE_GAP_COMPLETION,USD
IR-MOCK03374-HTN_PCP_FOLLOWUP-20260103,MOCK03374,HTN_PCP_FOLLOWUP,2026-01-03,10.0,True,Research-generated IncentiveRewards mock,MyRewards Health Action Incentive,CARE_GAP_COMPLETION,USD
IR-MOCK03398-HTN_PCP_FOLLOWUP-20260112,MOCK03398,HTN_PCP_FOLLOWUP,2026-01-12,10.0,True,Research-generated IncentiveRewards mock,MyRewards Health Action Incentive,CARE_GAP_COMPLETION,USD
IR-MOCK03404-HTN_PCP_FOLLOWUP-20260111,MOCK03404,HTN_PCP_FOLLOWUP,2026-01-11,15.0,True,Research-generated IncentiveRewards mock,MyRewards Health Action Incentive,CARE_GAP_COMPLETION,USD
IR-MOCK03416-HTN_PCP_FOLLOWUP-20260128,MOCK03416,HTN_PCP_FOLLOWUP,2026-01-28,10.0,True,Research-generated IncentiveRewards mock,MyRewards Health Action Incentive,CARE_GAP_COMPLETION,USD
IR-MOCK03428-HTN_PCP_FOLLOWUP-20260108,MOCK03428,HTN_PCP_FOLLOWUP,2026-01-08,25.0,True,Research-generated IncentiveRewards mock,MyRewards Health Action Incentive,CARE_GAP_COMPLETION,USD
IR-MOCK03440-HTN_PCP_FOLLOWUP-20260126,MOCK03440,HTN_PCP_FOLLOWUP,2026-01-26,35.0,True,Research-generated IncentiveRewards mock,MyRewards Health Action Incentive,CARE_GAP_COMPLETION,USD
IR-MOCK03446-HTN_PCP_FOLLOWUP-20260120,MOCK03446,HTN_PCP_FOLLOWUP,2026-01-20,25.0,True,Research-generated IncentiveRewards mock,MyRewards Health Action Incentive,CARE_GAP_COMPLETION,USD
IR-MOCK03452-HTN_PCP_FOLLOWUP-20260121,MOCK03452,HTN_PCP_FOLLOWUP,2026-01-21,15.0,True,Research-generated IncentiveRewards mock,MyRewards Health Action Incentive,CARE_GAP_COMPLETION,USD
IR-MOCK03512-HTN_PCP_FOLLOWUP-20260107,MOCK03512,HTN_PCP_FOLLOWUP,2026-01-07,5.0,True,Research-generated IncentiveRewards mock,MyRewards Health Action Incentive,CARE_GAP_COMPLETION,USD
IR-MOCK03524-HTN_PCP_FOLLOWUP-20260130,MOCK03524,HTN_PCP_FOLLOWUP,2026-01-30,10.0,True,Research-generated IncentiveRewards mock,MyRewards Health Action Incentive,CARE_GAP_COMPLETION,USD
IR-MOCK03530-HTN_PCP_FOLLOWUP-20260201,MOCK03530,HTN_PCP_FOLLOWUP,2026-02-01,30.0,True,Research-generated IncentiveRewards mock,MyRewards Health Action Incentive,CARE_GAP_COMPLETION,USD
IR-MOCK03548-HTN_PCP_FOLLOWUP-20260119,MOCK03548,HTN_PCP_FOLLOWUP,2026-01-19,30.0,True,Research-generated IncentiveRewards mock,MyRewards Health Action Incentive,CARE_GAP_COMPLETION,USD
IR-MOCK03554-HTN_PCP_FOLLOWUP-20260123,MOCK03554,HTN_PCP_FOLLOWUP,2026-01-23,40.0,True,Research-generated IncentiveRewards mock,MyRewards Health Action Incentive,CARE_GAP_COMPLETION,USD
IR-MOCK03566-HTN_PCP_FOLLOWUP-20260112,MOCK03566,HTN_PCP_FOLLOWUP,2026-01-12,25.0,True,Research-generated IncentiveRewards mock,MyRewards Health Action Incentive,CARE_GAP_COMPLETION,USD
IR-MOCK03572-HTN_PCP_FOLLOWUP-20260119,MOCK03572,HTN_PCP_FOLLOWUP,2026-01-19,20.0,True,Research-generated IncentiveRewards mock,MyRewards Health Action Incentive,CARE_GAP_COMPLETION,USD
IR-MOCK03602-HTN_PCP_FOLLOWUP-20260206,MOCK03602,HTN_PCP_FOLLOWUP,2026-02-06,20.0,True,Research-generated IncentiveRewards mock,MyRewards Health Action Incentive,CARE_GAP_COMPLETION,USD
IR-MOCK03608-HTN_PCP_FOLLOWUP-20251230,MOCK03608,HTN_PCP_FOLLOWUP,2025-12-30,25.0,True,Research-generated IncentiveRewards mock,MyRewards Health Action Incentive,CARE_GAP_COMPLETION,USD
IR-MOCK03626-HTN_PCP_FOLLOWUP-20260101,MOCK03626,HTN_PCP_FOLLOWUP,2026-01-01,25.0,True,Research-generated IncentiveRewards mock,MyRewards Health Action Incentive,CARE_GAP_COMPLETION,USD
IR-MOCK03632-HTN_PCP_FOLLOWUP-20260116,MOCK03632,HTN_PCP_FOLLOWUP,2026-01-16,35.0,True,Research-generated IncentiveRewards mock,MyRewards Health Action Incentive,CARE_GAP_COMPLETION,USD
IR-MOCK03638-HTN_PCP_FOLLOWUP-20260122,MOCK03638,HTN_PCP_FOLLOWUP,2026-01-22,50.0,True,Research-generated IncentiveRewards mock,MyRewards Health Action Incentive,CARE_GAP_COMPLETION,USD
IR-MOCK03644-HTN_PCP_FOLLOWUP-20260122,MOCK03644,HTN_PCP_FOLLOWUP,2026-01-22,10.0,True,Research-generated IncentiveRewards mock,MyRewards Health Action Incentive,CARE_GAP_COMPLETION,USD
IR-MOCK03650-HTN_PCP_FOLLOWUP-20260103,MOCK03650,HTN_PCP_FOLLOWUP,2026-01-03,10.0,True,Research-generated IncentiveRewards mock,MyRewards Health Action Incentive,CARE_GAP_COMPLETION,USD
IR-MOCK03656-HTN_PCP_FOLLOWUP-20260109,MOCK03656,HTN_PCP_FOLLOWUP,2026-01-09,30.0,True,Research-generated IncentiveRewards mock,MyRewards Health Action Incentive,CARE_GAP_COMPLETION,USD
IR-MOCK03668-HTN_PCP_FOLLOWUP-20260123,MOCK03668,HTN_PCP_FOLLOWUP,2026-01-23,30.0,True,Research-generated IncentiveRewards mock,MyRewards Health Action Incentive,CARE_GAP_COMPLETION,USD
IR-MOCK03698-HTN_PCP_FOLLOWUP-20260106,MOCK03698,HTN_PCP_FOLLOWUP,2026-01-06,25.0,True,Research-generated IncentiveRewards mock,MyRewards Health Action Incentive,CARE_GAP_COMPLETION,USD
IR-MOCK03704-HTN_PCP_FOLLOWUP-20260203,MOCK03704,HTN_PCP_FOLLOWUP,2026-02-03,25.0,True,Research-generated IncentiveRewards mock,MyRewards Health Action Incentive,CARE_GAP_COMPLETION,USD
IR-MOCK03716-HTN_PCP_FOLLOWUP-20251230,MOCK03716,HTN_PCP_FOLLOWUP,2025-12-30,25.0,True,Research-generated IncentiveRewards mock,MyRewards Health Action Incentive,CARE_GAP_COMPLETION,USD
IR-MOCK03722-HTN_PCP_FOLLOWUP-20251231,MOCK03722,HTN_PCP_FOLLOWUP,2025-12-31,20.0,True,Research-generated IncentiveRewards mock,MyRewards Health Action Incentive,CARE_GAP_COMPLETION,USD
IR-MOCK03728-HTN_PCP_FOLLOWUP-20260106,MOCK03728,HTN_PCP_FOLLOWUP,2026-01-06,35.0,True,Research-generated IncentiveRewards mock,MyRewards Health Action Incentive,CARE_GAP_COMPLETION,USD
IR-MOCK03740-HTN_PCP_FOLLOWUP-20260107,MOCK03740,HTN_PCP_FOLLOWUP,2026-01-07,45.0,True,Research-generated IncentiveRewards mock,MyRewards Health Action Incentive,CARE_GAP_COMPLETION,USD
IR-MOCK03752-HTN_PCP_FOLLOWUP-20260115,MOCK03752,HTN_PCP_FOLLOWUP,2026-01-15,30.0,True,Research-generated IncentiveRewards mock,MyRewards Health Action Incentive,CARE_GAP_COMPLETION,USD
IR-MOCK03764-HTN_PCP_FOLLOWUP-20260116,MOCK03764,HTN_PCP_FOLLOWUP,2026-01-16,20.0,True,Research-generated IncentiveRewards mock,MyRewards Health Action Incentive,CARE_GAP_COMPLETION,USD
IR-MOCK03782-HTN_PCP_FOLLOWUP-20260120,MOCK03782,HTN_PCP_FOLLOWUP,2026-01-20,50.0,True,Research-generated IncentiveRewards mock,MyRewards Health Action Incentive,CARE_GAP_COMPLETION,USD
IR-MOCK03788-HTN_PCP_FOLLOWUP-20260119,MOCK03788,HTN_PCP_FOLLOWUP,2026-01-19,25.0,True,Research-generated IncentiveRewards mock,MyRewards Health Action Incentive,CARE_GAP_COMPLETION,USD
IR-MOCK03806-HTN_PCP_FOLLOWUP-20260122,MOCK03806,HTN_PCP_FOLLOWUP,2026-01-22,25.0,True,Research-generated IncentiveRewards mock,MyRewards Health Action Incentive,CARE_GAP_COMPLETION,USD
IR-MOCK03812-HTN_PCP_FOLLOWUP-20260108,MOCK03812,HTN_PCP_FOLLOWUP,2026-01-08,35.0,True,Research-generated IncentiveRewards mock,MyRewards Health Action Incentive,CARE_GAP_COMPLETION,USD
IR-MOCK03818-HTN_PCP_FOLLOWUP-20260115,MOCK03818,HTN_PCP_FOLLOWUP,2026-01-15,10.0,True,Research-generated IncentiveRewards mock,MyRewards Health Action Incentive,CARE_GAP_COMPLETION,USD
IR-MOCK03824-HTN_PCP_FOLLOWUP-20260103,MOCK03824,HTN_PCP_FOLLOWUP,2026-01-03,15.0,True,Research-generated IncentiveRewards mock,MyRewards Health Action Incentive,CARE_GAP_COMPLETION,USD
IR-MOCK03830-HTN_PCP_FOLLOWUP-20260204,MOCK03830,HTN_PCP_FOLLOWUP,2026-02-04,30.0,True,Research-generated IncentiveRewards mock,MyRewards Health Action Incentive,CARE_GAP_COMPLETION,USD
IR-MOCK03836-HTN_PCP_FOLLOWUP-20260128,MOCK03836,HTN_PCP_FOLLOWUP,2026-01-28,30.0,True,Research-generated IncentiveRewards mock,MyRewards Health Action Incentive,CARE_GAP_COMPLETION,USD
IR-MOCK03842-HTN_PCP_FOLLOWUP-20260110,MOCK03842,HTN_PCP_FOLLOWUP,2026-01-10,35.0,True,Research-generated IncentiveRewards mock,MyRewards Health Action Incentive,CARE_GAP_COMPLETION,USD
IR-MOCK03878-HTN_PCP_FOLLOWUP-20260205,MOCK03878,HTN_PCP_FOLLOWUP,2026-02-05,25.0,True,Research-generated IncentiveRewards mock,MyRewards Health Action Incentive,CARE_GAP_COMPLETION,USD
IR-MOCK03890-HTN_PCP_FOLLOWUP-20260206,MOCK03890,HTN_PCP_FOLLOWUP,2026-02-06,25.0,True,Research-generated IncentiveRewards mock,MyRewards Health Action Incentive,CARE_GAP_COMPLETION,USD
IR-MOCK03914-HTN_PCP_FOLLOWUP-20260117,MOCK03914,HTN_PCP_FOLLOWUP,2026-01-17,20.0,True,Research-generated IncentiveRewards mock,MyRewards Health Action Incentive,CARE_GAP_COMPLETION,USD
IR-MOCK03926-HTN_PCP_FOLLOWUP-20260107,MOCK03926,HTN_PCP_FOLLOWUP,2026-01-07,30.0,True,Research-generated IncentiveRewards mock,MyRewards Health Action Incentive,CARE_GAP_COMPLETION,USD
IR-MOCK03932-HTN_PCP_FOLLOWUP-20260131,MOCK03932,HTN_PCP_FOLLOWUP,2026-01-31,25.0,True,Research-generated IncentiveRewards mock,MyRewards Health Action Incentive,CARE_GAP_COMPLETION,USD
IR-MOCK03938-HTN_PCP_FOLLOWUP-20260130,MOCK03938,HTN_PCP_FOLLOWUP,2026-01-30,50.0,True,Research-generated IncentiveRewards mock,MyRewards Health Action Incentive,CARE_GAP_COMPLETION,USD
IR-MOCK03944-HTN_PCP_FOLLOWUP-20260119,MOCK03944,HTN_PCP_FOLLOWUP,2026-01-19,15.0,True,Research-generated IncentiveRewards mock,MyRewards Health Action Incentive,CARE_GAP_COMPLETION,USD
IR-MOCK03956-HTN_PCP_FOLLOWUP-20260104,MOCK03956,HTN_PCP_FOLLOWUP,2026-01-04,10.0,True,Research-generated IncentiveRewards mock,MyRewards Health Action Incentive,CARE_GAP_COMPLETION,USD
IR-MOCK03962-HTN_PCP_FOLLOWUP-20260107,MOCK03962,HTN_PCP_FOLLOWUP,2026-01-07,5.0,True,Research-generated IncentiveRewards mock,MyRewards Health Action Incentive,CARE_GAP_COMPLETION,USD
IR-MOCK03980-HTN_PCP_FOLLOWUP-20260120,MOCK03980,HTN_PCP_FOLLOWUP,2026-01-20,30.0,True,Research-generated IncentiveRewards mock,MyRewards Health Action Incentive,CARE_GAP_COMPLETION,USD
IR-MOCK04016-HTN_PCP_FOLLOWUP-20260112,MOCK04016,HTN_PCP_FOLLOWUP,2026-01-12,25.0,True,Research-generated IncentiveRewards mock,MyRewards Health Action Incentive,CARE_GAP_COMPLETION,USD
IR-MOCK04028-HTN_PCP_FOLLOWUP-20260205,MOCK04028,HTN_PCP_FOLLOWUP,2026-02-05,20.0,True,Research-generated IncentiveRewards mock,MyRewards Health Action Incentive,CARE_GAP_COMPLETION,USD
IR-MOCK04040-HTN_PCP_FOLLOWUP-20260118,MOCK04040,HTN_PCP_FOLLOWUP,2026-01-18,25.0,True,Research-generated IncentiveRewards mock,MyRewards Health Action Incentive,CARE_GAP_COMPLETION,USD
IR-MOCK04046-HTN_PCP_FOLLOWUP-20260109,MOCK04046,HTN_PCP_FOLLOWUP,2026-01-09,20.0,True,Research-generated IncentiveRewards mock,MyRewards Health Action Incentive,CARE_GAP_COMPLETION,USD
IR-MOCK04064-HTN_PCP_FOLLOWUP-20260122,MOCK04064,HTN_PCP_FOLLOWUP,2026-01-22,20.0,True,Research-generated IncentiveRewards mock,MyRewards Health Action Incentive,CARE_GAP_COMPLETION,USD
IR-MOCK04070-HTN_PCP_FOLLOWUP-20251231,MOCK04070,HTN_PCP_FOLLOWUP,2025-12-31,10.0,True,Research-generated IncentiveRewards mock,MyRewards Health Action Incentive,CARE_GAP_COMPLETION,USD
IR-MOCK04076-HTN_PCP_FOLLOWUP-20260106,MOCK04076,HTN_PCP_FOLLOWUP,2026-01-06,5.0,True,Research-generated IncentiveRewards mock,MyRewards Health Action Incentive,CARE_GAP_COMPLETION,USD
IR-MOCK04088-HTN_PCP_FOLLOWUP-20260113,MOCK04088,HTN_PCP_FOLLOWUP,2026-01-13,15.0,True,Research-generated IncentiveRewards mock,MyRewards Health Action Incentive,CARE_GAP_COMPLETION,USD
IR-MOCK04094-HTN_PCP_FOLLOWUP-20260115,MOCK04094,HTN_PCP_FOLLOWUP,2026-01-15,15.0,True,Research-generated IncentiveRewards mock,MyRewards Health Action Incentive,CARE_GAP_COMPLETION,USD
IR-MOCK04106-HTN_PCP_FOLLOWUP-20260116,MOCK04106,HTN_PCP_FOLLOWUP,2026-01-16,50.0,True,Research-generated IncentiveRewards mock,MyRewards Health Action Incentive,CARE_GAP_COMPLETION,USD
IR-MOCK04112-HTN_PCP_FOLLOWUP-20260128,MOCK04112,HTN_PCP_FOLLOWUP,2026-01-28,15.0,True,Research-generated IncentiveRewards mock,MyRewards Health Action Incentive,CARE_GAP_COMPLETION,USD
IR-MOCK04124-HTN_PCP_FOLLOWUP-20260128,MOCK04124,HTN_PCP_FOLLOWUP,2026-01-28,35.0,True,Research-generated IncentiveRewards mock,MyRewards Health Action Incentive,CARE_GAP_COMPLETION,USD
IR-MOCK04142-HTN_PCP_FOLLOWUP-20260121,MOCK04142,HTN_PCP_FOLLOWUP,2026-01-21,30.0,True,Research-generated IncentiveRewards mock,MyRewards Health Action Incentive,CARE_GAP_COMPLETION,USD
IR-MOCK04172-HTN_PCP_FOLLOWUP-20260101,MOCK04172,HTN_PCP_FOLLOWUP,2026-01-01,20.0,True,Research-generated IncentiveRewards mock,MyRewards Health Action Incentive,CARE_GAP_COMPLETION,USD
IR-MOCK04178-HTN_PCP_FOLLOWUP-20260128,MOCK04178,HTN_PCP_FOLLOWUP,2026-01-28,30.0,True,Research-generated IncentiveRewards mock,MyRewards Health Action Incentive,CARE_GAP_COMPLETION,USD
IR-MOCK04190-HTN_PCP_FOLLOWUP-20260113,MOCK04190,HTN_PCP_FOLLOWUP,2026-01-13,10.0,True,Research-generated IncentiveRewards mock,MyRewards Health Action Incentive,CARE_GAP_COMPLETION,USD
IR-MOCK04196-HTN_PCP_FOLLOWUP-20260123,MOCK04196,HTN_PCP_FOLLOWUP,2026-01-23,35.0,True,Research-generated IncentiveRewards mock,MyRewards Health Action Incentive,CARE_GAP_COMPLETION,USD
IR-MOCK04208-HTN_PCP_FOLLOWUP-20260109,MOCK04208,HTN_PCP_FOLLOWUP,2026-01-09,50.0,True,Research-generated IncentiveRewards mock,MyRewards Health Action Incentive,CARE_GAP_COMPLETION,USD
IR-MOCK04232-HTN_PCP_FOLLOWUP-20260115,MOCK04232,HTN_PCP_FOLLOWUP,2026-01-15,10.0,True,Research-generated IncentiveRewards mock,MyRewards Health Action Incentive,CARE_GAP_COMPLETION,USD
IR-MOCK04238-HTN_PCP_FOLLOWUP-20260111,MOCK04238,HTN_PCP_FOLLOWUP,2026-01-11,20.0,True,Research-generated IncentiveRewards mock,MyRewards Health Action Incentive,CARE_GAP_COMPLETION,USD
IR-MOCK04250-HTN_PCP_FOLLOWUP-20260128,MOCK04250,HTN_PCP_FOLLOWUP,2026-01-28,25.0,True,Research-generated IncentiveRewards mock,MyRewards Health Action Incentive,CARE_GAP_COMPLETION,USD
IR-MOCK04268-HTN_PCP_FOLLOWUP-20260117,MOCK04268,HTN_PCP_FOLLOWUP,2026-01-17,5.0,True,Research-generated IncentiveRewards mock,MyRewards Health Action Incentive,CARE_GAP_COMPLETION,USD
IR-MOCK04274-HTN_PCP_FOLLOWUP-20260124,MOCK04274,HTN_PCP_FOLLOWUP,2026-01-24,25.0,True,Research-generated IncentiveRewards mock,MyRewards Health Action Incentive,CARE_GAP_COMPLETION,USD
IR-MOCK04286-HTN_PCP_FOLLOWUP-20260115,MOCK04286,HTN_PCP_FOLLOWUP,2026-01-15,50.0,True,Research-generated IncentiveRewards mock,MyRewards Health Action Incentive,CARE_GAP_COMPLETION,USD
IR-MOCK04304-HTN_PCP_FOLLOWUP-20251230,MOCK04304,HTN_PCP_FOLLOWUP,2025-12-30,15.0,True,Research-generated IncentiveRewards mock,MyRewards Health Action Incentive,CARE_GAP_COMPLETION,USD
IR-MOCK04316-HTN_PCP_FOLLOWUP-20260206,MOCK04316,HTN_PCP_FOLLOWUP,2026-02-06,15.0,True,Research-generated IncentiveRewards mock,MyRewards Health Action Incentive,CARE_GAP_COMPLETION,USD
IR-MOCK04322-HTN_PCP_FOLLOWUP-20260115,MOCK04322,HTN_PCP_FOLLOWUP,2026-01-15,20.0,True,Research-generated IncentiveRewards mock,MyRewards Health Action Incentive,CARE_GAP_COMPLETION,USD
IR-MOCK04358-HTN_PCP_FOLLOWUP-20260103,MOCK04358,HTN_PCP_FOLLOWUP,2026-01-03,25.0,True,Research-generated IncentiveRewards mock,MyRewards Health Action Incentive,CARE_GAP_COMPLETION,USD
IR-MOCK04364-HTN_PCP_FOLLOWUP-20260115,MOCK04364,HTN_PCP_FOLLOWUP,2026-01-15,5.0,True,Research-generated IncentiveRewards mock,MyRewards Health Action Incentive,CARE_GAP_COMPLETION,USD
IR-MOCK04370-HTN_PCP_FOLLOWUP-20260115,MOCK04370,HTN_PCP_FOLLOWUP,2026-01-15,20.0,True,Research-generated IncentiveRewards mock,MyRewards Health Action Incentive,CARE_GAP_COMPLETION,USD
IR-MOCK04376-HTN_PCP_FOLLOWUP-20260131,MOCK04376,HTN_PCP_FOLLOWUP,2026-01-31,35.0,True,Research-generated IncentiveRewards mock,MyRewards Health Action Incentive,CARE_GAP_COMPLETION,USD
IR-MOCK04394-HTN_PCP_FOLLOWUP-20260115,MOCK04394,HTN_PCP_FOLLOWUP,2026-01-15,25.0,True,Research-generated IncentiveRewards mock,MyRewards Health Action Incentive,CARE_GAP_COMPLETION,USD
IR-MOCK04418-HTN_PCP_FOLLOWUP-20260204,MOCK04418,HTN_PCP_FOLLOWUP,2026-02-04,25.0,True,Research-generated IncentiveRewards mock,MyRewards Health Action Incentive,CARE_GAP_COMPLETION,USD
IR-MOCK04436-HTN_PCP_FOLLOWUP-20260128,MOCK04436,HTN_PCP_FOLLOWUP,2026-01-28,25.0,True,Research-generated IncentiveRewards mock,MyRewards Health Action Incentive,CARE_GAP_COMPLETION,USD
IR-MOCK04442-HTN_PCP_FOLLOWUP-20260123,MOCK04442,HTN_PCP_FOLLOWUP,2026-01-23,25.0,True,Research-generated IncentiveRewards mock,MyRewards Health Action Incentive,CARE_GAP_COMPLETION,USD
IR-MOCK04448-HTN_PCP_FOLLOWUP-20260202,MOCK04448,HTN_PCP_FOLLOWUP,2026-02-02,35.0,True,Research-generated IncentiveRewards mock,MyRewards Health Action Incentive,CARE_GAP_COMPLETION,USD
IR-MOCK04478-HTN_PCP_FOLLOWUP-20260108,MOCK04478,HTN_PCP_FOLLOWUP,2026-01-08,25.0,True,Research-generated IncentiveRewards mock,MyRewards Health Action Incentive,CARE_GAP_COMPLETION,USD
IR-MOCK04484-HTN_PCP_FOLLOWUP-20260203,MOCK04484,HTN_PCP_FOLLOWUP,2026-02-03,10.0,True,Research-generated IncentiveRewards mock,MyRewards Health Action Incentive,CARE_GAP_COMPLETION,USD
IR-MOCK04508-HTN_PCP_FOLLOWUP-20260103,MOCK04508,HTN_PCP_FOLLOWUP,2026-01-03,25.0,True,Research-generated IncentiveRewards mock,MyRewards Health Action Incentive,CARE_GAP_COMPLETION,USD
IR-MOCK04514-HTN_PCP_FOLLOWUP-20260109,MOCK04514,HTN_PCP_FOLLOWUP,2026-01-09,15.0,True,Research-generated IncentiveRewards mock,MyRewards Health Action Incentive,CARE_GAP_COMPLETION,USD
IR-MOCK04520-HTN_PCP_FOLLOWUP-20260104,MOCK04520,HTN_PCP_FOLLOWUP,2026-01-04,25.0,True,Research-generated IncentiveRewards mock,MyRewards Health Action Incentive,CARE_GAP_COMPLETION,USD
IR-MOCK04526-HTN_PCP_FOLLOWUP-20260114,MOCK04526,HTN_PCP_FOLLOWUP,2026-01-14,35.0,True,Research-generated IncentiveRewards mock,MyRewards Health Action Incentive,CARE_GAP_COMPLETION,USD
IR-MOCK04532-HTN_PCP_FOLLOWUP-20260111,MOCK04532,HTN_PCP_FOLLOWUP,2026-01-11,35.0,True,Research-generated IncentiveRewards mock,MyRewards Health Action Incentive,CARE_GAP_COMPLETION,USD
IR-MOCK04550-HTN_PCP_FOLLOWUP-20251230,MOCK04550,HTN_PCP_FOLLOWUP,2025-12-30,15.0,True,Research-generated IncentiveRewards mock,MyRewards Health Action Incentive,CARE_GAP_COMPLETION,USD
IR-MOCK04556-HTN_PCP_FOLLOWUP-20260103,MOCK04556,HTN_PCP_FOLLOWUP,2026-01-03,25.0,True,Research-generated IncentiveRewards mock,MyRewards Health Action Incentive,CARE_GAP_COMPLETION,USD
IR-MOCK04562-HTN_PCP_FOLLOWUP-20260105,MOCK04562,HTN_PCP_FOLLOWUP,2026-01-05,25.0,True,Research-generated IncentiveRewards mock,MyRewards Health Action Incentive,CARE_GAP_COMPLETION,USD
IR-MOCK04580-HTN_PCP_FOLLOWUP-20260111,MOCK04580,HTN_PCP_FOLLOWUP,2026-01-11,25.0,True,Research-generated IncentiveRewards mock,MyRewards Health Action Incentive,CARE_GAP_COMPLETION,USD
IR-MOCK04592-HTN_PCP_FOLLOWUP-20260111,MOCK04592,HTN_PCP_FOLLOWUP,2026-01-11,25.0,True,Research-generated IncentiveRewards mock,MyRewards Health Action Incentive,CARE_GAP_COMPLETION,USD
IR-MOCK04598-HTN_PCP_FOLLOWUP-20260111,MOCK04598,HTN_PCP_FOLLOWUP,2026-01-11,30.0,True,Research-generated IncentiveRewards mock,MyRewards Health Action Incentive,CARE_GAP_COMPLETION,USD
IR-MOCK04610-HTN_PCP_FOLLOWUP-20260120,MOCK04610,HTN_PCP_FOLLOWUP,2026-01-20,35.0,True,Research-generated IncentiveRewards mock,MyRewards Health Action Incentive,CARE_GAP_COMPLETION,USD
IR-MOCK04616-HTN_PCP_FOLLOWUP-20260111,MOCK04616,HTN_PCP_FOLLOWUP,2026-01-11,20.0,True,Research-generated IncentiveRewards mock,MyRewards Health Action Incentive,CARE_GAP_COMPLETION,USD
IR-MOCK04628-HTN_PCP_FOLLOWUP-20260114,MOCK04628,HTN_PCP_FOLLOWUP,2026-01-14,25.0,True,Research-generated IncentiveRewards mock,MyRewards Health Action Incentive,CARE_GAP_COMPLETION,USD
IR-MOCK04634-HTN_PCP_FOLLOWUP-20251230,MOCK04634,HTN_PCP_FOLLOWUP,2025-12-30,10.0,True,Research-generated IncentiveRewards mock,MyRewards Health Action Incentive,CARE_GAP_COMPLETION,USD
IR-MOCK04640-HTN_PCP_FOLLOWUP-20260118,MOCK04640,HTN_PCP_FOLLOWUP,2026-01-18,40.0,True,Research-generated IncentiveRewards mock,MyRewards Health Action Incentive,CARE_GAP_COMPLETION,USD
IR-MOCK04646-HTN_PCP_FOLLOWUP-20260204,MOCK04646,HTN_PCP_FOLLOWUP,2026-02-04,25.0,True,Research-generated IncentiveRewards mock,MyRewards Health Action Incentive,CARE_GAP_COMPLETION,USD
IR-MOCK04658-HTN_PCP_FOLLOWUP-20260103,MOCK04658,HTN_PCP_FOLLOWUP,2026-01-03,20.0,True,Research-generated IncentiveRewards mock,MyRewards Health Action Incentive,CARE_GAP_COMPLETION,USD
IR-MOCK04676-HTN_PCP_FOLLOWUP-20260106,MOCK04676,HTN_PCP_FOLLOWUP,2026-01-06,20.0,True,Research-generated IncentiveRewards mock,MyRewards Health Action Incentive,CARE_GAP_COMPLETION,USD
IR-MOCK04682-HTN_PCP_FOLLOWUP-20260104,MOCK04682,HTN_PCP_FOLLOWUP,2026-01-04,5.0,True,Research-generated IncentiveRewards mock,MyRewards Health Action Incentive,CARE_GAP_COMPLETION,USD
IR-MOCK04688-HTN_PCP_FOLLOWUP-20260202,MOCK04688,HTN_PCP_FOLLOWUP,2026-02-02,10.0,True,Research-generated IncentiveRewards mock,MyRewards Health Action Incentive,CARE_GAP_COMPLETION,USD
IR-MOCK04694-HTN_PCP_FOLLOWUP-20260206,MOCK04694,HTN_PCP_FOLLOWUP,2026-02-06,50.0,True,Research-generated IncentiveRewards mock,MyRewards Health Action Incentive,CARE_GAP_COMPLETION,USD
IR-MOCK04700-HTN_PCP_FOLLOWUP-20260121,MOCK04700,HTN_PCP_FOLLOWUP,2026-01-21,30.0,True,Research-generated IncentiveRewards mock,MyRewards Health Action Incentive,CARE_GAP_COMPLETION,USD
IR-MOCK04712-HTN_PCP_FOLLOWUP-20260124,MOCK04712,HTN_PCP_FOLLOWUP,2026-01-24,30.0,True,Research-generated IncentiveRewards mock,MyRewards Health Action Incentive,CARE_GAP_COMPLETION,USD
IR-MOCK04736-HTN_PCP_FOLLOWUP-20260127,MOCK04736,HTN_PCP_FOLLOWUP,2026-01-27,25.0,True,Research-generated IncentiveRewards mock,MyRewards Health Action Incentive,CARE_GAP_COMPLETION,USD
IR-MOCK04742-HTN_PCP_FOLLOWUP-20260102,MOCK04742,HTN_PCP_FOLLOWUP,2026-01-02,35.0,True,Research-generated IncentiveRewards mock,MyRewards Health Action Incentive,CARE_GAP_COMPLETION,USD
IR-MOCK04754-HTN_PCP_FOLLOWUP-20260206,MOCK04754,HTN_PCP_FOLLOWUP,2026-02-06,25.0,True,Research-generated IncentiveRewards mock,MyRewards Health Action Incentive,CARE_GAP_COMPLETION,USD
IR-MOCK04778-HTN_PCP_FOLLOWUP-20260123,MOCK04778,HTN_PCP_FOLLOWUP,2026-01-23,35.0,True,Research-generated IncentiveRewards mock,MyRewards Health Action Incentive,CARE_GAP_COMPLETION,USD
IR-MOCK04784-HTN_PCP_FOLLOWUP-20260120,MOCK04784,HTN_PCP_FOLLOWUP,2026-01-20,20.0,True,Research-generated IncentiveRewards mock,MyRewards Health Action Incentive,CARE_GAP_COMPLETION,USD
IR-MOCK04832-HTN_PCP_FOLLOWUP-20260115,MOCK04832,HTN_PCP_FOLLOWUP,2026-01-15,20.0,True,Research-generated IncentiveRewards mock,MyRewards Health Action Incentive,CARE_GAP_COMPLETION,USD
IR-MOCK04838-HTN_PCP_FOLLOWUP-20260206,MOCK04838,HTN_PCP_FOLLOWUP,2026-02-06,15.0,True,Research-generated IncentiveRewards mock,MyRewards Health Action Incentive,CARE_GAP_COMPLETION,USD
IR-MOCK04856-HTN_PCP_FOLLOWUP-20260125,MOCK04856,HTN_PCP_FOLLOWUP,2026-01-25,25.0,True,Research-generated IncentiveRewards mock,MyRewards Health Action Incentive,CARE_GAP_COMPLETION,USD
IR-MOCK04868-HTN_PCP_FOLLOWUP-20260110,MOCK04868,HTN_PCP_FOLLOWUP,2026-01-10,10.0,True,Research-generated IncentiveRewards mock,MyRewards Health Action Incentive,CARE_GAP_COMPLETION,USD
IR-MOCK04874-HTN_PCP_FOLLOWUP-20260205,MOCK04874,HTN_PCP_FOLLOWUP,2026-02-05,10.0,True,Research-generated IncentiveRewards mock,MyRewards Health Action Incentive,CARE_GAP_COMPLETION,USD
IR-MOCK04886-HTN_PCP_FOLLOWUP-20260101,MOCK04886,HTN_PCP_FOLLOWUP,2026-01-01,25.0,True,Research-generated IncentiveRewards mock,MyRewards Health Action Incentive,CARE_GAP_COMPLETION,USD
IR-MOCK04910-HTN_PCP_FOLLOWUP-20260121,MOCK04910,HTN_PCP_FOLLOWUP,2026-01-21,20.0,True,Research-generated IncentiveRewards mock,MyRewards Health Action Incentive,CARE_GAP_COMPLETION,USD
IR-MOCK04922-HTN_PCP_FOLLOWUP-20260126,MOCK04922,HTN_PCP_FOLLOWUP,2026-01-26,25.0,True,Research-generated IncentiveRewards mock,MyRewards Health Action Incentive,CARE_GAP_COMPLETION,USD
IR-MOCK04934-HTN_PCP_FOLLOWUP-20260104,MOCK04934,HTN_PCP_FOLLOWUP,2026-01-04,25.0,True,Research-generated IncentiveRewards mock,MyRewards Health Action Incentive,CARE_GAP_COMPLETION,USD
IR-MOCK04952-HTN_PCP_FOLLOWUP-20260104,MOCK04952,HTN_PCP_FOLLOWUP,2026-01-04,10.0,True,Research-generated IncentiveRewards mock,MyRewards Health Action Incentive,CARE_GAP_COMPLETION,USD
IR-MOCK04958-HTN_PCP_FOLLOWUP-20260125,MOCK04958,HTN_PCP_FOLLOWUP,2026-01-25,20.0,True,Research-generated IncentiveRewards mock,MyRewards Health Action Incentive,CARE_GAP_COMPLETION,USD
IR-MOCK04964-HTN_PCP_FOLLOWUP-20260103,MOCK04964,HTN_PCP_FOLLOWUP,2026-01-03,25.0,True,Research-generated IncentiveRewards mock,MyRewards Health Action Incentive,CARE_GAP_COMPLETION,USD
IR-MOCK05006-HTN_PCP_FOLLOWUP-20260201,MOCK05006,HTN_PCP_FOLLOWUP,2026-02-01,35.0,True,Research-generated IncentiveRewards mock,MyRewards Health Action Incentive,CARE_GAP_COMPLETION,USD
IR-MOCK05030-HTN_PCP_FOLLOWUP-20260126,MOCK05030,HTN_PCP_FOLLOWUP,2026-01-26,15.0,True,Research-generated IncentiveRewards mock,MyRewards Health Action Incentive,CARE_GAP_COMPLETION,USD
IR-MOCK05036-HTN_PCP_FOLLOWUP-20260129,MOCK05036,HTN_PCP_FOLLOWUP,2026-01-29,25.0,True,Research-generated IncentiveRewards mock,MyRewards Health Action Incentive,CARE_GAP_COMPLETION,USD
IR-MOCK05042-HTN_PCP_FOLLOWUP-20260206,MOCK05042,HTN_PCP_FOLLOWUP,2026-02-06,25.0,True,Research-generated IncentiveRewards mock,MyRewards Health Action Incentive,CARE_GAP_COMPLETION,USD
IR-MOCK05060-HTN_PCP_FOLLOWUP-20260202,MOCK05060,HTN_PCP_FOLLOWUP,2026-02-02,15.0,True,Research-generated IncentiveRewards mock,MyRewards Health Action Incentive,CARE_GAP_COMPLETION,USD
IR-MOCK05066-HTN_PCP_FOLLOWUP-20260105,MOCK05066,HTN_PCP_FOLLOWUP,2026-01-05,10.0,True,Research-generated IncentiveRewards mock,MyRewards Health Action Incentive,CARE_GAP_COMPLETION,USD
IR-MOCK05102-HTN_PCP_FOLLOWUP-20260122,MOCK05102,HTN_PCP_FOLLOWUP,2026-01-22,30.0,True,Research-generated IncentiveRewards mock,MyRewards Health Action Incentive,CARE_GAP_COMPLETION,USD
IR-MOCK05108-HTN_PCP_FOLLOWUP-20260108,MOCK05108,HTN_PCP_FOLLOWUP,2026-01-08,30.0,True,Research-generated IncentiveRewards mock,MyRewards Health Action Incentive,CARE_GAP_COMPLETION,USD
IR-MOCK05126-HTN_PCP_FOLLOWUP-20260121,MOCK05126,HTN_PCP_FOLLOWUP,2026-01-21,25.0,True,Research-generated IncentiveRewards mock,MyRewards Health Action Incentive,CARE_GAP_COMPLETION,USD
IR-MOCK05138-HTN_PCP_FOLLOWUP-20260113,MOCK05138,HTN_PCP_FOLLOWUP,2026-01-13,20.0,True,Research-generated IncentiveRewards mock,MyRewards Health Action Incentive,CARE_GAP_COMPLETION,USD
IR-MOCK05144-HTN_PCP_FOLLOWUP-20260112,MOCK05144,HTN_PCP_FOLLOWUP,2026-01-12,5.0,True,Research-generated IncentiveRewards mock,MyRewards Health Action Incentive,CARE_GAP_COMPLETION,USD
IR-MOCK05150-HTN_PCP_FOLLOWUP-20260126,MOCK05150,HTN_PCP_FOLLOWUP,2026-01-26,35.0,True,Research-generated IncentiveRewards mock,MyRewards Health Action Incentive,CARE_GAP_COMPLETION,USD
IR-MOCK05186-HTN_PCP_FOLLOWUP-20260120,MOCK05186,HTN_PCP_FOLLOWUP,2026-01-20,25.0,True,Research-generated IncentiveRewards mock,MyRewards Health Action Incentive,CARE_GAP_COMPLETION,USD
IR-MOCK05198-HTN_PCP_FOLLOWUP-20260202,MOCK05198,HTN_PCP_FOLLOWUP,2026-02-02,15.0,True,Research-generated IncentiveRewards mock,MyRewards Health Action Incentive,CARE_GAP_COMPLETION,USD
IR-MOCK05210-HTN_PCP_FOLLOWUP-20260125,MOCK05210,HTN_PCP_FOLLOWUP,2026-01-25,10.0,True,Research-generated IncentiveRewards mock,MyRewards Health Action Incentive,CARE_GAP_COMPLETION,USD
IR-MOCK05216-HTN_PCP_FOLLOWUP-20260129,MOCK05216,HTN_PCP_FOLLOWUP,2026-01-29,25.0,True,Research-generated IncentiveRewards mock,MyRewards Health Action Incentive,CARE_GAP_COMPLETION,USD
IR-MOCK05228-HTN_PCP_FOLLOWUP-20260127,MOCK05228,HTN_PCP_FOLLOWUP,2026-01-27,10.0,True,Research-generated IncentiveRewards mock,MyRewards Health Action Incentive,CARE_GAP_COMPLETION,USD
IR-MOCK05252-HTN_PCP_FOLLOWUP-20260203,MOCK05252,HTN_PCP_FOLLOWUP,2026-02-03,10.0,True,Research-generated IncentiveRewards mock,MyRewards Health Action Incentive,CARE_GAP_COMPLETION,USD
IR-MOCK05258-HTN_PCP_FOLLOWUP-20260108,MOCK05258,HTN_PCP_FOLLOWUP,2026-01-08,25.0,True,Research-generated IncentiveRewards mock,MyRewards Health Action Incentive,CARE_GAP_COMPLETION,USD
IR-MOCK05264-HTN_PCP_FOLLOWUP-20260124,MOCK05264,HTN_PCP_FOLLOWUP,2026-01-24,15.0,True,Research-generated IncentiveRewards mock,MyRewards Health Action Incentive,CARE_GAP_COMPLETION,USD
IR-MOCK05282-HTN_PCP_FOLLOWUP-20260206,MOCK05282,HTN_PCP_FOLLOWUP,2026-02-06,15.0,True,Research-generated IncentiveRewards mock,MyRewards Health Action Incentive,CARE_GAP_COMPLETION,USD
IR-MOCK05306-HTN_PCP_FOLLOWUP-20260130,MOCK05306,HTN_PCP_FOLLOWUP,2026-01-30,25.0,True,Research-generated IncentiveRewards mock,MyRewards Health Action Incentive,CARE_GAP_COMPLETION,USD
IR-MOCK05324-HTN_PCP_FOLLOWUP-20260124,MOCK05324,HTN_PCP_FOLLOWUP,2026-01-24,35.0,True,Research-generated IncentiveRewards mock,MyRewards Health Action Incentive,CARE_GAP_COMPLETION,USD
IR-MOCK05330-HTN_PCP_FOLLOWUP-20260110,MOCK05330,HTN_PCP_FOLLOWUP,2026-01-10,15.0,True,Research-generated IncentiveRewards mock,MyRewards Health Action Incentive,CARE_GAP_COMPLETION,USD
IR-MOCK05336-HTN_PCP_FOLLOWUP-20260128,MOCK05336,HTN_PCP_FOLLOWUP,2026-01-28,20.0,True,Research-generated IncentiveRewards mock,MyRewards Health Action Incentive,CARE_GAP_COMPLETION,USD
IR-MOCK05360-HTN_PCP_FOLLOWUP-20260120,MOCK05360,HTN_PCP_FOLLOWUP,2026-01-20,25.0,True,Research-generated IncentiveRewards mock,MyRewards Health Action Incentive,CARE_GAP_COMPLETION,USD
IR-MOCK05372-HTN_PCP_FOLLOWUP-20251230,MOCK05372,HTN_PCP_FOLLOWUP,2025-12-30,10.0,True,Research-generated IncentiveRewards mock,MyRewards Health Action Incentive,CARE_GAP_COMPLETION,USD
IR-MOCK05384-HTN_PCP_FOLLOWUP-20260124,MOCK05384,HTN_PCP_FOLLOWUP,2026-01-24,15.0,True,Research-generated IncentiveRewards mock,MyRewards Health Action Incentive,CARE_GAP_COMPLETION,USD
IR-MOCK05414-HTN_PCP_FOLLOWUP-20260129,MOCK05414,HTN_PCP_FOLLOWUP,2026-01-29,35.0,True,Research-generated IncentiveRewards mock,MyRewards Health Action Incentive,CARE_GAP_COMPLETION,USD
IR-MOCK05432-HTN_PCP_FOLLOWUP-20260117,MOCK05432,HTN_PCP_FOLLOWUP,2026-01-17,15.0,True,Research-generated IncentiveRewards mock,MyRewards Health Action Incentive,CARE_GAP_COMPLETION,USD
IR-MOCK05444-HTN_PCP_FOLLOWUP-20260130,MOCK05444,HTN_PCP_FOLLOWUP,2026-01-30,30.0,True,Research-generated IncentiveRewards mock,MyRewards Health Action Incentive,CARE_GAP_COMPLETION,USD
IR-MOCK05450-HTN_PCP_FOLLOWUP-20260119,MOCK05450,HTN_PCP_FOLLOWUP,2026-01-19,25.0,True,Research-generated IncentiveRewards mock,MyRewards Health Action Incentive,CARE_GAP_COMPLETION,USD
IR-MOCK05462-HTN_PCP_FOLLOWUP-20260112,MOCK05462,HTN_PCP_FOLLOWUP,2026-01-12,10.0,True,Research-generated IncentiveRewards mock,MyRewards Health Action Incentive,CARE_GAP_COMPLETION,USD
IR-MOCK05468-HTN_PCP_FOLLOWUP-20260125,MOCK05468,HTN_PCP_FOLLOWUP,2026-01-25,10.0,True,Research-generated IncentiveRewards mock,MyRewards Health Action Incentive,CARE_GAP_COMPLETION,USD
IR-MOCK05474-HTN_PCP_FOLLOWUP-20260105,MOCK05474,HTN_PCP_FOLLOWUP,2026-01-05,25.0,True,Research-generated IncentiveRewards mock,MyRewards Health Action Incentive,CARE_GAP_COMPLETION,USD
IR-MOCK05492-HTN_PCP_FOLLOWUP-20260111,MOCK05492,HTN_PCP_FOLLOWUP,2026-01-11,20.0,True,Research-generated IncentiveRewards mock,MyRewards Health Action Incentive,CARE_GAP_COMPLETION,USD
IR-MOCK05528-HTN_PCP_FOLLOWUP-20260124,MOCK05528,HTN_PCP_FOLLOWUP,2026-01-24,40.0,True,Research-generated IncentiveRewards mock,MyRewards Health Action Incentive,CARE_GAP_COMPLETION,USD
IR-MOCK05534-HTN_PCP_FOLLOWUP-20260205,MOCK05534,HTN_PCP_FOLLOWUP,2026-02-05,25.0,True,Research-generated IncentiveRewards mock,MyRewards Health Action Incentive,CARE_GAP_COMPLETION,USD
IR-MOCK05546-HTN_PCP_FOLLOWUP-20260102,MOCK05546,HTN_PCP_FOLLOWUP,2026-01-02,10.0,True,Research-generated IncentiveRewards mock,MyRewards Health Action Incentive,CARE_GAP_COMPLETION,USD
IR-MOCK05558-HTN_PCP_FOLLOWUP-20260122,MOCK05558,HTN_PCP_FOLLOWUP,2026-01-22,10.0,True,Research-generated IncentiveRewards mock,MyRewards Health Action Incentive,CARE_GAP_COMPLETION,USD
IR-MOCK05564-HTN_PCP_FOLLOWUP-20260103,MOCK05564,HTN_PCP_FOLLOWUP,2026-01-03,30.0,True,Research-generated IncentiveRewards mock,MyRewards Health Action Incentive,CARE_GAP_COMPLETION,USD
IR-MOCK05576-HTN_PCP_FOLLOWUP-20260204,MOCK05576,HTN_PCP_FOLLOWUP,2026-02-04,35.0,True,Research-generated IncentiveRewards mock,MyRewards Health Action Incentive,CARE_GAP_COMPLETION,USD
IR-MOCK05594-HTN_PCP_FOLLOWUP-20260111,MOCK05594,HTN_PCP_FOLLOWUP,2026-01-11,10.0,True,Research-generated IncentiveRewards mock,MyRewards Health Action Incentive,CARE_GAP_COMPLETION,USD
IR-MOCK05600-HTN_PCP_FOLLOWUP-20260131,MOCK05600,HTN_PCP_FOLLOWUP,2026-01-31,30.0,True,Research-generated IncentiveRewards mock,MyRewards Health Action Incentive,CARE_GAP_COMPLETION,USD
IR-MOCK05606-HTN_PCP_FOLLOWUP-20260110,MOCK05606,HTN_PCP_FOLLOWUP,2026-01-10,25.0,True,Research-generated IncentiveRewards mock,MyRewards Health Action Incentive,CARE_GAP_COMPLETION,USD
IR-MOCK05618-HTN_PCP_FOLLOWUP-20260121,MOCK05618,HTN_PCP_FOLLOWUP,2026-01-21,20.0,True,Research-generated IncentiveRewards mock,MyRewards Health Action Incentive,CARE_GAP_COMPLETION,USD
IR-MOCK05630-HTN_PCP_FOLLOWUP-20260106,MOCK05630,HTN_PCP_FOLLOWUP,2026-01-06,35.0,True,Research-generated IncentiveRewards mock,MyRewards Health Action Incentive,CARE_GAP_COMPLETION,USD
IR-MOCK05636-HTN_PCP_FOLLOWUP-20260108,MOCK05636,HTN_PCP_FOLLOWUP,2026-01-08,10.0,True,Research-generated IncentiveRewards mock,MyRewards Health Action Incentive,CARE_GAP_COMPLETION,USD
IR-MOCK05642-HTN_PCP_FOLLOWUP-20260117,MOCK05642,HTN_PCP_FOLLOWUP,2026-01-17,35.0,True,Research-generated IncentiveRewards mock,MyRewards Health Action Incentive,CARE_GAP_COMPLETION,USD
IR-MOCK05648-HTN_PCP_FOLLOWUP-20260106,MOCK05648,HTN_PCP_FOLLOWUP,2026-01-06,5.0,True,Research-generated IncentiveRewards mock,MyRewards Health Action Incentive,CARE_GAP_COMPLETION,USD
IR-MOCK05654-HTN_PCP_FOLLOWUP-20260124,MOCK05654,HTN_PCP_FOLLOWUP,2026-01-24,20.0,True,Research-generated IncentiveRewards mock,MyRewards Health Action Incentive,CARE_GAP_COMPLETION,USD
IR-MOCK05666-HTN_PCP_FOLLOWUP-20260103,MOCK05666,HTN_PCP_FOLLOWUP,2026-01-03,5.0,True,Research-generated IncentiveRewards mock,MyRewards Health Action Incentive,CARE_GAP_COMPLETION,USD
IR-MOCK05696-HTN_PCP_FOLLOWUP-20260114,MOCK05696,HTN_PCP_FOLLOWUP,2026-01-14,10.0,True,Research-generated IncentiveRewards mock,MyRewards Health Action Incentive,CARE_GAP_COMPLETION,USD
IR-MOCK05708-HTN_PCP_FOLLOWUP-20260106,MOCK05708,HTN_PCP_FOLLOWUP,2026-01-06,25.0,True,Research-generated IncentiveRewards mock,MyRewards Health Action Incentive,CARE_GAP_COMPLETION,USD
IR-MOCK05720-HTN_PCP_FOLLOWUP-20260125,MOCK05720,HTN_PCP_FOLLOWUP,2026-01-25,25.0,True,Research-generated IncentiveRewards mock,MyRewards Health Action Incentive,CARE_GAP_COMPLETION,USD
IR-MOCK05744-HTN_PCP_FOLLOWUP-20260122,MOCK05744,HTN_PCP_FOLLOWUP,2026-01-22,25.0,True,Research-generated IncentiveRewards mock,MyRewards Health Action Incentive,CARE_GAP_COMPLETION,USD
IR-MOCK05768-HTN_PCP_FOLLOWUP-20260131,MOCK05768,HTN_PCP_FOLLOWUP,2026-01-31,30.0,True,Research-generated IncentiveRewards mock,MyRewards Health Action Incentive,CARE_GAP_COMPLETION,USD
IR-MOCK05774-HTN_PCP_FOLLOWUP-20260109,MOCK05774,HTN_PCP_FOLLOWUP,2026-01-09,10.0,True,Research-generated IncentiveRewards mock,MyRewards Health Action Incentive,CARE_GAP_COMPLETION,USD
IR-MOCK05780-HTN_PCP_FOLLOWUP-20260128,MOCK05780,HTN_PCP_FOLLOWUP,2026-01-28,30.0,True,Research-generated IncentiveRewards mock,MyRewards Health Action Incentive,CARE_GAP_COMPLETION,USD
IR-MOCK05792-HTN_PCP_FOLLOWUP-20260127,MOCK05792,HTN_PCP_FOLLOWUP,2026-01-27,20.0,True,Research-generated IncentiveRewards mock,MyRewards Health Action Incentive,CARE_GAP_COMPLETION,USD
IR-MOCK05834-HTN_PCP_FOLLOWUP-20260101,MOCK05834,HTN_PCP_FOLLOWUP,2026-01-01,20.0,True,Research-generated IncentiveRewards mock,MyRewards Health Action Incentive,CARE_GAP_COMPLETION,USD
IR-MOCK05888-HTN_PCP_FOLLOWUP-20260204,MOCK05888,HTN_PCP_FOLLOWUP,2026-02-04,5.0,True,Research-generated IncentiveRewards mock,MyRewards Health Action Incentive,CARE_GAP_COMPLETION,USD
IR-MOCK05894-HTN_PCP_FOLLOWUP-20260131,MOCK05894,HTN_PCP_FOLLOWUP,2026-01-31,35.0,True,Research-generated IncentiveRewards mock,MyRewards Health Action Incentive,CARE_GAP_COMPLETION,USD
IR-MOCK05912-HTN_PCP_FOLLOWUP-20260203,MOCK05912,HTN_PCP_FOLLOWUP,2026-02-03,35.0,True,Research-generated IncentiveRewards mock,MyRewards Health Action Incentive,CARE_GAP_COMPLETION,USD
IR-MOCK05936-HTN_PCP_FOLLOWUP-20251231,MOCK05936,HTN_PCP_FOLLOWUP,2025-12-31,10.0,True,Research-generated IncentiveRewards mock,MyRewards Health Action Incentive,CARE_GAP_COMPLETION,USD
IR-MOCK05948-HTN_PCP_FOLLOWUP-20260131,MOCK05948,HTN_PCP_FOLLOWUP,2026-01-31,25.0,True,Research-generated IncentiveRewards mock,MyRewards Health Action Incentive,CARE_GAP_COMPLETION,USD
IR-MOCK05954-HTN_PCP_FOLLOWUP-20260124,MOCK05954,HTN_PCP_FOLLOWUP,2026-01-24,20.0,True,Research-generated IncentiveRewards mock,MyRewards Health Action Incentive,CARE_GAP_COMPLETION,USD
IR-MOCK05960-HTN_PCP_FOLLOWUP-20260104,MOCK05960,HTN_PCP_FOLLOWUP,2026-01-04,25.0,True,Research-generated IncentiveRewards mock,MyRewards Health Action Incentive,CARE_GAP_COMPLETION,USD
IR-MOCK05966-HTN_PCP_FOLLOWUP-20260107,MOCK05966,HTN_PCP_FOLLOWUP,2026-01-07,25.0,True,Research-generated IncentiveRewards mock,MyRewards Health Action Incentive,CARE_GAP_COMPLETION,USD
IR-MOCK05972-HTN_PCP_FOLLOWUP-20260201,MOCK05972,HTN_PCP_FOLLOWUP,2026-02-01,50.0,True,Research-generated IncentiveRewards mock,MyRewards Health Action Incentive,CARE_GAP_COMPLETION,USD
IR-MOCK05984-HTN_PCP_FOLLOWUP-20260128,MOCK05984,HTN_PCP_FOLLOWUP,2026-01-28,45.0,True,Research-generated IncentiveRewards mock,MyRewards Health Action Incentive,CARE_GAP_COMPLETION,USD
IR-MOCK05990-HTN_PCP_FOLLOWUP-20260102,MOCK05990,HTN_PCP_FOLLOWUP,2026-01-02,25.0,True,Research-generated IncentiveRewards mock,MyRewards Health Action Incentive,CARE_GAP_COMPLETION,USD
IR-MOCK06020-HTN_PCP_FOLLOWUP-20260117,MOCK06020,HTN_PCP_FOLLOWUP,2026-01-17,25.0,True,Research-generated IncentiveRewards mock,MyRewards Health Action Incentive,CARE_GAP_COMPLETION,USD
IR-MOCK06074-HTN_PCP_FOLLOWUP-20260122,MOCK06074,HTN_PCP_FOLLOWUP,2026-01-22,15.0,True,Research-generated IncentiveRewards mock,MyRewards Health Action Incentive,CARE_GAP_COMPLETION,USD
IR-MOCK06080-HTN_PCP_FOLLOWUP-20260119,MOCK06080,HTN_PCP_FOLLOWUP,2026-01-19,25.0,True,Research-generated IncentiveRewards mock,MyRewards Health Action Incentive,CARE_GAP_COMPLETION,USD
IR-MOCK06086-HTN_PCP_FOLLOWUP-20260103,MOCK06086,HTN_PCP_FOLLOWUP,2026-01-03,5.0,True,Research-generated IncentiveRewards mock,MyRewards Health Action Incentive,CARE_GAP_COMPLETION,USD
IR-MOCK06092-HTN_PCP_FOLLOWUP-20260111,MOCK06092,HTN_PCP_FOLLOWUP,2026-01-11,20.0,True,Research-generated IncentiveRewards mock,MyRewards Health Action Incentive,CARE_GAP_COMPLETION,USD
IR-MOCK06098-HTN_PCP_FOLLOWUP-20260102,MOCK06098,HTN_PCP_FOLLOWUP,2026-01-02,10.0,True,Research-generated IncentiveRewards mock,MyRewards Health Action Incentive,CARE_GAP_COMPLETION,USD
IR-MOCK06110-HTN_PCP_FOLLOWUP-20260128,MOCK06110,HTN_PCP_FOLLOWUP,2026-01-28,20.0,True,Research-generated IncentiveRewards mock,MyRewards Health Action Incentive,CARE_GAP_COMPLETION,USD
IR-MOCK06116-HTN_PCP_FOLLOWUP-20260109,MOCK06116,HTN_PCP_FOLLOWUP,2026-01-09,35.0,True,Research-generated IncentiveRewards mock,MyRewards Health Action Incentive,CARE_GAP_COMPLETION,USD
IR-MOCK06122-HTN_PCP_FOLLOWUP-20260110,MOCK06122,HTN_PCP_FOLLOWUP,2026-01-10,35.0,True,Research-generated IncentiveRewards mock,MyRewards Health Action Incentive,CARE_GAP_COMPLETION,USD
IR-MOCK06170-HTN_PCP_FOLLOWUP-20260109,MOCK06170,HTN_PCP_FOLLOWUP,2026-01-09,20.0,True,Research-generated IncentiveRewards mock,MyRewards Health Action Incentive,CARE_GAP_COMPLETION,USD
IR-MOCK06182-HTN_PCP_FOLLOWUP-20260126,MOCK06182,HTN_PCP_FOLLOWUP,2026-01-26,5.0,True,Research-generated IncentiveRewards mock,MyRewards Health Action Incentive,CARE_GAP_COMPLETION,USD
IR-MOCK06194-HTN_PCP_FOLLOWUP-20260204,MOCK06194,HTN_PCP_FOLLOWUP,2026-02-04,30.0,True,Research-generated IncentiveRewards mock,MyRewards Health Action Incentive,CARE_GAP_COMPLETION,USD
IR-MOCK06200-HTN_PCP_FOLLOWUP-20260108,MOCK06200,HTN_PCP_FOLLOWUP,2026-01-08,25.0,True,Research-generated IncentiveRewards mock,MyRewards Health Action Incentive,CARE_GAP_COMPLETION,USD
IR-MOCK06206-HTN_PCP_FOLLOWUP-20260102,MOCK06206,HTN_PCP_FOLLOWUP,2026-01-02,5.0,True,Research-generated IncentiveRewards mock,MyRewards Health Action Incentive,CARE_GAP_COMPLETION,USD
IR-MOCK06224-HTN_PCP_FOLLOWUP-20260115,MOCK06224,HTN_PCP_FOLLOWUP,2026-01-15,35.0,True,Research-generated IncentiveRewards mock,MyRewards Health Action Incentive,CARE_GAP_COMPLETION,USD
IR-MOCK06236-HTN_PCP_FOLLOWUP-20260114,MOCK06236,HTN_PCP_FOLLOWUP,2026-01-14,15.0,True,Research-generated IncentiveRewards mock,MyRewards Health Action Incentive,CARE_GAP_COMPLETION,USD
IR-MOCK06248-HTN_PCP_FOLLOWUP-20260112,MOCK06248,HTN_PCP_FOLLOWUP,2026-01-12,30.0,True,Research-generated IncentiveRewards mock,MyRewards Health Action Incentive,CARE_GAP_COMPLETION,USD
IR-MOCK06254-HTN_PCP_FOLLOWUP-20260127,MOCK06254,HTN_PCP_FOLLOWUP,2026-01-27,30.0,True,Research-generated IncentiveRewards mock,MyRewards Health Action Incentive,CARE_GAP_COMPLETION,USD
IR-MOCK06290-HTN_PCP_FOLLOWUP-20260111,MOCK06290,HTN_PCP_FOLLOWUP,2026-01-11,10.0,True,Research-generated IncentiveRewards mock,MyRewards Health Action Incentive,CARE_GAP_COMPLETION,USD
IR-MOCK06296-HTN_PCP_FOLLOWUP-20260115,MOCK06296,HTN_PCP_FOLLOWUP,2026-01-15,25.0,True,Research-generated IncentiveRewards mock,MyRewards Health Action Incentive,CARE_GAP_COMPLETION,USD
IR-MOCK06308-HTN_PCP_FOLLOWUP-20260114,MOCK06308,HTN_PCP_FOLLOWUP,2026-01-14,35.0,True,Research-generated IncentiveRewards mock,MyRewards Health Action Incentive,CARE_GAP_COMPLETION,USD
IR-MOCK06320-HTN_PCP_FOLLOWUP-20260201,MOCK06320,HTN_PCP_FOLLOWUP,2026-02-01,10.0,True,Research-generated IncentiveRewards mock,MyRewards Health Action Incentive,CARE_GAP_COMPLETION,USD
IR-MOCK06332-HTN_PCP_FOLLOWUP-20251230,MOCK06332,HTN_PCP_FOLLOWUP,2025-12-30,35.0,True,Research-generated IncentiveRewards mock,MyRewards Health Action Incentive,CARE_GAP_COMPLETION,USD
IR-MOCK06350-HTN_PCP_FOLLOWUP-20260113,MOCK06350,HTN_PCP_FOLLOWUP,2026-01-13,10.0,True,Research-generated IncentiveRewards mock,MyRewards Health Action Incentive,CARE_GAP_COMPLETION,USD
IR-MOCK06356-HTN_PCP_FOLLOWUP-20260117,MOCK06356,HTN_PCP_FOLLOWUP,2026-01-17,40.0,True,Research-generated IncentiveRewards mock,MyRewards Health Action Incentive,CARE_GAP_COMPLETION,USD
IR-MOCK06362-HTN_PCP_FOLLOWUP-20260129,MOCK06362,HTN_PCP_FOLLOWUP,2026-01-29,25.0,True,Research-generated IncentiveRewards mock,MyRewards Health Action Incentive,CARE_GAP_COMPLETION,USD
IR-MOCK06368-HTN_PCP_FOLLOWUP-20260113,MOCK06368,HTN_PCP_FOLLOWUP,2026-01-13,30.0,True,Research-generated IncentiveRewards mock,MyRewards Health Action Incentive,CARE_GAP_COMPLETION,USD
IR-MOCK06374-HTN_PCP_FOLLOWUP-20260101,MOCK06374,HTN_PCP_FOLLOWUP,2026-01-01,25.0,True,Research-generated IncentiveRewards mock,MyRewards Health Action Incentive,CARE_GAP_COMPLETION,USD
IR-MOCK06386-HTN_PCP_FOLLOWUP-20260108,MOCK06386,HTN_PCP_FOLLOWUP,2026-01-08,25.0,True,Research-generated IncentiveRewards mock,MyRewards Health Action Incentive,CARE_GAP_COMPLETION,USD
IR-MOCK06392-HTN_PCP_FOLLOWUP-20260113,MOCK06392,HTN_PCP_FOLLOWUP,2026-01-13,25.0,True,Research-generated IncentiveRewards mock,MyRewards Health Action Incentive,CARE_GAP_COMPLETION,USD
IR-MOCK06404-HTN_PCP_FOLLOWUP-20260104,MOCK06404,HTN_PCP_FOLLOWUP,2026-01-04,25.0,True,Research-generated IncentiveRewards mock,MyRewards Health Action Incentive,CARE_GAP_COMPLETION,USD
IR-MOCK06410-HTN_PCP_FOLLOWUP-20260206,MOCK06410,HTN_PCP_FOLLOWUP,2026-02-06,20.0,True,Research-generated IncentiveRewards mock,MyRewards Health Action Incentive,CARE_GAP_COMPLETION,USD
IR-MOCK06434-HTN_PCP_FOLLOWUP-20260123,MOCK06434,HTN_PCP_FOLLOWUP,2026-01-23,25.0,True,Research-generated IncentiveRewards mock,MyRewards Health Action Incentive,CARE_GAP_COMPLETION,USD
IR-MOCK06464-HTN_PCP_FOLLOWUP-20260121,MOCK06464,HTN_PCP_FOLLOWUP,2026-01-21,25.0,True,Research-generated IncentiveRewards mock,MyRewards Health Action Incentive,CARE_GAP_COMPLETION,USD
IR-MOCK06500-HTN_PCP_FOLLOWUP-20260125,MOCK06500,HTN_PCP_FOLLOWUP,2026-01-25,5.0,True,Research-generated IncentiveRewards mock,MyRewards Health Action Incentive,CARE_GAP_COMPLETION,USD
IR-MOCK06530-HTN_PCP_FOLLOWUP-20260128,MOCK06530,HTN_PCP_FOLLOWUP,2026-01-28,15.0,True,Research-generated IncentiveRewards mock,MyRewards Health Action Incentive,CARE_GAP_COMPLETION,USD
IR-MOCK06536-HTN_PCP_FOLLOWUP-20260107,MOCK06536,HTN_PCP_FOLLOWUP,2026-01-07,10.0,True,Research-generated IncentiveRewards mock,MyRewards Health Action Incentive,CARE_GAP_COMPLETION,USD
IR-MOCK06542-HTN_PCP_FOLLOWUP-20260206,MOCK06542,HTN_PCP_FOLLOWUP,2026-02-06,15.0,True,Research-generated IncentiveRewards mock,MyRewards Health Action Incentive,CARE_GAP_COMPLETION,USD
IR-MOCK06578-HTN_PCP_FOLLOWUP-20260203,MOCK06578,HTN_PCP_FOLLOWUP,2026-02-03,45.0,True,Research-generated IncentiveRewards mock,MyRewards Health Action Incentive,CARE_GAP_COMPLETION,USD
IR-MOCK06614-HTN_PCP_FOLLOWUP-20260102,MOCK06614,HTN_PCP_FOLLOWUP,2026-01-02,25.0,True,Research-generated IncentiveRewards mock,MyRewards Health Action Incentive,CARE_GAP_COMPLETION,USD
IR-MOCK06638-HTN_PCP_FOLLOWUP-20260129,MOCK06638,HTN_PCP_FOLLOWUP,2026-01-29,30.0,True,Research-generated IncentiveRewards mock,MyRewards Health Action Incentive,CARE_GAP_COMPLETION,USD
IR-MOCK06644-HTN_PCP_FOLLOWUP-20260122,MOCK06644,HTN_PCP_FOLLOWUP,2026-01-22,50.0,True,Research-generated IncentiveRewards mock,MyRewards Health Action Incentive,CARE_GAP_COMPLETION,USD
IR-MOCK06650-HTN_PCP_FOLLOWUP-20260122,MOCK06650,HTN_PCP_FOLLOWUP,2026-01-22,30.0,True,Research-generated IncentiveRewards mock,MyRewards Health Action Incentive,CARE_GAP_COMPLETION,USD
IR-MOCK06662-HTN_PCP_FOLLOWUP-20260118,MOCK06662,HTN_PCP_FOLLOWUP,2026-01-18,10.0,True,Research-generated IncentiveRewards mock,MyRewards Health Action Incentive,CARE_GAP_COMPLETION,USD
IR-MOCK06668-HTN_PCP_FOLLOWUP-20260116,MOCK06668,HTN_PCP_FOLLOWUP,2026-01-16,25.0,True,Research-generated IncentiveRewards mock,MyRewards Health Action Incentive,CARE_GAP_COMPLETION,USD
IR-MOCK06680-HTN_PCP_FOLLOWUP-20260106,MOCK06680,HTN_PCP_FOLLOWUP,2026-01-06,25.0,True,Research-generated IncentiveRewards mock,MyRewards Health Action Incentive,CARE_GAP_COMPLETION,USD
IR-MOCK06692-HTN_PCP_FOLLOWUP-20260131,MOCK06692,HTN_PCP_FOLLOWUP,2026-01-31,5.0,True,Research-generated IncentiveRewards mock,MyRewards Health Action Incentive,CARE_GAP_COMPLETION,USD
IR-MOCK06698-HTN_PCP_FOLLOWUP-20260107,MOCK06698,HTN_PCP_FOLLOWUP,2026-01-07,25.0,True,Research-generated IncentiveRewards mock,MyRewards Health Action Incentive,CARE_GAP_COMPLETION,USD
IR-MOCK06728-HTN_PCP_FOLLOWUP-20260130,MOCK06728,HTN_PCP_FOLLOWUP,2026-01-30,10.0,True,Research-generated IncentiveRewards mock,MyRewards Health Action Incentive,CARE_GAP_COMPLETION,USD
IR-MOCK06740-HTN_PCP_FOLLOWUP-20260104,MOCK06740,HTN_PCP_FOLLOWUP,2026-01-04,20.0,True,Research-generated IncentiveRewards mock,MyRewards Health Action Incentive,CARE_GAP_COMPLETION,USD
IR-MOCK06752-HTN_PCP_FOLLOWUP-20260105,MOCK06752,HTN_PCP_FOLLOWUP,2026-01-05,35.0,True,Research-generated IncentiveRewards mock,MyRewards Health Action Incentive,CARE_GAP_COMPLETION,USD
IR-MOCK06764-HTN_PCP_FOLLOWUP-20260111,MOCK06764,HTN_PCP_FOLLOWUP,2026-01-11,20.0,False,Research-generated IncentiveRewards mock,MyRewards Health Action Incentive,CARE_GAP_COMPLETION,USD
IR-MOCK06770-HTN_PCP_FOLLOWUP-20260113,MOCK06770,HTN_PCP_FOLLOWUP,2026-01-13,25.0,True,Research-generated IncentiveRewards mock,MyRewards Health Action Incentive,CARE_GAP_COMPLETION,USD
IR-MOCK06776-HTN_PCP_FOLLOWUP-20260101,MOCK06776,HTN_PCP_FOLLOWUP,2026-01-01,15.0,True,Research-generated IncentiveRewards mock,MyRewards Health Action Incentive,CARE_GAP_COMPLETION,USD
IR-MOCK06788-HTN_PCP_FOLLOWUP-20260203,MOCK06788,HTN_PCP_FOLLOWUP,2026-02-03,5.0,True,Research-generated IncentiveRewards mock,MyRewards Health Action Incentive,CARE_GAP_COMPLETION,USD
IR-MOCK06800-HTN_PCP_FOLLOWUP-20260124,MOCK06800,HTN_PCP_FOLLOWUP,2026-01-24,25.0,True,Research-generated IncentiveRewards mock,MyRewards Health Action Incentive,CARE_GAP_COMPLETION,USD
IR-MOCK06812-HTN_PCP_FOLLOWUP-20260104,MOCK06812,HTN_PCP_FOLLOWUP,2026-01-04,10.0,True,Research-generated IncentiveRewards mock,MyRewards Health Action Incentive,CARE_GAP_COMPLETION,USD
IR-MOCK06824-HTN_PCP_FOLLOWUP-20260101,MOCK06824,HTN_PCP_FOLLOWUP,2026-01-01,15.0,True,Research-generated IncentiveRewards mock,MyRewards Health Action Incentive,CARE_GAP_COMPLETION,USD
IR-MOCK06830-HTN_PCP_FOLLOWUP-20260116,MOCK06830,HTN_PCP_FOLLOWUP,2026-01-16,10.0,True,Research-generated IncentiveRewards mock,MyRewards Health Action Incentive,CARE_GAP_COMPLETION,USD
IR-MOCK06836-HTN_PCP_FOLLOWUP-20260111,MOCK06836,HTN_PCP_FOLLOWUP,2026-01-11,30.0,True,Research-generated IncentiveRewards mock,MyRewards Health Action Incentive,CARE_GAP_COMPLETION,USD
IR-MOCK06842-HTN_PCP_FOLLOWUP-20251230,MOCK06842,HTN_PCP_FOLLOWUP,2025-12-30,10.0,True,Research-generated IncentiveRewards mock,MyRewards Health Action Incentive,CARE_GAP_COMPLETION,USD
IR-MOCK06854-HTN_PCP_FOLLOWUP-20260205,MOCK06854,HTN_PCP_FOLLOWUP,2026-02-05,10.0,True,Research-generated IncentiveRewards mock,MyRewards Health Action Incentive,CARE_GAP_COMPLETION,USD
IR-MOCK06872-HTN_PCP_FOLLOWUP-20260120,MOCK06872,HTN_PCP_FOLLOWUP,2026-01-20,5.0,True,Research-generated IncentiveRewards mock,MyRewards Health Action Incentive,CARE_GAP_COMPLETION,USD
IR-MOCK06884-HTN_PCP_FOLLOWUP-20260102,MOCK06884,HTN_PCP_FOLLOWUP,2026-01-02,20.0,True,Research-generated IncentiveRewards mock,MyRewards Health Action Incentive,CARE_GAP_COMPLETION,USD
IR-MOCK06890-HTN_PCP_FOLLOWUP-20260201,MOCK06890,HTN_PCP_FOLLOWUP,2026-02-01,10.0,True,Research-generated IncentiveRewards mock,MyRewards Health Action Incentive,CARE_GAP_COMPLETION,USD
IR-MOCK06896-HTN_PCP_FOLLOWUP-20251230,MOCK06896,HTN_PCP_FOLLOWUP,2025-12-30,50.0,True,Research-generated IncentiveRewards mock,MyRewards Health Action Incentive,CARE_GAP_COMPLETION,USD
IR-MOCK06902-HTN_PCP_FOLLOWUP-20260203,MOCK06902,HTN_PCP_FOLLOWUP,2026-02-03,20.0,True,Research-generated IncentiveRewards mock,MyRewards Health Action Incentive,CARE_GAP_COMPLETION,USD
IR-MOCK06908-HTN_PCP_FOLLOWUP-20260124,MOCK06908,HTN_PCP_FOLLOWUP,2026-01-24,10.0,True,Research-generated IncentiveRewards mock,MyRewards Health Action Incentive,CARE_GAP_COMPLETION,USD
IR-MOCK06932-HTN_PCP_FOLLOWUP-20260102,MOCK06932,HTN_PCP_FOLLOWUP,2026-01-02,25.0,True,Research-generated IncentiveRewards mock,MyRewards Health Action Incentive,CARE_GAP_COMPLETION,USD
IR-MOCK06944-HTN_PCP_FOLLOWUP-20260129,MOCK06944,HTN_PCP_FOLLOWUP,2026-01-29,15.0,True,Research-generated IncentiveRewards mock,MyRewards Health Action Incentive,CARE_GAP_COMPLETION,USD
IR-MOCK06950-HTN_PCP_FOLLOWUP-20260109,MOCK06950,HTN_PCP_FOLLOWUP,2026-01-09,15.0,True,Research-generated IncentiveRewards mock,MyRewards Health Action Incentive,CARE_GAP_COMPLETION,USD
IR-MOCK06962-HTN_PCP_FOLLOWUP-20260107,MOCK06962,HTN_PCP_FOLLOWUP,2026-01-07,15.0,True,Research-generated IncentiveRewards mock,MyRewards Health Action Incentive,CARE_GAP_COMPLETION,USD
IR-MOCK06968-HTN_PCP_FOLLOWUP-20260107,MOCK06968,HTN_PCP_FOLLOWUP,2026-01-07,45.0,True,Research-generated IncentiveRewards mock,MyRewards Health Action Incentive,CARE_GAP_COMPLETION,USD
IR-MOCK06992-HTN_PCP_FOLLOWUP-20260110,MOCK06992,HTN_PCP_FOLLOWUP,2026-01-10,5.0,True,Research-generated IncentiveRewards mock,MyRewards Health Action Incentive,CARE_GAP_COMPLETION,USD
IR-MOCK06998-HTN_PCP_FOLLOWUP-20260129,MOCK06998,HTN_PCP_FOLLOWUP,2026-01-29,10.0,True,Research-generated IncentiveRewards mock,MyRewards Health Action Incentive,CARE_GAP_COMPLETION,USD
IR-MOCK07010-HTN_PCP_FOLLOWUP-20260128,MOCK07010,HTN_PCP_FOLLOWUP,2026-01-28,40.0,True,Research-generated IncentiveRewards mock,MyRewards Health Action Incentive,CARE_GAP_COMPLETION,USD
IR-MOCK07016-HTN_PCP_FOLLOWUP-20260120,MOCK07016,HTN_PCP_FOLLOWUP,2026-01-20,20.0,True,Research-generated IncentiveRewards mock,MyRewards Health Action Incentive,CARE_GAP_COMPLETION,USD
IR-MOCK07022-HTN_PCP_FOLLOWUP-20260111,MOCK07022,HTN_PCP_FOLLOWUP,2026-01-11,30.0,True,Research-generated IncentiveRewards mock,MyRewards Health Action Incentive,CARE_GAP_COMPLETION,USD
IR-MOCK07052-HTN_PCP_FOLLOWUP-20260128,MOCK07052,HTN_PCP_FOLLOWUP,2026-01-28,10.0,True,Research-generated IncentiveRewards mock,MyRewards Health Action Incentive,CARE_GAP_COMPLETION,USD
IR-MOCK07064-HTN_PCP_FOLLOWUP-20260130,MOCK07064,HTN_PCP_FOLLOWUP,2026-01-30,20.0,True,Research-generated IncentiveRewards mock,MyRewards Health Action Incentive,CARE_GAP_COMPLETION,USD
IR-MOCK07070-HTN_PCP_FOLLOWUP-20260203,MOCK07070,HTN_PCP_FOLLOWUP,2026-02-03,45.0,True,Research-generated IncentiveRewards mock,MyRewards Health Action Incentive,CARE_GAP_COMPLETION,USD
IR-MOCK07076-HTN_PCP_FOLLOWUP-20260114,MOCK07076,HTN_PCP_FOLLOWUP,2026-01-14,35.0,True,Research-generated IncentiveRewards mock,MyRewards Health Action Incentive,CARE_GAP_COMPLETION,USD
IR-MOCK07100-HTN_PCP_FOLLOWUP-20260105,MOCK07100,HTN_PCP_FOLLOWUP,2026-01-05,30.0,True,Research-generated IncentiveRewards mock,MyRewards Health Action Incentive,CARE_GAP_COMPLETION,USD
IR-MOCK07106-HTN_PCP_FOLLOWUP-20260201,MOCK07106,HTN_PCP_FOLLOWUP,2026-02-01,5.0,True,Research-generated IncentiveRewards mock,MyRewards Health Action Incentive,CARE_GAP_COMPLETION,USD
IR-MOCK07112-HTN_PCP_FOLLOWUP-20260114,MOCK07112,HTN_PCP_FOLLOWUP,2026-01-14,10.0,True,Research-generated IncentiveRewards mock,MyRewards Health Action Incentive,CARE_GAP_COMPLETION,USD
IR-MOCK07118-HTN_PCP_FOLLOWUP-20260205,MOCK07118,HTN_PCP_FOLLOWUP,2026-02-05,25.0,True,Research-generated IncentiveRewards mock,MyRewards Health Action Incentive,CARE_GAP_COMPLETION,USD
IR-MOCK07124-HTN_PCP_FOLLOWUP-20260104,MOCK07124,HTN_PCP_FOLLOWUP,2026-01-04,10.0,True,Research-generated IncentiveRewards mock,MyRewards Health Action Incentive,CARE_GAP_COMPLETION,USD
IR-MOCK07154-HTN_PCP_FOLLOWUP-20260102,MOCK07154,HTN_PCP_FOLLOWUP,2026-01-02,30.0,True,Research-generated IncentiveRewards mock,MyRewards Health Action Incentive,CARE_GAP_COMPLETION,USD
IR-MOCK07166-HTN_PCP_FOLLOWUP-20260114,MOCK07166,HTN_PCP_FOLLOWUP,2026-01-14,5.0,True,Research-generated IncentiveRewards mock,MyRewards Health Action Incentive,CARE_GAP_COMPLETION,USD
IR-MOCK07184-HTN_PCP_FOLLOWUP-20260105,MOCK07184,HTN_PCP_FOLLOWUP,2026-01-05,10.0,True,Research-generated IncentiveRewards mock,MyRewards Health Action Incentive,CARE_GAP_COMPLETION,USD
IR-MOCK07190-HTN_PCP_FOLLOWUP-20260105,MOCK07190,HTN_PCP_FOLLOWUP,2026-01-05,20.0,True,Research-generated IncentiveRewards mock,MyRewards Health Action Incentive,CARE_GAP_COMPLETION,USD
IR-MOCK07226-HTN_PCP_FOLLOWUP-20260205,MOCK07226,HTN_PCP_FOLLOWUP,2026-02-05,30.0,True,Research-generated IncentiveRewards mock,MyRewards Health Action Incentive,CARE_GAP_COMPLETION,USD
IR-MOCK07244-HTN_PCP_FOLLOWUP-20260110,MOCK07244,HTN_PCP_FOLLOWUP,2026-01-10,20.0,True,Research-generated IncentiveRewards mock,MyRewards Health Action Incentive,CARE_GAP_COMPLETION,USD
IR-MOCK07250-HTN_PCP_FOLLOWUP-20260123,MOCK07250,HTN_PCP_FOLLOWUP,2026-01-23,5.0,True,Research-generated IncentiveRewards mock,MyRewards Health Action Incentive,CARE_GAP_COMPLETION,USD
IR-MOCK07268-HTN_PCP_FOLLOWUP-20260121,MOCK07268,HTN_PCP_FOLLOWUP,2026-01-21,40.0,True,Research-generated IncentiveRewards mock,MyRewards Health Action Incentive,CARE_GAP_COMPLETION,USD
IR-MOCK07292-HTN_PCP_FOLLOWUP-20260116,MOCK07292,HTN_PCP_FOLLOWUP,2026-01-16,25.0,True,Research-generated IncentiveRewards mock,MyRewards Health Action Incentive,CARE_GAP_COMPLETION,USD
IR-MOCK07298-HTN_PCP_FOLLOWUP-20260106,MOCK07298,HTN_PCP_FOLLOWUP,2026-01-06,15.0,True,Research-generated IncentiveRewards mock,MyRewards Health Action Incentive,CARE_GAP_COMPLETION,USD
IR-MOCK07304-HTN_PCP_FOLLOWUP-20251230,MOCK07304,HTN_PCP_FOLLOWUP,2025-12-30,10.0,True,Research-generated IncentiveRewards mock,MyRewards Health Action Incentive,CARE_GAP_COMPLETION,USD
IR-MOCK07322-HTN_PCP_FOLLOWUP-20260110,MOCK07322,HTN_PCP_FOLLOWUP,2026-01-10,20.0,True,Research-generated IncentiveRewards mock,MyRewards Health Action Incentive,CARE_GAP_COMPLETION,USD
IR-MOCK07334-HTN_PCP_FOLLOWUP-20260108,MOCK07334,HTN_PCP_FOLLOWUP,2026-01-08,20.0,True,Research-generated IncentiveRewards mock,MyRewards Health Action Incentive,CARE_GAP_COMPLETION,USD
IR-MOCK07346-HTN_PCP_FOLLOWUP-20260126,MOCK07346,HTN_PCP_FOLLOWUP,2026-01-26,25.0,True,Research-generated IncentiveRewards mock,MyRewards Health Action Incentive,CARE_GAP_COMPLETION,USD
IR-MOCK07370-HTN_PCP_FOLLOWUP-20260116,MOCK07370,HTN_PCP_FOLLOWUP,2026-01-16,25.0,True,Research-generated IncentiveRewards mock,MyRewards Health Action Incentive,CARE_GAP_COMPLETION,USD
IR-MOCK07376-HTN_PCP_FOLLOWUP-20260117,MOCK07376,HTN_PCP_FOLLOWUP,2026-01-17,25.0,True,Research-generated IncentiveRewards mock,MyRewards Health Action Incentive,CARE_GAP_COMPLETION,USD
IR-MOCK07382-HTN_PCP_FOLLOWUP-20260123,MOCK07382,HTN_PCP_FOLLOWUP,2026-01-23,10.0,True,Research-generated IncentiveRewards mock,MyRewards Health Action Incentive,CARE_GAP_COMPLETION,USD
IR-MOCK07394-HTN_PCP_FOLLOWUP-20260105,MOCK07394,HTN_PCP_FOLLOWUP,2026-01-05,35.0,True,Research-generated IncentiveRewards mock,MyRewards Health Action Incentive,CARE_GAP_COMPLETION,USD
IR-MOCK07412-HTN_PCP_FOLLOWUP-20260130,MOCK07412,HTN_PCP_FOLLOWUP,2026-01-30,30.0,True,Research-generated IncentiveRewards mock,MyRewards Health Action Incentive,CARE_GAP_COMPLETION,USD
IR-MOCK07418-HTN_PCP_FOLLOWUP-20260109,MOCK07418,HTN_PCP_FOLLOWUP,2026-01-09,35.0,True,Research-generated IncentiveRewards mock,MyRewards Health Action Incentive,CARE_GAP_COMPLETION,USD
IR-MOCK07424-HTN_PCP_FOLLOWUP-20260206,MOCK07424,HTN_PCP_FOLLOWUP,2026-02-06,20.0,True,Research-generated IncentiveRewards mock,MyRewards Health Action Incentive,CARE_GAP_COMPLETION,USD
IR-MOCK07442-HTN_PCP_FOLLOWUP-20260105,MOCK07442,HTN_PCP_FOLLOWUP,2026-01-05,15.0,True,Research-generated IncentiveRewards mock,MyRewards Health Action Incentive,CARE_GAP_COMPLETION,USD
IR-MOCK07454-HTN_PCP_FOLLOWUP-20260111,MOCK07454,HTN_PCP_FOLLOWUP,2026-01-11,25.0,True,Research-generated IncentiveRewards mock,MyRewards Health Action Incentive,CARE_GAP_COMPLETION,USD
IR-MOCK07460-HTN_PCP_FOLLOWUP-20260130,MOCK07460,HTN_PCP_FOLLOWUP,2026-01-30,20.0,True,Research-generated IncentiveRewards mock,MyRewards Health Action Incentive,CARE_GAP_COMPLETION,USD
IR-MOCK07478-HTN_PCP_FOLLOWUP-20260116,MOCK07478,HTN_PCP_FOLLOWUP,2026-01-16,15.0,True,Research-generated IncentiveRewards mock,MyRewards Health Action Incentive,CARE_GAP_COMPLETION,USD
IR-MOCK07508-HTN_PCP_FOLLOWUP-20260109,MOCK07508,HTN_PCP_FOLLOWUP,2026-01-09,20.0,True,Research-generated IncentiveRewards mock,MyRewards Health Action Incentive,CARE_GAP_COMPLETION,USD
IR-MOCK07514-HTN_PCP_FOLLOWUP-20260120,MOCK07514,HTN_PCP_FOLLOWUP,2026-01-20,25.0,True,Research-generated IncentiveRewards mock,MyRewards Health Action Incentive,CARE_GAP_COMPLETION,USD
IR-MOCK07532-HTN_PCP_FOLLOWUP-20260123,MOCK07532,HTN_PCP_FOLLOWUP,2026-01-23,5.0,True,Research-generated IncentiveRewards mock,MyRewards Health Action Incentive,CARE_GAP_COMPLETION,USD
IR-MOCK07538-HTN_PCP_FOLLOWUP-20260125,MOCK07538,HTN_PCP_FOLLOWUP,2026-01-25,20.0,True,Research-generated IncentiveRewards mock,MyRewards Health Action Incentive,CARE_GAP_COMPLETION,USD
IR-MOCK07544-HTN_PCP_FOLLOWUP-20260127,MOCK07544,HTN_PCP_FOLLOWUP,2026-01-27,50.0,True,Research-generated IncentiveRewards mock,MyRewards Health Action Incentive,CARE_GAP_COMPLETION,USD
IR-MOCK07556-HTN_PCP_FOLLOWUP-20260103,MOCK07556,HTN_PCP_FOLLOWUP,2026-01-03,15.0,True,Research-generated IncentiveRewards mock,MyRewards Health Action Incentive,CARE_GAP_COMPLETION,USD
IR-MOCK07562-HTN_PCP_FOLLOWUP-20260115,MOCK07562,HTN_PCP_FOLLOWUP,2026-01-15,20.0,True,Research-generated IncentiveRewards mock,MyRewards Health Action Incentive,CARE_GAP_COMPLETION,USD
IR-MOCK07568-HTN_PCP_FOLLOWUP-20260108,MOCK07568,HTN_PCP_FOLLOWUP,2026-01-08,20.0,True,Research-generated IncentiveRewards mock,MyRewards Health Action Incentive,CARE_GAP_COMPLETION,USD
IR-MOCK07586-HTN_PCP_FOLLOWUP-20260102,MOCK07586,HTN_PCP_FOLLOWUP,2026-01-02,10.0,True,Research-generated IncentiveRewards mock,MyRewards Health Action Incentive,CARE_GAP_COMPLETION,USD
IR-MOCK07592-HTN_PCP_FOLLOWUP-20260125,MOCK07592,HTN_PCP_FOLLOWUP,2026-01-25,35.0,True,Research-generated IncentiveRewards mock,MyRewards Health Action Incentive,CARE_GAP_COMPLETION,USD
IR-MOCK07598-HTN_PCP_FOLLOWUP-20251231,MOCK07598,HTN_PCP_FOLLOWUP,2025-12-31,15.0,True,Research-generated IncentiveRewards mock,MyRewards Health Action Incentive,CARE_GAP_COMPLETION,USD
IR-MOCK07628-HTN_PCP_FOLLOWUP-20260121,MOCK07628,HTN_PCP_FOLLOWUP,2026-01-21,35.0,True,Research-generated IncentiveRewards mock,MyRewards Health Action Incentive,CARE_GAP_COMPLETION,USD
IR-MOCK07634-HTN_PCP_FOLLOWUP-20260131,MOCK07634,HTN_PCP_FOLLOWUP,2026-01-31,15.0,True,Research-generated IncentiveRewards mock,MyRewards Health Action Incentive,CARE_GAP_COMPLETION,USD
IR-MOCK07640-HTN_PCP_FOLLOWUP-20260120,MOCK07640,HTN_PCP_FOLLOWUP,2026-01-20,25.0,True,Research-generated IncentiveRewards mock,MyRewards Health Action Incentive,CARE_GAP_COMPLETION,USD
IR-MOCK07652-HTN_PCP_FOLLOWUP-20260101,MOCK07652,HTN_PCP_FOLLOWUP,2026-01-01,25.0,True,Research-generated IncentiveRewards mock,MyRewards Health Action Incentive,CARE_GAP_COMPLETION,USD
IR-MOCK07664-HTN_PCP_FOLLOWUP-20251231,MOCK07664,HTN_PCP_FOLLOWUP,2025-12-31,25.0,True,Research-generated IncentiveRewards mock,MyRewards Health Action Incentive,CARE_GAP_COMPLETION,USD
IR-MOCK07676-HTN_PCP_FOLLOWUP-20251230,MOCK07676,HTN_PCP_FOLLOWUP,2025-12-30,20.0,True,Research-generated IncentiveRewards mock,MyRewards Health Action Incentive,CARE_GAP_COMPLETION,USD
IR-MOCK07682-HTN_PCP_FOLLOWUP-20260110,MOCK07682,HTN_PCP_FOLLOWUP,2026-01-10,15.0,True,Research-generated IncentiveRewards mock,MyRewards Health Action Incentive,CARE_GAP_COMPLETION,USD
IR-MOCK07694-HTN_PCP_FOLLOWUP-20260105,MOCK07694,HTN_PCP_FOLLOWUP,2026-01-05,15.0,True,Research-generated IncentiveRewards mock,MyRewards Health Action Incentive,CARE_GAP_COMPLETION,USD
IR-MOCK07700-HTN_PCP_FOLLOWUP-20260117,MOCK07700,HTN_PCP_FOLLOWUP,2026-01-17,10.0,True,Research-generated IncentiveRewards mock,MyRewards Health Action Incentive,CARE_GAP_COMPLETION,USD
IR-MOCK07706-HTN_PCP_FOLLOWUP-20260206,MOCK07706,HTN_PCP_FOLLOWUP,2026-02-06,25.0,True,Research-generated IncentiveRewards mock,MyRewards Health Action Incentive,CARE_GAP_COMPLETION,USD
IR-MOCK07718-HTN_PCP_FOLLOWUP-20260101,MOCK07718,HTN_PCP_FOLLOWUP,2026-01-01,30.0,True,Research-generated IncentiveRewards mock,MyRewards Health Action Incentive,CARE_GAP_COMPLETION,USD
IR-MOCK07742-HTN_PCP_FOLLOWUP-20260123,MOCK07742,HTN_PCP_FOLLOWUP,2026-01-23,25.0,True,Research-generated IncentiveRewards mock,MyRewards Health Action Incentive,CARE_GAP_COMPLETION,USD
IR-MOCK07754-HTN_PCP_FOLLOWUP-20260127,MOCK07754,HTN_PCP_FOLLOWUP,2026-01-27,10.0,True,Research-generated IncentiveRewards mock,MyRewards Health Action Incentive,CARE_GAP_COMPLETION,USD
IR-MOCK07772-HTN_PCP_FOLLOWUP-20260104,MOCK07772,HTN_PCP_FOLLOWUP,2026-01-04,10.0,True,Research-generated IncentiveRewards mock,MyRewards Health Action Incentive,CARE_GAP_COMPLETION,USD
IR-MOCK07778-HTN_PCP_FOLLOWUP-20260201,MOCK07778,HTN_PCP_FOLLOWUP,2026-02-01,35.0,True,Research-generated IncentiveRewards mock,MyRewards Health Action Incentive,CARE_GAP_COMPLETION,USD
IR-MOCK07826-HTN_PCP_FOLLOWUP-20260112,MOCK07826,HTN_PCP_FOLLOWUP,2026-01-12,25.0,True,Research-generated IncentiveRewards mock,MyRewards Health Action Incentive,CARE_GAP_COMPLETION,USD
IR-MOCK07844-HTN_PCP_FOLLOWUP-20260114,MOCK07844,HTN_PCP_FOLLOWUP,2026-01-14,20.0,True,Research-generated IncentiveRewards mock,MyRewards Health Action Incentive,CARE_GAP_COMPLETION,USD
IR-MOCK07850-HTN_PCP_FOLLOWUP-20260106,MOCK07850,HTN_PCP_FOLLOWUP,2026-01-06,10.0,True,Research-generated IncentiveRewards mock,MyRewards Health Action Incentive,CARE_GAP_COMPLETION,USD
IR-MOCK07856-HTN_PCP_FOLLOWUP-20260117,MOCK07856,HTN_PCP_FOLLOWUP,2026-01-17,20.0,True,Research-generated IncentiveRewards mock,MyRewards Health Action Incentive,CARE_GAP_COMPLETION,USD
IR-MOCK07862-HTN_PCP_FOLLOWUP-20260111,MOCK07862,HTN_PCP_FOLLOWUP,2026-01-11,10.0,True,Research-generated IncentiveRewards mock,MyRewards Health Action Incentive,CARE_GAP_COMPLETION,USD
IR-MOCK07874-HTN_PCP_FOLLOWUP-20260101,MOCK07874,HTN_PCP_FOLLOWUP,2026-01-01,10.0,True,Research-generated IncentiveRewards mock,MyRewards Health Action Incentive,CARE_GAP_COMPLETION,USD
IR-MOCK07886-HTN_PCP_FOLLOWUP-20260101,MOCK07886,HTN_PCP_FOLLOWUP,2026-01-01,30.0,True,Research-generated IncentiveRewards mock,MyRewards Health Action Incentive,CARE_GAP_COMPLETION,USD
IR-MOCK07916-HTN_PCP_FOLLOWUP-20260129,MOCK07916,HTN_PCP_FOLLOWUP,2026-01-29,35.0,True,Research-generated IncentiveRewards mock,MyRewards Health Action Incentive,CARE_GAP_COMPLETION,USD
IR-MOCK07934-HTN_PCP_FOLLOWUP-20260205,MOCK07934,HTN_PCP_FOLLOWUP,2026-02-05,25.0,True,Research-generated IncentiveRewards mock,MyRewards Health Action Incentive,CARE_GAP_COMPLETION,USD
IR-MOCK07946-HTN_PCP_FOLLOWUP-20260104,MOCK07946,HTN_PCP_FOLLOWUP,2026-01-04,5.0,True,Research-generated IncentiveRewards mock,MyRewards Health Action Incentive,CARE_GAP_COMPLETION,USD
IR-MOCK07958-HTN_PCP_FOLLOWUP-20260126,MOCK07958,HTN_PCP_FOLLOWUP,2026-01-26,20.0,True,Research-generated IncentiveRewards mock,MyRewards Health Action Incentive,CARE_GAP_COMPLETION,USD
IR-MOCK07970-HTN_PCP_FOLLOWUP-20260122,MOCK07970,HTN_PCP_FOLLOWUP,2026-01-22,25.0,True,Research-generated IncentiveRewards mock,MyRewards Health Action Incentive,CARE_GAP_COMPLETION,USD
IR-MOCK07976-HTN_PCP_FOLLOWUP-20260101,MOCK07976,HTN_PCP_FOLLOWUP,2026-01-01,10.0,True,Research-generated IncentiveRewards mock,MyRewards Health Action Incentive,CARE_GAP_COMPLETION,USD
IR-MOCK07994-HTN_PCP_FOLLOWUP-20260102,MOCK07994,HTN_PCP_FOLLOWUP,2026-01-02,25.0,True,Research-generated IncentiveRewards mock,MyRewards Health Action Incentive,CARE_GAP_COMPLETION,USD
IR-MOCK08018-HTN_PCP_FOLLOWUP-20260101,MOCK08018,HTN_PCP_FOLLOWUP,2026-01-01,15.0,True,Research-generated IncentiveRewards mock,MyRewards Health Action Incentive,CARE_GAP_COMPLETION,USD
IR-MOCK08036-HTN_PCP_FOLLOWUP-20260110,MOCK08036,HTN_PCP_FOLLOWUP,2026-01-10,20.0,True,Research-generated IncentiveRewards mock,MyRewards Health Action Incentive,CARE_GAP_COMPLETION,USD
IR-MOCK08042-HTN_PCP_FOLLOWUP-20260206,MOCK08042,HTN_PCP_FOLLOWUP,2026-02-06,20.0,True,Research-generated IncentiveRewards mock,MyRewards Health Action Incentive,CARE_GAP_COMPLETION,USD
IR-MOCK08054-HTN_PCP_FOLLOWUP-20260125,MOCK08054,HTN_PCP_FOLLOWUP,2026-01-25,5.0,True,Research-generated IncentiveRewards mock,MyRewards Health Action Incentive,CARE_GAP_COMPLETION,USD
IR-MOCK08060-HTN_PCP_FOLLOWUP-20260105,MOCK08060,HTN_PCP_FOLLOWUP,2026-01-05,20.0,True,Research-generated IncentiveRewards mock,MyRewards Health Action Incentive,CARE_GAP_COMPLETION,USD
IR-MOCK08066-HTN_PCP_FOLLOWUP-20260126,MOCK08066,HTN_PCP_FOLLOWUP,2026-01-26,30.0,True,Research-generated IncentiveRewards mock,MyRewards Health Action Incentive,CARE_GAP_COMPLETION,USD
IR-MOCK08096-HTN_PCP_FOLLOWUP-20260112,MOCK08096,HTN_PCP_FOLLOWUP,2026-01-12,10.0,True,Research-generated IncentiveRewards mock,MyRewards Health Action Incentive,CARE_GAP_COMPLETION,USD
IR-MOCK08102-HTN_PCP_FOLLOWUP-20251231,MOCK08102,HTN_PCP_FOLLOWUP,2025-12-31,10.0,True,Research-generated IncentiveRewards mock,MyRewards Health Action Incentive,CARE_GAP_COMPLETION,USD
IR-MOCK08108-HTN_PCP_FOLLOWUP-20260103,MOCK08108,HTN_PCP_FOLLOWUP,2026-01-03,25.0,True,Research-generated IncentiveRewards mock,MyRewards Health Action Incentive,CARE_GAP_COMPLETION,USD
IR-MOCK08114-HTN_PCP_FOLLOWUP-20260201,MOCK08114,HTN_PCP_FOLLOWUP,2026-02-01,45.0,True,Research-generated IncentiveRewards mock,MyRewards Health Action Incentive,CARE_GAP_COMPLETION,USD
IR-MOCK08120-HTN_PCP_FOLLOWUP-20260127,MOCK08120,HTN_PCP_FOLLOWUP,2026-01-27,50.0,True,Research-generated IncentiveRewards mock,MyRewards Health Action Incentive,CARE_GAP_COMPLETION,USD
IR-MOCK08132-HTN_PCP_FOLLOWUP-20260126,MOCK08132,HTN_PCP_FOLLOWUP,2026-01-26,20.0,True,Research-generated IncentiveRewards mock,MyRewards Health Action Incentive,CARE_GAP_COMPLETION,USD
IR-MOCK08138-HTN_PCP_FOLLOWUP-20251230,MOCK08138,HTN_PCP_FOLLOWUP,2025-12-30,30.0,True,Research-generated IncentiveRewards mock,MyRewards Health Action Incentive,CARE_GAP_COMPLETION,USD
IR-MOCK08144-HTN_PCP_FOLLOWUP-20251231,MOCK08144,HTN_PCP_FOLLOWUP,2025-12-31,35.0,True,Research-generated IncentiveRewards mock,MyRewards Health Action Incentive,CARE_GAP_COMPLETION,USD
IR-MOCK08150-HTN_PCP_FOLLOWUP-20260118,MOCK08150,HTN_PCP_FOLLOWUP,2026-01-18,20.0,True,Research-generated IncentiveRewards mock,MyRewards Health Action Incentive,CARE_GAP_COMPLETION,USD
IR-MOCK08156-HTN_PCP_FOLLOWUP-20260123,MOCK08156,HTN_PCP_FOLLOWUP,2026-01-23,20.0,True,Research-generated IncentiveRewards mock,MyRewards Health Action Incentive,CARE_GAP_COMPLETION,USD
IR-MOCK08162-HTN_PCP_FOLLOWUP-20260204,MOCK08162,HTN_PCP_FOLLOWUP,2026-02-04,40.0,True,Research-generated IncentiveRewards mock,MyRewards Health Action Incentive,CARE_GAP_COMPLETION,USD
IR-MOCK08168-HTN_PCP_FOLLOWUP-20260128,MOCK08168,HTN_PCP_FOLLOWUP,2026-01-28,15.0,True,Research-generated IncentiveRewards mock,MyRewards Health Action Incentive,CARE_GAP_COMPLETION,USD
IR-MOCK08222-HTN_PCP_FOLLOWUP-20260102,MOCK08222,HTN_PCP_FOLLOWUP,2026-01-02,20.0,True,Research-generated IncentiveRewards mock,MyRewards Health Action Incentive,CARE_GAP_COMPLETION,USD
IR-MOCK08228-HTN_PCP_FOLLOWUP-20260204,MOCK08228,HTN_PCP_FOLLOWUP,2026-02-04,25.0,True,Research-generated IncentiveRewards mock,MyRewards Health Action Incentive,CARE_GAP_COMPLETION,USD
IR-MOCK08234-HTN_PCP_FOLLOWUP-20260127,MOCK08234,HTN_PCP_FOLLOWUP,2026-01-27,25.0,True,Research-generated IncentiveRewards mock,MyRewards Health Action Incentive,CARE_GAP_COMPLETION,USD
IR-MOCK08240-HTN_PCP_FOLLOWUP-20260104,MOCK08240,HTN_PCP_FOLLOWUP,2026-01-04,20.0,True,Research-generated IncentiveRewards mock,MyRewards Health Action Incentive,CARE_GAP_COMPLETION,USD
IR-MOCK08252-HTN_PCP_FOLLOWUP-20260104,MOCK08252,HTN_PCP_FOLLOWUP,2026-01-04,10.0,True,Research-generated IncentiveRewards mock,MyRewards Health Action Incentive,CARE_GAP_COMPLETION,USD
IR-MOCK08276-HTN_PCP_FOLLOWUP-20260110,MOCK08276,HTN_PCP_FOLLOWUP,2026-01-10,30.0,True,Research-generated IncentiveRewards mock,MyRewards Health Action Incentive,CARE_GAP_COMPLETION,USD
IR-MOCK08282-HTN_PCP_FOLLOWUP-20260106,MOCK08282,HTN_PCP_FOLLOWUP,2026-01-06,30.0,True,Research-generated IncentiveRewards mock,MyRewards Health Action Incentive,CARE_GAP_COMPLETION,USD
IR-MOCK08288-HTN_PCP_FOLLOWUP-20260122,MOCK08288,HTN_PCP_FOLLOWUP,2026-01-22,15.0,True,Research-generated IncentiveRewards mock,MyRewards Health Action Incentive,CARE_GAP_COMPLETION,USD
IR-MOCK08330-HTN_PCP_FOLLOWUP-20260124,MOCK08330,HTN_PCP_FOLLOWUP,2026-01-24,15.0,True,Research-generated IncentiveRewards mock,MyRewards Health Action Incentive,CARE_GAP_COMPLETION,USD
IR-MOCK08336-HTN_PCP_FOLLOWUP-20260128,MOCK08336,HTN_PCP_FOLLOWUP,2026-01-28,10.0,True,Research-generated IncentiveRewards mock,MyRewards Health Action Incentive,CARE_GAP_COMPLETION,USD
IR-MOCK08342-HTN_PCP_FOLLOWUP-20260114,MOCK08342,HTN_PCP_FOLLOWUP,2026-01-14,25.0,True,Research-generated IncentiveRewards mock,MyRewards Health Action Incentive,CARE_GAP_COMPLETION,USD
IR-MOCK08378-HTN_PCP_FOLLOWUP-20260105,MOCK08378,HTN_PCP_FOLLOWUP,2026-01-05,30.0,True,Research-generated IncentiveRewards mock,MyRewards Health Action Incentive,CARE_GAP_COMPLETION,USD
IR-MOCK08384-HTN_PCP_FOLLOWUP-20260121,MOCK08384,HTN_PCP_FOLLOWUP,2026-01-21,30.0,True,Research-generated IncentiveRewards mock,MyRewards Health Action Incentive,CARE_GAP_COMPLETION,USD
IR-MOCK08408-HTN_PCP_FOLLOWUP-20260111,MOCK08408,HTN_PCP_FOLLOWUP,2026-01-11,10.0,True,Research-generated IncentiveRewards mock,MyRewards Health Action Incentive,CARE_GAP_COMPLETION,USD
IR-MOCK08432-HTN_PCP_FOLLOWUP-20260127,MOCK08432,HTN_PCP_FOLLOWUP,2026-01-27,5.0,False,Research-generated IncentiveRewards mock,MyRewards Health Action Incentive,CARE_GAP_COMPLETION,USD
IR-MOCK08480-HTN_PCP_FOLLOWUP-20260108,MOCK08480,HTN_PCP_FOLLOWUP,2026-01-08,50.0,True,Research-generated IncentiveRewards mock,MyRewards Health Action Incentive,CARE_GAP_COMPLETION,USD
IR-MOCK08486-HTN_PCP_FOLLOWUP-20260101,MOCK08486,HTN_PCP_FOLLOWUP,2026-01-01,50.0,True,Research-generated IncentiveRewards mock,MyRewards Health Action Incentive,CARE_GAP_COMPLETION,USD
IR-MOCK08492-HTN_PCP_FOLLOWUP-20260107,MOCK08492,HTN_PCP_FOLLOWUP,2026-01-07,20.0,True,Research-generated IncentiveRewards mock,MyRewards Health Action Incentive,CARE_GAP_COMPLETION,USD
IR-MOCK08504-HTN_PCP_FOLLOWUP-20260206,MOCK08504,HTN_PCP_FOLLOWUP,2026-02-06,30.0,True,Research-generated IncentiveRewards mock,MyRewards Health Action Incentive,CARE_GAP_COMPLETION,USD
IR-MOCK08510-HTN_PCP_FOLLOWUP-20260102,MOCK08510,HTN_PCP_FOLLOWUP,2026-01-02,10.0,True,Research-generated IncentiveRewards mock,MyRewards Health Action Incentive,CARE_GAP_COMPLETION,USD
IR-MOCK08528-HTN_PCP_FOLLOWUP-20260105,MOCK08528,HTN_PCP_FOLLOWUP,2026-01-05,20.0,True,Research-generated IncentiveRewards mock,MyRewards Health Action Incentive,CARE_GAP_COMPLETION,USD
IR-MOCK08534-HTN_PCP_FOLLOWUP-20260126,MOCK08534,HTN_PCP_FOLLOWUP,2026-01-26,15.0,True,Research-generated IncentiveRewards mock,MyRewards Health Action Incentive,CARE_GAP_COMPLETION,USD
IR-MOCK08546-HTN_PCP_FOLLOWUP-20260129,MOCK08546,HTN_PCP_FOLLOWUP,2026-01-29,15.0,True,Research-generated IncentiveRewards mock,MyRewards Health Action Incentive,CARE_GAP_COMPLETION,USD
IR-MOCK08564-HTN_PCP_FOLLOWUP-20260125,MOCK08564,HTN_PCP_FOLLOWUP,2026-01-25,25.0,True,Research-generated IncentiveRewards mock,MyRewards Health Action Incentive,CARE_GAP_COMPLETION,USD
IR-MOCK08576-HTN_PCP_FOLLOWUP-20260201,MOCK08576,HTN_PCP_FOLLOWUP,2026-02-01,20.0,True,Research-generated IncentiveRewards mock,MyRewards Health Action Incentive,CARE_GAP_COMPLETION,USD
IR-MOCK08588-HTN_PCP_FOLLOWUP-20260108,MOCK08588,HTN_PCP_FOLLOWUP,2026-01-08,30.0,True,Research-generated IncentiveRewards mock,MyRewards Health Action Incentive,CARE_GAP_COMPLETION,USD
IR-MOCK08594-HTN_PCP_FOLLOWUP-20260112,MOCK08594,HTN_PCP_FOLLOWUP,2026-01-12,25.0,True,Research-generated IncentiveRewards mock,MyRewards Health Action Incentive,CARE_GAP_COMPLETION,USD
IR-MOCK08600-HTN_PCP_FOLLOWUP-20260122,MOCK08600,HTN_PCP_FOLLOWUP,2026-01-22,35.0,True,Research-generated IncentiveRewards mock,MyRewards Health Action Incentive,CARE_GAP_COMPLETION,USD
IR-MOCK08612-HTN_PCP_FOLLOWUP-20260130,MOCK08612,HTN_PCP_FOLLOWUP,2026-01-30,10.0,True,Research-generated IncentiveRewards mock,MyRewards Health Action Incentive,CARE_GAP_COMPLETION,USD
IR-MOCK08618-HTN_PCP_FOLLOWUP-20260109,MOCK08618,HTN_PCP_FOLLOWUP,2026-01-09,45.0,True,Research-generated IncentiveRewards mock,MyRewards Health Action Incentive,CARE_GAP_COMPLETION,USD
IR-MOCK08624-HTN_PCP_FOLLOWUP-20260101,MOCK08624,HTN_PCP_FOLLOWUP,2026-01-01,35.0,True,Research-generated IncentiveRewards mock,MyRewards Health Action Incentive,CARE_GAP_COMPLETION,USD
IR-MOCK08636-HTN_PCP_FOLLOWUP-20260131,MOCK08636,HTN_PCP_FOLLOWUP,2026-01-31,15.0,True,Research-generated IncentiveRewards mock,MyRewards Health Action Incentive,CARE_GAP_COMPLETION,USD
IR-MOCK08666-HTN_PCP_FOLLOWUP-20260128,MOCK08666,HTN_PCP_FOLLOWUP,2026-01-28,20.0,True,Research-generated IncentiveRewards mock,MyRewards Health Action Incentive,CARE_GAP_COMPLETION,USD
IR-MOCK08684-HTN_PCP_FOLLOWUP-20260106,MOCK08684,HTN_PCP_FOLLOWUP,2026-01-06,30.0,True,Research-generated IncentiveRewards mock,MyRewards Health Action Incentive,CARE_GAP_COMPLETION,USD
IR-MOCK08696-HTN_PCP_FOLLOWUP-20260129,MOCK08696,HTN_PCP_FOLLOWUP,2026-01-29,20.0,True,Research-generated IncentiveRewards mock,MyRewards Health Action Incentive,CARE_GAP_COMPLETION,USD
IR-MOCK08720-HTN_PCP_FOLLOWUP-20260117,MOCK08720,HTN_PCP_FOLLOWUP,2026-01-17,15.0,True,Research-generated IncentiveRewards mock,MyRewards Health Action Incentive,CARE_GAP_COMPLETION,USD
IR-MOCK08738-HTN_PCP_FOLLOWUP-20260124,MOCK08738,HTN_PCP_FOLLOWUP,2026-01-24,30.0,True,Research-generated IncentiveRewards mock,MyRewards Health Action Incentive,CARE_GAP_COMPLETION,USD
IR-MOCK08768-HTN_PCP_FOLLOWUP-20260108,MOCK08768,HTN_PCP_FOLLOWUP,2026-01-08,15.0,True,Research-generated IncentiveRewards mock,MyRewards Health Action Incentive,CARE_GAP_COMPLETION,USD
IR-MOCK08774-HTN_PCP_FOLLOWUP-20260103,MOCK08774,HTN_PCP_FOLLOWUP,2026-01-03,20.0,True,Research-generated IncentiveRewards mock,MyRewards Health Action Incentive,CARE_GAP_COMPLETION,USD
IR-MOCK08780-HTN_PCP_FOLLOWUP-20260104,MOCK08780,HTN_PCP_FOLLOWUP,2026-01-04,30.0,True,Research-generated IncentiveRewards mock,MyRewards Health Action Incentive,CARE_GAP_COMPLETION,USD
IR-MOCK08786-HTN_PCP_FOLLOWUP-20260119,MOCK08786,HTN_PCP_FOLLOWUP,2026-01-19,30.0,True,Research-generated IncentiveRewards mock,MyRewards Health Action Incentive,CARE_GAP_COMPLETION,USD
IR-MOCK08804-HTN_PCP_FOLLOWUP-20260119,MOCK08804,HTN_PCP_FOLLOWUP,2026-01-19,10.0,True,Research-generated IncentiveRewards mock,MyRewards Health Action Incentive,CARE_GAP_COMPLETION,USD
IR-MOCK08816-HTN_PCP_FOLLOWUP-20251230,MOCK08816,HTN_PCP_FOLLOWUP,2025-12-30,15.0,True,Research-generated IncentiveRewards mock,MyRewards Health Action Incentive,CARE_GAP_COMPLETION,USD
IR-MOCK08822-HTN_PCP_FOLLOWUP-20260104,MOCK08822,HTN_PCP_FOLLOWUP,2026-01-04,15.0,True,Research-generated IncentiveRewards mock,MyRewards Health Action Incentive,CARE_GAP_COMPLETION,USD
IR-MOCK08840-HTN_PCP_FOLLOWUP-20260108,MOCK08840,HTN_PCP_FOLLOWUP,2026-01-08,25.0,True,Research-generated IncentiveRewards mock,MyRewards Health Action Incentive,CARE_GAP_COMPLETION,USD
IR-MOCK08858-HTN_PCP_FOLLOWUP-20260112,MOCK08858,HTN_PCP_FOLLOWUP,2026-01-12,5.0,True,Research-generated IncentiveRewards mock,MyRewards Health Action Incentive,CARE_GAP_COMPLETION,USD
IR-MOCK08876-HTN_PCP_FOLLOWUP-20260124,MOCK08876,HTN_PCP_FOLLOWUP,2026-01-24,20.0,True,Research-generated IncentiveRewards mock,MyRewards Health Action Incentive,CARE_GAP_COMPLETION,USD
IR-MOCK08912-HTN_PCP_FOLLOWUP-20260129,MOCK08912,HTN_PCP_FOLLOWUP,2026-01-29,15.0,True,Research-generated IncentiveRewards mock,MyRewards Health Action Incentive,CARE_GAP_COMPLETION,USD
IR-MOCK08918-HTN_PCP_FOLLOWUP-20260110,MOCK08918,HTN_PCP_FOLLOWUP,2026-01-10,10.0,True,Research-generated IncentiveRewards mock,MyRewards Health Action Incentive,CARE_GAP_COMPLETION,USD
IR-MOCK08924-HTN_PCP_FOLLOWUP-20260104,MOCK08924,HTN_PCP_FOLLOWUP,2026-01-04,10.0,True,Research-generated IncentiveRewards mock,MyRewards Health Action Incentive,CARE_GAP_COMPLETION,USD
IR-MOCK08930-HTN_PCP_FOLLOWUP-20260103,MOCK08930,HTN_PCP_FOLLOWUP,2026-01-03,15.0,True,Research-generated IncentiveRewards mock,MyRewards Health Action Incentive,CARE_GAP_COMPLETION,USD
IR-MOCK08936-HTN_PCP_FOLLOWUP-20260202,MOCK08936,HTN_PCP_FOLLOWUP,2026-02-02,35.0,True,Research-generated IncentiveRewards mock,MyRewards Health Action Incentive,CARE_GAP_COMPLETION,USD
IR-MOCK08948-HTN_PCP_FOLLOWUP-20260110,MOCK08948,HTN_PCP_FOLLOWUP,2026-01-10,25.0,True,Research-generated IncentiveRewards mock,MyRewards Health Action Incentive,CARE_GAP_COMPLETION,USD
IR-MOCK08954-HTN_PCP_FOLLOWUP-20260112,MOCK08954,HTN_PCP_FOLLOWUP,2026-01-12,35.0,True,Research-generated IncentiveRewards mock,MyRewards Health Action Incentive,CARE_GAP_COMPLETION,USD
IR-MOCK08966-HTN_PCP_FOLLOWUP-20260130,MOCK08966,HTN_PCP_FOLLOWUP,2026-01-30,30.0,True,Research-generated IncentiveRewards mock,MyRewards Health Action Incentive,CARE_GAP_COMPLETION,USD
IR-MOCK08984-HTN_PCP_FOLLOWUP-20260110,MOCK08984,HTN_PCP_FOLLOWUP,2026-01-10,25.0,True,Research-generated IncentiveRewards mock,MyRewards Health Action Incentive,CARE_GAP_COMPLETION,USD
IR-MOCK08990-HTN_PCP_FOLLOWUP-20260117,MOCK08990,HTN_PCP_FOLLOWUP,2026-01-17,45.0,True,Research-generated IncentiveRewards mock,MyRewards Health Action Incentive,CARE_GAP_COMPLETION,USD
IR-MOCK09002-HTN_PCP_FOLLOWUP-20260205,MOCK09002,HTN_PCP_FOLLOWUP,2026-02-05,10.0,True,Research-generated IncentiveRewards mock,MyRewards Health Action Incentive,CARE_GAP_COMPLETION,USD
IR-MOCK09026-HTN_PCP_FOLLOWUP-20260109,MOCK09026,HTN_PCP_FOLLOWUP,2026-01-09,45.0,True,Research-generated IncentiveRewards mock,MyRewards Health Action Incentive,CARE_GAP_COMPLETION,USD
IR-MOCK09038-HTN_PCP_FOLLOWUP-20260118,MOCK09038,HTN_PCP_FOLLOWUP,2026-01-18,10.0,True,Research-generated IncentiveRewards mock,MyRewards Health Action Incentive,CARE_GAP_COMPLETION,USD
IR-MOCK09056-HTN_PCP_FOLLOWUP-20260109,MOCK09056,HTN_PCP_FOLLOWUP,2026-01-09,40.0,True,Research-generated IncentiveRewards mock,MyRewards Health Action Incentive,CARE_GAP_COMPLETION,USD
IR-MOCK09062-HTN_PCP_FOLLOWUP-20260130,MOCK09062,HTN_PCP_FOLLOWUP,2026-01-30,40.0,False,Research-generated IncentiveRewards mock,MyRewards Health Action Incentive,CARE_GAP_COMPLETION,USD
IR-MOCK09068-HTN_PCP_FOLLOWUP-20260102,MOCK09068,HTN_PCP_FOLLOWUP,2026-01-02,10.0,True,Research-generated IncentiveRewards mock,MyRewards Health Action Incentive,CARE_GAP_COMPLETION,USD
IR-MOCK09080-HTN_PCP_FOLLOWUP-20260130,MOCK09080,HTN_PCP_FOLLOWUP,2026-01-30,35.0,True,Research-generated IncentiveRewards mock,MyRewards Health Action Incentive,CARE_GAP_COMPLETION,USD
IR-MOCK09110-HTN_PCP_FOLLOWUP-20251231,MOCK09110,HTN_PCP_FOLLOWUP,2025-12-31,20.0,True,Research-generated IncentiveRewards mock,MyRewards Health Action Incentive,CARE_GAP_COMPLETION,USD
IR-MOCK09116-HTN_PCP_FOLLOWUP-20251230,MOCK09116,HTN_PCP_FOLLOWUP,2025-12-30,50.0,True,Research-generated IncentiveRewards mock,MyRewards Health Action Incentive,CARE_GAP_COMPLETION,USD
IR-MOCK09128-HTN_PCP_FOLLOWUP-20260105,MOCK09128,HTN_PCP_FOLLOWUP,2026-01-05,30.0,True,Research-generated IncentiveRewards mock,MyRewards Health Action Incentive,CARE_GAP_COMPLETION,USD
IR-MOCK09146-HTN_PCP_FOLLOWUP-20260101,MOCK09146,HTN_PCP_FOLLOWUP,2026-01-01,20.0,True,Research-generated IncentiveRewards mock,MyRewards Health Action Incentive,CARE_GAP_COMPLETION,USD
IR-MOCK09158-HTN_PCP_FOLLOWUP-20260117,MOCK09158,HTN_PCP_FOLLOWUP,2026-01-17,15.0,True,Research-generated IncentiveRewards mock,MyRewards Health Action Incentive,CARE_GAP_COMPLETION,USD
IR-MOCK09188-HTN_PCP_FOLLOWUP-20260118,MOCK09188,HTN_PCP_FOLLOWUP,2026-01-18,10.0,True,Research-generated IncentiveRewards mock,MyRewards Health Action Incentive,CARE_GAP_COMPLETION,USD
IR-MOCK09200-HTN_PCP_FOLLOWUP-20260206,MOCK09200,HTN_PCP_FOLLOWUP,2026-02-06,5.0,True,Research-generated IncentiveRewards mock,MyRewards Health Action Incentive,CARE_GAP_COMPLETION,USD
IR-MOCK09212-HTN_PCP_FOLLOWUP-20260112,MOCK09212,HTN_PCP_FOLLOWUP,2026-01-12,20.0,True,Research-generated IncentiveRewards mock,MyRewards Health Action Incentive,CARE_GAP_COMPLETION,USD
IR-MOCK09218-HTN_PCP_FOLLOWUP-20260205,MOCK09218,HTN_PCP_FOLLOWUP,2026-02-05,45.0,True,Research-generated IncentiveRewards mock,MyRewards Health Action Incentive,CARE_GAP_COMPLETION,USD
IR-MOCK09224-HTN_PCP_FOLLOWUP-20260111,MOCK09224,HTN_PCP_FOLLOWUP,2026-01-11,20.0,True,Research-generated IncentiveRewards mock,MyRewards Health Action Incentive,CARE_GAP_COMPLETION,USD
IR-MOCK09230-HTN_PCP_FOLLOWUP-20260104,MOCK09230,HTN_PCP_FOLLOWUP,2026-01-04,10.0,True,Research-generated IncentiveRewards mock,MyRewards Health Action Incentive,CARE_GAP_COMPLETION,USD
IR-MOCK09236-HTN_PCP_FOLLOWUP-20260204,MOCK09236,HTN_PCP_FOLLOWUP,2026-02-04,15.0,True,Research-generated IncentiveRewards mock,MyRewards Health Action Incentive,CARE_GAP_COMPLETION,USD
IR-MOCK09242-HTN_PCP_FOLLOWUP-20260205,MOCK09242,HTN_PCP_FOLLOWUP,2026-02-05,15.0,True,Research-generated IncentiveRewards mock,MyRewards Health Action Incentive,CARE_GAP_COMPLETION,USD
IR-MOCK09260-HTN_PCP_FOLLOWUP-20260105,MOCK09260,HTN_PCP_FOLLOWUP,2026-01-05,15.0,True,Research-generated IncentiveRewards mock,MyRewards Health Action Incentive,CARE_GAP_COMPLETION,USD
IR-MOCK09272-HTN_PCP_FOLLOWUP-20260125,MOCK09272,HTN_PCP_FOLLOWUP,2026-01-25,35.0,True,Research-generated IncentiveRewards mock,MyRewards Health Action Incentive,CARE_GAP_COMPLETION,USD
IR-MOCK09284-HTN_PCP_FOLLOWUP-20260121,MOCK09284,HTN_PCP_FOLLOWUP,2026-01-21,20.0,True,Research-generated IncentiveRewards mock,MyRewards Health Action Incentive,CARE_GAP_COMPLETION,USD
IR-MOCK09296-HTN_PCP_FOLLOWUP-20260120,MOCK09296,HTN_PCP_FOLLOWUP,2026-01-20,45.0,True,Research-generated IncentiveRewards mock,MyRewards Health Action Incentive,CARE_GAP_COMPLETION,USD
IR-MOCK09302-HTN_PCP_FOLLOWUP-20260130,MOCK09302,HTN_PCP_FOLLOWUP,2026-01-30,15.0,True,Research-generated IncentiveRewards mock,MyRewards Health Action Incentive,CARE_GAP_COMPLETION,USD
IR-MOCK09326-HTN_PCP_FOLLOWUP-20260119,MOCK09326,HTN_PCP_FOLLOWUP,2026-01-19,30.0,True,Research-generated IncentiveRewards mock,MyRewards Health Action Incentive,CARE_GAP_COMPLETION,USD
IR-MOCK09344-HTN_PCP_FOLLOWUP-20260205,MOCK09344,HTN_PCP_FOLLOWUP,2026-02-05,20.0,True,Research-generated IncentiveRewards mock,MyRewards Health Action Incentive,CARE_GAP_COMPLETION,USD
IR-MOCK09350-HTN_PCP_FOLLOWUP-20260103,MOCK09350,HTN_PCP_FOLLOWUP,2026-01-03,10.0,True,Research-generated IncentiveRewards mock,MyRewards Health Action Incentive,CARE_GAP_COMPLETION,USD
IR-MOCK09356-HTN_PCP_FOLLOWUP-20260123,MOCK09356,HTN_PCP_FOLLOWUP,2026-01-23,25.0,True,Research-generated IncentiveRewards mock,MyRewards Health Action Incentive,CARE_GAP_COMPLETION,USD
IR-MOCK09362-HTN_PCP_FOLLOWUP-20260124,MOCK09362,HTN_PCP_FOLLOWUP,2026-01-24,25.0,True,Research-generated IncentiveRewards mock,MyRewards Health Action Incentive,CARE_GAP_COMPLETION,USD
IR-MOCK09368-HTN_PCP_FOLLOWUP-20260117,MOCK09368,HTN_PCP_FOLLOWUP,2026-01-17,10.0,True,Research-generated IncentiveRewards mock,MyRewards Health Action Incentive,CARE_GAP_COMPLETION,USD
IR-MOCK09374-HTN_PCP_FOLLOWUP-20251231,MOCK09374,HTN_PCP_FOLLOWUP,2025-12-31,20.0,True,Research-generated IncentiveRewards mock,MyRewards Health Action Incentive,CARE_GAP_COMPLETION,USD
IR-MOCK09404-HTN_PCP_FOLLOWUP-20260105,MOCK09404,HTN_PCP_FOLLOWUP,2026-01-05,25.0,True,Research-generated IncentiveRewards mock,MyRewards Health Action Incentive,CARE_GAP_COMPLETION,USD
IR-MOCK09428-HTN_PCP_FOLLOWUP-20251231,MOCK09428,HTN_PCP_FOLLOWUP,2025-12-31,15.0,True,Research-generated IncentiveRewards mock,MyRewards Health Action Incentive,CARE_GAP_COMPLETION,USD
IR-MOCK09488-HTN_PCP_FOLLOWUP-20260123,MOCK09488,HTN_PCP_FOLLOWUP,2026-01-23,15.0,True,Research-generated IncentiveRewards mock,MyRewards Health Action Incentive,CARE_GAP_COMPLETION,USD
IR-MOCK09500-HTN_PCP_FOLLOWUP-20260127,MOCK09500,HTN_PCP_FOLLOWUP,2026-01-27,25.0,True,Research-generated IncentiveRewards mock,MyRewards Health Action Incentive,CARE_GAP_COMPLETION,USD
IR-MOCK09506-HTN_PCP_FOLLOWUP-20260121,MOCK09506,HTN_PCP_FOLLOWUP,2026-01-21,35.0,True,Research-generated IncentiveRewards mock,MyRewards Health Action Incentive,CARE_GAP_COMPLETION,USD
IR-MOCK09512-HTN_PCP_FOLLOWUP-20260120,MOCK09512,HTN_PCP_FOLLOWUP,2026-01-20,10.0,True,Research-generated IncentiveRewards mock,MyRewards Health Action Incentive,CARE_GAP_COMPLETION,USD
IR-MOCK09524-HTN_PCP_FOLLOWUP-20260108,MOCK09524,HTN_PCP_FOLLOWUP,2026-01-08,45.0,True,Research-generated IncentiveRewards mock,MyRewards Health Action Incentive,CARE_GAP_COMPLETION,USD
IR-MOCK09530-HTN_PCP_FOLLOWUP-20260117,MOCK09530,HTN_PCP_FOLLOWUP,2026-01-17,45.0,True,Research-generated IncentiveRewards mock,MyRewards Health Action Incentive,CARE_GAP_COMPLETION,USD
IR-MOCK09536-HTN_PCP_FOLLOWUP-20251230,MOCK09536,HTN_PCP_FOLLOWUP,2025-12-30,25.0,True,Research-generated IncentiveRewards mock,MyRewards Health Action Incentive,CARE_GAP_COMPLETION,USD
IR-MOCK09560-HTN_PCP_FOLLOWUP-20260205,MOCK09560,HTN_PCP_FOLLOWUP,2026-02-05,15.0,True,Research-generated IncentiveRewards mock,MyRewards Health Action Incentive,CARE_GAP_COMPLETION,USD
IR-MOCK09566-HTN_PCP_FOLLOWUP-20260118,MOCK09566,HTN_PCP_FOLLOWUP,2026-01-18,30.0,True,Research-generated IncentiveRewards mock,MyRewards Health Action Incentive,CARE_GAP_COMPLETION,USD
IR-MOCK09578-HTN_PCP_FOLLOWUP-20260117,MOCK09578,HTN_PCP_FOLLOWUP,2026-01-17,25.0,True,Research-generated IncentiveRewards mock,MyRewards Health Action Incentive,CARE_GAP_COMPLETION,USD
IR-MOCK09602-HTN_PCP_FOLLOWUP-20260204,MOCK09602,HTN_PCP_FOLLOWUP,2026-02-04,25.0,True,Research-generated IncentiveRewards mock,MyRewards Health Action Incentive,CARE_GAP_COMPLETION,USD
IR-MOCK09608-HTN_PCP_FOLLOWUP-20260117,MOCK09608,HTN_PCP_FOLLOWUP,2026-01-17,20.0,True,Research-generated IncentiveRewards mock,MyRewards Health Action Incentive,CARE_GAP_COMPLETION,USD
IR-MOCK09620-HTN_PCP_FOLLOWUP-20260116,MOCK09620,HTN_PCP_FOLLOWUP,2026-01-16,15.0,True,Research-generated IncentiveRewards mock,MyRewards Health Action Incentive,CARE_GAP_COMPLETION,USD
IR-MOCK09638-HTN_PCP_FOLLOWUP-20260206,MOCK09638,HTN_PCP_FOLLOWUP,2026-02-06,15.0,True,Research-generated IncentiveRewards mock,MyRewards Health Action Incentive,CARE_GAP_COMPLETION,USD
IR-MOCK09644-HTN_PCP_FOLLOWUP-20260102,MOCK09644,HTN_PCP_FOLLOWUP,2026-01-02,20.0,True,Research-generated IncentiveRewards mock,MyRewards Health Action Incentive,CARE_GAP_COMPLETION,USD
IR-MOCK09656-HTN_PCP_FOLLOWUP-20260112,MOCK09656,HTN_PCP_FOLLOWUP,2026-01-12,25.0,True,Research-generated IncentiveRewards mock,MyRewards Health Action Incentive,CARE_GAP_COMPLETION,USD
IR-MOCK09680-HTN_PCP_FOLLOWUP-20260107,MOCK09680,HTN_PCP_FOLLOWUP,2026-01-07,25.0,True,Research-generated IncentiveRewards mock,MyRewards Health Action Incentive,CARE_GAP_COMPLETION,USD
IR-MOCK09686-HTN_PCP_FOLLOWUP-20251230,MOCK09686,HTN_PCP_FOLLOWUP,2025-12-30,5.0,True,Research-generated IncentiveRewards mock,MyRewards Health Action Incentive,CARE_GAP_COMPLETION,USD
IR-MOCK09722-HTN_PCP_FOLLOWUP-20260204,MOCK09722,HTN_PCP_FOLLOWUP,2026-02-04,35.0,True,Research-generated IncentiveRewards mock,MyRewards Health Action Incentive,CARE_GAP_COMPLETION,USD
IR-MOCK09728-HTN_PCP_FOLLOWUP-20260130,MOCK09728,HTN_PCP_FOLLOWUP,2026-01-30,25.0,True,Research-generated IncentiveRewards mock,MyRewards Health Action Incentive,CARE_GAP_COMPLETION,USD
IR-MOCK09740-HTN_PCP_FOLLOWUP-20260119,MOCK09740,HTN_PCP_FOLLOWUP,2026-01-19,5.0,True,Research-generated IncentiveRewards mock,MyRewards Health Action Incentive,CARE_GAP_COMPLETION,USD
IR-MOCK09752-HTN_PCP_FOLLOWUP-20260129,MOCK09752,HTN_PCP_FOLLOWUP,2026-01-29,25.0,True,Research-generated IncentiveRewards mock,MyRewards Health Action Incentive,CARE_GAP_COMPLETION,USD
IR-MOCK09758-HTN_PCP_FOLLOWUP-20260123,MOCK09758,HTN_PCP_FOLLOWUP,2026-01-23,5.0,True,Research-generated IncentiveRewards mock,MyRewards Health Action Incentive,CARE_GAP_COMPLETION,USD
IR-MOCK09764-HTN_PCP_FOLLOWUP-20260116,MOCK09764,HTN_PCP_FOLLOWUP,2026-01-16,35.0,True,Research-generated IncentiveRewards mock,MyRewards Health Action Incentive,CARE_GAP_COMPLETION,USD
IR-MOCK09782-HTN_PCP_FOLLOWUP-20260101,MOCK09782,HTN_PCP_FOLLOWUP,2026-01-01,20.0,True,Research-generated IncentiveRewards mock,MyRewards Health Action Incentive,CARE_GAP_COMPLETION,USD
IR-MOCK09788-HTN_PCP_FOLLOWUP-20260106,MOCK09788,HTN_PCP_FOLLOWUP,2026-01-06,15.0,True,Research-generated IncentiveRewards mock,MyRewards Health Action Incentive,CARE_GAP_COMPLETION,USD
IR-MOCK09794-HTN_PCP_FOLLOWUP-20260127,MOCK09794,HTN_PCP_FOLLOWUP,2026-01-27,10.0,True,Research-generated IncentiveRewards mock,MyRewards Health Action Incentive,CARE_GAP_COMPLETION,USD
IR-MOCK09800-HTN_PCP_FOLLOWUP-20260201,MOCK09800,HTN_PCP_FOLLOWUP,2026-02-01,25.0,True,Research-generated IncentiveRewards mock,MyRewards Health Action Incentive,CARE_GAP_COMPLETION,USD
IR-MOCK09812-HTN_PCP_FOLLOWUP-20260102,MOCK09812,HTN_PCP_FOLLOWUP,2026-01-02,15.0,True,Research-generated IncentiveRewards mock,MyRewards Health Action Incentive,CARE_GAP_COMPLETION,USD
IR-MOCK09818-HTN_PCP_FOLLOWUP-20260102,MOCK09818,HTN_PCP_FOLLOWUP,2026-01-02,35.0,True,Research-generated IncentiveRewards mock,MyRewards Health Action Incentive,CARE_GAP_COMPLETION,USD
IR-MOCK09824-HTN_PCP_FOLLOWUP-20260129,MOCK09824,HTN_PCP_FOLLOWUP,2026-01-29,10.0,True,Research-generated IncentiveRewards mock,MyRewards Health Action Incentive,CARE_GAP_COMPLETION,USD
IR-MOCK09878-HTN_PCP_FOLLOWUP-20260130,MOCK09878,HTN_PCP_FOLLOWUP,2026-01-30,15.0,True,Research-generated IncentiveRewards mock,MyRewards Health Action Incentive,CARE_GAP_COMPLETION,USD
IR-MOCK09902-HTN_PCP_FOLLOWUP-20260201,MOCK09902,HTN_PCP_FOLLOWUP,2026-02-01,50.0,True,Research-generated IncentiveRewards mock,MyRewards Health Action Incentive,CARE_GAP_COMPLETION,USD
IR-MOCK09908-HTN_PCP_FOLLOWUP-20260204,MOCK09908,HTN_PCP_FOLLOWUP,2026-02-04,5.0,True,Research-generated IncentiveRewards mock,MyRewards Health Action Incentive,CARE_GAP_COMPLETION,USD
IR-MOCK09920-HTN_PCP_FOLLOWUP-20260102,MOCK09920,HTN_PCP_FOLLOWUP,2026-01-02,35.0,True,Research-generated IncentiveRewards mock,MyRewards Health Action Incentive,CARE_GAP_COMPLETION,USD
IR-MOCK09926-HTN_PCP_FOLLOWUP-20260201,MOCK09926,HTN_PCP_FOLLOWUP,2026-02-01,10.0,True,Research-generated IncentiveRewards mock,MyRewards Health Action Incentive,CARE_GAP_COMPLETION,USD
IR-MOCK09932-HTN_PCP_FOLLOWUP-20260202,MOCK09932,HTN_PCP_FOLLOWUP,2026-02-02,25.0,True,Research-generated IncentiveRewards mock,MyRewards Health Action Incentive,CARE_GAP_COMPLETION,USD
IR-MOCK09968-HTN_PCP_FOLLOWUP-20260117,MOCK09968,HTN_PCP_FOLLOWUP,2026-01-17,10.0,True,Research-generated IncentiveRewards mock,MyRewards Health Action Incentive,CARE_GAP_COMPLETION,USD
IR-MOCK09974-HTN_PCP_FOLLOWUP-20260109,MOCK09974,HTN_PCP_FOLLOWUP,2026-01-09,10.0,True,Research-generated IncentiveRewards mock,MyRewards Health Action Incentive,CARE_GAP_COMPLETION,USD
IR-MOCK09980-HTN_PCP_FOLLOWUP-20260126,MOCK09980,HTN_PCP_FOLLOWUP,2026-01-26,20.0,True,Research-generated IncentiveRewards mock,MyRewards Health Action Incentive,CARE_GAP_COMPLETION,USD
IR-MOCK09992-HTN_PCP_FOLLOWUP-20260102,MOCK09992,HTN_PCP_FOLLOWUP,2026-01-02,15.0,True,Research-generated IncentiveRewards mock,MyRewards Health Action Incentive,CARE_GAP_COMPLETION,USD
IR-MOCK09998-HTN_PCP_FOLLOWUP-20260108,MOCK09998,HTN_PCP_FOLLOWUP,2026-01-08,15.0,True,Research-generated IncentiveRewards mock,MyRewards Health Action Incentive,CARE_GAP_COMPLETION,USD
IR-MOCK00015-COPD_SPIROMETRY-20250707,MOCK00015,COPD_SPIROMETRY,2025-07-07,20.0,True,Research-generated IncentiveRewards mock,MyRewards Health Action Incentive,CARE_GAP_COMPLETION,USD
IR-MOCK00045-COPD_SPIROMETRY-20250803,MOCK00045,COPD_SPIROMETRY,2025-08-03,20.0,True,Research-generated IncentiveRewards mock,MyRewards Health Action Incentive,CARE_GAP_COMPLETION,USD
IR-MOCK00051-COPD_SPIROMETRY-20250731,MOCK00051,COPD_SPIROMETRY,2025-07-31,20.0,True,Research-generated IncentiveRewards mock,MyRewards Health Action Incentive,CARE_GAP_COMPLETION,USD
IR-MOCK00057-COPD_SPIROMETRY-20250711,MOCK00057,COPD_SPIROMETRY,2025-07-11,20.0,True,Research-generated IncentiveRewards mock,MyRewards Health Action Incentive,CARE_GAP_COMPLETION,USD
IR-MOCK00087-COPD_SPIROMETRY-20250728,MOCK00087,COPD_SPIROMETRY,2025-07-28,20.0,True,Research-generated IncentiveRewards mock,MyRewards Health Action Incentive,CARE_GAP_COMPLETION,USD
IR-MOCK00093-COPD_SPIROMETRY-20250801,MOCK00093,COPD_SPIROMETRY,2025-08-01,15.0,True,Research-generated IncentiveRewards mock,MyRewards Health Action Incentive,CARE_GAP_COMPLETION,USD
IR-MOCK00099-COPD_SPIROMETRY-20250714,MOCK00099,COPD_SPIROMETRY,2025-07-14,20.0,True,Research-generated IncentiveRewards mock,MyRewards Health Action Incentive,CARE_GAP_COMPLETION,USD
IR-MOCK00105-COPD_SPIROMETRY-20250706,MOCK00105,COPD_SPIROMETRY,2025-07-06,15.0,True,Research-generated IncentiveRewards mock,MyRewards Health Action Incentive,CARE_GAP_COMPLETION,USD
IR-MOCK00123-COPD_SPIROMETRY-20250727,MOCK00123,COPD_SPIROMETRY,2025-07-27,20.0,True,Research-generated IncentiveRewards mock,MyRewards Health Action Incentive,CARE_GAP_COMPLETION,USD
IR-MOCK00135-COPD_SPIROMETRY-20250717,MOCK00135,COPD_SPIROMETRY,2025-07-17,20.0,True,Research-generated IncentiveRewards mock,MyRewards Health Action Incentive,CARE_GAP_COMPLETION,USD
IR-MOCK00147-COPD_SPIROMETRY-20250801,MOCK00147,COPD_SPIROMETRY,2025-08-01,20.0,True,Research-generated IncentiveRewards mock,MyRewards Health Action Incentive,CARE_GAP_COMPLETION,USD
IR-MOCK00159-COPD_SPIROMETRY-20250705,MOCK00159,COPD_SPIROMETRY,2025-07-05,15.0,True,Research-generated IncentiveRewards mock,MyRewards Health Action Incentive,CARE_GAP_COMPLETION,USD
IR-MOCK00165-COPD_SPIROMETRY-20250722,MOCK00165,COPD_SPIROMETRY,2025-07-22,20.0,True,Research-generated IncentiveRewards mock,MyRewards Health Action Incentive,CARE_GAP_COMPLETION,USD
IR-MOCK00177-COPD_SPIROMETRY-20250730,MOCK00177,COPD_SPIROMETRY,2025-07-30,20.0,True,Research-generated IncentiveRewards mock,MyRewards Health Action Incentive,CARE_GAP_COMPLETION,USD
IR-MOCK00189-COPD_SPIROMETRY-20250715,MOCK00189,COPD_SPIROMETRY,2025-07-15,20.0,True,Research-generated IncentiveRewards mock,MyRewards Health Action Incentive,CARE_GAP_COMPLETION,USD
IR-MOCK00201-COPD_SPIROMETRY-20250701,MOCK00201,COPD_SPIROMETRY,2025-07-01,20.0,True,Research-generated IncentiveRewards mock,MyRewards Health Action Incentive,CARE_GAP_COMPLETION,USD
IR-MOCK00225-COPD_SPIROMETRY-20250701,MOCK00225,COPD_SPIROMETRY,2025-07-01,15.0,True,Research-generated IncentiveRewards mock,MyRewards Health Action Incentive,CARE_GAP_COMPLETION,USD
IR-MOCK00237-COPD_SPIROMETRY-20250712,MOCK00237,COPD_SPIROMETRY,2025-07-12,20.0,True,Research-generated IncentiveRewards mock,MyRewards Health Action Incentive,CARE_GAP_COMPLETION,USD
IR-MOCK00249-COPD_SPIROMETRY-20250719,MOCK00249,COPD_SPIROMETRY,2025-07-19,20.0,True,Research-generated IncentiveRewards mock,MyRewards Health Action Incentive,CARE_GAP_COMPLETION,USD
IR-MOCK00267-COPD_SPIROMETRY-20250722,MOCK00267,COPD_SPIROMETRY,2025-07-22,15.0,True,Research-generated IncentiveRewards mock,MyRewards Health Action Incentive,CARE_GAP_COMPLETION,USD
IR-MOCK00273-COPD_SPIROMETRY-20250721,MOCK00273,COPD_SPIROMETRY,2025-07-21,20.0,True,Research-generated IncentiveRewards mock,MyRewards Health Action Incentive,CARE_GAP_COMPLETION,USD
IR-MOCK00279-COPD_SPIROMETRY-20250805,MOCK00279,COPD_SPIROMETRY,2025-08-05,20.0,True,Research-generated IncentiveRewards mock,MyRewards Health Action Incentive,CARE_GAP_COMPLETION,USD
IR-MOCK00291-COPD_SPIROMETRY-20250722,MOCK00291,COPD_SPIROMETRY,2025-07-22,20.0,True,Research-generated IncentiveRewards mock,MyRewards Health Action Incentive,CARE_GAP_COMPLETION,USD
IR-MOCK00315-COPD_SPIROMETRY-20250802,MOCK00315,COPD_SPIROMETRY,2025-08-02,15.0,True,Research-generated IncentiveRewards mock,MyRewards Health Action Incentive,CARE_GAP_COMPLETION,USD
IR-MOCK00321-COPD_SPIROMETRY-20250712,MOCK00321,COPD_SPIROMETRY,2025-07-12,20.0,True,Research-generated IncentiveRewards mock,MyRewards Health Action Incentive,CARE_GAP_COMPLETION,USD
IR-MOCK00327-COPD_SPIROMETRY-20250706,MOCK00327,COPD_SPIROMETRY,2025-07-06,20.0,True,Research-generated IncentiveRewards mock,MyRewards Health Action Incentive,CARE_GAP_COMPLETION,USD
IR-MOCK00339-COPD_SPIROMETRY-20250710,MOCK00339,COPD_SPIROMETRY,2025-07-10,20.0,True,Research-generated IncentiveRewards mock,MyRewards Health Action Incentive,CARE_GAP_COMPLETION,USD
IR-MOCK00345-COPD_SPIROMETRY-20250722,MOCK00345,COPD_SPIROMETRY,2025-07-22,15.0,True,Research-generated IncentiveRewards mock,MyRewards Health Action Incentive,CARE_GAP_COMPLETION,USD
IR-MOCK00351-COPD_SPIROMETRY-20250802,MOCK00351,COPD_SPIROMETRY,2025-08-02,20.0,True,Research-generated IncentiveRewards mock,MyRewards Health Action Incentive,CARE_GAP_COMPLETION,USD
IR-MOCK00369-COPD_SPIROMETRY-20250712,MOCK00369,COPD_SPIROMETRY,2025-07-12,20.0,True,Research-generated IncentiveRewards mock,MyRewards Health Action Incentive,CARE_GAP_COMPLETION,USD
IR-MOCK00375-COPD_SPIROMETRY-20250726,MOCK00375,COPD_SPIROMETRY,2025-07-26,15.0,True,Research-generated IncentiveRewards mock,MyRewards Health Action Incentive,CARE_GAP_COMPLETION,USD
IR-MOCK00381-COPD_SPIROMETRY-20250712,MOCK00381,COPD_SPIROMETRY,2025-07-12,20.0,True,Research-generated IncentiveRewards mock,MyRewards Health Action Incentive,CARE_GAP_COMPLETION,USD
IR-MOCK00387-COPD_SPIROMETRY-20250722,MOCK00387,COPD_SPIROMETRY,2025-07-22,20.0,True,Research-generated IncentiveRewards mock,MyRewards Health Action Incentive,CARE_GAP_COMPLETION,USD
IR-MOCK00423-COPD_SPIROMETRY-20250714,MOCK00423,COPD_SPIROMETRY,2025-07-14,15.0,True,Research-generated IncentiveRewards mock,MyRewards Health Action Incentive,CARE_GAP_COMPLETION,USD
IR-MOCK00435-COPD_SPIROMETRY-20250630,MOCK00435,COPD_SPIROMETRY,2025-06-30,20.0,True,Research-generated IncentiveRewards mock,MyRewards Health Action Incentive,CARE_GAP_COMPLETION,USD
IR-MOCK00441-COPD_SPIROMETRY-20250803,MOCK00441,COPD_SPIROMETRY,2025-08-03,20.0,True,Research-generated IncentiveRewards mock,MyRewards Health Action Incentive,CARE_GAP_COMPLETION,USD
IR-MOCK00453-COPD_SPIROMETRY-20250701,MOCK00453,COPD_SPIROMETRY,2025-07-01,20.0,True,Research-generated IncentiveRewards mock,MyRewards Health Action Incentive,CARE_GAP_COMPLETION,USD
IR-MOCK00465-COPD_SPIROMETRY-20250802,MOCK00465,COPD_SPIROMETRY,2025-08-02,20.0,True,Research-generated IncentiveRewards mock,MyRewards Health Action Incentive,CARE_GAP_COMPLETION,USD
IR-MOCK00471-COPD_SPIROMETRY-20250630,MOCK00471,COPD_SPIROMETRY,2025-06-30,15.0,True,Research-generated IncentiveRewards mock,MyRewards Health Action Incentive,CARE_GAP_COMPLETION,USD
IR-MOCK00495-COPD_SPIROMETRY-20250728,MOCK00495,COPD_SPIROMETRY,2025-07-28,15.0,True,Research-generated IncentiveRewards mock,MyRewards Health Action Incentive,CARE_GAP_COMPLETION,USD
IR-MOCK00501-COPD_SPIROMETRY-20250716,MOCK00501,COPD_SPIROMETRY,2025-07-16,20.0,True,Research-generated IncentiveRewards mock,MyRewards Health Action Incentive,CARE_GAP_COMPLETION,USD
IR-MOCK00543-COPD_SPIROMETRY-20250711,MOCK00543,COPD_SPIROMETRY,2025-07-11,20.0,True,Research-generated IncentiveRewards mock,MyRewards Health Action Incentive,CARE_GAP_COMPLETION,USD
IR-MOCK00567-COPD_SPIROMETRY-20250705,MOCK00567,COPD_SPIROMETRY,2025-07-05,20.0,True,Research-generated IncentiveRewards mock,MyRewards Health Action Incentive,CARE_GAP_COMPLETION,USD
IR-MOCK00579-COPD_SPIROMETRY-20250718,MOCK00579,COPD_SPIROMETRY,2025-07-18,20.0,True,Research-generated IncentiveRewards mock,MyRewards Health Action Incentive,CARE_GAP_COMPLETION,USD
IR-MOCK00603-COPD_SPIROMETRY-20250720,MOCK00603,COPD_SPIROMETRY,2025-07-20,20.0,True,Research-generated IncentiveRewards mock,MyRewards Health Action Incentive,CARE_GAP_COMPLETION,USD
IR-MOCK00609-COPD_SPIROMETRY-20250707,MOCK00609,COPD_SPIROMETRY,2025-07-07,20.0,True,Research-generated IncentiveRewards mock,MyRewards Health Action Incentive,CARE_GAP_COMPLETION,USD
IR-MOCK00633-COPD_SPIROMETRY-20250721,MOCK00633,COPD_SPIROMETRY,2025-07-21,15.0,True,Research-generated IncentiveRewards mock,MyRewards Health Action Incentive,CARE_GAP_COMPLETION,USD
IR-MOCK00651-COPD_SPIROMETRY-20250720,MOCK00651,COPD_SPIROMETRY,2025-07-20,20.0,True,Research-generated IncentiveRewards mock,MyRewards Health Action Incentive,CARE_GAP_COMPLETION,USD
IR-MOCK00657-COPD_SPIROMETRY-20250717,MOCK00657,COPD_SPIROMETRY,2025-07-17,20.0,True,Research-generated IncentiveRewards mock,MyRewards Health Action Incentive,CARE_GAP_COMPLETION,USD
IR-MOCK00669-COPD_SPIROMETRY-20250710,MOCK00669,COPD_SPIROMETRY,2025-07-10,20.0,True,Research-generated IncentiveRewards mock,MyRewards Health Action Incentive,CARE_GAP_COMPLETION,USD
IR-MOCK00693-COPD_SPIROMETRY-20250727,MOCK00693,COPD_SPIROMETRY,2025-07-27,15.0,True,Research-generated IncentiveRewards mock,MyRewards Health Action Incentive,CARE_GAP_COMPLETION,USD
IR-MOCK00747-COPD_SPIROMETRY-20250802,MOCK00747,COPD_SPIROMETRY,2025-08-02,20.0,True,Research-generated IncentiveRewards mock,MyRewards Health Action Incentive,CARE_GAP_COMPLETION,USD
IR-MOCK00753-COPD_SPIROMETRY-20250702,MOCK00753,COPD_SPIROMETRY,2025-07-02,20.0,True,Research-generated IncentiveRewards mock,MyRewards Health Action Incentive,CARE_GAP_COMPLETION,USD
IR-MOCK00765-COPD_SPIROMETRY-20250704,MOCK00765,COPD_SPIROMETRY,2025-07-04,20.0,True,Research-generated IncentiveRewards mock,MyRewards Health Action Incentive,CARE_GAP_COMPLETION,USD
IR-MOCK00783-COPD_SPIROMETRY-20250718,MOCK00783,COPD_SPIROMETRY,2025-07-18,15.0,True,Research-generated IncentiveRewards mock,MyRewards Health Action Incentive,CARE_GAP_COMPLETION,USD
IR-MOCK00789-COPD_SPIROMETRY-20250725,MOCK00789,COPD_SPIROMETRY,2025-07-25,20.0,True,Research-generated IncentiveRewards mock,MyRewards Health Action Incentive,CARE_GAP_COMPLETION,USD
IR-MOCK00801-COPD_SPIROMETRY-20250702,MOCK00801,COPD_SPIROMETRY,2025-07-02,15.0,True,Research-generated IncentiveRewards mock,MyRewards Health Action Incentive,CARE_GAP_COMPLETION,USD
IR-MOCK00837-COPD_SPIROMETRY-20250804,MOCK00837,COPD_SPIROMETRY,2025-08-04,15.0,False,Research-generated IncentiveRewards mock,MyRewards Health Action Incentive,CARE_GAP_COMPLETION,USD
IR-MOCK00843-COPD_SPIROMETRY-20250701,MOCK00843,COPD_SPIROMETRY,2025-07-01,20.0,True,Research-generated IncentiveRewards mock,MyRewards Health Action Incentive,CARE_GAP_COMPLETION,USD
IR-MOCK00849-COPD_SPIROMETRY-20250803,MOCK00849,COPD_SPIROMETRY,2025-08-03,20.0,True,Research-generated IncentiveRewards mock,MyRewards Health Action Incentive,CARE_GAP_COMPLETION,USD
IR-MOCK00861-COPD_SPIROMETRY-20250731,MOCK00861,COPD_SPIROMETRY,2025-07-31,20.0,True,Research-generated IncentiveRewards mock,MyRewards Health Action Incentive,CARE_GAP_COMPLETION,USD
IR-MOCK00867-COPD_SPIROMETRY-20250716,MOCK00867,COPD_SPIROMETRY,2025-07-16,15.0,True,Research-generated IncentiveRewards mock,MyRewards Health Action Incentive,CARE_GAP_COMPLETION,USD
IR-MOCK00873-COPD_SPIROMETRY-20250720,MOCK00873,COPD_SPIROMETRY,2025-07-20,20.0,True,Research-generated IncentiveRewards mock,MyRewards Health Action Incentive,CARE_GAP_COMPLETION,USD
IR-MOCK00879-COPD_SPIROMETRY-20250714,MOCK00879,COPD_SPIROMETRY,2025-07-14,15.0,True,Research-generated IncentiveRewards mock,MyRewards Health Action Incentive,CARE_GAP_COMPLETION,USD
IR-MOCK00885-COPD_SPIROMETRY-20250709,MOCK00885,COPD_SPIROMETRY,2025-07-09,15.0,True,Research-generated IncentiveRewards mock,MyRewards Health Action Incentive,CARE_GAP_COMPLETION,USD
IR-MOCK00897-COPD_SPIROMETRY-20250719,MOCK00897,COPD_SPIROMETRY,2025-07-19,20.0,True,Research-generated IncentiveRewards mock,MyRewards Health Action Incentive,CARE_GAP_COMPLETION,USD
IR-MOCK00909-COPD_SPIROMETRY-20250703,MOCK00909,COPD_SPIROMETRY,2025-07-03,15.0,True,Research-generated IncentiveRewards mock,MyRewards Health Action Incentive,CARE_GAP_COMPLETION,USD
IR-MOCK00921-COPD_SPIROMETRY-20250725,MOCK00921,COPD_SPIROMETRY,2025-07-25,20.0,True,Research-generated IncentiveRewards mock,MyRewards Health Action Incentive,CARE_GAP_COMPLETION,USD
IR-MOCK00939-COPD_SPIROMETRY-20250721,MOCK00939,COPD_SPIROMETRY,2025-07-21,20.0,True,Research-generated IncentiveRewards mock,MyRewards Health Action Incentive,CARE_GAP_COMPLETION,USD
IR-MOCK00951-COPD_SPIROMETRY-20250720,MOCK00951,COPD_SPIROMETRY,2025-07-20,20.0,True,Research-generated IncentiveRewards mock,MyRewards Health Action Incentive,CARE_GAP_COMPLETION,USD
IR-MOCK00969-COPD_SPIROMETRY-20250711,MOCK00969,COPD_SPIROMETRY,2025-07-11,15.0,True,Research-generated IncentiveRewards mock,MyRewards Health Action Incentive,CARE_GAP_COMPLETION,USD
IR-MOCK00975-COPD_SPIROMETRY-20250724,MOCK00975,COPD_SPIROMETRY,2025-07-24,15.0,True,Research-generated IncentiveRewards mock,MyRewards Health Action Incentive,CARE_GAP_COMPLETION,USD
IR-MOCK00981-COPD_SPIROMETRY-20250709,MOCK00981,COPD_SPIROMETRY,2025-07-09,15.0,True,Research-generated IncentiveRewards mock,MyRewards Health Action Incentive,CARE_GAP_COMPLETION,USD
IR-MOCK00993-COPD_SPIROMETRY-20250724,MOCK00993,COPD_SPIROMETRY,2025-07-24,20.0,True,Research-generated IncentiveRewards mock,MyRewards Health Action Incentive,CARE_GAP_COMPLETION,USD
IR-MOCK01005-COPD_SPIROMETRY-20250730,MOCK01005,COPD_SPIROMETRY,2025-07-30,20.0,True,Research-generated IncentiveRewards mock,MyRewards Health Action Incentive,CARE_GAP_COMPLETION,USD
IR-MOCK01017-COPD_SPIROMETRY-20250702,MOCK01017,COPD_SPIROMETRY,2025-07-02,20.0,True,Research-generated IncentiveRewards mock,MyRewards Health Action Incentive,CARE_GAP_COMPLETION,USD
IR-MOCK01029-COPD_SPIROMETRY-20250802,MOCK01029,COPD_SPIROMETRY,2025-08-02,20.0,True,Research-generated IncentiveRewards mock,MyRewards Health Action Incentive,CARE_GAP_COMPLETION,USD
IR-MOCK01035-COPD_SPIROMETRY-20250711,MOCK01035,COPD_SPIROMETRY,2025-07-11,20.0,True,Research-generated IncentiveRewards mock,MyRewards Health Action Incentive,CARE_GAP_COMPLETION,USD
IR-MOCK01041-COPD_SPIROMETRY-20250802,MOCK01041,COPD_SPIROMETRY,2025-08-02,20.0,True,Research-generated IncentiveRewards mock,MyRewards Health Action Incentive,CARE_GAP_COMPLETION,USD
IR-MOCK01053-COPD_SPIROMETRY-20250713,MOCK01053,COPD_SPIROMETRY,2025-07-13,20.0,True,Research-generated IncentiveRewards mock,MyRewards Health Action Incentive,CARE_GAP_COMPLETION,USD
IR-MOCK01071-COPD_SPIROMETRY-20250704,MOCK01071,COPD_SPIROMETRY,2025-07-04,20.0,True,Research-generated IncentiveRewards mock,MyRewards Health Action Incentive,CARE_GAP_COMPLETION,USD
IR-MOCK01077-COPD_SPIROMETRY-20250715,MOCK01077,COPD_SPIROMETRY,2025-07-15,20.0,True,Research-generated IncentiveRewards mock,MyRewards Health Action Incentive,CARE_GAP_COMPLETION,USD
IR-MOCK01083-COPD_SPIROMETRY-20250713,MOCK01083,COPD_SPIROMETRY,2025-07-13,20.0,True,Research-generated IncentiveRewards mock,MyRewards Health Action Incentive,CARE_GAP_COMPLETION,USD
IR-MOCK01089-COPD_SPIROMETRY-20250706,MOCK01089,COPD_SPIROMETRY,2025-07-06,20.0,True,Research-generated IncentiveRewards mock,MyRewards Health Action Incentive,CARE_GAP_COMPLETION,USD
IR-MOCK01107-COPD_SPIROMETRY-20250726,MOCK01107,COPD_SPIROMETRY,2025-07-26,20.0,True,Research-generated IncentiveRewards mock,MyRewards Health Action Incentive,CARE_GAP_COMPLETION,USD
IR-MOCK01113-COPD_SPIROMETRY-20250703,MOCK01113,COPD_SPIROMETRY,2025-07-03,20.0,True,Research-generated IncentiveRewards mock,MyRewards Health Action Incentive,CARE_GAP_COMPLETION,USD
IR-MOCK01125-COPD_SPIROMETRY-20250803,MOCK01125,COPD_SPIROMETRY,2025-08-03,15.0,True,Research-generated IncentiveRewards mock,MyRewards Health Action Incentive,CARE_GAP_COMPLETION,USD
IR-MOCK01143-COPD_SPIROMETRY-20250716,MOCK01143,COPD_SPIROMETRY,2025-07-16,15.0,True,Research-generated IncentiveRewards mock,MyRewards Health Action Incentive,CARE_GAP_COMPLETION,USD
IR-MOCK01209-COPD_SPIROMETRY-20250702,MOCK01209,COPD_SPIROMETRY,2025-07-02,20.0,True,Research-generated IncentiveRewards mock,MyRewards Health Action Incentive,CARE_GAP_COMPLETION,USD
IR-MOCK01221-COPD_SPIROMETRY-20250721,MOCK01221,COPD_SPIROMETRY,2025-07-21,15.0,True,Research-generated IncentiveRewards mock,MyRewards Health Action Incentive,CARE_GAP_COMPLETION,USD
IR-MOCK01227-COPD_SPIROMETRY-20250807,MOCK01227,COPD_SPIROMETRY,2025-08-07,15.0,True,Research-generated IncentiveRewards mock,MyRewards Health Action Incentive,CARE_GAP_COMPLETION,USD
IR-MOCK01233-COPD_SPIROMETRY-20250712,MOCK01233,COPD_SPIROMETRY,2025-07-12,20.0,True,Research-generated IncentiveRewards mock,MyRewards Health Action Incentive,CARE_GAP_COMPLETION,USD
IR-MOCK01239-COPD_SPIROMETRY-20250717,MOCK01239,COPD_SPIROMETRY,2025-07-17,15.0,True,Research-generated IncentiveRewards mock,MyRewards Health Action Incentive,CARE_GAP_COMPLETION,USD
IR-MOCK01251-COPD_SPIROMETRY-20250717,MOCK01251,COPD_SPIROMETRY,2025-07-17,15.0,True,Research-generated IncentiveRewards mock,MyRewards Health Action Incentive,CARE_GAP_COMPLETION,USD
IR-MOCK01269-COPD_SPIROMETRY-20250723,MOCK01269,COPD_SPIROMETRY,2025-07-23,20.0,True,Research-generated IncentiveRewards mock,MyRewards Health Action Incentive,CARE_GAP_COMPLETION,USD
IR-MOCK01275-COPD_SPIROMETRY-20250712,MOCK01275,COPD_SPIROMETRY,2025-07-12,15.0,True,Research-generated IncentiveRewards mock,MyRewards Health Action Incentive,CARE_GAP_COMPLETION,USD
IR-MOCK01293-COPD_SPIROMETRY-20250707,MOCK01293,COPD_SPIROMETRY,2025-07-07,15.0,True,Research-generated IncentiveRewards mock,MyRewards Health Action Incentive,CARE_GAP_COMPLETION,USD
IR-MOCK01299-COPD_SPIROMETRY-20250701,MOCK01299,COPD_SPIROMETRY,2025-07-01,20.0,True,Research-generated IncentiveRewards mock,MyRewards Health Action Incentive,CARE_GAP_COMPLETION,USD
IR-MOCK01305-COPD_SPIROMETRY-20250701,MOCK01305,COPD_SPIROMETRY,2025-07-01,20.0,True,Research-generated IncentiveRewards mock,MyRewards Health Action Incentive,CARE_GAP_COMPLETION,USD
IR-MOCK01311-COPD_SPIROMETRY-20250803,MOCK01311,COPD_SPIROMETRY,2025-08-03,20.0,True,Research-generated IncentiveRewards mock,MyRewards Health Action Incentive,CARE_GAP_COMPLETION,USD
IR-MOCK01317-COPD_SPIROMETRY-20250714,MOCK01317,COPD_SPIROMETRY,2025-07-14,20.0,True,Research-generated IncentiveRewards mock,MyRewards Health Action Incentive,CARE_GAP_COMPLETION,USD
IR-MOCK01329-COPD_SPIROMETRY-20250803,MOCK01329,COPD_SPIROMETRY,2025-08-03,15.0,True,Research-generated IncentiveRewards mock,MyRewards Health Action Incentive,CARE_GAP_COMPLETION,USD
IR-MOCK01335-COPD_SPIROMETRY-20250705,MOCK01335,COPD_SPIROMETRY,2025-07-05,20.0,True,Research-generated IncentiveRewards mock,MyRewards Health Action Incentive,CARE_GAP_COMPLETION,USD
IR-MOCK01353-COPD_SPIROMETRY-20250726,MOCK01353,COPD_SPIROMETRY,2025-07-26,20.0,True,Research-generated IncentiveRewards mock,MyRewards Health Action Incentive,CARE_GAP_COMPLETION,USD
IR-MOCK01371-COPD_SPIROMETRY-20250710,MOCK01371,COPD_SPIROMETRY,2025-07-10,15.0,True,Research-generated IncentiveRewards mock,MyRewards Health Action Incentive,CARE_GAP_COMPLETION,USD
IR-MOCK01377-COPD_SPIROMETRY-20250712,MOCK01377,COPD_SPIROMETRY,2025-07-12,15.0,True,Research-generated IncentiveRewards mock,MyRewards Health Action Incentive,CARE_GAP_COMPLETION,USD
IR-MOCK01401-COPD_SPIROMETRY-20250726,MOCK01401,COPD_SPIROMETRY,2025-07-26,20.0,True,Research-generated IncentiveRewards mock,MyRewards Health Action Incentive,CARE_GAP_COMPLETION,USD
IR-MOCK01413-COPD_SPIROMETRY-20250721,MOCK01413,COPD_SPIROMETRY,2025-07-21,15.0,True,Research-generated IncentiveRewards mock,MyRewards Health Action Incentive,CARE_GAP_COMPLETION,USD
IR-MOCK01431-COPD_SPIROMETRY-20250701,MOCK01431,COPD_SPIROMETRY,2025-07-01,15.0,True,Research-generated IncentiveRewards mock,MyRewards Health Action Incentive,CARE_GAP_COMPLETION,USD
IR-MOCK01437-COPD_SPIROMETRY-20250701,MOCK01437,COPD_SPIROMETRY,2025-07-01,20.0,True,Research-generated IncentiveRewards mock,MyRewards Health Action Incentive,CARE_GAP_COMPLETION,USD
IR-MOCK01455-COPD_SPIROMETRY-20250724,MOCK01455,COPD_SPIROMETRY,2025-07-24,20.0,True,Research-generated IncentiveRewards mock,MyRewards Health Action Incentive,CARE_GAP_COMPLETION,USD
IR-MOCK01467-COPD_SPIROMETRY-20250711,MOCK01467,COPD_SPIROMETRY,2025-07-11,15.0,True,Research-generated IncentiveRewards mock,MyRewards Health Action Incentive,CARE_GAP_COMPLETION,USD
IR-MOCK01473-COPD_SPIROMETRY-20250805,MOCK01473,COPD_SPIROMETRY,2025-08-05,20.0,True,Research-generated IncentiveRewards mock,MyRewards Health Action Incentive,CARE_GAP_COMPLETION,USD
IR-MOCK01479-COPD_SPIROMETRY-20250707,MOCK01479,COPD_SPIROMETRY,2025-07-07,20.0,True,Research-generated IncentiveRewards mock,MyRewards Health Action Incentive,CARE_GAP_COMPLETION,USD
IR-MOCK01491-COPD_SPIROMETRY-20250701,MOCK01491,COPD_SPIROMETRY,2025-07-01,15.0,True,Research-generated IncentiveRewards mock,MyRewards Health Action Incentive,CARE_GAP_COMPLETION,USD
IR-MOCK01503-COPD_SPIROMETRY-20250703,MOCK01503,COPD_SPIROMETRY,2025-07-03,20.0,True,Research-generated IncentiveRewards mock,MyRewards Health Action Incentive,CARE_GAP_COMPLETION,USD
IR-MOCK01521-COPD_SPIROMETRY-20250717,MOCK01521,COPD_SPIROMETRY,2025-07-17,20.0,True,Research-generated IncentiveRewards mock,MyRewards Health Action Incentive,CARE_GAP_COMPLETION,USD
IR-MOCK01527-COPD_SPIROMETRY-20250718,MOCK01527,COPD_SPIROMETRY,2025-07-18,20.0,True,Research-generated IncentiveRewards mock,MyRewards Health Action Incentive,CARE_GAP_COMPLETION,USD
IR-MOCK01533-COPD_SPIROMETRY-20250730,MOCK01533,COPD_SPIROMETRY,2025-07-30,20.0,True,Research-generated IncentiveRewards mock,MyRewards Health Action Incentive,CARE_GAP_COMPLETION,USD
IR-MOCK01539-COPD_SPIROMETRY-20250713,MOCK01539,COPD_SPIROMETRY,2025-07-13,20.0,True,Research-generated IncentiveRewards mock,MyRewards Health Action Incentive,CARE_GAP_COMPLETION,USD
IR-MOCK01557-COPD_SPIROMETRY-20250711,MOCK01557,COPD_SPIROMETRY,2025-07-11,15.0,True,Research-generated IncentiveRewards mock,MyRewards Health Action Incentive,CARE_GAP_COMPLETION,USD
IR-MOCK01575-COPD_SPIROMETRY-20250703,MOCK01575,COPD_SPIROMETRY,2025-07-03,20.0,True,Research-generated IncentiveRewards mock,MyRewards Health Action Incentive,CARE_GAP_COMPLETION,USD
IR-MOCK01581-COPD_SPIROMETRY-20250730,MOCK01581,COPD_SPIROMETRY,2025-07-30,20.0,True,Research-generated IncentiveRewards mock,MyRewards Health Action Incentive,CARE_GAP_COMPLETION,USD
IR-MOCK01587-COPD_SPIROMETRY-20250702,MOCK01587,COPD_SPIROMETRY,2025-07-02,20.0,True,Research-generated IncentiveRewards mock,MyRewards Health Action Incentive,CARE_GAP_COMPLETION,USD
IR-MOCK01599-COPD_SPIROMETRY-20250715,MOCK01599,COPD_SPIROMETRY,2025-07-15,15.0,True,Research-generated IncentiveRewards mock,MyRewards Health Action Incentive,CARE_GAP_COMPLETION,USD
IR-MOCK01611-COPD_SPIROMETRY-20250718,MOCK01611,COPD_SPIROMETRY,2025-07-18,20.0,True,Research-generated IncentiveRewards mock,MyRewards Health Action Incentive,CARE_GAP_COMPLETION,USD
IR-MOCK01623-COPD_SPIROMETRY-20250730,MOCK01623,COPD_SPIROMETRY,2025-07-30,15.0,True,Research-generated IncentiveRewards mock,MyRewards Health Action Incentive,CARE_GAP_COMPLETION,USD
IR-MOCK01635-COPD_SPIROMETRY-20250731,MOCK01635,COPD_SPIROMETRY,2025-07-31,15.0,True,Research-generated IncentiveRewards mock,MyRewards Health Action Incentive,CARE_GAP_COMPLETION,USD
IR-MOCK01641-COPD_SPIROMETRY-20250717,MOCK01641,COPD_SPIROMETRY,2025-07-17,20.0,True,Research-generated IncentiveRewards mock,MyRewards Health Action Incentive,CARE_GAP_COMPLETION,USD
IR-MOCK01647-COPD_SPIROMETRY-20250719,MOCK01647,COPD_SPIROMETRY,2025-07-19,15.0,True,Research-generated IncentiveRewards mock,MyRewards Health Action Incentive,CARE_GAP_COMPLETION,USD
IR-MOCK01665-COPD_SPIROMETRY-20250721,MOCK01665,COPD_SPIROMETRY,2025-07-21,15.0,True,Research-generated IncentiveRewards mock,MyRewards Health Action Incentive,CARE_GAP_COMPLETION,USD
IR-MOCK01695-COPD_SPIROMETRY-20250726,MOCK01695,COPD_SPIROMETRY,2025-07-26,20.0,True,Research-generated IncentiveRewards mock,MyRewards Health Action Incentive,CARE_GAP_COMPLETION,USD
IR-MOCK01719-COPD_SPIROMETRY-20250716,MOCK01719,COPD_SPIROMETRY,2025-07-16,15.0,True,Research-generated IncentiveRewards mock,MyRewards Health Action Incentive,CARE_GAP_COMPLETION,USD
IR-MOCK01731-COPD_SPIROMETRY-20250706,MOCK01731,COPD_SPIROMETRY,2025-07-06,15.0,True,Research-generated IncentiveRewards mock,MyRewards Health Action Incentive,CARE_GAP_COMPLETION,USD
IR-MOCK01743-COPD_SPIROMETRY-20250711,MOCK01743,COPD_SPIROMETRY,2025-07-11,20.0,True,Research-generated IncentiveRewards mock,MyRewards Health Action Incentive,CARE_GAP_COMPLETION,USD
IR-MOCK01749-COPD_SPIROMETRY-20250722,MOCK01749,COPD_SPIROMETRY,2025-07-22,20.0,True,Research-generated IncentiveRewards mock,MyRewards Health Action Incentive,CARE_GAP_COMPLETION,USD
IR-MOCK01767-COPD_SPIROMETRY-20250713,MOCK01767,COPD_SPIROMETRY,2025-07-13,15.0,True,Research-generated IncentiveRewards mock,MyRewards Health Action Incentive,CARE_GAP_COMPLETION,USD
IR-MOCK01797-COPD_SPIROMETRY-20250721,MOCK01797,COPD_SPIROMETRY,2025-07-21,15.0,True,Research-generated IncentiveRewards mock,MyRewards Health Action Incentive,CARE_GAP_COMPLETION,USD
IR-MOCK01803-COPD_SPIROMETRY-20250721,MOCK01803,COPD_SPIROMETRY,2025-07-21,20.0,True,Research-generated IncentiveRewards mock,MyRewards Health Action Incentive,CARE_GAP_COMPLETION,USD
IR-MOCK01815-COPD_SPIROMETRY-20250707,MOCK01815,COPD_SPIROMETRY,2025-07-07,20.0,True,Research-generated IncentiveRewards mock,MyRewards Health Action Incentive,CARE_GAP_COMPLETION,USD
IR-MOCK01839-COPD_SPIROMETRY-20250711,MOCK01839,COPD_SPIROMETRY,2025-07-11,20.0,True,Research-generated IncentiveRewards mock,MyRewards Health Action Incentive,CARE_GAP_COMPLETION,USD
IR-MOCK01857-COPD_SPIROMETRY-20250708,MOCK01857,COPD_SPIROMETRY,2025-07-08,20.0,True,Research-generated IncentiveRewards mock,MyRewards Health Action Incentive,CARE_GAP_COMPLETION,USD
IR-MOCK01863-COPD_SPIROMETRY-20250724,MOCK01863,COPD_SPIROMETRY,2025-07-24,15.0,True,Research-generated IncentiveRewards mock,MyRewards Health Action Incentive,CARE_GAP_COMPLETION,USD
IR-MOCK01869-COPD_SPIROMETRY-20250719,MOCK01869,COPD_SPIROMETRY,2025-07-19,20.0,True,Research-generated IncentiveRewards mock,MyRewards Health Action Incentive,CARE_GAP_COMPLETION,USD
IR-MOCK01875-COPD_SPIROMETRY-20250711,MOCK01875,COPD_SPIROMETRY,2025-07-11,20.0,True,Research-generated IncentiveRewards mock,MyRewards Health Action Incentive,CARE_GAP_COMPLETION,USD
IR-MOCK01893-COPD_SPIROMETRY-20250630,MOCK01893,COPD_SPIROMETRY,2025-06-30,20.0,True,Research-generated IncentiveRewards mock,MyRewards Health Action Incentive,CARE_GAP_COMPLETION,USD
IR-MOCK01905-COPD_SPIROMETRY-20250802,MOCK01905,COPD_SPIROMETRY,2025-08-02,20.0,True,Research-generated IncentiveRewards mock,MyRewards Health Action Incentive,CARE_GAP_COMPLETION,USD
IR-MOCK01911-COPD_SPIROMETRY-20250720,MOCK01911,COPD_SPIROMETRY,2025-07-20,20.0,True,Research-generated IncentiveRewards mock,MyRewards Health Action Incentive,CARE_GAP_COMPLETION,USD
IR-MOCK01917-COPD_SPIROMETRY-20250723,MOCK01917,COPD_SPIROMETRY,2025-07-23,20.0,True,Research-generated IncentiveRewards mock,MyRewards Health Action Incentive,CARE_GAP_COMPLETION,USD
IR-MOCK01947-COPD_SPIROMETRY-20250709,MOCK01947,COPD_SPIROMETRY,2025-07-09,20.0,True,Research-generated IncentiveRewards mock,MyRewards Health Action Incentive,CARE_GAP_COMPLETION,USD
IR-MOCK01959-COPD_SPIROMETRY-20250729,MOCK01959,COPD_SPIROMETRY,2025-07-29,15.0,True,Research-generated IncentiveRewards mock,MyRewards Health Action Incentive,CARE_GAP_COMPLETION,USD
IR-MOCK01965-COPD_SPIROMETRY-20250729,MOCK01965,COPD_SPIROMETRY,2025-07-29,15.0,True,Research-generated IncentiveRewards mock,MyRewards Health Action Incentive,CARE_GAP_COMPLETION,USD
IR-MOCK01977-COPD_SPIROMETRY-20250715,MOCK01977,COPD_SPIROMETRY,2025-07-15,20.0,True,Research-generated IncentiveRewards mock,MyRewards Health Action Incentive,CARE_GAP_COMPLETION,USD
IR-MOCK01983-COPD_SPIROMETRY-20250716,MOCK01983,COPD_SPIROMETRY,2025-07-16,20.0,True,Research-generated IncentiveRewards mock,MyRewards Health Action Incentive,CARE_GAP_COMPLETION,USD
IR-MOCK01989-COPD_SPIROMETRY-20250802,MOCK01989,COPD_SPIROMETRY,2025-08-02,15.0,True,Research-generated IncentiveRewards mock,MyRewards Health Action Incentive,CARE_GAP_COMPLETION,USD
IR-MOCK01995-COPD_SPIROMETRY-20250804,MOCK01995,COPD_SPIROMETRY,2025-08-04,20.0,True,Research-generated IncentiveRewards mock,MyRewards Health Action Incentive,CARE_GAP_COMPLETION,USD
IR-MOCK02007-COPD_SPIROMETRY-20250806,MOCK02007,COPD_SPIROMETRY,2025-08-06,15.0,True,Research-generated IncentiveRewards mock,MyRewards Health Action Incentive,CARE_GAP_COMPLETION,USD
IR-MOCK02031-COPD_SPIROMETRY-20250723,MOCK02031,COPD_SPIROMETRY,2025-07-23,20.0,True,Research-generated IncentiveRewards mock,MyRewards Health Action Incentive,CARE_GAP_COMPLETION,USD
IR-MOCK02043-COPD_SPIROMETRY-20250806,MOCK02043,COPD_SPIROMETRY,2025-08-06,20.0,True,Research-generated IncentiveRewards mock,MyRewards Health Action Incentive,CARE_GAP_COMPLETION,USD
IR-MOCK02049-COPD_SPIROMETRY-20250728,MOCK02049,COPD_SPIROMETRY,2025-07-28,20.0,True,Research-generated IncentiveRewards mock,MyRewards Health Action Incentive,CARE_GAP_COMPLETION,USD
IR-MOCK02061-COPD_SPIROMETRY-20250722,MOCK02061,COPD_SPIROMETRY,2025-07-22,20.0,True,Research-generated IncentiveRewards mock,MyRewards Health Action Incentive,CARE_GAP_COMPLETION,USD
IR-MOCK02073-COPD_SPIROMETRY-20250719,MOCK02073,COPD_SPIROMETRY,2025-07-19,15.0,True,Research-generated IncentiveRewards mock,MyRewards Health Action Incentive,CARE_GAP_COMPLETION,USD
IR-MOCK02097-COPD_SPIROMETRY-20250726,MOCK02097,COPD_SPIROMETRY,2025-07-26,20.0,True,Research-generated IncentiveRewards mock,MyRewards Health Action Incentive,CARE_GAP_COMPLETION,USD
IR-MOCK02103-COPD_SPIROMETRY-20250718,MOCK02103,COPD_SPIROMETRY,2025-07-18,20.0,True,Research-generated IncentiveRewards mock,MyRewards Health Action Incentive,CARE_GAP_COMPLETION,USD
IR-MOCK02121-COPD_SPIROMETRY-20250806,MOCK02121,COPD_SPIROMETRY,2025-08-06,15.0,True,Research-generated IncentiveRewards mock,MyRewards Health Action Incentive,CARE_GAP_COMPLETION,USD
IR-MOCK02127-COPD_SPIROMETRY-20250723,MOCK02127,COPD_SPIROMETRY,2025-07-23,15.0,True,Research-generated IncentiveRewards mock,MyRewards Health Action Incentive,CARE_GAP_COMPLETION,USD
IR-MOCK02157-COPD_SPIROMETRY-20250806,MOCK02157,COPD_SPIROMETRY,2025-08-06,20.0,True,Research-generated IncentiveRewards mock,MyRewards Health Action Incentive,CARE_GAP_COMPLETION,USD
IR-MOCK02163-COPD_SPIROMETRY-20250717,MOCK02163,COPD_SPIROMETRY,2025-07-17,15.0,True,Research-generated IncentiveRewards mock,MyRewards Health Action Incentive,CARE_GAP_COMPLETION,USD
IR-MOCK02181-COPD_SPIROMETRY-20250729,MOCK02181,COPD_SPIROMETRY,2025-07-29,20.0,True,Research-generated IncentiveRewards mock,MyRewards Health Action Incentive,CARE_GAP_COMPLETION,USD
IR-MOCK02193-COPD_SPIROMETRY-20250723,MOCK02193,COPD_SPIROMETRY,2025-07-23,20.0,True,Research-generated IncentiveRewards mock,MyRewards Health Action Incentive,CARE_GAP_COMPLETION,USD
IR-MOCK02199-COPD_SPIROMETRY-20250802,MOCK02199,COPD_SPIROMETRY,2025-08-02,20.0,True,Research-generated IncentiveRewards mock,MyRewards Health Action Incentive,CARE_GAP_COMPLETION,USD
IR-MOCK02211-COPD_SPIROMETRY-20250702,MOCK02211,COPD_SPIROMETRY,2025-07-02,20.0,True,Research-generated IncentiveRewards mock,MyRewards Health Action Incentive,CARE_GAP_COMPLETION,USD
IR-MOCK02217-COPD_SPIROMETRY-20250721,MOCK02217,COPD_SPIROMETRY,2025-07-21,15.0,True,Research-generated IncentiveRewards mock,MyRewards Health Action Incentive,CARE_GAP_COMPLETION,USD
IR-MOCK02229-COPD_SPIROMETRY-20250729,MOCK02229,COPD_SPIROMETRY,2025-07-29,20.0,True,Research-generated IncentiveRewards mock,MyRewards Health Action Incentive,CARE_GAP_COMPLETION,USD
IR-MOCK02235-COPD_SPIROMETRY-20250720,MOCK02235,COPD_SPIROMETRY,2025-07-20,15.0,True,Research-generated IncentiveRewards mock,MyRewards Health Action Incentive,CARE_GAP_COMPLETION,USD
IR-MOCK02247-COPD_SPIROMETRY-20250723,MOCK02247,COPD_SPIROMETRY,2025-07-23,20.0,True,Research-generated IncentiveRewards mock,MyRewards Health Action Incentive,CARE_GAP_COMPLETION,USD
IR-MOCK02259-COPD_SPIROMETRY-20250801,MOCK02259,COPD_SPIROMETRY,2025-08-01,20.0,True,Research-generated IncentiveRewards mock,MyRewards Health Action Incentive,CARE_GAP_COMPLETION,USD
IR-MOCK02265-COPD_SPIROMETRY-20250704,MOCK02265,COPD_SPIROMETRY,2025-07-04,15.0,True,Research-generated IncentiveRewards mock,MyRewards Health Action Incentive,CARE_GAP_COMPLETION,USD
IR-MOCK02277-COPD_SPIROMETRY-20250714,MOCK02277,COPD_SPIROMETRY,2025-07-14,20.0,True,Research-generated IncentiveRewards mock,MyRewards Health Action Incentive,CARE_GAP_COMPLETION,USD
IR-MOCK02301-COPD_SPIROMETRY-20250716,MOCK02301,COPD_SPIROMETRY,2025-07-16,20.0,True,Research-generated IncentiveRewards mock,MyRewards Health Action Incentive,CARE_GAP_COMPLETION,USD
IR-MOCK02307-COPD_SPIROMETRY-20250726,MOCK02307,COPD_SPIROMETRY,2025-07-26,20.0,True,Research-generated IncentiveRewards mock,MyRewards Health Action Incentive,CARE_GAP_COMPLETION,USD
IR-MOCK02337-COPD_SPIROMETRY-20250801,MOCK02337,COPD_SPIROMETRY,2025-08-01,15.0,True,Research-generated IncentiveRewards mock,MyRewards Health Action Incentive,CARE_GAP_COMPLETION,USD
IR-MOCK02343-COPD_SPIROMETRY-20250806,MOCK02343,COPD_SPIROMETRY,2025-08-06,15.0,True,Research-generated IncentiveRewards mock,MyRewards Health Action Incentive,CARE_GAP_COMPLETION,USD
IR-MOCK02361-COPD_SPIROMETRY-20250701,MOCK02361,COPD_SPIROMETRY,2025-07-01,20.0,True,Research-generated IncentiveRewards mock,MyRewards Health Action Incentive,CARE_GAP_COMPLETION,USD
IR-MOCK02379-COPD_SPIROMETRY-20250701,MOCK02379,COPD_SPIROMETRY,2025-07-01,15.0,True,Research-generated IncentiveRewards mock,MyRewards Health Action Incentive,CARE_GAP_COMPLETION,USD
IR-MOCK02385-COPD_SPIROMETRY-20250718,MOCK02385,COPD_SPIROMETRY,2025-07-18,15.0,True,Research-generated IncentiveRewards mock,MyRewards Health Action Incentive,CARE_GAP_COMPLETION,USD
IR-MOCK02409-COPD_SPIROMETRY-20250727,MOCK02409,COPD_SPIROMETRY,2025-07-27,15.0,True,Research-generated IncentiveRewards mock,MyRewards Health Action Incentive,CARE_GAP_COMPLETION,USD
IR-MOCK02433-COPD_SPIROMETRY-20250708,MOCK02433,COPD_SPIROMETRY,2025-07-08,20.0,True,Research-generated IncentiveRewards mock,MyRewards Health Action Incentive,CARE_GAP_COMPLETION,USD
IR-MOCK02439-COPD_SPIROMETRY-20250727,MOCK02439,COPD_SPIROMETRY,2025-07-27,20.0,True,Research-generated IncentiveRewards mock,MyRewards Health Action Incentive,CARE_GAP_COMPLETION,USD
IR-MOCK02451-COPD_SPIROMETRY-20250731,MOCK02451,COPD_SPIROMETRY,2025-07-31,15.0,True,Research-generated IncentiveRewards mock,MyRewards Health Action Incentive,CARE_GAP_COMPLETION,USD
IR-MOCK02457-COPD_SPIROMETRY-20250706,MOCK02457,COPD_SPIROMETRY,2025-07-06,20.0,True,Research-generated IncentiveRewards mock,MyRewards Health Action Incentive,CARE_GAP_COMPLETION,USD
IR-MOCK02469-COPD_SPIROMETRY-20250711,MOCK02469,COPD_SPIROMETRY,2025-07-11,20.0,True,Research-generated IncentiveRewards mock,MyRewards Health Action Incentive,CARE_GAP_COMPLETION,USD
IR-MOCK02493-COPD_SPIROMETRY-20250721,MOCK02493,COPD_SPIROMETRY,2025-07-21,15.0,True,Research-generated IncentiveRewards mock,MyRewards Health Action Incentive,CARE_GAP_COMPLETION,USD
IR-MOCK02517-COPD_SPIROMETRY-20250708,MOCK02517,COPD_SPIROMETRY,2025-07-08,20.0,True,Research-generated IncentiveRewards mock,MyRewards Health Action Incentive,CARE_GAP_COMPLETION,USD
IR-MOCK02523-COPD_SPIROMETRY-20250705,MOCK02523,COPD_SPIROMETRY,2025-07-05,20.0,True,Research-generated IncentiveRewards mock,MyRewards Health Action Incentive,CARE_GAP_COMPLETION,USD
IR-MOCK02535-COPD_SPIROMETRY-20250725,MOCK02535,COPD_SPIROMETRY,2025-07-25,15.0,True,Research-generated IncentiveRewards mock,MyRewards Health Action Incentive,CARE_GAP_COMPLETION,USD
IR-MOCK02547-COPD_SPIROMETRY-20250716,MOCK02547,COPD_SPIROMETRY,2025-07-16,20.0,True,Research-generated IncentiveRewards mock,MyRewards Health Action Incentive,CARE_GAP_COMPLETION,USD
IR-MOCK02553-COPD_SPIROMETRY-20250718,MOCK02553,COPD_SPIROMETRY,2025-07-18,20.0,True,Research-generated IncentiveRewards mock,MyRewards Health Action Incentive,CARE_GAP_COMPLETION,USD
IR-MOCK02595-COPD_SPIROMETRY-20250717,MOCK02595,COPD_SPIROMETRY,2025-07-17,20.0,True,Research-generated IncentiveRewards mock,MyRewards Health Action Incentive,CARE_GAP_COMPLETION,USD
IR-MOCK02601-COPD_SPIROMETRY-20250802,MOCK02601,COPD_SPIROMETRY,2025-08-02,20.0,True,Research-generated IncentiveRewards mock,MyRewards Health Action Incentive,CARE_GAP_COMPLETION,USD
IR-MOCK02607-COPD_SPIROMETRY-20250725,MOCK02607,COPD_SPIROMETRY,2025-07-25,15.0,True,Research-generated IncentiveRewards mock,MyRewards Health Action Incentive,CARE_GAP_COMPLETION,USD
IR-MOCK02619-COPD_SPIROMETRY-20250710,MOCK02619,COPD_SPIROMETRY,2025-07-10,20.0,True,Research-generated IncentiveRewards mock,MyRewards Health Action Incentive,CARE_GAP_COMPLETION,USD
IR-MOCK02631-COPD_SPIROMETRY-20250705,MOCK02631,COPD_SPIROMETRY,2025-07-05,20.0,True,Research-generated IncentiveRewards mock,MyRewards Health Action Incentive,CARE_GAP_COMPLETION,USD
IR-MOCK02661-COPD_SPIROMETRY-20250731,MOCK02661,COPD_SPIROMETRY,2025-07-31,20.0,True,Research-generated IncentiveRewards mock,MyRewards Health Action Incentive,CARE_GAP_COMPLETION,USD
IR-MOCK02673-COPD_SPIROMETRY-20250719,MOCK02673,COPD_SPIROMETRY,2025-07-19,20.0,True,Research-generated IncentiveRewards mock,MyRewards Health Action Incentive,CARE_GAP_COMPLETION,USD
IR-MOCK02685-COPD_SPIROMETRY-20250805,MOCK02685,COPD_SPIROMETRY,2025-08-05,20.0,True,Research-generated IncentiveRewards mock,MyRewards Health Action Incentive,CARE_GAP_COMPLETION,USD
IR-MOCK02691-COPD_SPIROMETRY-20250719,MOCK02691,COPD_SPIROMETRY,2025-07-19,20.0,True,Research-generated IncentiveRewards mock,MyRewards Health Action Incentive,CARE_GAP_COMPLETION,USD
IR-MOCK02697-COPD_SPIROMETRY-20250724,MOCK02697,COPD_SPIROMETRY,2025-07-24,15.0,True,Research-generated IncentiveRewards mock,MyRewards Health Action Incentive,CARE_GAP_COMPLETION,USD
IR-MOCK02715-COPD_SPIROMETRY-20250720,MOCK02715,COPD_SPIROMETRY,2025-07-20,15.0,True,Research-generated IncentiveRewards mock,MyRewards Health Action Incentive,CARE_GAP_COMPLETION,USD
IR-MOCK02721-COPD_SPIROMETRY-20250727,MOCK02721,COPD_SPIROMETRY,2025-07-27,20.0,True,Research-generated IncentiveRewards mock,MyRewards Health Action Incentive,CARE_GAP_COMPLETION,USD
IR-MOCK02727-COPD_SPIROMETRY-20250723,MOCK02727,COPD_SPIROMETRY,2025-07-23,20.0,True,Research-generated IncentiveRewards mock,MyRewards Health Action Incentive,CARE_GAP_COMPLETION,USD
IR-MOCK02745-COPD_SPIROMETRY-20250804,MOCK02745,COPD_SPIROMETRY,2025-08-04,20.0,True,Research-generated IncentiveRewards mock,MyRewards Health Action Incentive,CARE_GAP_COMPLETION,USD
IR-MOCK02787-COPD_SPIROMETRY-20250730,MOCK02787,COPD_SPIROMETRY,2025-07-30,20.0,True,Research-generated IncentiveRewards mock,MyRewards Health Action Incentive,CARE_GAP_COMPLETION,USD
IR-MOCK02793-COPD_SPIROMETRY-20250802,MOCK02793,COPD_SPIROMETRY,2025-08-02,20.0,True,Research-generated IncentiveRewards mock,MyRewards Health Action Incentive,CARE_GAP_COMPLETION,USD
IR-MOCK02799-COPD_SPIROMETRY-20250630,MOCK02799,COPD_SPIROMETRY,2025-06-30,20.0,True,Research-generated IncentiveRewards mock,MyRewards Health Action Incentive,CARE_GAP_COMPLETION,USD
IR-MOCK02805-COPD_SPIROMETRY-20250718,MOCK02805,COPD_SPIROMETRY,2025-07-18,20.0,True,Research-generated IncentiveRewards mock,MyRewards Health Action Incentive,CARE_GAP_COMPLETION,USD
IR-MOCK02811-COPD_SPIROMETRY-20250722,MOCK02811,COPD_SPIROMETRY,2025-07-22,20.0,True,Research-generated IncentiveRewards mock,MyRewards Health Action Incentive,CARE_GAP_COMPLETION,USD
IR-MOCK02829-COPD_SPIROMETRY-20250711,MOCK02829,COPD_SPIROMETRY,2025-07-11,20.0,True,Research-generated IncentiveRewards mock,MyRewards Health Action Incentive,CARE_GAP_COMPLETION,USD
IR-MOCK02835-COPD_SPIROMETRY-20250707,MOCK02835,COPD_SPIROMETRY,2025-07-07,15.0,True,Research-generated IncentiveRewards mock,MyRewards Health Action Incentive,CARE_GAP_COMPLETION,USD
IR-MOCK02853-COPD_SPIROMETRY-20250705,MOCK02853,COPD_SPIROMETRY,2025-07-05,20.0,True,Research-generated IncentiveRewards mock,MyRewards Health Action Incentive,CARE_GAP_COMPLETION,USD
IR-MOCK02865-COPD_SPIROMETRY-20250711,MOCK02865,COPD_SPIROMETRY,2025-07-11,20.0,True,Research-generated IncentiveRewards mock,MyRewards Health Action Incentive,CARE_GAP_COMPLETION,USD
IR-MOCK02871-COPD_SPIROMETRY-20250803,MOCK02871,COPD_SPIROMETRY,2025-08-03,20.0,False,Research-generated IncentiveRewards mock,MyRewards Health Action Incentive,CARE_GAP_COMPLETION,USD
IR-MOCK02889-COPD_SPIROMETRY-20250712,MOCK02889,COPD_SPIROMETRY,2025-07-12,20.0,True,Research-generated IncentiveRewards mock,MyRewards Health Action Incentive,CARE_GAP_COMPLETION,USD
IR-MOCK02907-COPD_SPIROMETRY-20250705,MOCK02907,COPD_SPIROMETRY,2025-07-05,20.0,True,Research-generated IncentiveRewards mock,MyRewards Health Action Incentive,CARE_GAP_COMPLETION,USD
IR-MOCK02919-COPD_SPIROMETRY-20250716,MOCK02919,COPD_SPIROMETRY,2025-07-16,20.0,True,Research-generated IncentiveRewards mock,MyRewards Health Action Incentive,CARE_GAP_COMPLETION,USD
IR-MOCK02931-COPD_SPIROMETRY-20250728,MOCK02931,COPD_SPIROMETRY,2025-07-28,20.0,True,Research-generated IncentiveRewards mock,MyRewards Health Action Incentive,CARE_GAP_COMPLETION,USD
IR-MOCK02937-COPD_SPIROMETRY-20250729,MOCK02937,COPD_SPIROMETRY,2025-07-29,20.0,True,Research-generated IncentiveRewards mock,MyRewards Health Action Incentive,CARE_GAP_COMPLETION,USD
IR-MOCK02943-COPD_SPIROMETRY-20250706,MOCK02943,COPD_SPIROMETRY,2025-07-06,15.0,True,Research-generated IncentiveRewards mock,MyRewards Health Action Incentive,CARE_GAP_COMPLETION,USD
IR-MOCK02955-COPD_SPIROMETRY-20250701,MOCK02955,COPD_SPIROMETRY,2025-07-01,15.0,True,Research-generated IncentiveRewards mock,MyRewards Health Action Incentive,CARE_GAP_COMPLETION,USD
IR-MOCK02967-COPD_SPIROMETRY-20250724,MOCK02967,COPD_SPIROMETRY,2025-07-24,20.0,True,Research-generated IncentiveRewards mock,MyRewards Health Action Incentive,CARE_GAP_COMPLETION,USD
IR-MOCK02985-COPD_SPIROMETRY-20250715,MOCK02985,COPD_SPIROMETRY,2025-07-15,20.0,True,Research-generated IncentiveRewards mock,MyRewards Health Action Incentive,CARE_GAP_COMPLETION,USD
IR-MOCK03009-COPD_SPIROMETRY-20250804,MOCK03009,COPD_SPIROMETRY,2025-08-04,20.0,True,Research-generated IncentiveRewards mock,MyRewards Health Action Incentive,CARE_GAP_COMPLETION,USD
IR-MOCK03027-COPD_SPIROMETRY-20250807,MOCK03027,COPD_SPIROMETRY,2025-08-07,15.0,True,Research-generated IncentiveRewards mock,MyRewards Health Action Incentive,CARE_GAP_COMPLETION,USD
IR-MOCK03039-COPD_SPIROMETRY-20250704,MOCK03039,COPD_SPIROMETRY,2025-07-04,15.0,True,Research-generated IncentiveRewards mock,MyRewards Health Action Incentive,CARE_GAP_COMPLETION,USD
IR-MOCK03063-COPD_SPIROMETRY-20250715,MOCK03063,COPD_SPIROMETRY,2025-07-15,20.0,True,Research-generated IncentiveRewards mock,MyRewards Health Action Incentive,CARE_GAP_COMPLETION,USD
IR-MOCK03069-COPD_SPIROMETRY-20250711,MOCK03069,COPD_SPIROMETRY,2025-07-11,20.0,True,Research-generated IncentiveRewards mock,MyRewards Health Action Incentive,CARE_GAP_COMPLETION,USD
IR-MOCK03075-COPD_SPIROMETRY-20250717,MOCK03075,COPD_SPIROMETRY,2025-07-17,20.0,True,Research-generated IncentiveRewards mock,MyRewards Health Action Incentive,CARE_GAP_COMPLETION,USD
IR-MOCK03087-COPD_SPIROMETRY-20250702,MOCK03087,COPD_SPIROMETRY,2025-07-02,15.0,True,Research-generated IncentiveRewards mock,MyRewards Health Action Incentive,CARE_GAP_COMPLETION,USD
IR-MOCK03093-COPD_SPIROMETRY-20250712,MOCK03093,COPD_SPIROMETRY,2025-07-12,20.0,True,Research-generated IncentiveRewards mock,MyRewards Health Action Incentive,CARE_GAP_COMPLETION,USD
IR-MOCK03099-COPD_SPIROMETRY-20250708,MOCK03099,COPD_SPIROMETRY,2025-07-08,20.0,True,Research-generated IncentiveRewards mock,MyRewards Health Action Incentive,CARE_GAP_COMPLETION,USD
IR-MOCK03111-COPD_SPIROMETRY-20250718,MOCK03111,COPD_SPIROMETRY,2025-07-18,20.0,True,Research-generated IncentiveRewards mock,MyRewards Health Action Incentive,CARE_GAP_COMPLETION,USD
IR-MOCK03123-COPD_SPIROMETRY-20250710,MOCK03123,COPD_SPIROMETRY,2025-07-10,15.0,True,Research-generated IncentiveRewards mock,MyRewards Health Action Incentive,CARE_GAP_COMPLETION,USD
IR-MOCK03129-COPD_SPIROMETRY-20250701,MOCK03129,COPD_SPIROMETRY,2025-07-01,20.0,True,Research-generated IncentiveRewards mock,MyRewards Health Action Incentive,CARE_GAP_COMPLETION,USD
IR-MOCK03135-COPD_SPIROMETRY-20250718,MOCK03135,COPD_SPIROMETRY,2025-07-18,20.0,True,Research-generated IncentiveRewards mock,MyRewards Health Action Incentive,CARE_GAP_COMPLETION,USD
IR-MOCK03141-COPD_SPIROMETRY-20250807,MOCK03141,COPD_SPIROMETRY,2025-08-07,20.0,True,Research-generated IncentiveRewards mock,MyRewards Health Action Incentive,CARE_GAP_COMPLETION,USD
IR-MOCK03153-COPD_SPIROMETRY-20250802,MOCK03153,COPD_SPIROMETRY,2025-08-02,20.0,True,Research-generated IncentiveRewards mock,MyRewards Health Action Incentive,CARE_GAP_COMPLETION,USD
IR-MOCK03159-COPD_SPIROMETRY-20250728,MOCK03159,COPD_SPIROMETRY,2025-07-28,15.0,True,Research-generated IncentiveRewards mock,MyRewards Health Action Incentive,CARE_GAP_COMPLETION,USD
IR-MOCK03165-COPD_SPIROMETRY-20250803,MOCK03165,COPD_SPIROMETRY,2025-08-03,15.0,True,Research-generated IncentiveRewards mock,MyRewards Health Action Incentive,CARE_GAP_COMPLETION,USD
IR-MOCK03171-COPD_SPIROMETRY-20250712,MOCK03171,COPD_SPIROMETRY,2025-07-12,20.0,True,Research-generated IncentiveRewards mock,MyRewards Health Action Incentive,CARE_GAP_COMPLETION,USD
IR-MOCK03177-COPD_SPIROMETRY-20250806,MOCK03177,COPD_SPIROMETRY,2025-08-06,20.0,True,Research-generated IncentiveRewards mock,MyRewards Health Action Incentive,CARE_GAP_COMPLETION,USD
IR-MOCK03183-COPD_SPIROMETRY-20250709,MOCK03183,COPD_SPIROMETRY,2025-07-09,15.0,True,Research-generated IncentiveRewards mock,MyRewards Health Action Incentive,CARE_GAP_COMPLETION,USD
IR-MOCK03189-COPD_SPIROMETRY-20250717,MOCK03189,COPD_SPIROMETRY,2025-07-17,20.0,True,Research-generated IncentiveRewards mock,MyRewards Health Action Incentive,CARE_GAP_COMPLETION,USD
IR-MOCK03213-COPD_SPIROMETRY-20250705,MOCK03213,COPD_SPIROMETRY,2025-07-05,20.0,True,Research-generated IncentiveRewards mock,MyRewards Health Action Incentive,CARE_GAP_COMPLETION,USD
IR-MOCK03237-COPD_SPIROMETRY-20250708,MOCK03237,COPD_SPIROMETRY,2025-07-08,20.0,True,Research-generated IncentiveRewards mock,MyRewards Health Action Incentive,CARE_GAP_COMPLETION,USD
IR-MOCK03279-COPD_SPIROMETRY-20250709,MOCK03279,COPD_SPIROMETRY,2025-07-09,20.0,True,Research-generated IncentiveRewards mock,MyRewards Health Action Incentive,CARE_GAP_COMPLETION,USD
IR-MOCK03285-COPD_SPIROMETRY-20250709,MOCK03285,COPD_SPIROMETRY,2025-07-09,20.0,True,Research-generated IncentiveRewards mock,MyRewards Health Action Incentive,CARE_GAP_COMPLETION,USD
IR-MOCK03297-COPD_SPIROMETRY-20250707,MOCK03297,COPD_SPIROMETRY,2025-07-07,20.0,True,Research-generated IncentiveRewards mock,MyRewards Health Action Incentive,CARE_GAP_COMPLETION,USD
IR-MOCK03303-COPD_SPIROMETRY-20250709,MOCK03303,COPD_SPIROMETRY,2025-07-09,20.0,True,Research-generated IncentiveRewards mock,MyRewards Health Action Incentive,CARE_GAP_COMPLETION,USD
IR-MOCK03309-COPD_SPIROMETRY-20250708,MOCK03309,COPD_SPIROMETRY,2025-07-08,20.0,True,Research-generated IncentiveRewards mock,MyRewards Health Action Incentive,CARE_GAP_COMPLETION,USD
IR-MOCK03315-COPD_SPIROMETRY-20250713,MOCK03315,COPD_SPIROMETRY,2025-07-13,15.0,True,Research-generated IncentiveRewards mock,MyRewards Health Action Incentive,CARE_GAP_COMPLETION,USD
IR-MOCK03321-COPD_SPIROMETRY-20250725,MOCK03321,COPD_SPIROMETRY,2025-07-25,20.0,True,Research-generated IncentiveRewards mock,MyRewards Health Action Incentive,CARE_GAP_COMPLETION,USD
IR-MOCK03333-COPD_SPIROMETRY-20250712,MOCK03333,COPD_SPIROMETRY,2025-07-12,20.0,True,Research-generated IncentiveRewards mock,MyRewards Health Action Incentive,CARE_GAP_COMPLETION,USD
IR-MOCK03345-COPD_SPIROMETRY-20250723,MOCK03345,COPD_SPIROMETRY,2025-07-23,20.0,True,Research-generated IncentiveRewards mock,MyRewards Health Action Incentive,CARE_GAP_COMPLETION,USD
IR-MOCK03369-COPD_SPIROMETRY-20250723,MOCK03369,COPD_SPIROMETRY,2025-07-23,20.0,True,Research-generated IncentiveRewards mock,MyRewards Health Action Incentive,CARE_GAP_COMPLETION,USD
IR-MOCK03375-COPD_SPIROMETRY-20250722,MOCK03375,COPD_SPIROMETRY,2025-07-22,20.0,True,Research-generated IncentiveRewards mock,MyRewards Health Action Incentive,CARE_GAP_COMPLETION,USD
IR-MOCK03393-COPD_SPIROMETRY-20250714,MOCK03393,COPD_SPIROMETRY,2025-07-14,15.0,True,Research-generated IncentiveRewards mock,MyRewards Health Action Incentive,CARE_GAP_COMPLETION,USD
IR-MOCK03411-COPD_SPIROMETRY-20250801,MOCK03411,COPD_SPIROMETRY,2025-08-01,20.0,True,Research-generated IncentiveRewards mock,MyRewards Health Action Incentive,CARE_GAP_COMPLETION,USD
IR-MOCK03423-COPD_SPIROMETRY-20250711,MOCK03423,COPD_SPIROMETRY,2025-07-11,15.0,True,Research-generated IncentiveRewards mock,MyRewards Health Action Incentive,CARE_GAP_COMPLETION,USD
IR-MOCK03429-COPD_SPIROMETRY-20250806,MOCK03429,COPD_SPIROMETRY,2025-08-06,15.0,True,Research-generated IncentiveRewards mock,MyRewards Health Action Incentive,CARE_GAP_COMPLETION,USD
IR-MOCK03465-COPD_SPIROMETRY-20250717,MOCK03465,COPD_SPIROMETRY,2025-07-17,20.0,True,Research-generated IncentiveRewards mock,MyRewards Health Action Incentive,CARE_GAP_COMPLETION,USD
IR-MOCK03471-COPD_SPIROMETRY-20250705,MOCK03471,COPD_SPIROMETRY,2025-07-05,20.0,True,Research-generated IncentiveRewards mock,MyRewards Health Action Incentive,CARE_GAP_COMPLETION,USD
IR-MOCK03477-COPD_SPIROMETRY-20250801,MOCK03477,COPD_SPIROMETRY,2025-08-01,15.0,True,Research-generated IncentiveRewards mock,MyRewards Health Action Incentive,CARE_GAP_COMPLETION,USD
IR-MOCK03501-COPD_SPIROMETRY-20250721,MOCK03501,COPD_SPIROMETRY,2025-07-21,20.0,True,Research-generated IncentiveRewards mock,MyRewards Health Action Incentive,CARE_GAP_COMPLETION,USD
IR-MOCK03507-COPD_SPIROMETRY-20250730,MOCK03507,COPD_SPIROMETRY,2025-07-30,20.0,True,Research-generated IncentiveRewards mock,MyRewards Health Action Incentive,CARE_GAP_COMPLETION,USD
IR-MOCK03525-COPD_SPIROMETRY-20250726,MOCK03525,COPD_SPIROMETRY,2025-07-26,20.0,True,Research-generated IncentiveRewards mock,MyRewards Health Action Incentive,CARE_GAP_COMPLETION,USD
IR-MOCK03549-COPD_SPIROMETRY-20250707,MOCK03549,COPD_SPIROMETRY,2025-07-07,20.0,True,Research-generated IncentiveRewards mock,MyRewards Health Action Incentive,CARE_GAP_COMPLETION,USD
IR-MOCK03561-COPD_SPIROMETRY-20250704,MOCK03561,COPD_SPIROMETRY,2025-07-04,20.0,True,Research-generated IncentiveRewards mock,MyRewards Health Action Incentive,CARE_GAP_COMPLETION,USD
IR-MOCK03567-COPD_SPIROMETRY-20250729,MOCK03567,COPD_SPIROMETRY,2025-07-29,20.0,True,Research-generated IncentiveRewards mock,MyRewards Health Action Incentive,CARE_GAP_COMPLETION,USD
IR-MOCK03579-COPD_SPIROMETRY-20250720,MOCK03579,COPD_SPIROMETRY,2025-07-20,15.0,True,Research-generated IncentiveRewards mock,MyRewards Health Action Incentive,CARE_GAP_COMPLETION,USD
IR-MOCK03585-COPD_SPIROMETRY-20250723,MOCK03585,COPD_SPIROMETRY,2025-07-23,20.0,True,Research-generated IncentiveRewards mock,MyRewards Health Action Incentive,CARE_GAP_COMPLETION,USD
IR-MOCK03591-COPD_SPIROMETRY-20250730,MOCK03591,COPD_SPIROMETRY,2025-07-30,20.0,True,Research-generated IncentiveRewards mock,MyRewards Health Action Incentive,CARE_GAP_COMPLETION,USD
IR-MOCK03597-COPD_SPIROMETRY-20250716,MOCK03597,COPD_SPIROMETRY,2025-07-16,15.0,True,Research-generated IncentiveRewards mock,MyRewards Health Action Incentive,CARE_GAP_COMPLETION,USD
IR-MOCK03609-COPD_SPIROMETRY-20250722,MOCK03609,COPD_SPIROMETRY,2025-07-22,15.0,True,Research-generated IncentiveRewards mock,MyRewards Health Action Incentive,CARE_GAP_COMPLETION,USD
IR-MOCK03627-COPD_SPIROMETRY-20250722,MOCK03627,COPD_SPIROMETRY,2025-07-22,15.0,True,Research-generated IncentiveRewards mock,MyRewards Health Action Incentive,CARE_GAP_COMPLETION,USD
IR-MOCK03639-COPD_SPIROMETRY-20250702,MOCK03639,COPD_SPIROMETRY,2025-07-02,20.0,True,Research-generated IncentiveRewards mock,MyRewards Health Action Incentive,CARE_GAP_COMPLETION,USD
IR-MOCK03645-COPD_SPIROMETRY-20250708,MOCK03645,COPD_SPIROMETRY,2025-07-08,20.0,True,Research-generated IncentiveRewards mock,MyRewards Health Action Incentive,CARE_GAP_COMPLETION,USD
IR-MOCK03651-COPD_SPIROMETRY-20250710,MOCK03651,COPD_SPIROMETRY,2025-07-10,20.0,True,Research-generated IncentiveRewards mock,MyRewards Health Action Incentive,CARE_GAP_COMPLETION,USD
IR-MOCK03657-COPD_SPIROMETRY-20250731,MOCK03657,COPD_SPIROMETRY,2025-07-31,20.0,True,Research-generated IncentiveRewards mock,MyRewards Health Action Incentive,CARE_GAP_COMPLETION,USD
IR-MOCK03663-COPD_SPIROMETRY-20250719,MOCK03663,COPD_SPIROMETRY,2025-07-19,20.0,True,Research-generated IncentiveRewards mock,MyRewards Health Action Incentive,CARE_GAP_COMPLETION,USD
IR-MOCK03669-COPD_SPIROMETRY-20250720,MOCK03669,COPD_SPIROMETRY,2025-07-20,20.0,True,Research-generated IncentiveRewards mock,MyRewards Health Action Incentive,CARE_GAP_COMPLETION,USD
IR-MOCK03705-COPD_SPIROMETRY-20250731,MOCK03705,COPD_SPIROMETRY,2025-07-31,20.0,True,Research-generated IncentiveRewards mock,MyRewards Health Action Incentive,CARE_GAP_COMPLETION,USD
IR-MOCK03717-COPD_SPIROMETRY-20250706,MOCK03717,COPD_SPIROMETRY,2025-07-06,20.0,True,Research-generated IncentiveRewards mock,MyRewards Health Action Incentive,CARE_GAP_COMPLETION,USD
IR-MOCK03735-COPD_SPIROMETRY-20250726,MOCK03735,COPD_SPIROMETRY,2025-07-26,15.0,True,Research-generated IncentiveRewards mock,MyRewards Health Action Incentive,CARE_GAP_COMPLETION,USD
IR-MOCK03759-COPD_SPIROMETRY-20250709,MOCK03759,COPD_SPIROMETRY,2025-07-09,20.0,True,Research-generated IncentiveRewards mock,MyRewards Health Action Incentive,CARE_GAP_COMPLETION,USD
IR-MOCK03777-COPD_SPIROMETRY-20250709,MOCK03777,COPD_SPIROMETRY,2025-07-09,15.0,True,Research-generated IncentiveRewards mock,MyRewards Health Action Incentive,CARE_GAP_COMPLETION,USD
IR-MOCK03789-COPD_SPIROMETRY-20250802,MOCK03789,COPD_SPIROMETRY,2025-08-02,20.0,True,Research-generated IncentiveRewards mock,MyRewards Health Action Incentive,CARE_GAP_COMPLETION,USD
IR-MOCK03801-COPD_SPIROMETRY-20250711,MOCK03801,COPD_SPIROMETRY,2025-07-11,15.0,True,Research-generated IncentiveRewards mock,MyRewards Health Action Incentive,CARE_GAP_COMPLETION,USD
IR-MOCK03807-COPD_SPIROMETRY-20250805,MOCK03807,COPD_SPIROMETRY,2025-08-05,20.0,True,Research-generated IncentiveRewards mock,MyRewards Health Action Incentive,CARE_GAP_COMPLETION,USD
IR-MOCK03813-COPD_SPIROMETRY-20250708,MOCK03813,COPD_SPIROMETRY,2025-07-08,20.0,True,Research-generated IncentiveRewards mock,MyRewards Health Action Incentive,CARE_GAP_COMPLETION,USD
IR-MOCK03831-COPD_SPIROMETRY-20250721,MOCK03831,COPD_SPIROMETRY,2025-07-21,20.0,True,Research-generated IncentiveRewards mock,MyRewards Health Action Incentive,CARE_GAP_COMPLETION,USD
IR-MOCK03837-COPD_SPIROMETRY-20250707,MOCK03837,COPD_SPIROMETRY,2025-07-07,20.0,True,Research-generated IncentiveRewards mock,MyRewards Health Action Incentive,CARE_GAP_COMPLETION,USD
IR-MOCK03849-COPD_SPIROMETRY-20250712,MOCK03849,COPD_SPIROMETRY,2025-07-12,20.0,True,Research-generated IncentiveRewards mock,MyRewards Health Action Incentive,CARE_GAP_COMPLETION,USD
IR-MOCK03855-COPD_SPIROMETRY-20250803,MOCK03855,COPD_SPIROMETRY,2025-08-03,15.0,True,Research-generated IncentiveRewards mock,MyRewards Health Action Incentive,CARE_GAP_COMPLETION,USD
IR-MOCK03867-COPD_SPIROMETRY-20250719,MOCK03867,COPD_SPIROMETRY,2025-07-19,20.0,True,Research-generated IncentiveRewards mock,MyRewards Health Action Incentive,CARE_GAP_COMPLETION,USD
IR-MOCK03879-COPD_SPIROMETRY-20250803,MOCK03879,COPD_SPIROMETRY,2025-08-03,20.0,True,Research-generated IncentiveRewards mock,MyRewards Health Action Incentive,CARE_GAP_COMPLETION,USD
IR-MOCK03897-COPD_SPIROMETRY-20250803,MOCK03897,COPD_SPIROMETRY,2025-08-03,20.0,True,Research-generated IncentiveRewards mock,MyRewards Health Action Incentive,CARE_GAP_COMPLETION,USD
IR-MOCK03921-COPD_SPIROMETRY-20250708,MOCK03921,COPD_SPIROMETRY,2025-07-08,15.0,True,Research-generated IncentiveRewards mock,MyRewards Health Action Incentive,CARE_GAP_COMPLETION,USD
IR-MOCK03927-COPD_SPIROMETRY-20250804,MOCK03927,COPD_SPIROMETRY,2025-08-04,20.0,True,Research-generated IncentiveRewards mock,MyRewards Health Action Incentive,CARE_GAP_COMPLETION,USD
IR-MOCK03939-COPD_SPIROMETRY-20250718,MOCK03939,COPD_SPIROMETRY,2025-07-18,20.0,True,Research-generated IncentiveRewards mock,MyRewards Health Action Incentive,CARE_GAP_COMPLETION,USD
IR-MOCK03945-COPD_SPIROMETRY-20250803,MOCK03945,COPD_SPIROMETRY,2025-08-03,20.0,True,Research-generated IncentiveRewards mock,MyRewards Health Action Incentive,CARE_GAP_COMPLETION,USD
IR-MOCK03951-COPD_SPIROMETRY-20250709,MOCK03951,COPD_SPIROMETRY,2025-07-09,20.0,True,Research-generated IncentiveRewards mock,MyRewards Health Action Incentive,CARE_GAP_COMPLETION,USD
IR-MOCK03963-COPD_SPIROMETRY-20250715,MOCK03963,COPD_SPIROMETRY,2025-07-15,15.0,True,Research-generated IncentiveRewards mock,MyRewards Health Action Incentive,CARE_GAP_COMPLETION,USD
IR-MOCK03969-COPD_SPIROMETRY-20250709,MOCK03969,COPD_SPIROMETRY,2025-07-09,20.0,True,Research-generated IncentiveRewards mock,MyRewards Health Action Incentive,CARE_GAP_COMPLETION,USD
IR-MOCK03981-COPD_SPIROMETRY-20250716,MOCK03981,COPD_SPIROMETRY,2025-07-16,20.0,True,Research-generated IncentiveRewards mock,MyRewards Health Action Incentive,CARE_GAP_COMPLETION,USD
IR-MOCK03987-COPD_SPIROMETRY-20250713,MOCK03987,COPD_SPIROMETRY,2025-07-13,15.0,True,Research-generated IncentiveRewards mock,MyRewards Health Action Incentive,CARE_GAP_COMPLETION,USD
IR-MOCK03999-COPD_SPIROMETRY-20250713,MOCK03999,COPD_SPIROMETRY,2025-07-13,20.0,True,Research-generated IncentiveRewards mock,MyRewards Health Action Incentive,CARE_GAP_COMPLETION,USD
IR-MOCK04011-COPD_SPIROMETRY-20250806,MOCK04011,COPD_SPIROMETRY,2025-08-06,15.0,True,Research-generated IncentiveRewards mock,MyRewards Health Action Incentive,CARE_GAP_COMPLETION,USD
IR-MOCK04029-COPD_SPIROMETRY-20250722,MOCK04029,COPD_SPIROMETRY,2025-07-22,20.0,True,Research-generated IncentiveRewards mock,MyRewards Health Action Incentive,CARE_GAP_COMPLETION,USD
IR-MOCK04035-COPD_SPIROMETRY-20250803,MOCK04035,COPD_SPIROMETRY,2025-08-03,15.0,True,Research-generated IncentiveRewards mock,MyRewards Health Action Incentive,CARE_GAP_COMPLETION,USD
IR-MOCK04047-COPD_SPIROMETRY-20250801,MOCK04047,COPD_SPIROMETRY,2025-08-01,20.0,True,Research-generated IncentiveRewards mock,MyRewards Health Action Incentive,CARE_GAP_COMPLETION,USD
IR-MOCK04053-COPD_SPIROMETRY-20250723,MOCK04053,COPD_SPIROMETRY,2025-07-23,15.0,True,Research-generated IncentiveRewards mock,MyRewards Health Action Incentive,CARE_GAP_COMPLETION,USD
IR-MOCK04077-COPD_SPIROMETRY-20250713,MOCK04077,COPD_SPIROMETRY,2025-07-13,15.0,True,Research-generated IncentiveRewards mock,MyRewards Health Action Incentive,CARE_GAP_COMPLETION,USD
IR-MOCK04083-COPD_SPIROMETRY-20250805,MOCK04083,COPD_SPIROMETRY,2025-08-05,15.0,True,Research-generated IncentiveRewards mock,MyRewards Health Action Incentive,CARE_GAP_COMPLETION,USD
IR-MOCK04095-COPD_SPIROMETRY-20250730,MOCK04095,COPD_SPIROMETRY,2025-07-30,20.0,True,Research-generated IncentiveRewards mock,MyRewards Health Action Incentive,CARE_GAP_COMPLETION,USD
IR-MOCK04101-COPD_SPIROMETRY-20250803,MOCK04101,COPD_SPIROMETRY,2025-08-03,15.0,True,Research-generated IncentiveRewards mock,MyRewards Health Action Incentive,CARE_GAP_COMPLETION,USD
IR-MOCK04107-COPD_SPIROMETRY-20250714,MOCK04107,COPD_SPIROMETRY,2025-07-14,20.0,True,Research-generated IncentiveRewards mock,MyRewards Health Action Incentive,CARE_GAP_COMPLETION,USD
IR-MOCK04113-COPD_SPIROMETRY-20250712,MOCK04113,COPD_SPIROMETRY,2025-07-12,20.0,True,Research-generated IncentiveRewards mock,MyRewards Health Action Incentive,CARE_GAP_COMPLETION,USD
IR-MOCK04125-COPD_SPIROMETRY-20250722,MOCK04125,COPD_SPIROMETRY,2025-07-22,20.0,True,Research-generated IncentiveRewards mock,MyRewards Health Action Incentive,CARE_GAP_COMPLETION,USD
IR-MOCK04137-COPD_SPIROMETRY-20250710,MOCK04137,COPD_SPIROMETRY,2025-07-10,20.0,True,Research-generated IncentiveRewards mock,MyRewards Health Action Incentive,CARE_GAP_COMPLETION,USD
IR-MOCK04143-COPD_SPIROMETRY-20250803,MOCK04143,COPD_SPIROMETRY,2025-08-03,20.0,True,Research-generated IncentiveRewards mock,MyRewards Health Action Incentive,CARE_GAP_COMPLETION,USD
IR-MOCK04149-COPD_SPIROMETRY-20250702,MOCK04149,COPD_SPIROMETRY,2025-07-02,20.0,True,Research-generated IncentiveRewards mock,MyRewards Health Action Incentive,CARE_GAP_COMPLETION,USD
IR-MOCK04173-COPD_SPIROMETRY-20250706,MOCK04173,COPD_SPIROMETRY,2025-07-06,20.0,True,Research-generated IncentiveRewards mock,MyRewards Health Action Incentive,CARE_GAP_COMPLETION,USD
IR-MOCK04179-COPD_SPIROMETRY-20250807,MOCK04179,COPD_SPIROMETRY,2025-08-07,15.0,True,Research-generated IncentiveRewards mock,MyRewards Health Action Incentive,CARE_GAP_COMPLETION,USD
IR-MOCK04191-COPD_SPIROMETRY-20250728,MOCK04191,COPD_SPIROMETRY,2025-07-28,15.0,True,Research-generated IncentiveRewards mock,MyRewards Health Action Incentive,CARE_GAP_COMPLETION,USD
IR-MOCK04203-COPD_SPIROMETRY-20250703,MOCK04203,COPD_SPIROMETRY,2025-07-03,20.0,True,Research-generated IncentiveRewards mock,MyRewards Health Action Incentive,CARE_GAP_COMPLETION,USD
IR-MOCK04209-COPD_SPIROMETRY-20250707,MOCK04209,COPD_SPIROMETRY,2025-07-07,15.0,True,Research-generated IncentiveRewards mock,MyRewards Health Action Incentive,CARE_GAP_COMPLETION,USD
IR-MOCK04215-COPD_SPIROMETRY-20250729,MOCK04215,COPD_SPIROMETRY,2025-07-29,15.0,True,Research-generated IncentiveRewards mock,MyRewards Health Action Incentive,CARE_GAP_COMPLETION,USD
IR-MOCK04221-COPD_SPIROMETRY-20250703,MOCK04221,COPD_SPIROMETRY,2025-07-03,15.0,True,Research-generated IncentiveRewards mock,MyRewards Health Action Incentive,CARE_GAP_COMPLETION,USD
IR-MOCK04251-COPD_SPIROMETRY-20250723,MOCK04251,COPD_SPIROMETRY,2025-07-23,15.0,True,Research-generated IncentiveRewards mock,MyRewards Health Action Incentive,CARE_GAP_COMPLETION,USD
IR-MOCK04263-COPD_SPIROMETRY-20250713,MOCK04263,COPD_SPIROMETRY,2025-07-13,15.0,True,Research-generated IncentiveRewards mock,MyRewards Health Action Incentive,CARE_GAP_COMPLETION,USD
IR-MOCK04275-COPD_SPIROMETRY-20250726,MOCK04275,COPD_SPIROMETRY,2025-07-26,20.0,True,Research-generated IncentiveRewards mock,MyRewards Health Action Incentive,CARE_GAP_COMPLETION,USD
IR-MOCK04323-COPD_SPIROMETRY-20250709,MOCK04323,COPD_SPIROMETRY,2025-07-09,20.0,True,Research-generated IncentiveRewards mock,MyRewards Health Action Incentive,CARE_GAP_COMPLETION,USD
IR-MOCK04335-COPD_SPIROMETRY-20250807,MOCK04335,COPD_SPIROMETRY,2025-08-07,20.0,True,Research-generated IncentiveRewards mock,MyRewards Health Action Incentive,CARE_GAP_COMPLETION,USD
IR-MOCK04353-COPD_SPIROMETRY-20250711,MOCK04353,COPD_SPIROMETRY,2025-07-11,20.0,True,Research-generated IncentiveRewards mock,MyRewards Health Action Incentive,CARE_GAP_COMPLETION,USD
IR-MOCK04395-COPD_SPIROMETRY-20250729,MOCK04395,COPD_SPIROMETRY,2025-07-29,20.0,True,Research-generated IncentiveRewards mock,MyRewards Health Action Incentive,CARE_GAP_COMPLETION,USD
IR-MOCK04401-COPD_SPIROMETRY-20250803,MOCK04401,COPD_SPIROMETRY,2025-08-03,20.0,True,Research-generated IncentiveRewards mock,MyRewards Health Action Incentive,CARE_GAP_COMPLETION,USD
IR-MOCK04413-COPD_SPIROMETRY-20250709,MOCK04413,COPD_SPIROMETRY,2025-07-09,15.0,True,Research-generated IncentiveRewards mock,MyRewards Health Action Incentive,CARE_GAP_COMPLETION,USD
IR-MOCK04419-COPD_SPIROMETRY-20250716,MOCK04419,COPD_SPIROMETRY,2025-07-16,20.0,True,Research-generated IncentiveRewards mock,MyRewards Health Action Incentive,CARE_GAP_COMPLETION,USD
IR-MOCK04425-COPD_SPIROMETRY-20250722,MOCK04425,COPD_SPIROMETRY,2025-07-22,20.0,True,Research-generated IncentiveRewards mock,MyRewards Health Action Incentive,CARE_GAP_COMPLETION,USD
IR-MOCK04431-COPD_SPIROMETRY-20250807,MOCK04431,COPD_SPIROMETRY,2025-08-07,20.0,True,Research-generated IncentiveRewards mock,MyRewards Health Action Incentive,CARE_GAP_COMPLETION,USD
IR-MOCK04443-COPD_SPIROMETRY-20250720,MOCK04443,COPD_SPIROMETRY,2025-07-20,20.0,True,Research-generated IncentiveRewards mock,MyRewards Health Action Incentive,CARE_GAP_COMPLETION,USD
IR-MOCK04449-COPD_SPIROMETRY-20250702,MOCK04449,COPD_SPIROMETRY,2025-07-02,15.0,True,Research-generated IncentiveRewards mock,MyRewards Health Action Incentive,CARE_GAP_COMPLETION,USD
IR-MOCK04467-COPD_SPIROMETRY-20250725,MOCK04467,COPD_SPIROMETRY,2025-07-25,15.0,True,Research-generated IncentiveRewards mock,MyRewards Health Action Incentive,CARE_GAP_COMPLETION,USD
IR-MOCK04479-COPD_SPIROMETRY-20250709,MOCK04479,COPD_SPIROMETRY,2025-07-09,15.0,True,Research-generated IncentiveRewards mock,MyRewards Health Action Incentive,CARE_GAP_COMPLETION,USD
IR-MOCK04491-COPD_SPIROMETRY-20250731,MOCK04491,COPD_SPIROMETRY,2025-07-31,20.0,True,Research-generated IncentiveRewards mock,MyRewards Health Action Incentive,CARE_GAP_COMPLETION,USD
IR-MOCK04497-COPD_SPIROMETRY-20250717,MOCK04497,COPD_SPIROMETRY,2025-07-17,20.0,True,Research-generated IncentiveRewards mock,MyRewards Health Action Incentive,CARE_GAP_COMPLETION,USD
IR-MOCK04503-COPD_SPIROMETRY-20250803,MOCK04503,COPD_SPIROMETRY,2025-08-03,20.0,True,Research-generated IncentiveRewards mock,MyRewards Health Action Incentive,CARE_GAP_COMPLETION,USD
IR-MOCK04515-COPD_SPIROMETRY-20250727,MOCK04515,COPD_SPIROMETRY,2025-07-27,20.0,True,Research-generated IncentiveRewards mock,MyRewards Health Action Incentive,CARE_GAP_COMPLETION,USD
IR-MOCK04533-COPD_SPIROMETRY-20250729,MOCK04533,COPD_SPIROMETRY,2025-07-29,20.0,True,Research-generated IncentiveRewards mock,MyRewards Health Action Incentive,CARE_GAP_COMPLETION,USD
IR-MOCK04545-COPD_SPIROMETRY-20250807,MOCK04545,COPD_SPIROMETRY,2025-08-07,20.0,True,Research-generated IncentiveRewards mock,MyRewards Health Action Incentive,CARE_GAP_COMPLETION,USD
IR-MOCK04551-COPD_SPIROMETRY-20250722,MOCK04551,COPD_SPIROMETRY,2025-07-22,15.0,False,Research-generated IncentiveRewards mock,MyRewards Health Action Incentive,CARE_GAP_COMPLETION,USD
IR-MOCK04557-COPD_SPIROMETRY-20250729,MOCK04557,COPD_SPIROMETRY,2025-07-29,20.0,True,Research-generated IncentiveRewards mock,MyRewards Health Action Incentive,CARE_GAP_COMPLETION,USD
IR-MOCK04563-COPD_SPIROMETRY-20250803,MOCK04563,COPD_SPIROMETRY,2025-08-03,15.0,True,Research-generated IncentiveRewards mock,MyRewards Health Action Incentive,CARE_GAP_COMPLETION,USD
IR-MOCK04569-COPD_SPIROMETRY-20250802,MOCK04569,COPD_SPIROMETRY,2025-08-02,20.0,True,Research-generated IncentiveRewards mock,MyRewards Health Action Incentive,CARE_GAP_COMPLETION,USD
IR-MOCK04587-COPD_SPIROMETRY-20250714,MOCK04587,COPD_SPIROMETRY,2025-07-14,20.0,True,Research-generated IncentiveRewards mock,MyRewards Health Action Incentive,CARE_GAP_COMPLETION,USD
IR-MOCK04593-COPD_SPIROMETRY-20250728,MOCK04593,COPD_SPIROMETRY,2025-07-28,15.0,True,Research-generated IncentiveRewards mock,MyRewards Health Action Incentive,CARE_GAP_COMPLETION,USD
IR-MOCK04605-COPD_SPIROMETRY-20250731,MOCK04605,COPD_SPIROMETRY,2025-07-31,20.0,True,Research-generated IncentiveRewards mock,MyRewards Health Action Incentive,CARE_GAP_COMPLETION,USD
IR-MOCK04623-COPD_SPIROMETRY-20250722,MOCK04623,COPD_SPIROMETRY,2025-07-22,20.0,True,Research-generated IncentiveRewards mock,MyRewards Health Action Incentive,CARE_GAP_COMPLETION,USD
IR-MOCK04653-COPD_SPIROMETRY-20250720,MOCK04653,COPD_SPIROMETRY,2025-07-20,20.0,True,Research-generated IncentiveRewards mock,MyRewards Health Action Incentive,CARE_GAP_COMPLETION,USD
IR-MOCK04665-COPD_SPIROMETRY-20250802,MOCK04665,COPD_SPIROMETRY,2025-08-02,20.0,True,Research-generated IncentiveRewards mock,MyRewards Health Action Incentive,CARE_GAP_COMPLETION,USD
IR-MOCK04671-COPD_SPIROMETRY-20250705,MOCK04671,COPD_SPIROMETRY,2025-07-05,15.0,True,Research-generated IncentiveRewards mock,MyRewards Health Action Incentive,CARE_GAP_COMPLETION,USD
IR-MOCK04683-COPD_SPIROMETRY-20250728,MOCK04683,COPD_SPIROMETRY,2025-07-28,20.0,True,Research-generated IncentiveRewards mock,MyRewards Health Action Incentive,CARE_GAP_COMPLETION,USD
IR-MOCK04743-COPD_SPIROMETRY-20250703,MOCK04743,COPD_SPIROMETRY,2025-07-03,15.0,True,Research-generated IncentiveRewards mock,MyRewards Health Action Incentive,CARE_GAP_COMPLETION,USD
IR-MOCK04749-COPD_SPIROMETRY-20250729,MOCK04749,COPD_SPIROMETRY,2025-07-29,20.0,True,Research-generated IncentiveRewards mock,MyRewards Health Action Incentive,CARE_GAP_COMPLETION,USD
IR-MOCK04755-COPD_SPIROMETRY-20250721,MOCK04755,COPD_SPIROMETRY,2025-07-21,20.0,True,Research-generated IncentiveRewards mock,MyRewards Health Action Incentive,CARE_GAP_COMPLETION,USD
IR-MOCK04761-COPD_SPIROMETRY-20250805,MOCK04761,COPD_SPIROMETRY,2025-08-05,15.0,True,Research-generated IncentiveRewards mock,MyRewards Health Action Incentive,CARE_GAP_COMPLETION,USD
IR-MOCK04767-COPD_SPIROMETRY-20250708,MOCK04767,COPD_SPIROMETRY,2025-07-08,20.0,True,Research-generated IncentiveRewards mock,MyRewards Health Action Incentive,CARE_GAP_COMPLETION,USD
IR-MOCK04815-COPD_SPIROMETRY-20250728,MOCK04815,COPD_SPIROMETRY,2025-07-28,20.0,True,Research-generated IncentiveRewards mock,MyRewards Health Action Incentive,CARE_GAP_COMPLETION,USD
IR-MOCK04827-COPD_SPIROMETRY-20250708,MOCK04827,COPD_SPIROMETRY,2025-07-08,20.0,True,Research-generated IncentiveRewards mock,MyRewards Health Action Incentive,CARE_GAP_COMPLETION,USD
IR-MOCK04833-COPD_SPIROMETRY-20250709,MOCK04833,COPD_SPIROMETRY,2025-07-09,15.0,True,Research-generated IncentiveRewards mock,MyRewards Health Action Incentive,CARE_GAP_COMPLETION,USD
IR-MOCK04839-COPD_SPIROMETRY-20250718,MOCK04839,COPD_SPIROMETRY,2025-07-18,15.0,True,Research-generated IncentiveRewards mock,MyRewards Health Action Incentive,CARE_GAP_COMPLETION,USD
IR-MOCK04857-COPD_SPIROMETRY-20250731,MOCK04857,COPD_SPIROMETRY,2025-07-31,20.0,True,Research-generated IncentiveRewards mock,MyRewards Health Action Incentive,CARE_GAP_COMPLETION,USD
IR-MOCK04869-COPD_SPIROMETRY-20250717,MOCK04869,COPD_SPIROMETRY,2025-07-17,20.0,True,Research-generated IncentiveRewards mock,MyRewards Health Action Incentive,CARE_GAP_COMPLETION,USD
IR-MOCK04875-COPD_SPIROMETRY-20250725,MOCK04875,COPD_SPIROMETRY,2025-07-25,20.0,False,Research-generated IncentiveRewards mock,MyRewards Health Action Incentive,CARE_GAP_COMPLETION,USD
IR-MOCK04881-COPD_SPIROMETRY-20250708,MOCK04881,COPD_SPIROMETRY,2025-07-08,20.0,True,Research-generated IncentiveRewards mock,MyRewards Health Action Incentive,CARE_GAP_COMPLETION,USD
IR-MOCK04887-COPD_SPIROMETRY-20250718,MOCK04887,COPD_SPIROMETRY,2025-07-18,15.0,True,Research-generated IncentiveRewards mock,MyRewards Health Action Incentive,CARE_GAP_COMPLETION,USD
IR-MOCK04899-COPD_SPIROMETRY-20250701,MOCK04899,COPD_SPIROMETRY,2025-07-01,15.0,True,Research-generated IncentiveRewards mock,MyRewards Health Action Incentive,CARE_GAP_COMPLETION,USD
IR-MOCK04905-COPD_SPIROMETRY-20250802,MOCK04905,COPD_SPIROMETRY,2025-08-02,20.0,True,Research-generated IncentiveRewards mock,MyRewards Health Action Incentive,CARE_GAP_COMPLETION,USD
IR-MOCK04911-COPD_SPIROMETRY-20250731,MOCK04911,COPD_SPIROMETRY,2025-07-31,20.0,True,Research-generated IncentiveRewards mock,MyRewards Health Action Incentive,CARE_GAP_COMPLETION,USD
IR-MOCK04947-COPD_SPIROMETRY-20250707,MOCK04947,COPD_SPIROMETRY,2025-07-07,20.0,True,Research-generated IncentiveRewards mock,MyRewards Health Action Incentive,CARE_GAP_COMPLETION,USD
IR-MOCK04953-COPD_SPIROMETRY-20250709,MOCK04953,COPD_SPIROMETRY,2025-07-09,20.0,True,Research-generated IncentiveRewards mock,MyRewards Health Action Incentive,CARE_GAP_COMPLETION,USD
IR-MOCK04965-COPD_SPIROMETRY-20250803,MOCK04965,COPD_SPIROMETRY,2025-08-03,15.0,True,Research-generated IncentiveRewards mock,MyRewards Health Action Incentive,CARE_GAP_COMPLETION,USD
IR-MOCK04983-COPD_SPIROMETRY-20250722,MOCK04983,COPD_SPIROMETRY,2025-07-22,20.0,True,Research-generated IncentiveRewards mock,MyRewards Health Action Incentive,CARE_GAP_COMPLETION,USD
IR-MOCK04995-COPD_SPIROMETRY-20250802,MOCK04995,COPD_SPIROMETRY,2025-08-02,20.0,True,Research-generated IncentiveRewards mock,MyRewards Health Action Incentive,CARE_GAP_COMPLETION,USD
IR-MOCK05001-COPD_SPIROMETRY-20250703,MOCK05001,COPD_SPIROMETRY,2025-07-03,15.0,True,Research-generated IncentiveRewards mock,MyRewards Health Action Incentive,CARE_GAP_COMPLETION,USD
IR-MOCK05019-COPD_SPIROMETRY-20250729,MOCK05019,COPD_SPIROMETRY,2025-07-29,20.0,True,Research-generated IncentiveRewards mock,MyRewards Health Action Incentive,CARE_GAP_COMPLETION,USD
IR-MOCK05025-COPD_SPIROMETRY-20250717,MOCK05025,COPD_SPIROMETRY,2025-07-17,20.0,True,Research-generated IncentiveRewards mock,MyRewards Health Action Incentive,CARE_GAP_COMPLETION,USD
IR-MOCK05031-COPD_SPIROMETRY-20250706,MOCK05031,COPD_SPIROMETRY,2025-07-06,20.0,True,Research-generated IncentiveRewards mock,MyRewards Health Action Incentive,CARE_GAP_COMPLETION,USD
IR-MOCK05037-COPD_SPIROMETRY-20250729,MOCK05037,COPD_SPIROMETRY,2025-07-29,15.0,True,Research-generated IncentiveRewards mock,MyRewards Health Action Incentive,CARE_GAP_COMPLETION,USD
IR-MOCK05043-COPD_SPIROMETRY-20250724,MOCK05043,COPD_SPIROMETRY,2025-07-24,15.0,True,Research-generated IncentiveRewards mock,MyRewards Health Action Incentive,CARE_GAP_COMPLETION,USD
IR-MOCK05049-COPD_SPIROMETRY-20250718,MOCK05049,COPD_SPIROMETRY,2025-07-18,15.0,True,Research-generated IncentiveRewards mock,MyRewards Health Action Incentive,CARE_GAP_COMPLETION,USD
IR-MOCK05121-COPD_SPIROMETRY-20250807,MOCK05121,COPD_SPIROMETRY,2025-08-07,20.0,True,Research-generated IncentiveRewards mock,MyRewards Health Action Incentive,CARE_GAP_COMPLETION,USD
IR-MOCK05127-COPD_SPIROMETRY-20250718,MOCK05127,COPD_SPIROMETRY,2025-07-18,20.0,True,Research-generated IncentiveRewards mock,MyRewards Health Action Incentive,CARE_GAP_COMPLETION,USD
IR-MOCK05133-COPD_SPIROMETRY-20250712,MOCK05133,COPD_SPIROMETRY,2025-07-12,20.0,True,Research-generated IncentiveRewards mock,MyRewards Health Action Incentive,CARE_GAP_COMPLETION,USD
IR-MOCK05139-COPD_SPIROMETRY-20250715,MOCK05139,COPD_SPIROMETRY,2025-07-15,20.0,True,Research-generated IncentiveRewards mock,MyRewards Health Action Incentive,CARE_GAP_COMPLETION,USD
IR-MOCK05145-COPD_SPIROMETRY-20250703,MOCK05145,COPD_SPIROMETRY,2025-07-03,20.0,True,Research-generated IncentiveRewards mock,MyRewards Health Action Incentive,CARE_GAP_COMPLETION,USD
IR-MOCK05151-COPD_SPIROMETRY-20250712,MOCK05151,COPD_SPIROMETRY,2025-07-12,20.0,True,Research-generated IncentiveRewards mock,MyRewards Health Action Incentive,CARE_GAP_COMPLETION,USD
IR-MOCK05157-COPD_SPIROMETRY-20250709,MOCK05157,COPD_SPIROMETRY,2025-07-09,15.0,True,Research-generated IncentiveRewards mock,MyRewards Health Action Incentive,CARE_GAP_COMPLETION,USD
IR-MOCK05169-COPD_SPIROMETRY-20250702,MOCK05169,COPD_SPIROMETRY,2025-07-02,20.0,True,Research-generated IncentiveRewards mock,MyRewards Health Action Incentive,CARE_GAP_COMPLETION,USD
IR-MOCK05175-COPD_SPIROMETRY-20250716,MOCK05175,COPD_SPIROMETRY,2025-07-16,20.0,True,Research-generated IncentiveRewards mock,MyRewards Health Action Incentive,CARE_GAP_COMPLETION,USD
IR-MOCK05181-COPD_SPIROMETRY-20250730,MOCK05181,COPD_SPIROMETRY,2025-07-30,15.0,True,Research-generated IncentiveRewards mock,MyRewards Health Action Incentive,CARE_GAP_COMPLETION,USD
IR-MOCK05187-COPD_SPIROMETRY-20250801,MOCK05187,COPD_SPIROMETRY,2025-08-01,15.0,True,Research-generated IncentiveRewards mock,MyRewards Health Action Incentive,CARE_GAP_COMPLETION,USD
IR-MOCK05205-COPD_SPIROMETRY-20250713,MOCK05205,COPD_SPIROMETRY,2025-07-13,20.0,True,Research-generated IncentiveRewards mock,MyRewards Health Action Incentive,CARE_GAP_COMPLETION,USD
IR-MOCK05217-COPD_SPIROMETRY-20250725,MOCK05217,COPD_SPIROMETRY,2025-07-25,20.0,True,Research-generated IncentiveRewards mock,MyRewards Health Action Incentive,CARE_GAP_COMPLETION,USD
IR-MOCK05241-COPD_SPIROMETRY-20250805,MOCK05241,COPD_SPIROMETRY,2025-08-05,20.0,True,Research-generated IncentiveRewards mock,MyRewards Health Action Incentive,CARE_GAP_COMPLETION,USD
IR-MOCK05265-COPD_SPIROMETRY-20250726,MOCK05265,COPD_SPIROMETRY,2025-07-26,20.0,True,Research-generated IncentiveRewards mock,MyRewards Health Action Incentive,CARE_GAP_COMPLETION,USD
IR-MOCK05277-COPD_SPIROMETRY-20250731,MOCK05277,COPD_SPIROMETRY,2025-07-31,15.0,True,Research-generated IncentiveRewards mock,MyRewards Health Action Incentive,CARE_GAP_COMPLETION,USD
IR-MOCK05283-COPD_SPIROMETRY-20250718,MOCK05283,COPD_SPIROMETRY,2025-07-18,15.0,True,Research-generated IncentiveRewards mock,MyRewards Health Action Incentive,CARE_GAP_COMPLETION,USD
IR-MOCK05295-COPD_SPIROMETRY-20250713,MOCK05295,COPD_SPIROMETRY,2025-07-13,20.0,True,Research-generated IncentiveRewards mock,MyRewards Health Action Incentive,CARE_GAP_COMPLETION,USD
IR-MOCK05301-COPD_SPIROMETRY-20250719,MOCK05301,COPD_SPIROMETRY,2025-07-19,20.0,True,Research-generated IncentiveRewards mock,MyRewards Health Action Incentive,CARE_GAP_COMPLETION,USD
IR-MOCK05343-COPD_SPIROMETRY-20250704,MOCK05343,COPD_SPIROMETRY,2025-07-04,15.0,True,Research-generated IncentiveRewards mock,MyRewards Health Action Incentive,CARE_GAP_COMPLETION,USD
IR-MOCK05349-COPD_SPIROMETRY-20250806,MOCK05349,COPD_SPIROMETRY,2025-08-06,15.0,True,Research-generated IncentiveRewards mock,MyRewards Health Action Incentive,CARE_GAP_COMPLETION,USD
IR-MOCK05361-COPD_SPIROMETRY-20250703,MOCK05361,COPD_SPIROMETRY,2025-07-03,20.0,True,Research-generated IncentiveRewards mock,MyRewards Health Action Incentive,CARE_GAP_COMPLETION,USD
IR-MOCK05367-COPD_SPIROMETRY-20250719,MOCK05367,COPD_SPIROMETRY,2025-07-19,20.0,True,Research-generated IncentiveRewards mock,MyRewards Health Action Incentive,CARE_GAP_COMPLETION,USD
IR-MOCK05379-COPD_SPIROMETRY-20250710,MOCK05379,COPD_SPIROMETRY,2025-07-10,20.0,True,Research-generated IncentiveRewards mock,MyRewards Health Action Incentive,CARE_GAP_COMPLETION,USD
IR-MOCK05385-COPD_SPIROMETRY-20250805,MOCK05385,COPD_SPIROMETRY,2025-08-05,20.0,True,Research-generated IncentiveRewards mock,MyRewards Health Action Incentive,CARE_GAP_COMPLETION,USD
IR-MOCK05397-COPD_SPIROMETRY-20250708,MOCK05397,COPD_SPIROMETRY,2025-07-08,15.0,True,Research-generated IncentiveRewards mock,MyRewards Health Action Incentive,CARE_GAP_COMPLETION,USD
IR-MOCK05409-COPD_SPIROMETRY-20250720,MOCK05409,COPD_SPIROMETRY,2025-07-20,20.0,True,Research-generated IncentiveRewards mock,MyRewards Health Action Incentive,CARE_GAP_COMPLETION,USD
IR-MOCK05421-COPD_SPIROMETRY-20250805,MOCK05421,COPD_SPIROMETRY,2025-08-05,20.0,True,Research-generated IncentiveRewards mock,MyRewards Health Action Incentive,CARE_GAP_COMPLETION,USD
IR-MOCK05433-COPD_SPIROMETRY-20250806,MOCK05433,COPD_SPIROMETRY,2025-08-06,20.0,True,Research-generated IncentiveRewards mock,MyRewards Health Action Incentive,CARE_GAP_COMPLETION,USD
IR-MOCK05439-COPD_SPIROMETRY-20250720,MOCK05439,COPD_SPIROMETRY,2025-07-20,20.0,True,Research-generated IncentiveRewards mock,MyRewards Health Action Incentive,CARE_GAP_COMPLETION,USD
IR-MOCK05451-COPD_SPIROMETRY-20250805,MOCK05451,COPD_SPIROMETRY,2025-08-05,20.0,True,Research-generated IncentiveRewards mock,MyRewards Health Action Incentive,CARE_GAP_COMPLETION,USD
IR-MOCK05463-COPD_SPIROMETRY-20250724,MOCK05463,COPD_SPIROMETRY,2025-07-24,15.0,True,Research-generated IncentiveRewards mock,MyRewards Health Action Incentive,CARE_GAP_COMPLETION,USD
IR-MOCK05469-COPD_SPIROMETRY-20250727,MOCK05469,COPD_SPIROMETRY,2025-07-27,15.0,True,Research-generated IncentiveRewards mock,MyRewards Health Action Incentive,CARE_GAP_COMPLETION,USD
IR-MOCK05475-COPD_SPIROMETRY-20250630,MOCK05475,COPD_SPIROMETRY,2025-06-30,20.0,True,Research-generated IncentiveRewards mock,MyRewards Health Action Incentive,CARE_GAP_COMPLETION,USD
IR-MOCK05487-COPD_SPIROMETRY-20250726,MOCK05487,COPD_SPIROMETRY,2025-07-26,15.0,True,Research-generated IncentiveRewards mock,MyRewards Health Action Incentive,CARE_GAP_COMPLETION,USD
IR-MOCK05493-COPD_SPIROMETRY-20250712,MOCK05493,COPD_SPIROMETRY,2025-07-12,15.0,True,Research-generated IncentiveRewards mock,MyRewards Health Action Incentive,CARE_GAP_COMPLETION,USD
IR-MOCK05505-COPD_SPIROMETRY-20250630,MOCK05505,COPD_SPIROMETRY,2025-06-30,20.0,True,Research-generated IncentiveRewards mock,MyRewards Health Action Incentive,CARE_GAP_COMPLETION,USD
IR-MOCK05535-COPD_SPIROMETRY-20250704,MOCK05535,COPD_SPIROMETRY,2025-07-04,20.0,True,Research-generated IncentiveRewards mock,MyRewards Health Action Incentive,CARE_GAP_COMPLETION,USD
IR-MOCK05553-COPD_SPIROMETRY-20250725,MOCK05553,COPD_SPIROMETRY,2025-07-25,20.0,True,Research-generated IncentiveRewards mock,MyRewards Health Action Incentive,CARE_GAP_COMPLETION,USD
IR-MOCK05571-COPD_SPIROMETRY-20250725,MOCK05571,COPD_SPIROMETRY,2025-07-25,15.0,True,Research-generated IncentiveRewards mock,MyRewards Health Action Incentive,CARE_GAP_COMPLETION,USD
IR-MOCK05577-COPD_SPIROMETRY-20250716,MOCK05577,COPD_SPIROMETRY,2025-07-16,20.0,True,Research-generated IncentiveRewards mock,MyRewards Health Action Incentive,CARE_GAP_COMPLETION,USD
IR-MOCK05601-COPD_SPIROMETRY-20250630,MOCK05601,COPD_SPIROMETRY,2025-06-30,20.0,True,Research-generated IncentiveRewards mock,MyRewards Health Action Incentive,CARE_GAP_COMPLETION,USD
IR-MOCK05607-COPD_SPIROMETRY-20250710,MOCK05607,COPD_SPIROMETRY,2025-07-10,15.0,True,Research-generated IncentiveRewards mock,MyRewards Health Action Incentive,CARE_GAP_COMPLETION,USD
IR-MOCK05613-COPD_SPIROMETRY-20250708,MOCK05613,COPD_SPIROMETRY,2025-07-08,20.0,False,Research-generated IncentiveRewards mock,MyRewards Health Action Incentive,CARE_GAP_COMPLETION,USD
IR-MOCK05619-COPD_SPIROMETRY-20250702,MOCK05619,COPD_SPIROMETRY,2025-07-02,20.0,True,Research-generated IncentiveRewards mock,MyRewards Health Action Incentive,CARE_GAP_COMPLETION,USD
IR-MOCK05631-COPD_SPIROMETRY-20250719,MOCK05631,COPD_SPIROMETRY,2025-07-19,15.0,True,Research-generated IncentiveRewards mock,MyRewards Health Action Incentive,CARE_GAP_COMPLETION,USD
IR-MOCK05637-COPD_SPIROMETRY-20250706,MOCK05637,COPD_SPIROMETRY,2025-07-06,20.0,True,Research-generated IncentiveRewards mock,MyRewards Health Action Incentive,CARE_GAP_COMPLETION,USD
IR-MOCK05649-COPD_SPIROMETRY-20250630,MOCK05649,COPD_SPIROMETRY,2025-06-30,20.0,True,Research-generated IncentiveRewards mock,MyRewards Health Action Incentive,CARE_GAP_COMPLETION,USD
IR-MOCK05655-COPD_SPIROMETRY-20250701,MOCK05655,COPD_SPIROMETRY,2025-07-01,15.0,True,Research-generated IncentiveRewards mock,MyRewards Health Action Incentive,CARE_GAP_COMPLETION,USD
IR-MOCK05667-COPD_SPIROMETRY-20250717,MOCK05667,COPD_SPIROMETRY,2025-07-17,20.0,True,Research-generated IncentiveRewards mock,MyRewards Health Action Incentive,CARE_GAP_COMPLETION,USD
IR-MOCK05679-COPD_SPIROMETRY-20250730,MOCK05679,COPD_SPIROMETRY,2025-07-30,20.0,True,Research-generated IncentiveRewards mock,MyRewards Health Action Incentive,CARE_GAP_COMPLETION,USD
IR-MOCK05685-COPD_SPIROMETRY-20250724,MOCK05685,COPD_SPIROMETRY,2025-07-24,20.0,True,Research-generated IncentiveRewards mock,MyRewards Health Action Incentive,CARE_GAP_COMPLETION,USD
IR-MOCK05697-COPD_SPIROMETRY-20250805,MOCK05697,COPD_SPIROMETRY,2025-08-05,20.0,True,Research-generated IncentiveRewards mock,MyRewards Health Action Incentive,CARE_GAP_COMPLETION,USD
IR-MOCK05709-COPD_SPIROMETRY-20250731,MOCK05709,COPD_SPIROMETRY,2025-07-31,20.0,True,Research-generated IncentiveRewards mock,MyRewards Health Action Incentive,CARE_GAP_COMPLETION,USD
IR-MOCK05721-COPD_SPIROMETRY-20250722,MOCK05721,COPD_SPIROMETRY,2025-07-22,20.0,True,Research-generated IncentiveRewards mock,MyRewards Health Action Incentive,CARE_GAP_COMPLETION,USD
IR-MOCK05745-COPD_SPIROMETRY-20250721,MOCK05745,COPD_SPIROMETRY,2025-07-21,15.0,True,Research-generated IncentiveRewards mock,MyRewards Health Action Incentive,CARE_GAP_COMPLETION,USD
IR-MOCK05763-COPD_SPIROMETRY-20250728,MOCK05763,COPD_SPIROMETRY,2025-07-28,15.0,True,Research-generated IncentiveRewards mock,MyRewards Health Action Incentive,CARE_GAP_COMPLETION,USD
IR-MOCK05775-COPD_SPIROMETRY-20250712,MOCK05775,COPD_SPIROMETRY,2025-07-12,20.0,True,Research-generated IncentiveRewards mock,MyRewards Health Action Incentive,CARE_GAP_COMPLETION,USD
IR-MOCK05781-COPD_SPIROMETRY-20250715,MOCK05781,COPD_SPIROMETRY,2025-07-15,20.0,True,Research-generated IncentiveRewards mock,MyRewards Health Action Incentive,CARE_GAP_COMPLETION,USD
IR-MOCK05793-COPD_SPIROMETRY-20250716,MOCK05793,COPD_SPIROMETRY,2025-07-16,15.0,True,Research-generated IncentiveRewards mock,MyRewards Health Action Incentive,CARE_GAP_COMPLETION,USD
IR-MOCK05799-COPD_SPIROMETRY-20250703,MOCK05799,COPD_SPIROMETRY,2025-07-03,20.0,True,Research-generated IncentiveRewards mock,MyRewards Health Action Incentive,CARE_GAP_COMPLETION,USD
IR-MOCK05817-COPD_SPIROMETRY-20250726,MOCK05817,COPD_SPIROMETRY,2025-07-26,15.0,True,Research-generated IncentiveRewards mock,MyRewards Health Action Incentive,CARE_GAP_COMPLETION,USD
IR-MOCK05823-COPD_SPIROMETRY-20250731,MOCK05823,COPD_SPIROMETRY,2025-07-31,15.0,True,Research-generated IncentiveRewards mock,MyRewards Health Action Incentive,CARE_GAP_COMPLETION,USD
IR-MOCK05829-COPD_SPIROMETRY-20250801,MOCK05829,COPD_SPIROMETRY,2025-08-01,20.0,True,Research-generated IncentiveRewards mock,MyRewards Health Action Incentive,CARE_GAP_COMPLETION,USD
IR-MOCK05865-COPD_SPIROMETRY-20250720,MOCK05865,COPD_SPIROMETRY,2025-07-20,20.0,True,Research-generated IncentiveRewards mock,MyRewards Health Action Incentive,CARE_GAP_COMPLETION,USD
IR-MOCK05871-COPD_SPIROMETRY-20250721,MOCK05871,COPD_SPIROMETRY,2025-07-21,20.0,True,Research-generated IncentiveRewards mock,MyRewards Health Action Incentive,CARE_GAP_COMPLETION,USD
IR-MOCK05877-COPD_SPIROMETRY-20250701,MOCK05877,COPD_SPIROMETRY,2025-07-01,20.0,True,Research-generated IncentiveRewards mock,MyRewards Health Action Incentive,CARE_GAP_COMPLETION,USD
IR-MOCK05883-COPD_SPIROMETRY-20250721,MOCK05883,COPD_SPIROMETRY,2025-07-21,20.0,True,Research-generated IncentiveRewards mock,MyRewards Health Action Incentive,CARE_GAP_COMPLETION,USD
IR-MOCK05889-COPD_SPIROMETRY-20250728,MOCK05889,COPD_SPIROMETRY,2025-07-28,15.0,True,Research-generated IncentiveRewards mock,MyRewards Health Action Incentive,CARE_GAP_COMPLETION,USD
IR-MOCK05901-COPD_SPIROMETRY-20250721,MOCK05901,COPD_SPIROMETRY,2025-07-21,20.0,True,Research-generated IncentiveRewards mock,MyRewards Health Action Incentive,CARE_GAP_COMPLETION,USD
IR-MOCK05907-COPD_SPIROMETRY-20250711,MOCK05907,COPD_SPIROMETRY,2025-07-11,20.0,True,Research-generated IncentiveRewards mock,MyRewards Health Action Incentive,CARE_GAP_COMPLETION,USD
IR-MOCK05925-COPD_SPIROMETRY-20250712,MOCK05925,COPD_SPIROMETRY,2025-07-12,20.0,True,Research-generated IncentiveRewards mock,MyRewards Health Action Incentive,CARE_GAP_COMPLETION,USD
IR-MOCK05943-COPD_SPIROMETRY-20250724,MOCK05943,COPD_SPIROMETRY,2025-07-24,15.0,True,Research-generated IncentiveRewards mock,MyRewards Health Action Incentive,CARE_GAP_COMPLETION,USD
IR-MOCK05955-COPD_SPIROMETRY-20250723,MOCK05955,COPD_SPIROMETRY,2025-07-23,20.0,True,Research-generated IncentiveRewards mock,MyRewards Health Action Incentive,CARE_GAP_COMPLETION,USD
IR-MOCK05961-COPD_SPIROMETRY-20250718,MOCK05961,COPD_SPIROMETRY,2025-07-18,20.0,True,Research-generated IncentiveRewards mock,MyRewards Health Action Incentive,CARE_GAP_COMPLETION,USD
IR-MOCK05967-COPD_SPIROMETRY-20250716,MOCK05967,COPD_SPIROMETRY,2025-07-16,20.0,True,Research-generated IncentiveRewards mock,MyRewards Health Action Incentive,CARE_GAP_COMPLETION,USD
IR-MOCK05973-COPD_SPIROMETRY-20250724,MOCK05973,COPD_SPIROMETRY,2025-07-24,20.0,True,Research-generated IncentiveRewards mock,MyRewards Health Action Incentive,CARE_GAP_COMPLETION,USD
IR-MOCK05991-COPD_SPIROMETRY-20250722,MOCK05991,COPD_SPIROMETRY,2025-07-22,20.0,True,Research-generated IncentiveRewards mock,MyRewards Health Action Incentive,CARE_GAP_COMPLETION,USD
IR-MOCK06003-COPD_SPIROMETRY-20250711,MOCK06003,COPD_SPIROMETRY,2025-07-11,20.0,True,Research-generated IncentiveRewards mock,MyRewards Health Action Incentive,CARE_GAP_COMPLETION,USD
IR-MOCK06009-COPD_SPIROMETRY-20250711,MOCK06009,COPD_SPIROMETRY,2025-07-11,20.0,True,Research-generated IncentiveRewards mock,MyRewards Health Action Incentive,CARE_GAP_COMPLETION,USD
IR-MOCK06021-COPD_SPIROMETRY-20250717,MOCK06021,COPD_SPIROMETRY,2025-07-17,20.0,True,Research-generated IncentiveRewards mock,MyRewards Health Action Incentive,CARE_GAP_COMPLETION,USD
IR-MOCK06033-COPD_SPIROMETRY-20250726,MOCK06033,COPD_SPIROMETRY,2025-07-26,20.0,True,Research-generated IncentiveRewards mock,MyRewards Health Action Incentive,CARE_GAP_COMPLETION,USD
IR-MOCK06045-COPD_SPIROMETRY-20250701,MOCK06045,COPD_SPIROMETRY,2025-07-01,20.0,True,Research-generated IncentiveRewards mock,MyRewards Health Action Incentive,CARE_GAP_COMPLETION,USD
IR-MOCK06051-COPD_SPIROMETRY-20250729,MOCK06051,COPD_SPIROMETRY,2025-07-29,15.0,True,Research-generated IncentiveRewards mock,MyRewards Health Action Incentive,CARE_GAP_COMPLETION,USD
IR-MOCK06069-COPD_SPIROMETRY-20250711,MOCK06069,COPD_SPIROMETRY,2025-07-11,20.0,True,Research-generated IncentiveRewards mock,MyRewards Health Action Incentive,CARE_GAP_COMPLETION,USD
IR-MOCK06081-COPD_SPIROMETRY-20250726,MOCK06081,COPD_SPIROMETRY,2025-07-26,20.0,True,Research-generated IncentiveRewards mock,MyRewards Health Action Incentive,CARE_GAP_COMPLETION,USD
IR-MOCK06087-COPD_SPIROMETRY-20250802,MOCK06087,COPD_SPIROMETRY,2025-08-02,15.0,True,Research-generated IncentiveRewards mock,MyRewards Health Action Incentive,CARE_GAP_COMPLETION,USD
IR-MOCK06093-COPD_SPIROMETRY-20250725,MOCK06093,COPD_SPIROMETRY,2025-07-25,15.0,True,Research-generated IncentiveRewards mock,MyRewards Health Action Incentive,CARE_GAP_COMPLETION,USD
IR-MOCK06123-COPD_SPIROMETRY-20250701,MOCK06123,COPD_SPIROMETRY,2025-07-01,20.0,True,Research-generated IncentiveRewards mock,MyRewards Health Action Incentive,CARE_GAP_COMPLETION,USD
IR-MOCK06129-COPD_SPIROMETRY-20250806,MOCK06129,COPD_SPIROMETRY,2025-08-06,20.0,True,Research-generated IncentiveRewards mock,MyRewards Health Action Incentive,CARE_GAP_COMPLETION,USD
IR-MOCK06135-COPD_SPIROMETRY-20250803,MOCK06135,COPD_SPIROMETRY,2025-08-03,15.0,True,Research-generated IncentiveRewards mock,MyRewards Health Action Incentive,CARE_GAP_COMPLETION,USD
IR-MOCK06147-COPD_SPIROMETRY-20250714,MOCK06147,COPD_SPIROMETRY,2025-07-14,20.0,True,Research-generated IncentiveRewards mock,MyRewards Health Action Incentive,CARE_GAP_COMPLETION,USD
IR-MOCK06171-COPD_SPIROMETRY-20250720,MOCK06171,COPD_SPIROMETRY,2025-07-20,20.0,True,Research-generated IncentiveRewards mock,MyRewards Health Action Incentive,CARE_GAP_COMPLETION,USD
IR-MOCK06177-COPD_SPIROMETRY-20250709,MOCK06177,COPD_SPIROMETRY,2025-07-09,20.0,True,Research-generated IncentiveRewards mock,MyRewards Health Action Incentive,CARE_GAP_COMPLETION,USD
IR-MOCK06213-COPD_SPIROMETRY-20250710,MOCK06213,COPD_SPIROMETRY,2025-07-10,20.0,True,Research-generated IncentiveRewards mock,MyRewards Health Action Incentive,CARE_GAP_COMPLETION,USD
IR-MOCK06225-COPD_SPIROMETRY-20250714,MOCK06225,COPD_SPIROMETRY,2025-07-14,15.0,True,Research-generated IncentiveRewards mock,MyRewards Health Action Incentive,CARE_GAP_COMPLETION,USD
IR-MOCK06237-COPD_SPIROMETRY-20250715,MOCK06237,COPD_SPIROMETRY,2025-07-15,15.0,True,Research-generated IncentiveRewards mock,MyRewards Health Action Incentive,CARE_GAP_COMPLETION,USD
IR-MOCK06243-COPD_SPIROMETRY-20250717,MOCK06243,COPD_SPIROMETRY,2025-07-17,20.0,True,Research-generated IncentiveRewards mock,MyRewards Health Action Incentive,CARE_GAP_COMPLETION,USD
IR-MOCK06249-COPD_SPIROMETRY-20250723,MOCK06249,COPD_SPIROMETRY,2025-07-23,15.0,True,Research-generated IncentiveRewards mock,MyRewards Health Action Incentive,CARE_GAP_COMPLETION,USD
IR-MOCK06267-COPD_SPIROMETRY-20250714,MOCK06267,COPD_SPIROMETRY,2025-07-14,15.0,True,Research-generated IncentiveRewards mock,MyRewards Health Action Incentive,CARE_GAP_COMPLETION,USD
IR-MOCK06273-COPD_SPIROMETRY-20250731,MOCK06273,COPD_SPIROMETRY,2025-07-31,15.0,True,Research-generated IncentiveRewards mock,MyRewards Health Action Incentive,CARE_GAP_COMPLETION,USD
IR-MOCK06279-COPD_SPIROMETRY-20250705,MOCK06279,COPD_SPIROMETRY,2025-07-05,15.0,True,Research-generated IncentiveRewards mock,MyRewards Health Action Incentive,CARE_GAP_COMPLETION,USD
IR-MOCK06285-COPD_SPIROMETRY-20250717,MOCK06285,COPD_SPIROMETRY,2025-07-17,20.0,True,Research-generated IncentiveRewards mock,MyRewards Health Action Incentive,CARE_GAP_COMPLETION,USD
IR-MOCK06297-COPD_SPIROMETRY-20250727,MOCK06297,COPD_SPIROMETRY,2025-07-27,15.0,True,Research-generated IncentiveRewards mock,MyRewards Health Action Incentive,CARE_GAP_COMPLETION,USD
IR-MOCK06315-COPD_SPIROMETRY-20250630,MOCK06315,COPD_SPIROMETRY,2025-06-30,20.0,True,Research-generated IncentiveRewards mock,MyRewards Health Action Incentive,CARE_GAP_COMPLETION,USD
IR-MOCK06345-COPD_SPIROMETRY-20250726,MOCK06345,COPD_SPIROMETRY,2025-07-26,20.0,True,Research-generated IncentiveRewards mock,MyRewards Health Action Incentive,CARE_GAP_COMPLETION,USD
IR-MOCK06351-COPD_SPIROMETRY-20250630,MOCK06351,COPD_SPIROMETRY,2025-06-30,20.0,True,Research-generated IncentiveRewards mock,MyRewards Health Action Incentive,CARE_GAP_COMPLETION,USD
IR-MOCK06363-COPD_SPIROMETRY-20250708,MOCK06363,COPD_SPIROMETRY,2025-07-08,20.0,True,Research-generated IncentiveRewards mock,MyRewards Health Action Incentive,CARE_GAP_COMPLETION,USD
IR-MOCK06381-COPD_SPIROMETRY-20250712,MOCK06381,COPD_SPIROMETRY,2025-07-12,15.0,True,Research-generated IncentiveRewards mock,MyRewards Health Action Incentive,CARE_GAP_COMPLETION,USD
IR-MOCK06387-COPD_SPIROMETRY-20250710,MOCK06387,COPD_SPIROMETRY,2025-07-10,15.0,True,Research-generated IncentiveRewards mock,MyRewards Health Action Incentive,CARE_GAP_COMPLETION,USD
IR-MOCK06393-COPD_SPIROMETRY-20250721,MOCK06393,COPD_SPIROMETRY,2025-07-21,20.0,True,Research-generated IncentiveRewards mock,MyRewards Health Action Incentive,CARE_GAP_COMPLETION,USD
IR-MOCK06405-COPD_SPIROMETRY-20250710,MOCK06405,COPD_SPIROMETRY,2025-07-10,20.0,True,Research-generated IncentiveRewards mock,MyRewards Health Action Incentive,CARE_GAP_COMPLETION,USD
IR-MOCK06411-COPD_SPIROMETRY-20250706,MOCK06411,COPD_SPIROMETRY,2025-07-06,15.0,True,Research-generated IncentiveRewards mock,MyRewards Health Action Incentive,CARE_GAP_COMPLETION,USD
IR-MOCK06441-COPD_SPIROMETRY-20250714,MOCK06441,COPD_SPIROMETRY,2025-07-14,15.0,True,Research-generated IncentiveRewards mock,MyRewards Health Action Incentive,CARE_GAP_COMPLETION,USD
IR-MOCK06459-COPD_SPIROMETRY-20250706,MOCK06459,COPD_SPIROMETRY,2025-07-06,20.0,True,Research-generated IncentiveRewards mock,MyRewards Health Action Incentive,CARE_GAP_COMPLETION,USD
IR-MOCK06465-COPD_SPIROMETRY-20250704,MOCK06465,COPD_SPIROMETRY,2025-07-04,15.0,True,Research-generated IncentiveRewards mock,MyRewards Health Action Incentive,CARE_GAP_COMPLETION,USD
IR-MOCK06471-COPD_SPIROMETRY-20250731,MOCK06471,COPD_SPIROMETRY,2025-07-31,15.0,True,Research-generated IncentiveRewards mock,MyRewards Health Action Incentive,CARE_GAP_COMPLETION,USD
IR-MOCK06525-COPD_SPIROMETRY-20250806,MOCK06525,COPD_SPIROMETRY,2025-08-06,20.0,True,Research-generated IncentiveRewards mock,MyRewards Health Action Incentive,CARE_GAP_COMPLETION,USD
IR-MOCK06543-COPD_SPIROMETRY-20250731,MOCK06543,COPD_SPIROMETRY,2025-07-31,20.0,True,Research-generated IncentiveRewards mock,MyRewards Health Action Incentive,CARE_GAP_COMPLETION,USD
IR-MOCK06561-COPD_SPIROMETRY-20250727,MOCK06561,COPD_SPIROMETRY,2025-07-27,20.0,True,Research-generated IncentiveRewards mock,MyRewards Health Action Incentive,CARE_GAP_COMPLETION,USD
IR-MOCK06573-COPD_SPIROMETRY-20250804,MOCK06573,COPD_SPIROMETRY,2025-08-04,20.0,True,Research-generated IncentiveRewards mock,MyRewards Health Action Incentive,CARE_GAP_COMPLETION,USD
IR-MOCK06591-COPD_SPIROMETRY-20250803,MOCK06591,COPD_SPIROMETRY,2025-08-03,15.0,True,Research-generated IncentiveRewards mock,MyRewards Health Action Incentive,CARE_GAP_COMPLETION,USD
IR-MOCK06597-COPD_SPIROMETRY-20250718,MOCK06597,COPD_SPIROMETRY,2025-07-18,20.0,True,Research-generated IncentiveRewards mock,MyRewards Health Action Incentive,CARE_GAP_COMPLETION,USD
IR-MOCK06603-COPD_SPIROMETRY-20250711,MOCK06603,COPD_SPIROMETRY,2025-07-11,20.0,True,Research-generated IncentiveRewards mock,MyRewards Health Action Incentive,CARE_GAP_COMPLETION,USD
IR-MOCK06609-COPD_SPIROMETRY-20250807,MOCK06609,COPD_SPIROMETRY,2025-08-07,20.0,True,Research-generated IncentiveRewards mock,MyRewards Health Action Incentive,CARE_GAP_COMPLETION,USD
IR-MOCK06621-COPD_SPIROMETRY-20250701,MOCK06621,COPD_SPIROMETRY,2025-07-01,15.0,True,Research-generated IncentiveRewards mock,MyRewards Health Action Incentive,CARE_GAP_COMPLETION,USD
IR-MOCK06633-COPD_SPIROMETRY-20250807,MOCK06633,COPD_SPIROMETRY,2025-08-07,15.0,True,Research-generated IncentiveRewards mock,MyRewards Health Action Incentive,CARE_GAP_COMPLETION,USD
IR-MOCK06639-COPD_SPIROMETRY-20250703,MOCK06639,COPD_SPIROMETRY,2025-07-03,15.0,True,Research-generated IncentiveRewards mock,MyRewards Health Action Incentive,CARE_GAP_COMPLETION,USD
IR-MOCK06675-COPD_SPIROMETRY-20250719,MOCK06675,COPD_SPIROMETRY,2025-07-19,20.0,True,Research-generated IncentiveRewards mock,MyRewards Health Action Incentive,CARE_GAP_COMPLETION,USD
IR-MOCK06681-COPD_SPIROMETRY-20250705,MOCK06681,COPD_SPIROMETRY,2025-07-05,20.0,True,Research-generated IncentiveRewards mock,MyRewards Health Action Incentive,CARE_GAP_COMPLETION,USD
IR-MOCK06693-COPD_SPIROMETRY-20250725,MOCK06693,COPD_SPIROMETRY,2025-07-25,20.0,True,Research-generated IncentiveRewards mock,MyRewards Health Action Incentive,CARE_GAP_COMPLETION,USD
IR-MOCK06729-COPD_SPIROMETRY-20250805,MOCK06729,COPD_SPIROMETRY,2025-08-05,15.0,True,Research-generated IncentiveRewards mock,MyRewards Health Action Incentive,CARE_GAP_COMPLETION,USD
IR-MOCK06747-COPD_SPIROMETRY-20250728,MOCK06747,COPD_SPIROMETRY,2025-07-28,20.0,True,Research-generated IncentiveRewards mock,MyRewards Health Action Incentive,CARE_GAP_COMPLETION,USD
IR-MOCK06765-COPD_SPIROMETRY-20250715,MOCK06765,COPD_SPIROMETRY,2025-07-15,20.0,True,Research-generated IncentiveRewards mock,MyRewards Health Action Incentive,CARE_GAP_COMPLETION,USD
IR-MOCK06783-COPD_SPIROMETRY-20250721,MOCK06783,COPD_SPIROMETRY,2025-07-21,20.0,True,Research-generated IncentiveRewards mock,MyRewards Health Action Incentive,CARE_GAP_COMPLETION,USD
IR-MOCK06795-COPD_SPIROMETRY-20250716,MOCK06795,COPD_SPIROMETRY,2025-07-16,20.0,True,Research-generated IncentiveRewards mock,MyRewards Health Action Incentive,CARE_GAP_COMPLETION,USD
IR-MOCK06801-COPD_SPIROMETRY-20250705,MOCK06801,COPD_SPIROMETRY,2025-07-05,15.0,True,Research-generated IncentiveRewards mock,MyRewards Health Action Incentive,CARE_GAP_COMPLETION,USD
IR-MOCK06807-COPD_SPIROMETRY-20250728,MOCK06807,COPD_SPIROMETRY,2025-07-28,15.0,True,Research-generated IncentiveRewards mock,MyRewards Health Action Incentive,CARE_GAP_COMPLETION,USD
IR-MOCK06819-COPD_SPIROMETRY-20250729,MOCK06819,COPD_SPIROMETRY,2025-07-29,20.0,True,Research-generated IncentiveRewards mock,MyRewards Health Action Incentive,CARE_GAP_COMPLETION,USD
IR-MOCK06825-COPD_SPIROMETRY-20250727,MOCK06825,COPD_SPIROMETRY,2025-07-27,20.0,True,Research-generated IncentiveRewards mock,MyRewards Health Action Incentive,CARE_GAP_COMPLETION,USD
IR-MOCK06837-COPD_SPIROMETRY-20250720,MOCK06837,COPD_SPIROMETRY,2025-07-20,20.0,True,Research-generated IncentiveRewards mock,MyRewards Health Action Incentive,CARE_GAP_COMPLETION,USD
IR-MOCK06843-COPD_SPIROMETRY-20250704,MOCK06843,COPD_SPIROMETRY,2025-07-04,15.0,True,Research-generated IncentiveRewards mock,MyRewards Health Action Incentive,CARE_GAP_COMPLETION,USD
IR-MOCK06849-COPD_SPIROMETRY-20250714,MOCK06849,COPD_SPIROMETRY,2025-07-14,20.0,True,Research-generated IncentiveRewards mock,MyRewards Health Action Incentive,CARE_GAP_COMPLETION,USD
IR-MOCK06873-COPD_SPIROMETRY-20250731,MOCK06873,COPD_SPIROMETRY,2025-07-31,20.0,True,Research-generated IncentiveRewards mock,MyRewards Health Action Incentive,CARE_GAP_COMPLETION,USD
IR-MOCK06891-COPD_SPIROMETRY-20250720,MOCK06891,COPD_SPIROMETRY,2025-07-20,15.0,True,Research-generated IncentiveRewards mock,MyRewards Health Action Incentive,CARE_GAP_COMPLETION,USD
IR-MOCK06897-COPD_SPIROMETRY-20250721,MOCK06897,COPD_SPIROMETRY,2025-07-21,20.0,True,Research-generated IncentiveRewards mock,MyRewards Health Action Incentive,CARE_GAP_COMPLETION,USD
IR-MOCK06903-COPD_SPIROMETRY-20250727,MOCK06903,COPD_SPIROMETRY,2025-07-27,15.0,True,Research-generated IncentiveRewards mock,MyRewards Health Action Incentive,CARE_GAP_COMPLETION,USD
IR-MOCK06909-COPD_SPIROMETRY-20250731,MOCK06909,COPD_SPIROMETRY,2025-07-31,15.0,True,Research-generated IncentiveRewards mock,MyRewards Health Action Incentive,CARE_GAP_COMPLETION,USD
IR-MOCK06915-COPD_SPIROMETRY-20250706,MOCK06915,COPD_SPIROMETRY,2025-07-06,20.0,True,Research-generated IncentiveRewards mock,MyRewards Health Action Incentive,CARE_GAP_COMPLETION,USD
IR-MOCK06939-COPD_SPIROMETRY-20250731,MOCK06939,COPD_SPIROMETRY,2025-07-31,20.0,True,Research-generated IncentiveRewards mock,MyRewards Health Action Incentive,CARE_GAP_COMPLETION,USD
IR-MOCK06963-COPD_SPIROMETRY-20250721,MOCK06963,COPD_SPIROMETRY,2025-07-21,20.0,True,Research-generated IncentiveRewards mock,MyRewards Health Action Incentive,CARE_GAP_COMPLETION,USD
IR-MOCK06975-COPD_SPIROMETRY-20250706,MOCK06975,COPD_SPIROMETRY,2025-07-06,20.0,True,Research-generated IncentiveRewards mock,MyRewards Health Action Incentive,CARE_GAP_COMPLETION,USD
IR-MOCK07017-COPD_SPIROMETRY-20250725,MOCK07017,COPD_SPIROMETRY,2025-07-25,20.0,True,Research-generated IncentiveRewards mock,MyRewards Health Action Incentive,CARE_GAP_COMPLETION,USD
IR-MOCK07023-COPD_SPIROMETRY-20250730,MOCK07023,COPD_SPIROMETRY,2025-07-30,15.0,True,Research-generated IncentiveRewards mock,MyRewards Health Action Incentive,CARE_GAP_COMPLETION,USD
IR-MOCK07047-COPD_SPIROMETRY-20250802,MOCK07047,COPD_SPIROMETRY,2025-08-02,20.0,True,Research-generated IncentiveRewards mock,MyRewards Health Action Incentive,CARE_GAP_COMPLETION,USD
IR-MOCK07059-COPD_SPIROMETRY-20250706,MOCK07059,COPD_SPIROMETRY,2025-07-06,20.0,True,Research-generated IncentiveRewards mock,MyRewards Health Action Incentive,CARE_GAP_COMPLETION,USD
IR-MOCK07065-COPD_SPIROMETRY-20250713,MOCK07065,COPD_SPIROMETRY,2025-07-13,20.0,True,Research-generated IncentiveRewards mock,MyRewards Health Action Incentive,CARE_GAP_COMPLETION,USD
IR-MOCK07071-COPD_SPIROMETRY-20250710,MOCK07071,COPD_SPIROMETRY,2025-07-10,20.0,True,Research-generated IncentiveRewards mock,MyRewards Health Action Incentive,CARE_GAP_COMPLETION,USD
IR-MOCK07077-COPD_SPIROMETRY-20250804,MOCK07077,COPD_SPIROMETRY,2025-08-04,15.0,True,Research-generated IncentiveRewards mock,MyRewards Health Action Incentive,CARE_GAP_COMPLETION,USD
IR-MOCK07089-COPD_SPIROMETRY-20250708,MOCK07089,COPD_SPIROMETRY,2025-07-08,15.0,True,Research-generated IncentiveRewards mock,MyRewards Health Action Incentive,CARE_GAP_COMPLETION,USD
IR-MOCK07095-COPD_SPIROMETRY-20250712,MOCK07095,COPD_SPIROMETRY,2025-07-12,20.0,True,Research-generated IncentiveRewards mock,MyRewards Health Action Incentive,CARE_GAP_COMPLETION,USD
IR-MOCK07107-COPD_SPIROMETRY-20250709,MOCK07107,COPD_SPIROMETRY,2025-07-09,15.0,True,Research-generated IncentiveRewards mock,MyRewards Health Action Incentive,CARE_GAP_COMPLETION,USD
IR-MOCK07113-COPD_SPIROMETRY-20250720,MOCK07113,COPD_SPIROMETRY,2025-07-20,20.0,True,Research-generated IncentiveRewards mock,MyRewards Health Action Incentive,CARE_GAP_COMPLETION,USD
IR-MOCK07119-COPD_SPIROMETRY-20250729,MOCK07119,COPD_SPIROMETRY,2025-07-29,15.0,True,Research-generated IncentiveRewards mock,MyRewards Health Action Incentive,CARE_GAP_COMPLETION,USD
IR-MOCK07125-COPD_SPIROMETRY-20250801,MOCK07125,COPD_SPIROMETRY,2025-08-01,15.0,True,Research-generated IncentiveRewards mock,MyRewards Health Action Incentive,CARE_GAP_COMPLETION,USD
IR-MOCK07137-COPD_SPIROMETRY-20250705,MOCK07137,COPD_SPIROMETRY,2025-07-05,20.0,True,Research-generated IncentiveRewards mock,MyRewards Health Action Incentive,CARE_GAP_COMPLETION,USD
IR-MOCK07143-COPD_SPIROMETRY-20250703,MOCK07143,COPD_SPIROMETRY,2025-07-03,20.0,True,Research-generated IncentiveRewards mock,MyRewards Health Action Incentive,CARE_GAP_COMPLETION,USD
IR-MOCK07149-COPD_SPIROMETRY-20250804,MOCK07149,COPD_SPIROMETRY,2025-08-04,15.0,True,Research-generated IncentiveRewards mock,MyRewards Health Action Incentive,CARE_GAP_COMPLETION,USD
IR-MOCK07155-COPD_SPIROMETRY-20250725,MOCK07155,COPD_SPIROMETRY,2025-07-25,20.0,True,Research-generated IncentiveRewards mock,MyRewards Health Action Incentive,CARE_GAP_COMPLETION,USD
IR-MOCK07161-COPD_SPIROMETRY-20250720,MOCK07161,COPD_SPIROMETRY,2025-07-20,20.0,True,Research-generated IncentiveRewards mock,MyRewards Health Action Incentive,CARE_GAP_COMPLETION,USD
IR-MOCK07167-COPD_SPIROMETRY-20250730,MOCK07167,COPD_SPIROMETRY,2025-07-30,15.0,True,Research-generated IncentiveRewards mock,MyRewards Health Action Incentive,CARE_GAP_COMPLETION,USD
IR-MOCK07173-COPD_SPIROMETRY-20250722,MOCK07173,COPD_SPIROMETRY,2025-07-22,20.0,True,Research-generated IncentiveRewards mock,MyRewards Health Action Incentive,CARE_GAP_COMPLETION,USD
IR-MOCK07179-COPD_SPIROMETRY-20250709,MOCK07179,COPD_SPIROMETRY,2025-07-09,15.0,True,Research-generated IncentiveRewards mock,MyRewards Health Action Incentive,CARE_GAP_COMPLETION,USD
IR-MOCK07191-COPD_SPIROMETRY-20250727,MOCK07191,COPD_SPIROMETRY,2025-07-27,15.0,True,Research-generated IncentiveRewards mock,MyRewards Health Action Incentive,CARE_GAP_COMPLETION,USD
IR-MOCK07197-COPD_SPIROMETRY-20250701,MOCK07197,COPD_SPIROMETRY,2025-07-01,20.0,True,Research-generated IncentiveRewards mock,MyRewards Health Action Incentive,CARE_GAP_COMPLETION,USD
IR-MOCK07209-COPD_SPIROMETRY-20250719,MOCK07209,COPD_SPIROMETRY,2025-07-19,15.0,True,Research-generated IncentiveRewards mock,MyRewards Health Action Incentive,CARE_GAP_COMPLETION,USD
IR-MOCK07221-COPD_SPIROMETRY-20250710,MOCK07221,COPD_SPIROMETRY,2025-07-10,20.0,True,Research-generated IncentiveRewards mock,MyRewards Health Action Incentive,CARE_GAP_COMPLETION,USD
IR-MOCK07239-COPD_SPIROMETRY-20250711,MOCK07239,COPD_SPIROMETRY,2025-07-11,15.0,True,Research-generated IncentiveRewards mock,MyRewards Health Action Incentive,CARE_GAP_COMPLETION,USD
IR-MOCK07245-COPD_SPIROMETRY-20250725,MOCK07245,COPD_SPIROMETRY,2025-07-25,20.0,True,Research-generated IncentiveRewards mock,MyRewards Health Action Incentive,CARE_GAP_COMPLETION,USD
IR-MOCK07263-COPD_SPIROMETRY-20250731,MOCK07263,COPD_SPIROMETRY,2025-07-31,20.0,True,Research-generated IncentiveRewards mock,MyRewards Health Action Incentive,CARE_GAP_COMPLETION,USD
IR-MOCK07275-COPD_SPIROMETRY-20250714,MOCK07275,COPD_SPIROMETRY,2025-07-14,20.0,True,Research-generated IncentiveRewards mock,MyRewards Health Action Incentive,CARE_GAP_COMPLETION,USD
IR-MOCK07287-COPD_SPIROMETRY-20250805,MOCK07287,COPD_SPIROMETRY,2025-08-05,20.0,True,Research-generated IncentiveRewards mock,MyRewards Health Action Incentive,CARE_GAP_COMPLETION,USD
IR-MOCK07299-COPD_SPIROMETRY-20250731,MOCK07299,COPD_SPIROMETRY,2025-07-31,20.0,True,Research-generated IncentiveRewards mock,MyRewards Health Action Incentive,CARE_GAP_COMPLETION,USD
IR-MOCK07311-COPD_SPIROMETRY-20250712,MOCK07311,COPD_SPIROMETRY,2025-07-12,15.0,True,Research-generated IncentiveRewards mock,MyRewards Health Action Incentive,CARE_GAP_COMPLETION,USD
IR-MOCK07353-COPD_SPIROMETRY-20250708,MOCK07353,COPD_SPIROMETRY,2025-07-08,20.0,True,Research-generated IncentiveRewards mock,MyRewards Health Action Incentive,CARE_GAP_COMPLETION,USD
IR-MOCK07371-COPD_SPIROMETRY-20250802,MOCK07371,COPD_SPIROMETRY,2025-08-02,20.0,True,Research-generated IncentiveRewards mock,MyRewards Health Action Incentive,CARE_GAP_COMPLETION,USD
IR-MOCK07377-COPD_SPIROMETRY-20250803,MOCK07377,COPD_SPIROMETRY,2025-08-03,20.0,True,Research-generated IncentiveRewards mock,MyRewards Health Action Incentive,CARE_GAP_COMPLETION,USD
IR-MOCK07407-COPD_SPIROMETRY-20250713,MOCK07407,COPD_SPIROMETRY,2025-07-13,20.0,True,Research-generated IncentiveRewards mock,MyRewards Health Action Incentive,CARE_GAP_COMPLETION,USD
IR-MOCK07467-COPD_SPIROMETRY-20250707,MOCK07467,COPD_SPIROMETRY,2025-07-07,15.0,True,Research-generated IncentiveRewards mock,MyRewards Health Action Incentive,CARE_GAP_COMPLETION,USD
IR-MOCK07473-COPD_SPIROMETRY-20250807,MOCK07473,COPD_SPIROMETRY,2025-08-07,15.0,True,Research-generated IncentiveRewards mock,MyRewards Health Action Incentive,CARE_GAP_COMPLETION,USD
IR-MOCK07503-COPD_SPIROMETRY-20250702,MOCK07503,COPD_SPIROMETRY,2025-07-02,15.0,True,Research-generated IncentiveRewards mock,MyRewards Health Action Incentive,CARE_GAP_COMPLETION,USD
IR-MOCK07509-COPD_SPIROMETRY-20250715,MOCK07509,COPD_SPIROMETRY,2025-07-15,20.0,True,Research-generated IncentiveRewards mock,MyRewards Health Action Incentive,CARE_GAP_COMPLETION,USD
IR-MOCK07527-COPD_SPIROMETRY-20250720,MOCK07527,COPD_SPIROMETRY,2025-07-20,20.0,True,Research-generated IncentiveRewards mock,MyRewards Health Action Incentive,CARE_GAP_COMPLETION,USD
IR-MOCK07533-COPD_SPIROMETRY-20250705,MOCK07533,COPD_SPIROMETRY,2025-07-05,15.0,True,Research-generated IncentiveRewards mock,MyRewards Health Action Incentive,CARE_GAP_COMPLETION,USD
IR-MOCK07539-COPD_SPIROMETRY-20250705,MOCK07539,COPD_SPIROMETRY,2025-07-05,20.0,True,Research-generated IncentiveRewards mock,MyRewards Health Action Incentive,CARE_GAP_COMPLETION,USD
IR-MOCK07557-COPD_SPIROMETRY-20250710,MOCK07557,COPD_SPIROMETRY,2025-07-10,15.0,True,Research-generated IncentiveRewards mock,MyRewards Health Action Incentive,CARE_GAP_COMPLETION,USD
IR-MOCK07563-COPD_SPIROMETRY-20250805,MOCK07563,COPD_SPIROMETRY,2025-08-05,20.0,True,Research-generated IncentiveRewards mock,MyRewards Health Action Incentive,CARE_GAP_COMPLETION,USD
IR-MOCK07587-COPD_SPIROMETRY-20250716,MOCK07587,COPD_SPIROMETRY,2025-07-16,20.0,True,Research-generated IncentiveRewards mock,MyRewards Health Action Incentive,CARE_GAP_COMPLETION,USD
IR-MOCK07593-COPD_SPIROMETRY-20250719,MOCK07593,COPD_SPIROMETRY,2025-07-19,20.0,True,Research-generated IncentiveRewards mock,MyRewards Health Action Incentive,CARE_GAP_COMPLETION,USD
IR-MOCK07599-COPD_SPIROMETRY-20250725,MOCK07599,COPD_SPIROMETRY,2025-07-25,20.0,True,Research-generated IncentiveRewards mock,MyRewards Health Action Incentive,CARE_GAP_COMPLETION,USD
IR-MOCK07611-COPD_SPIROMETRY-20250707,MOCK07611,COPD_SPIROMETRY,2025-07-07,20.0,True,Research-generated IncentiveRewards mock,MyRewards Health Action Incentive,CARE_GAP_COMPLETION,USD
IR-MOCK07635-COPD_SPIROMETRY-20250724,MOCK07635,COPD_SPIROMETRY,2025-07-24,20.0,True,Research-generated IncentiveRewards mock,MyRewards Health Action Incentive,CARE_GAP_COMPLETION,USD
IR-MOCK07641-COPD_SPIROMETRY-20250806,MOCK07641,COPD_SPIROMETRY,2025-08-06,20.0,True,Research-generated IncentiveRewards mock,MyRewards Health Action Incentive,CARE_GAP_COMPLETION,USD
IR-MOCK07653-COPD_SPIROMETRY-20250705,MOCK07653,COPD_SPIROMETRY,2025-07-05,20.0,True,Research-generated IncentiveRewards mock,MyRewards Health Action Incentive,CARE_GAP_COMPLETION,USD
IR-MOCK07665-COPD_SPIROMETRY-20250720,MOCK07665,COPD_SPIROMETRY,2025-07-20,15.0,True,Research-generated IncentiveRewards mock,MyRewards Health Action Incentive,CARE_GAP_COMPLETION,USD
IR-MOCK07683-COPD_SPIROMETRY-20250722,MOCK07683,COPD_SPIROMETRY,2025-07-22,20.0,True,Research-generated IncentiveRewards mock,MyRewards Health Action Incentive,CARE_GAP_COMPLETION,USD
IR-MOCK07707-COPD_SPIROMETRY-20250804,MOCK07707,COPD_SPIROMETRY,2025-08-04,20.0,True,Research-generated IncentiveRewards mock,MyRewards Health Action Incentive,CARE_GAP_COMPLETION,USD
IR-MOCK07713-COPD_SPIROMETRY-20250702,MOCK07713,COPD_SPIROMETRY,2025-07-02,20.0,True,Research-generated IncentiveRewards mock,MyRewards Health Action Incentive,CARE_GAP_COMPLETION,USD
IR-MOCK07725-COPD_SPIROMETRY-20250705,MOCK07725,COPD_SPIROMETRY,2025-07-05,15.0,True,Research-generated IncentiveRewards mock,MyRewards Health Action Incentive,CARE_GAP_COMPLETION,USD
IR-MOCK07737-COPD_SPIROMETRY-20250719,MOCK07737,COPD_SPIROMETRY,2025-07-19,20.0,True,Research-generated IncentiveRewards mock,MyRewards Health Action Incentive,CARE_GAP_COMPLETION,USD
IR-MOCK07749-COPD_SPIROMETRY-20250725,MOCK07749,COPD_SPIROMETRY,2025-07-25,20.0,True,Research-generated IncentiveRewards mock,MyRewards Health Action Incentive,CARE_GAP_COMPLETION,USD
IR-MOCK07761-COPD_SPIROMETRY-20250703,MOCK07761,COPD_SPIROMETRY,2025-07-03,15.0,True,Research-generated IncentiveRewards mock,MyRewards Health Action Incentive,CARE_GAP_COMPLETION,USD
IR-MOCK07767-COPD_SPIROMETRY-20250723,MOCK07767,COPD_SPIROMETRY,2025-07-23,15.0,True,Research-generated IncentiveRewards mock,MyRewards Health Action Incentive,CARE_GAP_COMPLETION,USD
IR-MOCK07773-COPD_SPIROMETRY-20250717,MOCK07773,COPD_SPIROMETRY,2025-07-17,15.0,True,Research-generated IncentiveRewards mock,MyRewards Health Action Incentive,CARE_GAP_COMPLETION,USD
IR-MOCK07785-COPD_SPIROMETRY-20250722,MOCK07785,COPD_SPIROMETRY,2025-07-22,20.0,True,Research-generated IncentiveRewards mock,MyRewards Health Action Incentive,CARE_GAP_COMPLETION,USD
IR-MOCK07797-COPD_SPIROMETRY-20250709,MOCK07797,COPD_SPIROMETRY,2025-07-09,20.0,True,Research-generated IncentiveRewards mock,MyRewards Health Action Incentive,CARE_GAP_COMPLETION,USD
IR-MOCK07815-COPD_SPIROMETRY-20250708,MOCK07815,COPD_SPIROMETRY,2025-07-08,20.0,True,Research-generated IncentiveRewards mock,MyRewards Health Action Incentive,CARE_GAP_COMPLETION,USD
IR-MOCK07821-COPD_SPIROMETRY-20250702,MOCK07821,COPD_SPIROMETRY,2025-07-02,15.0,True,Research-generated IncentiveRewards mock,MyRewards Health Action Incentive,CARE_GAP_COMPLETION,USD
IR-MOCK07827-COPD_SPIROMETRY-20250716,MOCK07827,COPD_SPIROMETRY,2025-07-16,15.0,True,Research-generated IncentiveRewards mock,MyRewards Health Action Incentive,CARE_GAP_COMPLETION,USD
IR-MOCK07845-COPD_SPIROMETRY-20250718,MOCK07845,COPD_SPIROMETRY,2025-07-18,20.0,True,Research-generated IncentiveRewards mock,MyRewards Health Action Incentive,CARE_GAP_COMPLETION,USD
IR-MOCK07893-COPD_SPIROMETRY-20250716,MOCK07893,COPD_SPIROMETRY,2025-07-16,20.0,True,Research-generated IncentiveRewards mock,MyRewards Health Action Incentive,CARE_GAP_COMPLETION,USD
IR-MOCK07917-COPD_SPIROMETRY-20250712,MOCK07917,COPD_SPIROMETRY,2025-07-12,15.0,True,Research-generated IncentiveRewards mock,MyRewards Health Action Incentive,CARE_GAP_COMPLETION,USD
IR-MOCK07929-COPD_SPIROMETRY-20250709,MOCK07929,COPD_SPIROMETRY,2025-07-09,15.0,True,Research-generated IncentiveRewards mock,MyRewards Health Action Incentive,CARE_GAP_COMPLETION,USD
IR-MOCK07941-COPD_SPIROMETRY-20250630,MOCK07941,COPD_SPIROMETRY,2025-06-30,15.0,True,Research-generated IncentiveRewards mock,MyRewards Health Action Incentive,CARE_GAP_COMPLETION,USD
IR-MOCK07953-COPD_SPIROMETRY-20250703,MOCK07953,COPD_SPIROMETRY,2025-07-03,20.0,True,Research-generated IncentiveRewards mock,MyRewards Health Action Incentive,CARE_GAP_COMPLETION,USD
IR-MOCK07959-COPD_SPIROMETRY-20250802,MOCK07959,COPD_SPIROMETRY,2025-08-02,20.0,True,Research-generated IncentiveRewards mock,MyRewards Health Action Incentive,CARE_GAP_COMPLETION,USD
IR-MOCK07965-COPD_SPIROMETRY-20250717,MOCK07965,COPD_SPIROMETRY,2025-07-17,20.0,True,Research-generated IncentiveRewards mock,MyRewards Health Action Incentive,CARE_GAP_COMPLETION,USD
IR-MOCK07971-COPD_SPIROMETRY-20250728,MOCK07971,COPD_SPIROMETRY,2025-07-28,15.0,True,Research-generated IncentiveRewards mock,MyRewards Health Action Incentive,CARE_GAP_COMPLETION,USD
IR-MOCK07977-COPD_SPIROMETRY-20250713,MOCK07977,COPD_SPIROMETRY,2025-07-13,20.0,True,Research-generated IncentiveRewards mock,MyRewards Health Action Incentive,CARE_GAP_COMPLETION,USD
IR-MOCK08007-COPD_SPIROMETRY-20250710,MOCK08007,COPD_SPIROMETRY,2025-07-10,20.0,True,Research-generated IncentiveRewards mock,MyRewards Health Action Incentive,CARE_GAP_COMPLETION,USD
IR-MOCK08025-COPD_SPIROMETRY-20250802,MOCK08025,COPD_SPIROMETRY,2025-08-02,20.0,True,Research-generated IncentiveRewards mock,MyRewards Health Action Incentive,CARE_GAP_COMPLETION,USD
IR-MOCK08055-COPD_SPIROMETRY-20250722,MOCK08055,COPD_SPIROMETRY,2025-07-22,20.0,True,Research-generated IncentiveRewards mock,MyRewards Health Action Incentive,CARE_GAP_COMPLETION,USD
IR-MOCK08067-COPD_SPIROMETRY-20250702,MOCK08067,COPD_SPIROMETRY,2025-07-02,15.0,True,Research-generated IncentiveRewards mock,MyRewards Health Action Incentive,CARE_GAP_COMPLETION,USD
IR-MOCK08079-COPD_SPIROMETRY-20250731,MOCK08079,COPD_SPIROMETRY,2025-07-31,20.0,True,Research-generated IncentiveRewards mock,MyRewards Health Action Incentive,CARE_GAP_COMPLETION,USD
IR-MOCK08097-COPD_SPIROMETRY-20250706,MOCK08097,COPD_SPIROMETRY,2025-07-06,15.0,True,Research-generated IncentiveRewards mock,MyRewards Health Action Incentive,CARE_GAP_COMPLETION,USD
IR-MOCK08103-COPD_SPIROMETRY-20250709,MOCK08103,COPD_SPIROMETRY,2025-07-09,20.0,True,Research-generated IncentiveRewards mock,MyRewards Health Action Incentive,CARE_GAP_COMPLETION,USD
IR-MOCK08109-COPD_SPIROMETRY-20250723,MOCK08109,COPD_SPIROMETRY,2025-07-23,20.0,True,Research-generated IncentiveRewards mock,MyRewards Health Action Incentive,CARE_GAP_COMPLETION,USD
IR-MOCK08127-COPD_SPIROMETRY-20250807,MOCK08127,COPD_SPIROMETRY,2025-08-07,15.0,True,Research-generated IncentiveRewards mock,MyRewards Health Action Incentive,CARE_GAP_COMPLETION,USD
IR-MOCK08157-COPD_SPIROMETRY-20250701,MOCK08157,COPD_SPIROMETRY,2025-07-01,20.0,True,Research-generated IncentiveRewards mock,MyRewards Health Action Incentive,CARE_GAP_COMPLETION,USD
IR-MOCK08163-COPD_SPIROMETRY-20250716,MOCK08163,COPD_SPIROMETRY,2025-07-16,15.0,True,Research-generated IncentiveRewards mock,MyRewards Health Action Incentive,CARE_GAP_COMPLETION,USD
IR-MOCK08169-COPD_SPIROMETRY-20250722,MOCK08169,COPD_SPIROMETRY,2025-07-22,20.0,True,Research-generated IncentiveRewards mock,MyRewards Health Action Incentive,CARE_GAP_COMPLETION,USD
IR-MOCK08175-COPD_SPIROMETRY-20250709,MOCK08175,COPD_SPIROMETRY,2025-07-09,20.0,True,Research-generated IncentiveRewards mock,MyRewards Health Action Incentive,CARE_GAP_COMPLETION,USD
IR-MOCK08193-COPD_SPIROMETRY-20250709,MOCK08193,COPD_SPIROMETRY,2025-07-09,20.0,True,Research-generated IncentiveRewards mock,MyRewards Health Action Incentive,CARE_GAP_COMPLETION,USD
IR-MOCK08205-COPD_SPIROMETRY-20250717,MOCK08205,COPD_SPIROMETRY,2025-07-17,15.0,True,Research-generated IncentiveRewards mock,MyRewards Health Action Incentive,CARE_GAP_COMPLETION,USD
IR-MOCK08211-COPD_SPIROMETRY-20250806,MOCK08211,COPD_SPIROMETRY,2025-08-06,20.0,True,Research-generated IncentiveRewards mock,MyRewards Health Action Incentive,CARE_GAP_COMPLETION,USD
IR-MOCK08235-COPD_SPIROMETRY-20250803,MOCK08235,COPD_SPIROMETRY,2025-08-03,15.0,True,Research-generated IncentiveRewards mock,MyRewards Health Action Incentive,CARE_GAP_COMPLETION,USD
IR-MOCK08241-COPD_SPIROMETRY-20250708,MOCK08241,COPD_SPIROMETRY,2025-07-08,15.0,True,Research-generated IncentiveRewards mock,MyRewards Health Action Incentive,CARE_GAP_COMPLETION,USD
IR-MOCK08247-COPD_SPIROMETRY-20250807,MOCK08247,COPD_SPIROMETRY,2025-08-07,15.0,True,Research-generated IncentiveRewards mock,MyRewards Health Action Incentive,CARE_GAP_COMPLETION,USD
IR-MOCK08259-COPD_SPIROMETRY-20250716,MOCK08259,COPD_SPIROMETRY,2025-07-16,15.0,True,Research-generated IncentiveRewards mock,MyRewards Health Action Incentive,CARE_GAP_COMPLETION,USD
IR-MOCK08271-COPD_SPIROMETRY-20250716,MOCK08271,COPD_SPIROMETRY,2025-07-16,15.0,True,Research-generated IncentiveRewards mock,MyRewards Health Action Incentive,CARE_GAP_COMPLETION,USD
IR-MOCK08283-COPD_SPIROMETRY-20250728,MOCK08283,COPD_SPIROMETRY,2025-07-28,20.0,True,Research-generated IncentiveRewards mock,MyRewards Health Action Incentive,CARE_GAP_COMPLETION,USD
IR-MOCK08319-COPD_SPIROMETRY-20250727,MOCK08319,COPD_SPIROMETRY,2025-07-27,15.0,True,Research-generated IncentiveRewards mock,MyRewards Health Action Incentive,CARE_GAP_COMPLETION,USD
IR-MOCK08349-COPD_SPIROMETRY-20250804,MOCK08349,COPD_SPIROMETRY,2025-08-04,15.0,True,Research-generated IncentiveRewards mock,MyRewards Health Action Incentive,CARE_GAP_COMPLETION,USD
IR-MOCK08361-COPD_SPIROMETRY-20250719,MOCK08361,COPD_SPIROMETRY,2025-07-19,20.0,True,Research-generated IncentiveRewards mock,MyRewards Health Action Incentive,CARE_GAP_COMPLETION,USD
IR-MOCK08367-COPD_SPIROMETRY-20250707,MOCK08367,COPD_SPIROMETRY,2025-07-07,20.0,True,Research-generated IncentiveRewards mock,MyRewards Health Action Incentive,CARE_GAP_COMPLETION,USD
IR-MOCK08373-COPD_SPIROMETRY-20250713,MOCK08373,COPD_SPIROMETRY,2025-07-13,15.0,True,Research-generated IncentiveRewards mock,MyRewards Health Action Incentive,CARE_GAP_COMPLETION,USD
IR-MOCK08385-COPD_SPIROMETRY-20250724,MOCK08385,COPD_SPIROMETRY,2025-07-24,20.0,True,Research-generated IncentiveRewards mock,MyRewards Health Action Incentive,CARE_GAP_COMPLETION,USD
IR-MOCK08409-COPD_SPIROMETRY-20250704,MOCK08409,COPD_SPIROMETRY,2025-07-04,20.0,True,Research-generated IncentiveRewards mock,MyRewards Health Action Incentive,CARE_GAP_COMPLETION,USD
IR-MOCK08421-COPD_SPIROMETRY-20250715,MOCK08421,COPD_SPIROMETRY,2025-07-15,20.0,True,Research-generated IncentiveRewards mock,MyRewards Health Action Incentive,CARE_GAP_COMPLETION,USD
IR-MOCK08427-COPD_SPIROMETRY-20250725,MOCK08427,COPD_SPIROMETRY,2025-07-25,20.0,True,Research-generated IncentiveRewards mock,MyRewards Health Action Incentive,CARE_GAP_COMPLETION,USD
IR-MOCK08439-COPD_SPIROMETRY-20250801,MOCK08439,COPD_SPIROMETRY,2025-08-01,20.0,True,Research-generated IncentiveRewards mock,MyRewards Health Action Incentive,CARE_GAP_COMPLETION,USD
IR-MOCK08451-COPD_SPIROMETRY-20250720,MOCK08451,COPD_SPIROMETRY,2025-07-20,20.0,True,Research-generated IncentiveRewards mock,MyRewards Health Action Incentive,CARE_GAP_COMPLETION,USD
IR-MOCK08463-COPD_SPIROMETRY-20250701,MOCK08463,COPD_SPIROMETRY,2025-07-01,20.0,True,Research-generated IncentiveRewards mock,MyRewards Health Action Incentive,CARE_GAP_COMPLETION,USD
IR-MOCK08481-COPD_SPIROMETRY-20250717,MOCK08481,COPD_SPIROMETRY,2025-07-17,20.0,True,Research-generated IncentiveRewards mock,MyRewards Health Action Incentive,CARE_GAP_COMPLETION,USD
IR-MOCK08493-COPD_SPIROMETRY-20250729,MOCK08493,COPD_SPIROMETRY,2025-07-29,20.0,True,Research-generated IncentiveRewards mock,MyRewards Health Action Incentive,CARE_GAP_COMPLETION,USD
IR-MOCK08517-COPD_SPIROMETRY-20250805,MOCK08517,COPD_SPIROMETRY,2025-08-05,15.0,True,Research-generated IncentiveRewards mock,MyRewards Health Action Incentive,CARE_GAP_COMPLETION,USD
IR-MOCK08541-COPD_SPIROMETRY-20250710,MOCK08541,COPD_SPIROMETRY,2025-07-10,15.0,True,Research-generated IncentiveRewards mock,MyRewards Health Action Incentive,CARE_GAP_COMPLETION,USD
IR-MOCK08547-COPD_SPIROMETRY-20250725,MOCK08547,COPD_SPIROMETRY,2025-07-25,15.0,True,Research-generated IncentiveRewards mock,MyRewards Health Action Incentive,CARE_GAP_COMPLETION,USD
IR-MOCK08595-COPD_SPIROMETRY-20250717,MOCK08595,COPD_SPIROMETRY,2025-07-17,20.0,True,Research-generated IncentiveRewards mock,MyRewards Health Action Incentive,CARE_GAP_COMPLETION,USD
IR-MOCK08607-COPD_SPIROMETRY-20250707,MOCK08607,COPD_SPIROMETRY,2025-07-07,15.0,True,Research-generated IncentiveRewards mock,MyRewards Health Action Incentive,CARE_GAP_COMPLETION,USD
IR-MOCK08631-COPD_SPIROMETRY-20250719,MOCK08631,COPD_SPIROMETRY,2025-07-19,20.0,True,Research-generated IncentiveRewards mock,MyRewards Health Action Incentive,CARE_GAP_COMPLETION,USD
IR-MOCK08643-COPD_SPIROMETRY-20250725,MOCK08643,COPD_SPIROMETRY,2025-07-25,15.0,True,Research-generated IncentiveRewards mock,MyRewards Health Action Incentive,CARE_GAP_COMPLETION,USD
IR-MOCK08649-COPD_SPIROMETRY-20250801,MOCK08649,COPD_SPIROMETRY,2025-08-01,20.0,True,Research-generated IncentiveRewards mock,MyRewards Health Action Incentive,CARE_GAP_COMPLETION,USD
IR-MOCK08667-COPD_SPIROMETRY-20250707,MOCK08667,COPD_SPIROMETRY,2025-07-07,20.0,True,Research-generated IncentiveRewards mock,MyRewards Health Action Incentive,CARE_GAP_COMPLETION,USD
IR-MOCK08679-COPD_SPIROMETRY-20250712,MOCK08679,COPD_SPIROMETRY,2025-07-12,20.0,True,Research-generated IncentiveRewards mock,MyRewards Health Action Incentive,CARE_GAP_COMPLETION,USD
IR-MOCK08721-COPD_SPIROMETRY-20250806,MOCK08721,COPD_SPIROMETRY,2025-08-06,20.0,True,Research-generated IncentiveRewards mock,MyRewards Health Action Incentive,CARE_GAP_COMPLETION,USD
IR-MOCK08727-COPD_SPIROMETRY-20250728,MOCK08727,COPD_SPIROMETRY,2025-07-28,20.0,True,Research-generated IncentiveRewards mock,MyRewards Health Action Incentive,CARE_GAP_COMPLETION,USD
IR-MOCK08739-COPD_SPIROMETRY-20250729,MOCK08739,COPD_SPIROMETRY,2025-07-29,20.0,True,Research-generated IncentiveRewards mock,MyRewards Health Action Incentive,CARE_GAP_COMPLETION,USD
IR-MOCK08751-COPD_SPIROMETRY-20250717,MOCK08751,COPD_SPIROMETRY,2025-07-17,15.0,True,Research-generated IncentiveRewards mock,MyRewards Health Action Incentive,CARE_GAP_COMPLETION,USD
IR-MOCK08781-COPD_SPIROMETRY-20250730,MOCK08781,COPD_SPIROMETRY,2025-07-30,20.0,True,Research-generated IncentiveRewards mock,MyRewards Health Action Incentive,CARE_GAP_COMPLETION,USD
IR-MOCK08793-COPD_SPIROMETRY-20250710,MOCK08793,COPD_SPIROMETRY,2025-07-10,20.0,True,Research-generated IncentiveRewards mock,MyRewards Health Action Incentive,CARE_GAP_COMPLETION,USD
IR-MOCK08811-COPD_SPIROMETRY-20250731,MOCK08811,COPD_SPIROMETRY,2025-07-31,20.0,True,Research-generated IncentiveRewards mock,MyRewards Health Action Incentive,CARE_GAP_COMPLETION,USD
IR-MOCK08817-COPD_SPIROMETRY-20250804,MOCK08817,COPD_SPIROMETRY,2025-08-04,20.0,True,Research-generated IncentiveRewards mock,MyRewards Health Action Incentive,CARE_GAP_COMPLETION,USD
IR-MOCK08823-COPD_SPIROMETRY-20250803,MOCK08823,COPD_SPIROMETRY,2025-08-03,20.0,True,Research-generated IncentiveRewards mock,MyRewards Health Action Incentive,CARE_GAP_COMPLETION,USD
IR-MOCK08829-COPD_SPIROMETRY-20250707,MOCK08829,COPD_SPIROMETRY,2025-07-07,15.0,True,Research-generated IncentiveRewards mock,MyRewards Health Action Incentive,CARE_GAP_COMPLETION,USD
IR-MOCK08841-COPD_SPIROMETRY-20250715,MOCK08841,COPD_SPIROMETRY,2025-07-15,20.0,True,Research-generated IncentiveRewards mock,MyRewards Health Action Incentive,CARE_GAP_COMPLETION,USD
IR-MOCK08871-COPD_SPIROMETRY-20250807,MOCK08871,COPD_SPIROMETRY,2025-08-07,20.0,True,Research-generated IncentiveRewards mock,MyRewards Health Action Incentive,CARE_GAP_COMPLETION,USD
IR-MOCK08895-COPD_SPIROMETRY-20250731,MOCK08895,COPD_SPIROMETRY,2025-07-31,15.0,True,Research-generated IncentiveRewards mock,MyRewards Health Action Incentive,CARE_GAP_COMPLETION,USD
IR-MOCK08901-COPD_SPIROMETRY-20250715,MOCK08901,COPD_SPIROMETRY,2025-07-15,15.0,True,Research-generated IncentiveRewards mock,MyRewards Health Action Incentive,CARE_GAP_COMPLETION,USD
IR-MOCK08919-COPD_SPIROMETRY-20250716,MOCK08919,COPD_SPIROMETRY,2025-07-16,15.0,True,Research-generated IncentiveRewards mock,MyRewards Health Action Incentive,CARE_GAP_COMPLETION,USD
IR-MOCK08931-COPD_SPIROMETRY-20250702,MOCK08931,COPD_SPIROMETRY,2025-07-02,15.0,True,Research-generated IncentiveRewards mock,MyRewards Health Action Incentive,CARE_GAP_COMPLETION,USD
IR-MOCK08943-COPD_SPIROMETRY-20250805,MOCK08943,COPD_SPIROMETRY,2025-08-05,20.0,True,Research-generated IncentiveRewards mock,MyRewards Health Action Incentive,CARE_GAP_COMPLETION,USD
IR-MOCK08949-COPD_SPIROMETRY-20250717,MOCK08949,COPD_SPIROMETRY,2025-07-17,20.0,True,Research-generated IncentiveRewards mock,MyRewards Health Action Incentive,CARE_GAP_COMPLETION,USD
IR-MOCK08955-COPD_SPIROMETRY-20250706,MOCK08955,COPD_SPIROMETRY,2025-07-06,15.0,False,Research-generated IncentiveRewards mock,MyRewards Health Action Incentive,CARE_GAP_COMPLETION,USD
IR-MOCK08961-COPD_SPIROMETRY-20250714,MOCK08961,COPD_SPIROMETRY,2025-07-14,20.0,True,Research-generated IncentiveRewards mock,MyRewards Health Action Incentive,CARE_GAP_COMPLETION,USD
IR-MOCK08973-COPD_SPIROMETRY-20250710,MOCK08973,COPD_SPIROMETRY,2025-07-10,20.0,True,Research-generated IncentiveRewards mock,MyRewards Health Action Incentive,CARE_GAP_COMPLETION,USD
IR-MOCK09003-COPD_SPIROMETRY-20250718,MOCK09003,COPD_SPIROMETRY,2025-07-18,15.0,True,Research-generated IncentiveRewards mock,MyRewards Health Action Incentive,CARE_GAP_COMPLETION,USD
IR-MOCK09009-COPD_SPIROMETRY-20250721,MOCK09009,COPD_SPIROMETRY,2025-07-21,20.0,True,Research-generated IncentiveRewards mock,MyRewards Health Action Incentive,CARE_GAP_COMPLETION,USD
IR-MOCK09051-COPD_SPIROMETRY-20250705,MOCK09051,COPD_SPIROMETRY,2025-07-05,15.0,True,Research-generated IncentiveRewards mock,MyRewards Health Action Incentive,CARE_GAP_COMPLETION,USD
IR-MOCK09075-COPD_SPIROMETRY-20250718,MOCK09075,COPD_SPIROMETRY,2025-07-18,20.0,True,Research-generated IncentiveRewards mock,MyRewards Health Action Incentive,CARE_GAP_COMPLETION,USD
IR-MOCK09081-COPD_SPIROMETRY-20250703,MOCK09081,COPD_SPIROMETRY,2025-07-03,20.0,True,Research-generated IncentiveRewards mock,MyRewards Health Action Incentive,CARE_GAP_COMPLETION,USD
IR-MOCK09087-COPD_SPIROMETRY-20250729,MOCK09087,COPD_SPIROMETRY,2025-07-29,20.0,True,Research-generated IncentiveRewards mock,MyRewards Health Action Incentive,CARE_GAP_COMPLETION,USD
IR-MOCK09093-COPD_SPIROMETRY-20250729,MOCK09093,COPD_SPIROMETRY,2025-07-29,20.0,True,Research-generated IncentiveRewards mock,MyRewards Health Action Incentive,CARE_GAP_COMPLETION,USD
IR-MOCK09111-COPD_SPIROMETRY-20250717,MOCK09111,COPD_SPIROMETRY,2025-07-17,15.0,True,Research-generated IncentiveRewards mock,MyRewards Health Action Incentive,CARE_GAP_COMPLETION,USD
IR-MOCK09123-COPD_SPIROMETRY-20250705,MOCK09123,COPD_SPIROMETRY,2025-07-05,20.0,True,Research-generated IncentiveRewards mock,MyRewards Health Action Incentive,CARE_GAP_COMPLETION,USD
IR-MOCK09135-COPD_SPIROMETRY-20250707,MOCK09135,COPD_SPIROMETRY,2025-07-07,20.0,True,Research-generated IncentiveRewards mock,MyRewards Health Action Incentive,CARE_GAP_COMPLETION,USD
IR-MOCK09165-COPD_SPIROMETRY-20250724,MOCK09165,COPD_SPIROMETRY,2025-07-24,20.0,True,Research-generated IncentiveRewards mock,MyRewards Health Action Incentive,CARE_GAP_COMPLETION,USD
IR-MOCK09177-COPD_SPIROMETRY-20250726,MOCK09177,COPD_SPIROMETRY,2025-07-26,15.0,True,Research-generated IncentiveRewards mock,MyRewards Health Action Incentive,CARE_GAP_COMPLETION,USD
IR-MOCK09207-COPD_SPIROMETRY-20250722,MOCK09207,COPD_SPIROMETRY,2025-07-22,15.0,True,Research-generated IncentiveRewards mock,MyRewards Health Action Incentive,CARE_GAP_COMPLETION,USD
IR-MOCK09219-COPD_SPIROMETRY-20250717,MOCK09219,COPD_SPIROMETRY,2025-07-17,20.0,True,Research-generated IncentiveRewards mock,MyRewards Health Action Incentive,CARE_GAP_COMPLETION,USD
IR-MOCK09255-COPD_SPIROMETRY-20250726,MOCK09255,COPD_SPIROMETRY,2025-07-26,20.0,True,Research-generated IncentiveRewards mock,MyRewards Health Action Incentive,CARE_GAP_COMPLETION,USD
IR-MOCK09273-COPD_SPIROMETRY-20250727,MOCK09273,COPD_SPIROMETRY,2025-07-27,20.0,True,Research-generated IncentiveRewards mock,MyRewards Health Action Incentive,CARE_GAP_COMPLETION,USD
IR-MOCK09279-COPD_SPIROMETRY-20250701,MOCK09279,COPD_SPIROMETRY,2025-07-01,15.0,True,Research-generated IncentiveRewards mock,MyRewards Health Action Incentive,CARE_GAP_COMPLETION,USD
IR-MOCK09285-COPD_SPIROMETRY-20250728,MOCK09285,COPD_SPIROMETRY,2025-07-28,15.0,True,Research-generated IncentiveRewards mock,MyRewards Health Action Incentive,CARE_GAP_COMPLETION,USD
IR-MOCK09309-COPD_SPIROMETRY-20250720,MOCK09309,COPD_SPIROMETRY,2025-07-20,20.0,True,Research-generated IncentiveRewards mock,MyRewards Health Action Incentive,CARE_GAP_COMPLETION,USD
IR-MOCK09315-COPD_SPIROMETRY-20250712,MOCK09315,COPD_SPIROMETRY,2025-07-12,15.0,True,Research-generated IncentiveRewards mock,MyRewards Health Action Incentive,CARE_GAP_COMPLETION,USD
IR-MOCK09327-COPD_SPIROMETRY-20250724,MOCK09327,COPD_SPIROMETRY,2025-07-24,20.0,True,Research-generated IncentiveRewards mock,MyRewards Health Action Incentive,CARE_GAP_COMPLETION,USD
IR-MOCK09333-COPD_SPIROMETRY-20250801,MOCK09333,COPD_SPIROMETRY,2025-08-01,15.0,True,Research-generated IncentiveRewards mock,MyRewards Health Action Incentive,CARE_GAP_COMPLETION,USD
IR-MOCK09339-COPD_SPIROMETRY-20250803,MOCK09339,COPD_SPIROMETRY,2025-08-03,20.0,True,Research-generated IncentiveRewards mock,MyRewards Health Action Incentive,CARE_GAP_COMPLETION,USD
IR-MOCK09345-COPD_SPIROMETRY-20250730,MOCK09345,COPD_SPIROMETRY,2025-07-30,20.0,True,Research-generated IncentiveRewards mock,MyRewards Health Action Incentive,CARE_GAP_COMPLETION,USD
IR-MOCK09351-COPD_SPIROMETRY-20250723,MOCK09351,COPD_SPIROMETRY,2025-07-23,20.0,True,Research-generated IncentiveRewards mock,MyRewards Health Action Incentive,CARE_GAP_COMPLETION,USD
IR-MOCK09363-COPD_SPIROMETRY-20250713,MOCK09363,COPD_SPIROMETRY,2025-07-13,15.0,True,Research-generated IncentiveRewards mock,MyRewards Health Action Incentive,CARE_GAP_COMPLETION,USD
IR-MOCK09369-COPD_SPIROMETRY-20250729,MOCK09369,COPD_SPIROMETRY,2025-07-29,20.0,True,Research-generated IncentiveRewards mock,MyRewards Health Action Incentive,CARE_GAP_COMPLETION,USD
IR-MOCK09435-COPD_SPIROMETRY-20250727,MOCK09435,COPD_SPIROMETRY,2025-07-27,20.0,True,Research-generated IncentiveRewards mock,MyRewards Health Action Incentive,CARE_GAP_COMPLETION,USD
IR-MOCK09441-COPD_SPIROMETRY-20250806,MOCK09441,COPD_SPIROMETRY,2025-08-06,15.0,True,Research-generated IncentiveRewards mock,MyRewards Health Action Incentive,CARE_GAP_COMPLETION,USD
IR-MOCK09447-COPD_SPIROMETRY-20250721,MOCK09447,COPD_SPIROMETRY,2025-07-21,20.0,True,Research-generated IncentiveRewards mock,MyRewards Health Action Incentive,CARE_GAP_COMPLETION,USD
IR-MOCK09453-COPD_SPIROMETRY-20250731,MOCK09453,COPD_SPIROMETRY,2025-07-31,20.0,True,Research-generated IncentiveRewards mock,MyRewards Health Action Incentive,CARE_GAP_COMPLETION,USD
IR-MOCK09471-COPD_SPIROMETRY-20250715,MOCK09471,COPD_SPIROMETRY,2025-07-15,20.0,True,Research-generated IncentiveRewards mock,MyRewards Health Action Incentive,CARE_GAP_COMPLETION,USD
IR-MOCK09477-COPD_SPIROMETRY-20250715,MOCK09477,COPD_SPIROMETRY,2025-07-15,20.0,True,Research-generated IncentiveRewards mock,MyRewards Health Action Incentive,CARE_GAP_COMPLETION,USD
IR-MOCK09483-COPD_SPIROMETRY-20250716,MOCK09483,COPD_SPIROMETRY,2025-07-16,20.0,True,Research-generated IncentiveRewards mock,MyRewards Health Action Incentive,CARE_GAP_COMPLETION,USD
IR-MOCK09495-COPD_SPIROMETRY-20250723,MOCK09495,COPD_SPIROMETRY,2025-07-23,20.0,True,Research-generated IncentiveRewards mock,MyRewards Health Action Incentive,CARE_GAP_COMPLETION,USD
IR-MOCK09501-COPD_SPIROMETRY-20250705,MOCK09501,COPD_SPIROMETRY,2025-07-05,20.0,True,Research-generated IncentiveRewards mock,MyRewards Health Action Incentive,CARE_GAP_COMPLETION,USD
IR-MOCK09507-COPD_SPIROMETRY-20250701,MOCK09507,COPD_SPIROMETRY,2025-07-01,20.0,True,Research-generated IncentiveRewards mock,MyRewards Health Action Incentive,CARE_GAP_COMPLETION,USD
IR-MOCK09519-COPD_SPIROMETRY-20250731,MOCK09519,COPD_SPIROMETRY,2025-07-31,20.0,True,Research-generated IncentiveRewards mock,MyRewards Health Action Incentive,CARE_GAP_COMPLETION,USD
IR-MOCK09549-COPD_SPIROMETRY-20250804,MOCK09549,COPD_SPIROMETRY,2025-08-04,20.0,True,Research-generated IncentiveRewards mock,MyRewards Health Action Incentive,CARE_GAP_COMPLETION,USD
IR-MOCK09555-COPD_SPIROMETRY-20250724,MOCK09555,COPD_SPIROMETRY,2025-07-24,20.0,True,Research-generated IncentiveRewards mock,MyRewards Health Action Incentive,CARE_GAP_COMPLETION,USD
IR-MOCK09567-COPD_SPIROMETRY-20250730,MOCK09567,COPD_SPIROMETRY,2025-07-30,20.0,True,Research-generated IncentiveRewards mock,MyRewards Health Action Incentive,CARE_GAP_COMPLETION,USD
IR-MOCK09585-COPD_SPIROMETRY-20250716,MOCK09585,COPD_SPIROMETRY,2025-07-16,15.0,True,Research-generated IncentiveRewards mock,MyRewards Health Action Incentive,CARE_GAP_COMPLETION,USD
IR-MOCK09591-COPD_SPIROMETRY-20250705,MOCK09591,COPD_SPIROMETRY,2025-07-05,20.0,True,Research-generated IncentiveRewards mock,MyRewards Health Action Incentive,CARE_GAP_COMPLETION,USD
IR-MOCK09615-COPD_SPIROMETRY-20250713,MOCK09615,COPD_SPIROMETRY,2025-07-13,20.0,True,Research-generated IncentiveRewards mock,MyRewards Health Action Incentive,CARE_GAP_COMPLETION,USD
IR-MOCK09627-COPD_SPIROMETRY-20250704,MOCK09627,COPD_SPIROMETRY,2025-07-04,15.0,True,Research-generated IncentiveRewards mock,MyRewards Health Action Incentive,CARE_GAP_COMPLETION,USD
IR-MOCK09633-COPD_SPIROMETRY-20250719,MOCK09633,COPD_SPIROMETRY,2025-07-19,15.0,True,Research-generated IncentiveRewards mock,MyRewards Health Action Incentive,CARE_GAP_COMPLETION,USD
IR-MOCK09651-COPD_SPIROMETRY-20250729,MOCK09651,COPD_SPIROMETRY,2025-07-29,15.0,True,Research-generated IncentiveRewards mock,MyRewards Health Action Incentive,CARE_GAP_COMPLETION,USD
IR-MOCK09663-COPD_SPIROMETRY-20250706,MOCK09663,COPD_SPIROMETRY,2025-07-06,20.0,True,Research-generated IncentiveRewards mock,MyRewards Health Action Incentive,CARE_GAP_COMPLETION,USD
IR-MOCK09669-COPD_SPIROMETRY-20250731,MOCK09669,COPD_SPIROMETRY,2025-07-31,20.0,False,Research-generated IncentiveRewards mock,MyRewards Health Action Incentive,CARE_GAP_COMPLETION,USD
IR-MOCK09675-COPD_SPIROMETRY-20250724,MOCK09675,COPD_SPIROMETRY,2025-07-24,20.0,True,Research-generated IncentiveRewards mock,MyRewards Health Action Incentive,CARE_GAP_COMPLETION,USD
IR-MOCK09687-COPD_SPIROMETRY-20250630,MOCK09687,COPD_SPIROMETRY,2025-06-30,15.0,True,Research-generated IncentiveRewards mock,MyRewards Health Action Incentive,CARE_GAP_COMPLETION,USD
IR-MOCK09699-COPD_SPIROMETRY-20250731,MOCK09699,COPD_SPIROMETRY,2025-07-31,20.0,True,Research-generated IncentiveRewards mock,MyRewards Health Action Incentive,CARE_GAP_COMPLETION,USD
IR-MOCK09711-COPD_SPIROMETRY-20250702,MOCK09711,COPD_SPIROMETRY,2025-07-02,20.0,True,Research-generated IncentiveRewards mock,MyRewards Health Action Incentive,CARE_GAP_COMPLETION,USD
IR-MOCK09717-COPD_SPIROMETRY-20250714,MOCK09717,COPD_SPIROMETRY,2025-07-14,20.0,True,Research-generated IncentiveRewards mock,MyRewards Health Action Incentive,CARE_GAP_COMPLETION,USD
IR-MOCK09741-COPD_SPIROMETRY-20250709,MOCK09741,COPD_SPIROMETRY,2025-07-09,20.0,True,Research-generated IncentiveRewards mock,MyRewards Health Action Incentive,CARE_GAP_COMPLETION,USD
IR-MOCK09759-COPD_SPIROMETRY-20250703,MOCK09759,COPD_SPIROMETRY,2025-07-03,15.0,True,Research-generated IncentiveRewards mock,MyRewards Health Action Incentive,CARE_GAP_COMPLETION,USD
IR-MOCK09813-COPD_SPIROMETRY-20250720,MOCK09813,COPD_SPIROMETRY,2025-07-20,15.0,True,Research-generated IncentiveRewards mock,MyRewards Health Action Incentive,CARE_GAP_COMPLETION,USD
IR-MOCK09831-COPD_SPIROMETRY-20250718,MOCK09831,COPD_SPIROMETRY,2025-07-18,20.0,True,Research-generated IncentiveRewards mock,MyRewards Health Action Incentive,CARE_GAP_COMPLETION,USD
IR-MOCK09861-COPD_SPIROMETRY-20250630,MOCK09861,COPD_SPIROMETRY,2025-06-30,20.0,True,Research-generated IncentiveRewards mock,MyRewards Health Action Incentive,CARE_GAP_COMPLETION,USD
IR-MOCK09885-COPD_SPIROMETRY-20250702,MOCK09885,COPD_SPIROMETRY,2025-07-02,20.0,True,Research-generated IncentiveRewards mock,MyRewards Health Action Incentive,CARE_GAP_COMPLETION,USD
IR-MOCK09891-COPD_SPIROMETRY-20250726,MOCK09891,COPD_SPIROMETRY,2025-07-26,20.0,True,Research-generated IncentiveRewards mock,MyRewards Health Action Incentive,CARE_GAP_COMPLETION,USD
IR-MOCK09903-COPD_SPIROMETRY-20250708,MOCK09903,COPD_SPIROMETRY,2025-07-08,15.0,True,Research-generated IncentiveRewards mock,MyRewards Health Action Incentive,CARE_GAP_COMPLETION,USD
IR-MOCK09909-COPD_SPIROMETRY-20250708,MOCK09909,COPD_SPIROMETRY,2025-07-08,20.0,True,Research-generated IncentiveRewards mock,MyRewards Health Action Incentive,CARE_GAP_COMPLETION,USD
IR-MOCK09969-COPD_SPIROMETRY-20250724,MOCK09969,COPD_SPIROMETRY,2025-07-24,20.0,True,Research-generated IncentiveRewards mock,MyRewards Health Action Incentive,CARE_GAP_COMPLETION,USD
IR-MOCK09975-COPD_SPIROMETRY-20250701,MOCK09975,COPD_SPIROMETRY,2025-07-01,20.0,True,Research-generated IncentiveRewards mock,MyRewards Health Action Incentive,CARE_GAP_COMPLETION,USD
IR-MOCK00010-BH_POST_DISCHARGE_7D-20250715,MOCK00010,BH_POST_DISCHARGE_7D,2025-07-15,20.0,True,Research-generated IncentiveRewards mock,MyRewards Health Action Incentive,CARE_GAP_COMPLETION,USD
IR-MOCK00028-BH_POST_DISCHARGE_7D-20250717,MOCK00028,BH_POST_DISCHARGE_7D,2025-07-17,25.0,True,Research-generated IncentiveRewards mock,MyRewards Health Action Incentive,CARE_GAP_COMPLETION,USD
IR-MOCK00058-BH_POST_DISCHARGE_7D-20250711,MOCK00058,BH_POST_DISCHARGE_7D,2025-07-11,25.0,True,Research-generated IncentiveRewards mock,MyRewards Health Action Incentive,CARE_GAP_COMPLETION,USD
IR-MOCK00082-BH_POST_DISCHARGE_7D-20250727,MOCK00082,BH_POST_DISCHARGE_7D,2025-07-27,10.0,True,Research-generated IncentiveRewards mock,MyRewards Health Action Incentive,CARE_GAP_COMPLETION,USD
IR-MOCK00094-BH_POST_DISCHARGE_7D-20250705,MOCK00094,BH_POST_DISCHARGE_7D,2025-07-05,20.0,True,Research-generated IncentiveRewards mock,MyRewards Health Action Incentive,CARE_GAP_COMPLETION,USD
IR-MOCK00100-BH_POST_DISCHARGE_7D-20250721,MOCK00100,BH_POST_DISCHARGE_7D,2025-07-21,25.0,True,Research-generated IncentiveRewards mock,MyRewards Health Action Incentive,CARE_GAP_COMPLETION,USD
IR-MOCK00106-BH_POST_DISCHARGE_7D-20250713,MOCK00106,BH_POST_DISCHARGE_7D,2025-07-13,10.0,True,Research-generated IncentiveRewards mock,MyRewards Health Action Incentive,CARE_GAP_COMPLETION,USD
IR-MOCK00124-BH_POST_DISCHARGE_7D-20250807,MOCK00124,BH_POST_DISCHARGE_7D,2025-08-07,25.0,True,Research-generated IncentiveRewards mock,MyRewards Health Action Incentive,CARE_GAP_COMPLETION,USD
IR-MOCK00160-BH_POST_DISCHARGE_7D-20250728,MOCK00160,BH_POST_DISCHARGE_7D,2025-07-28,20.0,True,Research-generated IncentiveRewards mock,MyRewards Health Action Incentive,CARE_GAP_COMPLETION,USD
IR-MOCK00166-BH_POST_DISCHARGE_7D-20250730,MOCK00166,BH_POST_DISCHARGE_7D,2025-07-30,20.0,True,Research-generated IncentiveRewards mock,MyRewards Health Action Incentive,CARE_GAP_COMPLETION,USD
IR-MOCK00214-BH_POST_DISCHARGE_7D-20250806,MOCK00214,BH_POST_DISCHARGE_7D,2025-08-06,30.0,True,Research-generated IncentiveRewards mock,MyRewards Health Action Incentive,CARE_GAP_COMPLETION,USD
IR-MOCK00232-BH_POST_DISCHARGE_7D-20250704,MOCK00232,BH_POST_DISCHARGE_7D,2025-07-04,50.0,True,Research-generated IncentiveRewards mock,MyRewards Health Action Incentive,CARE_GAP_COMPLETION,USD
IR-MOCK00238-BH_POST_DISCHARGE_7D-20250804,MOCK00238,BH_POST_DISCHARGE_7D,2025-08-04,25.0,True,Research-generated IncentiveRewards mock,MyRewards Health Action Incentive,CARE_GAP_COMPLETION,USD
IR-MOCK00256-BH_POST_DISCHARGE_7D-20250702,MOCK00256,BH_POST_DISCHARGE_7D,2025-07-02,25.0,True,Research-generated IncentiveRewards mock,MyRewards Health Action Incentive,CARE_GAP_COMPLETION,USD
IR-MOCK00262-BH_POST_DISCHARGE_7D-20250805,MOCK00262,BH_POST_DISCHARGE_7D,2025-08-05,20.0,True,Research-generated IncentiveRewards mock,MyRewards Health Action Incentive,CARE_GAP_COMPLETION,USD
IR-MOCK00268-BH_POST_DISCHARGE_7D-20250719,MOCK00268,BH_POST_DISCHARGE_7D,2025-07-19,25.0,True,Research-generated IncentiveRewards mock,MyRewards Health Action Incentive,CARE_GAP_COMPLETION,USD
IR-MOCK00274-BH_POST_DISCHARGE_7D-20250709,MOCK00274,BH_POST_DISCHARGE_7D,2025-07-09,25.0,True,Research-generated IncentiveRewards mock,MyRewards Health Action Incentive,CARE_GAP_COMPLETION,USD
IR-MOCK00298-BH_POST_DISCHARGE_7D-20250807,MOCK00298,BH_POST_DISCHARGE_7D,2025-08-07,30.0,True,Research-generated IncentiveRewards mock,MyRewards Health Action Incentive,CARE_GAP_COMPLETION,USD
IR-MOCK00304-BH_POST_DISCHARGE_7D-20250721,MOCK00304,BH_POST_DISCHARGE_7D,2025-07-21,10.0,True,Research-generated IncentiveRewards mock,MyRewards Health Action Incentive,CARE_GAP_COMPLETION,USD
IR-MOCK00310-BH_POST_DISCHARGE_7D-20250723,MOCK00310,BH_POST_DISCHARGE_7D,2025-07-23,20.0,True,Research-generated IncentiveRewards mock,MyRewards Health Action Incentive,CARE_GAP_COMPLETION,USD
IR-MOCK00328-BH_POST_DISCHARGE_7D-20250710,MOCK00328,BH_POST_DISCHARGE_7D,2025-07-10,20.0,True,Research-generated IncentiveRewards mock,MyRewards Health Action Incentive,CARE_GAP_COMPLETION,USD
IR-MOCK00340-BH_POST_DISCHARGE_7D-20250720,MOCK00340,BH_POST_DISCHARGE_7D,2025-07-20,30.0,True,Research-generated IncentiveRewards mock,MyRewards Health Action Incentive,CARE_GAP_COMPLETION,USD
IR-MOCK00346-BH_POST_DISCHARGE_7D-20250805,MOCK00346,BH_POST_DISCHARGE_7D,2025-08-05,20.0,True,Research-generated IncentiveRewards mock,MyRewards Health Action Incentive,CARE_GAP_COMPLETION,USD
IR-MOCK00358-BH_POST_DISCHARGE_7D-20250703,MOCK00358,BH_POST_DISCHARGE_7D,2025-07-03,30.0,True,Research-generated IncentiveRewards mock,MyRewards Health Action Incentive,CARE_GAP_COMPLETION,USD
IR-MOCK00370-BH_POST_DISCHARGE_7D-20250726,MOCK00370,BH_POST_DISCHARGE_7D,2025-07-26,5.0,True,Research-generated IncentiveRewards mock,MyRewards Health Action Incentive,CARE_GAP_COMPLETION,USD
IR-MOCK00382-BH_POST_DISCHARGE_7D-20250803,MOCK00382,BH_POST_DISCHARGE_7D,2025-08-03,25.0,True,Research-generated IncentiveRewards mock,MyRewards Health Action Incentive,CARE_GAP_COMPLETION,USD
IR-MOCK00388-BH_POST_DISCHARGE_7D-20250703,MOCK00388,BH_POST_DISCHARGE_7D,2025-07-03,25.0,True,Research-generated IncentiveRewards mock,MyRewards Health Action Incentive,CARE_GAP_COMPLETION,USD
IR-MOCK00394-BH_POST_DISCHARGE_7D-20250726,MOCK00394,BH_POST_DISCHARGE_7D,2025-07-26,10.0,True,Research-generated IncentiveRewards mock,MyRewards Health Action Incentive,CARE_GAP_COMPLETION,USD
IR-MOCK00418-BH_POST_DISCHARGE_7D-20250802,MOCK00418,BH_POST_DISCHARGE_7D,2025-08-02,25.0,True,Research-generated IncentiveRewards mock,MyRewards Health Action Incentive,CARE_GAP_COMPLETION,USD
IR-MOCK00424-BH_POST_DISCHARGE_7D-20250704,MOCK00424,BH_POST_DISCHARGE_7D,2025-07-04,25.0,True,Research-generated IncentiveRewards mock,MyRewards Health Action Incentive,CARE_GAP_COMPLETION,USD
IR-MOCK00430-BH_POST_DISCHARGE_7D-20250703,MOCK00430,BH_POST_DISCHARGE_7D,2025-07-03,25.0,True,Research-generated IncentiveRewards mock,MyRewards Health Action Incentive,CARE_GAP_COMPLETION,USD
IR-MOCK00442-BH_POST_DISCHARGE_7D-20250701,MOCK00442,BH_POST_DISCHARGE_7D,2025-07-01,20.0,True,Research-generated IncentiveRewards mock,MyRewards Health Action Incentive,CARE_GAP_COMPLETION,USD
IR-MOCK00448-BH_POST_DISCHARGE_7D-20250729,MOCK00448,BH_POST_DISCHARGE_7D,2025-07-29,25.0,True,Research-generated IncentiveRewards mock,MyRewards Health Action Incentive,CARE_GAP_COMPLETION,USD
IR-MOCK00466-BH_POST_DISCHARGE_7D-20250708,MOCK00466,BH_POST_DISCHARGE_7D,2025-07-08,20.0,True,Research-generated IncentiveRewards mock,MyRewards Health Action Incentive,CARE_GAP_COMPLETION,USD
IR-MOCK00472-BH_POST_DISCHARGE_7D-20250707,MOCK00472,BH_POST_DISCHARGE_7D,2025-07-07,20.0,True,Research-generated IncentiveRewards mock,MyRewards Health Action Incentive,CARE_GAP_COMPLETION,USD
IR-MOCK00478-BH_POST_DISCHARGE_7D-20250726,MOCK00478,BH_POST_DISCHARGE_7D,2025-07-26,25.0,True,Research-generated IncentiveRewards mock,MyRewards Health Action Incentive,CARE_GAP_COMPLETION,USD
IR-MOCK00490-BH_POST_DISCHARGE_7D-20250720,MOCK00490,BH_POST_DISCHARGE_7D,2025-07-20,25.0,True,Research-generated IncentiveRewards mock,MyRewards Health Action Incentive,CARE_GAP_COMPLETION,USD
IR-MOCK00502-BH_POST_DISCHARGE_7D-20250729,MOCK00502,BH_POST_DISCHARGE_7D,2025-07-29,20.0,True,Research-generated IncentiveRewards mock,MyRewards Health Action Incentive,CARE_GAP_COMPLETION,USD
IR-MOCK00520-BH_POST_DISCHARGE_7D-20250727,MOCK00520,BH_POST_DISCHARGE_7D,2025-07-27,25.0,True,Research-generated IncentiveRewards mock,MyRewards Health Action Incentive,CARE_GAP_COMPLETION,USD
IR-MOCK00532-BH_POST_DISCHARGE_7D-20250713,MOCK00532,BH_POST_DISCHARGE_7D,2025-07-13,20.0,True,Research-generated IncentiveRewards mock,MyRewards Health Action Incentive,CARE_GAP_COMPLETION,USD
IR-MOCK00556-BH_POST_DISCHARGE_7D-20250704,MOCK00556,BH_POST_DISCHARGE_7D,2025-07-04,20.0,True,Research-generated IncentiveRewards mock,MyRewards Health Action Incentive,CARE_GAP_COMPLETION,USD
IR-MOCK00562-BH_POST_DISCHARGE_7D-20250721,MOCK00562,BH_POST_DISCHARGE_7D,2025-07-21,25.0,True,Research-generated IncentiveRewards mock,MyRewards Health Action Incentive,CARE_GAP_COMPLETION,USD
IR-MOCK00628-BH_POST_DISCHARGE_7D-20250726,MOCK00628,BH_POST_DISCHARGE_7D,2025-07-26,20.0,True,Research-generated IncentiveRewards mock,MyRewards Health Action Incentive,CARE_GAP_COMPLETION,USD
IR-MOCK00646-BH_POST_DISCHARGE_7D-20250711,MOCK00646,BH_POST_DISCHARGE_7D,2025-07-11,25.0,True,Research-generated IncentiveRewards mock,MyRewards Health Action Incentive,CARE_GAP_COMPLETION,USD
IR-MOCK00658-BH_POST_DISCHARGE_7D-20250729,MOCK00658,BH_POST_DISCHARGE_7D,2025-07-29,20.0,True,Research-generated IncentiveRewards mock,MyRewards Health Action Incentive,CARE_GAP_COMPLETION,USD
IR-MOCK00670-BH_POST_DISCHARGE_7D-20250719,MOCK00670,BH_POST_DISCHARGE_7D,2025-07-19,25.0,True,Research-generated IncentiveRewards mock,MyRewards Health Action Incentive,CARE_GAP_COMPLETION,USD
IR-MOCK00694-BH_POST_DISCHARGE_7D-20250722,MOCK00694,BH_POST_DISCHARGE_7D,2025-07-22,20.0,True,Research-generated IncentiveRewards mock,MyRewards Health Action Incentive,CARE_GAP_COMPLETION,USD
IR-MOCK00706-BH_POST_DISCHARGE_7D-20250727,MOCK00706,BH_POST_DISCHARGE_7D,2025-07-27,50.0,True,Research-generated IncentiveRewards mock,MyRewards Health Action Incentive,CARE_GAP_COMPLETION,USD
IR-MOCK00712-BH_POST_DISCHARGE_7D-20250723,MOCK00712,BH_POST_DISCHARGE_7D,2025-07-23,25.0,True,Research-generated IncentiveRewards mock,MyRewards Health Action Incentive,CARE_GAP_COMPLETION,USD
IR-MOCK00718-BH_POST_DISCHARGE_7D-20250803,MOCK00718,BH_POST_DISCHARGE_7D,2025-08-03,25.0,True,Research-generated IncentiveRewards mock,MyRewards Health Action Incentive,CARE_GAP_COMPLETION,USD
IR-MOCK00730-BH_POST_DISCHARGE_7D-20250806,MOCK00730,BH_POST_DISCHARGE_7D,2025-08-06,25.0,True,Research-generated IncentiveRewards mock,MyRewards Health Action Incentive,CARE_GAP_COMPLETION,USD
IR-MOCK00748-BH_POST_DISCHARGE_7D-20250709,MOCK00748,BH_POST_DISCHARGE_7D,2025-07-09,20.0,True,Research-generated IncentiveRewards mock,MyRewards Health Action Incentive,CARE_GAP_COMPLETION,USD
IR-MOCK00760-BH_POST_DISCHARGE_7D-20250807,MOCK00760,BH_POST_DISCHARGE_7D,2025-08-07,20.0,True,Research-generated IncentiveRewards mock,MyRewards Health Action Incentive,CARE_GAP_COMPLETION,USD
IR-MOCK00766-BH_POST_DISCHARGE_7D-20250726,MOCK00766,BH_POST_DISCHARGE_7D,2025-07-26,25.0,True,Research-generated IncentiveRewards mock,MyRewards Health Action Incentive,CARE_GAP_COMPLETION,USD
IR-MOCK00772-BH_POST_DISCHARGE_7D-20250701,MOCK00772,BH_POST_DISCHARGE_7D,2025-07-01,25.0,True,Research-generated IncentiveRewards mock,MyRewards Health Action Incentive,CARE_GAP_COMPLETION,USD
IR-MOCK00802-BH_POST_DISCHARGE_7D-20250727,MOCK00802,BH_POST_DISCHARGE_7D,2025-07-27,10.0,True,Research-generated IncentiveRewards mock,MyRewards Health Action Incentive,CARE_GAP_COMPLETION,USD
IR-MOCK00820-BH_POST_DISCHARGE_7D-20250706,MOCK00820,BH_POST_DISCHARGE_7D,2025-07-06,20.0,True,Research-generated IncentiveRewards mock,MyRewards Health Action Incentive,CARE_GAP_COMPLETION,USD
IR-MOCK00832-BH_POST_DISCHARGE_7D-20250714,MOCK00832,BH_POST_DISCHARGE_7D,2025-07-14,20.0,True,Research-generated IncentiveRewards mock,MyRewards Health Action Incentive,CARE_GAP_COMPLETION,USD
IR-MOCK00838-BH_POST_DISCHARGE_7D-20250731,MOCK00838,BH_POST_DISCHARGE_7D,2025-07-31,10.0,True,Research-generated IncentiveRewards mock,MyRewards Health Action Incentive,CARE_GAP_COMPLETION,USD
IR-MOCK00844-BH_POST_DISCHARGE_7D-20250802,MOCK00844,BH_POST_DISCHARGE_7D,2025-08-02,10.0,True,Research-generated IncentiveRewards mock,MyRewards Health Action Incentive,CARE_GAP_COMPLETION,USD
IR-MOCK00850-BH_POST_DISCHARGE_7D-20250717,MOCK00850,BH_POST_DISCHARGE_7D,2025-07-17,50.0,True,Research-generated IncentiveRewards mock,MyRewards Health Action Incentive,CARE_GAP_COMPLETION,USD
IR-MOCK00874-BH_POST_DISCHARGE_7D-20250724,MOCK00874,BH_POST_DISCHARGE_7D,2025-07-24,25.0,True,Research-generated IncentiveRewards mock,MyRewards Health Action Incentive,CARE_GAP_COMPLETION,USD
IR-MOCK00922-BH_POST_DISCHARGE_7D-20250720,MOCK00922,BH_POST_DISCHARGE_7D,2025-07-20,25.0,True,Research-generated IncentiveRewards mock,MyRewards Health Action Incentive,CARE_GAP_COMPLETION,USD
IR-MOCK00940-BH_POST_DISCHARGE_7D-20250710,MOCK00940,BH_POST_DISCHARGE_7D,2025-07-10,25.0,True,Research-generated IncentiveRewards mock,MyRewards Health Action Incentive,CARE_GAP_COMPLETION,USD
IR-MOCK00946-BH_POST_DISCHARGE_7D-20250717,MOCK00946,BH_POST_DISCHARGE_7D,2025-07-17,25.0,True,Research-generated IncentiveRewards mock,MyRewards Health Action Incentive,CARE_GAP_COMPLETION,USD
IR-MOCK00958-BH_POST_DISCHARGE_7D-20250712,MOCK00958,BH_POST_DISCHARGE_7D,2025-07-12,20.0,True,Research-generated IncentiveRewards mock,MyRewards Health Action Incentive,CARE_GAP_COMPLETION,USD
IR-MOCK00964-BH_POST_DISCHARGE_7D-20250630,MOCK00964,BH_POST_DISCHARGE_7D,2025-06-30,20.0,True,Research-generated IncentiveRewards mock,MyRewards Health Action Incentive,CARE_GAP_COMPLETION,USD
IR-MOCK00976-BH_POST_DISCHARGE_7D-20250707,MOCK00976,BH_POST_DISCHARGE_7D,2025-07-07,50.0,True,Research-generated IncentiveRewards mock,MyRewards Health Action Incentive,CARE_GAP_COMPLETION,USD
IR-MOCK00982-BH_POST_DISCHARGE_7D-20250723,MOCK00982,BH_POST_DISCHARGE_7D,2025-07-23,10.0,True,Research-generated IncentiveRewards mock,MyRewards Health Action Incentive,CARE_GAP_COMPLETION,USD
IR-MOCK00988-BH_POST_DISCHARGE_7D-20250731,MOCK00988,BH_POST_DISCHARGE_7D,2025-07-31,20.0,True,Research-generated IncentiveRewards mock,MyRewards Health Action Incentive,CARE_GAP_COMPLETION,USD
IR-MOCK00994-BH_POST_DISCHARGE_7D-20250710,MOCK00994,BH_POST_DISCHARGE_7D,2025-07-10,25.0,True,Research-generated IncentiveRewards mock,MyRewards Health Action Incentive,CARE_GAP_COMPLETION,USD
IR-MOCK01000-BH_POST_DISCHARGE_7D-20250713,MOCK01000,BH_POST_DISCHARGE_7D,2025-07-13,20.0,True,Research-generated IncentiveRewards mock,MyRewards Health Action Incentive,CARE_GAP_COMPLETION,USD
IR-MOCK01012-BH_POST_DISCHARGE_7D-20250705,MOCK01012,BH_POST_DISCHARGE_7D,2025-07-05,50.0,True,Research-generated IncentiveRewards mock,MyRewards Health Action Incentive,CARE_GAP_COMPLETION,USD
IR-MOCK01018-BH_POST_DISCHARGE_7D-20250705,MOCK01018,BH_POST_DISCHARGE_7D,2025-07-05,50.0,True,Research-generated IncentiveRewards mock,MyRewards Health Action Incentive,CARE_GAP_COMPLETION,USD
IR-MOCK01030-BH_POST_DISCHARGE_7D-20250717,MOCK01030,BH_POST_DISCHARGE_7D,2025-07-17,10.0,True,Research-generated IncentiveRewards mock,MyRewards Health Action Incentive,CARE_GAP_COMPLETION,USD
IR-MOCK01036-BH_POST_DISCHARGE_7D-20250720,MOCK01036,BH_POST_DISCHARGE_7D,2025-07-20,20.0,True,Research-generated IncentiveRewards mock,MyRewards Health Action Incentive,CARE_GAP_COMPLETION,USD
IR-MOCK01042-BH_POST_DISCHARGE_7D-20250630,MOCK01042,BH_POST_DISCHARGE_7D,2025-06-30,10.0,True,Research-generated IncentiveRewards mock,MyRewards Health Action Incentive,CARE_GAP_COMPLETION,USD
IR-MOCK01048-BH_POST_DISCHARGE_7D-20250802,MOCK01048,BH_POST_DISCHARGE_7D,2025-08-02,10.0,True,Research-generated IncentiveRewards mock,MyRewards Health Action Incentive,CARE_GAP_COMPLETION,USD
IR-MOCK01054-BH_POST_DISCHARGE_7D-20250726,MOCK01054,BH_POST_DISCHARGE_7D,2025-07-26,20.0,True,Research-generated IncentiveRewards mock,MyRewards Health Action Incentive,CARE_GAP_COMPLETION,USD
IR-MOCK01060-BH_POST_DISCHARGE_7D-20250702,MOCK01060,BH_POST_DISCHARGE_7D,2025-07-02,25.0,True,Research-generated IncentiveRewards mock,MyRewards Health Action Incentive,CARE_GAP_COMPLETION,USD
IR-MOCK01084-BH_POST_DISCHARGE_7D-20250718,MOCK01084,BH_POST_DISCHARGE_7D,2025-07-18,25.0,True,Research-generated IncentiveRewards mock,MyRewards Health Action Incentive,CARE_GAP_COMPLETION,USD
IR-MOCK01102-BH_POST_DISCHARGE_7D-20250805,MOCK01102,BH_POST_DISCHARGE_7D,2025-08-05,20.0,True,Research-generated IncentiveRewards mock,MyRewards Health Action Incentive,CARE_GAP_COMPLETION,USD
IR-MOCK01120-BH_POST_DISCHARGE_7D-20250806,MOCK01120,BH_POST_DISCHARGE_7D,2025-08-06,50.0,True,Research-generated IncentiveRewards mock,MyRewards Health Action Incentive,CARE_GAP_COMPLETION,USD
IR-MOCK01132-BH_POST_DISCHARGE_7D-20250803,MOCK01132,BH_POST_DISCHARGE_7D,2025-08-03,20.0,True,Research-generated IncentiveRewards mock,MyRewards Health Action Incentive,CARE_GAP_COMPLETION,USD
IR-MOCK01144-BH_POST_DISCHARGE_7D-20250711,MOCK01144,BH_POST_DISCHARGE_7D,2025-07-11,10.0,True,Research-generated IncentiveRewards mock,MyRewards Health Action Incentive,CARE_GAP_COMPLETION,USD
IR-MOCK01150-BH_POST_DISCHARGE_7D-20250719,MOCK01150,BH_POST_DISCHARGE_7D,2025-07-19,20.0,True,Research-generated IncentiveRewards mock,MyRewards Health Action Incentive,CARE_GAP_COMPLETION,USD
IR-MOCK01168-BH_POST_DISCHARGE_7D-20250726,MOCK01168,BH_POST_DISCHARGE_7D,2025-07-26,20.0,True,Research-generated IncentiveRewards mock,MyRewards Health Action Incentive,CARE_GAP_COMPLETION,USD
IR-MOCK01210-BH_POST_DISCHARGE_7D-20250721,MOCK01210,BH_POST_DISCHARGE_7D,2025-07-21,10.0,True,Research-generated IncentiveRewards mock,MyRewards Health Action Incentive,CARE_GAP_COMPLETION,USD
IR-MOCK01222-BH_POST_DISCHARGE_7D-20250701,MOCK01222,BH_POST_DISCHARGE_7D,2025-07-01,10.0,True,Research-generated IncentiveRewards mock,MyRewards Health Action Incentive,CARE_GAP_COMPLETION,USD
IR-MOCK01228-BH_POST_DISCHARGE_7D-20250729,MOCK01228,BH_POST_DISCHARGE_7D,2025-07-29,25.0,True,Research-generated IncentiveRewards mock,MyRewards Health Action Incentive,CARE_GAP_COMPLETION,USD
IR-MOCK01234-BH_POST_DISCHARGE_7D-20250719,MOCK01234,BH_POST_DISCHARGE_7D,2025-07-19,30.0,True,Research-generated IncentiveRewards mock,MyRewards Health Action Incentive,CARE_GAP_COMPLETION,USD
IR-MOCK01240-BH_POST_DISCHARGE_7D-20250807,MOCK01240,BH_POST_DISCHARGE_7D,2025-08-07,25.0,True,Research-generated IncentiveRewards mock,MyRewards Health Action Incentive,CARE_GAP_COMPLETION,USD
IR-MOCK01270-BH_POST_DISCHARGE_7D-20250727,MOCK01270,BH_POST_DISCHARGE_7D,2025-07-27,20.0,True,Research-generated IncentiveRewards mock,MyRewards Health Action Incentive,CARE_GAP_COMPLETION,USD
IR-MOCK01282-BH_POST_DISCHARGE_7D-20250703,MOCK01282,BH_POST_DISCHARGE_7D,2025-07-03,25.0,True,Research-generated IncentiveRewards mock,MyRewards Health Action Incentive,CARE_GAP_COMPLETION,USD
IR-MOCK01288-BH_POST_DISCHARGE_7D-20250708,MOCK01288,BH_POST_DISCHARGE_7D,2025-07-08,25.0,True,Research-generated IncentiveRewards mock,MyRewards Health Action Incentive,CARE_GAP_COMPLETION,USD
IR-MOCK01306-BH_POST_DISCHARGE_7D-20250719,MOCK01306,BH_POST_DISCHARGE_7D,2025-07-19,5.0,True,Research-generated IncentiveRewards mock,MyRewards Health Action Incentive,CARE_GAP_COMPLETION,USD
IR-MOCK01312-BH_POST_DISCHARGE_7D-20250715,MOCK01312,BH_POST_DISCHARGE_7D,2025-07-15,10.0,True,Research-generated IncentiveRewards mock,MyRewards Health Action Incentive,CARE_GAP_COMPLETION,USD
IR-MOCK01318-BH_POST_DISCHARGE_7D-20250805,MOCK01318,BH_POST_DISCHARGE_7D,2025-08-05,25.0,True,Research-generated IncentiveRewards mock,MyRewards Health Action Incentive,CARE_GAP_COMPLETION,USD
IR-MOCK01330-BH_POST_DISCHARGE_7D-20250803,MOCK01330,BH_POST_DISCHARGE_7D,2025-08-03,10.0,True,Research-generated IncentiveRewards mock,MyRewards Health Action Incentive,CARE_GAP_COMPLETION,USD
IR-MOCK01336-BH_POST_DISCHARGE_7D-20250711,MOCK01336,BH_POST_DISCHARGE_7D,2025-07-11,10.0,True,Research-generated IncentiveRewards mock,MyRewards Health Action Incentive,CARE_GAP_COMPLETION,USD
IR-MOCK01354-BH_POST_DISCHARGE_7D-20250806,MOCK01354,BH_POST_DISCHARGE_7D,2025-08-06,25.0,True,Research-generated IncentiveRewards mock,MyRewards Health Action Incentive,CARE_GAP_COMPLETION,USD
IR-MOCK01366-BH_POST_DISCHARGE_7D-20250807,MOCK01366,BH_POST_DISCHARGE_7D,2025-08-07,30.0,True,Research-generated IncentiveRewards mock,MyRewards Health Action Incentive,CARE_GAP_COMPLETION,USD
IR-MOCK01372-BH_POST_DISCHARGE_7D-20250713,MOCK01372,BH_POST_DISCHARGE_7D,2025-07-13,5.0,True,Research-generated IncentiveRewards mock,MyRewards Health Action Incentive,CARE_GAP_COMPLETION,USD
IR-MOCK01384-BH_POST_DISCHARGE_7D-20250724,MOCK01384,BH_POST_DISCHARGE_7D,2025-07-24,25.0,True,Research-generated IncentiveRewards mock,MyRewards Health Action Incentive,CARE_GAP_COMPLETION,USD
IR-MOCK01390-BH_POST_DISCHARGE_7D-20250730,MOCK01390,BH_POST_DISCHARGE_7D,2025-07-30,10.0,True,Research-generated IncentiveRewards mock,MyRewards Health Action Incentive,CARE_GAP_COMPLETION,USD
IR-MOCK01420-BH_POST_DISCHARGE_7D-20250706,MOCK01420,BH_POST_DISCHARGE_7D,2025-07-06,25.0,True,Research-generated IncentiveRewards mock,MyRewards Health Action Incentive,CARE_GAP_COMPLETION,USD
IR-MOCK01432-BH_POST_DISCHARGE_7D-20250804,MOCK01432,BH_POST_DISCHARGE_7D,2025-08-04,25.0,True,Research-generated IncentiveRewards mock,MyRewards Health Action Incentive,CARE_GAP_COMPLETION,USD
IR-MOCK01444-BH_POST_DISCHARGE_7D-20250708,MOCK01444,BH_POST_DISCHARGE_7D,2025-07-08,10.0,True,Research-generated IncentiveRewards mock,MyRewards Health Action Incentive,CARE_GAP_COMPLETION,USD
IR-MOCK01450-BH_POST_DISCHARGE_7D-20250722,MOCK01450,BH_POST_DISCHARGE_7D,2025-07-22,30.0,True,Research-generated IncentiveRewards mock,MyRewards Health Action Incentive,CARE_GAP_COMPLETION,USD
IR-MOCK01456-BH_POST_DISCHARGE_7D-20250807,MOCK01456,BH_POST_DISCHARGE_7D,2025-08-07,20.0,True,Research-generated IncentiveRewards mock,MyRewards Health Action Incentive,CARE_GAP_COMPLETION,USD
IR-MOCK01468-BH_POST_DISCHARGE_7D-20250723,MOCK01468,BH_POST_DISCHARGE_7D,2025-07-23,25.0,True,Research-generated IncentiveRewards mock,MyRewards Health Action Incentive,CARE_GAP_COMPLETION,USD
IR-MOCK01492-BH_POST_DISCHARGE_7D-20250702,MOCK01492,BH_POST_DISCHARGE_7D,2025-07-02,25.0,True,Research-generated IncentiveRewards mock,MyRewards Health Action Incentive,CARE_GAP_COMPLETION,USD
IR-MOCK01498-BH_POST_DISCHARGE_7D-20250707,MOCK01498,BH_POST_DISCHARGE_7D,2025-07-07,20.0,True,Research-generated IncentiveRewards mock,MyRewards Health Action Incentive,CARE_GAP_COMPLETION,USD
IR-MOCK01516-BH_POST_DISCHARGE_7D-20250723,MOCK01516,BH_POST_DISCHARGE_7D,2025-07-23,20.0,True,Research-generated IncentiveRewards mock,MyRewards Health Action Incentive,CARE_GAP_COMPLETION,USD
IR-MOCK01528-BH_POST_DISCHARGE_7D-20250731,MOCK01528,BH_POST_DISCHARGE_7D,2025-07-31,50.0,True,Research-generated IncentiveRewards mock,MyRewards Health Action Incentive,CARE_GAP_COMPLETION,USD
IR-MOCK01534-BH_POST_DISCHARGE_7D-20250716,MOCK01534,BH_POST_DISCHARGE_7D,2025-07-16,10.0,True,Research-generated IncentiveRewards mock,MyRewards Health Action Incentive,CARE_GAP_COMPLETION,USD
IR-MOCK01540-BH_POST_DISCHARGE_7D-20250715,MOCK01540,BH_POST_DISCHARGE_7D,2025-07-15,50.0,True,Research-generated IncentiveRewards mock,MyRewards Health Action Incentive,CARE_GAP_COMPLETION,USD
IR-MOCK01546-BH_POST_DISCHARGE_7D-20250708,MOCK01546,BH_POST_DISCHARGE_7D,2025-07-08,10.0,True,Research-generated IncentiveRewards mock,MyRewards Health Action Incentive,CARE_GAP_COMPLETION,USD
IR-MOCK01552-BH_POST_DISCHARGE_7D-20250717,MOCK01552,BH_POST_DISCHARGE_7D,2025-07-17,20.0,True,Research-generated IncentiveRewards mock,MyRewards Health Action Incentive,CARE_GAP_COMPLETION,USD
IR-MOCK01564-BH_POST_DISCHARGE_7D-20250722,MOCK01564,BH_POST_DISCHARGE_7D,2025-07-22,30.0,True,Research-generated IncentiveRewards mock,MyRewards Health Action Incentive,CARE_GAP_COMPLETION,USD
IR-MOCK01588-BH_POST_DISCHARGE_7D-20250726,MOCK01588,BH_POST_DISCHARGE_7D,2025-07-26,20.0,True,Research-generated IncentiveRewards mock,MyRewards Health Action Incentive,CARE_GAP_COMPLETION,USD
IR-MOCK01600-BH_POST_DISCHARGE_7D-20250718,MOCK01600,BH_POST_DISCHARGE_7D,2025-07-18,20.0,True,Research-generated IncentiveRewards mock,MyRewards Health Action Incentive,CARE_GAP_COMPLETION,USD
IR-MOCK01612-BH_POST_DISCHARGE_7D-20250727,MOCK01612,BH_POST_DISCHARGE_7D,2025-07-27,10.0,True,Research-generated IncentiveRewards mock,MyRewards Health Action Incentive,CARE_GAP_COMPLETION,USD
IR-MOCK01624-BH_POST_DISCHARGE_7D-20250807,MOCK01624,BH_POST_DISCHARGE_7D,2025-08-07,10.0,True,Research-generated IncentiveRewards mock,MyRewards Health Action Incentive,CARE_GAP_COMPLETION,USD
IR-MOCK01636-BH_POST_DISCHARGE_7D-20250713,MOCK01636,BH_POST_DISCHARGE_7D,2025-07-13,20.0,True,Research-generated IncentiveRewards mock,MyRewards Health Action Incentive,CARE_GAP_COMPLETION,USD
IR-MOCK01642-BH_POST_DISCHARGE_7D-20250728,MOCK01642,BH_POST_DISCHARGE_7D,2025-07-28,20.0,True,Research-generated IncentiveRewards mock,MyRewards Health Action Incentive,CARE_GAP_COMPLETION,USD
IR-MOCK01654-BH_POST_DISCHARGE_7D-20250707,MOCK01654,BH_POST_DISCHARGE_7D,2025-07-07,50.0,True,Research-generated IncentiveRewards mock,MyRewards Health Action Incentive,CARE_GAP_COMPLETION,USD
IR-MOCK01696-BH_POST_DISCHARGE_7D-20250805,MOCK01696,BH_POST_DISCHARGE_7D,2025-08-05,20.0,True,Research-generated IncentiveRewards mock,MyRewards Health Action Incentive,CARE_GAP_COMPLETION,USD
IR-MOCK01714-BH_POST_DISCHARGE_7D-20250701,MOCK01714,BH_POST_DISCHARGE_7D,2025-07-01,20.0,True,Research-generated IncentiveRewards mock,MyRewards Health Action Incentive,CARE_GAP_COMPLETION,USD
IR-MOCK01720-BH_POST_DISCHARGE_7D-20250720,MOCK01720,BH_POST_DISCHARGE_7D,2025-07-20,30.0,True,Research-generated IncentiveRewards mock,MyRewards Health Action Incentive,CARE_GAP_COMPLETION,USD
IR-MOCK01726-BH_POST_DISCHARGE_7D-20250803,MOCK01726,BH_POST_DISCHARGE_7D,2025-08-03,5.0,True,Research-generated IncentiveRewards mock,MyRewards Health Action Incentive,CARE_GAP_COMPLETION,USD
IR-MOCK01738-BH_POST_DISCHARGE_7D-20250709,MOCK01738,BH_POST_DISCHARGE_7D,2025-07-09,20.0,True,Research-generated IncentiveRewards mock,MyRewards Health Action Incentive,CARE_GAP_COMPLETION,USD
IR-MOCK01762-BH_POST_DISCHARGE_7D-20250710,MOCK01762,BH_POST_DISCHARGE_7D,2025-07-10,20.0,True,Research-generated IncentiveRewards mock,MyRewards Health Action Incentive,CARE_GAP_COMPLETION,USD
IR-MOCK01780-BH_POST_DISCHARGE_7D-20250724,MOCK01780,BH_POST_DISCHARGE_7D,2025-07-24,25.0,True,Research-generated IncentiveRewards mock,MyRewards Health Action Incentive,CARE_GAP_COMPLETION,USD
IR-MOCK01786-BH_POST_DISCHARGE_7D-20250717,MOCK01786,BH_POST_DISCHARGE_7D,2025-07-17,25.0,True,Research-generated IncentiveRewards mock,MyRewards Health Action Incentive,CARE_GAP_COMPLETION,USD
IR-MOCK01792-BH_POST_DISCHARGE_7D-20250805,MOCK01792,BH_POST_DISCHARGE_7D,2025-08-05,25.0,True,Research-generated IncentiveRewards mock,MyRewards Health Action Incentive,CARE_GAP_COMPLETION,USD
IR-MOCK01804-BH_POST_DISCHARGE_7D-20250730,MOCK01804,BH_POST_DISCHARGE_7D,2025-07-30,25.0,True,Research-generated IncentiveRewards mock,MyRewards Health Action Incentive,CARE_GAP_COMPLETION,USD
IR-MOCK01810-BH_POST_DISCHARGE_7D-20250630,MOCK01810,BH_POST_DISCHARGE_7D,2025-06-30,50.0,True,Research-generated IncentiveRewards mock,MyRewards Health Action Incentive,CARE_GAP_COMPLETION,USD
IR-MOCK01816-BH_POST_DISCHARGE_7D-20250802,MOCK01816,BH_POST_DISCHARGE_7D,2025-08-02,25.0,True,Research-generated IncentiveRewards mock,MyRewards Health Action Incentive,CARE_GAP_COMPLETION,USD
IR-MOCK01822-BH_POST_DISCHARGE_7D-20250729,MOCK01822,BH_POST_DISCHARGE_7D,2025-07-29,25.0,True,Research-generated IncentiveRewards mock,MyRewards Health Action Incentive,CARE_GAP_COMPLETION,USD
IR-MOCK01828-BH_POST_DISCHARGE_7D-20250715,MOCK01828,BH_POST_DISCHARGE_7D,2025-07-15,20.0,True,Research-generated IncentiveRewards mock,MyRewards Health Action Incentive,CARE_GAP_COMPLETION,USD
IR-MOCK01852-BH_POST_DISCHARGE_7D-20250721,MOCK01852,BH_POST_DISCHARGE_7D,2025-07-21,20.0,True,Research-generated IncentiveRewards mock,MyRewards Health Action Incentive,CARE_GAP_COMPLETION,USD
IR-MOCK01882-BH_POST_DISCHARGE_7D-20250731,MOCK01882,BH_POST_DISCHARGE_7D,2025-07-31,25.0,True,Research-generated IncentiveRewards mock,MyRewards Health Action Incentive,CARE_GAP_COMPLETION,USD
IR-MOCK01900-BH_POST_DISCHARGE_7D-20250721,MOCK01900,BH_POST_DISCHARGE_7D,2025-07-21,25.0,True,Research-generated IncentiveRewards mock,MyRewards Health Action Incentive,CARE_GAP_COMPLETION,USD
IR-MOCK01912-BH_POST_DISCHARGE_7D-20250702,MOCK01912,BH_POST_DISCHARGE_7D,2025-07-02,30.0,True,Research-generated IncentiveRewards mock,MyRewards Health Action Incentive,CARE_GAP_COMPLETION,USD
IR-MOCK01918-BH_POST_DISCHARGE_7D-20250630,MOCK01918,BH_POST_DISCHARGE_7D,2025-06-30,20.0,True,Research-generated IncentiveRewards mock,MyRewards Health Action Incentive,CARE_GAP_COMPLETION,USD
IR-MOCK01948-BH_POST_DISCHARGE_7D-20250804,MOCK01948,BH_POST_DISCHARGE_7D,2025-08-04,30.0,True,Research-generated IncentiveRewards mock,MyRewards Health Action Incentive,CARE_GAP_COMPLETION,USD
IR-MOCK01966-BH_POST_DISCHARGE_7D-20250725,MOCK01966,BH_POST_DISCHARGE_7D,2025-07-25,25.0,True,Research-generated IncentiveRewards mock,MyRewards Health Action Incentive,CARE_GAP_COMPLETION,USD
IR-MOCK01984-BH_POST_DISCHARGE_7D-20250702,MOCK01984,BH_POST_DISCHARGE_7D,2025-07-02,10.0,True,Research-generated IncentiveRewards mock,MyRewards Health Action Incentive,CARE_GAP_COMPLETION,USD
IR-MOCK02026-BH_POST_DISCHARGE_7D-20250710,MOCK02026,BH_POST_DISCHARGE_7D,2025-07-10,25.0,True,Research-generated IncentiveRewards mock,MyRewards Health Action Incentive,CARE_GAP_COMPLETION,USD
IR-MOCK02086-BH_POST_DISCHARGE_7D-20250630,MOCK02086,BH_POST_DISCHARGE_7D,2025-06-30,20.0,True,Research-generated IncentiveRewards mock,MyRewards Health Action Incentive,CARE_GAP_COMPLETION,USD
IR-MOCK02092-BH_POST_DISCHARGE_7D-20250704,MOCK02092,BH_POST_DISCHARGE_7D,2025-07-04,10.0,True,Research-generated IncentiveRewards mock,MyRewards Health Action Incentive,CARE_GAP_COMPLETION,USD
IR-MOCK02104-BH_POST_DISCHARGE_7D-20250722,MOCK02104,BH_POST_DISCHARGE_7D,2025-07-22,25.0,True,Research-generated IncentiveRewards mock,MyRewards Health Action Incentive,CARE_GAP_COMPLETION,USD
IR-MOCK02110-BH_POST_DISCHARGE_7D-20250703,MOCK02110,BH_POST_DISCHARGE_7D,2025-07-03,25.0,True,Research-generated IncentiveRewards mock,MyRewards Health Action Incentive,CARE_GAP_COMPLETION,USD
IR-MOCK02116-BH_POST_DISCHARGE_7D-20250709,MOCK02116,BH_POST_DISCHARGE_7D,2025-07-09,20.0,True,Research-generated IncentiveRewards mock,MyRewards Health Action Incentive,CARE_GAP_COMPLETION,USD
IR-MOCK02152-BH_POST_DISCHARGE_7D-20250729,MOCK02152,BH_POST_DISCHARGE_7D,2025-07-29,20.0,True,Research-generated IncentiveRewards mock,MyRewards Health Action Incentive,CARE_GAP_COMPLETION,USD
IR-MOCK02158-BH_POST_DISCHARGE_7D-20250717,MOCK02158,BH_POST_DISCHARGE_7D,2025-07-17,20.0,True,Research-generated IncentiveRewards mock,MyRewards Health Action Incentive,CARE_GAP_COMPLETION,USD
IR-MOCK02164-BH_POST_DISCHARGE_7D-20250803,MOCK02164,BH_POST_DISCHARGE_7D,2025-08-03,10.0,True,Research-generated IncentiveRewards mock,MyRewards Health Action Incentive,CARE_GAP_COMPLETION,USD
IR-MOCK02170-BH_POST_DISCHARGE_7D-20250728,MOCK02170,BH_POST_DISCHARGE_7D,2025-07-28,50.0,True,Research-generated IncentiveRewards mock,MyRewards Health Action Incentive,CARE_GAP_COMPLETION,USD
IR-MOCK02182-BH_POST_DISCHARGE_7D-20250717,MOCK02182,BH_POST_DISCHARGE_7D,2025-07-17,20.0,True,Research-generated IncentiveRewards mock,MyRewards Health Action Incentive,CARE_GAP_COMPLETION,USD
IR-MOCK02200-BH_POST_DISCHARGE_7D-20250707,MOCK02200,BH_POST_DISCHARGE_7D,2025-07-07,10.0,True,Research-generated IncentiveRewards mock,MyRewards Health Action Incentive,CARE_GAP_COMPLETION,USD
IR-MOCK02248-BH_POST_DISCHARGE_7D-20250803,MOCK02248,BH_POST_DISCHARGE_7D,2025-08-03,5.0,True,Research-generated IncentiveRewards mock,MyRewards Health Action Incentive,CARE_GAP_COMPLETION,USD
IR-MOCK02266-BH_POST_DISCHARGE_7D-20250802,MOCK02266,BH_POST_DISCHARGE_7D,2025-08-02,5.0,True,Research-generated IncentiveRewards mock,MyRewards Health Action Incentive,CARE_GAP_COMPLETION,USD
IR-MOCK02272-BH_POST_DISCHARGE_7D-20250806,MOCK02272,BH_POST_DISCHARGE_7D,2025-08-06,25.0,True,Research-generated IncentiveRewards mock,MyRewards Health Action Incentive,CARE_GAP_COMPLETION,USD
IR-MOCK02278-BH_POST_DISCHARGE_7D-20250720,MOCK02278,BH_POST_DISCHARGE_7D,2025-07-20,25.0,True,Research-generated IncentiveRewards mock,MyRewards Health Action Incentive,CARE_GAP_COMPLETION,USD
IR-MOCK02284-BH_POST_DISCHARGE_7D-20250712,MOCK02284,BH_POST_DISCHARGE_7D,2025-07-12,50.0,True,Research-generated IncentiveRewards mock,MyRewards Health Action Incentive,CARE_GAP_COMPLETION,USD
IR-MOCK02290-BH_POST_DISCHARGE_7D-20250727,MOCK02290,BH_POST_DISCHARGE_7D,2025-07-27,25.0,True,Research-generated IncentiveRewards mock,MyRewards Health Action Incentive,CARE_GAP_COMPLETION,USD
IR-MOCK02296-BH_POST_DISCHARGE_7D-20250718,MOCK02296,BH_POST_DISCHARGE_7D,2025-07-18,10.0,True,Research-generated IncentiveRewards mock,MyRewards Health Action Incentive,CARE_GAP_COMPLETION,USD
IR-MOCK02320-BH_POST_DISCHARGE_7D-20250709,MOCK02320,BH_POST_DISCHARGE_7D,2025-07-09,25.0,True,Research-generated IncentiveRewards mock,MyRewards Health Action Incentive,CARE_GAP_COMPLETION,USD
IR-MOCK02332-BH_POST_DISCHARGE_7D-20250721,MOCK02332,BH_POST_DISCHARGE_7D,2025-07-21,25.0,True,Research-generated IncentiveRewards mock,MyRewards Health Action Incentive,CARE_GAP_COMPLETION,USD
IR-MOCK02338-BH_POST_DISCHARGE_7D-20250805,MOCK02338,BH_POST_DISCHARGE_7D,2025-08-05,20.0,True,Research-generated IncentiveRewards mock,MyRewards Health Action Incentive,CARE_GAP_COMPLETION,USD
IR-MOCK02386-BH_POST_DISCHARGE_7D-20250715,MOCK02386,BH_POST_DISCHARGE_7D,2025-07-15,25.0,True,Research-generated IncentiveRewards mock,MyRewards Health Action Incentive,CARE_GAP_COMPLETION,USD
IR-MOCK02392-BH_POST_DISCHARGE_7D-20250718,MOCK02392,BH_POST_DISCHARGE_7D,2025-07-18,25.0,True,Research-generated IncentiveRewards mock,MyRewards Health Action Incentive,CARE_GAP_COMPLETION,USD
IR-MOCK02410-BH_POST_DISCHARGE_7D-20250717,MOCK02410,BH_POST_DISCHARGE_7D,2025-07-17,30.0,True,Research-generated IncentiveRewards mock,MyRewards Health Action Incentive,CARE_GAP_COMPLETION,USD
IR-MOCK02416-BH_POST_DISCHARGE_7D-20250705,MOCK02416,BH_POST_DISCHARGE_7D,2025-07-05,25.0,True,Research-generated IncentiveRewards mock,MyRewards Health Action Incentive,CARE_GAP_COMPLETION,USD
IR-MOCK02422-BH_POST_DISCHARGE_7D-20250727,MOCK02422,BH_POST_DISCHARGE_7D,2025-07-27,25.0,True,Research-generated IncentiveRewards mock,MyRewards Health Action Incentive,CARE_GAP_COMPLETION,USD
IR-MOCK02434-BH_POST_DISCHARGE_7D-20250701,MOCK02434,BH_POST_DISCHARGE_7D,2025-07-01,25.0,True,Research-generated IncentiveRewards mock,MyRewards Health Action Incentive,CARE_GAP_COMPLETION,USD
IR-MOCK02446-BH_POST_DISCHARGE_7D-20250803,MOCK02446,BH_POST_DISCHARGE_7D,2025-08-03,25.0,True,Research-generated IncentiveRewards mock,MyRewards Health Action Incentive,CARE_GAP_COMPLETION,USD
IR-MOCK02452-BH_POST_DISCHARGE_7D-20250704,MOCK02452,BH_POST_DISCHARGE_7D,2025-07-04,20.0,True,Research-generated IncentiveRewards mock,MyRewards Health Action Incentive,CARE_GAP_COMPLETION,USD
IR-MOCK02458-BH_POST_DISCHARGE_7D-20250715,MOCK02458,BH_POST_DISCHARGE_7D,2025-07-15,10.0,True,Research-generated IncentiveRewards mock,MyRewards Health Action Incentive,CARE_GAP_COMPLETION,USD
IR-MOCK02470-BH_POST_DISCHARGE_7D-20250703,MOCK02470,BH_POST_DISCHARGE_7D,2025-07-03,10.0,True,Research-generated IncentiveRewards mock,MyRewards Health Action Incentive,CARE_GAP_COMPLETION,USD
IR-MOCK02494-BH_POST_DISCHARGE_7D-20250708,MOCK02494,BH_POST_DISCHARGE_7D,2025-07-08,25.0,True,Research-generated IncentiveRewards mock,MyRewards Health Action Incentive,CARE_GAP_COMPLETION,USD
IR-MOCK02506-BH_POST_DISCHARGE_7D-20250716,MOCK02506,BH_POST_DISCHARGE_7D,2025-07-16,10.0,True,Research-generated IncentiveRewards mock,MyRewards Health Action Incentive,CARE_GAP_COMPLETION,USD
IR-MOCK02548-BH_POST_DISCHARGE_7D-20250701,MOCK02548,BH_POST_DISCHARGE_7D,2025-07-01,20.0,True,Research-generated IncentiveRewards mock,MyRewards Health Action Incentive,CARE_GAP_COMPLETION,USD
IR-MOCK02560-BH_POST_DISCHARGE_7D-20250720,MOCK02560,BH_POST_DISCHARGE_7D,2025-07-20,25.0,True,Research-generated IncentiveRewards mock,MyRewards Health Action Incentive,CARE_GAP_COMPLETION,USD
IR-MOCK02566-BH_POST_DISCHARGE_7D-20250730,MOCK02566,BH_POST_DISCHARGE_7D,2025-07-30,25.0,True,Research-generated IncentiveRewards mock,MyRewards Health Action Incentive,CARE_GAP_COMPLETION,USD
IR-MOCK02620-BH_POST_DISCHARGE_7D-20250804,MOCK02620,BH_POST_DISCHARGE_7D,2025-08-04,25.0,True,Research-generated IncentiveRewards mock,MyRewards Health Action Incentive,CARE_GAP_COMPLETION,USD
IR-MOCK02644-BH_POST_DISCHARGE_7D-20250706,MOCK02644,BH_POST_DISCHARGE_7D,2025-07-06,25.0,True,Research-generated IncentiveRewards mock,MyRewards Health Action Incentive,CARE_GAP_COMPLETION,USD
IR-MOCK02650-BH_POST_DISCHARGE_7D-20250801,MOCK02650,BH_POST_DISCHARGE_7D,2025-08-01,25.0,True,Research-generated IncentiveRewards mock,MyRewards Health Action Incentive,CARE_GAP_COMPLETION,USD
IR-MOCK02656-BH_POST_DISCHARGE_7D-20250728,MOCK02656,BH_POST_DISCHARGE_7D,2025-07-28,25.0,True,Research-generated IncentiveRewards mock,MyRewards Health Action Incentive,CARE_GAP_COMPLETION,USD
IR-MOCK02662-BH_POST_DISCHARGE_7D-20250705,MOCK02662,BH_POST_DISCHARGE_7D,2025-07-05,25.0,True,Research-generated IncentiveRewards mock,MyRewards Health Action Incentive,CARE_GAP_COMPLETION,USD
IR-MOCK02674-BH_POST_DISCHARGE_7D-20250720,MOCK02674,BH_POST_DISCHARGE_7D,2025-07-20,20.0,True,Research-generated IncentiveRewards mock,MyRewards Health Action Incentive,CARE_GAP_COMPLETION,USD
IR-MOCK02680-BH_POST_DISCHARGE_7D-20250707,MOCK02680,BH_POST_DISCHARGE_7D,2025-07-07,30.0,True,Research-generated IncentiveRewards mock,MyRewards Health Action Incentive,CARE_GAP_COMPLETION,USD
IR-MOCK02692-BH_POST_DISCHARGE_7D-20250729,MOCK02692,BH_POST_DISCHARGE_7D,2025-07-29,20.0,True,Research-generated IncentiveRewards mock,MyRewards Health Action Incentive,CARE_GAP_COMPLETION,USD
IR-MOCK02698-BH_POST_DISCHARGE_7D-20250710,MOCK02698,BH_POST_DISCHARGE_7D,2025-07-10,50.0,True,Research-generated IncentiveRewards mock,MyRewards Health Action Incentive,CARE_GAP_COMPLETION,USD
IR-MOCK02734-BH_POST_DISCHARGE_7D-20250721,MOCK02734,BH_POST_DISCHARGE_7D,2025-07-21,5.0,True,Research-generated IncentiveRewards mock,MyRewards Health Action Incentive,CARE_GAP_COMPLETION,USD
IR-MOCK02764-BH_POST_DISCHARGE_7D-20250729,MOCK02764,BH_POST_DISCHARGE_7D,2025-07-29,20.0,True,Research-generated IncentiveRewards mock,MyRewards Health Action Incentive,CARE_GAP_COMPLETION,USD
IR-MOCK02770-BH_POST_DISCHARGE_7D-20250713,MOCK02770,BH_POST_DISCHARGE_7D,2025-07-13,25.0,True,Research-generated IncentiveRewards mock,MyRewards Health Action Incentive,CARE_GAP_COMPLETION,USD
IR-MOCK02788-BH_POST_DISCHARGE_7D-20250730,MOCK02788,BH_POST_DISCHARGE_7D,2025-07-30,25.0,True,Research-generated IncentiveRewards mock,MyRewards Health Action Incentive,CARE_GAP_COMPLETION,USD
IR-MOCK02812-BH_POST_DISCHARGE_7D-20250729,MOCK02812,BH_POST_DISCHARGE_7D,2025-07-29,10.0,True,Research-generated IncentiveRewards mock,MyRewards Health Action Incentive,CARE_GAP_COMPLETION,USD
IR-MOCK02848-BH_POST_DISCHARGE_7D-20250718,MOCK02848,BH_POST_DISCHARGE_7D,2025-07-18,20.0,True,Research-generated IncentiveRewards mock,MyRewards Health Action Incentive,CARE_GAP_COMPLETION,USD
IR-MOCK02860-BH_POST_DISCHARGE_7D-20250723,MOCK02860,BH_POST_DISCHARGE_7D,2025-07-23,20.0,True,Research-generated IncentiveRewards mock,MyRewards Health Action Incentive,CARE_GAP_COMPLETION,USD
IR-MOCK02890-BH_POST_DISCHARGE_7D-20250714,MOCK02890,BH_POST_DISCHARGE_7D,2025-07-14,10.0,True,Research-generated IncentiveRewards mock,MyRewards Health Action Incentive,CARE_GAP_COMPLETION,USD
IR-MOCK02896-BH_POST_DISCHARGE_7D-20250803,MOCK02896,BH_POST_DISCHARGE_7D,2025-08-03,25.0,True,Research-generated IncentiveRewards mock,MyRewards Health Action Incentive,CARE_GAP_COMPLETION,USD
IR-MOCK02908-BH_POST_DISCHARGE_7D-20250706,MOCK02908,BH_POST_DISCHARGE_7D,2025-07-06,50.0,True,Research-generated IncentiveRewards mock,MyRewards Health Action Incentive,CARE_GAP_COMPLETION,USD
IR-MOCK02914-BH_POST_DISCHARGE_7D-20250719,MOCK02914,BH_POST_DISCHARGE_7D,2025-07-19,10.0,True,Research-generated IncentiveRewards mock,MyRewards Health Action Incentive,CARE_GAP_COMPLETION,USD
IR-MOCK02926-BH_POST_DISCHARGE_7D-20250725,MOCK02926,BH_POST_DISCHARGE_7D,2025-07-25,20.0,True,Research-generated IncentiveRewards mock,MyRewards Health Action Incentive,CARE_GAP_COMPLETION,USD
IR-MOCK02932-BH_POST_DISCHARGE_7D-20250702,MOCK02932,BH_POST_DISCHARGE_7D,2025-07-02,10.0,True,Research-generated IncentiveRewards mock,MyRewards Health Action Incentive,CARE_GAP_COMPLETION,USD
IR-MOCK02938-BH_POST_DISCHARGE_7D-20250727,MOCK02938,BH_POST_DISCHARGE_7D,2025-07-27,20.0,True,Research-generated IncentiveRewards mock,MyRewards Health Action Incentive,CARE_GAP_COMPLETION,USD
IR-MOCK02968-BH_POST_DISCHARGE_7D-20250710,MOCK02968,BH_POST_DISCHARGE_7D,2025-07-10,20.0,True,Research-generated IncentiveRewards mock,MyRewards Health Action Incentive,CARE_GAP_COMPLETION,USD
IR-MOCK02980-BH_POST_DISCHARGE_7D-20250730,MOCK02980,BH_POST_DISCHARGE_7D,2025-07-30,20.0,True,Research-generated IncentiveRewards mock,MyRewards Health Action Incentive,CARE_GAP_COMPLETION,USD
IR-MOCK02992-BH_POST_DISCHARGE_7D-20250720,MOCK02992,BH_POST_DISCHARGE_7D,2025-07-20,25.0,True,Research-generated IncentiveRewards mock,MyRewards Health Action Incentive,CARE_GAP_COMPLETION,USD
IR-MOCK02998-BH_POST_DISCHARGE_7D-20250805,MOCK02998,BH_POST_DISCHARGE_7D,2025-08-05,20.0,True,Research-generated IncentiveRewards mock,MyRewards Health Action Incentive,CARE_GAP_COMPLETION,USD
IR-MOCK03010-BH_POST_DISCHARGE_7D-20250711,MOCK03010,BH_POST_DISCHARGE_7D,2025-07-11,5.0,True,Research-generated IncentiveRewards mock,MyRewards Health Action Incentive,CARE_GAP_COMPLETION,USD
IR-MOCK03034-BH_POST_DISCHARGE_7D-20250711,MOCK03034,BH_POST_DISCHARGE_7D,2025-07-11,20.0,True,Research-generated IncentiveRewards mock,MyRewards Health Action Incentive,CARE_GAP_COMPLETION,USD
IR-MOCK03052-BH_POST_DISCHARGE_7D-20250707,MOCK03052,BH_POST_DISCHARGE_7D,2025-07-07,25.0,True,Research-generated IncentiveRewards mock,MyRewards Health Action Incentive,CARE_GAP_COMPLETION,USD
IR-MOCK03088-BH_POST_DISCHARGE_7D-20250723,MOCK03088,BH_POST_DISCHARGE_7D,2025-07-23,20.0,True,Research-generated IncentiveRewards mock,MyRewards Health Action Incentive,CARE_GAP_COMPLETION,USD
IR-MOCK03100-BH_POST_DISCHARGE_7D-20250714,MOCK03100,BH_POST_DISCHARGE_7D,2025-07-14,20.0,True,Research-generated IncentiveRewards mock,MyRewards Health Action Incentive,CARE_GAP_COMPLETION,USD
IR-MOCK03130-BH_POST_DISCHARGE_7D-20250705,MOCK03130,BH_POST_DISCHARGE_7D,2025-07-05,25.0,True,Research-generated IncentiveRewards mock,MyRewards Health Action Incentive,CARE_GAP_COMPLETION,USD
IR-MOCK03142-BH_POST_DISCHARGE_7D-20250711,MOCK03142,BH_POST_DISCHARGE_7D,2025-07-11,20.0,True,Research-generated IncentiveRewards mock,MyRewards Health Action Incentive,CARE_GAP_COMPLETION,USD
IR-MOCK03160-BH_POST_DISCHARGE_7D-20250712,MOCK03160,BH_POST_DISCHARGE_7D,2025-07-12,25.0,True,Research-generated IncentiveRewards mock,MyRewards Health Action Incentive,CARE_GAP_COMPLETION,USD
IR-MOCK03202-BH_POST_DISCHARGE_7D-20250729,MOCK03202,BH_POST_DISCHARGE_7D,2025-07-29,10.0,True,Research-generated IncentiveRewards mock,MyRewards Health Action Incentive,CARE_GAP_COMPLETION,USD
IR-MOCK03208-BH_POST_DISCHARGE_7D-20250722,MOCK03208,BH_POST_DISCHARGE_7D,2025-07-22,20.0,True,Research-generated IncentiveRewards mock,MyRewards Health Action Incentive,CARE_GAP_COMPLETION,USD
IR-MOCK03214-BH_POST_DISCHARGE_7D-20250630,MOCK03214,BH_POST_DISCHARGE_7D,2025-06-30,10.0,True,Research-generated IncentiveRewards mock,MyRewards Health Action Incentive,CARE_GAP_COMPLETION,USD
IR-MOCK03220-BH_POST_DISCHARGE_7D-20250722,MOCK03220,BH_POST_DISCHARGE_7D,2025-07-22,25.0,True,Research-generated IncentiveRewards mock,MyRewards Health Action Incentive,CARE_GAP_COMPLETION,USD
IR-MOCK03226-BH_POST_DISCHARGE_7D-20250731,MOCK03226,BH_POST_DISCHARGE_7D,2025-07-31,25.0,True,Research-generated IncentiveRewards mock,MyRewards Health Action Incentive,CARE_GAP_COMPLETION,USD
IR-MOCK03244-BH_POST_DISCHARGE_7D-20250709,MOCK03244,BH_POST_DISCHARGE_7D,2025-07-09,50.0,True,Research-generated IncentiveRewards mock,MyRewards Health Action Incentive,CARE_GAP_COMPLETION,USD
IR-MOCK03262-BH_POST_DISCHARGE_7D-20250713,MOCK03262,BH_POST_DISCHARGE_7D,2025-07-13,20.0,True,Research-generated IncentiveRewards mock,MyRewards Health Action Incentive,CARE_GAP_COMPLETION,USD
IR-MOCK03274-BH_POST_DISCHARGE_7D-20250717,MOCK03274,BH_POST_DISCHARGE_7D,2025-07-17,10.0,True,Research-generated IncentiveRewards mock,MyRewards Health Action Incentive,CARE_GAP_COMPLETION,USD
IR-MOCK03292-BH_POST_DISCHARGE_7D-20250712,MOCK03292,BH_POST_DISCHARGE_7D,2025-07-12,25.0,True,Research-generated IncentiveRewards mock,MyRewards Health Action Incentive,CARE_GAP_COMPLETION,USD
IR-MOCK03298-BH_POST_DISCHARGE_7D-20250705,MOCK03298,BH_POST_DISCHARGE_7D,2025-07-05,25.0,True,Research-generated IncentiveRewards mock,MyRewards Health Action Incentive,CARE_GAP_COMPLETION,USD
IR-MOCK03310-BH_POST_DISCHARGE_7D-20250726,MOCK03310,BH_POST_DISCHARGE_7D,2025-07-26,50.0,True,Research-generated IncentiveRewards mock,MyRewards Health Action Incentive,CARE_GAP_COMPLETION,USD
IR-MOCK03328-BH_POST_DISCHARGE_7D-20250704,MOCK03328,BH_POST_DISCHARGE_7D,2025-07-04,25.0,True,Research-generated IncentiveRewards mock,MyRewards Health Action Incentive,CARE_GAP_COMPLETION,USD
IR-MOCK03346-BH_POST_DISCHARGE_7D-20250726,MOCK03346,BH_POST_DISCHARGE_7D,2025-07-26,20.0,True,Research-generated IncentiveRewards mock,MyRewards Health Action Incentive,CARE_GAP_COMPLETION,USD
IR-MOCK03370-BH_POST_DISCHARGE_7D-20250711,MOCK03370,BH_POST_DISCHARGE_7D,2025-07-11,25.0,True,Research-generated IncentiveRewards mock,MyRewards Health Action Incentive,CARE_GAP_COMPLETION,USD
IR-MOCK03376-BH_POST_DISCHARGE_7D-20250721,MOCK03376,BH_POST_DISCHARGE_7D,2025-07-21,25.0,True,Research-generated IncentiveRewards mock,MyRewards Health Action Incentive,CARE_GAP_COMPLETION,USD
IR-MOCK03394-BH_POST_DISCHARGE_7D-20250705,MOCK03394,BH_POST_DISCHARGE_7D,2025-07-05,25.0,True,Research-generated IncentiveRewards mock,MyRewards Health Action Incentive,CARE_GAP_COMPLETION,USD
IR-MOCK03412-BH_POST_DISCHARGE_7D-20250806,MOCK03412,BH_POST_DISCHARGE_7D,2025-08-06,10.0,True,Research-generated IncentiveRewards mock,MyRewards Health Action Incentive,CARE_GAP_COMPLETION,USD
IR-MOCK03460-BH_POST_DISCHARGE_7D-20250713,MOCK03460,BH_POST_DISCHARGE_7D,2025-07-13,25.0,True,Research-generated IncentiveRewards mock,MyRewards Health Action Incentive,CARE_GAP_COMPLETION,USD
IR-MOCK03484-BH_POST_DISCHARGE_7D-20250722,MOCK03484,BH_POST_DISCHARGE_7D,2025-07-22,25.0,True,Research-generated IncentiveRewards mock,MyRewards Health Action Incentive,CARE_GAP_COMPLETION,USD
IR-MOCK03490-BH_POST_DISCHARGE_7D-20250712,MOCK03490,BH_POST_DISCHARGE_7D,2025-07-12,20.0,True,Research-generated IncentiveRewards mock,MyRewards Health Action Incentive,CARE_GAP_COMPLETION,USD
IR-MOCK03496-BH_POST_DISCHARGE_7D-20250701,MOCK03496,BH_POST_DISCHARGE_7D,2025-07-01,5.0,True,Research-generated IncentiveRewards mock,MyRewards Health Action Incentive,CARE_GAP_COMPLETION,USD
IR-MOCK03520-BH_POST_DISCHARGE_7D-20250716,MOCK03520,BH_POST_DISCHARGE_7D,2025-07-16,50.0,True,Research-generated IncentiveRewards mock,MyRewards Health Action Incentive,CARE_GAP_COMPLETION,USD
IR-MOCK03532-BH_POST_DISCHARGE_7D-20250716,MOCK03532,BH_POST_DISCHARGE_7D,2025-07-16,20.0,True,Research-generated IncentiveRewards mock,MyRewards Health Action Incentive,CARE_GAP_COMPLETION,USD
IR-MOCK03538-BH_POST_DISCHARGE_7D-20250713,MOCK03538,BH_POST_DISCHARGE_7D,2025-07-13,10.0,True,Research-generated IncentiveRewards mock,MyRewards Health Action Incentive,CARE_GAP_COMPLETION,USD
IR-MOCK03544-BH_POST_DISCHARGE_7D-20250712,MOCK03544,BH_POST_DISCHARGE_7D,2025-07-12,25.0,True,Research-generated IncentiveRewards mock,MyRewards Health Action Incentive,CARE_GAP_COMPLETION,USD
IR-MOCK03562-BH_POST_DISCHARGE_7D-20250725,MOCK03562,BH_POST_DISCHARGE_7D,2025-07-25,25.0,True,Research-generated IncentiveRewards mock,MyRewards Health Action Incentive,CARE_GAP_COMPLETION,USD
IR-MOCK03568-BH_POST_DISCHARGE_7D-20250706,MOCK03568,BH_POST_DISCHARGE_7D,2025-07-06,25.0,True,Research-generated IncentiveRewards mock,MyRewards Health Action Incentive,CARE_GAP_COMPLETION,USD
IR-MOCK03580-BH_POST_DISCHARGE_7D-20250705,MOCK03580,BH_POST_DISCHARGE_7D,2025-07-05,25.0,True,Research-generated IncentiveRewards mock,MyRewards Health Action Incentive,CARE_GAP_COMPLETION,USD
IR-MOCK03592-BH_POST_DISCHARGE_7D-20250706,MOCK03592,BH_POST_DISCHARGE_7D,2025-07-06,25.0,True,Research-generated IncentiveRewards mock,MyRewards Health Action Incentive,CARE_GAP_COMPLETION,USD
IR-MOCK03598-BH_POST_DISCHARGE_7D-20250714,MOCK03598,BH_POST_DISCHARGE_7D,2025-07-14,20.0,True,Research-generated IncentiveRewards mock,MyRewards Health Action Incentive,CARE_GAP_COMPLETION,USD
IR-MOCK03604-BH_POST_DISCHARGE_7D-20250725,MOCK03604,BH_POST_DISCHARGE_7D,2025-07-25,25.0,True,Research-generated IncentiveRewards mock,MyRewards Health Action Incentive,CARE_GAP_COMPLETION,USD
IR-MOCK03622-BH_POST_DISCHARGE_7D-20250803,MOCK03622,BH_POST_DISCHARGE_7D,2025-08-03,20.0,True,Research-generated IncentiveRewards mock,MyRewards Health Action Incentive,CARE_GAP_COMPLETION,USD
IR-MOCK03634-BH_POST_DISCHARGE_7D-20250703,MOCK03634,BH_POST_DISCHARGE_7D,2025-07-03,20.0,True,Research-generated IncentiveRewards mock,MyRewards Health Action Incentive,CARE_GAP_COMPLETION,USD
IR-MOCK03646-BH_POST_DISCHARGE_7D-20250805,MOCK03646,BH_POST_DISCHARGE_7D,2025-08-05,25.0,True,Research-generated IncentiveRewards mock,MyRewards Health Action Incentive,CARE_GAP_COMPLETION,USD
IR-MOCK03658-BH_POST_DISCHARGE_7D-20250630,MOCK03658,BH_POST_DISCHARGE_7D,2025-06-30,50.0,True,Research-generated IncentiveRewards mock,MyRewards Health Action Incentive,CARE_GAP_COMPLETION,USD
IR-MOCK03688-BH_POST_DISCHARGE_7D-20250719,MOCK03688,BH_POST_DISCHARGE_7D,2025-07-19,25.0,True,Research-generated IncentiveRewards mock,MyRewards Health Action Incentive,CARE_GAP_COMPLETION,USD
IR-MOCK03694-BH_POST_DISCHARGE_7D-20250704,MOCK03694,BH_POST_DISCHARGE_7D,2025-07-04,25.0,True,Research-generated IncentiveRewards mock,MyRewards Health Action Incentive,CARE_GAP_COMPLETION,USD
IR-MOCK03748-BH_POST_DISCHARGE_7D-20250806,MOCK03748,BH_POST_DISCHARGE_7D,2025-08-06,20.0,False,Research-generated IncentiveRewards mock,MyRewards Health Action Incentive,CARE_GAP_COMPLETION,USD
IR-MOCK03766-BH_POST_DISCHARGE_7D-20250803,MOCK03766,BH_POST_DISCHARGE_7D,2025-08-03,20.0,True,Research-generated IncentiveRewards mock,MyRewards Health Action Incentive,CARE_GAP_COMPLETION,USD
IR-MOCK03784-BH_POST_DISCHARGE_7D-20250730,MOCK03784,BH_POST_DISCHARGE_7D,2025-07-30,20.0,True,Research-generated IncentiveRewards mock,MyRewards Health Action Incentive,CARE_GAP_COMPLETION,USD
IR-MOCK03796-BH_POST_DISCHARGE_7D-20250709,MOCK03796,BH_POST_DISCHARGE_7D,2025-07-09,10.0,True,Research-generated IncentiveRewards mock,MyRewards Health Action Incentive,CARE_GAP_COMPLETION,USD
IR-MOCK03802-BH_POST_DISCHARGE_7D-20250715,MOCK03802,BH_POST_DISCHARGE_7D,2025-07-15,20.0,True,Research-generated IncentiveRewards mock,MyRewards Health Action Incentive,CARE_GAP_COMPLETION,USD
IR-MOCK03826-BH_POST_DISCHARGE_7D-20250712,MOCK03826,BH_POST_DISCHARGE_7D,2025-07-12,25.0,True,Research-generated IncentiveRewards mock,MyRewards Health Action Incentive,CARE_GAP_COMPLETION,USD
IR-MOCK03838-BH_POST_DISCHARGE_7D-20250706,MOCK03838,BH_POST_DISCHARGE_7D,2025-07-06,30.0,True,Research-generated IncentiveRewards mock,MyRewards Health Action Incentive,CARE_GAP_COMPLETION,USD
IR-MOCK03850-BH_POST_DISCHARGE_7D-20250729,MOCK03850,BH_POST_DISCHARGE_7D,2025-07-29,20.0,True,Research-generated IncentiveRewards mock,MyRewards Health Action Incentive,CARE_GAP_COMPLETION,USD
IR-MOCK03862-BH_POST_DISCHARGE_7D-20250729,MOCK03862,BH_POST_DISCHARGE_7D,2025-07-29,25.0,True,Research-generated IncentiveRewards mock,MyRewards Health Action Incentive,CARE_GAP_COMPLETION,USD
IR-MOCK03868-BH_POST_DISCHARGE_7D-20250720,MOCK03868,BH_POST_DISCHARGE_7D,2025-07-20,25.0,True,Research-generated IncentiveRewards mock,MyRewards Health Action Incentive,CARE_GAP_COMPLETION,USD
IR-MOCK03898-BH_POST_DISCHARGE_7D-20250708,MOCK03898,BH_POST_DISCHARGE_7D,2025-07-08,25.0,True,Research-generated IncentiveRewards mock,MyRewards Health Action Incentive,CARE_GAP_COMPLETION,USD
IR-MOCK03904-BH_POST_DISCHARGE_7D-20250807,MOCK03904,BH_POST_DISCHARGE_7D,2025-08-07,20.0,True,Research-generated IncentiveRewards mock,MyRewards Health Action Incentive,CARE_GAP_COMPLETION,USD
IR-MOCK03916-BH_POST_DISCHARGE_7D-20250704,MOCK03916,BH_POST_DISCHARGE_7D,2025-07-04,5.0,True,Research-generated IncentiveRewards mock,MyRewards Health Action Incentive,CARE_GAP_COMPLETION,USD
IR-MOCK03946-BH_POST_DISCHARGE_7D-20250807,MOCK03946,BH_POST_DISCHARGE_7D,2025-08-07,25.0,True,Research-generated IncentiveRewards mock,MyRewards Health Action Incentive,CARE_GAP_COMPLETION,USD
IR-MOCK03952-BH_POST_DISCHARGE_7D-20250718,MOCK03952,BH_POST_DISCHARGE_7D,2025-07-18,10.0,False,Research-generated IncentiveRewards mock,MyRewards Health Action Incentive,CARE_GAP_COMPLETION,USD
IR-MOCK03964-BH_POST_DISCHARGE_7D-20250719,MOCK03964,BH_POST_DISCHARGE_7D,2025-07-19,30.0,True,Research-generated IncentiveRewards mock,MyRewards Health Action Incentive,CARE_GAP_COMPLETION,USD
IR-MOCK03982-BH_POST_DISCHARGE_7D-20250703,MOCK03982,BH_POST_DISCHARGE_7D,2025-07-03,25.0,True,Research-generated IncentiveRewards mock,MyRewards Health Action Incentive,CARE_GAP_COMPLETION,USD
IR-MOCK03994-BH_POST_DISCHARGE_7D-20250717,MOCK03994,BH_POST_DISCHARGE_7D,2025-07-17,10.0,True,Research-generated IncentiveRewards mock,MyRewards Health Action Incentive,CARE_GAP_COMPLETION,USD
IR-MOCK04006-BH_POST_DISCHARGE_7D-20250726,MOCK04006,BH_POST_DISCHARGE_7D,2025-07-26,25.0,True,Research-generated IncentiveRewards mock,MyRewards Health Action Incentive,CARE_GAP_COMPLETION,USD
IR-MOCK04018-BH_POST_DISCHARGE_7D-20250730,MOCK04018,BH_POST_DISCHARGE_7D,2025-07-30,20.0,True,Research-generated IncentiveRewards mock,MyRewards Health Action Incentive,CARE_GAP_COMPLETION,USD
IR-MOCK04024-BH_POST_DISCHARGE_7D-20250724,MOCK04024,BH_POST_DISCHARGE_7D,2025-07-24,25.0,True,Research-generated IncentiveRewards mock,MyRewards Health Action Incentive,CARE_GAP_COMPLETION,USD
IR-MOCK04030-BH_POST_DISCHARGE_7D-20250730,MOCK04030,BH_POST_DISCHARGE_7D,2025-07-30,25.0,True,Research-generated IncentiveRewards mock,MyRewards Health Action Incentive,CARE_GAP_COMPLETION,USD
IR-MOCK04036-BH_POST_DISCHARGE_7D-20250717,MOCK04036,BH_POST_DISCHARGE_7D,2025-07-17,25.0,True,Research-generated IncentiveRewards mock,MyRewards Health Action Incentive,CARE_GAP_COMPLETION,USD
IR-MOCK04048-BH_POST_DISCHARGE_7D-20250705,MOCK04048,BH_POST_DISCHARGE_7D,2025-07-05,10.0,True,Research-generated IncentiveRewards mock,MyRewards Health Action Incentive,CARE_GAP_COMPLETION,USD
IR-MOCK04054-BH_POST_DISCHARGE_7D-20250717,MOCK04054,BH_POST_DISCHARGE_7D,2025-07-17,20.0,True,Research-generated IncentiveRewards mock,MyRewards Health Action Incentive,CARE_GAP_COMPLETION,USD
IR-MOCK04060-BH_POST_DISCHARGE_7D-20250715,MOCK04060,BH_POST_DISCHARGE_7D,2025-07-15,10.0,True,Research-generated IncentiveRewards mock,MyRewards Health Action Incentive,CARE_GAP_COMPLETION,USD
IR-MOCK04066-BH_POST_DISCHARGE_7D-20250730,MOCK04066,BH_POST_DISCHARGE_7D,2025-07-30,25.0,True,Research-generated IncentiveRewards mock,MyRewards Health Action Incentive,CARE_GAP_COMPLETION,USD
IR-MOCK04072-BH_POST_DISCHARGE_7D-20250716,MOCK04072,BH_POST_DISCHARGE_7D,2025-07-16,25.0,True,Research-generated IncentiveRewards mock,MyRewards Health Action Incentive,CARE_GAP_COMPLETION,USD
IR-MOCK04078-BH_POST_DISCHARGE_7D-20250802,MOCK04078,BH_POST_DISCHARGE_7D,2025-08-02,25.0,True,Research-generated IncentiveRewards mock,MyRewards Health Action Incentive,CARE_GAP_COMPLETION,USD
IR-MOCK04102-BH_POST_DISCHARGE_7D-20250704,MOCK04102,BH_POST_DISCHARGE_7D,2025-07-04,25.0,True,Research-generated IncentiveRewards mock,MyRewards Health Action Incentive,CARE_GAP_COMPLETION,USD
IR-MOCK04126-BH_POST_DISCHARGE_7D-20250730,MOCK04126,BH_POST_DISCHARGE_7D,2025-07-30,10.0,True,Research-generated IncentiveRewards mock,MyRewards Health Action Incentive,CARE_GAP_COMPLETION,USD
IR-MOCK04132-BH_POST_DISCHARGE_7D-20250720,MOCK04132,BH_POST_DISCHARGE_7D,2025-07-20,50.0,True,Research-generated IncentiveRewards mock,MyRewards Health Action Incentive,CARE_GAP_COMPLETION,USD
IR-MOCK04144-BH_POST_DISCHARGE_7D-20250803,MOCK04144,BH_POST_DISCHARGE_7D,2025-08-03,25.0,True,Research-generated IncentiveRewards mock,MyRewards Health Action Incentive,CARE_GAP_COMPLETION,USD
IR-MOCK04156-BH_POST_DISCHARGE_7D-20250704,MOCK04156,BH_POST_DISCHARGE_7D,2025-07-04,25.0,True,Research-generated IncentiveRewards mock,MyRewards Health Action Incentive,CARE_GAP_COMPLETION,USD
IR-MOCK04162-BH_POST_DISCHARGE_7D-20250723,MOCK04162,BH_POST_DISCHARGE_7D,2025-07-23,25.0,True,Research-generated IncentiveRewards mock,MyRewards Health Action Incentive,CARE_GAP_COMPLETION,USD
IR-MOCK04168-BH_POST_DISCHARGE_7D-20250704,MOCK04168,BH_POST_DISCHARGE_7D,2025-07-04,25.0,True,Research-generated IncentiveRewards mock,MyRewards Health Action Incentive,CARE_GAP_COMPLETION,USD
IR-MOCK04174-BH_POST_DISCHARGE_7D-20250708,MOCK04174,BH_POST_DISCHARGE_7D,2025-07-08,20.0,True,Research-generated IncentiveRewards mock,MyRewards Health Action Incentive,CARE_GAP_COMPLETION,USD
IR-MOCK04180-BH_POST_DISCHARGE_7D-20250711,MOCK04180,BH_POST_DISCHARGE_7D,2025-07-11,10.0,True,Research-generated IncentiveRewards mock,MyRewards Health Action Incentive,CARE_GAP_COMPLETION,USD
IR-MOCK04186-BH_POST_DISCHARGE_7D-20250725,MOCK04186,BH_POST_DISCHARGE_7D,2025-07-25,25.0,True,Research-generated IncentiveRewards mock,MyRewards Health Action Incentive,CARE_GAP_COMPLETION,USD
IR-MOCK04198-BH_POST_DISCHARGE_7D-20250802,MOCK04198,BH_POST_DISCHARGE_7D,2025-08-02,25.0,True,Research-generated IncentiveRewards mock,MyRewards Health Action Incentive,CARE_GAP_COMPLETION,USD
IR-MOCK04228-BH_POST_DISCHARGE_7D-20250709,MOCK04228,BH_POST_DISCHARGE_7D,2025-07-09,50.0,True,Research-generated IncentiveRewards mock,MyRewards Health Action Incentive,CARE_GAP_COMPLETION,USD
IR-MOCK04252-BH_POST_DISCHARGE_7D-20250716,MOCK04252,BH_POST_DISCHARGE_7D,2025-07-16,50.0,True,Research-generated IncentiveRewards mock,MyRewards Health Action Incentive,CARE_GAP_COMPLETION,USD
IR-MOCK04264-BH_POST_DISCHARGE_7D-20250730,MOCK04264,BH_POST_DISCHARGE_7D,2025-07-30,25.0,True,Research-generated IncentiveRewards mock,MyRewards Health Action Incentive,CARE_GAP_COMPLETION,USD
IR-MOCK04276-BH_POST_DISCHARGE_7D-20250802,MOCK04276,BH_POST_DISCHARGE_7D,2025-08-02,25.0,True,Research-generated IncentiveRewards mock,MyRewards Health Action Incentive,CARE_GAP_COMPLETION,USD
IR-MOCK04282-BH_POST_DISCHARGE_7D-20250716,MOCK04282,BH_POST_DISCHARGE_7D,2025-07-16,5.0,True,Research-generated IncentiveRewards mock,MyRewards Health Action Incentive,CARE_GAP_COMPLETION,USD
IR-MOCK04330-BH_POST_DISCHARGE_7D-20250801,MOCK04330,BH_POST_DISCHARGE_7D,2025-08-01,10.0,True,Research-generated IncentiveRewards mock,MyRewards Health Action Incentive,CARE_GAP_COMPLETION,USD
IR-MOCK04336-BH_POST_DISCHARGE_7D-20250709,MOCK04336,BH_POST_DISCHARGE_7D,2025-07-09,50.0,True,Research-generated IncentiveRewards mock,MyRewards Health Action Incentive,CARE_GAP_COMPLETION,USD
IR-MOCK04348-BH_POST_DISCHARGE_7D-20250721,MOCK04348,BH_POST_DISCHARGE_7D,2025-07-21,10.0,True,Research-generated IncentiveRewards mock,MyRewards Health Action Incentive,CARE_GAP_COMPLETION,USD
IR-MOCK04360-BH_POST_DISCHARGE_7D-20250730,MOCK04360,BH_POST_DISCHARGE_7D,2025-07-30,20.0,True,Research-generated IncentiveRewards mock,MyRewards Health Action Incentive,CARE_GAP_COMPLETION,USD
IR-MOCK04366-BH_POST_DISCHARGE_7D-20250724,MOCK04366,BH_POST_DISCHARGE_7D,2025-07-24,20.0,True,Research-generated IncentiveRewards mock,MyRewards Health Action Incentive,CARE_GAP_COMPLETION,USD
IR-MOCK04372-BH_POST_DISCHARGE_7D-20250712,MOCK04372,BH_POST_DISCHARGE_7D,2025-07-12,10.0,True,Research-generated IncentiveRewards mock,MyRewards Health Action Incentive,CARE_GAP_COMPLETION,USD
IR-MOCK04390-BH_POST_DISCHARGE_7D-20250802,MOCK04390,BH_POST_DISCHARGE_7D,2025-08-02,10.0,True,Research-generated IncentiveRewards mock,MyRewards Health Action Incentive,CARE_GAP_COMPLETION,USD
IR-MOCK04396-BH_POST_DISCHARGE_7D-20250718,MOCK04396,BH_POST_DISCHARGE_7D,2025-07-18,20.0,True,Research-generated IncentiveRewards mock,MyRewards Health Action Incentive,CARE_GAP_COMPLETION,USD
IR-MOCK04402-BH_POST_DISCHARGE_7D-20250719,MOCK04402,BH_POST_DISCHARGE_7D,2025-07-19,25.0,True,Research-generated IncentiveRewards mock,MyRewards Health Action Incentive,CARE_GAP_COMPLETION,USD
IR-MOCK04408-BH_POST_DISCHARGE_7D-20250719,MOCK04408,BH_POST_DISCHARGE_7D,2025-07-19,5.0,True,Research-generated IncentiveRewards mock,MyRewards Health Action Incentive,CARE_GAP_COMPLETION,USD
IR-MOCK04426-BH_POST_DISCHARGE_7D-20250630,MOCK04426,BH_POST_DISCHARGE_7D,2025-06-30,25.0,True,Research-generated IncentiveRewards mock,MyRewards Health Action Incentive,CARE_GAP_COMPLETION,USD
IR-MOCK04432-BH_POST_DISCHARGE_7D-20250725,MOCK04432,BH_POST_DISCHARGE_7D,2025-07-25,25.0,True,Research-generated IncentiveRewards mock,MyRewards Health Action Incentive,CARE_GAP_COMPLETION,USD
IR-MOCK04444-BH_POST_DISCHARGE_7D-20250802,MOCK04444,BH_POST_DISCHARGE_7D,2025-08-02,20.0,True,Research-generated IncentiveRewards mock,MyRewards Health Action Incentive,CARE_GAP_COMPLETION,USD
IR-MOCK04450-BH_POST_DISCHARGE_7D-20250727,MOCK04450,BH_POST_DISCHARGE_7D,2025-07-27,20.0,True,Research-generated IncentiveRewards mock,MyRewards Health Action Incentive,CARE_GAP_COMPLETION,USD
IR-MOCK04462-BH_POST_DISCHARGE_7D-20250703,MOCK04462,BH_POST_DISCHARGE_7D,2025-07-03,20.0,True,Research-generated IncentiveRewards mock,MyRewards Health Action Incentive,CARE_GAP_COMPLETION,USD
IR-MOCK04468-BH_POST_DISCHARGE_7D-20250714,MOCK04468,BH_POST_DISCHARGE_7D,2025-07-14,10.0,True,Research-generated IncentiveRewards mock,MyRewards Health Action Incentive,CARE_GAP_COMPLETION,USD
IR-MOCK04474-BH_POST_DISCHARGE_7D-20250804,MOCK04474,BH_POST_DISCHARGE_7D,2025-08-04,25.0,True,Research-generated IncentiveRewards mock,MyRewards Health Action Incentive,CARE_GAP_COMPLETION,USD
IR-MOCK04486-BH_POST_DISCHARGE_7D-20250707,MOCK04486,BH_POST_DISCHARGE_7D,2025-07-07,50.0,True,Research-generated IncentiveRewards mock,MyRewards Health Action Incentive,CARE_GAP_COMPLETION,USD
IR-MOCK04516-BH_POST_DISCHARGE_7D-20250719,MOCK04516,BH_POST_DISCHARGE_7D,2025-07-19,10.0,True,Research-generated IncentiveRewards mock,MyRewards Health Action Incentive,CARE_GAP_COMPLETION,USD
IR-MOCK04522-BH_POST_DISCHARGE_7D-20250705,MOCK04522,BH_POST_DISCHARGE_7D,2025-07-05,25.0,True,Research-generated IncentiveRewards mock,MyRewards Health Action Incentive,CARE_GAP_COMPLETION,USD
IR-MOCK04528-BH_POST_DISCHARGE_7D-20250713,MOCK04528,BH_POST_DISCHARGE_7D,2025-07-13,20.0,True,Research-generated IncentiveRewards mock,MyRewards Health Action Incentive,CARE_GAP_COMPLETION,USD
IR-MOCK04558-BH_POST_DISCHARGE_7D-20250708,MOCK04558,BH_POST_DISCHARGE_7D,2025-07-08,50.0,False,Research-generated IncentiveRewards mock,MyRewards Health Action Incentive,CARE_GAP_COMPLETION,USD
IR-MOCK04564-BH_POST_DISCHARGE_7D-20250709,MOCK04564,BH_POST_DISCHARGE_7D,2025-07-09,20.0,True,Research-generated IncentiveRewards mock,MyRewards Health Action Incentive,CARE_GAP_COMPLETION,USD
IR-MOCK04570-BH_POST_DISCHARGE_7D-20250704,MOCK04570,BH_POST_DISCHARGE_7D,2025-07-04,10.0,True,Research-generated IncentiveRewards mock,MyRewards Health Action Incentive,CARE_GAP_COMPLETION,USD
IR-MOCK04582-BH_POST_DISCHARGE_7D-20250718,MOCK04582,BH_POST_DISCHARGE_7D,2025-07-18,10.0,False,Research-generated IncentiveRewards mock,MyRewards Health Action Incentive,CARE_GAP_COMPLETION,USD
IR-MOCK04594-BH_POST_DISCHARGE_7D-20250708,MOCK04594,BH_POST_DISCHARGE_7D,2025-07-08,10.0,True,Research-generated IncentiveRewards mock,MyRewards Health Action Incentive,CARE_GAP_COMPLETION,USD
IR-MOCK04606-BH_POST_DISCHARGE_7D-20250718,MOCK04606,BH_POST_DISCHARGE_7D,2025-07-18,20.0,True,Research-generated IncentiveRewards mock,MyRewards Health Action Incentive,CARE_GAP_COMPLETION,USD
IR-MOCK04618-BH_POST_DISCHARGE_7D-20250709,MOCK04618,BH_POST_DISCHARGE_7D,2025-07-09,20.0,True,Research-generated IncentiveRewards mock,MyRewards Health Action Incentive,CARE_GAP_COMPLETION,USD
IR-MOCK04642-BH_POST_DISCHARGE_7D-20250713,MOCK04642,BH_POST_DISCHARGE_7D,2025-07-13,20.0,True,Research-generated IncentiveRewards mock,MyRewards Health Action Incentive,CARE_GAP_COMPLETION,USD
IR-MOCK04654-BH_POST_DISCHARGE_7D-20250706,MOCK04654,BH_POST_DISCHARGE_7D,2025-07-06,20.0,True,Research-generated IncentiveRewards mock,MyRewards Health Action Incentive,CARE_GAP_COMPLETION,USD
IR-MOCK04660-BH_POST_DISCHARGE_7D-20250729,MOCK04660,BH_POST_DISCHARGE_7D,2025-07-29,25.0,True,Research-generated IncentiveRewards mock,MyRewards Health Action Incentive,CARE_GAP_COMPLETION,USD
IR-MOCK04678-BH_POST_DISCHARGE_7D-20250720,MOCK04678,BH_POST_DISCHARGE_7D,2025-07-20,20.0,True,Research-generated IncentiveRewards mock,MyRewards Health Action Incentive,CARE_GAP_COMPLETION,USD
IR-MOCK04702-BH_POST_DISCHARGE_7D-20250714,MOCK04702,BH_POST_DISCHARGE_7D,2025-07-14,25.0,True,Research-generated IncentiveRewards mock,MyRewards Health Action Incentive,CARE_GAP_COMPLETION,USD
IR-MOCK04714-BH_POST_DISCHARGE_7D-20250725,MOCK04714,BH_POST_DISCHARGE_7D,2025-07-25,25.0,True,Research-generated IncentiveRewards mock,MyRewards Health Action Incentive,CARE_GAP_COMPLETION,USD
IR-MOCK04720-BH_POST_DISCHARGE_7D-20250807,MOCK04720,BH_POST_DISCHARGE_7D,2025-08-07,25.0,True,Research-generated IncentiveRewards mock,MyRewards Health Action Incentive,CARE_GAP_COMPLETION,USD
IR-MOCK04726-BH_POST_DISCHARGE_7D-20250807,MOCK04726,BH_POST_DISCHARGE_7D,2025-08-07,20.0,True,Research-generated IncentiveRewards mock,MyRewards Health Action Incentive,CARE_GAP_COMPLETION,USD
IR-MOCK04738-BH_POST_DISCHARGE_7D-20250630,MOCK04738,BH_POST_DISCHARGE_7D,2025-06-30,20.0,True,Research-generated IncentiveRewards mock,MyRewards Health Action Incentive,CARE_GAP_COMPLETION,USD
IR-MOCK04744-BH_POST_DISCHARGE_7D-20250710,MOCK04744,BH_POST_DISCHARGE_7D,2025-07-10,30.0,True,Research-generated IncentiveRewards mock,MyRewards Health Action Incentive,CARE_GAP_COMPLETION,USD
IR-MOCK04750-BH_POST_DISCHARGE_7D-20250803,MOCK04750,BH_POST_DISCHARGE_7D,2025-08-03,20.0,True,Research-generated IncentiveRewards mock,MyRewards Health Action Incentive,CARE_GAP_COMPLETION,USD
IR-MOCK04756-BH_POST_DISCHARGE_7D-20250731,MOCK04756,BH_POST_DISCHARGE_7D,2025-07-31,25.0,True,Research-generated IncentiveRewards mock,MyRewards Health Action Incentive,CARE_GAP_COMPLETION,USD
IR-MOCK04786-BH_POST_DISCHARGE_7D-20250807,MOCK04786,BH_POST_DISCHARGE_7D,2025-08-07,25.0,True,Research-generated IncentiveRewards mock,MyRewards Health Action Incentive,CARE_GAP_COMPLETION,USD
IR-MOCK04816-BH_POST_DISCHARGE_7D-20250721,MOCK04816,BH_POST_DISCHARGE_7D,2025-07-21,25.0,True,Research-generated IncentiveRewards mock,MyRewards Health Action Incentive,CARE_GAP_COMPLETION,USD
IR-MOCK04828-BH_POST_DISCHARGE_7D-20250722,MOCK04828,BH_POST_DISCHARGE_7D,2025-07-22,25.0,True,Research-generated IncentiveRewards mock,MyRewards Health Action Incentive,CARE_GAP_COMPLETION,USD
IR-MOCK04840-BH_POST_DISCHARGE_7D-20250711,MOCK04840,BH_POST_DISCHARGE_7D,2025-07-11,20.0,True,Research-generated IncentiveRewards mock,MyRewards Health Action Incentive,CARE_GAP_COMPLETION,USD
IR-MOCK04864-BH_POST_DISCHARGE_7D-20250706,MOCK04864,BH_POST_DISCHARGE_7D,2025-07-06,25.0,True,Research-generated IncentiveRewards mock,MyRewards Health Action Incentive,CARE_GAP_COMPLETION,USD
IR-MOCK04906-BH_POST_DISCHARGE_7D-20250711,MOCK04906,BH_POST_DISCHARGE_7D,2025-07-11,50.0,True,Research-generated IncentiveRewards mock,MyRewards Health Action Incentive,CARE_GAP_COMPLETION,USD
IR-MOCK04930-BH_POST_DISCHARGE_7D-20250801,MOCK04930,BH_POST_DISCHARGE_7D,2025-08-01,25.0,True,Research-generated IncentiveRewards mock,MyRewards Health Action Incentive,CARE_GAP_COMPLETION,USD
IR-MOCK04936-BH_POST_DISCHARGE_7D-20250719,MOCK04936,BH_POST_DISCHARGE_7D,2025-07-19,20.0,True,Research-generated IncentiveRewards mock,MyRewards Health Action Incentive,CARE_GAP_COMPLETION,USD
IR-MOCK04942-BH_POST_DISCHARGE_7D-20250723,MOCK04942,BH_POST_DISCHARGE_7D,2025-07-23,10.0,True,Research-generated IncentiveRewards mock,MyRewards Health Action Incentive,CARE_GAP_COMPLETION,USD
IR-MOCK04966-BH_POST_DISCHARGE_7D-20250725,MOCK04966,BH_POST_DISCHARGE_7D,2025-07-25,25.0,True,Research-generated IncentiveRewards mock,MyRewards Health Action Incentive,CARE_GAP_COMPLETION,USD
IR-MOCK04972-BH_POST_DISCHARGE_7D-20250730,MOCK04972,BH_POST_DISCHARGE_7D,2025-07-30,20.0,True,Research-generated IncentiveRewards mock,MyRewards Health Action Incentive,CARE_GAP_COMPLETION,USD
IR-MOCK04984-BH_POST_DISCHARGE_7D-20250802,MOCK04984,BH_POST_DISCHARGE_7D,2025-08-02,10.0,True,Research-generated IncentiveRewards mock,MyRewards Health Action Incentive,CARE_GAP_COMPLETION,USD
IR-MOCK04990-BH_POST_DISCHARGE_7D-20250729,MOCK04990,BH_POST_DISCHARGE_7D,2025-07-29,10.0,True,Research-generated IncentiveRewards mock,MyRewards Health Action Incentive,CARE_GAP_COMPLETION,USD
IR-MOCK04996-BH_POST_DISCHARGE_7D-20250807,MOCK04996,BH_POST_DISCHARGE_7D,2025-08-07,25.0,True,Research-generated IncentiveRewards mock,MyRewards Health Action Incentive,CARE_GAP_COMPLETION,USD
IR-MOCK05014-BH_POST_DISCHARGE_7D-20250721,MOCK05014,BH_POST_DISCHARGE_7D,2025-07-21,10.0,True,Research-generated IncentiveRewards mock,MyRewards Health Action Incentive,CARE_GAP_COMPLETION,USD
IR-MOCK05020-BH_POST_DISCHARGE_7D-20250729,MOCK05020,BH_POST_DISCHARGE_7D,2025-07-29,50.0,True,Research-generated IncentiveRewards mock,MyRewards Health Action Incentive,CARE_GAP_COMPLETION,USD
IR-MOCK05032-BH_POST_DISCHARGE_7D-20250719,MOCK05032,BH_POST_DISCHARGE_7D,2025-07-19,25.0,True,Research-generated IncentiveRewards mock,MyRewards Health Action Incentive,CARE_GAP_COMPLETION,USD
IR-MOCK05038-BH_POST_DISCHARGE_7D-20250716,MOCK05038,BH_POST_DISCHARGE_7D,2025-07-16,25.0,True,Research-generated IncentiveRewards mock,MyRewards Health Action Incentive,CARE_GAP_COMPLETION,USD
IR-MOCK05044-BH_POST_DISCHARGE_7D-20250804,MOCK05044,BH_POST_DISCHARGE_7D,2025-08-04,50.0,True,Research-generated IncentiveRewards mock,MyRewards Health Action Incentive,CARE_GAP_COMPLETION,USD
IR-MOCK05050-BH_POST_DISCHARGE_7D-20250702,MOCK05050,BH_POST_DISCHARGE_7D,2025-07-02,25.0,True,Research-generated IncentiveRewards mock,MyRewards Health Action Incentive,CARE_GAP_COMPLETION,USD
IR-MOCK05068-BH_POST_DISCHARGE_7D-20250803,MOCK05068,BH_POST_DISCHARGE_7D,2025-08-03,25.0,True,Research-generated IncentiveRewards mock,MyRewards Health Action Incentive,CARE_GAP_COMPLETION,USD
IR-MOCK05080-BH_POST_DISCHARGE_7D-20250709,MOCK05080,BH_POST_DISCHARGE_7D,2025-07-09,50.0,True,Research-generated IncentiveRewards mock,MyRewards Health Action Incentive,CARE_GAP_COMPLETION,USD
IR-MOCK05092-BH_POST_DISCHARGE_7D-20250719,MOCK05092,BH_POST_DISCHARGE_7D,2025-07-19,10.0,False,Research-generated IncentiveRewards mock,MyRewards Health Action Incentive,CARE_GAP_COMPLETION,USD
IR-MOCK05098-BH_POST_DISCHARGE_7D-20250806,MOCK05098,BH_POST_DISCHARGE_7D,2025-08-06,25.0,True,Research-generated IncentiveRewards mock,MyRewards Health Action Incentive,CARE_GAP_COMPLETION,USD
IR-MOCK05140-BH_POST_DISCHARGE_7D-20250807,MOCK05140,BH_POST_DISCHARGE_7D,2025-08-07,30.0,True,Research-generated IncentiveRewards mock,MyRewards Health Action Incentive,CARE_GAP_COMPLETION,USD
IR-MOCK05176-BH_POST_DISCHARGE_7D-20250712,MOCK05176,BH_POST_DISCHARGE_7D,2025-07-12,10.0,True,Research-generated IncentiveRewards mock,MyRewards Health Action Incentive,CARE_GAP_COMPLETION,USD
IR-MOCK05182-BH_POST_DISCHARGE_7D-20250630,MOCK05182,BH_POST_DISCHARGE_7D,2025-06-30,20.0,True,Research-generated IncentiveRewards mock,MyRewards Health Action Incentive,CARE_GAP_COMPLETION,USD
IR-MOCK05194-BH_POST_DISCHARGE_7D-20250717,MOCK05194,BH_POST_DISCHARGE_7D,2025-07-17,10.0,True,Research-generated IncentiveRewards mock,MyRewards Health Action Incentive,CARE_GAP_COMPLETION,USD
IR-MOCK05206-BH_POST_DISCHARGE_7D-20250713,MOCK05206,BH_POST_DISCHARGE_7D,2025-07-13,20.0,True,Research-generated IncentiveRewards mock,MyRewards Health Action Incentive,CARE_GAP_COMPLETION,USD
IR-MOCK05212-BH_POST_DISCHARGE_7D-20250804,MOCK05212,BH_POST_DISCHARGE_7D,2025-08-04,20.0,True,Research-generated IncentiveRewards mock,MyRewards Health Action Incentive,CARE_GAP_COMPLETION,USD
IR-MOCK05224-BH_POST_DISCHARGE_7D-20250807,MOCK05224,BH_POST_DISCHARGE_7D,2025-08-07,25.0,True,Research-generated IncentiveRewards mock,MyRewards Health Action Incentive,CARE_GAP_COMPLETION,USD
IR-MOCK05236-BH_POST_DISCHARGE_7D-20250725,MOCK05236,BH_POST_DISCHARGE_7D,2025-07-25,20.0,True,Research-generated IncentiveRewards mock,MyRewards Health Action Incentive,CARE_GAP_COMPLETION,USD
IR-MOCK05260-BH_POST_DISCHARGE_7D-20250712,MOCK05260,BH_POST_DISCHARGE_7D,2025-07-12,25.0,True,Research-generated IncentiveRewards mock,MyRewards Health Action Incentive,CARE_GAP_COMPLETION,USD
IR-MOCK05266-BH_POST_DISCHARGE_7D-20250805,MOCK05266,BH_POST_DISCHARGE_7D,2025-08-05,10.0,True,Research-generated IncentiveRewards mock,MyRewards Health Action Incentive,CARE_GAP_COMPLETION,USD
IR-MOCK05338-BH_POST_DISCHARGE_7D-20250702,MOCK05338,BH_POST_DISCHARGE_7D,2025-07-02,10.0,True,Research-generated IncentiveRewards mock,MyRewards Health Action Incentive,CARE_GAP_COMPLETION,USD
IR-MOCK05344-BH_POST_DISCHARGE_7D-20250726,MOCK05344,BH_POST_DISCHARGE_7D,2025-07-26,25.0,True,Research-generated IncentiveRewards mock,MyRewards Health Action Incentive,CARE_GAP_COMPLETION,USD
IR-MOCK05362-BH_POST_DISCHARGE_7D-20250731,MOCK05362,BH_POST_DISCHARGE_7D,2025-07-31,25.0,True,Research-generated IncentiveRewards mock,MyRewards Health Action Incentive,CARE_GAP_COMPLETION,USD
IR-MOCK05392-BH_POST_DISCHARGE_7D-20250705,MOCK05392,BH_POST_DISCHARGE_7D,2025-07-05,25.0,True,Research-generated IncentiveRewards mock,MyRewards Health Action Incentive,CARE_GAP_COMPLETION,USD
IR-MOCK05404-BH_POST_DISCHARGE_7D-20250721,MOCK05404,BH_POST_DISCHARGE_7D,2025-07-21,25.0,True,Research-generated IncentiveRewards mock,MyRewards Health Action Incentive,CARE_GAP_COMPLETION,USD
IR-MOCK05416-BH_POST_DISCHARGE_7D-20250717,MOCK05416,BH_POST_DISCHARGE_7D,2025-07-17,25.0,True,Research-generated IncentiveRewards mock,MyRewards Health Action Incentive,CARE_GAP_COMPLETION,USD
IR-MOCK05458-BH_POST_DISCHARGE_7D-20250729,MOCK05458,BH_POST_DISCHARGE_7D,2025-07-29,20.0,True,Research-generated IncentiveRewards mock,MyRewards Health Action Incentive,CARE_GAP_COMPLETION,USD
IR-MOCK05464-BH_POST_DISCHARGE_7D-20250724,MOCK05464,BH_POST_DISCHARGE_7D,2025-07-24,10.0,True,Research-generated IncentiveRewards mock,MyRewards Health Action Incentive,CARE_GAP_COMPLETION,USD
IR-MOCK05476-BH_POST_DISCHARGE_7D-20250804,MOCK05476,BH_POST_DISCHARGE_7D,2025-08-04,10.0,True,Research-generated IncentiveRewards mock,MyRewards Health Action Incentive,CARE_GAP_COMPLETION,USD
IR-MOCK05488-BH_POST_DISCHARGE_7D-20250704,MOCK05488,BH_POST_DISCHARGE_7D,2025-07-04,20.0,True,Research-generated IncentiveRewards mock,MyRewards Health Action Incentive,CARE_GAP_COMPLETION,USD
IR-MOCK05500-BH_POST_DISCHARGE_7D-20250724,MOCK05500,BH_POST_DISCHARGE_7D,2025-07-24,25.0,True,Research-generated IncentiveRewards mock,MyRewards Health Action Incentive,CARE_GAP_COMPLETION,USD
IR-MOCK05512-BH_POST_DISCHARGE_7D-20250802,MOCK05512,BH_POST_DISCHARGE_7D,2025-08-02,10.0,True,Research-generated IncentiveRewards mock,MyRewards Health Action Incentive,CARE_GAP_COMPLETION,USD
IR-MOCK05524-BH_POST_DISCHARGE_7D-20250712,MOCK05524,BH_POST_DISCHARGE_7D,2025-07-12,25.0,True,Research-generated IncentiveRewards mock,MyRewards Health Action Incentive,CARE_GAP_COMPLETION,USD
IR-MOCK05536-BH_POST_DISCHARGE_7D-20250707,MOCK05536,BH_POST_DISCHARGE_7D,2025-07-07,10.0,True,Research-generated IncentiveRewards mock,MyRewards Health Action Incentive,CARE_GAP_COMPLETION,USD
IR-MOCK05578-BH_POST_DISCHARGE_7D-20250724,MOCK05578,BH_POST_DISCHARGE_7D,2025-07-24,25.0,True,Research-generated IncentiveRewards mock,MyRewards Health Action Incentive,CARE_GAP_COMPLETION,USD
IR-MOCK05590-BH_POST_DISCHARGE_7D-20250720,MOCK05590,BH_POST_DISCHARGE_7D,2025-07-20,5.0,True,Research-generated IncentiveRewards mock,MyRewards Health Action Incentive,CARE_GAP_COMPLETION,USD
IR-MOCK05602-BH_POST_DISCHARGE_7D-20250727,MOCK05602,BH_POST_DISCHARGE_7D,2025-07-27,25.0,True,Research-generated IncentiveRewards mock,MyRewards Health Action Incentive,CARE_GAP_COMPLETION,USD
IR-MOCK05608-BH_POST_DISCHARGE_7D-20250725,MOCK05608,BH_POST_DISCHARGE_7D,2025-07-25,25.0,True,Research-generated IncentiveRewards mock,MyRewards Health Action Incentive,CARE_GAP_COMPLETION,USD
IR-MOCK05626-BH_POST_DISCHARGE_7D-20250802,MOCK05626,BH_POST_DISCHARGE_7D,2025-08-02,50.0,True,Research-generated IncentiveRewards mock,MyRewards Health Action Incentive,CARE_GAP_COMPLETION,USD
IR-MOCK05644-BH_POST_DISCHARGE_7D-20250726,MOCK05644,BH_POST_DISCHARGE_7D,2025-07-26,25.0,True,Research-generated IncentiveRewards mock,MyRewards Health Action Incentive,CARE_GAP_COMPLETION,USD
IR-MOCK05650-BH_POST_DISCHARGE_7D-20250706,MOCK05650,BH_POST_DISCHARGE_7D,2025-07-06,50.0,True,Research-generated IncentiveRewards mock,MyRewards Health Action Incentive,CARE_GAP_COMPLETION,USD
IR-MOCK05668-BH_POST_DISCHARGE_7D-20250708,MOCK05668,BH_POST_DISCHARGE_7D,2025-07-08,25.0,True,Research-generated IncentiveRewards mock,MyRewards Health Action Incentive,CARE_GAP_COMPLETION,USD
IR-MOCK05680-BH_POST_DISCHARGE_7D-20250707,MOCK05680,BH_POST_DISCHARGE_7D,2025-07-07,5.0,True,Research-generated IncentiveRewards mock,MyRewards Health Action Incentive,CARE_GAP_COMPLETION,USD
IR-MOCK05692-BH_POST_DISCHARGE_7D-20250630,MOCK05692,BH_POST_DISCHARGE_7D,2025-06-30,10.0,True,Research-generated IncentiveRewards mock,MyRewards Health Action Incentive,CARE_GAP_COMPLETION,USD
IR-MOCK05698-BH_POST_DISCHARGE_7D-20250630,MOCK05698,BH_POST_DISCHARGE_7D,2025-06-30,25.0,True,Research-generated IncentiveRewards mock,MyRewards Health Action Incentive,CARE_GAP_COMPLETION,USD
IR-MOCK05704-BH_POST_DISCHARGE_7D-20250718,MOCK05704,BH_POST_DISCHARGE_7D,2025-07-18,10.0,True,Research-generated IncentiveRewards mock,MyRewards Health Action Incentive,CARE_GAP_COMPLETION,USD
IR-MOCK05716-BH_POST_DISCHARGE_7D-20250701,MOCK05716,BH_POST_DISCHARGE_7D,2025-07-01,50.0,True,Research-generated IncentiveRewards mock,MyRewards Health Action Incentive,CARE_GAP_COMPLETION,USD
IR-MOCK05746-BH_POST_DISCHARGE_7D-20250726,MOCK05746,BH_POST_DISCHARGE_7D,2025-07-26,50.0,True,Research-generated IncentiveRewards mock,MyRewards Health Action Incentive,CARE_GAP_COMPLETION,USD
IR-MOCK05752-BH_POST_DISCHARGE_7D-20250804,MOCK05752,BH_POST_DISCHARGE_7D,2025-08-04,25.0,True,Research-generated IncentiveRewards mock,MyRewards Health Action Incentive,CARE_GAP_COMPLETION,USD
IR-MOCK05758-BH_POST_DISCHARGE_7D-20250707,MOCK05758,BH_POST_DISCHARGE_7D,2025-07-07,25.0,True,Research-generated IncentiveRewards mock,MyRewards Health Action Incentive,CARE_GAP_COMPLETION,USD
IR-MOCK05770-BH_POST_DISCHARGE_7D-20250729,MOCK05770,BH_POST_DISCHARGE_7D,2025-07-29,20.0,True,Research-generated IncentiveRewards mock,MyRewards Health Action Incentive,CARE_GAP_COMPLETION,USD
IR-MOCK05800-BH_POST_DISCHARGE_7D-20250801,MOCK05800,BH_POST_DISCHARGE_7D,2025-08-01,5.0,True,Research-generated IncentiveRewards mock,MyRewards Health Action Incentive,CARE_GAP_COMPLETION,USD
IR-MOCK05806-BH_POST_DISCHARGE_7D-20250721,MOCK05806,BH_POST_DISCHARGE_7D,2025-07-21,20.0,True,Research-generated IncentiveRewards mock,MyRewards Health Action Incentive,CARE_GAP_COMPLETION,USD
IR-MOCK05818-BH_POST_DISCHARGE_7D-20250717,MOCK05818,BH_POST_DISCHARGE_7D,2025-07-17,20.0,True,Research-generated IncentiveRewards mock,MyRewards Health Action Incentive,CARE_GAP_COMPLETION,USD
IR-MOCK05836-BH_POST_DISCHARGE_7D-20250704,MOCK05836,BH_POST_DISCHARGE_7D,2025-07-04,25.0,True,Research-generated IncentiveRewards mock,MyRewards Health Action Incentive,CARE_GAP_COMPLETION,USD
IR-MOCK05842-BH_POST_DISCHARGE_7D-20250725,MOCK05842,BH_POST_DISCHARGE_7D,2025-07-25,20.0,True,Research-generated IncentiveRewards mock,MyRewards Health Action Incentive,CARE_GAP_COMPLETION,USD
IR-MOCK05848-BH_POST_DISCHARGE_7D-20250716,MOCK05848,BH_POST_DISCHARGE_7D,2025-07-16,50.0,True,Research-generated IncentiveRewards mock,MyRewards Health Action Incentive,CARE_GAP_COMPLETION,USD
IR-MOCK05854-BH_POST_DISCHARGE_7D-20250730,MOCK05854,BH_POST_DISCHARGE_7D,2025-07-30,10.0,True,Research-generated IncentiveRewards mock,MyRewards Health Action Incentive,CARE_GAP_COMPLETION,USD
IR-MOCK05872-BH_POST_DISCHARGE_7D-20250803,MOCK05872,BH_POST_DISCHARGE_7D,2025-08-03,25.0,True,Research-generated IncentiveRewards mock,MyRewards Health Action Incentive,CARE_GAP_COMPLETION,USD
IR-MOCK05884-BH_POST_DISCHARGE_7D-20250704,MOCK05884,BH_POST_DISCHARGE_7D,2025-07-04,25.0,True,Research-generated IncentiveRewards mock,MyRewards Health Action Incentive,CARE_GAP_COMPLETION,USD
IR-MOCK05902-BH_POST_DISCHARGE_7D-20250717,MOCK05902,BH_POST_DISCHARGE_7D,2025-07-17,25.0,True,Research-generated IncentiveRewards mock,MyRewards Health Action Incentive,CARE_GAP_COMPLETION,USD
IR-MOCK05920-BH_POST_DISCHARGE_7D-20250726,MOCK05920,BH_POST_DISCHARGE_7D,2025-07-26,25.0,True,Research-generated IncentiveRewards mock,MyRewards Health Action Incentive,CARE_GAP_COMPLETION,USD
IR-MOCK05926-BH_POST_DISCHARGE_7D-20250801,MOCK05926,BH_POST_DISCHARGE_7D,2025-08-01,25.0,True,Research-generated IncentiveRewards mock,MyRewards Health Action Incentive,CARE_GAP_COMPLETION,USD
IR-MOCK05938-BH_POST_DISCHARGE_7D-20250715,MOCK05938,BH_POST_DISCHARGE_7D,2025-07-15,25.0,True,Research-generated IncentiveRewards mock,MyRewards Health Action Incentive,CARE_GAP_COMPLETION,USD
IR-MOCK05944-BH_POST_DISCHARGE_7D-20250717,MOCK05944,BH_POST_DISCHARGE_7D,2025-07-17,10.0,True,Research-generated IncentiveRewards mock,MyRewards Health Action Incentive,CARE_GAP_COMPLETION,USD
IR-MOCK05950-BH_POST_DISCHARGE_7D-20250706,MOCK05950,BH_POST_DISCHARGE_7D,2025-07-06,25.0,True,Research-generated IncentiveRewards mock,MyRewards Health Action Incentive,CARE_GAP_COMPLETION,USD
IR-MOCK05962-BH_POST_DISCHARGE_7D-20250717,MOCK05962,BH_POST_DISCHARGE_7D,2025-07-17,25.0,True,Research-generated IncentiveRewards mock,MyRewards Health Action Incentive,CARE_GAP_COMPLETION,USD
IR-MOCK05974-BH_POST_DISCHARGE_7D-20250704,MOCK05974,BH_POST_DISCHARGE_7D,2025-07-04,20.0,True,Research-generated IncentiveRewards mock,MyRewards Health Action Incentive,CARE_GAP_COMPLETION,USD
IR-MOCK05980-BH_POST_DISCHARGE_7D-20250715,MOCK05980,BH_POST_DISCHARGE_7D,2025-07-15,20.0,True,Research-generated IncentiveRewards mock,MyRewards Health Action Incentive,CARE_GAP_COMPLETION,USD
IR-MOCK05992-BH_POST_DISCHARGE_7D-20250731,MOCK05992,BH_POST_DISCHARGE_7D,2025-07-31,25.0,True,Research-generated IncentiveRewards mock,MyRewards Health Action Incentive,CARE_GAP_COMPLETION,USD
IR-MOCK06004-BH_POST_DISCHARGE_7D-20250713,MOCK06004,BH_POST_DISCHARGE_7D,2025-07-13,25.0,True,Research-generated IncentiveRewards mock,MyRewards Health Action Incentive,CARE_GAP_COMPLETION,USD
IR-MOCK06016-BH_POST_DISCHARGE_7D-20250803,MOCK06016,BH_POST_DISCHARGE_7D,2025-08-03,25.0,True,Research-generated IncentiveRewards mock,MyRewards Health Action Incentive,CARE_GAP_COMPLETION,USD
IR-MOCK06028-BH_POST_DISCHARGE_7D-20250710,MOCK06028,BH_POST_DISCHARGE_7D,2025-07-10,5.0,True,Research-generated IncentiveRewards mock,MyRewards Health Action Incentive,CARE_GAP_COMPLETION,USD
IR-MOCK06040-BH_POST_DISCHARGE_7D-20250706,MOCK06040,BH_POST_DISCHARGE_7D,2025-07-06,20.0,True,Research-generated IncentiveRewards mock,MyRewards Health Action Incentive,CARE_GAP_COMPLETION,USD
IR-MOCK06046-BH_POST_DISCHARGE_7D-20250717,MOCK06046,BH_POST_DISCHARGE_7D,2025-07-17,20.0,True,Research-generated IncentiveRewards mock,MyRewards Health Action Incentive,CARE_GAP_COMPLETION,USD
IR-MOCK06058-BH_POST_DISCHARGE_7D-20250807,MOCK06058,BH_POST_DISCHARGE_7D,2025-08-07,20.0,True,Research-generated IncentiveRewards mock,MyRewards Health Action Incentive,CARE_GAP_COMPLETION,USD
IR-MOCK06100-BH_POST_DISCHARGE_7D-20250705,MOCK06100,BH_POST_DISCHARGE_7D,2025-07-05,10.0,True,Research-generated IncentiveRewards mock,MyRewards Health Action Incentive,CARE_GAP_COMPLETION,USD
IR-MOCK06112-BH_POST_DISCHARGE_7D-20250704,MOCK06112,BH_POST_DISCHARGE_7D,2025-07-04,5.0,True,Research-generated IncentiveRewards mock,MyRewards Health Action Incentive,CARE_GAP_COMPLETION,USD
IR-MOCK06118-BH_POST_DISCHARGE_7D-20250715,MOCK06118,BH_POST_DISCHARGE_7D,2025-07-15,25.0,True,Research-generated IncentiveRewards mock,MyRewards Health Action Incentive,CARE_GAP_COMPLETION,USD
IR-MOCK06124-BH_POST_DISCHARGE_7D-20250705,MOCK06124,BH_POST_DISCHARGE_7D,2025-07-05,25.0,True,Research-generated IncentiveRewards mock,MyRewards Health Action Incentive,CARE_GAP_COMPLETION,USD
IR-MOCK06130-BH_POST_DISCHARGE_7D-20250727,MOCK06130,BH_POST_DISCHARGE_7D,2025-07-27,20.0,True,Research-generated IncentiveRewards mock,MyRewards Health Action Incentive,CARE_GAP_COMPLETION,USD
IR-MOCK06136-BH_POST_DISCHARGE_7D-20250703,MOCK06136,BH_POST_DISCHARGE_7D,2025-07-03,10.0,True,Research-generated IncentiveRewards mock,MyRewards Health Action Incentive,CARE_GAP_COMPLETION,USD
IR-MOCK06142-BH_POST_DISCHARGE_7D-20250730,MOCK06142,BH_POST_DISCHARGE_7D,2025-07-30,20.0,True,Research-generated IncentiveRewards mock,MyRewards Health Action Incentive,CARE_GAP_COMPLETION,USD
IR-MOCK06166-BH_POST_DISCHARGE_7D-20250805,MOCK06166,BH_POST_DISCHARGE_7D,2025-08-05,25.0,True,Research-generated IncentiveRewards mock,MyRewards Health Action Incentive,CARE_GAP_COMPLETION,USD
IR-MOCK06172-BH_POST_DISCHARGE_7D-20250701,MOCK06172,BH_POST_DISCHARGE_7D,2025-07-01,20.0,True,Research-generated IncentiveRewards mock,MyRewards Health Action Incentive,CARE_GAP_COMPLETION,USD
IR-MOCK06184-BH_POST_DISCHARGE_7D-20250729,MOCK06184,BH_POST_DISCHARGE_7D,2025-07-29,10.0,True,Research-generated IncentiveRewards mock,MyRewards Health Action Incentive,CARE_GAP_COMPLETION,USD
IR-MOCK06190-BH_POST_DISCHARGE_7D-20250713,MOCK06190,BH_POST_DISCHARGE_7D,2025-07-13,20.0,True,Research-generated IncentiveRewards mock,MyRewards Health Action Incentive,CARE_GAP_COMPLETION,USD
IR-MOCK06208-BH_POST_DISCHARGE_7D-20250807,MOCK06208,BH_POST_DISCHARGE_7D,2025-08-07,5.0,True,Research-generated IncentiveRewards mock,MyRewards Health Action Incentive,CARE_GAP_COMPLETION,USD
IR-MOCK06232-BH_POST_DISCHARGE_7D-20250711,MOCK06232,BH_POST_DISCHARGE_7D,2025-07-11,20.0,True,Research-generated IncentiveRewards mock,MyRewards Health Action Incentive,CARE_GAP_COMPLETION,USD
IR-MOCK06250-BH_POST_DISCHARGE_7D-20250716,MOCK06250,BH_POST_DISCHARGE_7D,2025-07-16,20.0,True,Research-generated IncentiveRewards mock,MyRewards Health Action Incentive,CARE_GAP_COMPLETION,USD
IR-MOCK06268-BH_POST_DISCHARGE_7D-20250728,MOCK06268,BH_POST_DISCHARGE_7D,2025-07-28,25.0,True,Research-generated IncentiveRewards mock,MyRewards Health Action Incentive,CARE_GAP_COMPLETION,USD
IR-MOCK06280-BH_POST_DISCHARGE_7D-20250718,MOCK06280,BH_POST_DISCHARGE_7D,2025-07-18,20.0,True,Research-generated IncentiveRewards mock,MyRewards Health Action Incentive,CARE_GAP_COMPLETION,USD
IR-MOCK06292-BH_POST_DISCHARGE_7D-20250709,MOCK06292,BH_POST_DISCHARGE_7D,2025-07-09,25.0,True,Research-generated IncentiveRewards mock,MyRewards Health Action Incentive,CARE_GAP_COMPLETION,USD
IR-MOCK06304-BH_POST_DISCHARGE_7D-20250728,MOCK06304,BH_POST_DISCHARGE_7D,2025-07-28,25.0,True,Research-generated IncentiveRewards mock,MyRewards Health Action Incentive,CARE_GAP_COMPLETION,USD
IR-MOCK06334-BH_POST_DISCHARGE_7D-20250714,MOCK06334,BH_POST_DISCHARGE_7D,2025-07-14,10.0,True,Research-generated IncentiveRewards mock,MyRewards Health Action Incentive,CARE_GAP_COMPLETION,USD
IR-MOCK06340-BH_POST_DISCHARGE_7D-20250726,MOCK06340,BH_POST_DISCHARGE_7D,2025-07-26,50.0,True,Research-generated IncentiveRewards mock,MyRewards Health Action Incentive,CARE_GAP_COMPLETION,USD
IR-MOCK06352-BH_POST_DISCHARGE_7D-20250715,MOCK06352,BH_POST_DISCHARGE_7D,2025-07-15,20.0,True,Research-generated IncentiveRewards mock,MyRewards Health Action Incentive,CARE_GAP_COMPLETION,USD
IR-MOCK06376-BH_POST_DISCHARGE_7D-20250720,MOCK06376,BH_POST_DISCHARGE_7D,2025-07-20,25.0,True,Research-generated IncentiveRewards mock,MyRewards Health Action Incentive,CARE_GAP_COMPLETION,USD
IR-MOCK06388-BH_POST_DISCHARGE_7D-20250730,MOCK06388,BH_POST_DISCHARGE_7D,2025-07-30,25.0,True,Research-generated IncentiveRewards mock,MyRewards Health Action Incentive,CARE_GAP_COMPLETION,USD
IR-MOCK06418-BH_POST_DISCHARGE_7D-20250729,MOCK06418,BH_POST_DISCHARGE_7D,2025-07-29,10.0,True,Research-generated IncentiveRewards mock,MyRewards Health Action Incentive,CARE_GAP_COMPLETION,USD
IR-MOCK06436-BH_POST_DISCHARGE_7D-20250714,MOCK06436,BH_POST_DISCHARGE_7D,2025-07-14,25.0,True,Research-generated IncentiveRewards mock,MyRewards Health Action Incentive,CARE_GAP_COMPLETION,USD
IR-MOCK06466-BH_POST_DISCHARGE_7D-20250731,MOCK06466,BH_POST_DISCHARGE_7D,2025-07-31,20.0,True,Research-generated IncentiveRewards mock,MyRewards Health Action Incentive,CARE_GAP_COMPLETION,USD
IR-MOCK06478-BH_POST_DISCHARGE_7D-20250719,MOCK06478,BH_POST_DISCHARGE_7D,2025-07-19,20.0,True,Research-generated IncentiveRewards mock,MyRewards Health Action Incentive,CARE_GAP_COMPLETION,USD
IR-MOCK06490-BH_POST_DISCHARGE_7D-20250717,MOCK06490,BH_POST_DISCHARGE_7D,2025-07-17,30.0,True,Research-generated IncentiveRewards mock,MyRewards Health Action Incentive,CARE_GAP_COMPLETION,USD
IR-MOCK06502-BH_POST_DISCHARGE_7D-20250702,MOCK06502,BH_POST_DISCHARGE_7D,2025-07-02,10.0,True,Research-generated IncentiveRewards mock,MyRewards Health Action Incentive,CARE_GAP_COMPLETION,USD
IR-MOCK06508-BH_POST_DISCHARGE_7D-20250713,MOCK06508,BH_POST_DISCHARGE_7D,2025-07-13,25.0,True,Research-generated IncentiveRewards mock,MyRewards Health Action Incentive,CARE_GAP_COMPLETION,USD
IR-MOCK06514-BH_POST_DISCHARGE_7D-20250718,MOCK06514,BH_POST_DISCHARGE_7D,2025-07-18,20.0,True,Research-generated IncentiveRewards mock,MyRewards Health Action Incentive,CARE_GAP_COMPLETION,USD
IR-MOCK06526-BH_POST_DISCHARGE_7D-20250718,MOCK06526,BH_POST_DISCHARGE_7D,2025-07-18,25.0,True,Research-generated IncentiveRewards mock,MyRewards Health Action Incentive,CARE_GAP_COMPLETION,USD
IR-MOCK06532-BH_POST_DISCHARGE_7D-20250709,MOCK06532,BH_POST_DISCHARGE_7D,2025-07-09,25.0,True,Research-generated IncentiveRewards mock,MyRewards Health Action Incentive,CARE_GAP_COMPLETION,USD
IR-MOCK06538-BH_POST_DISCHARGE_7D-20250710,MOCK06538,BH_POST_DISCHARGE_7D,2025-07-10,10.0,True,Research-generated IncentiveRewards mock,MyRewards Health Action Incentive,CARE_GAP_COMPLETION,USD
IR-MOCK06544-BH_POST_DISCHARGE_7D-20250723,MOCK06544,BH_POST_DISCHARGE_7D,2025-07-23,20.0,True,Research-generated IncentiveRewards mock,MyRewards Health Action Incentive,CARE_GAP_COMPLETION,USD
IR-MOCK06562-BH_POST_DISCHARGE_7D-20250717,MOCK06562,BH_POST_DISCHARGE_7D,2025-07-17,25.0,True,Research-generated IncentiveRewards mock,MyRewards Health Action Incentive,CARE_GAP_COMPLETION,USD
IR-MOCK06568-BH_POST_DISCHARGE_7D-20250722,MOCK06568,BH_POST_DISCHARGE_7D,2025-07-22,10.0,True,Research-generated IncentiveRewards mock,MyRewards Health Action Incentive,CARE_GAP_COMPLETION,USD
IR-MOCK06574-BH_POST_DISCHARGE_7D-20250702,MOCK06574,BH_POST_DISCHARGE_7D,2025-07-02,50.0,True,Research-generated IncentiveRewards mock,MyRewards Health Action Incentive,CARE_GAP_COMPLETION,USD
IR-MOCK06580-BH_POST_DISCHARGE_7D-20250707,MOCK06580,BH_POST_DISCHARGE_7D,2025-07-07,25.0,True,Research-generated IncentiveRewards mock,MyRewards Health Action Incentive,CARE_GAP_COMPLETION,USD
IR-MOCK06586-BH_POST_DISCHARGE_7D-20250802,MOCK06586,BH_POST_DISCHARGE_7D,2025-08-02,20.0,True,Research-generated IncentiveRewards mock,MyRewards Health Action Incentive,CARE_GAP_COMPLETION,USD
IR-MOCK06592-BH_POST_DISCHARGE_7D-20250713,MOCK06592,BH_POST_DISCHARGE_7D,2025-07-13,25.0,True,Research-generated IncentiveRewards mock,MyRewards Health Action Incentive,CARE_GAP_COMPLETION,USD
IR-MOCK06598-BH_POST_DISCHARGE_7D-20250716,MOCK06598,BH_POST_DISCHARGE_7D,2025-07-16,25.0,True,Research-generated IncentiveRewards mock,MyRewards Health Action Incentive,CARE_GAP_COMPLETION,USD
IR-MOCK06604-BH_POST_DISCHARGE_7D-20250723,MOCK06604,BH_POST_DISCHARGE_7D,2025-07-23,25.0,True,Research-generated IncentiveRewards mock,MyRewards Health Action Incentive,CARE_GAP_COMPLETION,USD
IR-MOCK06616-BH_POST_DISCHARGE_7D-20250719,MOCK06616,BH_POST_DISCHARGE_7D,2025-07-19,20.0,True,Research-generated IncentiveRewards mock,MyRewards Health Action Incentive,CARE_GAP_COMPLETION,USD
IR-MOCK06640-BH_POST_DISCHARGE_7D-20250717,MOCK06640,BH_POST_DISCHARGE_7D,2025-07-17,10.0,True,Research-generated IncentiveRewards mock,MyRewards Health Action Incentive,CARE_GAP_COMPLETION,USD
IR-MOCK06670-BH_POST_DISCHARGE_7D-20250806,MOCK06670,BH_POST_DISCHARGE_7D,2025-08-06,25.0,True,Research-generated IncentiveRewards mock,MyRewards Health Action Incentive,CARE_GAP_COMPLETION,USD
IR-MOCK06688-BH_POST_DISCHARGE_7D-20250702,MOCK06688,BH_POST_DISCHARGE_7D,2025-07-02,25.0,True,Research-generated IncentiveRewards mock,MyRewards Health Action Incentive,CARE_GAP_COMPLETION,USD
IR-MOCK06694-BH_POST_DISCHARGE_7D-20250729,MOCK06694,BH_POST_DISCHARGE_7D,2025-07-29,25.0,True,Research-generated IncentiveRewards mock,MyRewards Health Action Incentive,CARE_GAP_COMPLETION,USD
IR-MOCK06706-BH_POST_DISCHARGE_7D-20250727,MOCK06706,BH_POST_DISCHARGE_7D,2025-07-27,25.0,True,Research-generated IncentiveRewards mock,MyRewards Health Action Incentive,CARE_GAP_COMPLETION,USD
IR-MOCK06718-BH_POST_DISCHARGE_7D-20250709,MOCK06718,BH_POST_DISCHARGE_7D,2025-07-09,25.0,True,Research-generated IncentiveRewards mock,MyRewards Health Action Incentive,CARE_GAP_COMPLETION,USD
IR-MOCK06730-BH_POST_DISCHARGE_7D-20250702,MOCK06730,BH_POST_DISCHARGE_7D,2025-07-02,25.0,True,Research-generated IncentiveRewards mock,MyRewards Health Action Incentive,CARE_GAP_COMPLETION,USD
IR-MOCK06754-BH_POST_DISCHARGE_7D-20250706,MOCK06754,BH_POST_DISCHARGE_7D,2025-07-06,50.0,True,Research-generated IncentiveRewards mock,MyRewards Health Action Incentive,CARE_GAP_COMPLETION,USD
IR-MOCK06760-BH_POST_DISCHARGE_7D-20250712,MOCK06760,BH_POST_DISCHARGE_7D,2025-07-12,20.0,True,Research-generated IncentiveRewards mock,MyRewards Health Action Incentive,CARE_GAP_COMPLETION,USD
IR-MOCK06766-BH_POST_DISCHARGE_7D-20250715,MOCK06766,BH_POST_DISCHARGE_7D,2025-07-15,25.0,True,Research-generated IncentiveRewards mock,MyRewards Health Action Incentive,CARE_GAP_COMPLETION,USD
IR-MOCK06772-BH_POST_DISCHARGE_7D-20250804,MOCK06772,BH_POST_DISCHARGE_7D,2025-08-04,20.0,True,Research-generated IncentiveRewards mock,MyRewards Health Action Incentive,CARE_GAP_COMPLETION,USD
IR-MOCK06784-BH_POST_DISCHARGE_7D-20250713,MOCK06784,BH_POST_DISCHARGE_7D,2025-07-13,25.0,True,Research-generated IncentiveRewards mock,MyRewards Health Action Incentive,CARE_GAP_COMPLETION,USD
IR-MOCK06790-BH_POST_DISCHARGE_7D-20250724,MOCK06790,BH_POST_DISCHARGE_7D,2025-07-24,10.0,True,Research-generated IncentiveRewards mock,MyRewards Health Action Incentive,CARE_GAP_COMPLETION,USD
IR-MOCK06802-BH_POST_DISCHARGE_7D-20250803,MOCK06802,BH_POST_DISCHARGE_7D,2025-08-03,25.0,False,Research-generated IncentiveRewards mock,MyRewards Health Action Incentive,CARE_GAP_COMPLETION,USD
IR-MOCK06808-BH_POST_DISCHARGE_7D-20250804,MOCK06808,BH_POST_DISCHARGE_7D,2025-08-04,20.0,True,Research-generated IncentiveRewards mock,MyRewards Health Action Incentive,CARE_GAP_COMPLETION,USD
IR-MOCK06820-BH_POST_DISCHARGE_7D-20250729,MOCK06820,BH_POST_DISCHARGE_7D,2025-07-29,25.0,True,Research-generated IncentiveRewards mock,MyRewards Health Action Incentive,CARE_GAP_COMPLETION,USD
IR-MOCK06838-BH_POST_DISCHARGE_7D-20250707,MOCK06838,BH_POST_DISCHARGE_7D,2025-07-07,20.0,True,Research-generated IncentiveRewards mock,MyRewards Health Action Incentive,CARE_GAP_COMPLETION,USD
IR-MOCK06856-BH_POST_DISCHARGE_7D-20250705,MOCK06856,BH_POST_DISCHARGE_7D,2025-07-05,20.0,True,Research-generated IncentiveRewards mock,MyRewards Health Action Incentive,CARE_GAP_COMPLETION,USD
IR-MOCK06868-BH_POST_DISCHARGE_7D-20250724,MOCK06868,BH_POST_DISCHARGE_7D,2025-07-24,25.0,True,Research-generated IncentiveRewards mock,MyRewards Health Action Incentive,CARE_GAP_COMPLETION,USD
IR-MOCK06886-BH_POST_DISCHARGE_7D-20250630,MOCK06886,BH_POST_DISCHARGE_7D,2025-06-30,10.0,True,Research-generated IncentiveRewards mock,MyRewards Health Action Incentive,CARE_GAP_COMPLETION,USD
IR-MOCK06898-BH_POST_DISCHARGE_7D-20250717,MOCK06898,BH_POST_DISCHARGE_7D,2025-07-17,20.0,True,Research-generated IncentiveRewards mock,MyRewards Health Action Incentive,CARE_GAP_COMPLETION,USD
IR-MOCK06916-BH_POST_DISCHARGE_7D-20250711,MOCK06916,BH_POST_DISCHARGE_7D,2025-07-11,10.0,True,Research-generated IncentiveRewards mock,MyRewards Health Action Incentive,CARE_GAP_COMPLETION,USD
IR-MOCK06922-BH_POST_DISCHARGE_7D-20250721,MOCK06922,BH_POST_DISCHARGE_7D,2025-07-21,25.0,True,Research-generated IncentiveRewards mock,MyRewards Health Action Incentive,CARE_GAP_COMPLETION,USD
IR-MOCK06934-BH_POST_DISCHARGE_7D-20250708,MOCK06934,BH_POST_DISCHARGE_7D,2025-07-08,20.0,True,Research-generated IncentiveRewards mock,MyRewards Health Action Incentive,CARE_GAP_COMPLETION,USD
IR-MOCK06940-BH_POST_DISCHARGE_7D-20250701,MOCK06940,BH_POST_DISCHARGE_7D,2025-07-01,25.0,True,Research-generated IncentiveRewards mock,MyRewards Health Action Incentive,CARE_GAP_COMPLETION,USD
IR-MOCK06946-BH_POST_DISCHARGE_7D-20250720,MOCK06946,BH_POST_DISCHARGE_7D,2025-07-20,20.0,True,Research-generated IncentiveRewards mock,MyRewards Health Action Incentive,CARE_GAP_COMPLETION,USD
IR-MOCK06958-BH_POST_DISCHARGE_7D-20250722,MOCK06958,BH_POST_DISCHARGE_7D,2025-07-22,25.0,True,Research-generated IncentiveRewards mock,MyRewards Health Action Incentive,CARE_GAP_COMPLETION,USD
IR-MOCK06976-BH_POST_DISCHARGE_7D-20250802,MOCK06976,BH_POST_DISCHARGE_7D,2025-08-02,20.0,True,Research-generated IncentiveRewards mock,MyRewards Health Action Incentive,CARE_GAP_COMPLETION,USD
IR-MOCK06988-BH_POST_DISCHARGE_7D-20250704,MOCK06988,BH_POST_DISCHARGE_7D,2025-07-04,20.0,True,Research-generated IncentiveRewards mock,MyRewards Health Action Incentive,CARE_GAP_COMPLETION,USD
IR-MOCK06994-BH_POST_DISCHARGE_7D-20250804,MOCK06994,BH_POST_DISCHARGE_7D,2025-08-04,20.0,True,Research-generated IncentiveRewards mock,MyRewards Health Action Incentive,CARE_GAP_COMPLETION,USD
IR-MOCK07006-BH_POST_DISCHARGE_7D-20250709,MOCK07006,BH_POST_DISCHARGE_7D,2025-07-09,10.0,True,Research-generated IncentiveRewards mock,MyRewards Health Action Incentive,CARE_GAP_COMPLETION,USD
IR-MOCK07024-BH_POST_DISCHARGE_7D-20250714,MOCK07024,BH_POST_DISCHARGE_7D,2025-07-14,5.0,True,Research-generated IncentiveRewards mock,MyRewards Health Action Incentive,CARE_GAP_COMPLETION,USD
IR-MOCK07042-BH_POST_DISCHARGE_7D-20250731,MOCK07042,BH_POST_DISCHARGE_7D,2025-07-31,10.0,True,Research-generated IncentiveRewards mock,MyRewards Health Action Incentive,CARE_GAP_COMPLETION,USD
IR-MOCK07060-BH_POST_DISCHARGE_7D-20250721,MOCK07060,BH_POST_DISCHARGE_7D,2025-07-21,25.0,True,Research-generated IncentiveRewards mock,MyRewards Health Action Incentive,CARE_GAP_COMPLETION,USD
IR-MOCK07066-BH_POST_DISCHARGE_7D-20250718,MOCK07066,BH_POST_DISCHARGE_7D,2025-07-18,25.0,True,Research-generated IncentiveRewards mock,MyRewards Health Action Incentive,CARE_GAP_COMPLETION,USD
IR-MOCK07078-BH_POST_DISCHARGE_7D-20250724,MOCK07078,BH_POST_DISCHARGE_7D,2025-07-24,25.0,True,Research-generated IncentiveRewards mock,MyRewards Health Action Incentive,CARE_GAP_COMPLETION,USD
IR-MOCK07084-BH_POST_DISCHARGE_7D-20250807,MOCK07084,BH_POST_DISCHARGE_7D,2025-08-07,25.0,True,Research-generated IncentiveRewards mock,MyRewards Health Action Incentive,CARE_GAP_COMPLETION,USD
IR-MOCK07108-BH_POST_DISCHARGE_7D-20250805,MOCK07108,BH_POST_DISCHARGE_7D,2025-08-05,10.0,True,Research-generated IncentiveRewards mock,MyRewards Health Action Incentive,CARE_GAP_COMPLETION,USD
IR-MOCK07114-BH_POST_DISCHARGE_7D-20250712,MOCK07114,BH_POST_DISCHARGE_7D,2025-07-12,50.0,True,Research-generated IncentiveRewards mock,MyRewards Health Action Incentive,CARE_GAP_COMPLETION,USD
IR-MOCK07120-BH_POST_DISCHARGE_7D-20250719,MOCK07120,BH_POST_DISCHARGE_7D,2025-07-19,20.0,True,Research-generated IncentiveRewards mock,MyRewards Health Action Incentive,CARE_GAP_COMPLETION,USD
IR-MOCK07126-BH_POST_DISCHARGE_7D-20250802,MOCK07126,BH_POST_DISCHARGE_7D,2025-08-02,5.0,True,Research-generated IncentiveRewards mock,MyRewards Health Action Incentive,CARE_GAP_COMPLETION,USD
IR-MOCK07138-BH_POST_DISCHARGE_7D-20250718,MOCK07138,BH_POST_DISCHARGE_7D,2025-07-18,10.0,True,Research-generated IncentiveRewards mock,MyRewards Health Action Incentive,CARE_GAP_COMPLETION,USD
IR-MOCK07192-BH_POST_DISCHARGE_7D-20250725,MOCK07192,BH_POST_DISCHARGE_7D,2025-07-25,20.0,True,Research-generated IncentiveRewards mock,MyRewards Health Action Incentive,CARE_GAP_COMPLETION,USD
IR-MOCK07198-BH_POST_DISCHARGE_7D-20250703,MOCK07198,BH_POST_DISCHARGE_7D,2025-07-03,25.0,True,Research-generated IncentiveRewards mock,MyRewards Health Action Incentive,CARE_GAP_COMPLETION,USD
IR-MOCK07210-BH_POST_DISCHARGE_7D-20250728,MOCK07210,BH_POST_DISCHARGE_7D,2025-07-28,50.0,True,Research-generated IncentiveRewards mock,MyRewards Health Action Incentive,CARE_GAP_COMPLETION,USD
IR-MOCK07222-BH_POST_DISCHARGE_7D-20250721,MOCK07222,BH_POST_DISCHARGE_7D,2025-07-21,10.0,True,Research-generated IncentiveRewards mock,MyRewards Health Action Incentive,CARE_GAP_COMPLETION,USD
IR-MOCK07234-BH_POST_DISCHARGE_7D-20250701,MOCK07234,BH_POST_DISCHARGE_7D,2025-07-01,25.0,True,Research-generated IncentiveRewards mock,MyRewards Health Action Incentive,CARE_GAP_COMPLETION,USD
IR-MOCK07246-BH_POST_DISCHARGE_7D-20250710,MOCK07246,BH_POST_DISCHARGE_7D,2025-07-10,25.0,True,Research-generated IncentiveRewards mock,MyRewards Health Action Incentive,CARE_GAP_COMPLETION,USD
IR-MOCK07252-BH_POST_DISCHARGE_7D-20250715,MOCK07252,BH_POST_DISCHARGE_7D,2025-07-15,25.0,True,Research-generated IncentiveRewards mock,MyRewards Health Action Incentive,CARE_GAP_COMPLETION,USD
IR-MOCK07264-BH_POST_DISCHARGE_7D-20250630,MOCK07264,BH_POST_DISCHARGE_7D,2025-06-30,25.0,True,Research-generated IncentiveRewards mock,MyRewards Health Action Incentive,CARE_GAP_COMPLETION,USD
IR-MOCK07270-BH_POST_DISCHARGE_7D-20250630,MOCK07270,BH_POST_DISCHARGE_7D,2025-06-30,20.0,True,Research-generated IncentiveRewards mock,MyRewards Health Action Incentive,CARE_GAP_COMPLETION,USD
IR-MOCK07288-BH_POST_DISCHARGE_7D-20250630,MOCK07288,BH_POST_DISCHARGE_7D,2025-06-30,10.0,True,Research-generated IncentiveRewards mock,MyRewards Health Action Incentive,CARE_GAP_COMPLETION,USD
IR-MOCK07300-BH_POST_DISCHARGE_7D-20250702,MOCK07300,BH_POST_DISCHARGE_7D,2025-07-02,25.0,True,Research-generated IncentiveRewards mock,MyRewards Health Action Incentive,CARE_GAP_COMPLETION,USD
IR-MOCK07306-BH_POST_DISCHARGE_7D-20250719,MOCK07306,BH_POST_DISCHARGE_7D,2025-07-19,25.0,True,Research-generated IncentiveRewards mock,MyRewards Health Action Incentive,CARE_GAP_COMPLETION,USD
IR-MOCK07318-BH_POST_DISCHARGE_7D-20250718,MOCK07318,BH_POST_DISCHARGE_7D,2025-07-18,25.0,True,Research-generated IncentiveRewards mock,MyRewards Health Action Incentive,CARE_GAP_COMPLETION,USD
IR-MOCK07330-BH_POST_DISCHARGE_7D-20250729,MOCK07330,BH_POST_DISCHARGE_7D,2025-07-29,20.0,True,Research-generated IncentiveRewards mock,MyRewards Health Action Incentive,CARE_GAP_COMPLETION,USD
IR-MOCK07348-BH_POST_DISCHARGE_7D-20250725,MOCK07348,BH_POST_DISCHARGE_7D,2025-07-25,25.0,True,Research-generated IncentiveRewards mock,MyRewards Health Action Incentive,CARE_GAP_COMPLETION,USD
IR-MOCK07366-BH_POST_DISCHARGE_7D-20250725,MOCK07366,BH_POST_DISCHARGE_7D,2025-07-25,25.0,True,Research-generated IncentiveRewards mock,MyRewards Health Action Incentive,CARE_GAP_COMPLETION,USD
IR-MOCK07378-BH_POST_DISCHARGE_7D-20250805,MOCK07378,BH_POST_DISCHARGE_7D,2025-08-05,25.0,True,Research-generated IncentiveRewards mock,MyRewards Health Action Incentive,CARE_GAP_COMPLETION,USD
IR-MOCK07384-BH_POST_DISCHARGE_7D-20250804,MOCK07384,BH_POST_DISCHARGE_7D,2025-08-04,25.0,True,Research-generated IncentiveRewards mock,MyRewards Health Action Incentive,CARE_GAP_COMPLETION,USD
IR-MOCK07390-BH_POST_DISCHARGE_7D-20250708,MOCK07390,BH_POST_DISCHARGE_7D,2025-07-08,10.0,True,Research-generated IncentiveRewards mock,MyRewards Health Action Incentive,CARE_GAP_COMPLETION,USD
IR-MOCK07396-BH_POST_DISCHARGE_7D-20250722,MOCK07396,BH_POST_DISCHARGE_7D,2025-07-22,20.0,False,Research-generated IncentiveRewards mock,MyRewards Health Action Incentive,CARE_GAP_COMPLETION,USD
IR-MOCK07420-BH_POST_DISCHARGE_7D-20250802,MOCK07420,BH_POST_DISCHARGE_7D,2025-08-02,25.0,True,Research-generated IncentiveRewards mock,MyRewards Health Action Incentive,CARE_GAP_COMPLETION,USD
IR-MOCK07426-BH_POST_DISCHARGE_7D-20250706,MOCK07426,BH_POST_DISCHARGE_7D,2025-07-06,5.0,True,Research-generated IncentiveRewards mock,MyRewards Health Action Incentive,CARE_GAP_COMPLETION,USD
IR-MOCK07432-BH_POST_DISCHARGE_7D-20250712,MOCK07432,BH_POST_DISCHARGE_7D,2025-07-12,10.0,True,Research-generated IncentiveRewards mock,MyRewards Health Action Incentive,CARE_GAP_COMPLETION,USD
IR-MOCK07438-BH_POST_DISCHARGE_7D-20250727,MOCK07438,BH_POST_DISCHARGE_7D,2025-07-27,20.0,True,Research-generated IncentiveRewards mock,MyRewards Health Action Incentive,CARE_GAP_COMPLETION,USD
IR-MOCK07468-BH_POST_DISCHARGE_7D-20250726,MOCK07468,BH_POST_DISCHARGE_7D,2025-07-26,10.0,True,Research-generated IncentiveRewards mock,MyRewards Health Action Incentive,CARE_GAP_COMPLETION,USD
IR-MOCK07474-BH_POST_DISCHARGE_7D-20250717,MOCK07474,BH_POST_DISCHARGE_7D,2025-07-17,10.0,True,Research-generated IncentiveRewards mock,MyRewards Health Action Incentive,CARE_GAP_COMPLETION,USD
IR-MOCK07480-BH_POST_DISCHARGE_7D-20250719,MOCK07480,BH_POST_DISCHARGE_7D,2025-07-19,25.0,True,Research-generated IncentiveRewards mock,MyRewards Health Action Incentive,CARE_GAP_COMPLETION,USD
IR-MOCK07492-BH_POST_DISCHARGE_7D-20250630,MOCK07492,BH_POST_DISCHARGE_7D,2025-06-30,10.0,True,Research-generated IncentiveRewards mock,MyRewards Health Action Incentive,CARE_GAP_COMPLETION,USD
IR-MOCK07498-BH_POST_DISCHARGE_7D-20250729,MOCK07498,BH_POST_DISCHARGE_7D,2025-07-29,20.0,True,Research-generated IncentiveRewards mock,MyRewards Health Action Incentive,CARE_GAP_COMPLETION,USD
IR-MOCK07510-BH_POST_DISCHARGE_7D-20250805,MOCK07510,BH_POST_DISCHARGE_7D,2025-08-05,25.0,True,Research-generated IncentiveRewards mock,MyRewards Health Action Incentive,CARE_GAP_COMPLETION,USD
IR-MOCK07522-BH_POST_DISCHARGE_7D-20250719,MOCK07522,BH_POST_DISCHARGE_7D,2025-07-19,25.0,True,Research-generated IncentiveRewards mock,MyRewards Health Action Incentive,CARE_GAP_COMPLETION,USD
IR-MOCK07534-BH_POST_DISCHARGE_7D-20250709,MOCK07534,BH_POST_DISCHARGE_7D,2025-07-09,10.0,True,Research-generated IncentiveRewards mock,MyRewards Health Action Incentive,CARE_GAP_COMPLETION,USD
IR-MOCK07552-BH_POST_DISCHARGE_7D-20250707,MOCK07552,BH_POST_DISCHARGE_7D,2025-07-07,25.0,True,Research-generated IncentiveRewards mock,MyRewards Health Action Incentive,CARE_GAP_COMPLETION,USD
IR-MOCK07588-BH_POST_DISCHARGE_7D-20250729,MOCK07588,BH_POST_DISCHARGE_7D,2025-07-29,50.0,True,Research-generated IncentiveRewards mock,MyRewards Health Action Incentive,CARE_GAP_COMPLETION,USD
IR-MOCK07594-BH_POST_DISCHARGE_7D-20250722,MOCK07594,BH_POST_DISCHARGE_7D,2025-07-22,10.0,True,Research-generated IncentiveRewards mock,MyRewards Health Action Incentive,CARE_GAP_COMPLETION,USD
IR-MOCK07600-BH_POST_DISCHARGE_7D-20250717,MOCK07600,BH_POST_DISCHARGE_7D,2025-07-17,50.0,True,Research-generated IncentiveRewards mock,MyRewards Health Action Incentive,CARE_GAP_COMPLETION,USD
IR-MOCK07624-BH_POST_DISCHARGE_7D-20250701,MOCK07624,BH_POST_DISCHARGE_7D,2025-07-01,20.0,True,Research-generated IncentiveRewards mock,MyRewards Health Action Incentive,CARE_GAP_COMPLETION,USD
IR-MOCK07642-BH_POST_DISCHARGE_7D-20250718,MOCK07642,BH_POST_DISCHARGE_7D,2025-07-18,30.0,True,Research-generated IncentiveRewards mock,MyRewards Health Action Incentive,CARE_GAP_COMPLETION,USD
IR-MOCK07654-BH_POST_DISCHARGE_7D-20250806,MOCK07654,BH_POST_DISCHARGE_7D,2025-08-06,25.0,True,Research-generated IncentiveRewards mock,MyRewards Health Action Incentive,CARE_GAP_COMPLETION,USD
IR-MOCK07678-BH_POST_DISCHARGE_7D-20250728,MOCK07678,BH_POST_DISCHARGE_7D,2025-07-28,10.0,True,Research-generated IncentiveRewards mock,MyRewards Health Action Incentive,CARE_GAP_COMPLETION,USD
IR-MOCK07684-BH_POST_DISCHARGE_7D-20250723,MOCK07684,BH_POST_DISCHARGE_7D,2025-07-23,25.0,True,Research-generated IncentiveRewards mock,MyRewards Health Action Incentive,CARE_GAP_COMPLETION,USD
IR-MOCK07702-BH_POST_DISCHARGE_7D-20250715,MOCK07702,BH_POST_DISCHARGE_7D,2025-07-15,20.0,True,Research-generated IncentiveRewards mock,MyRewards Health Action Incentive,CARE_GAP_COMPLETION,USD
IR-MOCK07708-BH_POST_DISCHARGE_7D-20250722,MOCK07708,BH_POST_DISCHARGE_7D,2025-07-22,20.0,True,Research-generated IncentiveRewards mock,MyRewards Health Action Incentive,CARE_GAP_COMPLETION,USD
IR-MOCK07726-BH_POST_DISCHARGE_7D-20250708,MOCK07726,BH_POST_DISCHARGE_7D,2025-07-08,20.0,True,Research-generated IncentiveRewards mock,MyRewards Health Action Incentive,CARE_GAP_COMPLETION,USD
IR-MOCK07732-BH_POST_DISCHARGE_7D-20250726,MOCK07732,BH_POST_DISCHARGE_7D,2025-07-26,25.0,True,Research-generated IncentiveRewards mock,MyRewards Health Action Incentive,CARE_GAP_COMPLETION,USD
IR-MOCK07762-BH_POST_DISCHARGE_7D-20250725,MOCK07762,BH_POST_DISCHARGE_7D,2025-07-25,20.0,True,Research-generated IncentiveRewards mock,MyRewards Health Action Incentive,CARE_GAP_COMPLETION,USD
IR-MOCK07774-BH_POST_DISCHARGE_7D-20250701,MOCK07774,BH_POST_DISCHARGE_7D,2025-07-01,10.0,True,Research-generated IncentiveRewards mock,MyRewards Health Action Incentive,CARE_GAP_COMPLETION,USD
IR-MOCK07786-BH_POST_DISCHARGE_7D-20250708,MOCK07786,BH_POST_DISCHARGE_7D,2025-07-08,25.0,True,Research-generated IncentiveRewards mock,MyRewards Health Action Incentive,CARE_GAP_COMPLETION,USD
IR-MOCK07792-BH_POST_DISCHARGE_7D-20250709,MOCK07792,BH_POST_DISCHARGE_7D,2025-07-09,25.0,True,Research-generated IncentiveRewards mock,MyRewards Health Action Incentive,CARE_GAP_COMPLETION,USD
IR-MOCK07798-BH_POST_DISCHARGE_7D-20250728,MOCK07798,BH_POST_DISCHARGE_7D,2025-07-28,10.0,True,Research-generated IncentiveRewards mock,MyRewards Health Action Incentive,CARE_GAP_COMPLETION,USD
IR-MOCK07804-BH_POST_DISCHARGE_7D-20250719,MOCK07804,BH_POST_DISCHARGE_7D,2025-07-19,25.0,True,Research-generated IncentiveRewards mock,MyRewards Health Action Incentive,CARE_GAP_COMPLETION,USD
IR-MOCK07810-BH_POST_DISCHARGE_7D-20250807,MOCK07810,BH_POST_DISCHARGE_7D,2025-08-07,25.0,True,Research-generated IncentiveRewards mock,MyRewards Health Action Incentive,CARE_GAP_COMPLETION,USD
IR-MOCK07840-BH_POST_DISCHARGE_7D-20250727,MOCK07840,BH_POST_DISCHARGE_7D,2025-07-27,25.0,True,Research-generated IncentiveRewards mock,MyRewards Health Action Incentive,CARE_GAP_COMPLETION,USD
IR-MOCK07852-BH_POST_DISCHARGE_7D-20250710,MOCK07852,BH_POST_DISCHARGE_7D,2025-07-10,30.0,True,Research-generated IncentiveRewards mock,MyRewards Health Action Incentive,CARE_GAP_COMPLETION,USD
IR-MOCK07858-BH_POST_DISCHARGE_7D-20250718,MOCK07858,BH_POST_DISCHARGE_7D,2025-07-18,20.0,False,Research-generated IncentiveRewards mock,MyRewards Health Action Incentive,CARE_GAP_COMPLETION,USD
IR-MOCK07864-BH_POST_DISCHARGE_7D-20250725,MOCK07864,BH_POST_DISCHARGE_7D,2025-07-25,30.0,True,Research-generated IncentiveRewards mock,MyRewards Health Action Incentive,CARE_GAP_COMPLETION,USD
IR-MOCK07870-BH_POST_DISCHARGE_7D-20250714,MOCK07870,BH_POST_DISCHARGE_7D,2025-07-14,10.0,True,Research-generated IncentiveRewards mock,MyRewards Health Action Incentive,CARE_GAP_COMPLETION,USD
IR-MOCK07882-BH_POST_DISCHARGE_7D-20250807,MOCK07882,BH_POST_DISCHARGE_7D,2025-08-07,50.0,True,Research-generated IncentiveRewards mock,MyRewards Health Action Incentive,CARE_GAP_COMPLETION,USD
IR-MOCK07888-BH_POST_DISCHARGE_7D-20250716,MOCK07888,BH_POST_DISCHARGE_7D,2025-07-16,25.0,True,Research-generated IncentiveRewards mock,MyRewards Health Action Incentive,CARE_GAP_COMPLETION,USD
IR-MOCK07900-BH_POST_DISCHARGE_7D-20250715,MOCK07900,BH_POST_DISCHARGE_7D,2025-07-15,25.0,True,Research-generated IncentiveRewards mock,MyRewards Health Action Incentive,CARE_GAP_COMPLETION,USD
IR-MOCK07912-BH_POST_DISCHARGE_7D-20250706,MOCK07912,BH_POST_DISCHARGE_7D,2025-07-06,50.0,True,Research-generated IncentiveRewards mock,MyRewards Health Action Incentive,CARE_GAP_COMPLETION,USD
IR-MOCK07930-BH_POST_DISCHARGE_7D-20250801,MOCK07930,BH_POST_DISCHARGE_7D,2025-08-01,10.0,True,Research-generated IncentiveRewards mock,MyRewards Health Action Incentive,CARE_GAP_COMPLETION,USD
IR-MOCK07942-BH_POST_DISCHARGE_7D-20250730,MOCK07942,BH_POST_DISCHARGE_7D,2025-07-30,10.0,True,Research-generated IncentiveRewards mock,MyRewards Health Action Incentive,CARE_GAP_COMPLETION,USD
IR-MOCK07948-BH_POST_DISCHARGE_7D-20250804,MOCK07948,BH_POST_DISCHARGE_7D,2025-08-04,20.0,True,Research-generated IncentiveRewards mock,MyRewards Health Action Incentive,CARE_GAP_COMPLETION,USD
IR-MOCK07966-BH_POST_DISCHARGE_7D-20250703,MOCK07966,BH_POST_DISCHARGE_7D,2025-07-03,25.0,True,Research-generated IncentiveRewards mock,MyRewards Health Action Incentive,CARE_GAP_COMPLETION,USD
IR-MOCK07972-BH_POST_DISCHARGE_7D-20250711,MOCK07972,BH_POST_DISCHARGE_7D,2025-07-11,20.0,True,Research-generated IncentiveRewards mock,MyRewards Health Action Incentive,CARE_GAP_COMPLETION,USD
IR-MOCK07978-BH_POST_DISCHARGE_7D-20250701,MOCK07978,BH_POST_DISCHARGE_7D,2025-07-01,30.0,True,Research-generated IncentiveRewards mock,MyRewards Health Action Incentive,CARE_GAP_COMPLETION,USD
IR-MOCK07996-BH_POST_DISCHARGE_7D-20250728,MOCK07996,BH_POST_DISCHARGE_7D,2025-07-28,50.0,True,Research-generated IncentiveRewards mock,MyRewards Health Action Incentive,CARE_GAP_COMPLETION,USD
IR-MOCK08008-BH_POST_DISCHARGE_7D-20250712,MOCK08008,BH_POST_DISCHARGE_7D,2025-07-12,25.0,True,Research-generated IncentiveRewards mock,MyRewards Health Action Incentive,CARE_GAP_COMPLETION,USD
IR-MOCK08032-BH_POST_DISCHARGE_7D-20250702,MOCK08032,BH_POST_DISCHARGE_7D,2025-07-02,20.0,True,Research-generated IncentiveRewards mock,MyRewards Health Action Incentive,CARE_GAP_COMPLETION,USD
IR-MOCK08038-BH_POST_DISCHARGE_7D-20250715,MOCK08038,BH_POST_DISCHARGE_7D,2025-07-15,20.0,True,Research-generated IncentiveRewards mock,MyRewards Health Action Incentive,CARE_GAP_COMPLETION,USD
IR-MOCK08044-BH_POST_DISCHARGE_7D-20250630,MOCK08044,BH_POST_DISCHARGE_7D,2025-06-30,20.0,True,Research-generated IncentiveRewards mock,MyRewards Health Action Incentive,CARE_GAP_COMPLETION,USD
IR-MOCK08062-BH_POST_DISCHARGE_7D-20250801,MOCK08062,BH_POST_DISCHARGE_7D,2025-08-01,25.0,True,Research-generated IncentiveRewards mock,MyRewards Health Action Incentive,CARE_GAP_COMPLETION,USD
IR-MOCK08068-BH_POST_DISCHARGE_7D-20250706,MOCK08068,BH_POST_DISCHARGE_7D,2025-07-06,20.0,True,Research-generated IncentiveRewards mock,MyRewards Health Action Incentive,CARE_GAP_COMPLETION,USD
IR-MOCK08074-BH_POST_DISCHARGE_7D-20250630,MOCK08074,BH_POST_DISCHARGE_7D,2025-06-30,20.0,True,Research-generated IncentiveRewards mock,MyRewards Health Action Incentive,CARE_GAP_COMPLETION,USD
IR-MOCK08092-BH_POST_DISCHARGE_7D-20250716,MOCK08092,BH_POST_DISCHARGE_7D,2025-07-16,20.0,True,Research-generated IncentiveRewards mock,MyRewards Health Action Incentive,CARE_GAP_COMPLETION,USD
IR-MOCK08104-BH_POST_DISCHARGE_7D-20250710,MOCK08104,BH_POST_DISCHARGE_7D,2025-07-10,25.0,True,Research-generated IncentiveRewards mock,MyRewards Health Action Incentive,CARE_GAP_COMPLETION,USD
IR-MOCK08116-BH_POST_DISCHARGE_7D-20250716,MOCK08116,BH_POST_DISCHARGE_7D,2025-07-16,20.0,True,Research-generated IncentiveRewards mock,MyRewards Health Action Incentive,CARE_GAP_COMPLETION,USD
IR-MOCK08122-BH_POST_DISCHARGE_7D-20250710,MOCK08122,BH_POST_DISCHARGE_7D,2025-07-10,50.0,True,Research-generated IncentiveRewards mock,MyRewards Health Action Incentive,CARE_GAP_COMPLETION,USD
IR-MOCK08140-BH_POST_DISCHARGE_7D-20250711,MOCK08140,BH_POST_DISCHARGE_7D,2025-07-11,25.0,True,Research-generated IncentiveRewards mock,MyRewards Health Action Incentive,CARE_GAP_COMPLETION,USD
IR-MOCK08158-BH_POST_DISCHARGE_7D-20250704,MOCK08158,BH_POST_DISCHARGE_7D,2025-07-04,20.0,True,Research-generated IncentiveRewards mock,MyRewards Health Action Incentive,CARE_GAP_COMPLETION,USD
IR-MOCK08176-BH_POST_DISCHARGE_7D-20250705,MOCK08176,BH_POST_DISCHARGE_7D,2025-07-05,25.0,True,Research-generated IncentiveRewards mock,MyRewards Health Action Incentive,CARE_GAP_COMPLETION,USD
IR-MOCK08194-BH_POST_DISCHARGE_7D-20250701,MOCK08194,BH_POST_DISCHARGE_7D,2025-07-01,20.0,True,Research-generated IncentiveRewards mock,MyRewards Health Action Incentive,CARE_GAP_COMPLETION,USD
IR-MOCK08206-BH_POST_DISCHARGE_7D-20250714,MOCK08206,BH_POST_DISCHARGE_7D,2025-07-14,20.0,True,Research-generated IncentiveRewards mock,MyRewards Health Action Incentive,CARE_GAP_COMPLETION,USD
IR-MOCK08224-BH_POST_DISCHARGE_7D-20250731,MOCK08224,BH_POST_DISCHARGE_7D,2025-07-31,25.0,True,Research-generated IncentiveRewards mock,MyRewards Health Action Incentive,CARE_GAP_COMPLETION,USD
IR-MOCK08236-BH_POST_DISCHARGE_7D-20250704,MOCK08236,BH_POST_DISCHARGE_7D,2025-07-04,25.0,True,Research-generated IncentiveRewards mock,MyRewards Health Action Incentive,CARE_GAP_COMPLETION,USD
IR-MOCK08254-BH_POST_DISCHARGE_7D-20250705,MOCK08254,BH_POST_DISCHARGE_7D,2025-07-05,20.0,True,Research-generated IncentiveRewards mock,MyRewards Health Action Incentive,CARE_GAP_COMPLETION,USD
IR-MOCK08266-BH_POST_DISCHARGE_7D-20250720,MOCK08266,BH_POST_DISCHARGE_7D,2025-07-20,10.0,True,Research-generated IncentiveRewards mock,MyRewards Health Action Incentive,CARE_GAP_COMPLETION,USD
IR-MOCK08290-BH_POST_DISCHARGE_7D-20250723,MOCK08290,BH_POST_DISCHARGE_7D,2025-07-23,25.0,True,Research-generated IncentiveRewards mock,MyRewards Health Action Incentive,CARE_GAP_COMPLETION,USD
IR-MOCK08326-BH_POST_DISCHARGE_7D-20250704,MOCK08326,BH_POST_DISCHARGE_7D,2025-07-04,20.0,True,Research-generated IncentiveRewards mock,MyRewards Health Action Incentive,CARE_GAP_COMPLETION,USD
IR-MOCK08332-BH_POST_DISCHARGE_7D-20250803,MOCK08332,BH_POST_DISCHARGE_7D,2025-08-03,25.0,True,Research-generated IncentiveRewards mock,MyRewards Health Action Incentive,CARE_GAP_COMPLETION,USD
IR-MOCK08344-BH_POST_DISCHARGE_7D-20250710,MOCK08344,BH_POST_DISCHARGE_7D,2025-07-10,25.0,True,Research-generated IncentiveRewards mock,MyRewards Health Action Incentive,CARE_GAP_COMPLETION,USD
IR-MOCK08392-BH_POST_DISCHARGE_7D-20250711,MOCK08392,BH_POST_DISCHARGE_7D,2025-07-11,25.0,True,Research-generated IncentiveRewards mock,MyRewards Health Action Incentive,CARE_GAP_COMPLETION,USD
IR-MOCK08398-BH_POST_DISCHARGE_7D-20250715,MOCK08398,BH_POST_DISCHARGE_7D,2025-07-15,20.0,True,Research-generated IncentiveRewards mock,MyRewards Health Action Incentive,CARE_GAP_COMPLETION,USD
IR-MOCK08404-BH_POST_DISCHARGE_7D-20250709,MOCK08404,BH_POST_DISCHARGE_7D,2025-07-09,25.0,True,Research-generated IncentiveRewards mock,MyRewards Health Action Incentive,CARE_GAP_COMPLETION,USD
IR-MOCK08416-BH_POST_DISCHARGE_7D-20250717,MOCK08416,BH_POST_DISCHARGE_7D,2025-07-17,25.0,True,Research-generated IncentiveRewards mock,MyRewards Health Action Incentive,CARE_GAP_COMPLETION,USD
IR-MOCK08434-BH_POST_DISCHARGE_7D-20250713,MOCK08434,BH_POST_DISCHARGE_7D,2025-07-13,10.0,True,Research-generated IncentiveRewards mock,MyRewards Health Action Incentive,CARE_GAP_COMPLETION,USD
IR-MOCK08446-BH_POST_DISCHARGE_7D-20250720,MOCK08446,BH_POST_DISCHARGE_7D,2025-07-20,25.0,True,Research-generated IncentiveRewards mock,MyRewards Health Action Incentive,CARE_GAP_COMPLETION,USD
IR-MOCK08464-BH_POST_DISCHARGE_7D-20250727,MOCK08464,BH_POST_DISCHARGE_7D,2025-07-27,10.0,True,Research-generated IncentiveRewards mock,MyRewards Health Action Incentive,CARE_GAP_COMPLETION,USD
IR-MOCK08470-BH_POST_DISCHARGE_7D-20250709,MOCK08470,BH_POST_DISCHARGE_7D,2025-07-09,25.0,True,Research-generated IncentiveRewards mock,MyRewards Health Action Incentive,CARE_GAP_COMPLETION,USD
IR-MOCK08482-BH_POST_DISCHARGE_7D-20250727,MOCK08482,BH_POST_DISCHARGE_7D,2025-07-27,10.0,True,Research-generated IncentiveRewards mock,MyRewards Health Action Incentive,CARE_GAP_COMPLETION,USD
IR-MOCK08500-BH_POST_DISCHARGE_7D-20250721,MOCK08500,BH_POST_DISCHARGE_7D,2025-07-21,10.0,True,Research-generated IncentiveRewards mock,MyRewards Health Action Incentive,CARE_GAP_COMPLETION,USD
IR-MOCK08506-BH_POST_DISCHARGE_7D-20250730,MOCK08506,BH_POST_DISCHARGE_7D,2025-07-30,10.0,True,Research-generated IncentiveRewards mock,MyRewards Health Action Incentive,CARE_GAP_COMPLETION,USD
IR-MOCK08512-BH_POST_DISCHARGE_7D-20250708,MOCK08512,BH_POST_DISCHARGE_7D,2025-07-08,5.0,True,Research-generated IncentiveRewards mock,MyRewards Health Action Incentive,CARE_GAP_COMPLETION,USD
IR-MOCK08530-BH_POST_DISCHARGE_7D-20250712,MOCK08530,BH_POST_DISCHARGE_7D,2025-07-12,10.0,True,Research-generated IncentiveRewards mock,MyRewards Health Action Incentive,CARE_GAP_COMPLETION,USD
IR-MOCK08554-BH_POST_DISCHARGE_7D-20250723,MOCK08554,BH_POST_DISCHARGE_7D,2025-07-23,50.0,True,Research-generated IncentiveRewards mock,MyRewards Health Action Incentive,CARE_GAP_COMPLETION,USD
IR-MOCK08560-BH_POST_DISCHARGE_7D-20250705,MOCK08560,BH_POST_DISCHARGE_7D,2025-07-05,25.0,True,Research-generated IncentiveRewards mock,MyRewards Health Action Incentive,CARE_GAP_COMPLETION,USD
IR-MOCK08566-BH_POST_DISCHARGE_7D-20250805,MOCK08566,BH_POST_DISCHARGE_7D,2025-08-05,5.0,True,Research-generated IncentiveRewards mock,MyRewards Health Action Incentive,CARE_GAP_COMPLETION,USD
IR-MOCK08584-BH_POST_DISCHARGE_7D-20250723,MOCK08584,BH_POST_DISCHARGE_7D,2025-07-23,50.0,True,Research-generated IncentiveRewards mock,MyRewards Health Action Incentive,CARE_GAP_COMPLETION,USD
IR-MOCK08590-BH_POST_DISCHARGE_7D-20250713,MOCK08590,BH_POST_DISCHARGE_7D,2025-07-13,25.0,True,Research-generated IncentiveRewards mock,MyRewards Health Action Incentive,CARE_GAP_COMPLETION,USD
IR-MOCK08602-BH_POST_DISCHARGE_7D-20250727,MOCK08602,BH_POST_DISCHARGE_7D,2025-07-27,20.0,True,Research-generated IncentiveRewards mock,MyRewards Health Action Incentive,CARE_GAP_COMPLETION,USD
IR-MOCK08614-BH_POST_DISCHARGE_7D-20250704,MOCK08614,BH_POST_DISCHARGE_7D,2025-07-04,20.0,True,Research-generated IncentiveRewards mock,MyRewards Health Action Incentive,CARE_GAP_COMPLETION,USD
IR-MOCK08620-BH_POST_DISCHARGE_7D-20250801,MOCK08620,BH_POST_DISCHARGE_7D,2025-08-01,10.0,True,Research-generated IncentiveRewards mock,MyRewards Health Action Incentive,CARE_GAP_COMPLETION,USD
IR-MOCK08632-BH_POST_DISCHARGE_7D-20250704,MOCK08632,BH_POST_DISCHARGE_7D,2025-07-04,25.0,True,Research-generated IncentiveRewards mock,MyRewards Health Action Incentive,CARE_GAP_COMPLETION,USD
IR-MOCK08644-BH_POST_DISCHARGE_7D-20250727,MOCK08644,BH_POST_DISCHARGE_7D,2025-07-27,20.0,True,Research-generated IncentiveRewards mock,MyRewards Health Action Incentive,CARE_GAP_COMPLETION,USD
IR-MOCK08650-BH_POST_DISCHARGE_7D-20250801,MOCK08650,BH_POST_DISCHARGE_7D,2025-08-01,20.0,True,Research-generated IncentiveRewards mock,MyRewards Health Action Incentive,CARE_GAP_COMPLETION,USD
IR-MOCK08662-BH_POST_DISCHARGE_7D-20250724,MOCK08662,BH_POST_DISCHARGE_7D,2025-07-24,25.0,True,Research-generated IncentiveRewards mock,MyRewards Health Action Incentive,CARE_GAP_COMPLETION,USD
IR-MOCK08686-BH_POST_DISCHARGE_7D-20250807,MOCK08686,BH_POST_DISCHARGE_7D,2025-08-07,20.0,True,Research-generated IncentiveRewards mock,MyRewards Health Action Incentive,CARE_GAP_COMPLETION,USD
IR-MOCK08692-BH_POST_DISCHARGE_7D-20250710,MOCK08692,BH_POST_DISCHARGE_7D,2025-07-10,10.0,True,Research-generated IncentiveRewards mock,MyRewards Health Action Incentive,CARE_GAP_COMPLETION,USD
IR-MOCK08698-BH_POST_DISCHARGE_7D-20250718,MOCK08698,BH_POST_DISCHARGE_7D,2025-07-18,10.0,True,Research-generated IncentiveRewards mock,MyRewards Health Action Incentive,CARE_GAP_COMPLETION,USD
IR-MOCK08710-BH_POST_DISCHARGE_7D-20250720,MOCK08710,BH_POST_DISCHARGE_7D,2025-07-20,5.0,True,Research-generated IncentiveRewards mock,MyRewards Health Action Incentive,CARE_GAP_COMPLETION,USD
IR-MOCK08716-BH_POST_DISCHARGE_7D-20250710,MOCK08716,BH_POST_DISCHARGE_7D,2025-07-10,25.0,True,Research-generated IncentiveRewards mock,MyRewards Health Action Incentive,CARE_GAP_COMPLETION,USD
IR-MOCK08728-BH_POST_DISCHARGE_7D-20250726,MOCK08728,BH_POST_DISCHARGE_7D,2025-07-26,25.0,True,Research-generated IncentiveRewards mock,MyRewards Health Action Incentive,CARE_GAP_COMPLETION,USD
IR-MOCK08758-BH_POST_DISCHARGE_7D-20250807,MOCK08758,BH_POST_DISCHARGE_7D,2025-08-07,10.0,True,Research-generated IncentiveRewards mock,MyRewards Health Action Incentive,CARE_GAP_COMPLETION,USD
IR-MOCK08776-BH_POST_DISCHARGE_7D-20250803,MOCK08776,BH_POST_DISCHARGE_7D,2025-08-03,20.0,True,Research-generated IncentiveRewards mock,MyRewards Health Action Incentive,CARE_GAP_COMPLETION,USD
IR-MOCK08806-BH_POST_DISCHARGE_7D-20250724,MOCK08806,BH_POST_DISCHARGE_7D,2025-07-24,25.0,True,Research-generated IncentiveRewards mock,MyRewards Health Action Incentive,CARE_GAP_COMPLETION,USD
IR-MOCK08812-BH_POST_DISCHARGE_7D-20250711,MOCK08812,BH_POST_DISCHARGE_7D,2025-07-11,20.0,True,Research-generated IncentiveRewards mock,MyRewards Health Action Incentive,CARE_GAP_COMPLETION,USD
IR-MOCK08818-BH_POST_DISCHARGE_7D-20250803,MOCK08818,BH_POST_DISCHARGE_7D,2025-08-03,20.0,True,Research-generated IncentiveRewards mock,MyRewards Health Action Incentive,CARE_GAP_COMPLETION,USD
IR-MOCK08824-BH_POST_DISCHARGE_7D-20250707,MOCK08824,BH_POST_DISCHARGE_7D,2025-07-07,20.0,True,Research-generated IncentiveRewards mock,MyRewards Health Action Incentive,CARE_GAP_COMPLETION,USD
IR-MOCK08830-BH_POST_DISCHARGE_7D-20250803,MOCK08830,BH_POST_DISCHARGE_7D,2025-08-03,25.0,True,Research-generated IncentiveRewards mock,MyRewards Health Action Incentive,CARE_GAP_COMPLETION,USD
IR-MOCK08836-BH_POST_DISCHARGE_7D-20250803,MOCK08836,BH_POST_DISCHARGE_7D,2025-08-03,20.0,True,Research-generated IncentiveRewards mock,MyRewards Health Action Incentive,CARE_GAP_COMPLETION,USD
IR-MOCK08842-BH_POST_DISCHARGE_7D-20250705,MOCK08842,BH_POST_DISCHARGE_7D,2025-07-05,25.0,True,Research-generated IncentiveRewards mock,MyRewards Health Action Incentive,CARE_GAP_COMPLETION,USD
IR-MOCK08854-BH_POST_DISCHARGE_7D-20250807,MOCK08854,BH_POST_DISCHARGE_7D,2025-08-07,25.0,True,Research-generated IncentiveRewards mock,MyRewards Health Action Incentive,CARE_GAP_COMPLETION,USD
IR-MOCK08878-BH_POST_DISCHARGE_7D-20250719,MOCK08878,BH_POST_DISCHARGE_7D,2025-07-19,10.0,True,Research-generated IncentiveRewards mock,MyRewards Health Action Incentive,CARE_GAP_COMPLETION,USD
IR-MOCK08902-BH_POST_DISCHARGE_7D-20250717,MOCK08902,BH_POST_DISCHARGE_7D,2025-07-17,25.0,True,Research-generated IncentiveRewards mock,MyRewards Health Action Incentive,CARE_GAP_COMPLETION,USD
IR-MOCK08908-BH_POST_DISCHARGE_7D-20250708,MOCK08908,BH_POST_DISCHARGE_7D,2025-07-08,50.0,True,Research-generated IncentiveRewards mock,MyRewards Health Action Incentive,CARE_GAP_COMPLETION,USD
IR-MOCK08920-BH_POST_DISCHARGE_7D-20250704,MOCK08920,BH_POST_DISCHARGE_7D,2025-07-04,25.0,True,Research-generated IncentiveRewards mock,MyRewards Health Action Incentive,CARE_GAP_COMPLETION,USD
IR-MOCK08968-BH_POST_DISCHARGE_7D-20250712,MOCK08968,BH_POST_DISCHARGE_7D,2025-07-12,10.0,True,Research-generated IncentiveRewards mock,MyRewards Health Action Incentive,CARE_GAP_COMPLETION,USD
IR-MOCK08992-BH_POST_DISCHARGE_7D-20250729,MOCK08992,BH_POST_DISCHARGE_7D,2025-07-29,20.0,True,Research-generated IncentiveRewards mock,MyRewards Health Action Incentive,CARE_GAP_COMPLETION,USD
IR-MOCK08998-BH_POST_DISCHARGE_7D-20250704,MOCK08998,BH_POST_DISCHARGE_7D,2025-07-04,25.0,True,Research-generated IncentiveRewards mock,MyRewards Health Action Incentive,CARE_GAP_COMPLETION,USD
IR-MOCK09010-BH_POST_DISCHARGE_7D-20250722,MOCK09010,BH_POST_DISCHARGE_7D,2025-07-22,25.0,True,Research-generated IncentiveRewards mock,MyRewards Health Action Incentive,CARE_GAP_COMPLETION,USD
IR-MOCK09028-BH_POST_DISCHARGE_7D-20250715,MOCK09028,BH_POST_DISCHARGE_7D,2025-07-15,20.0,True,Research-generated IncentiveRewards mock,MyRewards Health Action Incentive,CARE_GAP_COMPLETION,USD
IR-MOCK09034-BH_POST_DISCHARGE_7D-20250807,MOCK09034,BH_POST_DISCHARGE_7D,2025-08-07,10.0,True,Research-generated IncentiveRewards mock,MyRewards Health Action Incentive,CARE_GAP_COMPLETION,USD
IR-MOCK09046-BH_POST_DISCHARGE_7D-20250725,MOCK09046,BH_POST_DISCHARGE_7D,2025-07-25,25.0,True,Research-generated IncentiveRewards mock,MyRewards Health Action Incentive,CARE_GAP_COMPLETION,USD
IR-MOCK09070-BH_POST_DISCHARGE_7D-20250722,MOCK09070,BH_POST_DISCHARGE_7D,2025-07-22,50.0,True,Research-generated IncentiveRewards mock,MyRewards Health Action Incentive,CARE_GAP_COMPLETION,USD
IR-MOCK09076-BH_POST_DISCHARGE_7D-20250803,MOCK09076,BH_POST_DISCHARGE_7D,2025-08-03,25.0,True,Research-generated IncentiveRewards mock,MyRewards Health Action Incentive,CARE_GAP_COMPLETION,USD
IR-MOCK09088-BH_POST_DISCHARGE_7D-20250718,MOCK09088,BH_POST_DISCHARGE_7D,2025-07-18,10.0,True,Research-generated IncentiveRewards mock,MyRewards Health Action Incentive,CARE_GAP_COMPLETION,USD
IR-MOCK09094-BH_POST_DISCHARGE_7D-20250707,MOCK09094,BH_POST_DISCHARGE_7D,2025-07-07,25.0,True,Research-generated IncentiveRewards mock,MyRewards Health Action Incentive,CARE_GAP_COMPLETION,USD
IR-MOCK09106-BH_POST_DISCHARGE_7D-20250802,MOCK09106,BH_POST_DISCHARGE_7D,2025-08-02,25.0,True,Research-generated IncentiveRewards mock,MyRewards Health Action Incentive,CARE_GAP_COMPLETION,USD
IR-MOCK09112-BH_POST_DISCHARGE_7D-20250708,MOCK09112,BH_POST_DISCHARGE_7D,2025-07-08,50.0,True,Research-generated IncentiveRewards mock,MyRewards Health Action Incentive,CARE_GAP_COMPLETION,USD
IR-MOCK09124-BH_POST_DISCHARGE_7D-20250718,MOCK09124,BH_POST_DISCHARGE_7D,2025-07-18,20.0,True,Research-generated IncentiveRewards mock,MyRewards Health Action Incentive,CARE_GAP_COMPLETION,USD
IR-MOCK09130-BH_POST_DISCHARGE_7D-20250712,MOCK09130,BH_POST_DISCHARGE_7D,2025-07-12,10.0,True,Research-generated IncentiveRewards mock,MyRewards Health Action Incentive,CARE_GAP_COMPLETION,USD
IR-MOCK09136-BH_POST_DISCHARGE_7D-20250727,MOCK09136,BH_POST_DISCHARGE_7D,2025-07-27,25.0,True,Research-generated IncentiveRewards mock,MyRewards Health Action Incentive,CARE_GAP_COMPLETION,USD
IR-MOCK09166-BH_POST_DISCHARGE_7D-20250802,MOCK09166,BH_POST_DISCHARGE_7D,2025-08-02,25.0,True,Research-generated IncentiveRewards mock,MyRewards Health Action Incentive,CARE_GAP_COMPLETION,USD
IR-MOCK09178-BH_POST_DISCHARGE_7D-20250725,MOCK09178,BH_POST_DISCHARGE_7D,2025-07-25,25.0,True,Research-generated IncentiveRewards mock,MyRewards Health Action Incentive,CARE_GAP_COMPLETION,USD
IR-MOCK09196-BH_POST_DISCHARGE_7D-20250709,MOCK09196,BH_POST_DISCHARGE_7D,2025-07-09,10.0,True,Research-generated IncentiveRewards mock,MyRewards Health Action Incentive,CARE_GAP_COMPLETION,USD
IR-MOCK09214-BH_POST_DISCHARGE_7D-20250725,MOCK09214,BH_POST_DISCHARGE_7D,2025-07-25,50.0,True,Research-generated IncentiveRewards mock,MyRewards Health Action Incentive,CARE_GAP_COMPLETION,USD
IR-MOCK09232-BH_POST_DISCHARGE_7D-20250714,MOCK09232,BH_POST_DISCHARGE_7D,2025-07-14,20.0,True,Research-generated IncentiveRewards mock,MyRewards Health Action Incentive,CARE_GAP_COMPLETION,USD
IR-MOCK09238-BH_POST_DISCHARGE_7D-20250803,MOCK09238,BH_POST_DISCHARGE_7D,2025-08-03,25.0,True,Research-generated IncentiveRewards mock,MyRewards Health Action Incentive,CARE_GAP_COMPLETION,USD
IR-MOCK09250-BH_POST_DISCHARGE_7D-20250807,MOCK09250,BH_POST_DISCHARGE_7D,2025-08-07,20.0,True,Research-generated IncentiveRewards mock,MyRewards Health Action Incentive,CARE_GAP_COMPLETION,USD
IR-MOCK09256-BH_POST_DISCHARGE_7D-20250724,MOCK09256,BH_POST_DISCHARGE_7D,2025-07-24,25.0,True,Research-generated IncentiveRewards mock,MyRewards Health Action Incentive,CARE_GAP_COMPLETION,USD
IR-MOCK09274-BH_POST_DISCHARGE_7D-20250715,MOCK09274,BH_POST_DISCHARGE_7D,2025-07-15,10.0,True,Research-generated IncentiveRewards mock,MyRewards Health Action Incentive,CARE_GAP_COMPLETION,USD
IR-MOCK09280-BH_POST_DISCHARGE_7D-20250802,MOCK09280,BH_POST_DISCHARGE_7D,2025-08-02,20.0,True,Research-generated IncentiveRewards mock,MyRewards Health Action Incentive,CARE_GAP_COMPLETION,USD
IR-MOCK09310-BH_POST_DISCHARGE_7D-20250724,MOCK09310,BH_POST_DISCHARGE_7D,2025-07-24,5.0,True,Research-generated IncentiveRewards mock,MyRewards Health Action Incentive,CARE_GAP_COMPLETION,USD
IR-MOCK09334-BH_POST_DISCHARGE_7D-20250721,MOCK09334,BH_POST_DISCHARGE_7D,2025-07-21,20.0,True,Research-generated IncentiveRewards mock,MyRewards Health Action Incentive,CARE_GAP_COMPLETION,USD
IR-MOCK09340-BH_POST_DISCHARGE_7D-20250731,MOCK09340,BH_POST_DISCHARGE_7D,2025-07-31,25.0,True,Research-generated IncentiveRewards mock,MyRewards Health Action Incentive,CARE_GAP_COMPLETION,USD
IR-MOCK09364-BH_POST_DISCHARGE_7D-20250730,MOCK09364,BH_POST_DISCHARGE_7D,2025-07-30,30.0,True,Research-generated IncentiveRewards mock,MyRewards Health Action Incentive,CARE_GAP_COMPLETION,USD
IR-MOCK09376-BH_POST_DISCHARGE_7D-20250725,MOCK09376,BH_POST_DISCHARGE_7D,2025-07-25,10.0,True,Research-generated IncentiveRewards mock,MyRewards Health Action Incentive,CARE_GAP_COMPLETION,USD
IR-MOCK09400-BH_POST_DISCHARGE_7D-20250708,MOCK09400,BH_POST_DISCHARGE_7D,2025-07-08,25.0,True,Research-generated IncentiveRewards mock,MyRewards Health Action Incentive,CARE_GAP_COMPLETION,USD
IR-MOCK09412-BH_POST_DISCHARGE_7D-20250728,MOCK09412,BH_POST_DISCHARGE_7D,2025-07-28,20.0,True,Research-generated IncentiveRewards mock,MyRewards Health Action Incentive,CARE_GAP_COMPLETION,USD
IR-MOCK09448-BH_POST_DISCHARGE_7D-20250708,MOCK09448,BH_POST_DISCHARGE_7D,2025-07-08,25.0,True,Research-generated IncentiveRewards mock,MyRewards Health Action Incentive,CARE_GAP_COMPLETION,USD
IR-MOCK09454-BH_POST_DISCHARGE_7D-20250805,MOCK09454,BH_POST_DISCHARGE_7D,2025-08-05,25.0,True,Research-generated IncentiveRewards mock,MyRewards Health Action Incentive,CARE_GAP_COMPLETION,USD
IR-MOCK09478-BH_POST_DISCHARGE_7D-20250720,MOCK09478,BH_POST_DISCHARGE_7D,2025-07-20,25.0,True,Research-generated IncentiveRewards mock,MyRewards Health Action Incentive,CARE_GAP_COMPLETION,USD
IR-MOCK09484-BH_POST_DISCHARGE_7D-20250709,MOCK09484,BH_POST_DISCHARGE_7D,2025-07-09,25.0,True,Research-generated IncentiveRewards mock,MyRewards Health Action Incentive,CARE_GAP_COMPLETION,USD
IR-MOCK09514-BH_POST_DISCHARGE_7D-20250708,MOCK09514,BH_POST_DISCHARGE_7D,2025-07-08,25.0,True,Research-generated IncentiveRewards mock,MyRewards Health Action Incentive,CARE_GAP_COMPLETION,USD
IR-MOCK09520-BH_POST_DISCHARGE_7D-20250706,MOCK09520,BH_POST_DISCHARGE_7D,2025-07-06,20.0,True,Research-generated IncentiveRewards mock,MyRewards Health Action Incentive,CARE_GAP_COMPLETION,USD
IR-MOCK09526-BH_POST_DISCHARGE_7D-20250727,MOCK09526,BH_POST_DISCHARGE_7D,2025-07-27,20.0,True,Research-generated IncentiveRewards mock,MyRewards Health Action Incentive,CARE_GAP_COMPLETION,USD
IR-MOCK09538-BH_POST_DISCHARGE_7D-20250702,MOCK09538,BH_POST_DISCHARGE_7D,2025-07-02,20.0,True,Research-generated IncentiveRewards mock,MyRewards Health Action Incentive,CARE_GAP_COMPLETION,USD
IR-MOCK09544-BH_POST_DISCHARGE_7D-20250718,MOCK09544,BH_POST_DISCHARGE_7D,2025-07-18,25.0,True,Research-generated IncentiveRewards mock,MyRewards Health Action Incentive,CARE_GAP_COMPLETION,USD
IR-MOCK09556-BH_POST_DISCHARGE_7D-20250709,MOCK09556,BH_POST_DISCHARGE_7D,2025-07-09,10.0,True,Research-generated IncentiveRewards mock,MyRewards Health Action Incentive,CARE_GAP_COMPLETION,USD
IR-MOCK09568-BH_POST_DISCHARGE_7D-20250709,MOCK09568,BH_POST_DISCHARGE_7D,2025-07-09,25.0,True,Research-generated IncentiveRewards mock,MyRewards Health Action Incentive,CARE_GAP_COMPLETION,USD
IR-MOCK09574-BH_POST_DISCHARGE_7D-20250713,MOCK09574,BH_POST_DISCHARGE_7D,2025-07-13,25.0,True,Research-generated IncentiveRewards mock,MyRewards Health Action Incentive,CARE_GAP_COMPLETION,USD
IR-MOCK09580-BH_POST_DISCHARGE_7D-20250630,MOCK09580,BH_POST_DISCHARGE_7D,2025-06-30,10.0,True,Research-generated IncentiveRewards mock,MyRewards Health Action Incentive,CARE_GAP_COMPLETION,USD
IR-MOCK09610-BH_POST_DISCHARGE_7D-20250722,MOCK09610,BH_POST_DISCHARGE_7D,2025-07-22,10.0,True,Research-generated IncentiveRewards mock,MyRewards Health Action Incentive,CARE_GAP_COMPLETION,USD
IR-MOCK09622-BH_POST_DISCHARGE_7D-20250724,MOCK09622,BH_POST_DISCHARGE_7D,2025-07-24,25.0,True,Research-generated IncentiveRewards mock,MyRewards Health Action Incentive,CARE_GAP_COMPLETION,USD
IR-MOCK09640-BH_POST_DISCHARGE_7D-20250724,MOCK09640,BH_POST_DISCHARGE_7D,2025-07-24,10.0,True,Research-generated IncentiveRewards mock,MyRewards Health Action Incentive,CARE_GAP_COMPLETION,USD
IR-MOCK09658-BH_POST_DISCHARGE_7D-20250706,MOCK09658,BH_POST_DISCHARGE_7D,2025-07-06,25.0,True,Research-generated IncentiveRewards mock,MyRewards Health Action Incentive,CARE_GAP_COMPLETION,USD
IR-MOCK09664-BH_POST_DISCHARGE_7D-20250712,MOCK09664,BH_POST_DISCHARGE_7D,2025-07-12,20.0,True,Research-generated IncentiveRewards mock,MyRewards Health Action Incentive,CARE_GAP_COMPLETION,USD
IR-MOCK09682-BH_POST_DISCHARGE_7D-20250804,MOCK09682,BH_POST_DISCHARGE_7D,2025-08-04,25.0,True,Research-generated IncentiveRewards mock,MyRewards Health Action Incentive,CARE_GAP_COMPLETION,USD
IR-MOCK09694-BH_POST_DISCHARGE_7D-20250715,MOCK09694,BH_POST_DISCHARGE_7D,2025-07-15,20.0,True,Research-generated IncentiveRewards mock,MyRewards Health Action Incentive,CARE_GAP_COMPLETION,USD
IR-MOCK09706-BH_POST_DISCHARGE_7D-20250702,MOCK09706,BH_POST_DISCHARGE_7D,2025-07-02,25.0,True,Research-generated IncentiveRewards mock,MyRewards Health Action Incentive,CARE_GAP_COMPLETION,USD
IR-MOCK09742-BH_POST_DISCHARGE_7D-20250711,MOCK09742,BH_POST_DISCHARGE_7D,2025-07-11,20.0,True,Research-generated IncentiveRewards mock,MyRewards Health Action Incentive,CARE_GAP_COMPLETION,USD
IR-MOCK09748-BH_POST_DISCHARGE_7D-20250804,MOCK09748,BH_POST_DISCHARGE_7D,2025-08-04,30.0,True,Research-generated IncentiveRewards mock,MyRewards Health Action Incentive,CARE_GAP_COMPLETION,USD
IR-MOCK09760-BH_POST_DISCHARGE_7D-20250804,MOCK09760,BH_POST_DISCHARGE_7D,2025-08-04,25.0,True,Research-generated IncentiveRewards mock,MyRewards Health Action Incentive,CARE_GAP_COMPLETION,USD
IR-MOCK09772-BH_POST_DISCHARGE_7D-20250708,MOCK09772,BH_POST_DISCHARGE_7D,2025-07-08,30.0,True,Research-generated IncentiveRewards mock,MyRewards Health Action Incentive,CARE_GAP_COMPLETION,USD
IR-MOCK09796-BH_POST_DISCHARGE_7D-20250706,MOCK09796,BH_POST_DISCHARGE_7D,2025-07-06,5.0,True,Research-generated IncentiveRewards mock,MyRewards Health Action Incentive,CARE_GAP_COMPLETION,USD
IR-MOCK09826-BH_POST_DISCHARGE_7D-20250723,MOCK09826,BH_POST_DISCHARGE_7D,2025-07-23,25.0,True,Research-generated IncentiveRewards mock,MyRewards Health Action Incentive,CARE_GAP_COMPLETION,USD
IR-MOCK09832-BH_POST_DISCHARGE_7D-20250724,MOCK09832,BH_POST_DISCHARGE_7D,2025-07-24,30.0,True,Research-generated IncentiveRewards mock,MyRewards Health Action Incentive,CARE_GAP_COMPLETION,USD
IR-MOCK09838-BH_POST_DISCHARGE_7D-20250721,MOCK09838,BH_POST_DISCHARGE_7D,2025-07-21,20.0,True,Research-generated IncentiveRewards mock,MyRewards Health Action Incentive,CARE_GAP_COMPLETION,USD
IR-MOCK09856-BH_POST_DISCHARGE_7D-20250804,MOCK09856,BH_POST_DISCHARGE_7D,2025-08-04,10.0,True,Research-generated IncentiveRewards mock,MyRewards Health Action Incentive,CARE_GAP_COMPLETION,USD
IR-MOCK09868-BH_POST_DISCHARGE_7D-20250704,MOCK09868,BH_POST_DISCHARGE_7D,2025-07-04,10.0,True,Research-generated IncentiveRewards mock,MyRewards Health Action Incentive,CARE_GAP_COMPLETION,USD
IR-MOCK09886-BH_POST_DISCHARGE_7D-20250713,MOCK09886,BH_POST_DISCHARGE_7D,2025-07-13,25.0,True,Research-generated IncentiveRewards mock,MyRewards Health Action Incentive,CARE_GAP_COMPLETION,USD
IR-MOCK09892-BH_POST_DISCHARGE_7D-20250802,MOCK09892,BH_POST_DISCHARGE_7D,2025-08-02,10.0,True,Research-generated IncentiveRewards mock,MyRewards Health Action Incentive,CARE_GAP_COMPLETION,USD
IR-MOCK09910-BH_POST_DISCHARGE_7D-20250719,MOCK09910,BH_POST_DISCHARGE_7D,2025-07-19,25.0,True,Research-generated IncentiveRewards mock,MyRewards Health Action Incentive,CARE_GAP_COMPLETION,USD
IR-MOCK09928-BH_POST_DISCHARGE_7D-20250723,MOCK09928,BH_POST_DISCHARGE_7D,2025-07-23,25.0,True,Research-generated IncentiveRewards mock,MyRewards Health Action Incentive,CARE_GAP_COMPLETION,USD
IR-MOCK09940-BH_POST_DISCHARGE_7D-20250708,MOCK09940,BH_POST_DISCHARGE_7D,2025-07-08,25.0,True,Research-generated IncentiveRewards mock,MyRewards Health Action Incentive,CARE_GAP_COMPLETION,USD
IR-MOCK09958-BH_POST_DISCHARGE_7D-20250806,MOCK09958,BH_POST_DISCHARGE_7D,2025-08-06,25.0,True,Research-generated IncentiveRewards mock,MyRewards Health Action Incentive,CARE_GAP_COMPLETION,USD
IR-MOCK09970-BH_POST_DISCHARGE_7D-20250807,MOCK09970,BH_POST_DISCHARGE_7D,2025-08-07,20.0,True,Research-generated IncentiveRewards mock,MyRewards Health Action Incentive,CARE_GAP_COMPLETION,USD
IR-MOCK09988-BH_POST_DISCHARGE_7D-20250723,MOCK09988,BH_POST_DISCHARGE_7D,2025-07-23,25.0,True,Research-generated IncentiveRewards mock,MyRewards Health Action Incentive,CARE_GAP_COMPLETION,USD
IR-MOCK10000-BH_POST_DISCHARGE_7D-20250708,MOCK10000,BH_POST_DISCHARGE_7D,2025-07-08,30.0,True,Research-generated IncentiveRewards mock,MyRewards Health Action Incentive,CARE_GAP_COMPLETION,USD
IR-MOCK00031-DIAB_BLOOD_SUGAR-20250706,MOCK00031,DIAB_BLOOD_SUGAR,2025-07-06,15.0,True,Research-generated IncentiveRewards mock,MyRewards Health Action Incentive,CARE_GAP_COMPLETION,USD
IR-MOCK00037-DIAB_BLOOD_SUGAR-20250805,MOCK00037,DIAB_BLOOD_SUGAR,2025-08-05,10.0,True,Research-generated IncentiveRewards mock,MyRewards Health Action Incentive,CARE_GAP_COMPLETION,USD
IR-MOCK00049-DIAB_BLOOD_SUGAR-20250725,MOCK00049,DIAB_BLOOD_SUGAR,2025-07-25,30.0,True,Research-generated IncentiveRewards mock,MyRewards Health Action Incentive,CARE_GAP_COMPLETION,USD
IR-MOCK00055-DIAB_BLOOD_SUGAR-20250717,MOCK00055,DIAB_BLOOD_SUGAR,2025-07-17,50.0,True,Research-generated IncentiveRewards mock,MyRewards Health Action Incentive,CARE_GAP_COMPLETION,USD
IR-MOCK00061-DIAB_BLOOD_SUGAR-20250725,MOCK00061,DIAB_BLOOD_SUGAR,2025-07-25,25.0,True,Research-generated IncentiveRewards mock,MyRewards Health Action Incentive,CARE_GAP_COMPLETION,USD
IR-MOCK00079-DIAB_BLOOD_SUGAR-20250725,MOCK00079,DIAB_BLOOD_SUGAR,2025-07-25,10.0,True,Research-generated IncentiveRewards mock,MyRewards Health Action Incentive,CARE_GAP_COMPLETION,USD
IR-MOCK00085-DIAB_BLOOD_SUGAR-20250801,MOCK00085,DIAB_BLOOD_SUGAR,2025-08-01,25.0,True,Research-generated IncentiveRewards mock,MyRewards Health Action Incentive,CARE_GAP_COMPLETION,USD
IR-MOCK00097-DIAB_BLOOD_SUGAR-20250731,MOCK00097,DIAB_BLOOD_SUGAR,2025-07-31,25.0,True,Research-generated IncentiveRewards mock,MyRewards Health Action Incentive,CARE_GAP_COMPLETION,USD
IR-MOCK00121-DIAB_BLOOD_SUGAR-20250723,MOCK00121,DIAB_BLOOD_SUGAR,2025-07-23,25.0,True,Research-generated IncentiveRewards mock,MyRewards Health Action Incentive,CARE_GAP_COMPLETION,USD
IR-MOCK00139-DIAB_BLOOD_SUGAR-20250707,MOCK00139,DIAB_BLOOD_SUGAR,2025-07-07,30.0,True,Research-generated IncentiveRewards mock,MyRewards Health Action Incentive,CARE_GAP_COMPLETION,USD
IR-MOCK00151-DIAB_BLOOD_SUGAR-20250728,MOCK00151,DIAB_BLOOD_SUGAR,2025-07-28,30.0,True,Research-generated IncentiveRewards mock,MyRewards Health Action Incentive,CARE_GAP_COMPLETION,USD
IR-MOCK00169-DIAB_BLOOD_SUGAR-20250702,MOCK00169,DIAB_BLOOD_SUGAR,2025-07-02,15.0,True,Research-generated IncentiveRewards mock,MyRewards Health Action Incentive,CARE_GAP_COMPLETION,USD
IR-MOCK00181-DIAB_BLOOD_SUGAR-20250802,MOCK00181,DIAB_BLOOD_SUGAR,2025-08-02,25.0,True,Research-generated IncentiveRewards mock,MyRewards Health Action Incentive,CARE_GAP_COMPLETION,USD
IR-MOCK00187-DIAB_BLOOD_SUGAR-20250719,MOCK00187,DIAB_BLOOD_SUGAR,2025-07-19,10.0,True,Research-generated IncentiveRewards mock,MyRewards Health Action Incentive,CARE_GAP_COMPLETION,USD
IR-MOCK00199-DIAB_BLOOD_SUGAR-20250718,MOCK00199,DIAB_BLOOD_SUGAR,2025-07-18,30.0,True,Research-generated IncentiveRewards mock,MyRewards Health Action Incentive,CARE_GAP_COMPLETION,USD
IR-MOCK00211-DIAB_BLOOD_SUGAR-20250723,MOCK00211,DIAB_BLOOD_SUGAR,2025-07-23,5.0,True,Research-generated IncentiveRewards mock,MyRewards Health Action Incentive,CARE_GAP_COMPLETION,USD
IR-MOCK00259-DIAB_BLOOD_SUGAR-20250803,MOCK00259,DIAB_BLOOD_SUGAR,2025-08-03,1.0,True,Research-generated IncentiveRewards mock,MyRewards Health Action Incentive,CARE_GAP_COMPLETION,USD
IR-MOCK00265-DIAB_BLOOD_SUGAR-20250718,MOCK00265,DIAB_BLOOD_SUGAR,2025-07-18,10.0,True,Research-generated IncentiveRewards mock,MyRewards Health Action Incentive,CARE_GAP_COMPLETION,USD
IR-MOCK00271-DIAB_BLOOD_SUGAR-20250724,MOCK00271,DIAB_BLOOD_SUGAR,2025-07-24,30.0,True,Research-generated IncentiveRewards mock,MyRewards Health Action Incentive,CARE_GAP_COMPLETION,USD
IR-MOCK00301-DIAB_BLOOD_SUGAR-20250730,MOCK00301,DIAB_BLOOD_SUGAR,2025-07-30,25.0,True,Research-generated IncentiveRewards mock,MyRewards Health Action Incentive,CARE_GAP_COMPLETION,USD
IR-MOCK00313-DIAB_BLOOD_SUGAR-20250716,MOCK00313,DIAB_BLOOD_SUGAR,2025-07-16,25.0,True,Research-generated IncentiveRewards mock,MyRewards Health Action Incentive,CARE_GAP_COMPLETION,USD
IR-MOCK00319-DIAB_BLOOD_SUGAR-20250712,MOCK00319,DIAB_BLOOD_SUGAR,2025-07-12,20.0,True,Research-generated IncentiveRewards mock,MyRewards Health Action Incentive,CARE_GAP_COMPLETION,USD
IR-MOCK00331-DIAB_BLOOD_SUGAR-20250723,MOCK00331,DIAB_BLOOD_SUGAR,2025-07-23,15.0,True,Research-generated IncentiveRewards mock,MyRewards Health Action Incentive,CARE_GAP_COMPLETION,USD
IR-MOCK00355-DIAB_BLOOD_SUGAR-20250630,MOCK00355,DIAB_BLOOD_SUGAR,2025-06-30,10.0,True,Research-generated IncentiveRewards mock,MyRewards Health Action Incentive,CARE_GAP_COMPLETION,USD
IR-MOCK00361-DIAB_BLOOD_SUGAR-20250802,MOCK00361,DIAB_BLOOD_SUGAR,2025-08-02,30.0,True,Research-generated IncentiveRewards mock,MyRewards Health Action Incentive,CARE_GAP_COMPLETION,USD
IR-MOCK00367-DIAB_BLOOD_SUGAR-20250802,MOCK00367,DIAB_BLOOD_SUGAR,2025-08-02,30.0,True,Research-generated IncentiveRewards mock,MyRewards Health Action Incentive,CARE_GAP_COMPLETION,USD
IR-MOCK00379-DIAB_BLOOD_SUGAR-20250701,MOCK00379,DIAB_BLOOD_SUGAR,2025-07-01,25.0,True,Research-generated IncentiveRewards mock,MyRewards Health Action Incentive,CARE_GAP_COMPLETION,USD
IR-MOCK00385-DIAB_BLOOD_SUGAR-20250730,MOCK00385,DIAB_BLOOD_SUGAR,2025-07-30,100.0,True,Research-generated IncentiveRewards mock,MyRewards Health Action Incentive,CARE_GAP_COMPLETION,USD
IR-MOCK00409-DIAB_BLOOD_SUGAR-20250709,MOCK00409,DIAB_BLOOD_SUGAR,2025-07-09,5.0,True,Research-generated IncentiveRewards mock,MyRewards Health Action Incentive,CARE_GAP_COMPLETION,USD
IR-MOCK00421-DIAB_BLOOD_SUGAR-20250714,MOCK00421,DIAB_BLOOD_SUGAR,2025-07-14,10.0,True,Research-generated IncentiveRewards mock,MyRewards Health Action Incentive,CARE_GAP_COMPLETION,USD
IR-MOCK00427-DIAB_BLOOD_SUGAR-20250803,MOCK00427,DIAB_BLOOD_SUGAR,2025-08-03,15.0,True,Research-generated IncentiveRewards mock,MyRewards Health Action Incentive,CARE_GAP_COMPLETION,USD
IR-MOCK00433-DIAB_BLOOD_SUGAR-20250729,MOCK00433,DIAB_BLOOD_SUGAR,2025-07-29,25.0,True,Research-generated IncentiveRewards mock,MyRewards Health Action Incentive,CARE_GAP_COMPLETION,USD
IR-MOCK00451-DIAB_BLOOD_SUGAR-20250803,MOCK00451,DIAB_BLOOD_SUGAR,2025-08-03,25.0,True,Research-generated IncentiveRewards mock,MyRewards Health Action Incentive,CARE_GAP_COMPLETION,USD
IR-MOCK00469-DIAB_BLOOD_SUGAR-20250705,MOCK00469,DIAB_BLOOD_SUGAR,2025-07-05,25.0,True,Research-generated IncentiveRewards mock,MyRewards Health Action Incentive,CARE_GAP_COMPLETION,USD
IR-MOCK00481-DIAB_BLOOD_SUGAR-20250708,MOCK00481,DIAB_BLOOD_SUGAR,2025-07-08,25.0,True,Research-generated IncentiveRewards mock,MyRewards Health Action Incentive,CARE_GAP_COMPLETION,USD
IR-MOCK00487-DIAB_BLOOD_SUGAR-20250705,MOCK00487,DIAB_BLOOD_SUGAR,2025-07-05,30.0,True,Research-generated IncentiveRewards mock,MyRewards Health Action Incentive,CARE_GAP_COMPLETION,USD
IR-MOCK00499-DIAB_BLOOD_SUGAR-20250712,MOCK00499,DIAB_BLOOD_SUGAR,2025-07-12,30.0,True,Research-generated IncentiveRewards mock,MyRewards Health Action Incentive,CARE_GAP_COMPLETION,USD
IR-MOCK00511-DIAB_BLOOD_SUGAR-20250715,MOCK00511,DIAB_BLOOD_SUGAR,2025-07-15,10.0,True,Research-generated IncentiveRewards mock,MyRewards Health Action Incentive,CARE_GAP_COMPLETION,USD
IR-MOCK00547-DIAB_BLOOD_SUGAR-20250708,MOCK00547,DIAB_BLOOD_SUGAR,2025-07-08,15.0,True,Research-generated IncentiveRewards mock,MyRewards Health Action Incentive,CARE_GAP_COMPLETION,USD
IR-MOCK00553-DIAB_BLOOD_SUGAR-20250731,MOCK00553,DIAB_BLOOD_SUGAR,2025-07-31,30.0,True,Research-generated IncentiveRewards mock,MyRewards Health Action Incentive,CARE_GAP_COMPLETION,USD
IR-MOCK00571-DIAB_BLOOD_SUGAR-20250706,MOCK00571,DIAB_BLOOD_SUGAR,2025-07-06,25.0,True,Research-generated IncentiveRewards mock,MyRewards Health Action Incentive,CARE_GAP_COMPLETION,USD
IR-MOCK00583-DIAB_BLOOD_SUGAR-20250807,MOCK00583,DIAB_BLOOD_SUGAR,2025-08-07,25.0,True,Research-generated IncentiveRewards mock,MyRewards Health Action Incentive,CARE_GAP_COMPLETION,USD
IR-MOCK00589-DIAB_BLOOD_SUGAR-20250731,MOCK00589,DIAB_BLOOD_SUGAR,2025-07-31,1.0,True,Research-generated IncentiveRewards mock,MyRewards Health Action Incentive,CARE_GAP_COMPLETION,USD
IR-MOCK00613-DIAB_BLOOD_SUGAR-20250719,MOCK00613,DIAB_BLOOD_SUGAR,2025-07-19,30.0,True,Research-generated IncentiveRewards mock,MyRewards Health Action Incentive,CARE_GAP_COMPLETION,USD
IR-MOCK00619-DIAB_BLOOD_SUGAR-20250721,MOCK00619,DIAB_BLOOD_SUGAR,2025-07-21,30.0,True,Research-generated IncentiveRewards mock,MyRewards Health Action Incentive,CARE_GAP_COMPLETION,USD
IR-MOCK00631-DIAB_BLOOD_SUGAR-20250704,MOCK00631,DIAB_BLOOD_SUGAR,2025-07-04,100.0,True,Research-generated IncentiveRewards mock,MyRewards Health Action Incentive,CARE_GAP_COMPLETION,USD
IR-MOCK00643-DIAB_BLOOD_SUGAR-20250731,MOCK00643,DIAB_BLOOD_SUGAR,2025-07-31,10.0,True,Research-generated IncentiveRewards mock,MyRewards Health Action Incentive,CARE_GAP_COMPLETION,USD
IR-MOCK00649-DIAB_BLOOD_SUGAR-20250721,MOCK00649,DIAB_BLOOD_SUGAR,2025-07-21,10.0,True,Research-generated IncentiveRewards mock,MyRewards Health Action Incentive,CARE_GAP_COMPLETION,USD
IR-MOCK00655-DIAB_BLOOD_SUGAR-20250710,MOCK00655,DIAB_BLOOD_SUGAR,2025-07-10,25.0,True,Research-generated IncentiveRewards mock,MyRewards Health Action Incentive,CARE_GAP_COMPLETION,USD
IR-MOCK00661-DIAB_BLOOD_SUGAR-20250702,MOCK00661,DIAB_BLOOD_SUGAR,2025-07-02,20.0,True,Research-generated IncentiveRewards mock,MyRewards Health Action Incentive,CARE_GAP_COMPLETION,USD
IR-MOCK00667-DIAB_BLOOD_SUGAR-20250721,MOCK00667,DIAB_BLOOD_SUGAR,2025-07-21,30.0,True,Research-generated IncentiveRewards mock,MyRewards Health Action Incentive,CARE_GAP_COMPLETION,USD
IR-MOCK00685-DIAB_BLOOD_SUGAR-20250807,MOCK00685,DIAB_BLOOD_SUGAR,2025-08-07,30.0,True,Research-generated IncentiveRewards mock,MyRewards Health Action Incentive,CARE_GAP_COMPLETION,USD
IR-MOCK00697-DIAB_BLOOD_SUGAR-20250719,MOCK00697,DIAB_BLOOD_SUGAR,2025-07-19,30.0,True,Research-generated IncentiveRewards mock,MyRewards Health Action Incentive,CARE_GAP_COMPLETION,USD
IR-MOCK00703-DIAB_BLOOD_SUGAR-20250702,MOCK00703,DIAB_BLOOD_SUGAR,2025-07-02,25.0,True,Research-generated IncentiveRewards mock,MyRewards Health Action Incentive,CARE_GAP_COMPLETION,USD
IR-MOCK00727-DIAB_BLOOD_SUGAR-20250706,MOCK00727,DIAB_BLOOD_SUGAR,2025-07-06,15.0,True,Research-generated IncentiveRewards mock,MyRewards Health Action Incentive,CARE_GAP_COMPLETION,USD
IR-MOCK00733-DIAB_BLOOD_SUGAR-20250804,MOCK00733,DIAB_BLOOD_SUGAR,2025-08-04,20.0,True,Research-generated IncentiveRewards mock,MyRewards Health Action Incentive,CARE_GAP_COMPLETION,USD
IR-MOCK00763-DIAB_BLOOD_SUGAR-20250804,MOCK00763,DIAB_BLOOD_SUGAR,2025-08-04,30.0,True,Research-generated IncentiveRewards mock,MyRewards Health Action Incentive,CARE_GAP_COMPLETION,USD
IR-MOCK00781-DIAB_BLOOD_SUGAR-20250807,MOCK00781,DIAB_BLOOD_SUGAR,2025-08-07,30.0,True,Research-generated IncentiveRewards mock,MyRewards Health Action Incentive,CARE_GAP_COMPLETION,USD
IR-MOCK00787-DIAB_BLOOD_SUGAR-20250724,MOCK00787,DIAB_BLOOD_SUGAR,2025-07-24,10.0,True,Research-generated IncentiveRewards mock,MyRewards Health Action Incentive,CARE_GAP_COMPLETION,USD
IR-MOCK00799-DIAB_BLOOD_SUGAR-20250713,MOCK00799,DIAB_BLOOD_SUGAR,2025-07-13,30.0,True,Research-generated IncentiveRewards mock,MyRewards Health Action Incentive,CARE_GAP_COMPLETION,USD
IR-MOCK00847-DIAB_BLOOD_SUGAR-20250713,MOCK00847,DIAB_BLOOD_SUGAR,2025-07-13,20.0,True,Research-generated IncentiveRewards mock,MyRewards Health Action Incentive,CARE_GAP_COMPLETION,USD
IR-MOCK00859-DIAB_BLOOD_SUGAR-20250717,MOCK00859,DIAB_BLOOD_SUGAR,2025-07-17,30.0,True,Research-generated IncentiveRewards mock,MyRewards Health Action Incentive,CARE_GAP_COMPLETION,USD
IR-MOCK00865-DIAB_BLOOD_SUGAR-20250805,MOCK00865,DIAB_BLOOD_SUGAR,2025-08-05,25.0,True,Research-generated IncentiveRewards mock,MyRewards Health Action Incentive,CARE_GAP_COMPLETION,USD
IR-MOCK00877-DIAB_BLOOD_SUGAR-20250723,MOCK00877,DIAB_BLOOD_SUGAR,2025-07-23,15.0,True,Research-generated IncentiveRewards mock,MyRewards Health Action Incentive,CARE_GAP_COMPLETION,USD
IR-MOCK00883-DIAB_BLOOD_SUGAR-20250807,MOCK00883,DIAB_BLOOD_SUGAR,2025-08-07,100.0,True,Research-generated IncentiveRewards mock,MyRewards Health Action Incentive,CARE_GAP_COMPLETION,USD
IR-MOCK00889-DIAB_BLOOD_SUGAR-20250723,MOCK00889,DIAB_BLOOD_SUGAR,2025-07-23,15.0,True,Research-generated IncentiveRewards mock,MyRewards Health Action Incentive,CARE_GAP_COMPLETION,USD
IR-MOCK00907-DIAB_BLOOD_SUGAR-20250719,MOCK00907,DIAB_BLOOD_SUGAR,2025-07-19,100.0,True,Research-generated IncentiveRewards mock,MyRewards Health Action Incentive,CARE_GAP_COMPLETION,USD
IR-MOCK00919-DIAB_BLOOD_SUGAR-20250705,MOCK00919,DIAB_BLOOD_SUGAR,2025-07-05,30.0,True,Research-generated IncentiveRewards mock,MyRewards Health Action Incentive,CARE_GAP_COMPLETION,USD
IR-MOCK00931-DIAB_BLOOD_SUGAR-20250713,MOCK00931,DIAB_BLOOD_SUGAR,2025-07-13,30.0,True,Research-generated IncentiveRewards mock,MyRewards Health Action Incentive,CARE_GAP_COMPLETION,USD
IR-MOCK00961-DIAB_BLOOD_SUGAR-20250716,MOCK00961,DIAB_BLOOD_SUGAR,2025-07-16,30.0,True,Research-generated IncentiveRewards mock,MyRewards Health Action Incentive,CARE_GAP_COMPLETION,USD
IR-MOCK00973-DIAB_BLOOD_SUGAR-20250716,MOCK00973,DIAB_BLOOD_SUGAR,2025-07-16,15.0,True,Research-generated IncentiveRewards mock,MyRewards Health Action Incentive,CARE_GAP_COMPLETION,USD
IR-MOCK00985-DIAB_BLOOD_SUGAR-20250714,MOCK00985,DIAB_BLOOD_SUGAR,2025-07-14,25.0,True,Research-generated IncentiveRewards mock,MyRewards Health Action Incentive,CARE_GAP_COMPLETION,USD
IR-MOCK00991-DIAB_BLOOD_SUGAR-20250702,MOCK00991,DIAB_BLOOD_SUGAR,2025-07-02,25.0,True,Research-generated IncentiveRewards mock,MyRewards Health Action Incentive,CARE_GAP_COMPLETION,USD
IR-MOCK00997-DIAB_BLOOD_SUGAR-20250802,MOCK00997,DIAB_BLOOD_SUGAR,2025-08-02,25.0,True,Research-generated IncentiveRewards mock,MyRewards Health Action Incentive,CARE_GAP_COMPLETION,USD
IR-MOCK01003-DIAB_BLOOD_SUGAR-20250805,MOCK01003,DIAB_BLOOD_SUGAR,2025-08-05,10.0,True,Research-generated IncentiveRewards mock,MyRewards Health Action Incentive,CARE_GAP_COMPLETION,USD
IR-MOCK01021-DIAB_BLOOD_SUGAR-20250720,MOCK01021,DIAB_BLOOD_SUGAR,2025-07-20,10.0,True,Research-generated IncentiveRewards mock,MyRewards Health Action Incentive,CARE_GAP_COMPLETION,USD
IR-MOCK01039-DIAB_BLOOD_SUGAR-20250716,MOCK01039,DIAB_BLOOD_SUGAR,2025-07-16,30.0,True,Research-generated IncentiveRewards mock,MyRewards Health Action Incentive,CARE_GAP_COMPLETION,USD
IR-MOCK01045-DIAB_BLOOD_SUGAR-20250729,MOCK01045,DIAB_BLOOD_SUGAR,2025-07-29,15.0,True,Research-generated IncentiveRewards mock,MyRewards Health Action Incentive,CARE_GAP_COMPLETION,USD
IR-MOCK01057-DIAB_BLOOD_SUGAR-20250801,MOCK01057,DIAB_BLOOD_SUGAR,2025-08-01,15.0,True,Research-generated IncentiveRewards mock,MyRewards Health Action Incentive,CARE_GAP_COMPLETION,USD
IR-MOCK01069-DIAB_BLOOD_SUGAR-20250731,MOCK01069,DIAB_BLOOD_SUGAR,2025-07-31,30.0,True,Research-generated IncentiveRewards mock,MyRewards Health Action Incentive,CARE_GAP_COMPLETION,USD
IR-MOCK01075-DIAB_BLOOD_SUGAR-20250716,MOCK01075,DIAB_BLOOD_SUGAR,2025-07-16,25.0,True,Research-generated IncentiveRewards mock,MyRewards Health Action Incentive,CARE_GAP_COMPLETION,USD
IR-MOCK01099-DIAB_BLOOD_SUGAR-20250713,MOCK01099,DIAB_BLOOD_SUGAR,2025-07-13,20.0,True,Research-generated IncentiveRewards mock,MyRewards Health Action Incentive,CARE_GAP_COMPLETION,USD
IR-MOCK01171-DIAB_BLOOD_SUGAR-20250801,MOCK01171,DIAB_BLOOD_SUGAR,2025-08-01,10.0,True,Research-generated IncentiveRewards mock,MyRewards Health Action Incentive,CARE_GAP_COMPLETION,USD
IR-MOCK01177-DIAB_BLOOD_SUGAR-20250806,MOCK01177,DIAB_BLOOD_SUGAR,2025-08-06,10.0,True,Research-generated IncentiveRewards mock,MyRewards Health Action Incentive,CARE_GAP_COMPLETION,USD
IR-MOCK01183-DIAB_BLOOD_SUGAR-20250802,MOCK01183,DIAB_BLOOD_SUGAR,2025-08-02,25.0,True,Research-generated IncentiveRewards mock,MyRewards Health Action Incentive,CARE_GAP_COMPLETION,USD
IR-MOCK01195-DIAB_BLOOD_SUGAR-20250721,MOCK01195,DIAB_BLOOD_SUGAR,2025-07-21,100.0,True,Research-generated IncentiveRewards mock,MyRewards Health Action Incentive,CARE_GAP_COMPLETION,USD
IR-MOCK01201-DIAB_BLOOD_SUGAR-20250731,MOCK01201,DIAB_BLOOD_SUGAR,2025-07-31,25.0,True,Research-generated IncentiveRewards mock,MyRewards Health Action Incentive,CARE_GAP_COMPLETION,USD
IR-MOCK01213-DIAB_BLOOD_SUGAR-20250726,MOCK01213,DIAB_BLOOD_SUGAR,2025-07-26,20.0,True,Research-generated IncentiveRewards mock,MyRewards Health Action Incentive,CARE_GAP_COMPLETION,USD
IR-MOCK01231-DIAB_BLOOD_SUGAR-20250723,MOCK01231,DIAB_BLOOD_SUGAR,2025-07-23,100.0,True,Research-generated IncentiveRewards mock,MyRewards Health Action Incentive,CARE_GAP_COMPLETION,USD
IR-MOCK01237-DIAB_BLOOD_SUGAR-20250728,MOCK01237,DIAB_BLOOD_SUGAR,2025-07-28,10.0,True,Research-generated IncentiveRewards mock,MyRewards Health Action Incentive,CARE_GAP_COMPLETION,USD
IR-MOCK01261-DIAB_BLOOD_SUGAR-20250802,MOCK01261,DIAB_BLOOD_SUGAR,2025-08-02,15.0,True,Research-generated IncentiveRewards mock,MyRewards Health Action Incentive,CARE_GAP_COMPLETION,USD
IR-MOCK01285-DIAB_BLOOD_SUGAR-20250722,MOCK01285,DIAB_BLOOD_SUGAR,2025-07-22,25.0,True,Research-generated IncentiveRewards mock,MyRewards Health Action Incentive,CARE_GAP_COMPLETION,USD
IR-MOCK01303-DIAB_BLOOD_SUGAR-20250801,MOCK01303,DIAB_BLOOD_SUGAR,2025-08-01,30.0,True,Research-generated IncentiveRewards mock,MyRewards Health Action Incentive,CARE_GAP_COMPLETION,USD
IR-MOCK01333-DIAB_BLOOD_SUGAR-20250729,MOCK01333,DIAB_BLOOD_SUGAR,2025-07-29,30.0,True,Research-generated IncentiveRewards mock,MyRewards Health Action Incentive,CARE_GAP_COMPLETION,USD
IR-MOCK01345-DIAB_BLOOD_SUGAR-20250713,MOCK01345,DIAB_BLOOD_SUGAR,2025-07-13,25.0,True,Research-generated IncentiveRewards mock,MyRewards Health Action Incentive,CARE_GAP_COMPLETION,USD
IR-MOCK01357-DIAB_BLOOD_SUGAR-20250703,MOCK01357,DIAB_BLOOD_SUGAR,2025-07-03,30.0,True,Research-generated IncentiveRewards mock,MyRewards Health Action Incentive,CARE_GAP_COMPLETION,USD
IR-MOCK01363-DIAB_BLOOD_SUGAR-20250704,MOCK01363,DIAB_BLOOD_SUGAR,2025-07-04,25.0,True,Research-generated IncentiveRewards mock,MyRewards Health Action Incentive,CARE_GAP_COMPLETION,USD
IR-MOCK01375-DIAB_BLOOD_SUGAR-20250805,MOCK01375,DIAB_BLOOD_SUGAR,2025-08-05,25.0,True,Research-generated IncentiveRewards mock,MyRewards Health Action Incentive,CARE_GAP_COMPLETION,USD
IR-MOCK01387-DIAB_BLOOD_SUGAR-20250723,MOCK01387,DIAB_BLOOD_SUGAR,2025-07-23,30.0,True,Research-generated IncentiveRewards mock,MyRewards Health Action Incentive,CARE_GAP_COMPLETION,USD
IR-MOCK01393-DIAB_BLOOD_SUGAR-20250731,MOCK01393,DIAB_BLOOD_SUGAR,2025-07-31,5.0,True,Research-generated IncentiveRewards mock,MyRewards Health Action Incentive,CARE_GAP_COMPLETION,USD
IR-MOCK01399-DIAB_BLOOD_SUGAR-20250729,MOCK01399,DIAB_BLOOD_SUGAR,2025-07-29,25.0,True,Research-generated IncentiveRewards mock,MyRewards Health Action Incentive,CARE_GAP_COMPLETION,USD
IR-MOCK01405-DIAB_BLOOD_SUGAR-20250806,MOCK01405,DIAB_BLOOD_SUGAR,2025-08-06,25.0,True,Research-generated IncentiveRewards mock,MyRewards Health Action Incentive,CARE_GAP_COMPLETION,USD
IR-MOCK01417-DIAB_BLOOD_SUGAR-20250715,MOCK01417,DIAB_BLOOD_SUGAR,2025-07-15,5.0,True,Research-generated IncentiveRewards mock,MyRewards Health Action Incentive,CARE_GAP_COMPLETION,USD
IR-MOCK01435-DIAB_BLOOD_SUGAR-20250724,MOCK01435,DIAB_BLOOD_SUGAR,2025-07-24,30.0,True,Research-generated IncentiveRewards mock,MyRewards Health Action Incentive,CARE_GAP_COMPLETION,USD
IR-MOCK01441-DIAB_BLOOD_SUGAR-20250721,MOCK01441,DIAB_BLOOD_SUGAR,2025-07-21,15.0,True,Research-generated IncentiveRewards mock,MyRewards Health Action Incentive,CARE_GAP_COMPLETION,USD
IR-MOCK01447-DIAB_BLOOD_SUGAR-20250711,MOCK01447,DIAB_BLOOD_SUGAR,2025-07-11,10.0,True,Research-generated IncentiveRewards mock,MyRewards Health Action Incentive,CARE_GAP_COMPLETION,USD
IR-MOCK01453-DIAB_BLOOD_SUGAR-20250704,MOCK01453,DIAB_BLOOD_SUGAR,2025-07-04,25.0,True,Research-generated IncentiveRewards mock,MyRewards Health Action Incentive,CARE_GAP_COMPLETION,USD
IR-MOCK01459-DIAB_BLOOD_SUGAR-20250716,MOCK01459,DIAB_BLOOD_SUGAR,2025-07-16,25.0,True,Research-generated IncentiveRewards mock,MyRewards Health Action Incentive,CARE_GAP_COMPLETION,USD
IR-MOCK01495-DIAB_BLOOD_SUGAR-20250701,MOCK01495,DIAB_BLOOD_SUGAR,2025-07-01,20.0,True,Research-generated IncentiveRewards mock,MyRewards Health Action Incentive,CARE_GAP_COMPLETION,USD
IR-MOCK01501-DIAB_BLOOD_SUGAR-20250725,MOCK01501,DIAB_BLOOD_SUGAR,2025-07-25,25.0,True,Research-generated IncentiveRewards mock,MyRewards Health Action Incentive,CARE_GAP_COMPLETION,USD
IR-MOCK01513-DIAB_BLOOD_SUGAR-20250704,MOCK01513,DIAB_BLOOD_SUGAR,2025-07-04,30.0,True,Research-generated IncentiveRewards mock,MyRewards Health Action Incentive,CARE_GAP_COMPLETION,USD
IR-MOCK01519-DIAB_BLOOD_SUGAR-20250708,MOCK01519,DIAB_BLOOD_SUGAR,2025-07-08,1.0,True,Research-generated IncentiveRewards mock,MyRewards Health Action Incentive,CARE_GAP_COMPLETION,USD
IR-MOCK01531-DIAB_BLOOD_SUGAR-20250804,MOCK01531,DIAB_BLOOD_SUGAR,2025-08-04,25.0,True,Research-generated IncentiveRewards mock,MyRewards Health Action Incentive,CARE_GAP_COMPLETION,USD
IR-MOCK01537-DIAB_BLOOD_SUGAR-20250719,MOCK01537,DIAB_BLOOD_SUGAR,2025-07-19,10.0,True,Research-generated IncentiveRewards mock,MyRewards Health Action Incentive,CARE_GAP_COMPLETION,USD
IR-MOCK01549-DIAB_BLOOD_SUGAR-20250707,MOCK01549,DIAB_BLOOD_SUGAR,2025-07-07,25.0,True,Research-generated IncentiveRewards mock,MyRewards Health Action Incentive,CARE_GAP_COMPLETION,USD
IR-MOCK01555-DIAB_BLOOD_SUGAR-20250711,MOCK01555,DIAB_BLOOD_SUGAR,2025-07-11,25.0,True,Research-generated IncentiveRewards mock,MyRewards Health Action Incentive,CARE_GAP_COMPLETION,USD
IR-MOCK01561-DIAB_BLOOD_SUGAR-20250805,MOCK01561,DIAB_BLOOD_SUGAR,2025-08-05,10.0,True,Research-generated IncentiveRewards mock,MyRewards Health Action Incentive,CARE_GAP_COMPLETION,USD
IR-MOCK01567-DIAB_BLOOD_SUGAR-20250706,MOCK01567,DIAB_BLOOD_SUGAR,2025-07-06,30.0,True,Research-generated IncentiveRewards mock,MyRewards Health Action Incentive,CARE_GAP_COMPLETION,USD
IR-MOCK01591-DIAB_BLOOD_SUGAR-20250718,MOCK01591,DIAB_BLOOD_SUGAR,2025-07-18,15.0,True,Research-generated IncentiveRewards mock,MyRewards Health Action Incentive,CARE_GAP_COMPLETION,USD
IR-MOCK01597-DIAB_BLOOD_SUGAR-20250714,MOCK01597,DIAB_BLOOD_SUGAR,2025-07-14,25.0,True,Research-generated IncentiveRewards mock,MyRewards Health Action Incentive,CARE_GAP_COMPLETION,USD
IR-MOCK01609-DIAB_BLOOD_SUGAR-20250806,MOCK01609,DIAB_BLOOD_SUGAR,2025-08-06,25.0,True,Research-generated IncentiveRewards mock,MyRewards Health Action Incentive,CARE_GAP_COMPLETION,USD
IR-MOCK01615-DIAB_BLOOD_SUGAR-20250719,MOCK01615,DIAB_BLOOD_SUGAR,2025-07-19,30.0,True,Research-generated IncentiveRewards mock,MyRewards Health Action Incentive,CARE_GAP_COMPLETION,USD
IR-MOCK01663-DIAB_BLOOD_SUGAR-20250801,MOCK01663,DIAB_BLOOD_SUGAR,2025-08-01,10.0,True,Research-generated IncentiveRewards mock,MyRewards Health Action Incentive,CARE_GAP_COMPLETION,USD
IR-MOCK01669-DIAB_BLOOD_SUGAR-20250727,MOCK01669,DIAB_BLOOD_SUGAR,2025-07-27,25.0,True,Research-generated IncentiveRewards mock,MyRewards Health Action Incentive,CARE_GAP_COMPLETION,USD
IR-MOCK01675-DIAB_BLOOD_SUGAR-20250724,MOCK01675,DIAB_BLOOD_SUGAR,2025-07-24,25.0,True,Research-generated IncentiveRewards mock,MyRewards Health Action Incentive,CARE_GAP_COMPLETION,USD
IR-MOCK01699-DIAB_BLOOD_SUGAR-20250712,MOCK01699,DIAB_BLOOD_SUGAR,2025-07-12,1.0,True,Research-generated IncentiveRewards mock,MyRewards Health Action Incentive,CARE_GAP_COMPLETION,USD
IR-MOCK01711-DIAB_BLOOD_SUGAR-20250805,MOCK01711,DIAB_BLOOD_SUGAR,2025-08-05,100.0,True,Research-generated IncentiveRewards mock,MyRewards Health Action Incentive,CARE_GAP_COMPLETION,USD
IR-MOCK01717-DIAB_BLOOD_SUGAR-20250710,MOCK01717,DIAB_BLOOD_SUGAR,2025-07-10,10.0,True,Research-generated IncentiveRewards mock,MyRewards Health Action Incentive,CARE_GAP_COMPLETION,USD
IR-MOCK01741-DIAB_BLOOD_SUGAR-20250703,MOCK01741,DIAB_BLOOD_SUGAR,2025-07-03,30.0,True,Research-generated IncentiveRewards mock,MyRewards Health Action Incentive,CARE_GAP_COMPLETION,USD
IR-MOCK01747-DIAB_BLOOD_SUGAR-20250803,MOCK01747,DIAB_BLOOD_SUGAR,2025-08-03,30.0,True,Research-generated IncentiveRewards mock,MyRewards Health Action Incentive,CARE_GAP_COMPLETION,USD
IR-MOCK01759-DIAB_BLOOD_SUGAR-20250718,MOCK01759,DIAB_BLOOD_SUGAR,2025-07-18,25.0,True,Research-generated IncentiveRewards mock,MyRewards Health Action Incentive,CARE_GAP_COMPLETION,USD
IR-MOCK01771-DIAB_BLOOD_SUGAR-20250803,MOCK01771,DIAB_BLOOD_SUGAR,2025-08-03,10.0,True,Research-generated IncentiveRewards mock,MyRewards Health Action Incentive,CARE_GAP_COMPLETION,USD
IR-MOCK01777-DIAB_BLOOD_SUGAR-20250730,MOCK01777,DIAB_BLOOD_SUGAR,2025-07-30,15.0,True,Research-generated IncentiveRewards mock,MyRewards Health Action Incentive,CARE_GAP_COMPLETION,USD
IR-MOCK01783-DIAB_BLOOD_SUGAR-20250710,MOCK01783,DIAB_BLOOD_SUGAR,2025-07-10,25.0,True,Research-generated IncentiveRewards mock,MyRewards Health Action Incentive,CARE_GAP_COMPLETION,USD
IR-MOCK01801-DIAB_BLOOD_SUGAR-20250705,MOCK01801,DIAB_BLOOD_SUGAR,2025-07-05,20.0,True,Research-generated IncentiveRewards mock,MyRewards Health Action Incentive,CARE_GAP_COMPLETION,USD
IR-MOCK01807-DIAB_BLOOD_SUGAR-20250703,MOCK01807,DIAB_BLOOD_SUGAR,2025-07-03,25.0,True,Research-generated IncentiveRewards mock,MyRewards Health Action Incentive,CARE_GAP_COMPLETION,USD
IR-MOCK01825-DIAB_BLOOD_SUGAR-20250725,MOCK01825,DIAB_BLOOD_SUGAR,2025-07-25,10.0,True,Research-generated IncentiveRewards mock,MyRewards Health Action Incentive,CARE_GAP_COMPLETION,USD
IR-MOCK01831-DIAB_BLOOD_SUGAR-20250708,MOCK01831,DIAB_BLOOD_SUGAR,2025-07-08,25.0,True,Research-generated IncentiveRewards mock,MyRewards Health Action Incentive,CARE_GAP_COMPLETION,USD
IR-MOCK01849-DIAB_BLOOD_SUGAR-20250713,MOCK01849,DIAB_BLOOD_SUGAR,2025-07-13,20.0,True,Research-generated IncentiveRewards mock,MyRewards Health Action Incentive,CARE_GAP_COMPLETION,USD
IR-MOCK01855-DIAB_BLOOD_SUGAR-20250630,MOCK01855,DIAB_BLOOD_SUGAR,2025-06-30,30.0,True,Research-generated IncentiveRewards mock,MyRewards Health Action Incentive,CARE_GAP_COMPLETION,USD
IR-MOCK01861-DIAB_BLOOD_SUGAR-20250716,MOCK01861,DIAB_BLOOD_SUGAR,2025-07-16,30.0,True,Research-generated IncentiveRewards mock,MyRewards Health Action Incentive,CARE_GAP_COMPLETION,USD
IR-MOCK01867-DIAB_BLOOD_SUGAR-20250712,MOCK01867,DIAB_BLOOD_SUGAR,2025-07-12,5.0,True,Research-generated IncentiveRewards mock,MyRewards Health Action Incentive,CARE_GAP_COMPLETION,USD
IR-MOCK01873-DIAB_BLOOD_SUGAR-20250720,MOCK01873,DIAB_BLOOD_SUGAR,2025-07-20,30.0,True,Research-generated IncentiveRewards mock,MyRewards Health Action Incentive,CARE_GAP_COMPLETION,USD
IR-MOCK01879-DIAB_BLOOD_SUGAR-20250722,MOCK01879,DIAB_BLOOD_SUGAR,2025-07-22,15.0,True,Research-generated IncentiveRewards mock,MyRewards Health Action Incentive,CARE_GAP_COMPLETION,USD
IR-MOCK01885-DIAB_BLOOD_SUGAR-20250712,MOCK01885,DIAB_BLOOD_SUGAR,2025-07-12,30.0,True,Research-generated IncentiveRewards mock,MyRewards Health Action Incentive,CARE_GAP_COMPLETION,USD
IR-MOCK01891-DIAB_BLOOD_SUGAR-20250717,MOCK01891,DIAB_BLOOD_SUGAR,2025-07-17,25.0,True,Research-generated IncentiveRewards mock,MyRewards Health Action Incentive,CARE_GAP_COMPLETION,USD
IR-MOCK01915-DIAB_BLOOD_SUGAR-20250807,MOCK01915,DIAB_BLOOD_SUGAR,2025-08-07,30.0,True,Research-generated IncentiveRewards mock,MyRewards Health Action Incentive,CARE_GAP_COMPLETION,USD
IR-MOCK01939-DIAB_BLOOD_SUGAR-20250704,MOCK01939,DIAB_BLOOD_SUGAR,2025-07-04,20.0,True,Research-generated IncentiveRewards mock,MyRewards Health Action Incentive,CARE_GAP_COMPLETION,USD
IR-MOCK01945-DIAB_BLOOD_SUGAR-20250802,MOCK01945,DIAB_BLOOD_SUGAR,2025-08-02,20.0,True,Research-generated IncentiveRewards mock,MyRewards Health Action Incentive,CARE_GAP_COMPLETION,USD
IR-MOCK01957-DIAB_BLOOD_SUGAR-20250723,MOCK01957,DIAB_BLOOD_SUGAR,2025-07-23,25.0,True,Research-generated IncentiveRewards mock,MyRewards Health Action Incentive,CARE_GAP_COMPLETION,USD
IR-MOCK01963-DIAB_BLOOD_SUGAR-20250725,MOCK01963,DIAB_BLOOD_SUGAR,2025-07-25,10.0,True,Research-generated IncentiveRewards mock,MyRewards Health Action Incentive,CARE_GAP_COMPLETION,USD
IR-MOCK01969-DIAB_BLOOD_SUGAR-20250712,MOCK01969,DIAB_BLOOD_SUGAR,2025-07-12,25.0,True,Research-generated IncentiveRewards mock,MyRewards Health Action Incentive,CARE_GAP_COMPLETION,USD
IR-MOCK01987-DIAB_BLOOD_SUGAR-20250714,MOCK01987,DIAB_BLOOD_SUGAR,2025-07-14,25.0,True,Research-generated IncentiveRewards mock,MyRewards Health Action Incentive,CARE_GAP_COMPLETION,USD
IR-MOCK02005-DIAB_BLOOD_SUGAR-20250709,MOCK02005,DIAB_BLOOD_SUGAR,2025-07-09,15.0,True,Research-generated IncentiveRewards mock,MyRewards Health Action Incentive,CARE_GAP_COMPLETION,USD
IR-MOCK02011-DIAB_BLOOD_SUGAR-20250704,MOCK02011,DIAB_BLOOD_SUGAR,2025-07-04,30.0,True,Research-generated IncentiveRewards mock,MyRewards Health Action Incentive,CARE_GAP_COMPLETION,USD
IR-MOCK02017-DIAB_BLOOD_SUGAR-20250803,MOCK02017,DIAB_BLOOD_SUGAR,2025-08-03,25.0,True,Research-generated IncentiveRewards mock,MyRewards Health Action Incentive,CARE_GAP_COMPLETION,USD
IR-MOCK02047-DIAB_BLOOD_SUGAR-20250724,MOCK02047,DIAB_BLOOD_SUGAR,2025-07-24,15.0,True,Research-generated IncentiveRewards mock,MyRewards Health Action Incentive,CARE_GAP_COMPLETION,USD
IR-MOCK02077-DIAB_BLOOD_SUGAR-20250728,MOCK02077,DIAB_BLOOD_SUGAR,2025-07-28,30.0,True,Research-generated IncentiveRewards mock,MyRewards Health Action Incentive,CARE_GAP_COMPLETION,USD
IR-MOCK02083-DIAB_BLOOD_SUGAR-20250706,MOCK02083,DIAB_BLOOD_SUGAR,2025-07-06,10.0,True,Research-generated IncentiveRewards mock,MyRewards Health Action Incentive,CARE_GAP_COMPLETION,USD
IR-MOCK02089-DIAB_BLOOD_SUGAR-20250803,MOCK02089,DIAB_BLOOD_SUGAR,2025-08-03,100.0,True,Research-generated IncentiveRewards mock,MyRewards Health Action Incentive,CARE_GAP_COMPLETION,USD
IR-MOCK02113-DIAB_BLOOD_SUGAR-20250723,MOCK02113,DIAB_BLOOD_SUGAR,2025-07-23,25.0,True,Research-generated IncentiveRewards mock,MyRewards Health Action Incentive,CARE_GAP_COMPLETION,USD
IR-MOCK02119-DIAB_BLOOD_SUGAR-20250630,MOCK02119,DIAB_BLOOD_SUGAR,2025-06-30,25.0,True,Research-generated IncentiveRewards mock,MyRewards Health Action Incentive,CARE_GAP_COMPLETION,USD
IR-MOCK02125-DIAB_BLOOD_SUGAR-20250630,MOCK02125,DIAB_BLOOD_SUGAR,2025-06-30,25.0,True,Research-generated IncentiveRewards mock,MyRewards Health Action Incentive,CARE_GAP_COMPLETION,USD
IR-MOCK02161-DIAB_BLOOD_SUGAR-20250721,MOCK02161,DIAB_BLOOD_SUGAR,2025-07-21,5.0,True,Research-generated IncentiveRewards mock,MyRewards Health Action Incentive,CARE_GAP_COMPLETION,USD
IR-MOCK02167-DIAB_BLOOD_SUGAR-20250715,MOCK02167,DIAB_BLOOD_SUGAR,2025-07-15,10.0,True,Research-generated IncentiveRewards mock,MyRewards Health Action Incentive,CARE_GAP_COMPLETION,USD
IR-MOCK02173-DIAB_BLOOD_SUGAR-20250722,MOCK02173,DIAB_BLOOD_SUGAR,2025-07-22,15.0,True,Research-generated IncentiveRewards mock,MyRewards Health Action Incentive,CARE_GAP_COMPLETION,USD
IR-MOCK02179-DIAB_BLOOD_SUGAR-20250630,MOCK02179,DIAB_BLOOD_SUGAR,2025-06-30,10.0,True,Research-generated IncentiveRewards mock,MyRewards Health Action Incentive,CARE_GAP_COMPLETION,USD
IR-MOCK02191-DIAB_BLOOD_SUGAR-20250726,MOCK02191,DIAB_BLOOD_SUGAR,2025-07-26,30.0,True,Research-generated IncentiveRewards mock,MyRewards Health Action Incentive,CARE_GAP_COMPLETION,USD
IR-MOCK02221-DIAB_BLOOD_SUGAR-20250712,MOCK02221,DIAB_BLOOD_SUGAR,2025-07-12,20.0,True,Research-generated IncentiveRewards mock,MyRewards Health Action Incentive,CARE_GAP_COMPLETION,USD
IR-MOCK02233-DIAB_BLOOD_SUGAR-20250728,MOCK02233,DIAB_BLOOD_SUGAR,2025-07-28,30.0,True,Research-generated IncentiveRewards mock,MyRewards Health Action Incentive,CARE_GAP_COMPLETION,USD
IR-MOCK02251-DIAB_BLOOD_SUGAR-20250803,MOCK02251,DIAB_BLOOD_SUGAR,2025-08-03,30.0,True,Research-generated IncentiveRewards mock,MyRewards Health Action Incentive,CARE_GAP_COMPLETION,USD
IR-MOCK02257-DIAB_BLOOD_SUGAR-20250712,MOCK02257,DIAB_BLOOD_SUGAR,2025-07-12,30.0,True,Research-generated IncentiveRewards mock,MyRewards Health Action Incentive,CARE_GAP_COMPLETION,USD
IR-MOCK02281-DIAB_BLOOD_SUGAR-20250708,MOCK02281,DIAB_BLOOD_SUGAR,2025-07-08,15.0,True,Research-generated IncentiveRewards mock,MyRewards Health Action Incentive,CARE_GAP_COMPLETION,USD
IR-MOCK02299-DIAB_BLOOD_SUGAR-20250704,MOCK02299,DIAB_BLOOD_SUGAR,2025-07-04,25.0,True,Research-generated IncentiveRewards mock,MyRewards Health Action Incentive,CARE_GAP_COMPLETION,USD
IR-MOCK02323-DIAB_BLOOD_SUGAR-20250803,MOCK02323,DIAB_BLOOD_SUGAR,2025-08-03,25.0,True,Research-generated IncentiveRewards mock,MyRewards Health Action Incentive,CARE_GAP_COMPLETION,USD
IR-MOCK02329-DIAB_BLOOD_SUGAR-20250704,MOCK02329,DIAB_BLOOD_SUGAR,2025-07-04,25.0,True,Research-generated IncentiveRewards mock,MyRewards Health Action Incentive,CARE_GAP_COMPLETION,USD
IR-MOCK02347-DIAB_BLOOD_SUGAR-20250717,MOCK02347,DIAB_BLOOD_SUGAR,2025-07-17,10.0,True,Research-generated IncentiveRewards mock,MyRewards Health Action Incentive,CARE_GAP_COMPLETION,USD
IR-MOCK02359-DIAB_BLOOD_SUGAR-20250713,MOCK02359,DIAB_BLOOD_SUGAR,2025-07-13,20.0,True,Research-generated IncentiveRewards mock,MyRewards Health Action Incentive,CARE_GAP_COMPLETION,USD
IR-MOCK02371-DIAB_BLOOD_SUGAR-20250729,MOCK02371,DIAB_BLOOD_SUGAR,2025-07-29,30.0,True,Research-generated IncentiveRewards mock,MyRewards Health Action Incentive,CARE_GAP_COMPLETION,USD
IR-MOCK02377-DIAB_BLOOD_SUGAR-20250708,MOCK02377,DIAB_BLOOD_SUGAR,2025-07-08,15.0,True,Research-generated IncentiveRewards mock,MyRewards Health Action Incentive,CARE_GAP_COMPLETION,USD
IR-MOCK02389-DIAB_BLOOD_SUGAR-20250807,MOCK02389,DIAB_BLOOD_SUGAR,2025-08-07,30.0,True,Research-generated IncentiveRewards mock,MyRewards Health Action Incentive,CARE_GAP_COMPLETION,USD
IR-MOCK02407-DIAB_BLOOD_SUGAR-20250706,MOCK02407,DIAB_BLOOD_SUGAR,2025-07-06,25.0,True,Research-generated IncentiveRewards mock,MyRewards Health Action Incentive,CARE_GAP_COMPLETION,USD
IR-MOCK02437-DIAB_BLOOD_SUGAR-20250714,MOCK02437,DIAB_BLOOD_SUGAR,2025-07-14,25.0,True,Research-generated IncentiveRewards mock,MyRewards Health Action Incentive,CARE_GAP_COMPLETION,USD
IR-MOCK02443-DIAB_BLOOD_SUGAR-20250706,MOCK02443,DIAB_BLOOD_SUGAR,2025-07-06,15.0,True,Research-generated IncentiveRewards mock,MyRewards Health Action Incentive,CARE_GAP_COMPLETION,USD
IR-MOCK02449-DIAB_BLOOD_SUGAR-20250724,MOCK02449,DIAB_BLOOD_SUGAR,2025-07-24,30.0,True,Research-generated IncentiveRewards mock,MyRewards Health Action Incentive,CARE_GAP_COMPLETION,USD
IR-MOCK02461-DIAB_BLOOD_SUGAR-20250807,MOCK02461,DIAB_BLOOD_SUGAR,2025-08-07,10.0,True,Research-generated IncentiveRewards mock,MyRewards Health Action Incentive,CARE_GAP_COMPLETION,USD
IR-MOCK02467-DIAB_BLOOD_SUGAR-20250702,MOCK02467,DIAB_BLOOD_SUGAR,2025-07-02,20.0,True,Research-generated IncentiveRewards mock,MyRewards Health Action Incentive,CARE_GAP_COMPLETION,USD
IR-MOCK02479-DIAB_BLOOD_SUGAR-20250805,MOCK02479,DIAB_BLOOD_SUGAR,2025-08-05,20.0,True,Research-generated IncentiveRewards mock,MyRewards Health Action Incentive,CARE_GAP_COMPLETION,USD
IR-MOCK02497-DIAB_BLOOD_SUGAR-20250729,MOCK02497,DIAB_BLOOD_SUGAR,2025-07-29,5.0,True,Research-generated IncentiveRewards mock,MyRewards Health Action Incentive,CARE_GAP_COMPLETION,USD
IR-MOCK02503-DIAB_BLOOD_SUGAR-20250702,MOCK02503,DIAB_BLOOD_SUGAR,2025-07-02,25.0,True,Research-generated IncentiveRewards mock,MyRewards Health Action Incentive,CARE_GAP_COMPLETION,USD
IR-MOCK02509-DIAB_BLOOD_SUGAR-20250804,MOCK02509,DIAB_BLOOD_SUGAR,2025-08-04,25.0,True,Research-generated IncentiveRewards mock,MyRewards Health Action Incentive,CARE_GAP_COMPLETION,USD
IR-MOCK02521-DIAB_BLOOD_SUGAR-20250802,MOCK02521,DIAB_BLOOD_SUGAR,2025-08-02,15.0,True,Research-generated IncentiveRewards mock,MyRewards Health Action Incentive,CARE_GAP_COMPLETION,USD
IR-MOCK02539-DIAB_BLOOD_SUGAR-20250806,MOCK02539,DIAB_BLOOD_SUGAR,2025-08-06,10.0,True,Research-generated IncentiveRewards mock,MyRewards Health Action Incentive,CARE_GAP_COMPLETION,USD
IR-MOCK02557-DIAB_BLOOD_SUGAR-20250712,MOCK02557,DIAB_BLOOD_SUGAR,2025-07-12,10.0,True,Research-generated IncentiveRewards mock,MyRewards Health Action Incentive,CARE_GAP_COMPLETION,USD
IR-MOCK02569-DIAB_BLOOD_SUGAR-20250722,MOCK02569,DIAB_BLOOD_SUGAR,2025-07-22,20.0,True,Research-generated IncentiveRewards mock,MyRewards Health Action Incentive,CARE_GAP_COMPLETION,USD
IR-MOCK02581-DIAB_BLOOD_SUGAR-20250709,MOCK02581,DIAB_BLOOD_SUGAR,2025-07-09,25.0,True,Research-generated IncentiveRewards mock,MyRewards Health Action Incentive,CARE_GAP_COMPLETION,USD
IR-MOCK02611-DIAB_BLOOD_SUGAR-20250711,MOCK02611,DIAB_BLOOD_SUGAR,2025-07-11,15.0,True,Research-generated IncentiveRewards mock,MyRewards Health Action Incentive,CARE_GAP_COMPLETION,USD
IR-MOCK02623-DIAB_BLOOD_SUGAR-20250704,MOCK02623,DIAB_BLOOD_SUGAR,2025-07-04,20.0,True,Research-generated IncentiveRewards mock,MyRewards Health Action Incentive,CARE_GAP_COMPLETION,USD
IR-MOCK02629-DIAB_BLOOD_SUGAR-20250719,MOCK02629,DIAB_BLOOD_SUGAR,2025-07-19,25.0,True,Research-generated IncentiveRewards mock,MyRewards Health Action Incentive,CARE_GAP_COMPLETION,USD
IR-MOCK02635-DIAB_BLOOD_SUGAR-20250703,MOCK02635,DIAB_BLOOD_SUGAR,2025-07-03,20.0,True,Research-generated IncentiveRewards mock,MyRewards Health Action Incentive,CARE_GAP_COMPLETION,USD
IR-MOCK02653-DIAB_BLOOD_SUGAR-20250803,MOCK02653,DIAB_BLOOD_SUGAR,2025-08-03,30.0,True,Research-generated IncentiveRewards mock,MyRewards Health Action Incentive,CARE_GAP_COMPLETION,USD
IR-MOCK02671-DIAB_BLOOD_SUGAR-20250704,MOCK02671,DIAB_BLOOD_SUGAR,2025-07-04,25.0,True,Research-generated IncentiveRewards mock,MyRewards Health Action Incentive,CARE_GAP_COMPLETION,USD
IR-MOCK02707-DIAB_BLOOD_SUGAR-20250705,MOCK02707,DIAB_BLOOD_SUGAR,2025-07-05,10.0,True,Research-generated IncentiveRewards mock,MyRewards Health Action Incentive,CARE_GAP_COMPLETION,USD
IR-MOCK02719-DIAB_BLOOD_SUGAR-20250630,MOCK02719,DIAB_BLOOD_SUGAR,2025-06-30,25.0,True,Research-generated IncentiveRewards mock,MyRewards Health Action Incentive,CARE_GAP_COMPLETION,USD
IR-MOCK02725-DIAB_BLOOD_SUGAR-20250713,MOCK02725,DIAB_BLOOD_SUGAR,2025-07-13,25.0,True,Research-generated IncentiveRewards mock,MyRewards Health Action Incentive,CARE_GAP_COMPLETION,USD
IR-MOCK02731-DIAB_BLOOD_SUGAR-20250707,MOCK02731,DIAB_BLOOD_SUGAR,2025-07-07,25.0,True,Research-generated IncentiveRewards mock,MyRewards Health Action Incentive,CARE_GAP_COMPLETION,USD
IR-MOCK02743-DIAB_BLOOD_SUGAR-20250709,MOCK02743,DIAB_BLOOD_SUGAR,2025-07-09,30.0,True,Research-generated IncentiveRewards mock,MyRewards Health Action Incentive,CARE_GAP_COMPLETION,USD
IR-MOCK02749-DIAB_BLOOD_SUGAR-20250807,MOCK02749,DIAB_BLOOD_SUGAR,2025-08-07,15.0,True,Research-generated IncentiveRewards mock,MyRewards Health Action Incentive,CARE_GAP_COMPLETION,USD
IR-MOCK02755-DIAB_BLOOD_SUGAR-20250731,MOCK02755,DIAB_BLOOD_SUGAR,2025-07-31,25.0,True,Research-generated IncentiveRewards mock,MyRewards Health Action Incentive,CARE_GAP_COMPLETION,USD
IR-MOCK02767-DIAB_BLOOD_SUGAR-20250804,MOCK02767,DIAB_BLOOD_SUGAR,2025-08-04,15.0,True,Research-generated IncentiveRewards mock,MyRewards Health Action Incentive,CARE_GAP_COMPLETION,USD
IR-MOCK02773-DIAB_BLOOD_SUGAR-20250708,MOCK02773,DIAB_BLOOD_SUGAR,2025-07-08,30.0,True,Research-generated IncentiveRewards mock,MyRewards Health Action Incentive,CARE_GAP_COMPLETION,USD
IR-MOCK02779-DIAB_BLOOD_SUGAR-20250715,MOCK02779,DIAB_BLOOD_SUGAR,2025-07-15,25.0,True,Research-generated IncentiveRewards mock,MyRewards Health Action Incentive,CARE_GAP_COMPLETION,USD
IR-MOCK02791-DIAB_BLOOD_SUGAR-20250715,MOCK02791,DIAB_BLOOD_SUGAR,2025-07-15,20.0,True,Research-generated IncentiveRewards mock,MyRewards Health Action Incentive,CARE_GAP_COMPLETION,USD
IR-MOCK02797-DIAB_BLOOD_SUGAR-20250729,MOCK02797,DIAB_BLOOD_SUGAR,2025-07-29,30.0,True,Research-generated IncentiveRewards mock,MyRewards Health Action Incentive,CARE_GAP_COMPLETION,USD
IR-MOCK02863-DIAB_BLOOD_SUGAR-20250722,MOCK02863,DIAB_BLOOD_SUGAR,2025-07-22,20.0,True,Research-generated IncentiveRewards mock,MyRewards Health Action Incentive,CARE_GAP_COMPLETION,USD
IR-MOCK02887-DIAB_BLOOD_SUGAR-20250711,MOCK02887,DIAB_BLOOD_SUGAR,2025-07-11,20.0,True,Research-generated IncentiveRewards mock,MyRewards Health Action Incentive,CARE_GAP_COMPLETION,USD
IR-MOCK02893-DIAB_BLOOD_SUGAR-20250704,MOCK02893,DIAB_BLOOD_SUGAR,2025-07-04,5.0,True,Research-generated IncentiveRewards mock,MyRewards Health Action Incentive,CARE_GAP_COMPLETION,USD
IR-MOCK02911-DIAB_BLOOD_SUGAR-20250710,MOCK02911,DIAB_BLOOD_SUGAR,2025-07-10,5.0,True,Research-generated IncentiveRewards mock,MyRewards Health Action Incentive,CARE_GAP_COMPLETION,USD
IR-MOCK02923-DIAB_BLOOD_SUGAR-20250717,MOCK02923,DIAB_BLOOD_SUGAR,2025-07-17,10.0,True,Research-generated IncentiveRewards mock,MyRewards Health Action Incentive,CARE_GAP_COMPLETION,USD
IR-MOCK02947-DIAB_BLOOD_SUGAR-20250719,MOCK02947,DIAB_BLOOD_SUGAR,2025-07-19,15.0,True,Research-generated IncentiveRewards mock,MyRewards Health Action Incentive,CARE_GAP_COMPLETION,USD
IR-MOCK02953-DIAB_BLOOD_SUGAR-20250716,MOCK02953,DIAB_BLOOD_SUGAR,2025-07-16,15.0,True,Research-generated IncentiveRewards mock,MyRewards Health Action Incentive,CARE_GAP_COMPLETION,USD
IR-MOCK02959-DIAB_BLOOD_SUGAR-20250707,MOCK02959,DIAB_BLOOD_SUGAR,2025-07-07,30.0,True,Research-generated IncentiveRewards mock,MyRewards Health Action Incentive,CARE_GAP_COMPLETION,USD
IR-MOCK02989-DIAB_BLOOD_SUGAR-20250703,MOCK02989,DIAB_BLOOD_SUGAR,2025-07-03,25.0,True,Research-generated IncentiveRewards mock,MyRewards Health Action Incentive,CARE_GAP_COMPLETION,USD
IR-MOCK02995-DIAB_BLOOD_SUGAR-20250718,MOCK02995,DIAB_BLOOD_SUGAR,2025-07-18,30.0,True,Research-generated IncentiveRewards mock,MyRewards Health Action Incentive,CARE_GAP_COMPLETION,USD
IR-MOCK03013-DIAB_BLOOD_SUGAR-20250715,MOCK03013,DIAB_BLOOD_SUGAR,2025-07-15,20.0,True,Research-generated IncentiveRewards mock,MyRewards Health Action Incentive,CARE_GAP_COMPLETION,USD
IR-MOCK03031-DIAB_BLOOD_SUGAR-20250731,MOCK03031,DIAB_BLOOD_SUGAR,2025-07-31,30.0,True,Research-generated IncentiveRewards mock,MyRewards Health Action Incentive,CARE_GAP_COMPLETION,USD
IR-MOCK03037-DIAB_BLOOD_SUGAR-20250717,MOCK03037,DIAB_BLOOD_SUGAR,2025-07-17,25.0,True,Research-generated IncentiveRewards mock,MyRewards Health Action Incentive,CARE_GAP_COMPLETION,USD
IR-MOCK03049-DIAB_BLOOD_SUGAR-20250722,MOCK03049,DIAB_BLOOD_SUGAR,2025-07-22,5.0,True,Research-generated IncentiveRewards mock,MyRewards Health Action Incentive,CARE_GAP_COMPLETION,USD
IR-MOCK03055-DIAB_BLOOD_SUGAR-20250803,MOCK03055,DIAB_BLOOD_SUGAR,2025-08-03,25.0,True,Research-generated IncentiveRewards mock,MyRewards Health Action Incentive,CARE_GAP_COMPLETION,USD
IR-MOCK03073-DIAB_BLOOD_SUGAR-20250713,MOCK03073,DIAB_BLOOD_SUGAR,2025-07-13,10.0,True,Research-generated IncentiveRewards mock,MyRewards Health Action Incentive,CARE_GAP_COMPLETION,USD
IR-MOCK03079-DIAB_BLOOD_SUGAR-20250716,MOCK03079,DIAB_BLOOD_SUGAR,2025-07-16,25.0,True,Research-generated IncentiveRewards mock,MyRewards Health Action Incentive,CARE_GAP_COMPLETION,USD
IR-MOCK03091-DIAB_BLOOD_SUGAR-20250716,MOCK03091,DIAB_BLOOD_SUGAR,2025-07-16,30.0,True,Research-generated IncentiveRewards mock,MyRewards Health Action Incentive,CARE_GAP_COMPLETION,USD
IR-MOCK03109-DIAB_BLOOD_SUGAR-20250807,MOCK03109,DIAB_BLOOD_SUGAR,2025-08-07,25.0,True,Research-generated IncentiveRewards mock,MyRewards Health Action Incentive,CARE_GAP_COMPLETION,USD
IR-MOCK03121-DIAB_BLOOD_SUGAR-20250712,MOCK03121,DIAB_BLOOD_SUGAR,2025-07-12,25.0,True,Research-generated IncentiveRewards mock,MyRewards Health Action Incentive,CARE_GAP_COMPLETION,USD
IR-MOCK03139-DIAB_BLOOD_SUGAR-20250706,MOCK03139,DIAB_BLOOD_SUGAR,2025-07-06,5.0,True,Research-generated IncentiveRewards mock,MyRewards Health Action Incentive,CARE_GAP_COMPLETION,USD
IR-MOCK03145-DIAB_BLOOD_SUGAR-20250803,MOCK03145,DIAB_BLOOD_SUGAR,2025-08-03,25.0,True,Research-generated IncentiveRewards mock,MyRewards Health Action Incentive,CARE_GAP_COMPLETION,USD
IR-MOCK03163-DIAB_BLOOD_SUGAR-20250714,MOCK03163,DIAB_BLOOD_SUGAR,2025-07-14,30.0,True,Research-generated IncentiveRewards mock,MyRewards Health Action Incentive,CARE_GAP_COMPLETION,USD
IR-MOCK03169-DIAB_BLOOD_SUGAR-20250709,MOCK03169,DIAB_BLOOD_SUGAR,2025-07-09,20.0,True,Research-generated IncentiveRewards mock,MyRewards Health Action Incentive,CARE_GAP_COMPLETION,USD
IR-MOCK03175-DIAB_BLOOD_SUGAR-20250701,MOCK03175,DIAB_BLOOD_SUGAR,2025-07-01,30.0,True,Research-generated IncentiveRewards mock,MyRewards Health Action Incentive,CARE_GAP_COMPLETION,USD
IR-MOCK03187-DIAB_BLOOD_SUGAR-20250712,MOCK03187,DIAB_BLOOD_SUGAR,2025-07-12,30.0,True,Research-generated IncentiveRewards mock,MyRewards Health Action Incentive,CARE_GAP_COMPLETION,USD
IR-MOCK03193-DIAB_BLOOD_SUGAR-20250803,MOCK03193,DIAB_BLOOD_SUGAR,2025-08-03,30.0,True,Research-generated IncentiveRewards mock,MyRewards Health Action Incentive,CARE_GAP_COMPLETION,USD
IR-MOCK03199-DIAB_BLOOD_SUGAR-20250802,MOCK03199,DIAB_BLOOD_SUGAR,2025-08-02,15.0,True,Research-generated IncentiveRewards mock,MyRewards Health Action Incentive,CARE_GAP_COMPLETION,USD
IR-MOCK03235-DIAB_BLOOD_SUGAR-20250806,MOCK03235,DIAB_BLOOD_SUGAR,2025-08-06,15.0,True,Research-generated IncentiveRewards mock,MyRewards Health Action Incentive,CARE_GAP_COMPLETION,USD
IR-MOCK03241-DIAB_BLOOD_SUGAR-20250725,MOCK03241,DIAB_BLOOD_SUGAR,2025-07-25,20.0,True,Research-generated IncentiveRewards mock,MyRewards Health Action Incentive,CARE_GAP_COMPLETION,USD
IR-MOCK03247-DIAB_BLOOD_SUGAR-20250803,MOCK03247,DIAB_BLOOD_SUGAR,2025-08-03,5.0,True,Research-generated IncentiveRewards mock,MyRewards Health Action Incentive,CARE_GAP_COMPLETION,USD
IR-MOCK03253-DIAB_BLOOD_SUGAR-20250723,MOCK03253,DIAB_BLOOD_SUGAR,2025-07-23,15.0,True,Research-generated IncentiveRewards mock,MyRewards Health Action Incentive,CARE_GAP_COMPLETION,USD
IR-MOCK03265-DIAB_BLOOD_SUGAR-20250802,MOCK03265,DIAB_BLOOD_SUGAR,2025-08-02,30.0,True,Research-generated IncentiveRewards mock,MyRewards Health Action Incentive,CARE_GAP_COMPLETION,USD
IR-MOCK03277-DIAB_BLOOD_SUGAR-20250716,MOCK03277,DIAB_BLOOD_SUGAR,2025-07-16,30.0,True,Research-generated IncentiveRewards mock,MyRewards Health Action Incentive,CARE_GAP_COMPLETION,USD
IR-MOCK03289-DIAB_BLOOD_SUGAR-20250807,MOCK03289,DIAB_BLOOD_SUGAR,2025-08-07,15.0,True,Research-generated IncentiveRewards mock,MyRewards Health Action Incentive,CARE_GAP_COMPLETION,USD
IR-MOCK03295-DIAB_BLOOD_SUGAR-20250729,MOCK03295,DIAB_BLOOD_SUGAR,2025-07-29,5.0,True,Research-generated IncentiveRewards mock,MyRewards Health Action Incentive,CARE_GAP_COMPLETION,USD
IR-MOCK03301-DIAB_BLOOD_SUGAR-20250804,MOCK03301,DIAB_BLOOD_SUGAR,2025-08-04,30.0,True,Research-generated IncentiveRewards mock,MyRewards Health Action Incentive,CARE_GAP_COMPLETION,USD
IR-MOCK03343-DIAB_BLOOD_SUGAR-20250728,MOCK03343,DIAB_BLOOD_SUGAR,2025-07-28,25.0,True,Research-generated IncentiveRewards mock,MyRewards Health Action Incentive,CARE_GAP_COMPLETION,USD
IR-MOCK03349-DIAB_BLOOD_SUGAR-20250729,MOCK03349,DIAB_BLOOD_SUGAR,2025-07-29,15.0,True,Research-generated IncentiveRewards mock,MyRewards Health Action Incentive,CARE_GAP_COMPLETION,USD
IR-MOCK03355-DIAB_BLOOD_SUGAR-20250806,MOCK03355,DIAB_BLOOD_SUGAR,2025-08-06,25.0,True,Research-generated IncentiveRewards mock,MyRewards Health Action Incentive,CARE_GAP_COMPLETION,USD
IR-MOCK03385-DIAB_BLOOD_SUGAR-20250707,MOCK03385,DIAB_BLOOD_SUGAR,2025-07-07,20.0,True,Research-generated IncentiveRewards mock,MyRewards Health Action Incentive,CARE_GAP_COMPLETION,USD
IR-MOCK03409-DIAB_BLOOD_SUGAR-20250730,MOCK03409,DIAB_BLOOD_SUGAR,2025-07-30,25.0,True,Research-generated IncentiveRewards mock,MyRewards Health Action Incentive,CARE_GAP_COMPLETION,USD
IR-MOCK03415-DIAB_BLOOD_SUGAR-20250704,MOCK03415,DIAB_BLOOD_SUGAR,2025-07-04,20.0,True,Research-generated IncentiveRewards mock,MyRewards Health Action Incentive,CARE_GAP_COMPLETION,USD
IR-MOCK03421-DIAB_BLOOD_SUGAR-20250706,MOCK03421,DIAB_BLOOD_SUGAR,2025-07-06,25.0,True,Research-generated IncentiveRewards mock,MyRewards Health Action Incentive,CARE_GAP_COMPLETION,USD
IR-MOCK03439-DIAB_BLOOD_SUGAR-20250721,MOCK03439,DIAB_BLOOD_SUGAR,2025-07-21,30.0,True,Research-generated IncentiveRewards mock,MyRewards Health Action Incentive,CARE_GAP_COMPLETION,USD
IR-MOCK03487-DIAB_BLOOD_SUGAR-20250717,MOCK03487,DIAB_BLOOD_SUGAR,2025-07-17,25.0,True,Research-generated IncentiveRewards mock,MyRewards Health Action Incentive,CARE_GAP_COMPLETION,USD
IR-MOCK03493-DIAB_BLOOD_SUGAR-20250721,MOCK03493,DIAB_BLOOD_SUGAR,2025-07-21,10.0,True,Research-generated IncentiveRewards mock,MyRewards Health Action Incentive,CARE_GAP_COMPLETION,USD
IR-MOCK03529-DIAB_BLOOD_SUGAR-20250807,MOCK03529,DIAB_BLOOD_SUGAR,2025-08-07,10.0,True,Research-generated IncentiveRewards mock,MyRewards Health Action Incentive,CARE_GAP_COMPLETION,USD
IR-MOCK03535-DIAB_BLOOD_SUGAR-20250722,MOCK03535,DIAB_BLOOD_SUGAR,2025-07-22,25.0,True,Research-generated IncentiveRewards mock,MyRewards Health Action Incentive,CARE_GAP_COMPLETION,USD
IR-MOCK03541-DIAB_BLOOD_SUGAR-20250710,MOCK03541,DIAB_BLOOD_SUGAR,2025-07-10,30.0,True,Research-generated IncentiveRewards mock,MyRewards Health Action Incentive,CARE_GAP_COMPLETION,USD
IR-MOCK03547-DIAB_BLOOD_SUGAR-20250807,MOCK03547,DIAB_BLOOD_SUGAR,2025-08-07,15.0,True,Research-generated IncentiveRewards mock,MyRewards Health Action Incentive,CARE_GAP_COMPLETION,USD
IR-MOCK03553-DIAB_BLOOD_SUGAR-20250725,MOCK03553,DIAB_BLOOD_SUGAR,2025-07-25,25.0,True,Research-generated IncentiveRewards mock,MyRewards Health Action Incentive,CARE_GAP_COMPLETION,USD
IR-MOCK03565-DIAB_BLOOD_SUGAR-20250712,MOCK03565,DIAB_BLOOD_SUGAR,2025-07-12,25.0,True,Research-generated IncentiveRewards mock,MyRewards Health Action Incentive,CARE_GAP_COMPLETION,USD
IR-MOCK03583-DIAB_BLOOD_SUGAR-20250703,MOCK03583,DIAB_BLOOD_SUGAR,2025-07-03,30.0,True,Research-generated IncentiveRewards mock,MyRewards Health Action Incentive,CARE_GAP_COMPLETION,USD
IR-MOCK03613-DIAB_BLOOD_SUGAR-20250729,MOCK03613,DIAB_BLOOD_SUGAR,2025-07-29,15.0,True,Research-generated IncentiveRewards mock,MyRewards Health Action Incentive,CARE_GAP_COMPLETION,USD
IR-MOCK03619-DIAB_BLOOD_SUGAR-20250728,MOCK03619,DIAB_BLOOD_SUGAR,2025-07-28,25.0,True,Research-generated IncentiveRewards mock,MyRewards Health Action Incentive,CARE_GAP_COMPLETION,USD
IR-MOCK03631-DIAB_BLOOD_SUGAR-20250713,MOCK03631,DIAB_BLOOD_SUGAR,2025-07-13,30.0,True,Research-generated IncentiveRewards mock,MyRewards Health Action Incentive,CARE_GAP_COMPLETION,USD
IR-MOCK03643-DIAB_BLOOD_SUGAR-20250630,MOCK03643,DIAB_BLOOD_SUGAR,2025-06-30,25.0,True,Research-generated IncentiveRewards mock,MyRewards Health Action Incentive,CARE_GAP_COMPLETION,USD
IR-MOCK03661-DIAB_BLOOD_SUGAR-20250701,MOCK03661,DIAB_BLOOD_SUGAR,2025-07-01,15.0,True,Research-generated IncentiveRewards mock,MyRewards Health Action Incentive,CARE_GAP_COMPLETION,USD
IR-MOCK03667-DIAB_BLOOD_SUGAR-20250807,MOCK03667,DIAB_BLOOD_SUGAR,2025-08-07,25.0,True,Research-generated IncentiveRewards mock,MyRewards Health Action Incentive,CARE_GAP_COMPLETION,USD
IR-MOCK03673-DIAB_BLOOD_SUGAR-20250722,MOCK03673,DIAB_BLOOD_SUGAR,2025-07-22,20.0,True,Research-generated IncentiveRewards mock,MyRewards Health Action Incentive,CARE_GAP_COMPLETION,USD
IR-MOCK03691-DIAB_BLOOD_SUGAR-20250707,MOCK03691,DIAB_BLOOD_SUGAR,2025-07-07,20.0,True,Research-generated IncentiveRewards mock,MyRewards Health Action Incentive,CARE_GAP_COMPLETION,USD
IR-MOCK03703-DIAB_BLOOD_SUGAR-20250710,MOCK03703,DIAB_BLOOD_SUGAR,2025-07-10,30.0,True,Research-generated IncentiveRewards mock,MyRewards Health Action Incentive,CARE_GAP_COMPLETION,USD
IR-MOCK03733-DIAB_BLOOD_SUGAR-20250806,MOCK03733,DIAB_BLOOD_SUGAR,2025-08-06,30.0,True,Research-generated IncentiveRewards mock,MyRewards Health Action Incentive,CARE_GAP_COMPLETION,USD
IR-MOCK03739-DIAB_BLOOD_SUGAR-20250713,MOCK03739,DIAB_BLOOD_SUGAR,2025-07-13,20.0,True,Research-generated IncentiveRewards mock,MyRewards Health Action Incentive,CARE_GAP_COMPLETION,USD
IR-MOCK03751-DIAB_BLOOD_SUGAR-20250724,MOCK03751,DIAB_BLOOD_SUGAR,2025-07-24,30.0,True,Research-generated IncentiveRewards mock,MyRewards Health Action Incentive,CARE_GAP_COMPLETION,USD
IR-MOCK03757-DIAB_BLOOD_SUGAR-20250727,MOCK03757,DIAB_BLOOD_SUGAR,2025-07-27,30.0,True,Research-generated IncentiveRewards mock,MyRewards Health Action Incentive,CARE_GAP_COMPLETION,USD
IR-MOCK03763-DIAB_BLOOD_SUGAR-20250713,MOCK03763,DIAB_BLOOD_SUGAR,2025-07-13,15.0,True,Research-generated IncentiveRewards mock,MyRewards Health Action Incentive,CARE_GAP_COMPLETION,USD
IR-MOCK03787-DIAB_BLOOD_SUGAR-20250701,MOCK03787,DIAB_BLOOD_SUGAR,2025-07-01,25.0,True,Research-generated IncentiveRewards mock,MyRewards Health Action Incentive,CARE_GAP_COMPLETION,USD
IR-MOCK03793-DIAB_BLOOD_SUGAR-20250703,MOCK03793,DIAB_BLOOD_SUGAR,2025-07-03,25.0,True,Research-generated IncentiveRewards mock,MyRewards Health Action Incentive,CARE_GAP_COMPLETION,USD
IR-MOCK03799-DIAB_BLOOD_SUGAR-20250804,MOCK03799,DIAB_BLOOD_SUGAR,2025-08-04,15.0,True,Research-generated IncentiveRewards mock,MyRewards Health Action Incentive,CARE_GAP_COMPLETION,USD
IR-MOCK03811-DIAB_BLOOD_SUGAR-20250715,MOCK03811,DIAB_BLOOD_SUGAR,2025-07-15,30.0,True,Research-generated IncentiveRewards mock,MyRewards Health Action Incentive,CARE_GAP_COMPLETION,USD
IR-MOCK03853-DIAB_BLOOD_SUGAR-20250802,MOCK03853,DIAB_BLOOD_SUGAR,2025-08-02,25.0,True,Research-generated IncentiveRewards mock,MyRewards Health Action Incentive,CARE_GAP_COMPLETION,USD
IR-MOCK03877-DIAB_BLOOD_SUGAR-20250713,MOCK03877,DIAB_BLOOD_SUGAR,2025-07-13,25.0,True,Research-generated IncentiveRewards mock,MyRewards Health Action Incentive,CARE_GAP_COMPLETION,USD
IR-MOCK03913-DIAB_BLOOD_SUGAR-20250709,MOCK03913,DIAB_BLOOD_SUGAR,2025-07-09,15.0,True,Research-generated IncentiveRewards mock,MyRewards Health Action Incentive,CARE_GAP_COMPLETION,USD
IR-MOCK03925-DIAB_BLOOD_SUGAR-20250730,MOCK03925,DIAB_BLOOD_SUGAR,2025-07-30,10.0,True,Research-generated IncentiveRewards mock,MyRewards Health Action Incentive,CARE_GAP_COMPLETION,USD
IR-MOCK03943-DIAB_BLOOD_SUGAR-20250713,MOCK03943,DIAB_BLOOD_SUGAR,2025-07-13,10.0,True,Research-generated IncentiveRewards mock,MyRewards Health Action Incentive,CARE_GAP_COMPLETION,USD
IR-MOCK03949-DIAB_BLOOD_SUGAR-20250722,MOCK03949,DIAB_BLOOD_SUGAR,2025-07-22,30.0,True,Research-generated IncentiveRewards mock,MyRewards Health Action Incentive,CARE_GAP_COMPLETION,USD
IR-MOCK03973-DIAB_BLOOD_SUGAR-20250711,MOCK03973,DIAB_BLOOD_SUGAR,2025-07-11,25.0,True,Research-generated IncentiveRewards mock,MyRewards Health Action Incentive,CARE_GAP_COMPLETION,USD
IR-MOCK03985-DIAB_BLOOD_SUGAR-20250717,MOCK03985,DIAB_BLOOD_SUGAR,2025-07-17,15.0,True,Research-generated IncentiveRewards mock,MyRewards Health Action Incentive,CARE_GAP_COMPLETION,USD
IR-MOCK03991-DIAB_BLOOD_SUGAR-20250706,MOCK03991,DIAB_BLOOD_SUGAR,2025-07-06,5.0,True,Research-generated IncentiveRewards mock,MyRewards Health Action Incentive,CARE_GAP_COMPLETION,USD
IR-MOCK04003-DIAB_BLOOD_SUGAR-20250713,MOCK04003,DIAB_BLOOD_SUGAR,2025-07-13,25.0,True,Research-generated IncentiveRewards mock,MyRewards Health Action Incentive,CARE_GAP_COMPLETION,USD
IR-MOCK04015-DIAB_BLOOD_SUGAR-20250730,MOCK04015,DIAB_BLOOD_SUGAR,2025-07-30,25.0,True,Research-generated IncentiveRewards mock,MyRewards Health Action Incentive,CARE_GAP_COMPLETION,USD
IR-MOCK04021-DIAB_BLOOD_SUGAR-20250712,MOCK04021,DIAB_BLOOD_SUGAR,2025-07-12,25.0,True,Research-generated IncentiveRewards mock,MyRewards Health Action Incentive,CARE_GAP_COMPLETION,USD
IR-MOCK04033-DIAB_BLOOD_SUGAR-20250728,MOCK04033,DIAB_BLOOD_SUGAR,2025-07-28,100.0,True,Research-generated IncentiveRewards mock,MyRewards Health Action Incentive,CARE_GAP_COMPLETION,USD
IR-MOCK04039-DIAB_BLOOD_SUGAR-20250725,MOCK04039,DIAB_BLOOD_SUGAR,2025-07-25,20.0,True,Research-generated IncentiveRewards mock,MyRewards Health Action Incentive,CARE_GAP_COMPLETION,USD
IR-MOCK04045-DIAB_BLOOD_SUGAR-20250710,MOCK04045,DIAB_BLOOD_SUGAR,2025-07-10,20.0,True,Research-generated IncentiveRewards mock,MyRewards Health Action Incentive,CARE_GAP_COMPLETION,USD
IR-MOCK04051-DIAB_BLOOD_SUGAR-20250801,MOCK04051,DIAB_BLOOD_SUGAR,2025-08-01,30.0,True,Research-generated IncentiveRewards mock,MyRewards Health Action Incentive,CARE_GAP_COMPLETION,USD
IR-MOCK04063-DIAB_BLOOD_SUGAR-20250710,MOCK04063,DIAB_BLOOD_SUGAR,2025-07-10,15.0,True,Research-generated IncentiveRewards mock,MyRewards Health Action Incentive,CARE_GAP_COMPLETION,USD
IR-MOCK04105-DIAB_BLOOD_SUGAR-20250727,MOCK04105,DIAB_BLOOD_SUGAR,2025-07-27,25.0,True,Research-generated IncentiveRewards mock,MyRewards Health Action Incentive,CARE_GAP_COMPLETION,USD
IR-MOCK04117-DIAB_BLOOD_SUGAR-20250802,MOCK04117,DIAB_BLOOD_SUGAR,2025-08-02,30.0,True,Research-generated IncentiveRewards mock,MyRewards Health Action Incentive,CARE_GAP_COMPLETION,USD
IR-MOCK04135-DIAB_BLOOD_SUGAR-20250702,MOCK04135,DIAB_BLOOD_SUGAR,2025-07-02,10.0,True,Research-generated IncentiveRewards mock,MyRewards Health Action Incentive,CARE_GAP_COMPLETION,USD
IR-MOCK04141-DIAB_BLOOD_SUGAR-20250727,MOCK04141,DIAB_BLOOD_SUGAR,2025-07-27,25.0,True,Research-generated IncentiveRewards mock,MyRewards Health Action Incentive,CARE_GAP_COMPLETION,USD
IR-MOCK04147-DIAB_BLOOD_SUGAR-20250728,MOCK04147,DIAB_BLOOD_SUGAR,2025-07-28,25.0,False,Research-generated IncentiveRewards mock,MyRewards Health Action Incentive,CARE_GAP_COMPLETION,USD
IR-MOCK04153-DIAB_BLOOD_SUGAR-20250729,MOCK04153,DIAB_BLOOD_SUGAR,2025-07-29,30.0,True,Research-generated IncentiveRewards mock,MyRewards Health Action Incentive,CARE_GAP_COMPLETION,USD
IR-MOCK04165-DIAB_BLOOD_SUGAR-20250704,MOCK04165,DIAB_BLOOD_SUGAR,2025-07-04,20.0,True,Research-generated IncentiveRewards mock,MyRewards Health Action Incentive,CARE_GAP_COMPLETION,USD
IR-MOCK04183-DIAB_BLOOD_SUGAR-20250707,MOCK04183,DIAB_BLOOD_SUGAR,2025-07-07,5.0,True,Research-generated IncentiveRewards mock,MyRewards Health Action Incentive,CARE_GAP_COMPLETION,USD
IR-MOCK04189-DIAB_BLOOD_SUGAR-20250718,MOCK04189,DIAB_BLOOD_SUGAR,2025-07-18,30.0,True,Research-generated IncentiveRewards mock,MyRewards Health Action Incentive,CARE_GAP_COMPLETION,USD
IR-MOCK04195-DIAB_BLOOD_SUGAR-20250804,MOCK04195,DIAB_BLOOD_SUGAR,2025-08-04,25.0,True,Research-generated IncentiveRewards mock,MyRewards Health Action Incentive,CARE_GAP_COMPLETION,USD
IR-MOCK04207-DIAB_BLOOD_SUGAR-20250729,MOCK04207,DIAB_BLOOD_SUGAR,2025-07-29,20.0,True,Research-generated IncentiveRewards mock,MyRewards Health Action Incentive,CARE_GAP_COMPLETION,USD
IR-MOCK04213-DIAB_BLOOD_SUGAR-20250720,MOCK04213,DIAB_BLOOD_SUGAR,2025-07-20,30.0,True,Research-generated IncentiveRewards mock,MyRewards Health Action Incentive,CARE_GAP_COMPLETION,USD
IR-MOCK04231-DIAB_BLOOD_SUGAR-20250725,MOCK04231,DIAB_BLOOD_SUGAR,2025-07-25,25.0,True,Research-generated IncentiveRewards mock,MyRewards Health Action Incentive,CARE_GAP_COMPLETION,USD
IR-MOCK04255-DIAB_BLOOD_SUGAR-20250805,MOCK04255,DIAB_BLOOD_SUGAR,2025-08-05,25.0,True,Research-generated IncentiveRewards mock,MyRewards Health Action Incentive,CARE_GAP_COMPLETION,USD
IR-MOCK04267-DIAB_BLOOD_SUGAR-20250723,MOCK04267,DIAB_BLOOD_SUGAR,2025-07-23,30.0,True,Research-generated IncentiveRewards mock,MyRewards Health Action Incentive,CARE_GAP_COMPLETION,USD
IR-MOCK04279-DIAB_BLOOD_SUGAR-20250716,MOCK04279,DIAB_BLOOD_SUGAR,2025-07-16,25.0,True,Research-generated IncentiveRewards mock,MyRewards Health Action Incentive,CARE_GAP_COMPLETION,USD
IR-MOCK04309-DIAB_BLOOD_SUGAR-20250716,MOCK04309,DIAB_BLOOD_SUGAR,2025-07-16,25.0,True,Research-generated IncentiveRewards mock,MyRewards Health Action Incentive,CARE_GAP_COMPLETION,USD
IR-MOCK04315-DIAB_BLOOD_SUGAR-20250725,MOCK04315,DIAB_BLOOD_SUGAR,2025-07-25,100.0,True,Research-generated IncentiveRewards mock,MyRewards Health Action Incentive,CARE_GAP_COMPLETION,USD
IR-MOCK04327-DIAB_BLOOD_SUGAR-20250703,MOCK04327,DIAB_BLOOD_SUGAR,2025-07-03,30.0,True,Research-generated IncentiveRewards mock,MyRewards Health Action Incentive,CARE_GAP_COMPLETION,USD
IR-MOCK04333-DIAB_BLOOD_SUGAR-20250802,MOCK04333,DIAB_BLOOD_SUGAR,2025-08-02,5.0,True,Research-generated IncentiveRewards mock,MyRewards Health Action Incentive,CARE_GAP_COMPLETION,USD
IR-MOCK04345-DIAB_BLOOD_SUGAR-20250731,MOCK04345,DIAB_BLOOD_SUGAR,2025-07-31,25.0,True,Research-generated IncentiveRewards mock,MyRewards Health Action Incentive,CARE_GAP_COMPLETION,USD
IR-MOCK04351-DIAB_BLOOD_SUGAR-20250804,MOCK04351,DIAB_BLOOD_SUGAR,2025-08-04,30.0,True,Research-generated IncentiveRewards mock,MyRewards Health Action Incentive,CARE_GAP_COMPLETION,USD
IR-MOCK04375-DIAB_BLOOD_SUGAR-20250806,MOCK04375,DIAB_BLOOD_SUGAR,2025-08-06,25.0,True,Research-generated IncentiveRewards mock,MyRewards Health Action Incentive,CARE_GAP_COMPLETION,USD
IR-MOCK04393-DIAB_BLOOD_SUGAR-20250715,MOCK04393,DIAB_BLOOD_SUGAR,2025-07-15,15.0,True,Research-generated IncentiveRewards mock,MyRewards Health Action Incentive,CARE_GAP_COMPLETION,USD
IR-MOCK04417-DIAB_BLOOD_SUGAR-20250630,MOCK04417,DIAB_BLOOD_SUGAR,2025-06-30,30.0,True,Research-generated IncentiveRewards mock,MyRewards Health Action Incentive,CARE_GAP_COMPLETION,USD
IR-MOCK04429-DIAB_BLOOD_SUGAR-20250723,MOCK04429,DIAB_BLOOD_SUGAR,2025-07-23,30.0,True,Research-generated IncentiveRewards mock,MyRewards Health Action Incentive,CARE_GAP_COMPLETION,USD
IR-MOCK04435-DIAB_BLOOD_SUGAR-20250705,MOCK04435,DIAB_BLOOD_SUGAR,2025-07-05,25.0,True,Research-generated IncentiveRewards mock,MyRewards Health Action Incentive,CARE_GAP_COMPLETION,USD
IR-MOCK04441-DIAB_BLOOD_SUGAR-20250719,MOCK04441,DIAB_BLOOD_SUGAR,2025-07-19,20.0,True,Research-generated IncentiveRewards mock,MyRewards Health Action Incentive,CARE_GAP_COMPLETION,USD
IR-MOCK04453-DIAB_BLOOD_SUGAR-20250801,MOCK04453,DIAB_BLOOD_SUGAR,2025-08-01,10.0,True,Research-generated IncentiveRewards mock,MyRewards Health Action Incentive,CARE_GAP_COMPLETION,USD
IR-MOCK04471-DIAB_BLOOD_SUGAR-20250723,MOCK04471,DIAB_BLOOD_SUGAR,2025-07-23,5.0,True,Research-generated IncentiveRewards mock,MyRewards Health Action Incentive,CARE_GAP_COMPLETION,USD
IR-MOCK04489-DIAB_BLOOD_SUGAR-20250720,MOCK04489,DIAB_BLOOD_SUGAR,2025-07-20,25.0,True,Research-generated IncentiveRewards mock,MyRewards Health Action Incentive,CARE_GAP_COMPLETION,USD
IR-MOCK04531-DIAB_BLOOD_SUGAR-20250708,MOCK04531,DIAB_BLOOD_SUGAR,2025-07-08,30.0,True,Research-generated IncentiveRewards mock,MyRewards Health Action Incentive,CARE_GAP_COMPLETION,USD
IR-MOCK04537-DIAB_BLOOD_SUGAR-20250722,MOCK04537,DIAB_BLOOD_SUGAR,2025-07-22,15.0,True,Research-generated IncentiveRewards mock,MyRewards Health Action Incentive,CARE_GAP_COMPLETION,USD
IR-MOCK04549-DIAB_BLOOD_SUGAR-20250707,MOCK04549,DIAB_BLOOD_SUGAR,2025-07-07,10.0,True,Research-generated IncentiveRewards mock,MyRewards Health Action Incentive,CARE_GAP_COMPLETION,USD
IR-MOCK04555-DIAB_BLOOD_SUGAR-20250708,MOCK04555,DIAB_BLOOD_SUGAR,2025-07-08,25.0,True,Research-generated IncentiveRewards mock,MyRewards Health Action Incentive,CARE_GAP_COMPLETION,USD
IR-MOCK04561-DIAB_BLOOD_SUGAR-20250731,MOCK04561,DIAB_BLOOD_SUGAR,2025-07-31,30.0,True,Research-generated IncentiveRewards mock,MyRewards Health Action Incentive,CARE_GAP_COMPLETION,USD
IR-MOCK04579-DIAB_BLOOD_SUGAR-20250730,MOCK04579,DIAB_BLOOD_SUGAR,2025-07-30,30.0,True,Research-generated IncentiveRewards mock,MyRewards Health Action Incentive,CARE_GAP_COMPLETION,USD
IR-MOCK04585-DIAB_BLOOD_SUGAR-20250806,MOCK04585,DIAB_BLOOD_SUGAR,2025-08-06,20.0,True,Research-generated IncentiveRewards mock,MyRewards Health Action Incentive,CARE_GAP_COMPLETION,USD
IR-MOCK04591-DIAB_BLOOD_SUGAR-20250707,MOCK04591,DIAB_BLOOD_SUGAR,2025-07-07,15.0,True,Research-generated IncentiveRewards mock,MyRewards Health Action Incentive,CARE_GAP_COMPLETION,USD
IR-MOCK04597-DIAB_BLOOD_SUGAR-20250710,MOCK04597,DIAB_BLOOD_SUGAR,2025-07-10,20.0,True,Research-generated IncentiveRewards mock,MyRewards Health Action Incentive,CARE_GAP_COMPLETION,USD
IR-MOCK04609-DIAB_BLOOD_SUGAR-20250702,MOCK04609,DIAB_BLOOD_SUGAR,2025-07-02,15.0,True,Research-generated IncentiveRewards mock,MyRewards Health Action Incentive,CARE_GAP_COMPLETION,USD
IR-MOCK04621-DIAB_BLOOD_SUGAR-20250725,MOCK04621,DIAB_BLOOD_SUGAR,2025-07-25,25.0,True,Research-generated IncentiveRewards mock,MyRewards Health Action Incentive,CARE_GAP_COMPLETION,USD
IR-MOCK04627-DIAB_BLOOD_SUGAR-20250703,MOCK04627,DIAB_BLOOD_SUGAR,2025-07-03,25.0,True,Research-generated IncentiveRewards mock,MyRewards Health Action Incentive,CARE_GAP_COMPLETION,USD
IR-MOCK04639-DIAB_BLOOD_SUGAR-20250707,MOCK04639,DIAB_BLOOD_SUGAR,2025-07-07,15.0,False,Research-generated IncentiveRewards mock,MyRewards Health Action Incentive,CARE_GAP_COMPLETION,USD
IR-MOCK04645-DIAB_BLOOD_SUGAR-20250715,MOCK04645,DIAB_BLOOD_SUGAR,2025-07-15,20.0,True,Research-generated IncentiveRewards mock,MyRewards Health Action Incentive,CARE_GAP_COMPLETION,USD
IR-MOCK04651-DIAB_BLOOD_SUGAR-20250717,MOCK04651,DIAB_BLOOD_SUGAR,2025-07-17,25.0,True,Research-generated IncentiveRewards mock,MyRewards Health Action Incentive,CARE_GAP_COMPLETION,USD
IR-MOCK04663-DIAB_BLOOD_SUGAR-20250805,MOCK04663,DIAB_BLOOD_SUGAR,2025-08-05,30.0,True,Research-generated IncentiveRewards mock,MyRewards Health Action Incentive,CARE_GAP_COMPLETION,USD
IR-MOCK04723-DIAB_BLOOD_SUGAR-20250716,MOCK04723,DIAB_BLOOD_SUGAR,2025-07-16,30.0,True,Research-generated IncentiveRewards mock,MyRewards Health Action Incentive,CARE_GAP_COMPLETION,USD
IR-MOCK04735-DIAB_BLOOD_SUGAR-20250716,MOCK04735,DIAB_BLOOD_SUGAR,2025-07-16,20.0,True,Research-generated IncentiveRewards mock,MyRewards Health Action Incentive,CARE_GAP_COMPLETION,USD
IR-MOCK04747-DIAB_BLOOD_SUGAR-20250712,MOCK04747,DIAB_BLOOD_SUGAR,2025-07-12,20.0,True,Research-generated IncentiveRewards mock,MyRewards Health Action Incentive,CARE_GAP_COMPLETION,USD
IR-MOCK04753-DIAB_BLOOD_SUGAR-20250711,MOCK04753,DIAB_BLOOD_SUGAR,2025-07-11,5.0,True,Research-generated IncentiveRewards mock,MyRewards Health Action Incentive,CARE_GAP_COMPLETION,USD
IR-MOCK04759-DIAB_BLOOD_SUGAR-20250712,MOCK04759,DIAB_BLOOD_SUGAR,2025-07-12,30.0,True,Research-generated IncentiveRewards mock,MyRewards Health Action Incentive,CARE_GAP_COMPLETION,USD
IR-MOCK04765-DIAB_BLOOD_SUGAR-20250714,MOCK04765,DIAB_BLOOD_SUGAR,2025-07-14,25.0,True,Research-generated IncentiveRewards mock,MyRewards Health Action Incentive,CARE_GAP_COMPLETION,USD
IR-MOCK04771-DIAB_BLOOD_SUGAR-20250726,MOCK04771,DIAB_BLOOD_SUGAR,2025-07-26,15.0,True,Research-generated IncentiveRewards mock,MyRewards Health Action Incentive,CARE_GAP_COMPLETION,USD
IR-MOCK04777-DIAB_BLOOD_SUGAR-20250703,MOCK04777,DIAB_BLOOD_SUGAR,2025-07-03,5.0,True,Research-generated IncentiveRewards mock,MyRewards Health Action Incentive,CARE_GAP_COMPLETION,USD
IR-MOCK04789-DIAB_BLOOD_SUGAR-20250720,MOCK04789,DIAB_BLOOD_SUGAR,2025-07-20,30.0,True,Research-generated IncentiveRewards mock,MyRewards Health Action Incentive,CARE_GAP_COMPLETION,USD
IR-MOCK04807-DIAB_BLOOD_SUGAR-20250707,MOCK04807,DIAB_BLOOD_SUGAR,2025-07-07,15.0,True,Research-generated IncentiveRewards mock,MyRewards Health Action Incentive,CARE_GAP_COMPLETION,USD
IR-MOCK04813-DIAB_BLOOD_SUGAR-20250724,MOCK04813,DIAB_BLOOD_SUGAR,2025-07-24,100.0,True,Research-generated IncentiveRewards mock,MyRewards Health Action Incentive,CARE_GAP_COMPLETION,USD
IR-MOCK04819-DIAB_BLOOD_SUGAR-20250714,MOCK04819,DIAB_BLOOD_SUGAR,2025-07-14,20.0,True,Research-generated IncentiveRewards mock,MyRewards Health Action Incentive,CARE_GAP_COMPLETION,USD
IR-MOCK04825-DIAB_BLOOD_SUGAR-20250728,MOCK04825,DIAB_BLOOD_SUGAR,2025-07-28,25.0,True,Research-generated IncentiveRewards mock,MyRewards Health Action Incentive,CARE_GAP_COMPLETION,USD
IR-MOCK04849-DIAB_BLOOD_SUGAR-20250715,MOCK04849,DIAB_BLOOD_SUGAR,2025-07-15,30.0,True,Research-generated IncentiveRewards mock,MyRewards Health Action Incentive,CARE_GAP_COMPLETION,USD
IR-MOCK04861-DIAB_BLOOD_SUGAR-20250719,MOCK04861,DIAB_BLOOD_SUGAR,2025-07-19,10.0,True,Research-generated IncentiveRewards mock,MyRewards Health Action Incentive,CARE_GAP_COMPLETION,USD
IR-MOCK04879-DIAB_BLOOD_SUGAR-20250706,MOCK04879,DIAB_BLOOD_SUGAR,2025-07-06,30.0,True,Research-generated IncentiveRewards mock,MyRewards Health Action Incentive,CARE_GAP_COMPLETION,USD
IR-MOCK04903-DIAB_BLOOD_SUGAR-20250731,MOCK04903,DIAB_BLOOD_SUGAR,2025-07-31,50.0,True,Research-generated IncentiveRewards mock,MyRewards Health Action Incentive,CARE_GAP_COMPLETION,USD
IR-MOCK04915-DIAB_BLOOD_SUGAR-20250710,MOCK04915,DIAB_BLOOD_SUGAR,2025-07-10,25.0,True,Research-generated IncentiveRewards mock,MyRewards Health Action Incentive,CARE_GAP_COMPLETION,USD
IR-MOCK04921-DIAB_BLOOD_SUGAR-20250704,MOCK04921,DIAB_BLOOD_SUGAR,2025-07-04,25.0,True,Research-generated IncentiveRewards mock,MyRewards Health Action Incentive,CARE_GAP_COMPLETION,USD
IR-MOCK04933-DIAB_BLOOD_SUGAR-20250726,MOCK04933,DIAB_BLOOD_SUGAR,2025-07-26,25.0,True,Research-generated IncentiveRewards mock,MyRewards Health Action Incentive,CARE_GAP_COMPLETION,USD
IR-MOCK04939-DIAB_BLOOD_SUGAR-20250712,MOCK04939,DIAB_BLOOD_SUGAR,2025-07-12,15.0,True,Research-generated IncentiveRewards mock,MyRewards Health Action Incentive,CARE_GAP_COMPLETION,USD
IR-MOCK04951-DIAB_BLOOD_SUGAR-20250707,MOCK04951,DIAB_BLOOD_SUGAR,2025-07-07,30.0,True,Research-generated IncentiveRewards mock,MyRewards Health Action Incentive,CARE_GAP_COMPLETION,USD
IR-MOCK04969-DIAB_BLOOD_SUGAR-20250711,MOCK04969,DIAB_BLOOD_SUGAR,2025-07-11,30.0,True,Research-generated IncentiveRewards mock,MyRewards Health Action Incentive,CARE_GAP_COMPLETION,USD
IR-MOCK05011-DIAB_BLOOD_SUGAR-20250705,MOCK05011,DIAB_BLOOD_SUGAR,2025-07-05,30.0,True,Research-generated IncentiveRewards mock,MyRewards Health Action Incentive,CARE_GAP_COMPLETION,USD
IR-MOCK05017-DIAB_BLOOD_SUGAR-20250701,MOCK05017,DIAB_BLOOD_SUGAR,2025-07-01,10.0,True,Research-generated IncentiveRewards mock,MyRewards Health Action Incentive,CARE_GAP_COMPLETION,USD
IR-MOCK05041-DIAB_BLOOD_SUGAR-20250807,MOCK05041,DIAB_BLOOD_SUGAR,2025-08-07,30.0,True,Research-generated IncentiveRewards mock,MyRewards Health Action Incentive,CARE_GAP_COMPLETION,USD
IR-MOCK05053-DIAB_BLOOD_SUGAR-20250729,MOCK05053,DIAB_BLOOD_SUGAR,2025-07-29,15.0,True,Research-generated IncentiveRewards mock,MyRewards Health Action Incentive,CARE_GAP_COMPLETION,USD
IR-MOCK05059-DIAB_BLOOD_SUGAR-20250730,MOCK05059,DIAB_BLOOD_SUGAR,2025-07-30,30.0,True,Research-generated IncentiveRewards mock,MyRewards Health Action Incentive,CARE_GAP_COMPLETION,USD
IR-MOCK05071-DIAB_BLOOD_SUGAR-20250630,MOCK05071,DIAB_BLOOD_SUGAR,2025-06-30,25.0,True,Research-generated IncentiveRewards mock,MyRewards Health Action Incentive,CARE_GAP_COMPLETION,USD
IR-MOCK05083-DIAB_BLOOD_SUGAR-20250805,MOCK05083,DIAB_BLOOD_SUGAR,2025-08-05,25.0,True,Research-generated IncentiveRewards mock,MyRewards Health Action Incentive,CARE_GAP_COMPLETION,USD
IR-MOCK05101-DIAB_BLOOD_SUGAR-20250805,MOCK05101,DIAB_BLOOD_SUGAR,2025-08-05,25.0,True,Research-generated IncentiveRewards mock,MyRewards Health Action Incentive,CARE_GAP_COMPLETION,USD
IR-MOCK05119-DIAB_BLOOD_SUGAR-20250731,MOCK05119,DIAB_BLOOD_SUGAR,2025-07-31,20.0,True,Research-generated IncentiveRewards mock,MyRewards Health Action Incentive,CARE_GAP_COMPLETION,USD
IR-MOCK05137-DIAB_BLOOD_SUGAR-20250705,MOCK05137,DIAB_BLOOD_SUGAR,2025-07-05,15.0,True,Research-generated IncentiveRewards mock,MyRewards Health Action Incentive,CARE_GAP_COMPLETION,USD
IR-MOCK05149-DIAB_BLOOD_SUGAR-20250630,MOCK05149,DIAB_BLOOD_SUGAR,2025-06-30,25.0,True,Research-generated IncentiveRewards mock,MyRewards Health Action Incentive,CARE_GAP_COMPLETION,USD
IR-MOCK05155-DIAB_BLOOD_SUGAR-20250713,MOCK05155,DIAB_BLOOD_SUGAR,2025-07-13,10.0,True,Research-generated IncentiveRewards mock,MyRewards Health Action Incentive,CARE_GAP_COMPLETION,USD
IR-MOCK05161-DIAB_BLOOD_SUGAR-20250630,MOCK05161,DIAB_BLOOD_SUGAR,2025-06-30,10.0,True,Research-generated IncentiveRewards mock,MyRewards Health Action Incentive,CARE_GAP_COMPLETION,USD
IR-MOCK05179-DIAB_BLOOD_SUGAR-20250725,MOCK05179,DIAB_BLOOD_SUGAR,2025-07-25,30.0,True,Research-generated IncentiveRewards mock,MyRewards Health Action Incentive,CARE_GAP_COMPLETION,USD
IR-MOCK05185-DIAB_BLOOD_SUGAR-20250712,MOCK05185,DIAB_BLOOD_SUGAR,2025-07-12,10.0,True,Research-generated IncentiveRewards mock,MyRewards Health Action Incentive,CARE_GAP_COMPLETION,USD
IR-MOCK05191-DIAB_BLOOD_SUGAR-20250716,MOCK05191,DIAB_BLOOD_SUGAR,2025-07-16,30.0,True,Research-generated IncentiveRewards mock,MyRewards Health Action Incentive,CARE_GAP_COMPLETION,USD
IR-MOCK05203-DIAB_BLOOD_SUGAR-20250728,MOCK05203,DIAB_BLOOD_SUGAR,2025-07-28,20.0,True,Research-generated IncentiveRewards mock,MyRewards Health Action Incentive,CARE_GAP_COMPLETION,USD
IR-MOCK05209-DIAB_BLOOD_SUGAR-20250710,MOCK05209,DIAB_BLOOD_SUGAR,2025-07-10,50.0,True,Research-generated IncentiveRewards mock,MyRewards Health Action Incentive,CARE_GAP_COMPLETION,USD
IR-MOCK05215-DIAB_BLOOD_SUGAR-20250703,MOCK05215,DIAB_BLOOD_SUGAR,2025-07-03,30.0,True,Research-generated IncentiveRewards mock,MyRewards Health Action Incentive,CARE_GAP_COMPLETION,USD
IR-MOCK05239-DIAB_BLOOD_SUGAR-20250707,MOCK05239,DIAB_BLOOD_SUGAR,2025-07-07,25.0,True,Research-generated IncentiveRewards mock,MyRewards Health Action Incentive,CARE_GAP_COMPLETION,USD
IR-MOCK05263-DIAB_BLOOD_SUGAR-20250706,MOCK05263,DIAB_BLOOD_SUGAR,2025-07-06,30.0,True,Research-generated IncentiveRewards mock,MyRewards Health Action Incentive,CARE_GAP_COMPLETION,USD
IR-MOCK05269-DIAB_BLOOD_SUGAR-20250702,MOCK05269,DIAB_BLOOD_SUGAR,2025-07-02,25.0,True,Research-generated IncentiveRewards mock,MyRewards Health Action Incentive,CARE_GAP_COMPLETION,USD
IR-MOCK05281-DIAB_BLOOD_SUGAR-20250714,MOCK05281,DIAB_BLOOD_SUGAR,2025-07-14,30.0,True,Research-generated IncentiveRewards mock,MyRewards Health Action Incentive,CARE_GAP_COMPLETION,USD
IR-MOCK05293-DIAB_BLOOD_SUGAR-20250706,MOCK05293,DIAB_BLOOD_SUGAR,2025-07-06,100.0,True,Research-generated IncentiveRewards mock,MyRewards Health Action Incentive,CARE_GAP_COMPLETION,USD
IR-MOCK05299-DIAB_BLOOD_SUGAR-20250731,MOCK05299,DIAB_BLOOD_SUGAR,2025-07-31,30.0,True,Research-generated IncentiveRewards mock,MyRewards Health Action Incentive,CARE_GAP_COMPLETION,USD
IR-MOCK05311-DIAB_BLOOD_SUGAR-20250728,MOCK05311,DIAB_BLOOD_SUGAR,2025-07-28,30.0,True,Research-generated IncentiveRewards mock,MyRewards Health Action Incentive,CARE_GAP_COMPLETION,USD
IR-MOCK05317-DIAB_BLOOD_SUGAR-20250711,MOCK05317,DIAB_BLOOD_SUGAR,2025-07-11,5.0,True,Research-generated IncentiveRewards mock,MyRewards Health Action Incentive,CARE_GAP_COMPLETION,USD
IR-MOCK05329-DIAB_BLOOD_SUGAR-20250718,MOCK05329,DIAB_BLOOD_SUGAR,2025-07-18,25.0,True,Research-generated IncentiveRewards mock,MyRewards Health Action Incentive,CARE_GAP_COMPLETION,USD
IR-MOCK05341-DIAB_BLOOD_SUGAR-20250709,MOCK05341,DIAB_BLOOD_SUGAR,2025-07-09,1.0,True,Research-generated IncentiveRewards mock,MyRewards Health Action Incentive,CARE_GAP_COMPLETION,USD
IR-MOCK05359-DIAB_BLOOD_SUGAR-20250713,MOCK05359,DIAB_BLOOD_SUGAR,2025-07-13,15.0,True,Research-generated IncentiveRewards mock,MyRewards Health Action Incentive,CARE_GAP_COMPLETION,USD
IR-MOCK05383-DIAB_BLOOD_SUGAR-20250717,MOCK05383,DIAB_BLOOD_SUGAR,2025-07-17,30.0,True,Research-generated IncentiveRewards mock,MyRewards Health Action Incentive,CARE_GAP_COMPLETION,USD
IR-MOCK05443-DIAB_BLOOD_SUGAR-20250805,MOCK05443,DIAB_BLOOD_SUGAR,2025-08-05,10.0,True,Research-generated IncentiveRewards mock,MyRewards Health Action Incentive,CARE_GAP_COMPLETION,USD
IR-MOCK05455-DIAB_BLOOD_SUGAR-20250720,MOCK05455,DIAB_BLOOD_SUGAR,2025-07-20,10.0,True,Research-generated IncentiveRewards mock,MyRewards Health Action Incentive,CARE_GAP_COMPLETION,USD
IR-MOCK05479-DIAB_BLOOD_SUGAR-20250725,MOCK05479,DIAB_BLOOD_SUGAR,2025-07-25,25.0,True,Research-generated IncentiveRewards mock,MyRewards Health Action Incentive,CARE_GAP_COMPLETION,USD
IR-MOCK05491-DIAB_BLOOD_SUGAR-20250707,MOCK05491,DIAB_BLOOD_SUGAR,2025-07-07,30.0,True,Research-generated IncentiveRewards mock,MyRewards Health Action Incentive,CARE_GAP_COMPLETION,USD
IR-MOCK05515-DIAB_BLOOD_SUGAR-20250726,MOCK05515,DIAB_BLOOD_SUGAR,2025-07-26,20.0,True,Research-generated IncentiveRewards mock,MyRewards Health Action Incentive,CARE_GAP_COMPLETION,USD
IR-MOCK05551-DIAB_BLOOD_SUGAR-20250728,MOCK05551,DIAB_BLOOD_SUGAR,2025-07-28,25.0,True,Research-generated IncentiveRewards mock,MyRewards Health Action Incentive,CARE_GAP_COMPLETION,USD
IR-MOCK05557-DIAB_BLOOD_SUGAR-20250711,MOCK05557,DIAB_BLOOD_SUGAR,2025-07-11,30.0,True,Research-generated IncentiveRewards mock,MyRewards Health Action Incentive,CARE_GAP_COMPLETION,USD
IR-MOCK05575-DIAB_BLOOD_SUGAR-20250731,MOCK05575,DIAB_BLOOD_SUGAR,2025-07-31,25.0,True,Research-generated IncentiveRewards mock,MyRewards Health Action Incentive,CARE_GAP_COMPLETION,USD
IR-MOCK05587-DIAB_BLOOD_SUGAR-20250731,MOCK05587,DIAB_BLOOD_SUGAR,2025-07-31,5.0,True,Research-generated IncentiveRewards mock,MyRewards Health Action Incentive,CARE_GAP_COMPLETION,USD
IR-MOCK05593-DIAB_BLOOD_SUGAR-20250718,MOCK05593,DIAB_BLOOD_SUGAR,2025-07-18,25.0,True,Research-generated IncentiveRewards mock,MyRewards Health Action Incentive,CARE_GAP_COMPLETION,USD
IR-MOCK05617-DIAB_BLOOD_SUGAR-20250726,MOCK05617,DIAB_BLOOD_SUGAR,2025-07-26,30.0,True,Research-generated IncentiveRewards mock,MyRewards Health Action Incentive,CARE_GAP_COMPLETION,USD
IR-MOCK05641-DIAB_BLOOD_SUGAR-20250725,MOCK05641,DIAB_BLOOD_SUGAR,2025-07-25,25.0,True,Research-generated IncentiveRewards mock,MyRewards Health Action Incentive,CARE_GAP_COMPLETION,USD
IR-MOCK05653-DIAB_BLOOD_SUGAR-20250723,MOCK05653,DIAB_BLOOD_SUGAR,2025-07-23,30.0,True,Research-generated IncentiveRewards mock,MyRewards Health Action Incentive,CARE_GAP_COMPLETION,USD
IR-MOCK05671-DIAB_BLOOD_SUGAR-20250708,MOCK05671,DIAB_BLOOD_SUGAR,2025-07-08,25.0,True,Research-generated IncentiveRewards mock,MyRewards Health Action Incentive,CARE_GAP_COMPLETION,USD
IR-MOCK05677-DIAB_BLOOD_SUGAR-20250804,MOCK05677,DIAB_BLOOD_SUGAR,2025-08-04,5.0,True,Research-generated IncentiveRewards mock,MyRewards Health Action Incentive,CARE_GAP_COMPLETION,USD
IR-MOCK05695-DIAB_BLOOD_SUGAR-20250705,MOCK05695,DIAB_BLOOD_SUGAR,2025-07-05,25.0,True,Research-generated IncentiveRewards mock,MyRewards Health Action Incentive,CARE_GAP_COMPLETION,USD
IR-MOCK05701-DIAB_BLOOD_SUGAR-20250804,MOCK05701,DIAB_BLOOD_SUGAR,2025-08-04,15.0,True,Research-generated IncentiveRewards mock,MyRewards Health Action Incentive,CARE_GAP_COMPLETION,USD
IR-MOCK05713-DIAB_BLOOD_SUGAR-20250703,MOCK05713,DIAB_BLOOD_SUGAR,2025-07-03,10.0,True,Research-generated IncentiveRewards mock,MyRewards Health Action Incentive,CARE_GAP_COMPLETION,USD
IR-MOCK05731-DIAB_BLOOD_SUGAR-20250722,MOCK05731,DIAB_BLOOD_SUGAR,2025-07-22,30.0,True,Research-generated IncentiveRewards mock,MyRewards Health Action Incentive,CARE_GAP_COMPLETION,USD
IR-MOCK05761-DIAB_BLOOD_SUGAR-20250703,MOCK05761,DIAB_BLOOD_SUGAR,2025-07-03,25.0,True,Research-generated IncentiveRewards mock,MyRewards Health Action Incentive,CARE_GAP_COMPLETION,USD
IR-MOCK05767-DIAB_BLOOD_SUGAR-20250630,MOCK05767,DIAB_BLOOD_SUGAR,2025-06-30,15.0,True,Research-generated IncentiveRewards mock,MyRewards Health Action Incentive,CARE_GAP_COMPLETION,USD
IR-MOCK05785-DIAB_BLOOD_SUGAR-20250805,MOCK05785,DIAB_BLOOD_SUGAR,2025-08-05,30.0,True,Research-generated IncentiveRewards mock,MyRewards Health Action Incentive,CARE_GAP_COMPLETION,USD
IR-MOCK05791-DIAB_BLOOD_SUGAR-20250714,MOCK05791,DIAB_BLOOD_SUGAR,2025-07-14,30.0,True,Research-generated IncentiveRewards mock,MyRewards Health Action Incentive,CARE_GAP_COMPLETION,USD
IR-MOCK05803-DIAB_BLOOD_SUGAR-20250803,MOCK05803,DIAB_BLOOD_SUGAR,2025-08-03,25.0,True,Research-generated IncentiveRewards mock,MyRewards Health Action Incentive,CARE_GAP_COMPLETION,USD
IR-MOCK05821-DIAB_BLOOD_SUGAR-20250730,MOCK05821,DIAB_BLOOD_SUGAR,2025-07-30,25.0,True,Research-generated IncentiveRewards mock,MyRewards Health Action Incentive,CARE_GAP_COMPLETION,USD
IR-MOCK05833-DIAB_BLOOD_SUGAR-20250731,MOCK05833,DIAB_BLOOD_SUGAR,2025-07-31,25.0,True,Research-generated IncentiveRewards mock,MyRewards Health Action Incentive,CARE_GAP_COMPLETION,USD
IR-MOCK05881-DIAB_BLOOD_SUGAR-20250804,MOCK05881,DIAB_BLOOD_SUGAR,2025-08-04,15.0,True,Research-generated IncentiveRewards mock,MyRewards Health Action Incentive,CARE_GAP_COMPLETION,USD
IR-MOCK05899-DIAB_BLOOD_SUGAR-20250709,MOCK05899,DIAB_BLOOD_SUGAR,2025-07-09,30.0,True,Research-generated IncentiveRewards mock,MyRewards Health Action Incentive,CARE_GAP_COMPLETION,USD
IR-MOCK05923-DIAB_BLOOD_SUGAR-20250802,MOCK05923,DIAB_BLOOD_SUGAR,2025-08-02,25.0,True,Research-generated IncentiveRewards mock,MyRewards Health Action Incentive,CARE_GAP_COMPLETION,USD
IR-MOCK05941-DIAB_BLOOD_SUGAR-20250804,MOCK05941,DIAB_BLOOD_SUGAR,2025-08-04,30.0,True,Research-generated IncentiveRewards mock,MyRewards Health Action Incentive,CARE_GAP_COMPLETION,USD
IR-MOCK05959-DIAB_BLOOD_SUGAR-20250711,MOCK05959,DIAB_BLOOD_SUGAR,2025-07-11,25.0,True,Research-generated IncentiveRewards mock,MyRewards Health Action Incentive,CARE_GAP_COMPLETION,USD
IR-MOCK05971-DIAB_BLOOD_SUGAR-20250630,MOCK05971,DIAB_BLOOD_SUGAR,2025-06-30,15.0,True,Research-generated IncentiveRewards mock,MyRewards Health Action Incentive,CARE_GAP_COMPLETION,USD
IR-MOCK06001-DIAB_BLOOD_SUGAR-20250724,MOCK06001,DIAB_BLOOD_SUGAR,2025-07-24,30.0,True,Research-generated IncentiveRewards mock,MyRewards Health Action Incentive,CARE_GAP_COMPLETION,USD
IR-MOCK06007-DIAB_BLOOD_SUGAR-20250719,MOCK06007,DIAB_BLOOD_SUGAR,2025-07-19,25.0,True,Research-generated IncentiveRewards mock,MyRewards Health Action Incentive,CARE_GAP_COMPLETION,USD
IR-MOCK06019-DIAB_BLOOD_SUGAR-20250704,MOCK06019,DIAB_BLOOD_SUGAR,2025-07-04,20.0,True,Research-generated IncentiveRewards mock,MyRewards Health Action Incentive,CARE_GAP_COMPLETION,USD
IR-MOCK06025-DIAB_BLOOD_SUGAR-20250718,MOCK06025,DIAB_BLOOD_SUGAR,2025-07-18,25.0,True,Research-generated IncentiveRewards mock,MyRewards Health Action Incentive,CARE_GAP_COMPLETION,USD
IR-MOCK06031-DIAB_BLOOD_SUGAR-20250724,MOCK06031,DIAB_BLOOD_SUGAR,2025-07-24,5.0,True,Research-generated IncentiveRewards mock,MyRewards Health Action Incentive,CARE_GAP_COMPLETION,USD
IR-MOCK06049-DIAB_BLOOD_SUGAR-20250720,MOCK06049,DIAB_BLOOD_SUGAR,2025-07-20,10.0,True,Research-generated IncentiveRewards mock,MyRewards Health Action Incentive,CARE_GAP_COMPLETION,USD
IR-MOCK06055-DIAB_BLOOD_SUGAR-20250714,MOCK06055,DIAB_BLOOD_SUGAR,2025-07-14,25.0,True,Research-generated IncentiveRewards mock,MyRewards Health Action Incentive,CARE_GAP_COMPLETION,USD
IR-MOCK06061-DIAB_BLOOD_SUGAR-20250701,MOCK06061,DIAB_BLOOD_SUGAR,2025-07-01,20.0,True,Research-generated IncentiveRewards mock,MyRewards Health Action Incentive,CARE_GAP_COMPLETION,USD
IR-MOCK06067-DIAB_BLOOD_SUGAR-20250706,MOCK06067,DIAB_BLOOD_SUGAR,2025-07-06,20.0,True,Research-generated IncentiveRewards mock,MyRewards Health Action Incentive,CARE_GAP_COMPLETION,USD
IR-MOCK06073-DIAB_BLOOD_SUGAR-20250718,MOCK06073,DIAB_BLOOD_SUGAR,2025-07-18,30.0,True,Research-generated IncentiveRewards mock,MyRewards Health Action Incentive,CARE_GAP_COMPLETION,USD
IR-MOCK06091-DIAB_BLOOD_SUGAR-20250730,MOCK06091,DIAB_BLOOD_SUGAR,2025-07-30,25.0,True,Research-generated IncentiveRewards mock,MyRewards Health Action Incentive,CARE_GAP_COMPLETION,USD
IR-MOCK06109-DIAB_BLOOD_SUGAR-20250717,MOCK06109,DIAB_BLOOD_SUGAR,2025-07-17,10.0,True,Research-generated IncentiveRewards mock,MyRewards Health Action Incentive,CARE_GAP_COMPLETION,USD
IR-MOCK06115-DIAB_BLOOD_SUGAR-20250703,MOCK06115,DIAB_BLOOD_SUGAR,2025-07-03,15.0,True,Research-generated IncentiveRewards mock,MyRewards Health Action Incentive,CARE_GAP_COMPLETION,USD
IR-MOCK06127-DIAB_BLOOD_SUGAR-20250720,MOCK06127,DIAB_BLOOD_SUGAR,2025-07-20,30.0,True,Research-generated IncentiveRewards mock,MyRewards Health Action Incentive,CARE_GAP_COMPLETION,USD
IR-MOCK06151-DIAB_BLOOD_SUGAR-20250712,MOCK06151,DIAB_BLOOD_SUGAR,2025-07-12,25.0,True,Research-generated IncentiveRewards mock,MyRewards Health Action Incentive,CARE_GAP_COMPLETION,USD
IR-MOCK06157-DIAB_BLOOD_SUGAR-20250713,MOCK06157,DIAB_BLOOD_SUGAR,2025-07-13,25.0,True,Research-generated IncentiveRewards mock,MyRewards Health Action Incentive,CARE_GAP_COMPLETION,USD
IR-MOCK06175-DIAB_BLOOD_SUGAR-20250807,MOCK06175,DIAB_BLOOD_SUGAR,2025-08-07,20.0,True,Research-generated IncentiveRewards mock,MyRewards Health Action Incentive,CARE_GAP_COMPLETION,USD
IR-MOCK06187-DIAB_BLOOD_SUGAR-20250706,MOCK06187,DIAB_BLOOD_SUGAR,2025-07-06,20.0,False,Research-generated IncentiveRewards mock,MyRewards Health Action Incentive,CARE_GAP_COMPLETION,USD
IR-MOCK06229-DIAB_BLOOD_SUGAR-20250724,MOCK06229,DIAB_BLOOD_SUGAR,2025-07-24,30.0,True,Research-generated IncentiveRewards mock,MyRewards Health Action Incentive,CARE_GAP_COMPLETION,USD
IR-MOCK06241-DIAB_BLOOD_SUGAR-20250711,MOCK06241,DIAB_BLOOD_SUGAR,2025-07-11,25.0,True,Research-generated IncentiveRewards mock,MyRewards Health Action Incentive,CARE_GAP_COMPLETION,USD
IR-MOCK06247-DIAB_BLOOD_SUGAR-20250709,MOCK06247,DIAB_BLOOD_SUGAR,2025-07-09,15.0,True,Research-generated IncentiveRewards mock,MyRewards Health Action Incentive,CARE_GAP_COMPLETION,USD
IR-MOCK06259-DIAB_BLOOD_SUGAR-20250716,MOCK06259,DIAB_BLOOD_SUGAR,2025-07-16,30.0,True,Research-generated IncentiveRewards mock,MyRewards Health Action Incentive,CARE_GAP_COMPLETION,USD
IR-MOCK06265-DIAB_BLOOD_SUGAR-20250717,MOCK06265,DIAB_BLOOD_SUGAR,2025-07-17,20.0,True,Research-generated IncentiveRewards mock,MyRewards Health Action Incentive,CARE_GAP_COMPLETION,USD
IR-MOCK06277-DIAB_BLOOD_SUGAR-20250702,MOCK06277,DIAB_BLOOD_SUGAR,2025-07-02,20.0,True,Research-generated IncentiveRewards mock,MyRewards Health Action Incentive,CARE_GAP_COMPLETION,USD
IR-MOCK06289-DIAB_BLOOD_SUGAR-20250802,MOCK06289,DIAB_BLOOD_SUGAR,2025-08-02,25.0,True,Research-generated IncentiveRewards mock,MyRewards Health Action Incentive,CARE_GAP_COMPLETION,USD
IR-MOCK06307-DIAB_BLOOD_SUGAR-20250711,MOCK06307,DIAB_BLOOD_SUGAR,2025-07-11,25.0,True,Research-generated IncentiveRewards mock,MyRewards Health Action Incentive,CARE_GAP_COMPLETION,USD
IR-MOCK06319-DIAB_BLOOD_SUGAR-20250707,MOCK06319,DIAB_BLOOD_SUGAR,2025-07-07,50.0,True,Research-generated IncentiveRewards mock,MyRewards Health Action Incentive,CARE_GAP_COMPLETION,USD
IR-MOCK06325-DIAB_BLOOD_SUGAR-20250705,MOCK06325,DIAB_BLOOD_SUGAR,2025-07-05,20.0,True,Research-generated IncentiveRewards mock,MyRewards Health Action Incentive,CARE_GAP_COMPLETION,USD
IR-MOCK06331-DIAB_BLOOD_SUGAR-20250806,MOCK06331,DIAB_BLOOD_SUGAR,2025-08-06,25.0,True,Research-generated IncentiveRewards mock,MyRewards Health Action Incentive,CARE_GAP_COMPLETION,USD
IR-MOCK06337-DIAB_BLOOD_SUGAR-20250803,MOCK06337,DIAB_BLOOD_SUGAR,2025-08-03,20.0,True,Research-generated IncentiveRewards mock,MyRewards Health Action Incentive,CARE_GAP_COMPLETION,USD
IR-MOCK06343-DIAB_BLOOD_SUGAR-20250731,MOCK06343,DIAB_BLOOD_SUGAR,2025-07-31,20.0,True,Research-generated IncentiveRewards mock,MyRewards Health Action Incentive,CARE_GAP_COMPLETION,USD
IR-MOCK06373-DIAB_BLOOD_SUGAR-20250731,MOCK06373,DIAB_BLOOD_SUGAR,2025-07-31,15.0,True,Research-generated IncentiveRewards mock,MyRewards Health Action Incentive,CARE_GAP_COMPLETION,USD
IR-MOCK06379-DIAB_BLOOD_SUGAR-20250720,MOCK06379,DIAB_BLOOD_SUGAR,2025-07-20,15.0,True,Research-generated IncentiveRewards mock,MyRewards Health Action Incentive,CARE_GAP_COMPLETION,USD
IR-MOCK06385-DIAB_BLOOD_SUGAR-20250801,MOCK06385,DIAB_BLOOD_SUGAR,2025-08-01,10.0,True,Research-generated IncentiveRewards mock,MyRewards Health Action Incentive,CARE_GAP_COMPLETION,USD
IR-MOCK06403-DIAB_BLOOD_SUGAR-20250801,MOCK06403,DIAB_BLOOD_SUGAR,2025-08-01,30.0,True,Research-generated IncentiveRewards mock,MyRewards Health Action Incentive,CARE_GAP_COMPLETION,USD
IR-MOCK06409-DIAB_BLOOD_SUGAR-20250714,MOCK06409,DIAB_BLOOD_SUGAR,2025-07-14,20.0,True,Research-generated IncentiveRewards mock,MyRewards Health Action Incentive,CARE_GAP_COMPLETION,USD
IR-MOCK06415-DIAB_BLOOD_SUGAR-20250729,MOCK06415,DIAB_BLOOD_SUGAR,2025-07-29,25.0,True,Research-generated IncentiveRewards mock,MyRewards Health Action Incentive,CARE_GAP_COMPLETION,USD
IR-MOCK06445-DIAB_BLOOD_SUGAR-20250718,MOCK06445,DIAB_BLOOD_SUGAR,2025-07-18,10.0,True,Research-generated IncentiveRewards mock,MyRewards Health Action Incentive,CARE_GAP_COMPLETION,USD
IR-MOCK06451-DIAB_BLOOD_SUGAR-20250714,MOCK06451,DIAB_BLOOD_SUGAR,2025-07-14,10.0,True,Research-generated IncentiveRewards mock,MyRewards Health Action Incentive,CARE_GAP_COMPLETION,USD
IR-MOCK06469-DIAB_BLOOD_SUGAR-20250703,MOCK06469,DIAB_BLOOD_SUGAR,2025-07-03,5.0,True,Research-generated IncentiveRewards mock,MyRewards Health Action Incentive,CARE_GAP_COMPLETION,USD
IR-MOCK06475-DIAB_BLOOD_SUGAR-20250806,MOCK06475,DIAB_BLOOD_SUGAR,2025-08-06,25.0,True,Research-generated IncentiveRewards mock,MyRewards Health Action Incentive,CARE_GAP_COMPLETION,USD
IR-MOCK06481-DIAB_BLOOD_SUGAR-20250725,MOCK06481,DIAB_BLOOD_SUGAR,2025-07-25,15.0,True,Research-generated IncentiveRewards mock,MyRewards Health Action Incentive,CARE_GAP_COMPLETION,USD
IR-MOCK06487-DIAB_BLOOD_SUGAR-20250721,MOCK06487,DIAB_BLOOD_SUGAR,2025-07-21,25.0,True,Research-generated IncentiveRewards mock,MyRewards Health Action Incentive,CARE_GAP_COMPLETION,USD
IR-MOCK06493-DIAB_BLOOD_SUGAR-20250630,MOCK06493,DIAB_BLOOD_SUGAR,2025-06-30,20.0,True,Research-generated IncentiveRewards mock,MyRewards Health Action Incentive,CARE_GAP_COMPLETION,USD
IR-MOCK06499-DIAB_BLOOD_SUGAR-20250723,MOCK06499,DIAB_BLOOD_SUGAR,2025-07-23,25.0,True,Research-generated IncentiveRewards mock,MyRewards Health Action Incentive,CARE_GAP_COMPLETION,USD
IR-MOCK06541-DIAB_BLOOD_SUGAR-20250702,MOCK06541,DIAB_BLOOD_SUGAR,2025-07-02,10.0,True,Research-generated IncentiveRewards mock,MyRewards Health Action Incentive,CARE_GAP_COMPLETION,USD
IR-MOCK06547-DIAB_BLOOD_SUGAR-20250806,MOCK06547,DIAB_BLOOD_SUGAR,2025-08-06,30.0,True,Research-generated IncentiveRewards mock,MyRewards Health Action Incentive,CARE_GAP_COMPLETION,USD
IR-MOCK06553-DIAB_BLOOD_SUGAR-20250727,MOCK06553,DIAB_BLOOD_SUGAR,2025-07-27,30.0,True,Research-generated IncentiveRewards mock,MyRewards Health Action Incentive,CARE_GAP_COMPLETION,USD
IR-MOCK06565-DIAB_BLOOD_SUGAR-20250729,MOCK06565,DIAB_BLOOD_SUGAR,2025-07-29,15.0,True,Research-generated IncentiveRewards mock,MyRewards Health Action Incentive,CARE_GAP_COMPLETION,USD
IR-MOCK06571-DIAB_BLOOD_SUGAR-20250726,MOCK06571,DIAB_BLOOD_SUGAR,2025-07-26,10.0,True,Research-generated IncentiveRewards mock,MyRewards Health Action Incentive,CARE_GAP_COMPLETION,USD
IR-MOCK06613-DIAB_BLOOD_SUGAR-20250712,MOCK06613,DIAB_BLOOD_SUGAR,2025-07-12,15.0,True,Research-generated IncentiveRewards mock,MyRewards Health Action Incentive,CARE_GAP_COMPLETION,USD
IR-MOCK06631-DIAB_BLOOD_SUGAR-20250706,MOCK06631,DIAB_BLOOD_SUGAR,2025-07-06,25.0,True,Research-generated IncentiveRewards mock,MyRewards Health Action Incentive,CARE_GAP_COMPLETION,USD
IR-MOCK06661-DIAB_BLOOD_SUGAR-20250802,MOCK06661,DIAB_BLOOD_SUGAR,2025-08-02,15.0,True,Research-generated IncentiveRewards mock,MyRewards Health Action Incentive,CARE_GAP_COMPLETION,USD
IR-MOCK06667-DIAB_BLOOD_SUGAR-20250711,MOCK06667,DIAB_BLOOD_SUGAR,2025-07-11,20.0,True,Research-generated IncentiveRewards mock,MyRewards Health Action Incentive,CARE_GAP_COMPLETION,USD
IR-MOCK06673-DIAB_BLOOD_SUGAR-20250721,MOCK06673,DIAB_BLOOD_SUGAR,2025-07-21,30.0,True,Research-generated IncentiveRewards mock,MyRewards Health Action Incentive,CARE_GAP_COMPLETION,USD
IR-MOCK06709-DIAB_BLOOD_SUGAR-20250710,MOCK06709,DIAB_BLOOD_SUGAR,2025-07-10,100.0,True,Research-generated IncentiveRewards mock,MyRewards Health Action Incentive,CARE_GAP_COMPLETION,USD
IR-MOCK06715-DIAB_BLOOD_SUGAR-20250805,MOCK06715,DIAB_BLOOD_SUGAR,2025-08-05,25.0,True,Research-generated IncentiveRewards mock,MyRewards Health Action Incentive,CARE_GAP_COMPLETION,USD
IR-MOCK06733-DIAB_BLOOD_SUGAR-20250724,MOCK06733,DIAB_BLOOD_SUGAR,2025-07-24,25.0,True,Research-generated IncentiveRewards mock,MyRewards Health Action Incentive,CARE_GAP_COMPLETION,USD
IR-MOCK06751-DIAB_BLOOD_SUGAR-20250706,MOCK06751,DIAB_BLOOD_SUGAR,2025-07-06,30.0,True,Research-generated IncentiveRewards mock,MyRewards Health Action Incentive,CARE_GAP_COMPLETION,USD
IR-MOCK06775-DIAB_BLOOD_SUGAR-20250709,MOCK06775,DIAB_BLOOD_SUGAR,2025-07-09,25.0,True,Research-generated IncentiveRewards mock,MyRewards Health Action Incentive,CARE_GAP_COMPLETION,USD
IR-MOCK06781-DIAB_BLOOD_SUGAR-20250724,MOCK06781,DIAB_BLOOD_SUGAR,2025-07-24,20.0,True,Research-generated IncentiveRewards mock,MyRewards Health Action Incentive,CARE_GAP_COMPLETION,USD
IR-MOCK06787-DIAB_BLOOD_SUGAR-20250725,MOCK06787,DIAB_BLOOD_SUGAR,2025-07-25,10.0,True,Research-generated IncentiveRewards mock,MyRewards Health Action Incentive,CARE_GAP_COMPLETION,USD
IR-MOCK06817-DIAB_BLOOD_SUGAR-20250722,MOCK06817,DIAB_BLOOD_SUGAR,2025-07-22,25.0,True,Research-generated IncentiveRewards mock,MyRewards Health Action Incentive,CARE_GAP_COMPLETION,USD
IR-MOCK06829-DIAB_BLOOD_SUGAR-20250702,MOCK06829,DIAB_BLOOD_SUGAR,2025-07-02,5.0,True,Research-generated IncentiveRewards mock,MyRewards Health Action Incentive,CARE_GAP_COMPLETION,USD
IR-MOCK06835-DIAB_BLOOD_SUGAR-20250705,MOCK06835,DIAB_BLOOD_SUGAR,2025-07-05,30.0,True,Research-generated IncentiveRewards mock,MyRewards Health Action Incentive,CARE_GAP_COMPLETION,USD
IR-MOCK06865-DIAB_BLOOD_SUGAR-20250713,MOCK06865,DIAB_BLOOD_SUGAR,2025-07-13,100.0,True,Research-generated IncentiveRewards mock,MyRewards Health Action Incentive,CARE_GAP_COMPLETION,USD
IR-MOCK06871-DIAB_BLOOD_SUGAR-20250802,MOCK06871,DIAB_BLOOD_SUGAR,2025-08-02,25.0,True,Research-generated IncentiveRewards mock,MyRewards Health Action Incentive,CARE_GAP_COMPLETION,USD
IR-MOCK06877-DIAB_BLOOD_SUGAR-20250802,MOCK06877,DIAB_BLOOD_SUGAR,2025-08-02,25.0,True,Research-generated IncentiveRewards mock,MyRewards Health Action Incentive,CARE_GAP_COMPLETION,USD
IR-MOCK06895-DIAB_BLOOD_SUGAR-20250704,MOCK06895,DIAB_BLOOD_SUGAR,2025-07-04,20.0,True,Research-generated IncentiveRewards mock,MyRewards Health Action Incentive,CARE_GAP_COMPLETION,USD
IR-MOCK06919-DIAB_BLOOD_SUGAR-20250726,MOCK06919,DIAB_BLOOD_SUGAR,2025-07-26,25.0,True,Research-generated IncentiveRewards mock,MyRewards Health Action Incentive,CARE_GAP_COMPLETION,USD
IR-MOCK06925-DIAB_BLOOD_SUGAR-20250709,MOCK06925,DIAB_BLOOD_SUGAR,2025-07-09,30.0,True,Research-generated IncentiveRewards mock,MyRewards Health Action Incentive,CARE_GAP_COMPLETION,USD
IR-MOCK06943-DIAB_BLOOD_SUGAR-20250729,MOCK06943,DIAB_BLOOD_SUGAR,2025-07-29,25.0,True,Research-generated IncentiveRewards mock,MyRewards Health Action Incentive,CARE_GAP_COMPLETION,USD
IR-MOCK06949-DIAB_BLOOD_SUGAR-20250718,MOCK06949,DIAB_BLOOD_SUGAR,2025-07-18,5.0,True,Research-generated IncentiveRewards mock,MyRewards Health Action Incentive,CARE_GAP_COMPLETION,USD
IR-MOCK06967-DIAB_BLOOD_SUGAR-20250714,MOCK06967,DIAB_BLOOD_SUGAR,2025-07-14,30.0,True,Research-generated IncentiveRewards mock,MyRewards Health Action Incentive,CARE_GAP_COMPLETION,USD
IR-MOCK06985-DIAB_BLOOD_SUGAR-20250806,MOCK06985,DIAB_BLOOD_SUGAR,2025-08-06,20.0,True,Research-generated IncentiveRewards mock,MyRewards Health Action Incentive,CARE_GAP_COMPLETION,USD
IR-MOCK06991-DIAB_BLOOD_SUGAR-20250727,MOCK06991,DIAB_BLOOD_SUGAR,2025-07-27,25.0,True,Research-generated IncentiveRewards mock,MyRewards Health Action Incentive,CARE_GAP_COMPLETION,USD
IR-MOCK07009-DIAB_BLOOD_SUGAR-20250717,MOCK07009,DIAB_BLOOD_SUGAR,2025-07-17,15.0,True,Research-generated IncentiveRewards mock,MyRewards Health Action Incentive,CARE_GAP_COMPLETION,USD
IR-MOCK07033-DIAB_BLOOD_SUGAR-20250702,MOCK07033,DIAB_BLOOD_SUGAR,2025-07-02,25.0,True,Research-generated IncentiveRewards mock,MyRewards Health Action Incentive,CARE_GAP_COMPLETION,USD
IR-MOCK07039-DIAB_BLOOD_SUGAR-20250711,MOCK07039,DIAB_BLOOD_SUGAR,2025-07-11,25.0,True,Research-generated IncentiveRewards mock,MyRewards Health Action Incentive,CARE_GAP_COMPLETION,USD
IR-MOCK07045-DIAB_BLOOD_SUGAR-20250722,MOCK07045,DIAB_BLOOD_SUGAR,2025-07-22,25.0,True,Research-generated IncentiveRewards mock,MyRewards Health Action Incentive,CARE_GAP_COMPLETION,USD
IR-MOCK07069-DIAB_BLOOD_SUGAR-20250716,MOCK07069,DIAB_BLOOD_SUGAR,2025-07-16,30.0,True,Research-generated IncentiveRewards mock,MyRewards Health Action Incentive,CARE_GAP_COMPLETION,USD
IR-MOCK07093-DIAB_BLOOD_SUGAR-20250710,MOCK07093,DIAB_BLOOD_SUGAR,2025-07-10,20.0,True,Research-generated IncentiveRewards mock,MyRewards Health Action Incentive,CARE_GAP_COMPLETION,USD
IR-MOCK07105-DIAB_BLOOD_SUGAR-20250722,MOCK07105,DIAB_BLOOD_SUGAR,2025-07-22,5.0,True,Research-generated IncentiveRewards mock,MyRewards Health Action Incentive,CARE_GAP_COMPLETION,USD
IR-MOCK07111-DIAB_BLOOD_SUGAR-20250630,MOCK07111,DIAB_BLOOD_SUGAR,2025-06-30,50.0,True,Research-generated IncentiveRewards mock,MyRewards Health Action Incentive,CARE_GAP_COMPLETION,USD
IR-MOCK07123-DIAB_BLOOD_SUGAR-20250722,MOCK07123,DIAB_BLOOD_SUGAR,2025-07-22,20.0,True,Research-generated IncentiveRewards mock,MyRewards Health Action Incentive,CARE_GAP_COMPLETION,USD
IR-MOCK07129-DIAB_BLOOD_SUGAR-20250709,MOCK07129,DIAB_BLOOD_SUGAR,2025-07-09,15.0,True,Research-generated IncentiveRewards mock,MyRewards Health Action Incentive,CARE_GAP_COMPLETION,USD
IR-MOCK07141-DIAB_BLOOD_SUGAR-20250726,MOCK07141,DIAB_BLOOD_SUGAR,2025-07-26,25.0,True,Research-generated IncentiveRewards mock,MyRewards Health Action Incentive,CARE_GAP_COMPLETION,USD
IR-MOCK07165-DIAB_BLOOD_SUGAR-20250707,MOCK07165,DIAB_BLOOD_SUGAR,2025-07-07,1.0,True,Research-generated IncentiveRewards mock,MyRewards Health Action Incentive,CARE_GAP_COMPLETION,USD
IR-MOCK07183-DIAB_BLOOD_SUGAR-20250718,MOCK07183,DIAB_BLOOD_SUGAR,2025-07-18,25.0,True,Research-generated IncentiveRewards mock,MyRewards Health Action Incentive,CARE_GAP_COMPLETION,USD
IR-MOCK07201-DIAB_BLOOD_SUGAR-20250716,MOCK07201,DIAB_BLOOD_SUGAR,2025-07-16,30.0,True,Research-generated IncentiveRewards mock,MyRewards Health Action Incentive,CARE_GAP_COMPLETION,USD
IR-MOCK07207-DIAB_BLOOD_SUGAR-20250702,MOCK07207,DIAB_BLOOD_SUGAR,2025-07-02,15.0,True,Research-generated IncentiveRewards mock,MyRewards Health Action Incentive,CARE_GAP_COMPLETION,USD
IR-MOCK07231-DIAB_BLOOD_SUGAR-20250804,MOCK07231,DIAB_BLOOD_SUGAR,2025-08-04,15.0,True,Research-generated IncentiveRewards mock,MyRewards Health Action Incentive,CARE_GAP_COMPLETION,USD
IR-MOCK07237-DIAB_BLOOD_SUGAR-20250720,MOCK07237,DIAB_BLOOD_SUGAR,2025-07-20,25.0,True,Research-generated IncentiveRewards mock,MyRewards Health Action Incentive,CARE_GAP_COMPLETION,USD
IR-MOCK07255-DIAB_BLOOD_SUGAR-20250721,MOCK07255,DIAB_BLOOD_SUGAR,2025-07-21,30.0,True,Research-generated IncentiveRewards mock,MyRewards Health Action Incentive,CARE_GAP_COMPLETION,USD
IR-MOCK07267-DIAB_BLOOD_SUGAR-20250702,MOCK07267,DIAB_BLOOD_SUGAR,2025-07-02,20.0,True,Research-generated IncentiveRewards mock,MyRewards Health Action Incentive,CARE_GAP_COMPLETION,USD
IR-MOCK07273-DIAB_BLOOD_SUGAR-20250718,MOCK07273,DIAB_BLOOD_SUGAR,2025-07-18,30.0,True,Research-generated IncentiveRewards mock,MyRewards Health Action Incentive,CARE_GAP_COMPLETION,USD
IR-MOCK07285-DIAB_BLOOD_SUGAR-20250721,MOCK07285,DIAB_BLOOD_SUGAR,2025-07-21,30.0,True,Research-generated IncentiveRewards mock,MyRewards Health Action Incentive,CARE_GAP_COMPLETION,USD
IR-MOCK07297-DIAB_BLOOD_SUGAR-20250711,MOCK07297,DIAB_BLOOD_SUGAR,2025-07-11,5.0,True,Research-generated IncentiveRewards mock,MyRewards Health Action Incentive,CARE_GAP_COMPLETION,USD
IR-MOCK07309-DIAB_BLOOD_SUGAR-20250723,MOCK07309,DIAB_BLOOD_SUGAR,2025-07-23,30.0,True,Research-generated IncentiveRewards mock,MyRewards Health Action Incentive,CARE_GAP_COMPLETION,USD
IR-MOCK07327-DIAB_BLOOD_SUGAR-20250727,MOCK07327,DIAB_BLOOD_SUGAR,2025-07-27,15.0,True,Research-generated IncentiveRewards mock,MyRewards Health Action Incentive,CARE_GAP_COMPLETION,USD
IR-MOCK07333-DIAB_BLOOD_SUGAR-20250730,MOCK07333,DIAB_BLOOD_SUGAR,2025-07-30,30.0,True,Research-generated IncentiveRewards mock,MyRewards Health Action Incentive,CARE_GAP_COMPLETION,USD
IR-MOCK07345-DIAB_BLOOD_SUGAR-20250805,MOCK07345,DIAB_BLOOD_SUGAR,2025-08-05,15.0,True,Research-generated IncentiveRewards mock,MyRewards Health Action Incentive,CARE_GAP_COMPLETION,USD
IR-MOCK07369-DIAB_BLOOD_SUGAR-20250802,MOCK07369,DIAB_BLOOD_SUGAR,2025-08-02,25.0,True,Research-generated IncentiveRewards mock,MyRewards Health Action Incentive,CARE_GAP_COMPLETION,USD
IR-MOCK07375-DIAB_BLOOD_SUGAR-20250708,MOCK07375,DIAB_BLOOD_SUGAR,2025-07-08,20.0,True,Research-generated IncentiveRewards mock,MyRewards Health Action Incentive,CARE_GAP_COMPLETION,USD
IR-MOCK07381-DIAB_BLOOD_SUGAR-20250705,MOCK07381,DIAB_BLOOD_SUGAR,2025-07-05,25.0,True,Research-generated IncentiveRewards mock,MyRewards Health Action Incentive,CARE_GAP_COMPLETION,USD
IR-MOCK07387-DIAB_BLOOD_SUGAR-20250717,MOCK07387,DIAB_BLOOD_SUGAR,2025-07-17,25.0,True,Research-generated IncentiveRewards mock,MyRewards Health Action Incentive,CARE_GAP_COMPLETION,USD
IR-MOCK07393-DIAB_BLOOD_SUGAR-20250703,MOCK07393,DIAB_BLOOD_SUGAR,2025-07-03,30.0,True,Research-generated IncentiveRewards mock,MyRewards Health Action Incentive,CARE_GAP_COMPLETION,USD
IR-MOCK07405-DIAB_BLOOD_SUGAR-20250806,MOCK07405,DIAB_BLOOD_SUGAR,2025-08-06,10.0,True,Research-generated IncentiveRewards mock,MyRewards Health Action Incentive,CARE_GAP_COMPLETION,USD
IR-MOCK07411-DIAB_BLOOD_SUGAR-20250723,MOCK07411,DIAB_BLOOD_SUGAR,2025-07-23,20.0,True,Research-generated IncentiveRewards mock,MyRewards Health Action Incentive,CARE_GAP_COMPLETION,USD
IR-MOCK07417-DIAB_BLOOD_SUGAR-20250807,MOCK07417,DIAB_BLOOD_SUGAR,2025-08-07,25.0,True,Research-generated IncentiveRewards mock,MyRewards Health Action Incentive,CARE_GAP_COMPLETION,USD
IR-MOCK07423-DIAB_BLOOD_SUGAR-20250702,MOCK07423,DIAB_BLOOD_SUGAR,2025-07-02,25.0,True,Research-generated IncentiveRewards mock,MyRewards Health Action Incentive,CARE_GAP_COMPLETION,USD
IR-MOCK07435-DIAB_BLOOD_SUGAR-20250717,MOCK07435,DIAB_BLOOD_SUGAR,2025-07-17,25.0,True,Research-generated IncentiveRewards mock,MyRewards Health Action Incentive,CARE_GAP_COMPLETION,USD
IR-MOCK07453-DIAB_BLOOD_SUGAR-20250721,MOCK07453,DIAB_BLOOD_SUGAR,2025-07-21,25.0,True,Research-generated IncentiveRewards mock,MyRewards Health Action Incentive,CARE_GAP_COMPLETION,USD
IR-MOCK07465-DIAB_BLOOD_SUGAR-20250706,MOCK07465,DIAB_BLOOD_SUGAR,2025-07-06,25.0,True,Research-generated IncentiveRewards mock,MyRewards Health Action Incentive,CARE_GAP_COMPLETION,USD
IR-MOCK07471-DIAB_BLOOD_SUGAR-20250723,MOCK07471,DIAB_BLOOD_SUGAR,2025-07-23,25.0,True,Research-generated IncentiveRewards mock,MyRewards Health Action Incentive,CARE_GAP_COMPLETION,USD
IR-MOCK07489-DIAB_BLOOD_SUGAR-20250803,MOCK07489,DIAB_BLOOD_SUGAR,2025-08-03,15.0,True,Research-generated IncentiveRewards mock,MyRewards Health Action Incentive,CARE_GAP_COMPLETION,USD
IR-MOCK07501-DIAB_BLOOD_SUGAR-20250713,MOCK07501,DIAB_BLOOD_SUGAR,2025-07-13,25.0,True,Research-generated IncentiveRewards mock,MyRewards Health Action Incentive,CARE_GAP_COMPLETION,USD
IR-MOCK07519-DIAB_BLOOD_SUGAR-20250729,MOCK07519,DIAB_BLOOD_SUGAR,2025-07-29,20.0,True,Research-generated IncentiveRewards mock,MyRewards Health Action Incentive,CARE_GAP_COMPLETION,USD
IR-MOCK07537-DIAB_BLOOD_SUGAR-20250725,MOCK07537,DIAB_BLOOD_SUGAR,2025-07-25,30.0,True,Research-generated IncentiveRewards mock,MyRewards Health Action Incentive,CARE_GAP_COMPLETION,USD
IR-MOCK07555-DIAB_BLOOD_SUGAR-20250716,MOCK07555,DIAB_BLOOD_SUGAR,2025-07-16,25.0,True,Research-generated IncentiveRewards mock,MyRewards Health Action Incentive,CARE_GAP_COMPLETION,USD
IR-MOCK07579-DIAB_BLOOD_SUGAR-20250716,MOCK07579,DIAB_BLOOD_SUGAR,2025-07-16,20.0,True,Research-generated IncentiveRewards mock,MyRewards Health Action Incentive,CARE_GAP_COMPLETION,USD
IR-MOCK07603-DIAB_BLOOD_SUGAR-20250704,MOCK07603,DIAB_BLOOD_SUGAR,2025-07-04,25.0,True,Research-generated IncentiveRewards mock,MyRewards Health Action Incentive,CARE_GAP_COMPLETION,USD
IR-MOCK07621-DIAB_BLOOD_SUGAR-20250720,MOCK07621,DIAB_BLOOD_SUGAR,2025-07-20,20.0,True,Research-generated IncentiveRewards mock,MyRewards Health Action Incentive,CARE_GAP_COMPLETION,USD
IR-MOCK07627-DIAB_BLOOD_SUGAR-20250710,MOCK07627,DIAB_BLOOD_SUGAR,2025-07-10,25.0,True,Research-generated IncentiveRewards mock,MyRewards Health Action Incentive,CARE_GAP_COMPLETION,USD
IR-MOCK07651-DIAB_BLOOD_SUGAR-20250701,MOCK07651,DIAB_BLOOD_SUGAR,2025-07-01,15.0,True,Research-generated IncentiveRewards mock,MyRewards Health Action Incentive,CARE_GAP_COMPLETION,USD
IR-MOCK07663-DIAB_BLOOD_SUGAR-20250721,MOCK07663,DIAB_BLOOD_SUGAR,2025-07-21,30.0,True,Research-generated IncentiveRewards mock,MyRewards Health Action Incentive,CARE_GAP_COMPLETION,USD
IR-MOCK07675-DIAB_BLOOD_SUGAR-20250715,MOCK07675,DIAB_BLOOD_SUGAR,2025-07-15,25.0,True,Research-generated IncentiveRewards mock,MyRewards Health Action Incentive,CARE_GAP_COMPLETION,USD
IR-MOCK07681-DIAB_BLOOD_SUGAR-20250704,MOCK07681,DIAB_BLOOD_SUGAR,2025-07-04,25.0,True,Research-generated IncentiveRewards mock,MyRewards Health Action Incentive,CARE_GAP_COMPLETION,USD
IR-MOCK07699-DIAB_BLOOD_SUGAR-20250730,MOCK07699,DIAB_BLOOD_SUGAR,2025-07-30,10.0,True,Research-generated IncentiveRewards mock,MyRewards Health Action Incentive,CARE_GAP_COMPLETION,USD
IR-MOCK07705-DIAB_BLOOD_SUGAR-20250702,MOCK07705,DIAB_BLOOD_SUGAR,2025-07-02,15.0,True,Research-generated IncentiveRewards mock,MyRewards Health Action Incentive,CARE_GAP_COMPLETION,USD
IR-MOCK07723-DIAB_BLOOD_SUGAR-20250724,MOCK07723,DIAB_BLOOD_SUGAR,2025-07-24,25.0,True,Research-generated IncentiveRewards mock,MyRewards Health Action Incentive,CARE_GAP_COMPLETION,USD
IR-MOCK07735-DIAB_BLOOD_SUGAR-20250708,MOCK07735,DIAB_BLOOD_SUGAR,2025-07-08,25.0,True,Research-generated IncentiveRewards mock,MyRewards Health Action Incentive,CARE_GAP_COMPLETION,USD
IR-MOCK07747-DIAB_BLOOD_SUGAR-20250722,MOCK07747,DIAB_BLOOD_SUGAR,2025-07-22,10.0,True,Research-generated IncentiveRewards mock,MyRewards Health Action Incentive,CARE_GAP_COMPLETION,USD
IR-MOCK07753-DIAB_BLOOD_SUGAR-20250801,MOCK07753,DIAB_BLOOD_SUGAR,2025-08-01,25.0,True,Research-generated IncentiveRewards mock,MyRewards Health Action Incentive,CARE_GAP_COMPLETION,USD
IR-MOCK07765-DIAB_BLOOD_SUGAR-20250807,MOCK07765,DIAB_BLOOD_SUGAR,2025-08-07,15.0,True,Research-generated IncentiveRewards mock,MyRewards Health Action Incentive,CARE_GAP_COMPLETION,USD
IR-MOCK07777-DIAB_BLOOD_SUGAR-20250710,MOCK07777,DIAB_BLOOD_SUGAR,2025-07-10,30.0,True,Research-generated IncentiveRewards mock,MyRewards Health Action Incentive,CARE_GAP_COMPLETION,USD
IR-MOCK07783-DIAB_BLOOD_SUGAR-20250707,MOCK07783,DIAB_BLOOD_SUGAR,2025-07-07,15.0,True,Research-generated IncentiveRewards mock,MyRewards Health Action Incentive,CARE_GAP_COMPLETION,USD
IR-MOCK07801-DIAB_BLOOD_SUGAR-20250705,MOCK07801,DIAB_BLOOD_SUGAR,2025-07-05,25.0,True,Research-generated IncentiveRewards mock,MyRewards Health Action Incentive,CARE_GAP_COMPLETION,USD
IR-MOCK07813-DIAB_BLOOD_SUGAR-20250728,MOCK07813,DIAB_BLOOD_SUGAR,2025-07-28,25.0,True,Research-generated IncentiveRewards mock,MyRewards Health Action Incentive,CARE_GAP_COMPLETION,USD
IR-MOCK07825-DIAB_BLOOD_SUGAR-20250707,MOCK07825,DIAB_BLOOD_SUGAR,2025-07-07,25.0,True,Research-generated IncentiveRewards mock,MyRewards Health Action Incentive,CARE_GAP_COMPLETION,USD
IR-MOCK07837-DIAB_BLOOD_SUGAR-20250714,MOCK07837,DIAB_BLOOD_SUGAR,2025-07-14,25.0,True,Research-generated IncentiveRewards mock,MyRewards Health Action Incentive,CARE_GAP_COMPLETION,USD
IR-MOCK07861-DIAB_BLOOD_SUGAR-20250727,MOCK07861,DIAB_BLOOD_SUGAR,2025-07-27,10.0,True,Research-generated IncentiveRewards mock,MyRewards Health Action Incentive,CARE_GAP_COMPLETION,USD
IR-MOCK07867-DIAB_BLOOD_SUGAR-20250804,MOCK07867,DIAB_BLOOD_SUGAR,2025-08-04,25.0,True,Research-generated IncentiveRewards mock,MyRewards Health Action Incentive,CARE_GAP_COMPLETION,USD
IR-MOCK07873-DIAB_BLOOD_SUGAR-20250730,MOCK07873,DIAB_BLOOD_SUGAR,2025-07-30,30.0,True,Research-generated IncentiveRewards mock,MyRewards Health Action Incentive,CARE_GAP_COMPLETION,USD
IR-MOCK07885-DIAB_BLOOD_SUGAR-20250706,MOCK07885,DIAB_BLOOD_SUGAR,2025-07-06,10.0,True,Research-generated IncentiveRewards mock,MyRewards Health Action Incentive,CARE_GAP_COMPLETION,USD
IR-MOCK07897-DIAB_BLOOD_SUGAR-20250730,MOCK07897,DIAB_BLOOD_SUGAR,2025-07-30,10.0,True,Research-generated IncentiveRewards mock,MyRewards Health Action Incentive,CARE_GAP_COMPLETION,USD
IR-MOCK07951-DIAB_BLOOD_SUGAR-20250705,MOCK07951,DIAB_BLOOD_SUGAR,2025-07-05,25.0,True,Research-generated IncentiveRewards mock,MyRewards Health Action Incentive,CARE_GAP_COMPLETION,USD
IR-MOCK07957-DIAB_BLOOD_SUGAR-20250701,MOCK07957,DIAB_BLOOD_SUGAR,2025-07-01,25.0,True,Research-generated IncentiveRewards mock,MyRewards Health Action Incentive,CARE_GAP_COMPLETION,USD
IR-MOCK07975-DIAB_BLOOD_SUGAR-20250727,MOCK07975,DIAB_BLOOD_SUGAR,2025-07-27,10.0,True,Research-generated IncentiveRewards mock,MyRewards Health Action Incentive,CARE_GAP_COMPLETION,USD
IR-MOCK07981-DIAB_BLOOD_SUGAR-20250805,MOCK07981,DIAB_BLOOD_SUGAR,2025-08-05,30.0,True,Research-generated IncentiveRewards mock,MyRewards Health Action Incentive,CARE_GAP_COMPLETION,USD
IR-MOCK07993-DIAB_BLOOD_SUGAR-20250723,MOCK07993,DIAB_BLOOD_SUGAR,2025-07-23,20.0,True,Research-generated IncentiveRewards mock,MyRewards Health Action Incentive,CARE_GAP_COMPLETION,USD
IR-MOCK08011-DIAB_BLOOD_SUGAR-20250725,MOCK08011,DIAB_BLOOD_SUGAR,2025-07-25,20.0,True,Research-generated IncentiveRewards mock,MyRewards Health Action Incentive,CARE_GAP_COMPLETION,USD
IR-MOCK08017-DIAB_BLOOD_SUGAR-20250727,MOCK08017,DIAB_BLOOD_SUGAR,2025-07-27,25.0,True,Research-generated IncentiveRewards mock,MyRewards Health Action Incentive,CARE_GAP_COMPLETION,USD
IR-MOCK08023-DIAB_BLOOD_SUGAR-20250801,MOCK08023,DIAB_BLOOD_SUGAR,2025-08-01,25.0,True,Research-generated IncentiveRewards mock,MyRewards Health Action Incentive,CARE_GAP_COMPLETION,USD
IR-MOCK08029-DIAB_BLOOD_SUGAR-20250806,MOCK08029,DIAB_BLOOD_SUGAR,2025-08-06,50.0,True,Research-generated IncentiveRewards mock,MyRewards Health Action Incentive,CARE_GAP_COMPLETION,USD
IR-MOCK08053-DIAB_BLOOD_SUGAR-20250726,MOCK08053,DIAB_BLOOD_SUGAR,2025-07-26,5.0,True,Research-generated IncentiveRewards mock,MyRewards Health Action Incentive,CARE_GAP_COMPLETION,USD
IR-MOCK08065-DIAB_BLOOD_SUGAR-20250724,MOCK08065,DIAB_BLOOD_SUGAR,2025-07-24,5.0,True,Research-generated IncentiveRewards mock,MyRewards Health Action Incentive,CARE_GAP_COMPLETION,USD
IR-MOCK08077-DIAB_BLOOD_SUGAR-20250708,MOCK08077,DIAB_BLOOD_SUGAR,2025-07-08,15.0,True,Research-generated IncentiveRewards mock,MyRewards Health Action Incentive,CARE_GAP_COMPLETION,USD
IR-MOCK08095-DIAB_BLOOD_SUGAR-20250804,MOCK08095,DIAB_BLOOD_SUGAR,2025-08-04,30.0,True,Research-generated IncentiveRewards mock,MyRewards Health Action Incentive,CARE_GAP_COMPLETION,USD
IR-MOCK08107-DIAB_BLOOD_SUGAR-20250706,MOCK08107,DIAB_BLOOD_SUGAR,2025-07-06,25.0,True,Research-generated IncentiveRewards mock,MyRewards Health Action Incentive,CARE_GAP_COMPLETION,USD
IR-MOCK08113-DIAB_BLOOD_SUGAR-20250807,MOCK08113,DIAB_BLOOD_SUGAR,2025-08-07,25.0,True,Research-generated IncentiveRewards mock,MyRewards Health Action Incentive,CARE_GAP_COMPLETION,USD
IR-MOCK08131-DIAB_BLOOD_SUGAR-20250729,MOCK08131,DIAB_BLOOD_SUGAR,2025-07-29,25.0,True,Research-generated IncentiveRewards mock,MyRewards Health Action Incentive,CARE_GAP_COMPLETION,USD
IR-MOCK08137-DIAB_BLOOD_SUGAR-20250715,MOCK08137,DIAB_BLOOD_SUGAR,2025-07-15,25.0,True,Research-generated IncentiveRewards mock,MyRewards Health Action Incentive,CARE_GAP_COMPLETION,USD
IR-MOCK08143-DIAB_BLOOD_SUGAR-20250714,MOCK08143,DIAB_BLOOD_SUGAR,2025-07-14,25.0,True,Research-generated IncentiveRewards mock,MyRewards Health Action Incentive,CARE_GAP_COMPLETION,USD
IR-MOCK08161-DIAB_BLOOD_SUGAR-20250720,MOCK08161,DIAB_BLOOD_SUGAR,2025-07-20,25.0,True,Research-generated IncentiveRewards mock,MyRewards Health Action Incentive,CARE_GAP_COMPLETION,USD
IR-MOCK08167-DIAB_BLOOD_SUGAR-20250714,MOCK08167,DIAB_BLOOD_SUGAR,2025-07-14,20.0,True,Research-generated IncentiveRewards mock,MyRewards Health Action Incentive,CARE_GAP_COMPLETION,USD
IR-MOCK08185-DIAB_BLOOD_SUGAR-20250729,MOCK08185,DIAB_BLOOD_SUGAR,2025-07-29,30.0,True,Research-generated IncentiveRewards mock,MyRewards Health Action Incentive,CARE_GAP_COMPLETION,USD
IR-MOCK08197-DIAB_BLOOD_SUGAR-20250802,MOCK08197,DIAB_BLOOD_SUGAR,2025-08-02,15.0,True,Research-generated IncentiveRewards mock,MyRewards Health Action Incentive,CARE_GAP_COMPLETION,USD
IR-MOCK08203-DIAB_BLOOD_SUGAR-20250716,MOCK08203,DIAB_BLOOD_SUGAR,2025-07-16,20.0,True,Research-generated IncentiveRewards mock,MyRewards Health Action Incentive,CARE_GAP_COMPLETION,USD
IR-MOCK08221-DIAB_BLOOD_SUGAR-20250729,MOCK08221,DIAB_BLOOD_SUGAR,2025-07-29,15.0,True,Research-generated IncentiveRewards mock,MyRewards Health Action Incentive,CARE_GAP_COMPLETION,USD
IR-MOCK08263-DIAB_BLOOD_SUGAR-20250803,MOCK08263,DIAB_BLOOD_SUGAR,2025-08-03,30.0,True,Research-generated IncentiveRewards mock,MyRewards Health Action Incentive,CARE_GAP_COMPLETION,USD
IR-MOCK08275-DIAB_BLOOD_SUGAR-20250721,MOCK08275,DIAB_BLOOD_SUGAR,2025-07-21,25.0,True,Research-generated IncentiveRewards mock,MyRewards Health Action Incentive,CARE_GAP_COMPLETION,USD
IR-MOCK08287-DIAB_BLOOD_SUGAR-20250704,MOCK08287,DIAB_BLOOD_SUGAR,2025-07-04,20.0,True,Research-generated IncentiveRewards mock,MyRewards Health Action Incentive,CARE_GAP_COMPLETION,USD
IR-MOCK08293-DIAB_BLOOD_SUGAR-20250709,MOCK08293,DIAB_BLOOD_SUGAR,2025-07-09,10.0,True,Research-generated IncentiveRewards mock,MyRewards Health Action Incentive,CARE_GAP_COMPLETION,USD
IR-MOCK08305-DIAB_BLOOD_SUGAR-20250721,MOCK08305,DIAB_BLOOD_SUGAR,2025-07-21,25.0,True,Research-generated IncentiveRewards mock,MyRewards Health Action Incentive,CARE_GAP_COMPLETION,USD
IR-MOCK08311-DIAB_BLOOD_SUGAR-20250802,MOCK08311,DIAB_BLOOD_SUGAR,2025-08-02,15.0,True,Research-generated IncentiveRewards mock,MyRewards Health Action Incentive,CARE_GAP_COMPLETION,USD
IR-MOCK08317-DIAB_BLOOD_SUGAR-20250706,MOCK08317,DIAB_BLOOD_SUGAR,2025-07-06,30.0,True,Research-generated IncentiveRewards mock,MyRewards Health Action Incentive,CARE_GAP_COMPLETION,USD
IR-MOCK08329-DIAB_BLOOD_SUGAR-20250630,MOCK08329,DIAB_BLOOD_SUGAR,2025-06-30,100.0,True,Research-generated IncentiveRewards mock,MyRewards Health Action Incentive,CARE_GAP_COMPLETION,USD
IR-MOCK08335-DIAB_BLOOD_SUGAR-20250711,MOCK08335,DIAB_BLOOD_SUGAR,2025-07-11,15.0,True,Research-generated IncentiveRewards mock,MyRewards Health Action Incentive,CARE_GAP_COMPLETION,USD
IR-MOCK08359-DIAB_BLOOD_SUGAR-20250804,MOCK08359,DIAB_BLOOD_SUGAR,2025-08-04,10.0,True,Research-generated IncentiveRewards mock,MyRewards Health Action Incentive,CARE_GAP_COMPLETION,USD
IR-MOCK08389-DIAB_BLOOD_SUGAR-20250713,MOCK08389,DIAB_BLOOD_SUGAR,2025-07-13,30.0,True,Research-generated IncentiveRewards mock,MyRewards Health Action Incentive,CARE_GAP_COMPLETION,USD
IR-MOCK08407-DIAB_BLOOD_SUGAR-20250703,MOCK08407,DIAB_BLOOD_SUGAR,2025-07-03,5.0,True,Research-generated IncentiveRewards mock,MyRewards Health Action Incentive,CARE_GAP_COMPLETION,USD
IR-MOCK08413-DIAB_BLOOD_SUGAR-20250801,MOCK08413,DIAB_BLOOD_SUGAR,2025-08-01,10.0,True,Research-generated IncentiveRewards mock,MyRewards Health Action Incentive,CARE_GAP_COMPLETION,USD
IR-MOCK08419-DIAB_BLOOD_SUGAR-20250702,MOCK08419,DIAB_BLOOD_SUGAR,2025-07-02,5.0,True,Research-generated IncentiveRewards mock,MyRewards Health Action Incentive,CARE_GAP_COMPLETION,USD
IR-MOCK08431-DIAB_BLOOD_SUGAR-20250729,MOCK08431,DIAB_BLOOD_SUGAR,2025-07-29,30.0,True,Research-generated IncentiveRewards mock,MyRewards Health Action Incentive,CARE_GAP_COMPLETION,USD
IR-MOCK08449-DIAB_BLOOD_SUGAR-20250703,MOCK08449,DIAB_BLOOD_SUGAR,2025-07-03,30.0,True,Research-generated IncentiveRewards mock,MyRewards Health Action Incentive,CARE_GAP_COMPLETION,USD
IR-MOCK08455-DIAB_BLOOD_SUGAR-20250716,MOCK08455,DIAB_BLOOD_SUGAR,2025-07-16,30.0,True,Research-generated IncentiveRewards mock,MyRewards Health Action Incentive,CARE_GAP_COMPLETION,USD
IR-MOCK08461-DIAB_BLOOD_SUGAR-20250731,MOCK08461,DIAB_BLOOD_SUGAR,2025-07-31,15.0,True,Research-generated IncentiveRewards mock,MyRewards Health Action Incentive,CARE_GAP_COMPLETION,USD
IR-MOCK08467-DIAB_BLOOD_SUGAR-20250804,MOCK08467,DIAB_BLOOD_SUGAR,2025-08-04,20.0,True,Research-generated IncentiveRewards mock,MyRewards Health Action Incentive,CARE_GAP_COMPLETION,USD
IR-MOCK08497-DIAB_BLOOD_SUGAR-20250724,MOCK08497,DIAB_BLOOD_SUGAR,2025-07-24,5.0,True,Research-generated IncentiveRewards mock,MyRewards Health Action Incentive,CARE_GAP_COMPLETION,USD
IR-MOCK08521-DIAB_BLOOD_SUGAR-20250803,MOCK08521,DIAB_BLOOD_SUGAR,2025-08-03,15.0,True,Research-generated IncentiveRewards mock,MyRewards Health Action Incentive,CARE_GAP_COMPLETION,USD
IR-MOCK08527-DIAB_BLOOD_SUGAR-20250721,MOCK08527,DIAB_BLOOD_SUGAR,2025-07-21,15.0,True,Research-generated IncentiveRewards mock,MyRewards Health Action Incentive,CARE_GAP_COMPLETION,USD
IR-MOCK08545-DIAB_BLOOD_SUGAR-20250806,MOCK08545,DIAB_BLOOD_SUGAR,2025-08-06,15.0,True,Research-generated IncentiveRewards mock,MyRewards Health Action Incentive,CARE_GAP_COMPLETION,USD
IR-MOCK08551-DIAB_BLOOD_SUGAR-20250726,MOCK08551,DIAB_BLOOD_SUGAR,2025-07-26,25.0,True,Research-generated IncentiveRewards mock,MyRewards Health Action Incentive,CARE_GAP_COMPLETION,USD
IR-MOCK08575-DIAB_BLOOD_SUGAR-20250707,MOCK08575,DIAB_BLOOD_SUGAR,2025-07-07,10.0,True,Research-generated IncentiveRewards mock,MyRewards Health Action Incentive,CARE_GAP_COMPLETION,USD
IR-MOCK08581-DIAB_BLOOD_SUGAR-20250720,MOCK08581,DIAB_BLOOD_SUGAR,2025-07-20,20.0,True,Research-generated IncentiveRewards mock,MyRewards Health Action Incentive,CARE_GAP_COMPLETION,USD
IR-MOCK08599-DIAB_BLOOD_SUGAR-20250807,MOCK08599,DIAB_BLOOD_SUGAR,2025-08-07,10.0,True,Research-generated IncentiveRewards mock,MyRewards Health Action Incentive,CARE_GAP_COMPLETION,USD
IR-MOCK08611-DIAB_BLOOD_SUGAR-20250703,MOCK08611,DIAB_BLOOD_SUGAR,2025-07-03,20.0,True,Research-generated IncentiveRewards mock,MyRewards Health Action Incentive,CARE_GAP_COMPLETION,USD
IR-MOCK08623-DIAB_BLOOD_SUGAR-20250703,MOCK08623,DIAB_BLOOD_SUGAR,2025-07-03,20.0,True,Research-generated IncentiveRewards mock,MyRewards Health Action Incentive,CARE_GAP_COMPLETION,USD
IR-MOCK08641-DIAB_BLOOD_SUGAR-20250712,MOCK08641,DIAB_BLOOD_SUGAR,2025-07-12,15.0,True,Research-generated IncentiveRewards mock,MyRewards Health Action Incentive,CARE_GAP_COMPLETION,USD
IR-MOCK08647-DIAB_BLOOD_SUGAR-20250702,MOCK08647,DIAB_BLOOD_SUGAR,2025-07-02,20.0,True,Research-generated IncentiveRewards mock,MyRewards Health Action Incentive,CARE_GAP_COMPLETION,USD
IR-MOCK08653-DIAB_BLOOD_SUGAR-20250712,MOCK08653,DIAB_BLOOD_SUGAR,2025-07-12,10.0,True,Research-generated IncentiveRewards mock,MyRewards Health Action Incentive,CARE_GAP_COMPLETION,USD
IR-MOCK08659-DIAB_BLOOD_SUGAR-20250702,MOCK08659,DIAB_BLOOD_SUGAR,2025-07-02,30.0,True,Research-generated IncentiveRewards mock,MyRewards Health Action Incentive,CARE_GAP_COMPLETION,USD
IR-MOCK08677-DIAB_BLOOD_SUGAR-20250807,MOCK08677,DIAB_BLOOD_SUGAR,2025-08-07,15.0,True,Research-generated IncentiveRewards mock,MyRewards Health Action Incentive,CARE_GAP_COMPLETION,USD
IR-MOCK08689-DIAB_BLOOD_SUGAR-20250730,MOCK08689,DIAB_BLOOD_SUGAR,2025-07-30,25.0,True,Research-generated IncentiveRewards mock,MyRewards Health Action Incentive,CARE_GAP_COMPLETION,USD
IR-MOCK08707-DIAB_BLOOD_SUGAR-20250725,MOCK08707,DIAB_BLOOD_SUGAR,2025-07-25,10.0,True,Research-generated IncentiveRewards mock,MyRewards Health Action Incentive,CARE_GAP_COMPLETION,USD
IR-MOCK08725-DIAB_BLOOD_SUGAR-20250716,MOCK08725,DIAB_BLOOD_SUGAR,2025-07-16,30.0,True,Research-generated IncentiveRewards mock,MyRewards Health Action Incentive,CARE_GAP_COMPLETION,USD
IR-MOCK08737-DIAB_BLOOD_SUGAR-20250712,MOCK08737,DIAB_BLOOD_SUGAR,2025-07-12,5.0,True,Research-generated IncentiveRewards mock,MyRewards Health Action Incentive,CARE_GAP_COMPLETION,USD
IR-MOCK08743-DIAB_BLOOD_SUGAR-20250711,MOCK08743,DIAB_BLOOD_SUGAR,2025-07-11,25.0,True,Research-generated IncentiveRewards mock,MyRewards Health Action Incentive,CARE_GAP_COMPLETION,USD
IR-MOCK08755-DIAB_BLOOD_SUGAR-20250710,MOCK08755,DIAB_BLOOD_SUGAR,2025-07-10,30.0,True,Research-generated IncentiveRewards mock,MyRewards Health Action Incentive,CARE_GAP_COMPLETION,USD
IR-MOCK08761-DIAB_BLOOD_SUGAR-20250723,MOCK08761,DIAB_BLOOD_SUGAR,2025-07-23,25.0,True,Research-generated IncentiveRewards mock,MyRewards Health Action Incentive,CARE_GAP_COMPLETION,USD
IR-MOCK08767-DIAB_BLOOD_SUGAR-20250803,MOCK08767,DIAB_BLOOD_SUGAR,2025-08-03,10.0,True,Research-generated IncentiveRewards mock,MyRewards Health Action Incentive,CARE_GAP_COMPLETION,USD
IR-MOCK08773-DIAB_BLOOD_SUGAR-20250705,MOCK08773,DIAB_BLOOD_SUGAR,2025-07-05,25.0,True,Research-generated IncentiveRewards mock,MyRewards Health Action Incentive,CARE_GAP_COMPLETION,USD
IR-MOCK08779-DIAB_BLOOD_SUGAR-20250726,MOCK08779,DIAB_BLOOD_SUGAR,2025-07-26,25.0,True,Research-generated IncentiveRewards mock,MyRewards Health Action Incentive,CARE_GAP_COMPLETION,USD
IR-MOCK08785-DIAB_BLOOD_SUGAR-20250729,MOCK08785,DIAB_BLOOD_SUGAR,2025-07-29,20.0,True,Research-generated IncentiveRewards mock,MyRewards Health Action Incentive,CARE_GAP_COMPLETION,USD
IR-MOCK08815-DIAB_BLOOD_SUGAR-20250806,MOCK08815,DIAB_BLOOD_SUGAR,2025-08-06,25.0,True,Research-generated IncentiveRewards mock,MyRewards Health Action Incentive,CARE_GAP_COMPLETION,USD
IR-MOCK08845-DIAB_BLOOD_SUGAR-20250702,MOCK08845,DIAB_BLOOD_SUGAR,2025-07-02,15.0,True,Research-generated IncentiveRewards mock,MyRewards Health Action Incentive,CARE_GAP_COMPLETION,USD
IR-MOCK08851-DIAB_BLOOD_SUGAR-20250804,MOCK08851,DIAB_BLOOD_SUGAR,2025-08-04,20.0,True,Research-generated IncentiveRewards mock,MyRewards Health Action Incentive,CARE_GAP_COMPLETION,USD
IR-MOCK08881-DIAB_BLOOD_SUGAR-20250701,MOCK08881,DIAB_BLOOD_SUGAR,2025-07-01,25.0,True,Research-generated IncentiveRewards mock,MyRewards Health Action Incentive,CARE_GAP_COMPLETION,USD
IR-MOCK08887-DIAB_BLOOD_SUGAR-20250724,MOCK08887,DIAB_BLOOD_SUGAR,2025-07-24,5.0,True,Research-generated IncentiveRewards mock,MyRewards Health Action Incentive,CARE_GAP_COMPLETION,USD
IR-MOCK08899-DIAB_BLOOD_SUGAR-20250730,MOCK08899,DIAB_BLOOD_SUGAR,2025-07-30,10.0,True,Research-generated IncentiveRewards mock,MyRewards Health Action Incentive,CARE_GAP_COMPLETION,USD
IR-MOCK08917-DIAB_BLOOD_SUGAR-20250714,MOCK08917,DIAB_BLOOD_SUGAR,2025-07-14,1.0,True,Research-generated IncentiveRewards mock,MyRewards Health Action Incentive,CARE_GAP_COMPLETION,USD
IR-MOCK08923-DIAB_BLOOD_SUGAR-20250726,MOCK08923,DIAB_BLOOD_SUGAR,2025-07-26,25.0,True,Research-generated IncentiveRewards mock,MyRewards Health Action Incentive,CARE_GAP_COMPLETION,USD
IR-MOCK08947-DIAB_BLOOD_SUGAR-20250707,MOCK08947,DIAB_BLOOD_SUGAR,2025-07-07,15.0,True,Research-generated IncentiveRewards mock,MyRewards Health Action Incentive,CARE_GAP_COMPLETION,USD
IR-MOCK08953-DIAB_BLOOD_SUGAR-20250805,MOCK08953,DIAB_BLOOD_SUGAR,2025-08-05,25.0,True,Research-generated IncentiveRewards mock,MyRewards Health Action Incentive,CARE_GAP_COMPLETION,USD
IR-MOCK08959-DIAB_BLOOD_SUGAR-20250806,MOCK08959,DIAB_BLOOD_SUGAR,2025-08-06,25.0,True,Research-generated IncentiveRewards mock,MyRewards Health Action Incentive,CARE_GAP_COMPLETION,USD
IR-MOCK08965-DIAB_BLOOD_SUGAR-20250715,MOCK08965,DIAB_BLOOD_SUGAR,2025-07-15,30.0,True,Research-generated IncentiveRewards mock,MyRewards Health Action Incentive,CARE_GAP_COMPLETION,USD
IR-MOCK08971-DIAB_BLOOD_SUGAR-20250806,MOCK08971,DIAB_BLOOD_SUGAR,2025-08-06,100.0,True,Research-generated IncentiveRewards mock,MyRewards Health Action Incentive,CARE_GAP_COMPLETION,USD
IR-MOCK08983-DIAB_BLOOD_SUGAR-20250806,MOCK08983,DIAB_BLOOD_SUGAR,2025-08-06,20.0,True,Research-generated IncentiveRewards mock,MyRewards Health Action Incentive,CARE_GAP_COMPLETION,USD
IR-MOCK09013-DIAB_BLOOD_SUGAR-20250711,MOCK09013,DIAB_BLOOD_SUGAR,2025-07-11,30.0,True,Research-generated IncentiveRewards mock,MyRewards Health Action Incentive,CARE_GAP_COMPLETION,USD
IR-MOCK09025-DIAB_BLOOD_SUGAR-20250712,MOCK09025,DIAB_BLOOD_SUGAR,2025-07-12,25.0,True,Research-generated IncentiveRewards mock,MyRewards Health Action Incentive,CARE_GAP_COMPLETION,USD
IR-MOCK09031-DIAB_BLOOD_SUGAR-20250729,MOCK09031,DIAB_BLOOD_SUGAR,2025-07-29,10.0,True,Research-generated IncentiveRewards mock,MyRewards Health Action Incentive,CARE_GAP_COMPLETION,USD
IR-MOCK09043-DIAB_BLOOD_SUGAR-20250703,MOCK09043,DIAB_BLOOD_SUGAR,2025-07-03,20.0,True,Research-generated IncentiveRewards mock,MyRewards Health Action Incentive,CARE_GAP_COMPLETION,USD
IR-MOCK09049-DIAB_BLOOD_SUGAR-20250712,MOCK09049,DIAB_BLOOD_SUGAR,2025-07-12,10.0,True,Research-generated IncentiveRewards mock,MyRewards Health Action Incentive,CARE_GAP_COMPLETION,USD
IR-MOCK09067-DIAB_BLOOD_SUGAR-20250705,MOCK09067,DIAB_BLOOD_SUGAR,2025-07-05,15.0,True,Research-generated IncentiveRewards mock,MyRewards Health Action Incentive,CARE_GAP_COMPLETION,USD
IR-MOCK09073-DIAB_BLOOD_SUGAR-20250729,MOCK09073,DIAB_BLOOD_SUGAR,2025-07-29,30.0,True,Research-generated IncentiveRewards mock,MyRewards Health Action Incentive,CARE_GAP_COMPLETION,USD
IR-MOCK09079-DIAB_BLOOD_SUGAR-20250719,MOCK09079,DIAB_BLOOD_SUGAR,2025-07-19,25.0,True,Research-generated IncentiveRewards mock,MyRewards Health Action Incentive,CARE_GAP_COMPLETION,USD
IR-MOCK09097-DIAB_BLOOD_SUGAR-20250630,MOCK09097,DIAB_BLOOD_SUGAR,2025-06-30,25.0,True,Research-generated IncentiveRewards mock,MyRewards Health Action Incentive,CARE_GAP_COMPLETION,USD
IR-MOCK09145-DIAB_BLOOD_SUGAR-20250713,MOCK09145,DIAB_BLOOD_SUGAR,2025-07-13,25.0,True,Research-generated IncentiveRewards mock,MyRewards Health Action Incentive,CARE_GAP_COMPLETION,USD
IR-MOCK09151-DIAB_BLOOD_SUGAR-20250805,MOCK09151,DIAB_BLOOD_SUGAR,2025-08-05,30.0,True,Research-generated IncentiveRewards mock,MyRewards Health Action Incentive,CARE_GAP_COMPLETION,USD
IR-MOCK09157-DIAB_BLOOD_SUGAR-20250801,MOCK09157,DIAB_BLOOD_SUGAR,2025-08-01,25.0,True,Research-generated IncentiveRewards mock,MyRewards Health Action Incentive,CARE_GAP_COMPLETION,USD
IR-MOCK09169-DIAB_BLOOD_SUGAR-20250726,MOCK09169,DIAB_BLOOD_SUGAR,2025-07-26,25.0,True,Research-generated IncentiveRewards mock,MyRewards Health Action Incentive,CARE_GAP_COMPLETION,USD
IR-MOCK09181-DIAB_BLOOD_SUGAR-20250805,MOCK09181,DIAB_BLOOD_SUGAR,2025-08-05,10.0,True,Research-generated IncentiveRewards mock,MyRewards Health Action Incentive,CARE_GAP_COMPLETION,USD
IR-MOCK09193-DIAB_BLOOD_SUGAR-20250801,MOCK09193,DIAB_BLOOD_SUGAR,2025-08-01,100.0,True,Research-generated IncentiveRewards mock,MyRewards Health Action Incentive,CARE_GAP_COMPLETION,USD
IR-MOCK09205-DIAB_BLOOD_SUGAR-20250725,MOCK09205,DIAB_BLOOD_SUGAR,2025-07-25,30.0,True,Research-generated IncentiveRewards mock,MyRewards Health Action Incentive,CARE_GAP_COMPLETION,USD
IR-MOCK09223-DIAB_BLOOD_SUGAR-20250729,MOCK09223,DIAB_BLOOD_SUGAR,2025-07-29,10.0,True,Research-generated IncentiveRewards mock,MyRewards Health Action Incentive,CARE_GAP_COMPLETION,USD
IR-MOCK09283-DIAB_BLOOD_SUGAR-20250708,MOCK09283,DIAB_BLOOD_SUGAR,2025-07-08,15.0,True,Research-generated IncentiveRewards mock,MyRewards Health Action Incentive,CARE_GAP_COMPLETION,USD
IR-MOCK09289-DIAB_BLOOD_SUGAR-20250714,MOCK09289,DIAB_BLOOD_SUGAR,2025-07-14,10.0,True,Research-generated IncentiveRewards mock,MyRewards Health Action Incentive,CARE_GAP_COMPLETION,USD
IR-MOCK09325-DIAB_BLOOD_SUGAR-20250714,MOCK09325,DIAB_BLOOD_SUGAR,2025-07-14,20.0,True,Research-generated IncentiveRewards mock,MyRewards Health Action Incentive,CARE_GAP_COMPLETION,USD
IR-MOCK09337-DIAB_BLOOD_SUGAR-20250802,MOCK09337,DIAB_BLOOD_SUGAR,2025-08-02,25.0,True,Research-generated IncentiveRewards mock,MyRewards Health Action Incentive,CARE_GAP_COMPLETION,USD
IR-MOCK09355-DIAB_BLOOD_SUGAR-20250807,MOCK09355,DIAB_BLOOD_SUGAR,2025-08-07,15.0,True,Research-generated IncentiveRewards mock,MyRewards Health Action Incentive,CARE_GAP_COMPLETION,USD
IR-MOCK09373-DIAB_BLOOD_SUGAR-20250707,MOCK09373,DIAB_BLOOD_SUGAR,2025-07-07,25.0,True,Research-generated IncentiveRewards mock,MyRewards Health Action Incentive,CARE_GAP_COMPLETION,USD
IR-MOCK09397-DIAB_BLOOD_SUGAR-20250720,MOCK09397,DIAB_BLOOD_SUGAR,2025-07-20,30.0,True,Research-generated IncentiveRewards mock,MyRewards Health Action Incentive,CARE_GAP_COMPLETION,USD
IR-MOCK09403-DIAB_BLOOD_SUGAR-20250709,MOCK09403,DIAB_BLOOD_SUGAR,2025-07-09,15.0,True,Research-generated IncentiveRewards mock,MyRewards Health Action Incentive,CARE_GAP_COMPLETION,USD
IR-MOCK09415-DIAB_BLOOD_SUGAR-20250728,MOCK09415,DIAB_BLOOD_SUGAR,2025-07-28,30.0,True,Research-generated IncentiveRewards mock,MyRewards Health Action Incentive,CARE_GAP_COMPLETION,USD
IR-MOCK09421-DIAB_BLOOD_SUGAR-20250731,MOCK09421,DIAB_BLOOD_SUGAR,2025-07-31,15.0,True,Research-generated IncentiveRewards mock,MyRewards Health Action Incentive,CARE_GAP_COMPLETION,USD
IR-MOCK09451-DIAB_BLOOD_SUGAR-20250731,MOCK09451,DIAB_BLOOD_SUGAR,2025-07-31,25.0,True,Research-generated IncentiveRewards mock,MyRewards Health Action Incentive,CARE_GAP_COMPLETION,USD
IR-MOCK09457-DIAB_BLOOD_SUGAR-20250807,MOCK09457,DIAB_BLOOD_SUGAR,2025-08-07,10.0,True,Research-generated IncentiveRewards mock,MyRewards Health Action Incentive,CARE_GAP_COMPLETION,USD
IR-MOCK09469-DIAB_BLOOD_SUGAR-20250729,MOCK09469,DIAB_BLOOD_SUGAR,2025-07-29,30.0,True,Research-generated IncentiveRewards mock,MyRewards Health Action Incentive,CARE_GAP_COMPLETION,USD
IR-MOCK09475-DIAB_BLOOD_SUGAR-20250731,MOCK09475,DIAB_BLOOD_SUGAR,2025-07-31,20.0,True,Research-generated IncentiveRewards mock,MyRewards Health Action Incentive,CARE_GAP_COMPLETION,USD
IR-MOCK09487-DIAB_BLOOD_SUGAR-20250726,MOCK09487,DIAB_BLOOD_SUGAR,2025-07-26,25.0,True,Research-generated IncentiveRewards mock,MyRewards Health Action Incentive,CARE_GAP_COMPLETION,USD
IR-MOCK09511-DIAB_BLOOD_SUGAR-20250704,MOCK09511,DIAB_BLOOD_SUGAR,2025-07-04,15.0,True,Research-generated IncentiveRewards mock,MyRewards Health Action Incentive,CARE_GAP_COMPLETION,USD
IR-MOCK09517-DIAB_BLOOD_SUGAR-20250804,MOCK09517,DIAB_BLOOD_SUGAR,2025-08-04,30.0,True,Research-generated IncentiveRewards mock,MyRewards Health Action Incentive,CARE_GAP_COMPLETION,USD
IR-MOCK09541-DIAB_BLOOD_SUGAR-20250725,MOCK09541,DIAB_BLOOD_SUGAR,2025-07-25,15.0,True,Research-generated IncentiveRewards mock,MyRewards Health Action Incentive,CARE_GAP_COMPLETION,USD
IR-MOCK09553-DIAB_BLOOD_SUGAR-20250723,MOCK09553,DIAB_BLOOD_SUGAR,2025-07-23,25.0,True,Research-generated IncentiveRewards mock,MyRewards Health Action Incentive,CARE_GAP_COMPLETION,USD
IR-MOCK09559-DIAB_BLOOD_SUGAR-20250804,MOCK09559,DIAB_BLOOD_SUGAR,2025-08-04,15.0,True,Research-generated IncentiveRewards mock,MyRewards Health Action Incentive,CARE_GAP_COMPLETION,USD
IR-MOCK09565-DIAB_BLOOD_SUGAR-20250720,MOCK09565,DIAB_BLOOD_SUGAR,2025-07-20,100.0,True,Research-generated IncentiveRewards mock,MyRewards Health Action Incentive,CARE_GAP_COMPLETION,USD
IR-MOCK09571-DIAB_BLOOD_SUGAR-20250725,MOCK09571,DIAB_BLOOD_SUGAR,2025-07-25,15.0,True,Research-generated IncentiveRewards mock,MyRewards Health Action Incentive,CARE_GAP_COMPLETION,USD
IR-MOCK09577-DIAB_BLOOD_SUGAR-20250722,MOCK09577,DIAB_BLOOD_SUGAR,2025-07-22,30.0,True,Research-generated IncentiveRewards mock,MyRewards Health Action Incentive,CARE_GAP_COMPLETION,USD
IR-MOCK09583-DIAB_BLOOD_SUGAR-20250715,MOCK09583,DIAB_BLOOD_SUGAR,2025-07-15,25.0,True,Research-generated IncentiveRewards mock,MyRewards Health Action Incentive,CARE_GAP_COMPLETION,USD
IR-MOCK09601-DIAB_BLOOD_SUGAR-20250731,MOCK09601,DIAB_BLOOD_SUGAR,2025-07-31,10.0,True,Research-generated IncentiveRewards mock,MyRewards Health Action Incentive,CARE_GAP_COMPLETION,USD
IR-MOCK09607-DIAB_BLOOD_SUGAR-20250723,MOCK09607,DIAB_BLOOD_SUGAR,2025-07-23,10.0,True,Research-generated IncentiveRewards mock,MyRewards Health Action Incentive,CARE_GAP_COMPLETION,USD
IR-MOCK09619-DIAB_BLOOD_SUGAR-20250729,MOCK09619,DIAB_BLOOD_SUGAR,2025-07-29,15.0,True,Research-generated IncentiveRewards mock,MyRewards Health Action Incentive,CARE_GAP_COMPLETION,USD
IR-MOCK09625-DIAB_BLOOD_SUGAR-20250728,MOCK09625,DIAB_BLOOD_SUGAR,2025-07-28,25.0,True,Research-generated IncentiveRewards mock,MyRewards Health Action Incentive,CARE_GAP_COMPLETION,USD
IR-MOCK09649-DIAB_BLOOD_SUGAR-20250713,MOCK09649,DIAB_BLOOD_SUGAR,2025-07-13,10.0,True,Research-generated IncentiveRewards mock,MyRewards Health Action Incentive,CARE_GAP_COMPLETION,USD
IR-MOCK09655-DIAB_BLOOD_SUGAR-20250728,MOCK09655,DIAB_BLOOD_SUGAR,2025-07-28,15.0,True,Research-generated IncentiveRewards mock,MyRewards Health Action Incentive,CARE_GAP_COMPLETION,USD
IR-MOCK09661-DIAB_BLOOD_SUGAR-20250803,MOCK09661,DIAB_BLOOD_SUGAR,2025-08-03,30.0,True,Research-generated IncentiveRewards mock,MyRewards Health Action Incentive,CARE_GAP_COMPLETION,USD
IR-MOCK09673-DIAB_BLOOD_SUGAR-20250730,MOCK09673,DIAB_BLOOD_SUGAR,2025-07-30,100.0,True,Research-generated IncentiveRewards mock,MyRewards Health Action Incentive,CARE_GAP_COMPLETION,USD
IR-MOCK09679-DIAB_BLOOD_SUGAR-20250801,MOCK09679,DIAB_BLOOD_SUGAR,2025-08-01,20.0,True,Research-generated IncentiveRewards mock,MyRewards Health Action Incentive,CARE_GAP_COMPLETION,USD
IR-MOCK09685-DIAB_BLOOD_SUGAR-20250714,MOCK09685,DIAB_BLOOD_SUGAR,2025-07-14,15.0,True,Research-generated IncentiveRewards mock,MyRewards Health Action Incentive,CARE_GAP_COMPLETION,USD
IR-MOCK09697-DIAB_BLOOD_SUGAR-20250713,MOCK09697,DIAB_BLOOD_SUGAR,2025-07-13,25.0,True,Research-generated IncentiveRewards mock,MyRewards Health Action Incentive,CARE_GAP_COMPLETION,USD
IR-MOCK09703-DIAB_BLOOD_SUGAR-20250729,MOCK09703,DIAB_BLOOD_SUGAR,2025-07-29,15.0,True,Research-generated IncentiveRewards mock,MyRewards Health Action Incentive,CARE_GAP_COMPLETION,USD
IR-MOCK09733-DIAB_BLOOD_SUGAR-20250725,MOCK09733,DIAB_BLOOD_SUGAR,2025-07-25,25.0,True,Research-generated IncentiveRewards mock,MyRewards Health Action Incentive,CARE_GAP_COMPLETION,USD
IR-MOCK09745-DIAB_BLOOD_SUGAR-20250719,MOCK09745,DIAB_BLOOD_SUGAR,2025-07-19,25.0,True,Research-generated IncentiveRewards mock,MyRewards Health Action Incentive,CARE_GAP_COMPLETION,USD
IR-MOCK09757-DIAB_BLOOD_SUGAR-20250719,MOCK09757,DIAB_BLOOD_SUGAR,2025-07-19,25.0,True,Research-generated IncentiveRewards mock,MyRewards Health Action Incentive,CARE_GAP_COMPLETION,USD
IR-MOCK09775-DIAB_BLOOD_SUGAR-20250730,MOCK09775,DIAB_BLOOD_SUGAR,2025-07-30,25.0,True,Research-generated IncentiveRewards mock,MyRewards Health Action Incentive,CARE_GAP_COMPLETION,USD
IR-MOCK09781-DIAB_BLOOD_SUGAR-20250709,MOCK09781,DIAB_BLOOD_SUGAR,2025-07-09,30.0,True,Research-generated IncentiveRewards mock,MyRewards Health Action Incentive,CARE_GAP_COMPLETION,USD
IR-MOCK09793-DIAB_BLOOD_SUGAR-20250716,MOCK09793,DIAB_BLOOD_SUGAR,2025-07-16,10.0,True,Research-generated IncentiveRewards mock,MyRewards Health Action Incentive,CARE_GAP_COMPLETION,USD
IR-MOCK09805-DIAB_BLOOD_SUGAR-20250713,MOCK09805,DIAB_BLOOD_SUGAR,2025-07-13,25.0,True,Research-generated IncentiveRewards mock,MyRewards Health Action Incentive,CARE_GAP_COMPLETION,USD
IR-MOCK09859-DIAB_BLOOD_SUGAR-20250728,MOCK09859,DIAB_BLOOD_SUGAR,2025-07-28,50.0,True,Research-generated IncentiveRewards mock,MyRewards Health Action Incentive,CARE_GAP_COMPLETION,USD
IR-MOCK09865-DIAB_BLOOD_SUGAR-20250704,MOCK09865,DIAB_BLOOD_SUGAR,2025-07-04,30.0,True,Research-generated IncentiveRewards mock,MyRewards Health Action Incentive,CARE_GAP_COMPLETION,USD
IR-MOCK09871-DIAB_BLOOD_SUGAR-20250706,MOCK09871,DIAB_BLOOD_SUGAR,2025-07-06,25.0,True,Research-generated IncentiveRewards mock,MyRewards Health Action Incentive,CARE_GAP_COMPLETION,USD
IR-MOCK09889-DIAB_BLOOD_SUGAR-20250719,MOCK09889,DIAB_BLOOD_SUGAR,2025-07-19,100.0,True,Research-generated IncentiveRewards mock,MyRewards Health Action Incentive,CARE_GAP_COMPLETION,USD
IR-MOCK09901-DIAB_BLOOD_SUGAR-20250718,MOCK09901,DIAB_BLOOD_SUGAR,2025-07-18,30.0,True,Research-generated IncentiveRewards mock,MyRewards Health Action Incentive,CARE_GAP_COMPLETION,USD
IR-MOCK09937-DIAB_BLOOD_SUGAR-20250720,MOCK09937,DIAB_BLOOD_SUGAR,2025-07-20,25.0,True,Research-generated IncentiveRewards mock,MyRewards Health Action Incentive,CARE_GAP_COMPLETION,USD
IR-MOCK09949-DIAB_BLOOD_SUGAR-20250715,MOCK09949,DIAB_BLOOD_SUGAR,2025-07-15,15.0,True,Research-generated IncentiveRewards mock,MyRewards Health Action Incentive,CARE_GAP_COMPLETION,USD
IR-MOCK09967-DIAB_BLOOD_SUGAR-20250711,MOCK09967,DIAB_BLOOD_SUGAR,2025-07-11,15.0,True,Research-generated IncentiveRewards mock,MyRewards Health Action Incentive,CARE_GAP_COMPLETION,USD
IR-MOCK09973-DIAB_BLOOD_SUGAR-20250801,MOCK09973,DIAB_BLOOD_SUGAR,2025-08-01,15.0,True,Research-generated IncentiveRewards mock,MyRewards Health Action Incentive,CARE_GAP_COMPLETION,USD
IR-MOCK09991-DIAB_BLOOD_SUGAR-20250725,MOCK09991,DIAB_BLOOD_SUGAR,2025-07-25,15.0,True,Research-generated IncentiveRewards mock,MyRewards Health Action Incentive,CARE_GAP_COMPLETION,USD
