member_id,care_gap_code,issued_at,amount,redeemed,source
MOCK00001,DIAB_A1C_TEST,2025-07-03,20.0,True,Research-generated IncentiveRewards mock
MOCK00025,DIAB_A1C_TEST,2025-07-16,20.0,False,Research-generated IncentiveRewards mock
MOCK00031,DIAB_A1C_TEST,2025-08-02,20.0,True,Research-generated IncentiveRewards mock
MOCK00037,DIAB_A1C_TEST,2025-07-03,20.0,False,Research-generated IncentiveRewards mock
MOCK00043,DIAB_A1C_TEST,2025-07-27,20.0,True,Research-generated IncentiveRewards mock
MOCK00073,DIAB_A1C_TEST,2025-07-28,20.0,False,Research-generated IncentiveRewards mock
MOCK00079,DIAB_A1C_TEST,2025-07-29,20.0,True,Research-generated IncentiveRewards mock
MOCK00103,DIAB_A1C_TEST,2025-07-04,20.0,True,Research-generated IncentiveRewards mock
MOCK00109,DIAB_A1C_TEST,2025-08-01,20.0,False,Research-generated IncentiveRewards mock
MOCK00115,DIAB_A1C_TEST,2025-07-17,20.0,True,Research-generated IncentiveRewards mock
MOCK00145,DIAB_A1C_TEST,2025-07-30,20.0,True,Research-generated IncentiveRewards mock
MOCK00157,DIAB_A1C_TEST,2025-07-15,20.0,False,Research-generated IncentiveRewards mock
MOCK00181,DIAB_A1C_TEST,2025-07-17,20.0,True,Research-generated IncentiveRewards mock
MOCK00199,DIAB_A1C_TEST,2025-07-21,20.0,True,Research-generated IncentiveRewards mock
MOCK00205,DIAB_A1C_TEST,2025-08-03,20.0,True,Research-generated IncentiveRewards mock
MOCK00217,DIAB_A1C_TEST,2025-08-02,20.0,False,Research-generated IncentiveRewards mock
MOCK00223,DIAB_A1C_TEST,2025-08-01,20.0,True,Research-generated IncentiveRewards mock
MOCK00229,DIAB_A1C_TEST,2025-07-10,20.0,True,Research-generated IncentiveRewards mock
MOCK00235,DIAB_A1C_TEST,2025-07-24,20.0,True,Research-generated IncentiveRewards mock
MOCK00253,DIAB_A1C_TEST,2025-07-27,20.0,True,Research-generated IncentiveRewards mock
MOCK00265,DIAB_A1C_TEST,2025-07-02,20.0,True,Research-generated IncentiveRewards mock
MOCK00271,DIAB_A1C_TEST,2025-08-06,20.0,True,Research-generated IncentiveRewards mock
MOCK00277,DIAB_A1C_TEST,2025-07-17,20.0,True,Research-generated IncentiveRewards mock
MOCK00301,DIAB_A1C_TEST,2025-07-29,20.0,True,Research-generated IncentiveRewards mock
MOCK00307,DIAB_A1C_TEST,2025-07-07,20.0,True,Research-generated IncentiveRewards mock
MOCK00313,DIAB_A1C_TEST,2025-07-14,20.0,False,Research-generated IncentiveRewards mock
MOCK00325,DIAB_A1C_TEST,2025-07-19,20.0,True,Research-generated IncentiveRewards mock
MOCK00355,DIAB_A1C_TEST,2025-07-26,20.0,False,Research-generated IncentiveRewards mock
MOCK00367,DIAB_A1C_TEST,2025-07-29,20.0,True,Research-generated IncentiveRewards mock
MOCK00385,DIAB_A1C_TEST,2025-07-16,20.0,True,Research-generated IncentiveRewards mock
MOCK00397,DIAB_A1C_TEST,2025-08-04,20.0,True,Research-generated IncentiveRewards mock
MOCK00403,DIAB_A1C_TEST,2025-07-14,20.0,True,Research-generated IncentiveRewards mock
MOCK00439,DIAB_A1C_TEST,2025-07-05,20.0,True,Research-generated IncentiveRewards mock
MOCK00445,DIAB_A1C_TEST,2025-07-26,20.0,False,Research-generated IncentiveRewards mock
MOCK00457,DIAB_A1C_TEST,2025-07-12,20.0,True,Research-generated IncentiveRewards mock
MOCK00469,DIAB_A1C_TEST,2025-07-22,20.0,True,Research-generated IncentiveRewards mock
MOCK00475,DIAB_A1C_TEST,2025-07-26,20.0,True,Research-generated IncentiveRewards mock
MOCK00505,DIAB_A1C_TEST,2025-07-24,20.0,False,Research-generated IncentiveRewards mock
MOCK00517,DIAB_A1C_TEST,2025-07-03,20.0,False,Research-generated IncentiveRewards mock
MOCK00529,DIAB_A1C_TEST,2025-07-29,20.0,True,Research-generated IncentiveRewards mock
MOCK00541,DIAB_A1C_TEST,2025-07-16,20.0,False,Research-generated IncentiveRewards mock
MOCK00565,DIAB_A1C_TEST,2025-08-04,20.0,True,Research-generated IncentiveRewards mock
MOCK00577,DIAB_A1C_TEST,2025-07-09,20.0,True,Research-generated IncentiveRewards mock
MOCK00583,DIAB_A1C_TEST,2025-07-26,20.0,True,Research-generated IncentiveRewards mock
MOCK00589,DIAB_A1C_TEST,2025-07-24,20.0,True,Research-generated IncentiveRewards mock
MOCK00595,DIAB_A1C_TEST,2025-07-05,20.0,True,Research-generated IncentiveRewards mock
MOCK00607,DIAB_A1C_TEST,2025-07-07,20.0,True,Research-generated IncentiveRewards mock
MOCK00613,DIAB_A1C_TEST,2025-07-31,20.0,False,Research-generated IncentiveRewards mock
MOCK00643,DIAB_A1C_TEST,2025-07-25,20.0,True,Research-generated IncentiveRewards mock
MOCK00655,DIAB_A1C_TEST,2025-07-27,20.0,False,Research-generated IncentiveRewards mock
MOCK00661,DIAB_A1C_TEST,2025-07-10,20.0,True,Research-generated IncentiveRewards mock
MOCK00667,DIAB_A1C_TEST,2025-07-30,20.0,False,Research-generated IncentiveRewards mock
MOCK00679,DIAB_A1C_TEST,2025-07-17,20.0,True,Research-generated IncentiveRewards mock
MOCK00691,DIAB_A1C_TEST,2025-07-22,20.0,True,Research-generated IncentiveRewards mock
MOCK00709,DIAB_A1C_TEST,2025-07-09,20.0,False,Research-generated IncentiveRewards mock
MOCK00715,DIAB_A1C_TEST,2025-07-04,20.0,False,Research-generated IncentiveRewards mock
MOCK00733,DIAB_A1C_TEST,2025-07-25,20.0,True,Research-generated IncentiveRewards mock
MOCK00745,DIAB_A1C_TEST,2025-08-02,20.0,False,Research-generated IncentiveRewards mock
MOCK00751,DIAB_A1C_TEST,2025-07-22,20.0,False,Research-generated IncentiveRewards mock
MOCK00757,DIAB_A1C_TEST,2025-07-03,20.0,False,Research-generated IncentiveRewards mock
MOCK00769,DIAB_A1C_TEST,2025-07-22,20.0,True,Research-generated IncentiveRewards mock
MOCK00781,DIAB_A1C_TEST,2025-07-22,20.0,False,Research-generated IncentiveRewards mock
MOCK00793,DIAB_A1C_TEST,2025-07-03,20.0,True,Research-generated IncentiveRewards mock
MOCK00811,DIAB_A1C_TEST,2025-07-11,20.0,False,Research-generated IncentiveRewards mock
MOCK00817,DIAB_A1C_TEST,2025-07-23,20.0,False,Research-generated IncentiveRewards mock
MOCK00841,DIAB_A1C_TEST,2025-08-07,20.0,True,Research-generated IncentiveRewards mock
MOCK00853,DIAB_A1C_TEST,2025-07-10,20.0,True,Research-generated IncentiveRewards mock
MOCK00859,DIAB_A1C_TEST,2025-07-15,20.0,True,Research-generated IncentiveRewards mock
MOCK00889,DIAB_A1C_TEST,2025-08-01,20.0,True,Research-generated IncentiveRewards mock
MOCK00901,DIAB_A1C_TEST,2025-08-02,20.0,True,Research-generated IncentiveRewards mock
MOCK00907,DIAB_A1C_TEST,2025-07-10,20.0,False,Research-generated IncentiveRewards mock
MOCK00913,DIAB_A1C_TEST,2025-08-04,20.0,False,Research-generated IncentiveRewards mock
MOCK00931,DIAB_A1C_TEST,2025-07-25,20.0,True,Research-generated IncentiveRewards mock
MOCK00961,DIAB_A1C_TEST,2025-08-07,20.0,True,Research-generated IncentiveRewards mock
MOCK00997,DIAB_A1C_TEST,2025-07-12,20.0,False,Research-generated IncentiveRewards mock
MOCK01009,DIAB_A1C_TEST,2025-07-13,20.0,True,Research-generated IncentiveRewards mock
MOCK01015,DIAB_A1C_TEST,2025-06-30,20.0,True,Research-generated IncentiveRewards mock
MOCK01063,DIAB_A1C_TEST,2025-07-06,20.0,True,Research-generated IncentiveRewards mock
MOCK01075,DIAB_A1C_TEST,2025-07-19,20.0,False,Research-generated IncentiveRewards mock
MOCK01081,DIAB_A1C_TEST,2025-08-05,20.0,False,Research-generated IncentiveRewards mock
MOCK01087,DIAB_A1C_TEST,2025-07-05,20.0,True,Research-generated IncentiveRewards mock
MOCK01123,DIAB_A1C_TEST,2025-07-14,20.0,True,Research-generated IncentiveRewards mock
MOCK01147,DIAB_A1C_TEST,2025-07-24,20.0,False,Research-generated IncentiveRewards mock
MOCK01153,DIAB_A1C_TEST,2025-07-23,20.0,True,Research-generated IncentiveRewards mock
MOCK01165,DIAB_A1C_TEST,2025-08-06,20.0,False,Research-generated IncentiveRewards mock
MOCK01171,DIAB_A1C_TEST,2025-07-03,20.0,True,Research-generated IncentiveRewards mock
MOCK01183,DIAB_A1C_TEST,2025-07-04,20.0,False,Research-generated IncentiveRewards mock
MOCK01189,DIAB_A1C_TEST,2025-07-13,20.0,True,Research-generated IncentiveRewards mock
MOCK01213,DIAB_A1C_TEST,2025-07-19,20.0,True,Research-generated IncentiveRewards mock
MOCK01219,DIAB_A1C_TEST,2025-07-27,20.0,True,Research-generated IncentiveRewards mock
MOCK01225,DIAB_A1C_TEST,2025-07-17,20.0,False,Research-generated IncentiveRewards mock
MOCK01237,DIAB_A1C_TEST,2025-07-29,20.0,False,Research-generated IncentiveRewards mock
MOCK01261,DIAB_A1C_TEST,2025-07-10,20.0,False,Research-generated IncentiveRewards mock
MOCK01267,DIAB_A1C_TEST,2025-07-27,20.0,False,Research-generated IncentiveRewards mock
MOCK01273,DIAB_A1C_TEST,2025-07-30,20.0,True,Research-generated IncentiveRewards mock
MOCK01279,DIAB_A1C_TEST,2025-07-17,20.0,False,Research-generated IncentiveRewards mock
MOCK01291,DIAB_A1C_TEST,2025-07-10,20.0,True,Research-generated IncentiveRewards mock
MOCK01309,DIAB_A1C_TEST,2025-07-17,20.0,False,Research-generated IncentiveRewards mock
MOCK01315,DIAB_A1C_TEST,2025-08-04,20.0,True,Research-generated IncentiveRewards mock
MOCK01321,DIAB_A1C_TEST,2025-07-04,20.0,True,Research-generated IncentiveRewards mock
MOCK01327,DIAB_A1C_TEST,2025-07-17,20.0,False,Research-generated IncentiveRewards mock
MOCK01357,DIAB_A1C_TEST,2025-07-31,20.0,True,Research-generated IncentiveRewards mock
MOCK01363,DIAB_A1C_TEST,2025-07-22,20.0,True,Research-generated IncentiveRewards mock
MOCK01369,DIAB_A1C_TEST,2025-07-21,20.0,False,Research-generated IncentiveRewards mock
MOCK01375,DIAB_A1C_TEST,2025-07-06,20.0,True,Research-generated IncentiveRewards mock
MOCK01393,DIAB_A1C_TEST,2025-06-30,20.0,True,Research-generated IncentiveRewards mock
MOCK01399,DIAB_A1C_TEST,2025-07-29,20.0,False,Research-generated IncentiveRewards mock
MOCK01405,DIAB_A1C_TEST,2025-07-19,20.0,True,Research-generated IncentiveRewards mock
MOCK01417,DIAB_A1C_TEST,2025-07-25,20.0,True,Research-generated IncentiveRewards mock
MOCK01423,DIAB_A1C_TEST,2025-07-16,20.0,False,Research-generated IncentiveRewards mock
MOCK01429,DIAB_A1C_TEST,2025-07-12,20.0,True,Research-generated IncentiveRewards mock
MOCK01453,DIAB_A1C_TEST,2025-07-03,20.0,False,Research-generated IncentiveRewards mock
MOCK01459,DIAB_A1C_TEST,2025-07-25,20.0,False,Research-generated IncentiveRewards mock
MOCK01471,DIAB_A1C_TEST,2025-07-03,20.0,True,Research-generated IncentiveRewards mock
MOCK01477,DIAB_A1C_TEST,2025-07-29,20.0,True,Research-generated IncentiveRewards mock
MOCK01489,DIAB_A1C_TEST,2025-07-30,20.0,False,Research-generated IncentiveRewards mock
MOCK01495,DIAB_A1C_TEST,2025-07-01,20.0,True,Research-generated IncentiveRewards mock
MOCK01513,DIAB_A1C_TEST,2025-07-07,20.0,True,Research-generated IncentiveRewards mock
MOCK01519,DIAB_A1C_TEST,2025-07-12,20.0,False,Research-generated IncentiveRewards mock
MOCK01531,DIAB_A1C_TEST,2025-07-05,20.0,True,Research-generated IncentiveRewards mock
MOCK01537,DIAB_A1C_TEST,2025-07-26,20.0,False,Research-generated IncentiveRewards mock
MOCK01561,DIAB_A1C_TEST,2025-07-30,20.0,True,Research-generated IncentiveRewards mock
MOCK01567,DIAB_A1C_TEST,2025-07-06,20.0,True,Research-generated IncentiveRewards mock
MOCK01585,DIAB_A1C_TEST,2025-08-07,20.0,True,Research-generated IncentiveRewards mock
MOCK01597,DIAB_A1C_TEST,2025-07-17,20.0,False,Research-generated IncentiveRewards mock
MOCK01615,DIAB_A1C_TEST,2025-07-23,20.0,True,Research-generated IncentiveRewards mock
MOCK01633,DIAB_A1C_TEST,2025-07-05,20.0,False,Research-generated IncentiveRewards mock
MOCK01639,DIAB_A1C_TEST,2025-08-06,20.0,True,Research-generated IncentiveRewards mock
MOCK01651,DIAB_A1C_TEST,2025-07-18,20.0,True,Research-generated IncentiveRewards mock
MOCK01657,DIAB_A1C_TEST,2025-07-18,20.0,True,Research-generated IncentiveRewards mock
MOCK01663,DIAB_A1C_TEST,2025-07-30,20.0,False,Research-generated IncentiveRewards mock
MOCK01675,DIAB_A1C_TEST,2025-07-03,20.0,False,Research-generated IncentiveRewards mock
MOCK01687,DIAB_A1C_TEST,2025-07-18,20.0,True,Research-generated IncentiveRewards mock
MOCK01693,DIAB_A1C_TEST,2025-07-26,20.0,True,Research-generated IncentiveRewards mock
MOCK01705,DIAB_A1C_TEST,2025-07-17,20.0,False,Research-generated IncentiveRewards mock
MOCK01711,DIAB_A1C_TEST,2025-08-05,20.0,True,Research-generated IncentiveRewards mock
MOCK01717,DIAB_A1C_TEST,2025-07-06,20.0,False,Research-generated IncentiveRewards mock
MOCK01729,DIAB_A1C_TEST,2025-07-21,20.0,True,Research-generated IncentiveRewards mock
MOCK01735,DIAB_A1C_TEST,2025-07-18,20.0,True,Research-generated IncentiveRewards mock
MOCK01741,DIAB_A1C_TEST,2025-07-31,20.0,False,Research-generated IncentiveRewards mock
MOCK01747,DIAB_A1C_TEST,2025-07-10,20.0,True,Research-generated IncentiveRewards mock
MOCK01753,DIAB_A1C_TEST,2025-08-06,20.0,False,Research-generated IncentiveRewards mock
MOCK01765,DIAB_A1C_TEST,2025-07-21,20.0,True,Research-generated IncentiveRewards mock
MOCK01771,DIAB_A1C_TEST,2025-07-20,20.0,False,Research-generated IncentiveRewards mock
MOCK01789,DIAB_A1C_TEST,2025-07-11,20.0,True,Research-generated IncentiveRewards mock
MOCK01795,DIAB_A1C_TEST,2025-06-30,20.0,False,Research-generated IncentiveRewards mock
MOCK01801,DIAB_A1C_TEST,2025-07-14,20.0,True,Research-generated IncentiveRewards mock
MOCK01813,DIAB_A1C_TEST,2025-06-30,20.0,True,Research-generated IncentiveRewards mock
MOCK01819,DIAB_A1C_TEST,2025-08-03,20.0,False,Research-generated IncentiveRewards mock
MOCK01825,DIAB_A1C_TEST,2025-07-21,20.0,True,Research-generated IncentiveRewards mock
MOCK01831,DIAB_A1C_TEST,2025-07-05,20.0,False,Research-generated IncentiveRewards mock
MOCK01837,DIAB_A1C_TEST,2025-07-11,20.0,False,Research-generated IncentiveRewards mock
MOCK01843,DIAB_A1C_TEST,2025-07-21,20.0,False,Research-generated IncentiveRewards mock
MOCK01873,DIAB_A1C_TEST,2025-07-04,20.0,False,Research-generated IncentiveRewards mock
MOCK01903,DIAB_A1C_TEST,2025-07-28,20.0,True,Research-generated IncentiveRewards mock
MOCK01909,DIAB_A1C_TEST,2025-08-05,20.0,True,Research-generated IncentiveRewards mock
MOCK01915,DIAB_A1C_TEST,2025-07-29,20.0,False,Research-generated IncentiveRewards mock
MOCK01921,DIAB_A1C_TEST,2025-07-12,20.0,True,Research-generated IncentiveRewards mock
MOCK01933,DIAB_A1C_TEST,2025-07-23,20.0,True,Research-generated IncentiveRewards mock
MOCK01939,DIAB_A1C_TEST,2025-08-04,20.0,True,Research-generated IncentiveRewards mock
MOCK01963,DIAB_A1C_TEST,2025-07-01,20.0,True,Research-generated IncentiveRewards mock
MOCK01999,DIAB_A1C_TEST,2025-08-01,20.0,True,Research-generated IncentiveRewards mock
MOCK02017,DIAB_A1C_TEST,2025-08-06,20.0,True,Research-generated IncentiveRewards mock
MOCK02023,DIAB_A1C_TEST,2025-07-12,20.0,True,Research-generated IncentiveRewards mock
MOCK02029,DIAB_A1C_TEST,2025-07-07,20.0,False,Research-generated IncentiveRewards mock
MOCK02035,DIAB_A1C_TEST,2025-08-06,20.0,True,Research-generated IncentiveRewards mock
MOCK02053,DIAB_A1C_TEST,2025-07-24,20.0,False,Research-generated IncentiveRewards mock
MOCK02059,DIAB_A1C_TEST,2025-07-20,20.0,True,Research-generated IncentiveRewards mock
MOCK02065,DIAB_A1C_TEST,2025-08-04,20.0,True,Research-generated IncentiveRewards mock
MOCK02071,DIAB_A1C_TEST,2025-07-09,20.0,True,Research-generated IncentiveRewards mock
MOCK02095,DIAB_A1C_TEST,2025-07-06,20.0,True,Research-generated IncentiveRewards mock
MOCK02113,DIAB_A1C_TEST,2025-07-11,20.0,False,Research-generated IncentiveRewards mock
MOCK02137,DIAB_A1C_TEST,2025-07-05,20.0,False,Research-generated IncentiveRewards mock
MOCK02143,DIAB_A1C_TEST,2025-08-03,20.0,False,Research-generated IncentiveRewards mock
MOCK02155,DIAB_A1C_TEST,2025-07-29,20.0,True,Research-generated IncentiveRewards mock
MOCK02161,DIAB_A1C_TEST,2025-08-01,20.0,False,Research-generated IncentiveRewards mock
MOCK02173,DIAB_A1C_TEST,2025-07-08,20.0,True,Research-generated IncentiveRewards mock
MOCK02209,DIAB_A1C_TEST,2025-06-30,20.0,True,Research-generated IncentiveRewards mock
MOCK02215,DIAB_A1C_TEST,2025-07-30,20.0,False,Research-generated IncentiveRewards mock
MOCK02227,DIAB_A1C_TEST,2025-07-25,20.0,True,Research-generated IncentiveRewards mock
MOCK02233,DIAB_A1C_TEST,2025-07-15,20.0,True,Research-generated IncentiveRewards mock
MOCK02239,DIAB_A1C_TEST,2025-07-14,20.0,False,Research-generated IncentiveRewards mock
MOCK02251,DIAB_A1C_TEST,2025-07-03,20.0,True,Research-generated IncentiveRewards mock
MOCK02263,DIAB_A1C_TEST,2025-07-29,20.0,True,Research-generated IncentiveRewards mock
MOCK02275,DIAB_A1C_TEST,2025-07-10,20.0,True,Research-generated IncentiveRewards mock
MOCK02281,DIAB_A1C_TEST,2025-06-30,20.0,True,Research-generated IncentiveRewards mock
MOCK02299,DIAB_A1C_TEST,2025-07-09,20.0,False,Research-generated IncentiveRewards mock
MOCK02305,DIAB_A1C_TEST,2025-07-01,20.0,False,Research-generated IncentiveRewards mock
MOCK02311,DIAB_A1C_TEST,2025-07-04,20.0,True,Research-generated IncentiveRewards mock
MOCK02317,DIAB_A1C_TEST,2025-07-02,20.0,True,Research-generated IncentiveRewards mock
MOCK02329,DIAB_A1C_TEST,2025-08-03,20.0,False,Research-generated IncentiveRewards mock
MOCK02341,DIAB_A1C_TEST,2025-07-29,20.0,True,Research-generated IncentiveRewards mock
MOCK02353,DIAB_A1C_TEST,2025-07-14,20.0,False,Research-generated IncentiveRewards mock
MOCK02365,DIAB_A1C_TEST,2025-07-28,20.0,False,Research-generated IncentiveRewards mock
MOCK02389,DIAB_A1C_TEST,2025-07-10,20.0,False,Research-generated IncentiveRewards mock
MOCK02395,DIAB_A1C_TEST,2025-07-12,20.0,True,Research-generated IncentiveRewards mock
MOCK02401,DIAB_A1C_TEST,2025-08-07,20.0,False,Research-generated IncentiveRewards mock
MOCK02407,DIAB_A1C_TEST,2025-07-30,20.0,True,Research-generated IncentiveRewards mock
MOCK02437,DIAB_A1C_TEST,2025-07-16,20.0,False,Research-generated IncentiveRewards mock
MOCK02443,DIAB_A1C_TEST,2025-07-05,20.0,False,Research-generated IncentiveRewards mock
MOCK02455,DIAB_A1C_TEST,2025-06-30,20.0,False,Research-generated IncentiveRewards mock
MOCK02461,DIAB_A1C_TEST,2025-07-06,20.0,True,Research-generated IncentiveRewards mock
MOCK02485,DIAB_A1C_TEST,2025-06-30,20.0,False,Research-generated IncentiveRewards mock
MOCK02497,DIAB_A1C_TEST,2025-08-06,20.0,True,Research-generated IncentiveRewards mock
MOCK02503,DIAB_A1C_TEST,2025-07-04,20.0,False,Research-generated IncentiveRewards mock
MOCK02509,DIAB_A1C_TEST,2025-07-11,20.0,False,Research-generated IncentiveRewards mock
MOCK02533,DIAB_A1C_TEST,2025-07-29,20.0,True,Research-generated IncentiveRewards mock
MOCK02545,DIAB_A1C_TEST,2025-07-16,20.0,False,Research-generated IncentiveRewards mock
MOCK02557,DIAB_A1C_TEST,2025-08-02,20.0,True,Research-generated IncentiveRewards mock
MOCK02563,DIAB_A1C_TEST,2025-07-31,20.0,True,Research-generated IncentiveRewards mock
MOCK02587,DIAB_A1C_TEST,2025-07-28,20.0,True,Research-generated IncentiveRewards mock
MOCK02599,DIAB_A1C_TEST,2025-07-05,20.0,False,Research-generated IncentiveRewards mock
MOCK02605,DIAB_A1C_TEST,2025-07-16,20.0,True,Research-generated IncentiveRewards mock
MOCK02617,DIAB_A1C_TEST,2025-07-22,20.0,True,Research-generated IncentiveRewards mock
MOCK02629,DIAB_A1C_TEST,2025-07-03,20.0,True,Research-generated IncentiveRewards mock
MOCK02635,DIAB_A1C_TEST,2025-07-15,20.0,True,Research-generated IncentiveRewards mock
MOCK02647,DIAB_A1C_TEST,2025-07-11,20.0,False,Research-generated IncentiveRewards mock
MOCK02665,DIAB_A1C_TEST,2025-07-19,20.0,True,Research-generated IncentiveRewards mock
MOCK02677,DIAB_A1C_TEST,2025-07-12,20.0,False,Research-generated IncentiveRewards mock
MOCK02683,DIAB_A1C_TEST,2025-08-06,20.0,False,Research-generated IncentiveRewards mock
MOCK02689,DIAB_A1C_TEST,2025-07-20,20.0,True,Research-generated IncentiveRewards mock
MOCK02719,DIAB_A1C_TEST,2025-06-30,20.0,False,Research-generated IncentiveRewards mock
MOCK02755,DIAB_A1C_TEST,2025-07-04,20.0,False,Research-generated IncentiveRewards mock
MOCK02779,DIAB_A1C_TEST,2025-07-16,20.0,False,Research-generated IncentiveRewards mock
MOCK02791,DIAB_A1C_TEST,2025-08-06,20.0,True,Research-generated IncentiveRewards mock
MOCK02809,DIAB_A1C_TEST,2025-07-07,20.0,True,Research-generated IncentiveRewards mock
MOCK02821,DIAB_A1C_TEST,2025-07-28,20.0,False,Research-generated IncentiveRewards mock
MOCK02839,DIAB_A1C_TEST,2025-07-18,20.0,False,Research-generated IncentiveRewards mock
MOCK02851,DIAB_A1C_TEST,2025-07-30,20.0,True,Research-generated IncentiveRewards mock
MOCK02869,DIAB_A1C_TEST,2025-07-25,20.0,False,Research-generated IncentiveRewards mock
MOCK02911,DIAB_A1C_TEST,2025-07-09,20.0,False,Research-generated IncentiveRewards mock
MOCK02917,DIAB_A1C_TEST,2025-07-13,20.0,True,Research-generated IncentiveRewards mock
MOCK02929,DIAB_A1C_TEST,2025-07-29,20.0,False,Research-generated IncentiveRewards mock
MOCK02941,DIAB_A1C_TEST,2025-08-05,20.0,True,Research-generated IncentiveRewards mock
MOCK02959,DIAB_A1C_TEST,2025-07-23,20.0,False,Research-generated IncentiveRewards mock
MOCK02965,DIAB_A1C_TEST,2025-07-11,20.0,False,Research-generated IncentiveRewards mock
MOCK02971,DIAB_A1C_TEST,2025-07-16,20.0,True,Research-generated IncentiveRewards mock
MOCK03001,DIAB_A1C_TEST,2025-07-04,20.0,False,Research-generated IncentiveRewards mock
MOCK03007,DIAB_A1C_TEST,2025-07-25,20.0,False,Research-generated IncentiveRewards mock
MOCK03013,DIAB_A1C_TEST,2025-08-06,20.0,False,Research-generated IncentiveRewards mock
MOCK03019,DIAB_A1C_TEST,2025-08-02,20.0,True,Research-generated IncentiveRewards mock
MOCK03055,DIAB_A1C_TEST,2025-07-09,20.0,True,Research-generated IncentiveRewards mock
MOCK03109,DIAB_A1C_TEST,2025-07-18,20.0,True,Research-generated IncentiveRewards mock
MOCK03115,DIAB_A1C_TEST,2025-07-23,20.0,False,Research-generated IncentiveRewards mock
MOCK03127,DIAB_A1C_TEST,2025-07-05,20.0,False,Research-generated IncentiveRewards mock
MOCK03151,DIAB_A1C_TEST,2025-07-12,20.0,False,Research-generated IncentiveRewards mock
MOCK03169,DIAB_A1C_TEST,2025-08-04,20.0,True,Research-generated IncentiveRewards mock
MOCK03181,DIAB_A1C_TEST,2025-07-23,20.0,True,Research-generated IncentiveRewards mock
MOCK03187,DIAB_A1C_TEST,2025-07-06,20.0,True,Research-generated IncentiveRewards mock
MOCK03193,DIAB_A1C_TEST,2025-07-06,20.0,True,Research-generated IncentiveRewards mock
MOCK03217,DIAB_A1C_TEST,2025-07-17,20.0,True,Research-generated IncentiveRewards mock
MOCK03235,DIAB_A1C_TEST,2025-06-30,20.0,True,Research-generated IncentiveRewards mock
MOCK03241,DIAB_A1C_TEST,2025-07-27,20.0,False,Research-generated IncentiveRewards mock
MOCK03247,DIAB_A1C_TEST,2025-07-02,20.0,True,Research-generated IncentiveRewards mock
MOCK03259,DIAB_A1C_TEST,2025-07-06,20.0,True,Research-generated IncentiveRewards mock
MOCK03295,DIAB_A1C_TEST,2025-07-26,20.0,True,Research-generated IncentiveRewards mock
MOCK03307,DIAB_A1C_TEST,2025-07-15,20.0,True,Research-generated IncentiveRewards mock
MOCK03313,DIAB_A1C_TEST,2025-08-01,20.0,True,Research-generated IncentiveRewards mock
MOCK03325,DIAB_A1C_TEST,2025-08-07,20.0,False,Research-generated IncentiveRewards mock
MOCK03331,DIAB_A1C_TEST,2025-07-19,20.0,False,Research-generated IncentiveRewards mock
MOCK03343,DIAB_A1C_TEST,2025-08-03,20.0,True,Research-generated IncentiveRewards mock
MOCK03349,DIAB_A1C_TEST,2025-07-30,20.0,False,Research-generated IncentiveRewards mock
MOCK03373,DIAB_A1C_TEST,2025-07-19,20.0,True,Research-generated IncentiveRewards mock
MOCK03391,DIAB_A1C_TEST,2025-07-09,20.0,True,Research-generated IncentiveRewards mock
MOCK03397,DIAB_A1C_TEST,2025-07-08,20.0,False,Research-generated IncentiveRewards mock
MOCK03403,DIAB_A1C_TEST,2025-07-09,20.0,False,Research-generated IncentiveRewards mock
MOCK03415,DIAB_A1C_TEST,2025-07-22,20.0,True,Research-generated IncentiveRewards mock
MOCK03433,DIAB_A1C_TEST,2025-07-11,20.0,True,Research-generated IncentiveRewards mock
MOCK03445,DIAB_A1C_TEST,2025-06-30,20.0,True,Research-generated IncentiveRewards mock
MOCK03451,DIAB_A1C_TEST,2025-07-14,20.0,False,Research-generated IncentiveRewards mock
MOCK03463,DIAB_A1C_TEST,2025-07-20,20.0,False,Research-generated IncentiveRewards mock
MOCK03481,DIAB_A1C_TEST,2025-07-03,20.0,False,Research-generated IncentiveRewards mock
MOCK03487,DIAB_A1C_TEST,2025-08-01,20.0,True,Research-generated IncentiveRewards mock
MOCK03493,DIAB_A1C_TEST,2025-07-04,20.0,True,Research-generated IncentiveRewards mock
MOCK03511,DIAB_A1C_TEST,2025-08-05,20.0,True,Research-generated IncentiveRewards mock
MOCK03535,DIAB_A1C_TEST,2025-08-01,20.0,True,Research-generated IncentiveRewards mock
MOCK03541,DIAB_A1C_TEST,2025-07-31,20.0,True,Research-generated IncentiveRewards mock
MOCK03547,DIAB_A1C_TEST,2025-08-04,20.0,True,Research-generated IncentiveRewards mock
MOCK03553,DIAB_A1C_TEST,2025-07-09,20.0,True,Research-generated IncentiveRewards mock
MOCK03565,DIAB_A1C_TEST,2025-07-12,20.0,False,Research-generated IncentiveRewards mock
MOCK03571,DIAB_A1C_TEST,2025-07-31,20.0,True,Research-generated IncentiveRewards mock
MOCK03577,DIAB_A1C_TEST,2025-07-22,20.0,True,Research-generated IncentiveRewards mock
MOCK03583,DIAB_A1C_TEST,2025-07-30,20.0,False,Research-generated IncentiveRewards mock
MOCK03601,DIAB_A1C_TEST,2025-07-24,20.0,True,Research-generated IncentiveRewards mock
MOCK03613,DIAB_A1C_TEST,2025-07-28,20.0,True,Research-generated IncentiveRewards mock
MOCK03655,DIAB_A1C_TEST,2025-08-02,20.0,True,Research-generated IncentiveRewards mock
MOCK03661,DIAB_A1C_TEST,2025-08-01,20.0,True,Research-generated IncentiveRewards mock
MOCK03691,DIAB_A1C_TEST,2025-07-24,20.0,False,Research-generated IncentiveRewards mock
MOCK03697,DIAB_A1C_TEST,2025-07-09,20.0,False,Research-generated IncentiveRewards mock
MOCK03709,DIAB_A1C_TEST,2025-07-02,20.0,True,Research-generated IncentiveRewards mock
MOCK03751,DIAB_A1C_TEST,2025-07-09,20.0,True,Research-generated IncentiveRewards mock
MOCK03769,DIAB_A1C_TEST,2025-07-19,20.0,True,Research-generated IncentiveRewards mock
MOCK03787,DIAB_A1C_TEST,2025-07-12,20.0,True,Research-generated IncentiveRewards mock
MOCK03811,DIAB_A1C_TEST,2025-07-26,20.0,True,Research-generated IncentiveRewards mock
MOCK03835,DIAB_A1C_TEST,2025-08-06,20.0,True,Research-generated IncentiveRewards mock
MOCK03841,DIAB_A1C_TEST,2025-07-26,20.0,False,Research-generated IncentiveRewards mock
MOCK03853,DIAB_A1C_TEST,2025-08-02,20.0,False,Research-generated IncentiveRewards mock
MOCK03859,DIAB_A1C_TEST,2025-07-18,20.0,False,Research-generated IncentiveRewards mock
MOCK03865,DIAB_A1C_TEST,2025-07-30,20.0,False,Research-generated IncentiveRewards mock
MOCK03907,DIAB_A1C_TEST,2025-07-25,20.0,True,Research-generated IncentiveRewards mock
MOCK03919,DIAB_A1C_TEST,2025-07-31,20.0,False,Research-generated IncentiveRewards mock
MOCK03931,DIAB_A1C_TEST,2025-07-20,20.0,True,Research-generated IncentiveRewards mock
MOCK03949,DIAB_A1C_TEST,2025-07-02,20.0,False,Research-generated IncentiveRewards mock
MOCK03961,DIAB_A1C_TEST,2025-07-06,20.0,True,Research-generated IncentiveRewards mock
MOCK03967,DIAB_A1C_TEST,2025-07-28,20.0,True,Research-generated IncentiveRewards mock
MOCK03979,DIAB_A1C_TEST,2025-07-07,20.0,False,Research-generated IncentiveRewards mock
MOCK03997,DIAB_A1C_TEST,2025-07-19,20.0,False,Research-generated IncentiveRewards mock
MOCK04021,DIAB_A1C_TEST,2025-08-06,20.0,True,Research-generated IncentiveRewards mock
MOCK04033,DIAB_A1C_TEST,2025-07-24,20.0,True,Research-generated IncentiveRewards mock
MOCK04057,DIAB_A1C_TEST,2025-07-22,20.0,True,Research-generated IncentiveRewards mock
MOCK04063,DIAB_A1C_TEST,2025-07-03,20.0,True,Research-generated IncentiveRewards mock
MOCK04075,DIAB_A1C_TEST,2025-08-05,20.0,False,Research-generated IncentiveRewards mock
MOCK04099,DIAB_A1C_TEST,2025-08-06,20.0,False,Research-generated IncentiveRewards mock
MOCK04105,DIAB_A1C_TEST,2025-07-06,20.0,True,Research-generated IncentiveRewards mock
MOCK04117,DIAB_A1C_TEST,2025-07-15,20.0,False,Research-generated IncentiveRewards mock
MOCK04123,DIAB_A1C_TEST,2025-07-23,20.0,True,Research-generated IncentiveRewards mock
MOCK04129,DIAB_A1C_TEST,2025-07-17,20.0,True,Research-generated IncentiveRewards mock
MOCK04135,DIAB_A1C_TEST,2025-07-30,20.0,True,Research-generated IncentiveRewards mock
MOCK04147,DIAB_A1C_TEST,2025-07-31,20.0,True,Research-generated IncentiveRewards mock
MOCK04153,DIAB_A1C_TEST,2025-08-05,20.0,True,Research-generated IncentiveRewards mock
MOCK04165,DIAB_A1C_TEST,2025-07-03,20.0,False,Research-generated IncentiveRewards mock
MOCK04171,DIAB_A1C_TEST,2025-07-09,20.0,True,Research-generated IncentiveRewards mock
MOCK04189,DIAB_A1C_TEST,2025-07-01,20.0,True,Research-generated IncentiveRewards mock
MOCK04195,DIAB_A1C_TEST,2025-07-03,20.0,True,Research-generated IncentiveRewards mock
MOCK04201,DIAB_A1C_TEST,2025-07-20,20.0,True,Research-generated IncentiveRewards mock
MOCK04207,DIAB_A1C_TEST,2025-07-24,20.0,True,Research-generated IncentiveRewards mock
MOCK04237,DIAB_A1C_TEST,2025-06-30,20.0,True,Research-generated IncentiveRewards mock
MOCK04255,DIAB_A1C_TEST,2025-07-18,20.0,True,Research-generated IncentiveRewards mock
MOCK04267,DIAB_A1C_TEST,2025-07-20,20.0,False,Research-generated IncentiveRewards mock
MOCK04285,DIAB_A1C_TEST,2025-08-04,20.0,True,Research-generated IncentiveRewards mock
MOCK04297,DIAB_A1C_TEST,2025-07-20,20.0,False,Research-generated IncentiveRewards mock
MOCK04309,DIAB_A1C_TEST,2025-07-09,20.0,True,Research-generated IncentiveRewards mock
MOCK04315,DIAB_A1C_TEST,2025-07-23,20.0,False,Research-generated IncentiveRewards mock
MOCK04321,DIAB_A1C_TEST,2025-07-05,20.0,True,Research-generated IncentiveRewards mock
MOCK04333,DIAB_A1C_TEST,2025-08-01,20.0,True,Research-generated IncentiveRewards mock
MOCK04345,DIAB_A1C_TEST,2025-07-30,20.0,True,Research-generated IncentiveRewards mock
MOCK04357,DIAB_A1C_TEST,2025-07-28,20.0,True,Research-generated IncentiveRewards mock
MOCK04363,DIAB_A1C_TEST,2025-07-03,20.0,True,Research-generated IncentiveRewards mock
MOCK04375,DIAB_A1C_TEST,2025-07-25,20.0,False,Research-generated IncentiveRewards mock
MOCK04435,DIAB_A1C_TEST,2025-08-04,20.0,True,Research-generated IncentiveRewards mock
MOCK04447,DIAB_A1C_TEST,2025-07-29,20.0,False,Research-generated IncentiveRewards mock
MOCK04489,DIAB_A1C_TEST,2025-07-12,20.0,True,Research-generated IncentiveRewards mock
MOCK04501,DIAB_A1C_TEST,2025-08-06,20.0,False,Research-generated IncentiveRewards mock
MOCK04507,DIAB_A1C_TEST,2025-07-05,20.0,True,Research-generated IncentiveRewards mock
MOCK04531,DIAB_A1C_TEST,2025-07-17,20.0,False,Research-generated IncentiveRewards mock
MOCK04543,DIAB_A1C_TEST,2025-07-14,20.0,False,Research-generated IncentiveRewards mock
MOCK04561,DIAB_A1C_TEST,2025-07-06,20.0,True,Research-generated IncentiveRewards mock
MOCK04567,DIAB_A1C_TEST,2025-07-21,20.0,False,Research-generated IncentiveRewards mock
MOCK04573,DIAB_A1C_TEST,2025-08-06,20.0,True,Research-generated IncentiveRewards mock
MOCK04579,DIAB_A1C_TEST,2025-08-05,20.0,True,Research-generated IncentiveRewards mock
MOCK04585,DIAB_A1C_TEST,2025-07-14,20.0,True,Research-generated IncentiveRewards mock
MOCK04591,DIAB_A1C_TEST,2025-07-30,20.0,False,Research-generated IncentiveRewards mock
MOCK04597,DIAB_A1C_TEST,2025-07-23,20.0,True,Research-generated IncentiveRewards mock
MOCK04603,DIAB_A1C_TEST,2025-07-18,20.0,False,Research-generated IncentiveRewards mock
MOCK04609,DIAB_A1C_TEST,2025-07-05,20.0,True,Research-generated IncentiveRewards mock
MOCK04621,DIAB_A1C_TEST,2025-07-25,20.0,True,Research-generated IncentiveRewards mock
MOCK04633,DIAB_A1C_TEST,2025-06-30,20.0,True,Research-generated IncentiveRewards mock
MOCK04639,DIAB_A1C_TEST,2025-07-27,20.0,False,Research-generated IncentiveRewards mock
MOCK04645,DIAB_A1C_TEST,2025-08-02,20.0,True,Research-generated IncentiveRewards mock
MOCK04657,DIAB_A1C_TEST,2025-07-16,20.0,True,Research-generated IncentiveRewards mock
MOCK04669,DIAB_A1C_TEST,2025-07-10,20.0,False,Research-generated IncentiveRewards mock
MOCK04681,DIAB_A1C_TEST,2025-08-03,20.0,False,Research-generated IncentiveRewards mock
MOCK04687,DIAB_A1C_TEST,2025-07-24,20.0,True,Research-generated IncentiveRewards mock
MOCK04699,DIAB_A1C_TEST,2025-07-04,20.0,False,Research-generated IncentiveRewards mock
MOCK04705,DIAB_A1C_TEST,2025-07-18,20.0,True,Research-generated IncentiveRewards mock
MOCK04717,DIAB_A1C_TEST,2025-07-01,20.0,True,Research-generated IncentiveRewards mock
MOCK04723,DIAB_A1C_TEST,2025-07-26,20.0,True,Research-generated IncentiveRewards mock
MOCK04729,DIAB_A1C_TEST,2025-07-21,20.0,False,Research-generated IncentiveRewards mock
MOCK04735,DIAB_A1C_TEST,2025-06-30,20.0,True,Research-generated IncentiveRewards mock
MOCK04759,DIAB_A1C_TEST,2025-08-01,20.0,True,Research-generated IncentiveRewards mock
MOCK04777,DIAB_A1C_TEST,2025-08-06,20.0,False,Research-generated IncentiveRewards mock
MOCK04801,DIAB_A1C_TEST,2025-06-30,20.0,False,Research-generated IncentiveRewards mock
MOCK04807,DIAB_A1C_TEST,2025-07-11,20.0,False,Research-generated IncentiveRewards mock
MOCK04825,DIAB_A1C_TEST,2025-07-28,20.0,True,Research-generated IncentiveRewards mock
MOCK04831,DIAB_A1C_TEST,2025-07-30,20.0,True,Research-generated IncentiveRewards mock
MOCK04843,DIAB_A1C_TEST,2025-07-04,20.0,True,Research-generated IncentiveRewards mock
MOCK04849,DIAB_A1C_TEST,2025-07-15,20.0,False,Research-generated IncentiveRewards mock
MOCK04861,DIAB_A1C_TEST,2025-07-01,20.0,True,Research-generated IncentiveRewards mock
MOCK04867,DIAB_A1C_TEST,2025-08-03,20.0,False,Research-generated IncentiveRewards mock
MOCK04873,DIAB_A1C_TEST,2025-07-26,20.0,True,Research-generated IncentiveRewards mock
MOCK04885,DIAB_A1C_TEST,2025-07-30,20.0,True,Research-generated IncentiveRewards mock
MOCK04921,DIAB_A1C_TEST,2025-06-30,20.0,True,Research-generated IncentiveRewards mock
MOCK04945,DIAB_A1C_TEST,2025-07-24,20.0,True,Research-generated IncentiveRewards mock
MOCK04951,DIAB_A1C_TEST,2025-07-03,20.0,True,Research-generated IncentiveRewards mock
MOCK04963,DIAB_A1C_TEST,2025-08-03,20.0,False,Research-generated IncentiveRewards mock
MOCK04975,DIAB_A1C_TEST,2025-07-01,20.0,False,Research-generated IncentiveRewards mock
MOCK04999,DIAB_A1C_TEST,2025-07-05,20.0,False,Research-generated IncentiveRewards mock
MOCK05011,DIAB_A1C_TEST,2025-07-30,20.0,True,Research-generated IncentiveRewards mock
MOCK05017,DIAB_A1C_TEST,2025-07-31,20.0,True,Research-generated IncentiveRewards mock
MOCK05029,DIAB_A1C_TEST,2025-06-30,20.0,True,Research-generated IncentiveRewards mock
MOCK05041,DIAB_A1C_TEST,2025-07-11,20.0,False,Research-generated IncentiveRewards mock
MOCK05047,DIAB_A1C_TEST,2025-07-25,20.0,True,Research-generated IncentiveRewards mock
MOCK05059,DIAB_A1C_TEST,2025-07-01,20.0,False,Research-generated IncentiveRewards mock
MOCK05095,DIAB_A1C_TEST,2025-07-23,20.0,True,Research-generated IncentiveRewards mock
MOCK05101,DIAB_A1C_TEST,2025-08-07,20.0,True,Research-generated IncentiveRewards mock
MOCK05137,DIAB_A1C_TEST,2025-07-09,20.0,False,Research-generated IncentiveRewards mock
MOCK05161,DIAB_A1C_TEST,2025-08-06,20.0,True,Research-generated IncentiveRewards mock
MOCK05167,DIAB_A1C_TEST,2025-08-05,20.0,True,Research-generated IncentiveRewards mock
MOCK05173,DIAB_A1C_TEST,2025-07-04,20.0,False,Research-generated IncentiveRewards mock
MOCK05191,DIAB_A1C_TEST,2025-07-27,20.0,True,Research-generated IncentiveRewards mock
MOCK05209,DIAB_A1C_TEST,2025-07-17,20.0,False,Research-generated IncentiveRewards mock
MOCK05227,DIAB_A1C_TEST,2025-07-07,20.0,True,Research-generated IncentiveRewards mock
MOCK05245,DIAB_A1C_TEST,2025-07-27,20.0,False,Research-generated IncentiveRewards mock
MOCK05251,DIAB_A1C_TEST,2025-07-19,20.0,False,Research-generated IncentiveRewards mock
MOCK05263,DIAB_A1C_TEST,2025-07-29,20.0,True,Research-generated IncentiveRewards mock
MOCK05305,DIAB_A1C_TEST,2025-07-31,20.0,False,Research-generated IncentiveRewards mock
MOCK05311,DIAB_A1C_TEST,2025-07-28,20.0,False,Research-generated IncentiveRewards mock
MOCK05317,DIAB_A1C_TEST,2025-07-02,20.0,True,Research-generated IncentiveRewards mock
MOCK05323,DIAB_A1C_TEST,2025-07-07,20.0,True,Research-generated IncentiveRewards mock
MOCK05329,DIAB_A1C_TEST,2025-06-30,20.0,True,Research-generated IncentiveRewards mock
MOCK05335,DIAB_A1C_TEST,2025-07-10,20.0,False,Research-generated IncentiveRewards mock
MOCK05341,DIAB_A1C_TEST,2025-07-03,20.0,True,Research-generated IncentiveRewards mock
MOCK05347,DIAB_A1C_TEST,2025-07-27,20.0,False,Research-generated IncentiveRewards mock
MOCK05353,DIAB_A1C_TEST,2025-07-20,20.0,True,Research-generated IncentiveRewards mock
MOCK05395,DIAB_A1C_TEST,2025-07-24,20.0,True,Research-generated IncentiveRewards mock
MOCK05407,DIAB_A1C_TEST,2025-07-01,20.0,False,Research-generated IncentiveRewards mock
MOCK05425,DIAB_A1C_TEST,2025-07-17,20.0,True,Research-generated IncentiveRewards mock
MOCK05437,DIAB_A1C_TEST,2025-07-16,20.0,False,Research-generated IncentiveRewards mock
MOCK05443,DIAB_A1C_TEST,2025-07-06,20.0,False,Research-generated IncentiveRewards mock
MOCK05449,DIAB_A1C_TEST,2025-07-14,20.0,False,Research-generated IncentiveRewards mock
MOCK05455,DIAB_A1C_TEST,2025-07-03,20.0,True,Research-generated IncentiveRewards mock
MOCK05461,DIAB_A1C_TEST,2025-07-30,20.0,True,Research-generated IncentiveRewards mock
MOCK05491,DIAB_A1C_TEST,2025-07-17,20.0,True,Research-generated IncentiveRewards mock
MOCK05497,DIAB_A1C_TEST,2025-07-21,20.0,False,Research-generated IncentiveRewards mock
MOCK05515,DIAB_A1C_TEST,2025-07-24,20.0,True,Research-generated IncentiveRewards mock
MOCK05521,DIAB_A1C_TEST,2025-08-03,20.0,False,Research-generated IncentiveRewards mock
MOCK05539,DIAB_A1C_TEST,2025-07-05,20.0,False,Research-generated IncentiveRewards mock
MOCK05545,DIAB_A1C_TEST,2025-07-09,20.0,True,Research-generated IncentiveRewards mock
MOCK05551,DIAB_A1C_TEST,2025-08-05,20.0,True,Research-generated IncentiveRewards mock
MOCK05575,DIAB_A1C_TEST,2025-07-22,20.0,False,Research-generated IncentiveRewards mock
MOCK05605,DIAB_A1C_TEST,2025-07-17,20.0,True,Research-generated IncentiveRewards mock
MOCK05611,DIAB_A1C_TEST,2025-08-05,20.0,True,Research-generated IncentiveRewards mock
MOCK05641,DIAB_A1C_TEST,2025-07-26,20.0,False,Research-generated IncentiveRewards mock
MOCK05647,DIAB_A1C_TEST,2025-07-15,20.0,True,Research-generated IncentiveRewards mock
MOCK05659,DIAB_A1C_TEST,2025-07-18,20.0,True,Research-generated IncentiveRewards mock
MOCK05671,DIAB_A1C_TEST,2025-07-04,20.0,True,Research-generated IncentiveRewards mock
MOCK05677,DIAB_A1C_TEST,2025-08-06,20.0,True,Research-generated IncentiveRewards mock
MOCK05689,DIAB_A1C_TEST,2025-08-05,20.0,False,Research-generated IncentiveRewards mock
MOCK05731,DIAB_A1C_TEST,2025-07-23,20.0,True,Research-generated IncentiveRewards mock
MOCK05737,DIAB_A1C_TEST,2025-07-15,20.0,True,Research-generated IncentiveRewards mock
MOCK05773,DIAB_A1C_TEST,2025-08-01,20.0,True,Research-generated IncentiveRewards mock
MOCK05785,DIAB_A1C_TEST,2025-08-06,20.0,False,Research-generated IncentiveRewards mock
MOCK05791,DIAB_A1C_TEST,2025-07-22,20.0,True,Research-generated IncentiveRewards mock
MOCK05809,DIAB_A1C_TEST,2025-08-04,20.0,False,Research-generated IncentiveRewards mock
MOCK05839,DIAB_A1C_TEST,2025-07-18,20.0,False,Research-generated IncentiveRewards mock
MOCK05851,DIAB_A1C_TEST,2025-07-08,20.0,True,Research-generated IncentiveRewards mock
MOCK05857,DIAB_A1C_TEST,2025-07-03,20.0,False,Research-generated IncentiveRewards mock
MOCK05863,DIAB_A1C_TEST,2025-07-22,20.0,True,Research-generated IncentiveRewards mock
MOCK05869,DIAB_A1C_TEST,2025-07-13,20.0,True,Research-generated IncentiveRewards mock
MOCK05881,DIAB_A1C_TEST,2025-07-22,20.0,False,Research-generated IncentiveRewards mock
MOCK05893,DIAB_A1C_TEST,2025-07-21,20.0,False,Research-generated IncentiveRewards mock
MOCK05899,DIAB_A1C_TEST,2025-07-25,20.0,True,Research-generated IncentiveRewards mock
MOCK05929,DIAB_A1C_TEST,2025-07-09,20.0,True,Research-generated IncentiveRewards mock
MOCK05947,DIAB_A1C_TEST,2025-07-21,20.0,False,Research-generated IncentiveRewards mock
MOCK05983,DIAB_A1C_TEST,2025-07-14,20.0,False,Research-generated IncentiveRewards mock
MOCK05995,DIAB_A1C_TEST,2025-07-19,20.0,True,Research-generated IncentiveRewards mock
MOCK06001,DIAB_A1C_TEST,2025-07-31,20.0,False,Research-generated IncentiveRewards mock
MOCK06007,DIAB_A1C_TEST,2025-07-28,20.0,False,Research-generated IncentiveRewards mock
MOCK06049,DIAB_A1C_TEST,2025-07-28,20.0,False,Research-generated IncentiveRewards mock
MOCK06061,DIAB_A1C_TEST,2025-07-10,20.0,True,Research-generated IncentiveRewards mock
MOCK06067,DIAB_A1C_TEST,2025-07-31,20.0,False,Research-generated IncentiveRewards mock
MOCK06073,DIAB_A1C_TEST,2025-07-09,20.0,False,Research-generated IncentiveRewards mock
MOCK06079,DIAB_A1C_TEST,2025-07-12,20.0,False,Research-generated IncentiveRewards mock
MOCK06097,DIAB_A1C_TEST,2025-07-14,20.0,True,Research-generated IncentiveRewards mock
MOCK06109,DIAB_A1C_TEST,2025-07-01,20.0,False,Research-generated IncentiveRewards mock
MOCK06115,DIAB_A1C_TEST,2025-07-04,20.0,True,Research-generated IncentiveRewards mock
MOCK06121,DIAB_A1C_TEST,2025-07-02,20.0,True,Research-generated IncentiveRewards mock
MOCK06127,DIAB_A1C_TEST,2025-07-02,20.0,True,Research-generated IncentiveRewards mock
MOCK06133,DIAB_A1C_TEST,2025-08-02,20.0,True,Research-generated IncentiveRewards mock
MOCK06139,DIAB_A1C_TEST,2025-08-01,20.0,True,Research-generated IncentiveRewards mock
MOCK06145,DIAB_A1C_TEST,2025-08-01,20.0,False,Research-generated IncentiveRewards mock
MOCK06151,DIAB_A1C_TEST,2025-07-02,20.0,True,Research-generated IncentiveRewards mock
MOCK06163,DIAB_A1C_TEST,2025-07-10,20.0,False,Research-generated IncentiveRewards mock
MOCK06169,DIAB_A1C_TEST,2025-07-22,20.0,True,Research-generated IncentiveRewards mock
MOCK06181,DIAB_A1C_TEST,2025-07-19,20.0,True,Research-generated IncentiveRewards mock
MOCK06193,DIAB_A1C_TEST,2025-07-28,20.0,True,Research-generated IncentiveRewards mock
MOCK06223,DIAB_A1C_TEST,2025-06-30,20.0,False,Research-generated IncentiveRewards mock
MOCK06229,DIAB_A1C_TEST,2025-07-17,20.0,False,Research-generated IncentiveRewards mock
MOCK06235,DIAB_A1C_TEST,2025-08-01,20.0,True,Research-generated IncentiveRewards mock
MOCK06247,DIAB_A1C_TEST,2025-08-02,20.0,False,Research-generated IncentiveRewards mock
MOCK06253,DIAB_A1C_TEST,2025-07-16,20.0,True,Research-generated IncentiveRewards mock
MOCK06265,DIAB_A1C_TEST,2025-07-27,20.0,True,Research-generated IncentiveRewards mock
MOCK06271,DIAB_A1C_TEST,2025-07-05,20.0,False,Research-generated IncentiveRewards mock
MOCK06283,DIAB_A1C_TEST,2025-07-23,20.0,True,Research-generated IncentiveRewards mock
MOCK06307,DIAB_A1C_TEST,2025-07-14,20.0,False,Research-generated IncentiveRewards mock
MOCK06313,DIAB_A1C_TEST,2025-07-19,20.0,False,Research-generated IncentiveRewards mock
MOCK06337,DIAB_A1C_TEST,2025-07-17,20.0,True,Research-generated IncentiveRewards mock
MOCK06343,DIAB_A1C_TEST,2025-07-30,20.0,False,Research-generated IncentiveRewards mock
MOCK06349,DIAB_A1C_TEST,2025-07-16,20.0,True,Research-generated IncentiveRewards mock
MOCK06355,DIAB_A1C_TEST,2025-07-12,20.0,True,Research-generated IncentiveRewards mock
MOCK06361,DIAB_A1C_TEST,2025-07-30,20.0,False,Research-generated IncentiveRewards mock
MOCK06373,DIAB_A1C_TEST,2025-07-05,20.0,False,Research-generated IncentiveRewards mock
MOCK06391,DIAB_A1C_TEST,2025-07-15,20.0,True,Research-generated IncentiveRewards mock
MOCK06409,DIAB_A1C_TEST,2025-07-13,20.0,True,Research-generated IncentiveRewards mock
MOCK06445,DIAB_A1C_TEST,2025-07-18,20.0,False,Research-generated IncentiveRewards mock
MOCK06487,DIAB_A1C_TEST,2025-08-07,20.0,True,Research-generated IncentiveRewards mock
MOCK06499,DIAB_A1C_TEST,2025-07-21,20.0,True,Research-generated IncentiveRewards mock
MOCK06523,DIAB_A1C_TEST,2025-08-07,20.0,True,Research-generated IncentiveRewards mock
MOCK06535,DIAB_A1C_TEST,2025-07-05,20.0,True,Research-generated IncentiveRewards mock
MOCK06541,DIAB_A1C_TEST,2025-07-19,20.0,True,Research-generated IncentiveRewards mock
MOCK06547,DIAB_A1C_TEST,2025-07-17,20.0,True,Research-generated IncentiveRewards mock
MOCK06559,DIAB_A1C_TEST,2025-07-15,20.0,True,Research-generated IncentiveRewards mock
MOCK06571,DIAB_A1C_TEST,2025-07-03,20.0,True,Research-generated IncentiveRewards mock
MOCK06619,DIAB_A1C_TEST,2025-07-05,20.0,False,Research-generated IncentiveRewards mock
MOCK06625,DIAB_A1C_TEST,2025-07-11,20.0,False,Research-generated IncentiveRewards mock
MOCK06655,DIAB_A1C_TEST,2025-07-01,20.0,False,Research-generated IncentiveRewards mock
MOCK06703,DIAB_A1C_TEST,2025-07-22,20.0,False,Research-generated IncentiveRewards mock
MOCK06727,DIAB_A1C_TEST,2025-07-03,20.0,True,Research-generated IncentiveRewards mock
MOCK06739,DIAB_A1C_TEST,2025-07-09,20.0,True,Research-generated IncentiveRewards mock
MOCK06751,DIAB_A1C_TEST,2025-08-01,20.0,False,Research-generated IncentiveRewards mock
MOCK06757,DIAB_A1C_TEST,2025-08-02,20.0,True,Research-generated IncentiveRewards mock
MOCK06769,DIAB_A1C_TEST,2025-07-21,20.0,False,Research-generated IncentiveRewards mock
MOCK06775,DIAB_A1C_TEST,2025-07-25,20.0,True,Research-generated IncentiveRewards mock
MOCK06793,DIAB_A1C_TEST,2025-07-30,20.0,False,Research-generated IncentiveRewards mock
MOCK06817,DIAB_A1C_TEST,2025-07-28,20.0,True,Research-generated IncentiveRewards mock
MOCK06823,DIAB_A1C_TEST,2025-07-14,20.0,True,Research-generated IncentiveRewards mock
MOCK06841,DIAB_A1C_TEST,2025-08-03,20.0,False,Research-generated IncentiveRewards mock
MOCK06853,DIAB_A1C_TEST,2025-08-05,20.0,True,Research-generated IncentiveRewards mock
MOCK06883,DIAB_A1C_TEST,2025-07-29,20.0,False,Research-generated IncentiveRewards mock
MOCK06895,DIAB_A1C_TEST,2025-08-02,20.0,True,Research-generated IncentiveRewards mock
MOCK06913,DIAB_A1C_TEST,2025-07-16,20.0,False,Research-generated IncentiveRewards mock
MOCK06919,DIAB_A1C_TEST,2025-08-04,20.0,True,Research-generated IncentiveRewards mock
MOCK06925,DIAB_A1C_TEST,2025-07-11,20.0,True,Research-generated IncentiveRewards mock
MOCK06931,DIAB_A1C_TEST,2025-07-22,20.0,True,Research-generated IncentiveRewards mock
MOCK06937,DIAB_A1C_TEST,2025-07-04,20.0,False,Research-generated IncentiveRewards mock
MOCK06973,DIAB_A1C_TEST,2025-08-02,20.0,True,Research-generated IncentiveRewards mock
MOCK07033,DIAB_A1C_TEST,2025-07-15,20.0,False,Research-generated IncentiveRewards mock
MOCK07039,DIAB_A1C_TEST,2025-07-06,20.0,True,Research-generated IncentiveRewards mock
MOCK07051,DIAB_A1C_TEST,2025-07-13,20.0,False,Research-generated IncentiveRewards mock
MOCK07063,DIAB_A1C_TEST,2025-07-07,20.0,False,Research-generated IncentiveRewards mock
MOCK07075,DIAB_A1C_TEST,2025-06-30,20.0,True,Research-generated IncentiveRewards mock
MOCK07087,DIAB_A1C_TEST,2025-08-05,20.0,True,Research-generated IncentiveRewards mock
MOCK07093,DIAB_A1C_TEST,2025-07-26,20.0,True,Research-generated IncentiveRewards mock
MOCK07099,DIAB_A1C_TEST,2025-07-17,20.0,False,Research-generated IncentiveRewards mock
MOCK07123,DIAB_A1C_TEST,2025-07-23,20.0,True,Research-generated IncentiveRewards mock
MOCK07135,DIAB_A1C_TEST,2025-06-30,20.0,True,Research-generated IncentiveRewards mock
MOCK07153,DIAB_A1C_TEST,2025-07-06,20.0,True,Research-generated IncentiveRewards mock
MOCK07171,DIAB_A1C_TEST,2025-07-24,20.0,True,Research-generated IncentiveRewards mock
MOCK07177,DIAB_A1C_TEST,2025-07-27,20.0,False,Research-generated IncentiveRewards mock
MOCK07183,DIAB_A1C_TEST,2025-08-07,20.0,False,Research-generated IncentiveRewards mock
MOCK07189,DIAB_A1C_TEST,2025-07-31,20.0,False,Research-generated IncentiveRewards mock
MOCK07195,DIAB_A1C_TEST,2025-07-24,20.0,True,Research-generated IncentiveRewards mock
MOCK07207,DIAB_A1C_TEST,2025-07-18,20.0,True,Research-generated IncentiveRewards mock
MOCK07237,DIAB_A1C_TEST,2025-07-20,20.0,True,Research-generated IncentiveRewards mock
MOCK07243,DIAB_A1C_TEST,2025-07-28,20.0,True,Research-generated IncentiveRewards mock
MOCK07249,DIAB_A1C_TEST,2025-07-11,20.0,True,Research-generated IncentiveRewards mock
MOCK07267,DIAB_A1C_TEST,2025-07-30,20.0,False,Research-generated IncentiveRewards mock
MOCK07273,DIAB_A1C_TEST,2025-07-17,20.0,True,Research-generated IncentiveRewards mock
MOCK07285,DIAB_A1C_TEST,2025-07-02,20.0,True,Research-generated IncentiveRewards mock
MOCK07297,DIAB_A1C_TEST,2025-07-19,20.0,False,Research-generated IncentiveRewards mock
MOCK07303,DIAB_A1C_TEST,2025-07-28,20.0,False,Research-generated IncentiveRewards mock
MOCK07309,DIAB_A1C_TEST,2025-07-31,20.0,False,Research-generated IncentiveRewards mock
MOCK07315,DIAB_A1C_TEST,2025-07-17,20.0,False,Research-generated IncentiveRewards mock
MOCK07321,DIAB_A1C_TEST,2025-07-25,20.0,True,Research-generated IncentiveRewards mock
MOCK07333,DIAB_A1C_TEST,2025-08-06,20.0,False,Research-generated IncentiveRewards mock
MOCK07345,DIAB_A1C_TEST,2025-07-16,20.0,True,Research-generated IncentiveRewards mock
MOCK07351,DIAB_A1C_TEST,2025-08-06,20.0,False,Research-generated IncentiveRewards mock
MOCK07357,DIAB_A1C_TEST,2025-07-04,20.0,False,Research-generated IncentiveRewards mock
MOCK07363,DIAB_A1C_TEST,2025-08-07,20.0,True,Research-generated IncentiveRewards mock
MOCK07369,DIAB_A1C_TEST,2025-07-06,20.0,False,Research-generated IncentiveRewards mock
MOCK07375,DIAB_A1C_TEST,2025-07-11,20.0,False,Research-generated IncentiveRewards mock
MOCK07399,DIAB_A1C_TEST,2025-07-29,20.0,False,Research-generated IncentiveRewards mock
MOCK07417,DIAB_A1C_TEST,2025-06-30,20.0,False,Research-generated IncentiveRewards mock
MOCK07423,DIAB_A1C_TEST,2025-07-04,20.0,True,Research-generated IncentiveRewards mock
MOCK07447,DIAB_A1C_TEST,2025-07-30,20.0,False,Research-generated IncentiveRewards mock
MOCK07459,DIAB_A1C_TEST,2025-07-19,20.0,True,Research-generated IncentiveRewards mock
MOCK07489,DIAB_A1C_TEST,2025-07-12,20.0,False,Research-generated IncentiveRewards mock
MOCK07513,DIAB_A1C_TEST,2025-07-02,20.0,True,Research-generated IncentiveRewards mock
MOCK07519,DIAB_A1C_TEST,2025-07-30,20.0,True,Research-generated IncentiveRewards mock
MOCK07525,DIAB_A1C_TEST,2025-07-25,20.0,True,Research-generated IncentiveRewards mock
MOCK07561,DIAB_A1C_TEST,2025-07-10,20.0,True,Research-generated IncentiveRewards mock
MOCK07573,DIAB_A1C_TEST,2025-07-17,20.0,True,Research-generated IncentiveRewards mock
MOCK07579,DIAB_A1C_TEST,2025-08-01,20.0,False,Research-generated IncentiveRewards mock
MOCK07585,DIAB_A1C_TEST,2025-07-09,20.0,False,Research-generated IncentiveRewards mock
MOCK07591,DIAB_A1C_TEST,2025-07-01,20.0,False,Research-generated IncentiveRewards mock
MOCK07597,DIAB_A1C_TEST,2025-07-02,20.0,True,Research-generated IncentiveRewards mock
MOCK07609,DIAB_A1C_TEST,2025-08-06,20.0,True,Research-generated IncentiveRewards mock
MOCK07615,DIAB_A1C_TEST,2025-07-01,20.0,True,Research-generated IncentiveRewards mock
MOCK07621,DIAB_A1C_TEST,2025-07-14,20.0,False,Research-generated IncentiveRewards mock
MOCK07639,DIAB_A1C_TEST,2025-07-26,20.0,True,Research-generated IncentiveRewards mock
MOCK07645,DIAB_A1C_TEST,2025-07-29,20.0,True,Research-generated IncentiveRewards mock
MOCK07687,DIAB_A1C_TEST,2025-07-28,20.0,True,Research-generated IncentiveRewards mock
MOCK07699,DIAB_A1C_TEST,2025-07-31,20.0,True,Research-generated IncentiveRewards mock
MOCK07711,DIAB_A1C_TEST,2025-07-01,20.0,False,Research-generated IncentiveRewards mock
MOCK07717,DIAB_A1C_TEST,2025-08-04,20.0,True,Research-generated IncentiveRewards mock
MOCK07735,DIAB_A1C_TEST,2025-07-24,20.0,False,Research-generated IncentiveRewards mock
MOCK07747,DIAB_A1C_TEST,2025-08-02,20.0,False,Research-generated IncentiveRewards mock
MOCK07765,DIAB_A1C_TEST,2025-08-06,20.0,False,Research-generated IncentiveRewards mock
MOCK07783,DIAB_A1C_TEST,2025-07-26,20.0,True,Research-generated IncentiveRewards mock
MOCK07789,DIAB_A1C_TEST,2025-07-20,20.0,True,Research-generated IncentiveRewards mock
MOCK07795,DIAB_A1C_TEST,2025-07-01,20.0,True,Research-generated IncentiveRewards mock
MOCK07807,DIAB_A1C_TEST,2025-07-15,20.0,True,Research-generated IncentiveRewards mock
MOCK07813,DIAB_A1C_TEST,2025-07-27,20.0,False,Research-generated IncentiveRewards mock
MOCK07825,DIAB_A1C_TEST,2025-07-23,20.0,False,Research-generated IncentiveRewards mock
MOCK07831,DIAB_A1C_TEST,2025-07-26,20.0,False,Research-generated IncentiveRewards mock
MOCK07849,DIAB_A1C_TEST,2025-07-16,20.0,False,Research-generated IncentiveRewards mock
MOCK07867,DIAB_A1C_TEST,2025-07-13,20.0,False,Research-generated IncentiveRewards mock
MOCK07939,DIAB_A1C_TEST,2025-08-03,20.0,True,Research-generated IncentiveRewards mock
MOCK07945,DIAB_A1C_TEST,2025-08-02,20.0,False,Research-generated IncentiveRewards mock
MOCK07957,DIAB_A1C_TEST,2025-07-26,20.0,False,Research-generated IncentiveRewards mock
MOCK07981,DIAB_A1C_TEST,2025-07-17,20.0,True,Research-generated IncentiveRewards mock
MOCK07993,DIAB_A1C_TEST,2025-07-16,20.0,True,Research-generated IncentiveRewards mock
MOCK08005,DIAB_A1C_TEST,2025-07-20,20.0,True,Research-generated IncentiveRewards mock
MOCK08035,DIAB_A1C_TEST,2025-07-15,20.0,True,Research-generated IncentiveRewards mock
MOCK08041,DIAB_A1C_TEST,2025-07-20,20.0,True,Research-generated IncentiveRewards mock
MOCK08047,DIAB_A1C_TEST,2025-07-05,20.0,True,Research-generated IncentiveRewards mock
MOCK08065,DIAB_A1C_TEST,2025-07-07,20.0,False,Research-generated IncentiveRewards mock
MOCK08071,DIAB_A1C_TEST,2025-08-07,20.0,True,Research-generated IncentiveRewards mock
MOCK08077,DIAB_A1C_TEST,2025-08-02,20.0,True,Research-generated IncentiveRewards mock
MOCK08089,DIAB_A1C_TEST,2025-07-28,20.0,False,Research-generated IncentiveRewards mock
MOCK08095,DIAB_A1C_TEST,2025-07-23,20.0,False,Research-generated IncentiveRewards mock
MOCK08101,DIAB_A1C_TEST,2025-07-02,20.0,False,Research-generated IncentiveRewards mock
MOCK08107,DIAB_A1C_TEST,2025-07-15,20.0,True,Research-generated IncentiveRewards mock
MOCK08113,DIAB_A1C_TEST,2025-07-19,20.0,False,Research-generated IncentiveRewards mock
MOCK08119,DIAB_A1C_TEST,2025-08-04,20.0,False,Research-generated IncentiveRewards mock
MOCK08137,DIAB_A1C_TEST,2025-07-13,20.0,False,Research-generated IncentiveRewards mock
MOCK08167,DIAB_A1C_TEST,2025-07-02,20.0,True,Research-generated IncentiveRewards mock
MOCK08191,DIAB_A1C_TEST,2025-06-30,20.0,True,Research-generated IncentiveRewards mock
MOCK08197,DIAB_A1C_TEST,2025-07-11,20.0,True,Research-generated IncentiveRewards mock
MOCK08203,DIAB_A1C_TEST,2025-07-17,20.0,True,Research-generated IncentiveRewards mock
MOCK08221,DIAB_A1C_TEST,2025-08-03,20.0,True,Research-generated IncentiveRewards mock
MOCK08233,DIAB_A1C_TEST,2025-07-17,20.0,True,Research-generated IncentiveRewards mock
MOCK08239,DIAB_A1C_TEST,2025-07-16,20.0,True,Research-generated IncentiveRewards mock
MOCK08281,DIAB_A1C_TEST,2025-08-07,20.0,True,Research-generated IncentiveRewards mock
MOCK08299,DIAB_A1C_TEST,2025-08-03,20.0,True,Research-generated IncentiveRewards mock
MOCK08305,DIAB_A1C_TEST,2025-07-15,20.0,False,Research-generated IncentiveRewards mock
MOCK08311,DIAB_A1C_TEST,2025-07-09,20.0,False,Research-generated IncentiveRewards mock
MOCK08317,DIAB_A1C_TEST,2025-07-21,20.0,True,Research-generated IncentiveRewards mock
MOCK08329,DIAB_A1C_TEST,2025-08-03,20.0,False,Research-generated IncentiveRewards mock
MOCK08341,DIAB_A1C_TEST,2025-07-11,20.0,False,Research-generated IncentiveRewards mock
MOCK08347,DIAB_A1C_TEST,2025-07-20,20.0,True,Research-generated IncentiveRewards mock
MOCK08353,DIAB_A1C_TEST,2025-08-07,20.0,False,Research-generated IncentiveRewards mock
MOCK08359,DIAB_A1C_TEST,2025-07-28,20.0,False,Research-generated IncentiveRewards mock
MOCK08371,DIAB_A1C_TEST,2025-07-23,20.0,False,Research-generated IncentiveRewards mock
MOCK08377,DIAB_A1C_TEST,2025-07-24,20.0,False,Research-generated IncentiveRewards mock
MOCK08383,DIAB_A1C_TEST,2025-07-25,20.0,True,Research-generated IncentiveRewards mock
MOCK08389,DIAB_A1C_TEST,2025-06-30,20.0,True,Research-generated IncentiveRewards mock
MOCK08407,DIAB_A1C_TEST,2025-07-09,20.0,False,Research-generated IncentiveRewards mock
MOCK08437,DIAB_A1C_TEST,2025-07-13,20.0,True,Research-generated IncentiveRewards mock
MOCK08473,DIAB_A1C_TEST,2025-07-09,20.0,True,Research-generated IncentiveRewards mock
MOCK08521,DIAB_A1C_TEST,2025-08-06,20.0,True,Research-generated IncentiveRewards mock
MOCK08527,DIAB_A1C_TEST,2025-08-07,20.0,True,Research-generated IncentiveRewards mock
MOCK08545,DIAB_A1C_TEST,2025-07-09,20.0,False,Research-generated IncentiveRewards mock
MOCK08569,DIAB_A1C_TEST,2025-07-10,20.0,False,Research-generated IncentiveRewards mock
MOCK08581,DIAB_A1C_TEST,2025-07-18,20.0,False,Research-generated IncentiveRewards mock
MOCK08587,DIAB_A1C_TEST,2025-07-07,20.0,False,Research-generated IncentiveRewards mock
MOCK08605,DIAB_A1C_TEST,2025-07-12,20.0,True,Research-generated IncentiveRewards mock
MOCK08623,DIAB_A1C_TEST,2025-07-25,20.0,True,Research-generated IncentiveRewards mock
MOCK08629,DIAB_A1C_TEST,2025-07-12,20.0,True,Research-generated IncentiveRewards mock
MOCK08647,DIAB_A1C_TEST,2025-07-19,20.0,False,Research-generated IncentiveRewards mock
MOCK08677,DIAB_A1C_TEST,2025-08-05,20.0,False,Research-generated IncentiveRewards mock
MOCK08683,DIAB_A1C_TEST,2025-08-06,20.0,True,Research-generated IncentiveRewards mock
MOCK08689,DIAB_A1C_TEST,2025-07-28,20.0,False,Research-generated IncentiveRewards mock
MOCK08713,DIAB_A1C_TEST,2025-07-01,20.0,True,Research-generated IncentiveRewards mock
MOCK08725,DIAB_A1C_TEST,2025-07-22,20.0,False,Research-generated IncentiveRewards mock
MOCK08731,DIAB_A1C_TEST,2025-07-02,20.0,True,Research-generated IncentiveRewards mock
MOCK08737,DIAB_A1C_TEST,2025-08-07,20.0,True,Research-generated IncentiveRewards mock
MOCK08749,DIAB_A1C_TEST,2025-07-10,20.0,False,Research-generated IncentiveRewards mock
MOCK08773,DIAB_A1C_TEST,2025-07-01,20.0,False,Research-generated IncentiveRewards mock
MOCK08827,DIAB_A1C_TEST,2025-07-27,20.0,True,Research-generated IncentiveRewards mock
MOCK08839,DIAB_A1C_TEST,2025-07-08,20.0,False,Research-generated IncentiveRewards mock
MOCK08845,DIAB_A1C_TEST,2025-08-07,20.0,True,Research-generated IncentiveRewards mock
MOCK08851,DIAB_A1C_TEST,2025-07-11,20.0,False,Research-generated IncentiveRewards mock
MOCK08857,DIAB_A1C_TEST,2025-07-19,20.0,True,Research-generated IncentiveRewards mock
MOCK08863,DIAB_A1C_TEST,2025-07-15,20.0,False,Research-generated IncentiveRewards mock
MOCK08875,DIAB_A1C_TEST,2025-07-16,20.0,True,Research-generated IncentiveRewards mock
MOCK08881,DIAB_A1C_TEST,2025-07-05,20.0,False,Research-generated IncentiveRewards mock
MOCK08905,DIAB_A1C_TEST,2025-07-16,20.0,True,Research-generated IncentiveRewards mock
MOCK08911,DIAB_A1C_TEST,2025-08-02,20.0,True,Research-generated IncentiveRewards mock
MOCK08917,DIAB_A1C_TEST,2025-07-06,20.0,True,Research-generated IncentiveRewards mock
MOCK08923,DIAB_A1C_TEST,2025-06-30,20.0,True,Research-generated IncentiveRewards mock
MOCK08941,DIAB_A1C_TEST,2025-07-10,20.0,True,Research-generated IncentiveRewards mock
MOCK08953,DIAB_A1C_TEST,2025-07-01,20.0,True,Research-generated IncentiveRewards mock
MOCK08959,DIAB_A1C_TEST,2025-07-12,20.0,True,Research-generated IncentiveRewards mock
MOCK08965,DIAB_A1C_TEST,2025-07-15,20.0,False,Research-generated IncentiveRewards mock
MOCK08971,DIAB_A1C_TEST,2025-07-16,20.0,False,Research-generated IncentiveRewards mock
MOCK08983,DIAB_A1C_TEST,2025-07-30,20.0,False,Research-generated IncentiveRewards mock
MOCK08995,DIAB_A1C_TEST,2025-08-01,20.0,True,Research-generated IncentiveRewards mock
MOCK09019,DIAB_A1C_TEST,2025-07-12,20.0,False,Research-generated IncentiveRewards mock
MOCK09037,DIAB_A1C_TEST,2025-08-04,20.0,True,Research-generated IncentiveRewards mock
MOCK09049,DIAB_A1C_TEST,2025-08-02,20.0,False,Research-generated IncentiveRewards mock
MOCK09055,DIAB_A1C_TEST,2025-07-26,20.0,False,Research-generated IncentiveRewards mock
MOCK09067,DIAB_A1C_TEST,2025-07-08,20.0,True,Research-generated IncentiveRewards mock
MOCK09079,DIAB_A1C_TEST,2025-07-12,20.0,True,Research-generated IncentiveRewards mock
MOCK09085,DIAB_A1C_TEST,2025-07-09,20.0,True,Research-generated IncentiveRewards mock
MOCK09091,DIAB_A1C_TEST,2025-08-05,20.0,True,Research-generated IncentiveRewards mock
MOCK09097,DIAB_A1C_TEST,2025-07-18,20.0,False,Research-generated IncentiveRewards mock
MOCK09121,DIAB_A1C_TEST,2025-08-02,20.0,False,Research-generated IncentiveRewards mock
MOCK09133,DIAB_A1C_TEST,2025-07-07,20.0,True,Research-generated IncentiveRewards mock
MOCK09139,DIAB_A1C_TEST,2025-07-05,20.0,True,Research-generated IncentiveRewards mock
MOCK09175,DIAB_A1C_TEST,2025-08-04,20.0,False,Research-generated IncentiveRewards mock
MOCK09181,DIAB_A1C_TEST,2025-07-03,20.0,False,Research-generated IncentiveRewards mock
MOCK09187,DIAB_A1C_TEST,2025-06-30,20.0,False,Research-generated IncentiveRewards mock
MOCK09211,DIAB_A1C_TEST,2025-07-01,20.0,False,Research-generated IncentiveRewards mock
MOCK09241,DIAB_A1C_TEST,2025-07-18,20.0,True,Research-generated IncentiveRewards mock
MOCK09247,DIAB_A1C_TEST,2025-07-09,20.0,False,Research-generated IncentiveRewards mock
MOCK09259,DIAB_A1C_TEST,2025-07-22,20.0,True,Research-generated IncentiveRewards mock
MOCK09265,DIAB_A1C_TEST,2025-07-08,20.0,True,Research-generated IncentiveRewards mock
MOCK09271,DIAB_A1C_TEST,2025-07-23,20.0,False,Research-generated IncentiveRewards mock
MOCK09277,DIAB_A1C_TEST,2025-07-26,20.0,True,Research-generated IncentiveRewards mock
MOCK09289,DIAB_A1C_TEST,2025-07-19,20.0,False,Research-generated IncentiveRewards mock
MOCK09295,DIAB_A1C_TEST,2025-06-30,20.0,False,Research-generated IncentiveRewards mock
MOCK09313,DIAB_A1C_TEST,2025-07-20,20.0,False,Research-generated IncentiveRewards mock
MOCK09319,DIAB_A1C_TEST,2025-07-24,20.0,True,Research-generated IncentiveRewards mock
MOCK09325,DIAB_A1C_TEST,2025-07-17,20.0,True,Research-generated IncentiveRewards mock
MOCK09331,DIAB_A1C_TEST,2025-07-06,20.0,True,Research-generated IncentiveRewards mock
MOCK09337,DIAB_A1C_TEST,2025-08-03,20.0,True,Research-generated IncentiveRewards mock
MOCK09343,DIAB_A1C_TEST,2025-07-30,20.0,False,Research-generated IncentiveRewards mock
MOCK09367,DIAB_A1C_TEST,2025-07-09,20.0,False,Research-generated IncentiveRewards mock
MOCK09373,DIAB_A1C_TEST,2025-07-09,20.0,True,Research-generated IncentiveRewards mock
MOCK09397,DIAB_A1C_TEST,2025-08-06,20.0,True,Research-generated IncentiveRewards mock
MOCK09403,DIAB_A1C_TEST,2025-07-23,20.0,False,Research-generated IncentiveRewards mock
MOCK09421,DIAB_A1C_TEST,2025-07-03,20.0,True,Research-generated IncentiveRewards mock
MOCK09445,DIAB_A1C_TEST,2025-07-05,20.0,True,Research-generated IncentiveRewards mock
MOCK09463,DIAB_A1C_TEST,2025-07-31,20.0,True,Research-generated IncentiveRewards mock
MOCK09487,DIAB_A1C_TEST,2025-07-08,20.0,True,Research-generated IncentiveRewards mock
MOCK09505,DIAB_A1C_TEST,2025-07-24,20.0,True,Research-generated IncentiveRewards mock
MOCK09511,DIAB_A1C_TEST,2025-07-12,20.0,True,Research-generated IncentiveRewards mock
MOCK09517,DIAB_A1C_TEST,2025-08-01,20.0,False,Research-generated IncentiveRewards mock
MOCK09523,DIAB_A1C_TEST,2025-07-03,20.0,True,Research-generated IncentiveRewards mock
MOCK09541,DIAB_A1C_TEST,2025-07-28,20.0,True,Research-generated IncentiveRewards mock
MOCK09553,DIAB_A1C_TEST,2025-07-14,20.0,True,Research-generated IncentiveRewards mock
MOCK09589,DIAB_A1C_TEST,2025-08-01,20.0,False,Research-generated IncentiveRewards mock
MOCK09595,DIAB_A1C_TEST,2025-07-27,20.0,False,Research-generated IncentiveRewards mock
MOCK09601,DIAB_A1C_TEST,2025-07-11,20.0,True,Research-generated IncentiveRewards mock
MOCK09607,DIAB_A1C_TEST,2025-07-28,20.0,True,Research-generated IncentiveRewards mock
MOCK09613,DIAB_A1C_TEST,2025-08-01,20.0,False,Research-generated IncentiveRewards mock
MOCK09619,DIAB_A1C_TEST,2025-07-12,20.0,True,Research-generated IncentiveRewards mock
MOCK09649,DIAB_A1C_TEST,2025-07-09,20.0,False,Research-generated IncentiveRewards mock
MOCK09655,DIAB_A1C_TEST,2025-07-04,20.0,True,Research-generated IncentiveRewards mock
MOCK09673,DIAB_A1C_TEST,2025-07-26,20.0,False,Research-generated IncentiveRewards mock
MOCK09691,DIAB_A1C_TEST,2025-07-06,20.0,True,Research-generated IncentiveRewards mock
MOCK09697,DIAB_A1C_TEST,2025-07-30,20.0,True,Research-generated IncentiveRewards mock
MOCK09703,DIAB_A1C_TEST,2025-07-19,20.0,True,Research-generated IncentiveRewards mock
MOCK09739,DIAB_A1C_TEST,2025-06-30,20.0,True,Research-generated IncentiveRewards mock
MOCK09763,DIAB_A1C_TEST,2025-07-22,20.0,False,Research-generated IncentiveRewards mock
MOCK09781,DIAB_A1C_TEST,2025-07-22,20.0,True,Research-generated IncentiveRewards mock
MOCK09787,DIAB_A1C_TEST,2025-08-03,20.0,False,Research-generated IncentiveRewards mock
MOCK09793,DIAB_A1C_TEST,2025-07-03,20.0,False,Research-generated IncentiveRewards mock
MOCK09811,DIAB_A1C_TEST,2025-07-20,20.0,False,Research-generated IncentiveRewards mock
MOCK09823,DIAB_A1C_TEST,2025-07-24,20.0,False,Research-generated IncentiveRewards mock
MOCK09835,DIAB_A1C_TEST,2025-07-10,20.0,False,Research-generated IncentiveRewards mock
MOCK09853,DIAB_A1C_TEST,2025-07-17,20.0,False,Research-generated IncentiveRewards mock
MOCK09859,DIAB_A1C_TEST,2025-07-23,20.0,False,Research-generated IncentiveRewards mock
MOCK09895,DIAB_A1C_TEST,2025-08-01,20.0,False,Research-generated IncentiveRewards mock
MOCK09907,DIAB_A1C_TEST,2025-06-30,20.0,False,Research-generated IncentiveRewards mock
MOCK09913,DIAB_A1C_TEST,2025-07-02,20.0,False,Research-generated IncentiveRewards mock
MOCK09919,DIAB_A1C_TEST,2025-07-23,20.0,False,Research-generated IncentiveRewards mock
MOCK09925,DIAB_A1C_TEST,2025-07-06,20.0,True,Research-generated IncentiveRewards mock
MOCK09949,DIAB_A1C_TEST,2025-08-01,20.0,True,Research-generated IncentiveRewards mock
MOCK09967,DIAB_A1C_TEST,2025-07-23,20.0,True,Research-generated IncentiveRewards mock
MOCK09985,DIAB_A1C_TEST,2025-07-20,20.0,False,Research-generated IncentiveRewards mock
MOCK00001,DIAB_EYE_EXAM,2025-07-26,25.0,False,Research-generated IncentiveRewards mock
MOCK00007,DIAB_EYE_EXAM,2025-07-20,25.0,True,Research-generated IncentiveRewards mock
MOCK00061,DIAB_EYE_EXAM,2025-07-16,25.0,False,Research-generated IncentiveRewards mock
MOCK00097,DIAB_EYE_EXAM,2025-07-31,25.0,False,Research-generated IncentiveRewards mock
MOCK00103,DIAB_EYE_EXAM,2025-07-13,25.0,False,Research-generated IncentiveRewards mock
MOCK00109,DIAB_EYE_EXAM,2025-07-20,25.0,False,Research-generated IncentiveRewards mock
MOCK00115,DIAB_EYE_EXAM,2025-07-16,25.0,False,Research-generated IncentiveRewards mock
MOCK00127,DIAB_EYE_EXAM,2025-08-05,25.0,True,Research-generated IncentiveRewards mock
MOCK00133,DIAB_EYE_EXAM,2025-07-03,25.0,False,Research-generated IncentiveRewards mock
MOCK00139,DIAB_EYE_EXAM,2025-07-30,25.0,False,Research-generated IncentiveRewards mock
MOCK00157,DIAB_EYE_EXAM,2025-07-15,25.0,False,Research-generated IncentiveRewards mock
MOCK00163,DIAB_EYE_EXAM,2025-07-06,25.0,False,Research-generated IncentiveRewards mock
MOCK00169,DIAB_EYE_EXAM,2025-07-26,25.0,True,Research-generated IncentiveRewards mock
MOCK00175,DIAB_EYE_EXAM,2025-07-18,25.0,False,Research-generated IncentiveRewards mock
MOCK00181,DIAB_EYE_EXAM,2025-07-05,25.0,True,Research-generated IncentiveRewards mock
MOCK00187,DIAB_EYE_EXAM,2025-07-14,25.0,True,Research-generated IncentiveRewards mock
MOCK00193,DIAB_EYE_EXAM,2025-08-06,25.0,False,Research-generated IncentiveRewards mock
MOCK00217,DIAB_EYE_EXAM,2025-07-07,25.0,False,Research-generated IncentiveRewards mock
MOCK00223,DIAB_EYE_EXAM,2025-08-04,25.0,True,Research-generated IncentiveRewards mock
MOCK00235,DIAB_EYE_EXAM,2025-08-07,25.0,False,Research-generated IncentiveRewards mock
MOCK00259,DIAB_EYE_EXAM,2025-07-13,25.0,True,Research-generated IncentiveRewards mock
MOCK00271,DIAB_EYE_EXAM,2025-08-03,25.0,False,Research-generated IncentiveRewards mock
MOCK00277,DIAB_EYE_EXAM,2025-07-28,25.0,False,Research-generated IncentiveRewards mock
MOCK00283,DIAB_EYE_EXAM,2025-07-25,25.0,False,Research-generated IncentiveRewards mock
MOCK00301,DIAB_EYE_EXAM,2025-07-14,25.0,True,Research-generated IncentiveRewards mock
MOCK00307,DIAB_EYE_EXAM,2025-07-16,25.0,True,Research-generated IncentiveRewards mock
MOCK00325,DIAB_EYE_EXAM,2025-07-28,25.0,False,Research-generated IncentiveRewards mock
MOCK00331,DIAB_EYE_EXAM,2025-07-25,25.0,True,Research-generated IncentiveRewards mock
MOCK00355,DIAB_EYE_EXAM,2025-08-06,25.0,False,Research-generated IncentiveRewards mock
MOCK00361,DIAB_EYE_EXAM,2025-07-22,25.0,False,Research-generated IncentiveRewards mock
MOCK00367,DIAB_EYE_EXAM,2025-07-17,25.0,False,Research-generated IncentiveRewards mock
MOCK00373,DIAB_EYE_EXAM,2025-07-04,25.0,False,Research-generated IncentiveRewards mock
MOCK00385,DIAB_EYE_EXAM,2025-08-04,25.0,True,Research-generated IncentiveRewards mock
MOCK00421,DIAB_EYE_EXAM,2025-07-03,25.0,False,Research-generated IncentiveRewards mock
MOCK00427,DIAB_EYE_EXAM,2025-06-30,25.0,False,Research-generated IncentiveRewards mock
MOCK00433,DIAB_EYE_EXAM,2025-07-07,25.0,False,Research-generated IncentiveRewards mock
MOCK00451,DIAB_EYE_EXAM,2025-07-17,25.0,True,Research-generated IncentiveRewards mock
MOCK00457,DIAB_EYE_EXAM,2025-06-30,25.0,True,Research-generated IncentiveRewards mock
MOCK00463,DIAB_EYE_EXAM,2025-07-08,25.0,False,Research-generated IncentiveRewards mock
MOCK00469,DIAB_EYE_EXAM,2025-08-07,25.0,True,Research-generated IncentiveRewards mock
MOCK00481,DIAB_EYE_EXAM,2025-07-14,25.0,True,Research-generated IncentiveRewards mock
MOCK00499,DIAB_EYE_EXAM,2025-08-05,25.0,True,Research-generated IncentiveRewards mock
MOCK00505,DIAB_EYE_EXAM,2025-08-03,25.0,True,Research-generated IncentiveRewards mock
MOCK00523,DIAB_EYE_EXAM,2025-07-24,25.0,False,Research-generated IncentiveRewards mock
MOCK00529,DIAB_EYE_EXAM,2025-07-12,25.0,True,Research-generated IncentiveRewards mock
MOCK00565,DIAB_EYE_EXAM,2025-07-15,25.0,False,Research-generated IncentiveRewards mock
MOCK00577,DIAB_EYE_EXAM,2025-07-23,25.0,True,Research-generated IncentiveRewards mock
MOCK00631,DIAB_EYE_EXAM,2025-07-14,25.0,True,Research-generated IncentiveRewards mock
MOCK00637,DIAB_EYE_EXAM,2025-07-15,25.0,True,Research-generated IncentiveRewards mock
MOCK00667,DIAB_EYE_EXAM,2025-07-12,25.0,False,Research-generated IncentiveRewards mock
MOCK00673,DIAB_EYE_EXAM,2025-07-26,25.0,True,Research-generated IncentiveRewards mock
MOCK00685,DIAB_EYE_EXAM,2025-07-13,25.0,False,Research-generated IncentiveRewards mock
MOCK00709,DIAB_EYE_EXAM,2025-07-09,25.0,True,Research-generated IncentiveRewards mock
MOCK00721,DIAB_EYE_EXAM,2025-07-03,25.0,False,Research-generated IncentiveRewards mock
MOCK00727,DIAB_EYE_EXAM,2025-07-18,25.0,False,Research-generated IncentiveRewards mock
MOCK00733,DIAB_EYE_EXAM,2025-07-29,25.0,True,Research-generated IncentiveRewards mock
MOCK00739,DIAB_EYE_EXAM,2025-07-22,25.0,True,Research-generated IncentiveRewards mock
MOCK00757,DIAB_EYE_EXAM,2025-07-10,25.0,True,Research-generated IncentiveRewards mock
MOCK00793,DIAB_EYE_EXAM,2025-07-20,25.0,False,Research-generated IncentiveRewards mock
MOCK00799,DIAB_EYE_EXAM,2025-07-02,25.0,False,Research-generated IncentiveRewards mock
MOCK00823,DIAB_EYE_EXAM,2025-07-04,25.0,False,Research-generated IncentiveRewards mock
MOCK00829,DIAB_EYE_EXAM,2025-07-01,25.0,False,Research-generated IncentiveRewards mock
MOCK00841,DIAB_EYE_EXAM,2025-07-18,25.0,False,Research-generated IncentiveRewards mock
MOCK00859,DIAB_EYE_EXAM,2025-07-09,25.0,True,Research-generated IncentiveRewards mock
MOCK00865,DIAB_EYE_EXAM,2025-07-25,25.0,True,Research-generated IncentiveRewards mock
MOCK00871,DIAB_EYE_EXAM,2025-07-26,25.0,True,Research-generated IncentiveRewards mock
MOCK00877,DIAB_EYE_EXAM,2025-07-19,25.0,True,Research-generated IncentiveRewards mock
MOCK00895,DIAB_EYE_EXAM,2025-07-09,25.0,True,Research-generated IncentiveRewards mock
MOCK00907,DIAB_EYE_EXAM,2025-07-05,25.0,False,Research-generated IncentiveRewards mock
MOCK00913,DIAB_EYE_EXAM,2025-07-11,25.0,True,Research-generated IncentiveRewards mock
MOCK00937,DIAB_EYE_EXAM,2025-08-03,25.0,True,Research-generated IncentiveRewards mock
MOCK00949,DIAB_EYE_EXAM,2025-08-04,25.0,False,Research-generated IncentiveRewards mock
MOCK00973,DIAB_EYE_EXAM,2025-08-07,25.0,True,Research-generated IncentiveRewards mock
MOCK00991,DIAB_EYE_EXAM,2025-07-22,25.0,False,Research-generated IncentiveRewards mock
MOCK01015,DIAB_EYE_EXAM,2025-08-05,25.0,False,Research-generated IncentiveRewards mock
MOCK01027,DIAB_EYE_EXAM,2025-07-08,25.0,True,Research-generated IncentiveRewards mock
MOCK01045,DIAB_EYE_EXAM,2025-07-03,25.0,True,Research-generated IncentiveRewards mock
MOCK01093,DIAB_EYE_EXAM,2025-07-06,25.0,True,Research-generated IncentiveRewards mock
MOCK01117,DIAB_EYE_EXAM,2025-07-06,25.0,True,Research-generated IncentiveRewards mock
MOCK01123,DIAB_EYE_EXAM,2025-07-04,25.0,False,Research-generated IncentiveRewards mock
MOCK01129,DIAB_EYE_EXAM,2025-08-02,25.0,False,Research-generated IncentiveRewards mock
MOCK01135,DIAB_EYE_EXAM,2025-07-14,25.0,False,Research-generated IncentiveRewards mock
MOCK01141,DIAB_EYE_EXAM,2025-07-22,25.0,False,Research-generated IncentiveRewards mock
MOCK01147,DIAB_EYE_EXAM,2025-07-20,25.0,False,Research-generated IncentiveRewards mock
MOCK01153,DIAB_EYE_EXAM,2025-07-28,25.0,True,Research-generated IncentiveRewards mock
MOCK01165,DIAB_EYE_EXAM,2025-07-11,25.0,False,Research-generated IncentiveRewards mock
MOCK01177,DIAB_EYE_EXAM,2025-07-14,25.0,False,Research-generated IncentiveRewards mock
MOCK01189,DIAB_EYE_EXAM,2025-07-15,25.0,False,Research-generated IncentiveRewards mock
MOCK01213,DIAB_EYE_EXAM,2025-07-30,25.0,False,Research-generated IncentiveRewards mock
MOCK01225,DIAB_EYE_EXAM,2025-07-08,25.0,True,Research-generated IncentiveRewards mock
MOCK01237,DIAB_EYE_EXAM,2025-08-05,25.0,False,Research-generated IncentiveRewards mock
MOCK01249,DIAB_EYE_EXAM,2025-07-04,25.0,False,Research-generated IncentiveRewards mock
MOCK01261,DIAB_EYE_EXAM,2025-08-03,25.0,False,Research-generated IncentiveRewards mock
MOCK01267,DIAB_EYE_EXAM,2025-07-28,25.0,True,Research-generated IncentiveRewards mock
MOCK01273,DIAB_EYE_EXAM,2025-07-03,25.0,False,Research-generated IncentiveRewards mock
MOCK01279,DIAB_EYE_EXAM,2025-07-15,25.0,True,Research-generated IncentiveRewards mock
MOCK01303,DIAB_EYE_EXAM,2025-07-24,25.0,True,Research-generated IncentiveRewards mock
MOCK01309,DIAB_EYE_EXAM,2025-07-07,25.0,True,Research-generated IncentiveRewards mock
MOCK01321,DIAB_EYE_EXAM,2025-07-16,25.0,True,Research-generated IncentiveRewards mock
MOCK01327,DIAB_EYE_EXAM,2025-07-02,25.0,True,Research-generated IncentiveRewards mock
MOCK01339,DIAB_EYE_EXAM,2025-07-07,25.0,True,Research-generated IncentiveRewards mock
MOCK01345,DIAB_EYE_EXAM,2025-07-09,25.0,False,Research-generated IncentiveRewards mock
MOCK01351,DIAB_EYE_EXAM,2025-08-03,25.0,True,Research-generated IncentiveRewards mock
MOCK01363,DIAB_EYE_EXAM,2025-07-05,25.0,False,Research-generated IncentiveRewards mock
MOCK01375,DIAB_EYE_EXAM,2025-07-22,25.0,False,Research-generated IncentiveRewards mock
MOCK01381,DIAB_EYE_EXAM,2025-08-03,25.0,False,Research-generated IncentiveRewards mock
MOCK01387,DIAB_EYE_EXAM,2025-07-29,25.0,False,Research-generated IncentiveRewards mock
MOCK01399,DIAB_EYE_EXAM,2025-07-20,25.0,True,Research-generated IncentiveRewards mock
MOCK01411,DIAB_EYE_EXAM,2025-07-28,25.0,False,Research-generated IncentiveRewards mock
MOCK01417,DIAB_EYE_EXAM,2025-07-09,25.0,True,Research-generated IncentiveRewards mock
MOCK01423,DIAB_EYE_EXAM,2025-07-12,25.0,False,Research-generated IncentiveRewards mock
MOCK01477,DIAB_EYE_EXAM,2025-07-30,25.0,True,Research-generated IncentiveRewards mock
MOCK01495,DIAB_EYE_EXAM,2025-07-11,25.0,False,Research-generated IncentiveRewards mock
MOCK01513,DIAB_EYE_EXAM,2025-07-20,25.0,False,Research-generated IncentiveRewards mock
MOCK01525,DIAB_EYE_EXAM,2025-07-20,25.0,True,Research-generated IncentiveRewards mock
MOCK01531,DIAB_EYE_EXAM,2025-08-01,25.0,False,Research-generated IncentiveRewards mock
MOCK01537,DIAB_EYE_EXAM,2025-07-16,25.0,False,Research-generated IncentiveRewards mock
MOCK01549,DIAB_EYE_EXAM,2025-07-05,25.0,False,Research-generated IncentiveRewards mock
MOCK01561,DIAB_EYE_EXAM,2025-07-04,25.0,False,Research-generated IncentiveRewards mock
MOCK01567,DIAB_EYE_EXAM,2025-07-07,25.0,False,Research-generated IncentiveRewards mock
MOCK01579,DIAB_EYE_EXAM,2025-07-03,25.0,False,Research-generated IncentiveRewards mock
MOCK01591,DIAB_EYE_EXAM,2025-08-01,25.0,False,Research-generated IncentiveRewards mock
MOCK01609,DIAB_EYE_EXAM,2025-07-06,25.0,True,Research-generated IncentiveRewards mock
MOCK01615,DIAB_EYE_EXAM,2025-07-14,25.0,True,Research-generated IncentiveRewards mock
MOCK01621,DIAB_EYE_EXAM,2025-07-21,25.0,True,Research-generated IncentiveRewards mock
MOCK01639,DIAB_EYE_EXAM,2025-07-06,25.0,True,Research-generated IncentiveRewards mock
MOCK01645,DIAB_EYE_EXAM,2025-07-09,25.0,False,Research-generated IncentiveRewards mock
MOCK01657,DIAB_EYE_EXAM,2025-07-01,25.0,True,Research-generated IncentiveRewards mock
MOCK01675,DIAB_EYE_EXAM,2025-07-06,25.0,False,Research-generated IncentiveRewards mock
MOCK01687,DIAB_EYE_EXAM,2025-06-30,25.0,False,Research-generated IncentiveRewards mock
MOCK01693,DIAB_EYE_EXAM,2025-07-12,25.0,True,Research-generated IncentiveRewards mock
MOCK01723,DIAB_EYE_EXAM,2025-08-06,25.0,False,Research-generated IncentiveRewards mock
MOCK01741,DIAB_EYE_EXAM,2025-07-20,25.0,False,Research-generated IncentiveRewards mock
MOCK01747,DIAB_EYE_EXAM,2025-07-25,25.0,True,Research-generated IncentiveRewards mock
MOCK01765,DIAB_EYE_EXAM,2025-08-07,25.0,False,Research-generated IncentiveRewards mock
MOCK01777,DIAB_EYE_EXAM,2025-07-31,25.0,False,Research-generated IncentiveRewards mock
MOCK01783,DIAB_EYE_EXAM,2025-07-31,25.0,False,Research-generated IncentiveRewards mock
MOCK01789,DIAB_EYE_EXAM,2025-07-28,25.0,True,Research-generated IncentiveRewards mock
MOCK01801,DIAB_EYE_EXAM,2025-07-18,25.0,False,Research-generated IncentiveRewards mock
MOCK01813,DIAB_EYE_EXAM,2025-07-05,25.0,True,Research-generated IncentiveRewards mock
MOCK01831,DIAB_EYE_EXAM,2025-07-26,25.0,False,Research-generated IncentiveRewards mock
MOCK01843,DIAB_EYE_EXAM,2025-07-21,25.0,True,Research-generated IncentiveRewards mock
MOCK01849,DIAB_EYE_EXAM,2025-07-01,25.0,True,Research-generated IncentiveRewards mock
MOCK01867,DIAB_EYE_EXAM,2025-07-02,25.0,False,Research-generated IncentiveRewards mock
MOCK01879,DIAB_EYE_EXAM,2025-07-25,25.0,True,Research-generated IncentiveRewards mock
MOCK01921,DIAB_EYE_EXAM,2025-07-08,25.0,False,Research-generated IncentiveRewards mock
MOCK01927,DIAB_EYE_EXAM,2025-07-08,25.0,True,Research-generated IncentiveRewards mock
MOCK01939,DIAB_EYE_EXAM,2025-07-20,25.0,False,Research-generated IncentiveRewards mock
MOCK01951,DIAB_EYE_EXAM,2025-07-11,25.0,True,Research-generated IncentiveRewards mock
MOCK01963,DIAB_EYE_EXAM,2025-07-29,25.0,True,Research-generated IncentiveRewards mock
MOCK01981,DIAB_EYE_EXAM,2025-08-07,25.0,True,Research-generated IncentiveRewards mock
MOCK01999,DIAB_EYE_EXAM,2025-08-03,25.0,False,Research-generated IncentiveRewards mock
MOCK02005,DIAB_EYE_EXAM,2025-07-02,25.0,True,Research-generated IncentiveRewards mock
MOCK02023,DIAB_EYE_EXAM,2025-07-31,25.0,True,Research-generated IncentiveRewards mock
MOCK02035,DIAB_EYE_EXAM,2025-07-16,25.0,True,Research-generated IncentiveRewards mock
MOCK02041,DIAB_EYE_EXAM,2025-07-05,25.0,True,Research-generated IncentiveRewards mock
MOCK02053,DIAB_EYE_EXAM,2025-07-24,25.0,False,Research-generated IncentiveRewards mock
MOCK02059,DIAB_EYE_EXAM,2025-07-19,25.0,True,Research-generated IncentiveRewards mock
MOCK02071,DIAB_EYE_EXAM,2025-07-05,25.0,True,Research-generated IncentiveRewards mock
MOCK02077,DIAB_EYE_EXAM,2025-08-04,25.0,True,Research-generated IncentiveRewards mock
MOCK02113,DIAB_EYE_EXAM,2025-07-17,25.0,True,Research-generated IncentiveRewards mock
MOCK02125,DIAB_EYE_EXAM,2025-07-25,25.0,False,Research-generated IncentiveRewards mock
MOCK02131,DIAB_EYE_EXAM,2025-07-25,25.0,True,Research-generated IncentiveRewards mock
MOCK02155,DIAB_EYE_EXAM,2025-07-23,25.0,True,Research-generated IncentiveRewards mock
MOCK02161,DIAB_EYE_EXAM,2025-08-06,25.0,False,Research-generated IncentiveRewards mock
MOCK02185,DIAB_EYE_EXAM,2025-07-06,25.0,False,Research-generated IncentiveRewards mock
MOCK02191,DIAB_EYE_EXAM,2025-07-03,25.0,False,Research-generated IncentiveRewards mock
MOCK02209,DIAB_EYE_EXAM,2025-08-01,25.0,False,Research-generated IncentiveRewards mock
MOCK02215,DIAB_EYE_EXAM,2025-07-22,25.0,True,Research-generated IncentiveRewards mock
MOCK02221,DIAB_EYE_EXAM,2025-07-01,25.0,False,Research-generated IncentiveRewards mock
MOCK02227,DIAB_EYE_EXAM,2025-08-07,25.0,False,Research-generated IncentiveRewards mock
MOCK02239,DIAB_EYE_EXAM,2025-07-11,25.0,True,Research-generated IncentiveRewards mock
MOCK02269,DIAB_EYE_EXAM,2025-08-07,25.0,True,Research-generated IncentiveRewards mock
MOCK02275,DIAB_EYE_EXAM,2025-07-17,25.0,False,Research-generated IncentiveRewards mock
MOCK02281,DIAB_EYE_EXAM,2025-07-20,25.0,True,Research-generated IncentiveRewards mock
MOCK02293,DIAB_EYE_EXAM,2025-07-25,25.0,True,Research-generated IncentiveRewards mock
MOCK02299,DIAB_EYE_EXAM,2025-07-06,25.0,True,Research-generated IncentiveRewards mock
MOCK02305,DIAB_EYE_EXAM,2025-07-11,25.0,True,Research-generated IncentiveRewards mock
MOCK02311,DIAB_EYE_EXAM,2025-07-14,25.0,True,Research-generated IncentiveRewards mock
MOCK02341,DIAB_EYE_EXAM,2025-07-28,25.0,False,Research-generated IncentiveRewards mock
MOCK02347,DIAB_EYE_EXAM,2025-07-15,25.0,True,Research-generated IncentiveRewards mock
MOCK02353,DIAB_EYE_EXAM,2025-07-15,25.0,True,Research-generated IncentiveRewards mock
MOCK02371,DIAB_EYE_EXAM,2025-07-05,25.0,False,Research-generated IncentiveRewards mock
MOCK02383,DIAB_EYE_EXAM,2025-07-22,25.0,False,Research-generated IncentiveRewards mock
MOCK02389,DIAB_EYE_EXAM,2025-07-19,25.0,False,Research-generated IncentiveRewards mock
MOCK02419,DIAB_EYE_EXAM,2025-07-07,25.0,False,Research-generated IncentiveRewards mock
MOCK02443,DIAB_EYE_EXAM,2025-07-27,25.0,True,Research-generated IncentiveRewards mock
MOCK02455,DIAB_EYE_EXAM,2025-07-18,25.0,True,Research-generated IncentiveRewards mock
MOCK02461,DIAB_EYE_EXAM,2025-07-17,25.0,True,Research-generated IncentiveRewards mock
MOCK02491,DIAB_EYE_EXAM,2025-07-12,25.0,True,Research-generated IncentiveRewards mock
MOCK02503,DIAB_EYE_EXAM,2025-07-05,25.0,True,Research-generated IncentiveRewards mock
MOCK02515,DIAB_EYE_EXAM,2025-07-28,25.0,True,Research-generated IncentiveRewards mock
MOCK02539,DIAB_EYE_EXAM,2025-08-03,25.0,False,Research-generated IncentiveRewards mock
MOCK02545,DIAB_EYE_EXAM,2025-07-12,25.0,False,Research-generated IncentiveRewards mock
MOCK02551,DIAB_EYE_EXAM,2025-07-31,25.0,True,Research-generated IncentiveRewards mock
MOCK02557,DIAB_EYE_EXAM,2025-07-07,25.0,True,Research-generated IncentiveRewards mock
MOCK02569,DIAB_EYE_EXAM,2025-07-30,25.0,True,Research-generated IncentiveRewards mock
MOCK02581,DIAB_EYE_EXAM,2025-08-02,25.0,False,Research-generated IncentiveRewards mock
MOCK02587,DIAB_EYE_EXAM,2025-07-29,25.0,False,Research-generated IncentiveRewards mock
MOCK02599,DIAB_EYE_EXAM,2025-08-04,25.0,True,Research-generated IncentiveRewards mock
MOCK02605,DIAB_EYE_EXAM,2025-07-26,25.0,False,Research-generated IncentiveRewards mock
MOCK02611,DIAB_EYE_EXAM,2025-07-06,25.0,False,Research-generated IncentiveRewards mock
MOCK02617,DIAB_EYE_EXAM,2025-07-05,25.0,False,Research-generated IncentiveRewards mock
MOCK02629,DIAB_EYE_EXAM,2025-07-10,25.0,True,Research-generated IncentiveRewards mock
MOCK02635,DIAB_EYE_EXAM,2025-07-29,25.0,True,Research-generated IncentiveRewards mock
MOCK02659,DIAB_EYE_EXAM,2025-07-10,25.0,True,Research-generated IncentiveRewards mock
MOCK02671,DIAB_EYE_EXAM,2025-08-04,25.0,False,Research-generated IncentiveRewards mock
MOCK02677,DIAB_EYE_EXAM,2025-08-04,25.0,True,Research-generated IncentiveRewards mock
MOCK02707,DIAB_EYE_EXAM,2025-07-21,25.0,False,Research-generated IncentiveRewards mock
MOCK02725,DIAB_EYE_EXAM,2025-08-06,25.0,True,Research-generated IncentiveRewards mock
MOCK02731,DIAB_EYE_EXAM,2025-07-22,25.0,False,Research-generated IncentiveRewards mock
MOCK02737,DIAB_EYE_EXAM,2025-07-23,25.0,False,Research-generated IncentiveRewards mock
MOCK02749,DIAB_EYE_EXAM,2025-07-09,25.0,False,Research-generated IncentiveRewards mock
MOCK02755,DIAB_EYE_EXAM,2025-07-12,25.0,False,Research-generated IncentiveRewards mock
MOCK02773,DIAB_EYE_EXAM,2025-07-12,25.0,True,Research-generated IncentiveRewards mock
MOCK02797,DIAB_EYE_EXAM,2025-07-15,25.0,False,Research-generated IncentiveRewards mock
MOCK02803,DIAB_EYE_EXAM,2025-07-17,25.0,True,Research-generated IncentiveRewards mock
MOCK02815,DIAB_EYE_EXAM,2025-07-21,25.0,True,Research-generated IncentiveRewards mock
MOCK02827,DIAB_EYE_EXAM,2025-07-21,25.0,True,Research-generated IncentiveRewards mock
MOCK02863,DIAB_EYE_EXAM,2025-07-14,25.0,True,Research-generated IncentiveRewards mock
MOCK02869,DIAB_EYE_EXAM,2025-07-17,25.0,True,Research-generated IncentiveRewards mock
MOCK02899,DIAB_EYE_EXAM,2025-07-12,25.0,True,Research-generated IncentiveRewards mock
MOCK02941,DIAB_EYE_EXAM,2025-07-24,25.0,False,Research-generated IncentiveRewards mock
MOCK02953,DIAB_EYE_EXAM,2025-07-13,25.0,True,Research-generated IncentiveRewards mock
MOCK02959,DIAB_EYE_EXAM,2025-07-31,25.0,True,Research-generated IncentiveRewards mock
MOCK02965,DIAB_EYE_EXAM,2025-07-09,25.0,True,Research-generated IncentiveRewards mock
MOCK02977,DIAB_EYE_EXAM,2025-08-04,25.0,True,Research-generated IncentiveRewards mock
MOCK03001,DIAB_EYE_EXAM,2025-08-01,25.0,True,Research-generated IncentiveRewards mock
MOCK03007,DIAB_EYE_EXAM,2025-08-05,25.0,False,Research-generated IncentiveRewards mock
MOCK03067,DIAB_EYE_EXAM,2025-07-24,25.0,False,Research-generated IncentiveRewards mock
MOCK03073,DIAB_EYE_EXAM,2025-07-17,25.0,True,Research-generated IncentiveRewards mock
MOCK03079,DIAB_EYE_EXAM,2025-07-27,25.0,True,Research-generated IncentiveRewards mock
MOCK03097,DIAB_EYE_EXAM,2025-07-25,25.0,True,Research-generated IncentiveRewards mock
MOCK03109,DIAB_EYE_EXAM,2025-07-11,25.0,True,Research-generated IncentiveRewards mock
MOCK03115,DIAB_EYE_EXAM,2025-07-11,25.0,False,Research-generated IncentiveRewards mock
MOCK03127,DIAB_EYE_EXAM,2025-07-18,25.0,False,Research-generated IncentiveRewards mock
MOCK03133,DIAB_EYE_EXAM,2025-07-22,25.0,True,Research-generated IncentiveRewards mock
MOCK03145,DIAB_EYE_EXAM,2025-07-15,25.0,True,Research-generated IncentiveRewards mock
MOCK03175,DIAB_EYE_EXAM,2025-07-11,25.0,True,Research-generated IncentiveRewards mock
MOCK03187,DIAB_EYE_EXAM,2025-07-22,25.0,False,Research-generated IncentiveRewards mock
MOCK03193,DIAB_EYE_EXAM,2025-07-06,25.0,True,Research-generated IncentiveRewards mock
MOCK03205,DIAB_EYE_EXAM,2025-06-30,25.0,False,Research-generated IncentiveRewards mock
MOCK03217,DIAB_EYE_EXAM,2025-07-13,25.0,False,Research-generated IncentiveRewards mock
MOCK03229,DIAB_EYE_EXAM,2025-07-31,25.0,False,Research-generated IncentiveRewards mock
MOCK03235,DIAB_EYE_EXAM,2025-07-05,25.0,True,Research-generated IncentiveRewards mock
MOCK03259,DIAB_EYE_EXAM,2025-07-27,25.0,True,Research-generated IncentiveRewards mock
MOCK03289,DIAB_EYE_EXAM,2025-07-15,25.0,True,Research-generated IncentiveRewards mock
MOCK03331,DIAB_EYE_EXAM,2025-07-01,25.0,False,Research-generated IncentiveRewards mock
MOCK03355,DIAB_EYE_EXAM,2025-08-03,25.0,False,Research-generated IncentiveRewards mock
MOCK03379,DIAB_EYE_EXAM,2025-07-24,25.0,False,Research-generated IncentiveRewards mock
MOCK03385,DIAB_EYE_EXAM,2025-07-02,25.0,False,Research-generated IncentiveRewards mock
MOCK03391,DIAB_EYE_EXAM,2025-08-05,25.0,False,Research-generated IncentiveRewards mock
MOCK03397,DIAB_EYE_EXAM,2025-07-05,25.0,False,Research-generated IncentiveRewards mock
MOCK03409,DIAB_EYE_EXAM,2025-07-30,25.0,True,Research-generated IncentiveRewards mock
MOCK03421,DIAB_EYE_EXAM,2025-07-10,25.0,False,Research-generated IncentiveRewards mock
MOCK03427,DIAB_EYE_EXAM,2025-07-18,25.0,True,Research-generated IncentiveRewards mock
MOCK03445,DIAB_EYE_EXAM,2025-07-25,25.0,False,Research-generated IncentiveRewards mock
MOCK03451,DIAB_EYE_EXAM,2025-07-17,25.0,False,Research-generated IncentiveRewards mock
MOCK03469,DIAB_EYE_EXAM,2025-08-01,25.0,False,Research-generated IncentiveRewards mock
MOCK03481,DIAB_EYE_EXAM,2025-07-06,25.0,False,Research-generated IncentiveRewards mock
MOCK03493,DIAB_EYE_EXAM,2025-07-16,25.0,False,Research-generated IncentiveRewards mock
MOCK03511,DIAB_EYE_EXAM,2025-07-09,25.0,True,Research-generated IncentiveRewards mock
MOCK03523,DIAB_EYE_EXAM,2025-07-11,25.0,False,Research-generated IncentiveRewards mock
MOCK03529,DIAB_EYE_EXAM,2025-07-26,25.0,False,Research-generated IncentiveRewards mock
MOCK03535,DIAB_EYE_EXAM,2025-07-31,25.0,False,Research-generated IncentiveRewards mock
MOCK03541,DIAB_EYE_EXAM,2025-07-25,25.0,False,Research-generated IncentiveRewards mock
MOCK03553,DIAB_EYE_EXAM,2025-08-07,25.0,False,Research-generated IncentiveRewards mock
MOCK03565,DIAB_EYE_EXAM,2025-08-07,25.0,False,Research-generated IncentiveRewards mock
MOCK03589,DIAB_EYE_EXAM,2025-07-03,25.0,True,Research-generated IncentiveRewards mock
MOCK03595,DIAB_EYE_EXAM,2025-07-26,25.0,True,Research-generated IncentiveRewards mock
MOCK03619,DIAB_EYE_EXAM,2025-07-12,25.0,True,Research-generated IncentiveRewards mock
MOCK03625,DIAB_EYE_EXAM,2025-07-12,25.0,True,Research-generated IncentiveRewards mock
MOCK03649,DIAB_EYE_EXAM,2025-07-16,25.0,True,Research-generated IncentiveRewards mock
MOCK03655,DIAB_EYE_EXAM,2025-07-08,25.0,False,Research-generated IncentiveRewards mock
MOCK03673,DIAB_EYE_EXAM,2025-07-26,25.0,True,Research-generated IncentiveRewards mock
MOCK03691,DIAB_EYE_EXAM,2025-07-12,25.0,True,Research-generated IncentiveRewards mock
MOCK03697,DIAB_EYE_EXAM,2025-07-30,25.0,False,Research-generated IncentiveRewards mock
MOCK03709,DIAB_EYE_EXAM,2025-08-01,25.0,True,Research-generated IncentiveRewards mock
MOCK03727,DIAB_EYE_EXAM,2025-08-05,25.0,False,Research-generated IncentiveRewards mock
MOCK03739,DIAB_EYE_EXAM,2025-07-15,25.0,False,Research-generated IncentiveRewards mock
MOCK03745,DIAB_EYE_EXAM,2025-07-12,25.0,True,Research-generated IncentiveRewards mock
MOCK03763,DIAB_EYE_EXAM,2025-07-27,25.0,False,Research-generated IncentiveRewards mock
MOCK03793,DIAB_EYE_EXAM,2025-08-03,25.0,False,Research-generated IncentiveRewards mock
MOCK03799,DIAB_EYE_EXAM,2025-07-10,25.0,True,Research-generated IncentiveRewards mock
MOCK03811,DIAB_EYE_EXAM,2025-07-22,25.0,True,Research-generated IncentiveRewards mock
MOCK03823,DIAB_EYE_EXAM,2025-08-04,25.0,True,Research-generated IncentiveRewards mock
MOCK03829,DIAB_EYE_EXAM,2025-07-03,25.0,True,Research-generated IncentiveRewards mock
MOCK03835,DIAB_EYE_EXAM,2025-07-12,25.0,True,Research-generated IncentiveRewards mock
MOCK03841,DIAB_EYE_EXAM,2025-07-05,25.0,False,Research-generated IncentiveRewards mock
MOCK03847,DIAB_EYE_EXAM,2025-07-12,25.0,False,Research-generated IncentiveRewards mock
MOCK03865,DIAB_EYE_EXAM,2025-07-02,25.0,True,Research-generated IncentiveRewards mock
MOCK03871,DIAB_EYE_EXAM,2025-07-19,25.0,True,Research-generated IncentiveRewards mock
MOCK03883,DIAB_EYE_EXAM,2025-07-08,25.0,False,Research-generated IncentiveRewards mock
MOCK03931,DIAB_EYE_EXAM,2025-07-13,25.0,False,Research-generated IncentiveRewards mock
MOCK03937,DIAB_EYE_EXAM,2025-07-25,25.0,True,Research-generated IncentiveRewards mock
MOCK03943,DIAB_EYE_EXAM,2025-07-29,25.0,True,Research-generated IncentiveRewards mock
MOCK03949,DIAB_EYE_EXAM,2025-08-01,25.0,False,Research-generated IncentiveRewards mock
MOCK03961,DIAB_EYE_EXAM,2025-07-06,25.0,False,Research-generated IncentiveRewards mock
MOCK03967,DIAB_EYE_EXAM,2025-07-01,25.0,False,Research-generated IncentiveRewards mock
MOCK03973,DIAB_EYE_EXAM,2025-07-05,25.0,True,Research-generated IncentiveRewards mock
MOCK03997,DIAB_EYE_EXAM,2025-08-01,25.0,True,Research-generated IncentiveRewards mock
MOCK04003,DIAB_EYE_EXAM,2025-07-21,25.0,True,Research-generated IncentiveRewards mock
MOCK04033,DIAB_EYE_EXAM,2025-07-03,25.0,True,Research-generated IncentiveRewards mock
MOCK04063,DIAB_EYE_EXAM,2025-07-22,25.0,False,Research-generated IncentiveRewards mock
MOCK04069,DIAB_EYE_EXAM,2025-07-10,25.0,False,Research-generated IncentiveRewards mock
MOCK04087,DIAB_EYE_EXAM,2025-07-07,25.0,True,Research-generated IncentiveRewards mock
MOCK04093,DIAB_EYE_EXAM,2025-07-19,25.0,False,Research-generated IncentiveRewards mock
MOCK04105,DIAB_EYE_EXAM,2025-07-29,25.0,True,Research-generated IncentiveRewards mock
MOCK04111,DIAB_EYE_EXAM,2025-07-27,25.0,False,Research-generated IncentiveRewards mock
MOCK04141,DIAB_EYE_EXAM,2025-07-08,25.0,True,Research-generated IncentiveRewards mock
MOCK04171,DIAB_EYE_EXAM,2025-08-06,25.0,False,Research-generated IncentiveRewards mock
MOCK04177,DIAB_EYE_EXAM,2025-07-04,25.0,True,Research-generated IncentiveRewards mock
MOCK04183,DIAB_EYE_EXAM,2025-07-29,25.0,False,Research-generated IncentiveRewards mock
MOCK04189,DIAB_EYE_EXAM,2025-07-03,25.0,False,Research-generated IncentiveRewards mock
MOCK04201,DIAB_EYE_EXAM,2025-07-06,25.0,False,Research-generated IncentiveRewards mock
MOCK04213,DIAB_EYE_EXAM,2025-07-06,25.0,True,Research-generated IncentiveRewards mock
MOCK04219,DIAB_EYE_EXAM,2025-07-01,25.0,True,Research-generated IncentiveRewards mock
MOCK04225,DIAB_EYE_EXAM,2025-08-01,25.0,False,Research-generated IncentiveRewards mock
MOCK04231,DIAB_EYE_EXAM,2025-07-02,25.0,False,Research-generated IncentiveRewards mock
MOCK04249,DIAB_EYE_EXAM,2025-08-07,25.0,False,Research-generated IncentiveRewards mock
MOCK04273,DIAB_EYE_EXAM,2025-07-25,25.0,True,Research-generated IncentiveRewards mock
MOCK04279,DIAB_EYE_EXAM,2025-07-07,25.0,True,Research-generated IncentiveRewards mock
MOCK04297,DIAB_EYE_EXAM,2025-07-15,25.0,False,Research-generated IncentiveRewards mock
MOCK04309,DIAB_EYE_EXAM,2025-08-03,25.0,True,Research-generated IncentiveRewards mock
MOCK04321,DIAB_EYE_EXAM,2025-08-07,25.0,False,Research-generated IncentiveRewards mock
MOCK04333,DIAB_EYE_EXAM,2025-08-03,25.0,True,Research-generated IncentiveRewards mock
MOCK04339,DIAB_EYE_EXAM,2025-07-17,25.0,False,Research-generated IncentiveRewards mock
MOCK04351,DIAB_EYE_EXAM,2025-07-24,25.0,False,Research-generated IncentiveRewards mock
MOCK04369,DIAB_EYE_EXAM,2025-07-25,25.0,True,Research-generated IncentiveRewards mock
MOCK04375,DIAB_EYE_EXAM,2025-08-05,25.0,True,Research-generated IncentiveRewards mock
MOCK04399,DIAB_EYE_EXAM,2025-06-30,25.0,True,Research-generated IncentiveRewards mock
MOCK04423,DIAB_EYE_EXAM,2025-07-14,25.0,False,Research-generated IncentiveRewards mock
MOCK04429,DIAB_EYE_EXAM,2025-08-01,25.0,True,Research-generated IncentiveRewards mock
MOCK04447,DIAB_EYE_EXAM,2025-07-18,25.0,True,Research-generated IncentiveRewards mock
MOCK04459,DIAB_EYE_EXAM,2025-07-20,25.0,True,Research-generated IncentiveRewards mock
MOCK04465,DIAB_EYE_EXAM,2025-07-01,25.0,False,Research-generated IncentiveRewards mock
MOCK04471,DIAB_EYE_EXAM,2025-08-05,25.0,True,Research-generated IncentiveRewards mock
MOCK04477,DIAB_EYE_EXAM,2025-07-23,25.0,False,Research-generated IncentiveRewards mock
MOCK04483,DIAB_EYE_EXAM,2025-07-14,25.0,True,Research-generated IncentiveRewards mock
MOCK04489,DIAB_EYE_EXAM,2025-07-18,25.0,False,Research-generated IncentiveRewards mock
MOCK04495,DIAB_EYE_EXAM,2025-07-24,25.0,True,Research-generated IncentiveRewards mock
MOCK04519,DIAB_EYE_EXAM,2025-07-10,25.0,True,Research-generated IncentiveRewards mock
MOCK04531,DIAB_EYE_EXAM,2025-07-04,25.0,False,Research-generated IncentiveRewards mock
MOCK04549,DIAB_EYE_EXAM,2025-07-21,25.0,False,Research-generated IncentiveRewards mock
MOCK04555,DIAB_EYE_EXAM,2025-07-06,25.0,False,Research-generated IncentiveRewards mock
MOCK04591,DIAB_EYE_EXAM,2025-07-06,25.0,True,Research-generated IncentiveRewards mock
MOCK04603,DIAB_EYE_EXAM,2025-07-17,25.0,True,Research-generated IncentiveRewards mock
MOCK04615,DIAB_EYE_EXAM,2025-07-24,25.0,False,Research-generated IncentiveRewards mock
MOCK04633,DIAB_EYE_EXAM,2025-07-02,25.0,True,Research-generated IncentiveRewards mock
MOCK04639,DIAB_EYE_EXAM,2025-07-14,25.0,True,Research-generated IncentiveRewards mock
MOCK04645,DIAB_EYE_EXAM,2025-06-30,25.0,False,Research-generated IncentiveRewards mock
MOCK04663,DIAB_EYE_EXAM,2025-07-23,25.0,True,Research-generated IncentiveRewards mock
MOCK04681,DIAB_EYE_EXAM,2025-07-25,25.0,False,Research-generated IncentiveRewards mock
MOCK04693,DIAB_EYE_EXAM,2025-07-06,25.0,False,Research-generated IncentiveRewards mock
MOCK04699,DIAB_EYE_EXAM,2025-08-01,25.0,False,Research-generated IncentiveRewards mock
MOCK04705,DIAB_EYE_EXAM,2025-08-03,25.0,False,Research-generated IncentiveRewards mock
MOCK04717,DIAB_EYE_EXAM,2025-07-18,25.0,True,Research-generated IncentiveRewards mock
MOCK04723,DIAB_EYE_EXAM,2025-08-01,25.0,True,Research-generated IncentiveRewards mock
MOCK04747,DIAB_EYE_EXAM,2025-07-18,25.0,False,Research-generated IncentiveRewards mock
MOCK04759,DIAB_EYE_EXAM,2025-07-13,25.0,True,Research-generated IncentiveRewards mock
MOCK04771,DIAB_EYE_EXAM,2025-07-18,25.0,False,Research-generated IncentiveRewards mock
MOCK04777,DIAB_EYE_EXAM,2025-07-22,25.0,True,Research-generated IncentiveRewards mock
MOCK04783,DIAB_EYE_EXAM,2025-07-18,25.0,False,Research-generated IncentiveRewards mock
MOCK04795,DIAB_EYE_EXAM,2025-07-11,25.0,False,Research-generated IncentiveRewards mock
MOCK04801,DIAB_EYE_EXAM,2025-07-26,25.0,False,Research-generated IncentiveRewards mock
MOCK04819,DIAB_EYE_EXAM,2025-08-03,25.0,True,Research-generated IncentiveRewards mock
MOCK04837,DIAB_EYE_EXAM,2025-07-08,25.0,True,Research-generated IncentiveRewards mock
MOCK04855,DIAB_EYE_EXAM,2025-07-20,25.0,True,Research-generated IncentiveRewards mock
MOCK04861,DIAB_EYE_EXAM,2025-07-06,25.0,True,Research-generated IncentiveRewards mock
MOCK04867,DIAB_EYE_EXAM,2025-07-03,25.0,False,Research-generated IncentiveRewards mock
MOCK04873,DIAB_EYE_EXAM,2025-07-05,25.0,True,Research-generated IncentiveRewards mock
MOCK04897,DIAB_EYE_EXAM,2025-07-12,25.0,False,Research-generated IncentiveRewards mock
MOCK04903,DIAB_EYE_EXAM,2025-07-13,25.0,False,Research-generated IncentiveRewards mock
MOCK04909,DIAB_EYE_EXAM,2025-07-14,25.0,True,Research-generated IncentiveRewards mock
MOCK04921,DIAB_EYE_EXAM,2025-07-02,25.0,True,Research-generated IncentiveRewards mock
MOCK04939,DIAB_EYE_EXAM,2025-07-13,25.0,False,Research-generated IncentiveRewards mock
MOCK04969,DIAB_EYE_EXAM,2025-07-08,25.0,True,Research-generated IncentiveRewards mock
MOCK04981,DIAB_EYE_EXAM,2025-08-03,25.0,False,Research-generated IncentiveRewards mock
MOCK04993,DIAB_EYE_EXAM,2025-08-05,25.0,True,Research-generated IncentiveRewards mock
MOCK05011,DIAB_EYE_EXAM,2025-07-29,25.0,False,Research-generated IncentiveRewards mock
MOCK05017,DIAB_EYE_EXAM,2025-07-04,25.0,False,Research-generated IncentiveRewards mock
MOCK05029,DIAB_EYE_EXAM,2025-07-04,25.0,True,Research-generated IncentiveRewards mock
MOCK05047,DIAB_EYE_EXAM,2025-07-15,25.0,True,Research-generated IncentiveRewards mock
MOCK05071,DIAB_EYE_EXAM,2025-08-06,25.0,True,Research-generated IncentiveRewards mock
MOCK05077,DIAB_EYE_EXAM,2025-07-29,25.0,True,Research-generated IncentiveRewards mock
MOCK05083,DIAB_EYE_EXAM,2025-07-04,25.0,False,Research-generated IncentiveRewards mock
MOCK05107,DIAB_EYE_EXAM,2025-07-05,25.0,True,Research-generated IncentiveRewards mock
MOCK05131,DIAB_EYE_EXAM,2025-07-08,25.0,True,Research-generated IncentiveRewards mock
MOCK05143,DIAB_EYE_EXAM,2025-07-02,25.0,False,Research-generated IncentiveRewards mock
MOCK05149,DIAB_EYE_EXAM,2025-07-12,25.0,True,Research-generated IncentiveRewards mock
MOCK05167,DIAB_EYE_EXAM,2025-07-03,25.0,False,Research-generated IncentiveRewards mock
MOCK05185,DIAB_EYE_EXAM,2025-07-31,25.0,True,Research-generated IncentiveRewards mock
MOCK05197,DIAB_EYE_EXAM,2025-07-06,25.0,True,Research-generated IncentiveRewards mock
MOCK05203,DIAB_EYE_EXAM,2025-07-31,25.0,True,Research-generated IncentiveRewards mock
MOCK05209,DIAB_EYE_EXAM,2025-08-07,25.0,True,Research-generated IncentiveRewards mock
MOCK05221,DIAB_EYE_EXAM,2025-07-19,25.0,True,Research-generated IncentiveRewards mock
MOCK05227,DIAB_EYE_EXAM,2025-07-20,25.0,False,Research-generated IncentiveRewards mock
MOCK05257,DIAB_EYE_EXAM,2025-07-14,25.0,True,Research-generated IncentiveRewards mock
MOCK05263,DIAB_EYE_EXAM,2025-07-31,25.0,True,Research-generated IncentiveRewards mock
MOCK05281,DIAB_EYE_EXAM,2025-07-22,25.0,False,Research-generated IncentiveRewards mock
MOCK05287,DIAB_EYE_EXAM,2025-07-18,25.0,False,Research-generated IncentiveRewards mock
MOCK05293,DIAB_EYE_EXAM,2025-07-04,25.0,True,Research-generated IncentiveRewards mock
MOCK05299,DIAB_EYE_EXAM,2025-07-25,25.0,False,Research-generated IncentiveRewards mock
MOCK05317,DIAB_EYE_EXAM,2025-07-07,25.0,False,Research-generated IncentiveRewards mock
MOCK05335,DIAB_EYE_EXAM,2025-07-31,25.0,False,Research-generated IncentiveRewards mock
MOCK05341,DIAB_EYE_EXAM,2025-08-02,25.0,True,Research-generated IncentiveRewards mock
MOCK05353,DIAB_EYE_EXAM,2025-07-22,25.0,True,Research-generated IncentiveRewards mock
MOCK05395,DIAB_EYE_EXAM,2025-07-31,25.0,True,Research-generated IncentiveRewards mock
MOCK05425,DIAB_EYE_EXAM,2025-08-05,25.0,False,Research-generated IncentiveRewards mock
MOCK05467,DIAB_EYE_EXAM,2025-08-06,25.0,False,Research-generated IncentiveRewards mock
MOCK05473,DIAB_EYE_EXAM,2025-07-22,25.0,True,Research-generated IncentiveRewards mock
MOCK05497,DIAB_EYE_EXAM,2025-07-25,25.0,True,Research-generated IncentiveRewards mock
MOCK05503,DIAB_EYE_EXAM,2025-07-13,25.0,True,Research-generated IncentiveRewards mock
MOCK05509,DIAB_EYE_EXAM,2025-07-21,25.0,True,Research-generated IncentiveRewards mock
MOCK05533,DIAB_EYE_EXAM,2025-07-13,25.0,True,Research-generated IncentiveRewards mock
MOCK05551,DIAB_EYE_EXAM,2025-07-20,25.0,False,Research-generated IncentiveRewards mock
MOCK05569,DIAB_EYE_EXAM,2025-07-06,25.0,True,Research-generated IncentiveRewards mock
MOCK05575,DIAB_EYE_EXAM,2025-07-19,25.0,True,Research-generated IncentiveRewards mock
MOCK05605,DIAB_EYE_EXAM,2025-07-08,25.0,False,Research-generated IncentiveRewards mock
MOCK05623,DIAB_EYE_EXAM,2025-07-29,25.0,False,Research-generated IncentiveRewards mock
MOCK05635,DIAB_EYE_EXAM,2025-07-20,25.0,False,Research-generated IncentiveRewards mock
MOCK05641,DIAB_EYE_EXAM,2025-07-10,25.0,True,Research-generated IncentiveRewards mock
MOCK05647,DIAB_EYE_EXAM,2025-07-20,25.0,True,Research-generated IncentiveRewards mock
MOCK05659,DIAB_EYE_EXAM,2025-08-06,25.0,False,Research-generated IncentiveRewards mock
MOCK05665,DIAB_EYE_EXAM,2025-08-05,25.0,True,Research-generated IncentiveRewards mock
MOCK05677,DIAB_EYE_EXAM,2025-07-23,25.0,True,Research-generated IncentiveRewards mock
MOCK05695,DIAB_EYE_EXAM,2025-08-07,25.0,False,Research-generated IncentiveRewards mock
MOCK05701,DIAB_EYE_EXAM,2025-07-02,25.0,True,Research-generated IncentiveRewards mock
MOCK05713,DIAB_EYE_EXAM,2025-08-05,25.0,False,Research-generated IncentiveRewards mock
MOCK05719,DIAB_EYE_EXAM,2025-08-02,25.0,False,Research-generated IncentiveRewards mock
MOCK05785,DIAB_EYE_EXAM,2025-07-26,25.0,True,Research-generated IncentiveRewards mock
MOCK05803,DIAB_EYE_EXAM,2025-07-03,25.0,False,Research-generated IncentiveRewards mock
MOCK05809,DIAB_EYE_EXAM,2025-07-01,25.0,True,Research-generated IncentiveRewards mock
MOCK05821,DIAB_EYE_EXAM,2025-07-28,25.0,True,Research-generated IncentiveRewards mock
MOCK05827,DIAB_EYE_EXAM,2025-07-05,25.0,False,Research-generated IncentiveRewards mock
MOCK05833,DIAB_EYE_EXAM,2025-08-02,25.0,False,Research-generated IncentiveRewards mock
MOCK05839,DIAB_EYE_EXAM,2025-07-09,25.0,True,Research-generated IncentiveRewards mock
MOCK05851,DIAB_EYE_EXAM,2025-07-07,25.0,False,Research-generated IncentiveRewards mock
MOCK05857,DIAB_EYE_EXAM,2025-07-18,25.0,True,Research-generated IncentiveRewards mock
MOCK05869,DIAB_EYE_EXAM,2025-06-30,25.0,False,Research-generated IncentiveRewards mock
MOCK05875,DIAB_EYE_EXAM,2025-07-22,25.0,True,Research-generated IncentiveRewards mock
MOCK05911,DIAB_EYE_EXAM,2025-08-07,25.0,True,Research-generated IncentiveRewards mock
MOCK05929,DIAB_EYE_EXAM,2025-07-22,25.0,False,Research-generated IncentiveRewards mock
MOCK05941,DIAB_EYE_EXAM,2025-07-10,25.0,True,Research-generated IncentiveRewards mock
MOCK05965,DIAB_EYE_EXAM,2025-07-30,25.0,False,Research-generated IncentiveRewards mock
MOCK05983,DIAB_EYE_EXAM,2025-07-08,25.0,False,Research-generated IncentiveRewards mock
MOCK05989,DIAB_EYE_EXAM,2025-07-20,25.0,True,Research-generated IncentiveRewards mock
MOCK06001,DIAB_EYE_EXAM,2025-08-06,25.0,False,Research-generated IncentiveRewards mock
MOCK06019,DIAB_EYE_EXAM,2025-07-30,25.0,True,Research-generated IncentiveRewards mock
MOCK06031,DIAB_EYE_EXAM,2025-08-02,25.0,False,Research-generated IncentiveRewards mock
MOCK06049,DIAB_EYE_EXAM,2025-07-23,25.0,False,Research-generated IncentiveRewards mock
MOCK06073,DIAB_EYE_EXAM,2025-07-14,25.0,False,Research-generated IncentiveRewards mock
MOCK06091,DIAB_EYE_EXAM,2025-07-15,25.0,True,Research-generated IncentiveRewards mock
MOCK06103,DIAB_EYE_EXAM,2025-07-19,25.0,False,Research-generated IncentiveRewards mock
MOCK06115,DIAB_EYE_EXAM,2025-07-09,25.0,True,Research-generated IncentiveRewards mock
MOCK06127,DIAB_EYE_EXAM,2025-07-24,25.0,False,Research-generated IncentiveRewards mock
MOCK06133,DIAB_EYE_EXAM,2025-08-07,25.0,False,Research-generated IncentiveRewards mock
MOCK06163,DIAB_EYE_EXAM,2025-08-05,25.0,True,Research-generated IncentiveRewards mock
MOCK06175,DIAB_EYE_EXAM,2025-07-04,25.0,True,Research-generated IncentiveRewards mock
MOCK06181,DIAB_EYE_EXAM,2025-07-16,25.0,True,Research-generated IncentiveRewards mock
MOCK06199,DIAB_EYE_EXAM,2025-08-03,25.0,False,Research-generated IncentiveRewards mock
MOCK06205,DIAB_EYE_EXAM,2025-07-30,25.0,False,Research-generated IncentiveRewards mock
MOCK06217,DIAB_EYE_EXAM,2025-08-01,25.0,False,Research-generated IncentiveRewards mock
MOCK06223,DIAB_EYE_EXAM,2025-07-02,25.0,True,Research-generated IncentiveRewards mock
MOCK06229,DIAB_EYE_EXAM,2025-07-11,25.0,False,Research-generated IncentiveRewards mock
MOCK06235,DIAB_EYE_EXAM,2025-07-27,25.0,False,Research-generated IncentiveRewards mock
MOCK06241,DIAB_EYE_EXAM,2025-07-11,25.0,False,Research-generated IncentiveRewards mock
MOCK06253,DIAB_EYE_EXAM,2025-08-03,25.0,False,Research-generated IncentiveRewards mock
MOCK06319,DIAB_EYE_EXAM,2025-07-24,25.0,False,Research-generated IncentiveRewards mock
MOCK06337,DIAB_EYE_EXAM,2025-07-14,25.0,False,Research-generated IncentiveRewards mock
MOCK06349,DIAB_EYE_EXAM,2025-07-24,25.0,True,Research-generated IncentiveRewards mock
MOCK06355,DIAB_EYE_EXAM,2025-07-05,25.0,True,Research-generated IncentiveRewards mock
MOCK06367,DIAB_EYE_EXAM,2025-07-22,25.0,False,Research-generated IncentiveRewards mock
MOCK06373,DIAB_EYE_EXAM,2025-07-18,25.0,False,Research-generated IncentiveRewards mock
MOCK06379,DIAB_EYE_EXAM,2025-08-06,25.0,True,Research-generated IncentiveRewards mock
MOCK06427,DIAB_EYE_EXAM,2025-07-19,25.0,True,Research-generated IncentiveRewards mock
MOCK06445,DIAB_EYE_EXAM,2025-07-03,25.0,True,Research-generated IncentiveRewards mock
MOCK06451,DIAB_EYE_EXAM,2025-07-19,25.0,True,Research-generated IncentiveRewards mock
MOCK06463,DIAB_EYE_EXAM,2025-07-07,25.0,True,Research-generated IncentiveRewards mock
MOCK06475,DIAB_EYE_EXAM,2025-07-08,25.0,True,Research-generated IncentiveRewards mock
MOCK06487,DIAB_EYE_EXAM,2025-07-16,25.0,True,Research-generated IncentiveRewards mock
MOCK06499,DIAB_EYE_EXAM,2025-07-09,25.0,True,Research-generated IncentiveRewards mock
MOCK06505,DIAB_EYE_EXAM,2025-07-03,25.0,True,Research-generated IncentiveRewards mock
MOCK06511,DIAB_EYE_EXAM,2025-07-22,25.0,False,Research-generated IncentiveRewards mock
MOCK06535,DIAB_EYE_EXAM,2025-08-03,25.0,False,Research-generated IncentiveRewards mock
MOCK06553,DIAB_EYE_EXAM,2025-07-16,25.0,False,Research-generated IncentiveRewards mock
MOCK06577,DIAB_EYE_EXAM,2025-07-01,25.0,False,Research-generated IncentiveRewards mock
MOCK06583,DIAB_EYE_EXAM,2025-07-07,25.0,True,Research-generated IncentiveRewards mock
MOCK06595,DIAB_EYE_EXAM,2025-07-14,25.0,False,Research-generated IncentiveRewards mock
MOCK06601,DIAB_EYE_EXAM,2025-08-07,25.0,False,Research-generated IncentiveRewards mock
MOCK06619,DIAB_EYE_EXAM,2025-07-25,25.0,False,Research-generated IncentiveRewards mock
MOCK06625,DIAB_EYE_EXAM,2025-07-01,25.0,True,Research-generated IncentiveRewards mock
MOCK06637,DIAB_EYE_EXAM,2025-07-27,25.0,True,Research-generated IncentiveRewards mock
MOCK06643,DIAB_EYE_EXAM,2025-07-21,25.0,True,Research-generated IncentiveRewards mock
MOCK06649,DIAB_EYE_EXAM,2025-07-11,25.0,False,Research-generated IncentiveRewards mock
MOCK06667,DIAB_EYE_EXAM,2025-07-15,25.0,False,Research-generated IncentiveRewards mock
MOCK06673,DIAB_EYE_EXAM,2025-07-01,25.0,True,Research-generated IncentiveRewards mock
MOCK06697,DIAB_EYE_EXAM,2025-08-01,25.0,False,Research-generated IncentiveRewards mock
MOCK06721,DIAB_EYE_EXAM,2025-07-02,25.0,False,Research-generated IncentiveRewards mock
MOCK06733,DIAB_EYE_EXAM,2025-08-01,25.0,True,Research-generated IncentiveRewards mock
MOCK06739,DIAB_EYE_EXAM,2025-08-05,25.0,True,Research-generated IncentiveRewards mock
MOCK06745,DIAB_EYE_EXAM,2025-07-06,25.0,True,Research-generated IncentiveRewards mock
MOCK06757,DIAB_EYE_EXAM,2025-07-20,25.0,False,Research-generated IncentiveRewards mock
MOCK06781,DIAB_EYE_EXAM,2025-07-22,25.0,False,Research-generated IncentiveRewards mock
MOCK06793,DIAB_EYE_EXAM,2025-07-15,25.0,False,Research-generated IncentiveRewards mock
MOCK06805,DIAB_EYE_EXAM,2025-07-17,25.0,False,Research-generated IncentiveRewards mock
MOCK06811,DIAB_EYE_EXAM,2025-08-07,25.0,True,Research-generated IncentiveRewards mock
MOCK06823,DIAB_EYE_EXAM,2025-07-06,25.0,False,Research-generated IncentiveRewards mock
MOCK06829,DIAB_EYE_EXAM,2025-08-06,25.0,True,Research-generated IncentiveRewards mock
MOCK06841,DIAB_EYE_EXAM,2025-07-12,25.0,True,Research-generated IncentiveRewards mock
MOCK06847,DIAB_EYE_EXAM,2025-07-30,25.0,True,Research-generated IncentiveRewards mock
MOCK06853,DIAB_EYE_EXAM,2025-07-07,25.0,True,Research-generated IncentiveRewards mock
MOCK06859,DIAB_EYE_EXAM,2025-07-20,25.0,False,Research-generated IncentiveRewards mock
MOCK06871,DIAB_EYE_EXAM,2025-07-07,25.0,False,Research-generated IncentiveRewards mock
MOCK06889,DIAB_EYE_EXAM,2025-07-03,25.0,True,Research-generated IncentiveRewards mock
MOCK06907,DIAB_EYE_EXAM,2025-07-04,25.0,False,Research-generated IncentiveRewards mock
MOCK06913,DIAB_EYE_EXAM,2025-07-27,25.0,True,Research-generated IncentiveRewards mock
MOCK06919,DIAB_EYE_EXAM,2025-07-21,25.0,False,Research-generated IncentiveRewards mock
MOCK06925,DIAB_EYE_EXAM,2025-08-01,25.0,False,Research-generated IncentiveRewards mock
MOCK06943,DIAB_EYE_EXAM,2025-07-24,25.0,False,Research-generated IncentiveRewards mock
MOCK06949,DIAB_EYE_EXAM,2025-08-01,25.0,False,Research-generated IncentiveRewards mock
MOCK06955,DIAB_EYE_EXAM,2025-07-14,25.0,True,Research-generated IncentiveRewards mock
MOCK06973,DIAB_EYE_EXAM,2025-07-04,25.0,True,Research-generated IncentiveRewards mock
MOCK07009,DIAB_EYE_EXAM,2025-07-21,25.0,True,Research-generated IncentiveRewards mock
MOCK07015,DIAB_EYE_EXAM,2025-08-06,25.0,True,Research-generated IncentiveRewards mock
MOCK07027,DIAB_EYE_EXAM,2025-07-08,25.0,False,Research-generated IncentiveRewards mock
MOCK07033,DIAB_EYE_EXAM,2025-08-06,25.0,True,Research-generated IncentiveRewards mock
MOCK07069,DIAB_EYE_EXAM,2025-07-17,25.0,True,Research-generated IncentiveRewards mock
MOCK07093,DIAB_EYE_EXAM,2025-07-14,25.0,True,Research-generated IncentiveRewards mock
MOCK07099,DIAB_EYE_EXAM,2025-07-07,25.0,True,Research-generated IncentiveRewards mock
MOCK07111,DIAB_EYE_EXAM,2025-07-04,25.0,True,Research-generated IncentiveRewards mock
MOCK07117,DIAB_EYE_EXAM,2025-07-03,25.0,False,Research-generated IncentiveRewards mock
MOCK07135,DIAB_EYE_EXAM,2025-07-22,25.0,True,Research-generated IncentiveRewards mock
MOCK07141,DIAB_EYE_EXAM,2025-07-30,25.0,True,Research-generated IncentiveRewards mock
MOCK07147,DIAB_EYE_EXAM,2025-07-28,25.0,False,Research-generated IncentiveRewards mock
MOCK07165,DIAB_EYE_EXAM,2025-08-05,25.0,False,Research-generated IncentiveRewards mock
MOCK07171,DIAB_EYE_EXAM,2025-08-01,25.0,True,Research-generated IncentiveRewards mock
MOCK07177,DIAB_EYE_EXAM,2025-07-23,25.0,True,Research-generated IncentiveRewards mock
MOCK07183,DIAB_EYE_EXAM,2025-07-03,25.0,False,Research-generated IncentiveRewards mock
MOCK07189,DIAB_EYE_EXAM,2025-07-01,25.0,True,Research-generated IncentiveRewards mock
MOCK07201,DIAB_EYE_EXAM,2025-07-06,25.0,True,Research-generated IncentiveRewards mock
MOCK07207,DIAB_EYE_EXAM,2025-08-02,25.0,True,Research-generated IncentiveRewards mock
MOCK07219,DIAB_EYE_EXAM,2025-07-11,25.0,False,Research-generated IncentiveRewards mock
MOCK07225,DIAB_EYE_EXAM,2025-08-07,25.0,True,Research-generated IncentiveRewards mock
MOCK07231,DIAB_EYE_EXAM,2025-07-31,25.0,False,Research-generated IncentiveRewards mock
MOCK07237,DIAB_EYE_EXAM,2025-07-08,25.0,False,Research-generated IncentiveRewards mock
MOCK07243,DIAB_EYE_EXAM,2025-07-14,25.0,False,Research-generated IncentiveRewards mock
MOCK07255,DIAB_EYE_EXAM,2025-07-25,25.0,False,Research-generated IncentiveRewards mock
MOCK07273,DIAB_EYE_EXAM,2025-08-07,25.0,False,Research-generated IncentiveRewards mock
MOCK07279,DIAB_EYE_EXAM,2025-07-01,25.0,True,Research-generated IncentiveRewards mock
MOCK07285,DIAB_EYE_EXAM,2025-07-09,25.0,False,Research-generated IncentiveRewards mock
MOCK07291,DIAB_EYE_EXAM,2025-07-21,25.0,False,Research-generated IncentiveRewards mock
MOCK07303,DIAB_EYE_EXAM,2025-07-13,25.0,True,Research-generated IncentiveRewards mock
MOCK07351,DIAB_EYE_EXAM,2025-07-14,25.0,True,Research-generated IncentiveRewards mock
MOCK07357,DIAB_EYE_EXAM,2025-08-04,25.0,False,Research-generated IncentiveRewards mock
MOCK07363,DIAB_EYE_EXAM,2025-07-10,25.0,True,Research-generated IncentiveRewards mock
MOCK07369,DIAB_EYE_EXAM,2025-07-20,25.0,True,Research-generated IncentiveRewards mock
MOCK07381,DIAB_EYE_EXAM,2025-07-24,25.0,False,Research-generated IncentiveRewards mock
MOCK07399,DIAB_EYE_EXAM,2025-07-19,25.0,True,Research-generated IncentiveRewards mock
MOCK07411,DIAB_EYE_EXAM,2025-08-02,25.0,False,Research-generated IncentiveRewards mock
MOCK07429,DIAB_EYE_EXAM,2025-08-02,25.0,True,Research-generated IncentiveRewards mock
MOCK07441,DIAB_EYE_EXAM,2025-08-06,25.0,True,Research-generated IncentiveRewards mock
MOCK07459,DIAB_EYE_EXAM,2025-07-04,25.0,True,Research-generated IncentiveRewards mock
MOCK07495,DIAB_EYE_EXAM,2025-07-24,25.0,False,Research-generated IncentiveRewards mock
MOCK07513,DIAB_EYE_EXAM,2025-07-14,25.0,True,Research-generated IncentiveRewards mock
MOCK07519,DIAB_EYE_EXAM,2025-07-12,25.0,False,Research-generated IncentiveRewards mock
MOCK07525,DIAB_EYE_EXAM,2025-07-30,25.0,False,Research-generated IncentiveRewards mock
MOCK07531,DIAB_EYE_EXAM,2025-07-04,25.0,False,Research-generated IncentiveRewards mock
MOCK07537,DIAB_EYE_EXAM,2025-07-21,25.0,False,Research-generated IncentiveRewards mock
MOCK07543,DIAB_EYE_EXAM,2025-07-16,25.0,False,Research-generated IncentiveRewards mock
MOCK07555,DIAB_EYE_EXAM,2025-07-24,25.0,True,Research-generated IncentiveRewards mock
MOCK07561,DIAB_EYE_EXAM,2025-07-12,25.0,False,Research-generated IncentiveRewards mock
MOCK07573,DIAB_EYE_EXAM,2025-07-25,25.0,False,Research-generated IncentiveRewards mock
MOCK07579,DIAB_EYE_EXAM,2025-07-06,25.0,True,Research-generated IncentiveRewards mock
MOCK07603,DIAB_EYE_EXAM,2025-07-31,25.0,True,Research-generated IncentiveRewards mock
MOCK07609,DIAB_EYE_EXAM,2025-07-08,25.0,True,Research-generated IncentiveRewards mock
MOCK07639,DIAB_EYE_EXAM,2025-07-27,25.0,True,Research-generated IncentiveRewards mock
MOCK07645,DIAB_EYE_EXAM,2025-08-05,25.0,True,Research-generated IncentiveRewards mock
MOCK07663,DIAB_EYE_EXAM,2025-08-01,25.0,False,Research-generated IncentiveRewards mock
MOCK07675,DIAB_EYE_EXAM,2025-07-22,25.0,False,Research-generated IncentiveRewards mock
MOCK07687,DIAB_EYE_EXAM,2025-07-20,25.0,True,Research-generated IncentiveRewards mock
MOCK07699,DIAB_EYE_EXAM,2025-07-01,25.0,True,Research-generated IncentiveRewards mock
MOCK07717,DIAB_EYE_EXAM,2025-07-17,25.0,False,Research-generated IncentiveRewards mock
MOCK07741,DIAB_EYE_EXAM,2025-07-18,25.0,False,Research-generated IncentiveRewards mock
MOCK07777,DIAB_EYE_EXAM,2025-07-02,25.0,True,Research-generated IncentiveRewards mock
MOCK07783,DIAB_EYE_EXAM,2025-07-28,25.0,False,Research-generated IncentiveRewards mock
MOCK07789,DIAB_EYE_EXAM,2025-07-23,25.0,True,Research-generated IncentiveRewards mock
MOCK07795,DIAB_EYE_EXAM,2025-07-09,25.0,False,Research-generated IncentiveRewards mock
MOCK07801,DIAB_EYE_EXAM,2025-07-08,25.0,False,Research-generated IncentiveRewards mock
MOCK07807,DIAB_EYE_EXAM,2025-07-28,25.0,True,Research-generated IncentiveRewards mock
MOCK07825,DIAB_EYE_EXAM,2025-07-01,25.0,False,Research-generated IncentiveRewards mock
MOCK07879,DIAB_EYE_EXAM,2025-07-27,25.0,False,Research-generated IncentiveRewards mock
MOCK07909,DIAB_EYE_EXAM,2025-07-25,25.0,False,Research-generated IncentiveRewards mock
MOCK07915,DIAB_EYE_EXAM,2025-07-29,25.0,True,Research-generated IncentiveRewards mock
MOCK07957,DIAB_EYE_EXAM,2025-08-02,25.0,False,Research-generated IncentiveRewards mock
MOCK07969,DIAB_EYE_EXAM,2025-07-24,25.0,True,Research-generated IncentiveRewards mock
MOCK07981,DIAB_EYE_EXAM,2025-07-13,25.0,True,Research-generated IncentiveRewards mock
MOCK07993,DIAB_EYE_EXAM,2025-07-25,25.0,False,Research-generated IncentiveRewards mock
MOCK07999,DIAB_EYE_EXAM,2025-07-30,25.0,False,Research-generated IncentiveRewards mock
MOCK08017,DIAB_EYE_EXAM,2025-08-06,25.0,True,Research-generated IncentiveRewards mock
MOCK08029,DIAB_EYE_EXAM,2025-07-14,25.0,True,Research-generated IncentiveRewards mock
MOCK08035,DIAB_EYE_EXAM,2025-07-23,25.0,True,Research-generated IncentiveRewards mock
MOCK08041,DIAB_EYE_EXAM,2025-07-16,25.0,True,Research-generated IncentiveRewards mock
MOCK08089,DIAB_EYE_EXAM,2025-07-17,25.0,False,Research-generated IncentiveRewards mock
MOCK08095,DIAB_EYE_EXAM,2025-07-20,25.0,False,Research-generated IncentiveRewards mock
MOCK08101,DIAB_EYE_EXAM,2025-07-08,25.0,True,Research-generated IncentiveRewards mock
MOCK08119,DIAB_EYE_EXAM,2025-07-13,25.0,True,Research-generated IncentiveRewards mock
MOCK08137,DIAB_EYE_EXAM,2025-07-07,25.0,True,Research-generated IncentiveRewards mock
MOCK08143,DIAB_EYE_EXAM,2025-07-14,25.0,True,Research-generated IncentiveRewards mock
MOCK08149,DIAB_EYE_EXAM,2025-07-24,25.0,False,Research-generated IncentiveRewards mock
MOCK08155,DIAB_EYE_EXAM,2025-07-04,25.0,False,Research-generated IncentiveRewards mock
MOCK08173,DIAB_EYE_EXAM,2025-08-03,25.0,True,Research-generated IncentiveRewards mock
MOCK08185,DIAB_EYE_EXAM,2025-07-10,25.0,True,Research-generated IncentiveRewards mock
MOCK08191,DIAB_EYE_EXAM,2025-07-21,25.0,True,Research-generated IncentiveRewards mock
MOCK08197,DIAB_EYE_EXAM,2025-07-04,25.0,True,Research-generated IncentiveRewards mock
MOCK08221,DIAB_EYE_EXAM,2025-07-06,25.0,True,Research-generated IncentiveRewards mock
MOCK08233,DIAB_EYE_EXAM,2025-07-07,25.0,False,Research-generated IncentiveRewards mock
MOCK08239,DIAB_EYE_EXAM,2025-07-15,25.0,True,Research-generated IncentiveRewards mock
MOCK08257,DIAB_EYE_EXAM,2025-07-20,25.0,True,Research-generated IncentiveRewards mock
MOCK08287,DIAB_EYE_EXAM,2025-07-06,25.0,True,Research-generated IncentiveRewards mock
MOCK08299,DIAB_EYE_EXAM,2025-08-01,25.0,True,Research-generated IncentiveRewards mock
MOCK08305,DIAB_EYE_EXAM,2025-07-06,25.0,False,Research-generated IncentiveRewards mock
MOCK08323,DIAB_EYE_EXAM,2025-07-30,25.0,False,Research-generated IncentiveRewards mock
MOCK08347,DIAB_EYE_EXAM,2025-07-15,25.0,True,Research-generated IncentiveRewards mock
MOCK08353,DIAB_EYE_EXAM,2025-07-10,25.0,False,Research-generated IncentiveRewards mock
MOCK08359,DIAB_EYE_EXAM,2025-07-09,25.0,False,Research-generated IncentiveRewards mock
MOCK08365,DIAB_EYE_EXAM,2025-07-12,25.0,True,Research-generated IncentiveRewards mock
MOCK08371,DIAB_EYE_EXAM,2025-07-14,25.0,False,Research-generated IncentiveRewards mock
MOCK08377,DIAB_EYE_EXAM,2025-07-04,25.0,False,Research-generated IncentiveRewards mock
MOCK08383,DIAB_EYE_EXAM,2025-07-27,25.0,False,Research-generated IncentiveRewards mock
MOCK08389,DIAB_EYE_EXAM,2025-07-21,25.0,False,Research-generated IncentiveRewards mock
MOCK08407,DIAB_EYE_EXAM,2025-07-05,25.0,True,Research-generated IncentiveRewards mock
MOCK08419,DIAB_EYE_EXAM,2025-07-16,25.0,True,Research-generated IncentiveRewards mock
MOCK08425,DIAB_EYE_EXAM,2025-07-18,25.0,True,Research-generated IncentiveRewards mock
MOCK08437,DIAB_EYE_EXAM,2025-07-30,25.0,False,Research-generated IncentiveRewards mock
MOCK08443,DIAB_EYE_EXAM,2025-07-22,25.0,True,Research-generated IncentiveRewards mock
MOCK08449,DIAB_EYE_EXAM,2025-07-29,25.0,True,Research-generated IncentiveRewards mock
MOCK08467,DIAB_EYE_EXAM,2025-07-08,25.0,True,Research-generated IncentiveRewards mock
MOCK08473,DIAB_EYE_EXAM,2025-07-17,25.0,True,Research-generated IncentiveRewards mock
MOCK08479,DIAB_EYE_EXAM,2025-07-17,25.0,False,Research-generated IncentiveRewards mock
MOCK08491,DIAB_EYE_EXAM,2025-07-10,25.0,True,Research-generated IncentiveRewards mock
MOCK08509,DIAB_EYE_EXAM,2025-07-14,25.0,True,Research-generated IncentiveRewards mock
MOCK08521,DIAB_EYE_EXAM,2025-07-06,25.0,True,Research-generated IncentiveRewards mock
MOCK08527,DIAB_EYE_EXAM,2025-07-09,25.0,True,Research-generated IncentiveRewards mock
MOCK08533,DIAB_EYE_EXAM,2025-07-18,25.0,False,Research-generated IncentiveRewards mock
MOCK08557,DIAB_EYE_EXAM,2025-07-09,25.0,True,Research-generated IncentiveRewards mock
MOCK08563,DIAB_EYE_EXAM,2025-08-04,25.0,False,Research-generated IncentiveRewards mock
MOCK08575,DIAB_EYE_EXAM,2025-07-06,25.0,False,Research-generated IncentiveRewards mock
MOCK08581,DIAB_EYE_EXAM,2025-07-12,25.0,False,Research-generated IncentiveRewards mock
MOCK08605,DIAB_EYE_EXAM,2025-07-05,25.0,False,Research-generated IncentiveRewards mock
MOCK08611,DIAB_EYE_EXAM,2025-06-30,25.0,True,Research-generated IncentiveRewards mock
MOCK08617,DIAB_EYE_EXAM,2025-07-17,25.0,True,Research-generated IncentiveRewards mock
MOCK08629,DIAB_EYE_EXAM,2025-07-11,25.0,False,Research-generated IncentiveRewards mock
MOCK08635,DIAB_EYE_EXAM,2025-08-02,25.0,False,Research-generated IncentiveRewards mock
MOCK08641,DIAB_EYE_EXAM,2025-07-14,25.0,False,Research-generated IncentiveRewards mock
MOCK08665,DIAB_EYE_EXAM,2025-07-29,25.0,True,Research-generated IncentiveRewards mock
MOCK08677,DIAB_EYE_EXAM,2025-08-05,25.0,False,Research-generated IncentiveRewards mock
MOCK08683,DIAB_EYE_EXAM,2025-07-14,25.0,False,Research-generated IncentiveRewards mock
MOCK08689,DIAB_EYE_EXAM,2025-07-19,25.0,True,Research-generated IncentiveRewards mock
MOCK08701,DIAB_EYE_EXAM,2025-07-25,25.0,False,Research-generated IncentiveRewards mock
MOCK08719,DIAB_EYE_EXAM,2025-07-24,25.0,True,Research-generated IncentiveRewards mock
MOCK08737,DIAB_EYE_EXAM,2025-07-23,25.0,False,Research-generated IncentiveRewards mock
MOCK08749,DIAB_EYE_EXAM,2025-08-03,25.0,False,Research-generated IncentiveRewards mock
MOCK08755,DIAB_EYE_EXAM,2025-08-01,25.0,True,Research-generated IncentiveRewards mock
MOCK08773,DIAB_EYE_EXAM,2025-07-30,25.0,False,Research-generated IncentiveRewards mock
MOCK08779,DIAB_EYE_EXAM,2025-07-13,25.0,True,Research-generated IncentiveRewards mock
MOCK08791,DIAB_EYE_EXAM,2025-07-29,25.0,True,Research-generated IncentiveRewards mock
MOCK08815,DIAB_EYE_EXAM,2025-07-22,25.0,False,Research-generated IncentiveRewards mock
MOCK08827,DIAB_EYE_EXAM,2025-07-18,25.0,False,Research-generated IncentiveRewards mock
MOCK08833,DIAB_EYE_EXAM,2025-07-19,25.0,True,Research-generated IncentiveRewards mock
MOCK08839,DIAB_EYE_EXAM,2025-07-19,25.0,False,Research-generated IncentiveRewards mock
MOCK08845,DIAB_EYE_EXAM,2025-07-15,25.0,True,Research-generated IncentiveRewards mock
MOCK08905,DIAB_EYE_EXAM,2025-07-08,25.0,True,Research-generated IncentiveRewards mock
MOCK08917,DIAB_EYE_EXAM,2025-07-30,25.0,True,Research-generated IncentiveRewards mock
MOCK08923,DIAB_EYE_EXAM,2025-07-02,25.0,True,Research-generated IncentiveRewards mock
MOCK08935,DIAB_EYE_EXAM,2025-07-30,25.0,True,Research-generated IncentiveRewards mock
MOCK08941,DIAB_EYE_EXAM,2025-08-07,25.0,True,Research-generated IncentiveRewards mock
MOCK08947,DIAB_EYE_EXAM,2025-07-26,25.0,True,Research-generated IncentiveRewards mock
MOCK08953,DIAB_EYE_EXAM,2025-08-03,25.0,True,Research-generated IncentiveRewards mock
MOCK08995,DIAB_EYE_EXAM,2025-07-29,25.0,False,Research-generated IncentiveRewards mock
MOCK09007,DIAB_EYE_EXAM,2025-08-01,25.0,False,Research-generated IncentiveRewards mock
MOCK09013,DIAB_EYE_EXAM,2025-07-23,25.0,True,Research-generated IncentiveRewards mock
MOCK09025,DIAB_EYE_EXAM,2025-08-05,25.0,False,Research-generated IncentiveRewards mock
MOCK09043,DIAB_EYE_EXAM,2025-08-07,25.0,False,Research-generated IncentiveRewards mock
MOCK09049,DIAB_EYE_EXAM,2025-07-21,25.0,True,Research-generated IncentiveRewards mock
MOCK09067,DIAB_EYE_EXAM,2025-07-08,25.0,True,Research-generated IncentiveRewards mock
MOCK09091,DIAB_EYE_EXAM,2025-07-29,25.0,False,Research-generated IncentiveRewards mock
MOCK09109,DIAB_EYE_EXAM,2025-08-06,25.0,True,Research-generated IncentiveRewards mock
MOCK09157,DIAB_EYE_EXAM,2025-07-07,25.0,True,Research-generated IncentiveRewards mock
MOCK09163,DIAB_EYE_EXAM,2025-07-28,25.0,False,Research-generated IncentiveRewards mock
MOCK09169,DIAB_EYE_EXAM,2025-07-06,25.0,False,Research-generated IncentiveRewards mock
MOCK09181,DIAB_EYE_EXAM,2025-07-31,25.0,False,Research-generated IncentiveRewards mock
MOCK09199,DIAB_EYE_EXAM,2025-08-04,25.0,False,Research-generated IncentiveRewards mock
MOCK09217,DIAB_EYE_EXAM,2025-07-05,25.0,True,Research-generated IncentiveRewards mock
MOCK09223,DIAB_EYE_EXAM,2025-07-11,25.0,False,Research-generated IncentiveRewards mock
MOCK09229,DIAB_EYE_EXAM,2025-07-26,25.0,False,Research-generated IncentiveRewards mock
MOCK09235,DIAB_EYE_EXAM,2025-08-07,25.0,False,Research-generated IncentiveRewards mock
MOCK09241,DIAB_EYE_EXAM,2025-07-31,25.0,True,Research-generated IncentiveRewards mock
MOCK09253,DIAB_EYE_EXAM,2025-07-09,25.0,False,Research-generated IncentiveRewards mock
MOCK09259,DIAB_EYE_EXAM,2025-08-06,25.0,False,Research-generated IncentiveRewards mock
MOCK09265,DIAB_EYE_EXAM,2025-07-10,25.0,True,Research-generated IncentiveRewards mock
MOCK09271,DIAB_EYE_EXAM,2025-07-13,25.0,True,Research-generated IncentiveRewards mock
MOCK09283,DIAB_EYE_EXAM,2025-07-21,25.0,False,Research-generated IncentiveRewards mock
MOCK09289,DIAB_EYE_EXAM,2025-07-10,25.0,True,Research-generated IncentiveRewards mock
MOCK09337,DIAB_EYE_EXAM,2025-07-30,25.0,True,Research-generated IncentiveRewards mock
MOCK09373,DIAB_EYE_EXAM,2025-08-01,25.0,False,Research-generated IncentiveRewards mock
MOCK09385,DIAB_EYE_EXAM,2025-07-08,25.0,False,Research-generated IncentiveRewards mock
MOCK09403,DIAB_EYE_EXAM,2025-07-22,25.0,False,Research-generated IncentiveRewards mock
MOCK09409,DIAB_EYE_EXAM,2025-07-22,25.0,True,Research-generated IncentiveRewards mock
MOCK09415,DIAB_EYE_EXAM,2025-07-14,25.0,True,Research-generated IncentiveRewards mock
MOCK09439,DIAB_EYE_EXAM,2025-07-08,25.0,True,Research-generated IncentiveRewards mock
MOCK09457,DIAB_EYE_EXAM,2025-07-20,25.0,True,Research-generated IncentiveRewards mock
MOCK09463,DIAB_EYE_EXAM,2025-07-28,25.0,False,Research-generated IncentiveRewards mock
MOCK09475,DIAB_EYE_EXAM,2025-07-29,25.0,True,Research-generated IncentiveRewards mock
MOCK09481,DIAB_EYE_EXAM,2025-07-03,25.0,False,Research-generated IncentiveRewards mock
MOCK09487,DIAB_EYE_EXAM,2025-07-05,25.0,True,Research-generated IncentiveRewards mock
MOCK09493,DIAB_EYE_EXAM,2025-07-15,25.0,False,Research-generated IncentiveRewards mock
MOCK09499,DIAB_EYE_EXAM,2025-07-13,25.0,False,Research-generated IncentiveRewards mock
MOCK09505,DIAB_EYE_EXAM,2025-07-29,25.0,True,Research-generated IncentiveRewards mock
MOCK09523,DIAB_EYE_EXAM,2025-07-09,25.0,True,Research-generated IncentiveRewards mock
MOCK09541,DIAB_EYE_EXAM,2025-07-07,25.0,False,Research-generated IncentiveRewards mock
MOCK09547,DIAB_EYE_EXAM,2025-07-22,25.0,True,Research-generated IncentiveRewards mock
MOCK09553,DIAB_EYE_EXAM,2025-07-15,25.0,False,Research-generated IncentiveRewards mock
MOCK09571,DIAB_EYE_EXAM,2025-07-28,25.0,False,Research-generated IncentiveRewards mock
MOCK09589,DIAB_EYE_EXAM,2025-07-25,25.0,False,Research-generated IncentiveRewards mock
MOCK09625,DIAB_EYE_EXAM,2025-07-16,25.0,False,Research-generated IncentiveRewards mock
MOCK09631,DIAB_EYE_EXAM,2025-07-25,25.0,False,Research-generated IncentiveRewards mock
MOCK09643,DIAB_EYE_EXAM,2025-07-09,25.0,True,Research-generated IncentiveRewards mock
MOCK09655,DIAB_EYE_EXAM,2025-07-02,25.0,False,Research-generated IncentiveRewards mock
MOCK09673,DIAB_EYE_EXAM,2025-07-28,25.0,True,Research-generated IncentiveRewards mock
MOCK09685,DIAB_EYE_EXAM,2025-07-29,25.0,True,Research-generated IncentiveRewards mock
MOCK09727,DIAB_EYE_EXAM,2025-07-06,25.0,False,Research-generated IncentiveRewards mock
MOCK09745,DIAB_EYE_EXAM,2025-07-18,25.0,True,Research-generated IncentiveRewards mock
MOCK09757,DIAB_EYE_EXAM,2025-07-11,25.0,True,Research-generated IncentiveRewards mock
MOCK09769,DIAB_EYE_EXAM,2025-07-31,25.0,True,Research-generated IncentiveRewards mock
MOCK09781,DIAB_EYE_EXAM,2025-08-04,25.0,False,Research-generated IncentiveRewards mock
MOCK09793,DIAB_EYE_EXAM,2025-07-31,25.0,False,Research-generated IncentiveRewards mock
MOCK09817,DIAB_EYE_EXAM,2025-07-10,25.0,False,Research-generated IncentiveRewards mock
MOCK09823,DIAB_EYE_EXAM,2025-07-04,25.0,True,Research-generated IncentiveRewards mock
MOCK09829,DIAB_EYE_EXAM,2025-07-09,25.0,True,Research-generated IncentiveRewards mock
MOCK09841,DIAB_EYE_EXAM,2025-07-05,25.0,False,Research-generated IncentiveRewards mock
MOCK09853,DIAB_EYE_EXAM,2025-08-05,25.0,True,Research-generated IncentiveRewards mock
MOCK09865,DIAB_EYE_EXAM,2025-07-15,25.0,False,Research-generated IncentiveRewards mock
MOCK09877,DIAB_EYE_EXAM,2025-07-08,25.0,False,Research-generated IncentiveRewards mock
MOCK09883,DIAB_EYE_EXAM,2025-07-15,25.0,False,Research-generated IncentiveRewards mock
MOCK09889,DIAB_EYE_EXAM,2025-08-02,25.0,False,Research-generated IncentiveRewards mock
MOCK09895,DIAB_EYE_EXAM,2025-07-24,25.0,True,Research-generated IncentiveRewards mock
MOCK09931,DIAB_EYE_EXAM,2025-07-30,25.0,False,Research-generated IncentiveRewards mock
MOCK09937,DIAB_EYE_EXAM,2025-07-24,25.0,False,Research-generated IncentiveRewards mock
MOCK09943,DIAB_EYE_EXAM,2025-07-16,25.0,True,Research-generated IncentiveRewards mock
MOCK09949,DIAB_EYE_EXAM,2025-07-30,25.0,False,Research-generated IncentiveRewards mock
MOCK09979,DIAB_EYE_EXAM,2025-07-23,25.0,True,Research-generated IncentiveRewards mock
MOCK09991,DIAB_EYE_EXAM,2025-07-09,25.0,False,Research-generated IncentiveRewards mock
MOCK09997,DIAB_EYE_EXAM,2025-08-02,25.0,True,Research-generated IncentiveRewards mock
MOCK00001,DIAB_NEPHRO_SCREEN,2025-07-02,20.0,False,Research-generated IncentiveRewards mock
MOCK00007,DIAB_NEPHRO_SCREEN,2025-07-08,20.0,False,Research-generated IncentiveRewards mock
MOCK00019,DIAB_NEPHRO_SCREEN,2025-07-01,20.0,True,Research-generated IncentiveRewards mock
MOCK00025,DIAB_NEPHRO_SCREEN,2025-08-02,20.0,True,Research-generated IncentiveRewards mock
MOCK00061,DIAB_NEPHRO_SCREEN,2025-07-20,20.0,True,Research-generated IncentiveRewards mock
MOCK00067,DIAB_NEPHRO_SCREEN,2025-07-29,20.0,True,Research-generated IncentiveRewards mock
MOCK00073,DIAB_NEPHRO_SCREEN,2025-07-23,20.0,True,Research-generated IncentiveRewards mock
MOCK00079,DIAB_NEPHRO_SCREEN,2025-07-05,20.0,False,Research-generated IncentiveRewards mock
MOCK00133,DIAB_NEPHRO_SCREEN,2025-07-02,20.0,True,Research-generated IncentiveRewards mock
MOCK00145,DIAB_NEPHRO_SCREEN,2025-07-07,20.0,True,Research-generated IncentiveRewards mock
MOCK00157,DIAB_NEPHRO_SCREEN,2025-08-07,20.0,True,Research-generated IncentiveRewards mock
MOCK00169,DIAB_NEPHRO_SCREEN,2025-07-01,20.0,True,Research-generated IncentiveRewards mock
MOCK00175,DIAB_NEPHRO_SCREEN,2025-07-31,20.0,True,Research-generated IncentiveRewards mock
MOCK00187,DIAB_NEPHRO_SCREEN,2025-07-29,20.0,False,Research-generated IncentiveRewards mock
MOCK00199,DIAB_NEPHRO_SCREEN,2025-07-11,20.0,True,Research-generated IncentiveRewards mock
MOCK00205,DIAB_NEPHRO_SCREEN,2025-07-16,20.0,True,Research-generated IncentiveRewards mock
MOCK00211,DIAB_NEPHRO_SCREEN,2025-07-04,20.0,True,Research-generated IncentiveRewards mock
MOCK00229,DIAB_NEPHRO_SCREEN,2025-07-12,20.0,False,Research-generated IncentiveRewards mock
MOCK00235,DIAB_NEPHRO_SCREEN,2025-07-19,20.0,False,Research-generated IncentiveRewards mock
MOCK00253,DIAB_NEPHRO_SCREEN,2025-07-19,20.0,True,Research-generated IncentiveRewards mock
MOCK00259,DIAB_NEPHRO_SCREEN,2025-07-22,20.0,True,Research-generated IncentiveRewards mock
MOCK00265,DIAB_NEPHRO_SCREEN,2025-08-02,20.0,False,Research-generated IncentiveRewards mock
MOCK00271,DIAB_NEPHRO_SCREEN,2025-07-15,20.0,True,Research-generated IncentiveRewards mock
MOCK00301,DIAB_NEPHRO_SCREEN,2025-07-31,20.0,True,Research-generated IncentiveRewards mock
MOCK00313,DIAB_NEPHRO_SCREEN,2025-07-30,20.0,False,Research-generated IncentiveRewards mock
MOCK00319,DIAB_NEPHRO_SCREEN,2025-07-28,20.0,True,Research-generated IncentiveRewards mock
MOCK00331,DIAB_NEPHRO_SCREEN,2025-07-26,20.0,False,Research-generated IncentiveRewards mock
MOCK00361,DIAB_NEPHRO_SCREEN,2025-07-13,20.0,False,Research-generated IncentiveRewards mock
MOCK00367,DIAB_NEPHRO_SCREEN,2025-07-31,20.0,True,Research-generated IncentiveRewards mock
MOCK00391,DIAB_NEPHRO_SCREEN,2025-07-28,20.0,False,Research-generated IncentiveRewards mock
MOCK00397,DIAB_NEPHRO_SCREEN,2025-07-31,20.0,True,Research-generated IncentiveRewards mock
MOCK00403,DIAB_NEPHRO_SCREEN,2025-08-04,20.0,True,Research-generated IncentiveRewards mock
MOCK00427,DIAB_NEPHRO_SCREEN,2025-07-13,20.0,False,Research-generated IncentiveRewards mock
MOCK00439,DIAB_NEPHRO_SCREEN,2025-07-24,20.0,False,Research-generated IncentiveRewards mock
MOCK00445,DIAB_NEPHRO_SCREEN,2025-07-25,20.0,True,Research-generated IncentiveRewards mock
MOCK00451,DIAB_NEPHRO_SCREEN,2025-07-18,20.0,False,Research-generated IncentiveRewards mock
MOCK00469,DIAB_NEPHRO_SCREEN,2025-07-08,20.0,False,Research-generated IncentiveRewards mock
MOCK00487,DIAB_NEPHRO_SCREEN,2025-07-16,20.0,True,Research-generated IncentiveRewards mock
MOCK00493,DIAB_NEPHRO_SCREEN,2025-07-24,20.0,False,Research-generated IncentiveRewards mock
MOCK00517,DIAB_NEPHRO_SCREEN,2025-07-20,20.0,False,Research-generated IncentiveRewards mock
MOCK00535,DIAB_NEPHRO_SCREEN,2025-07-14,20.0,False,Research-generated IncentiveRewards mock
MOCK00541,DIAB_NEPHRO_SCREEN,2025-07-23,20.0,True,Research-generated IncentiveRewards mock
MOCK00553,DIAB_NEPHRO_SCREEN,2025-07-18,20.0,False,Research-generated IncentiveRewards mock
MOCK00571,DIAB_NEPHRO_SCREEN,2025-07-11,20.0,False,Research-generated IncentiveRewards mock
MOCK00607,DIAB_NEPHRO_SCREEN,2025-07-23,20.0,True,Research-generated IncentiveRewards mock
MOCK00637,DIAB_NEPHRO_SCREEN,2025-08-05,20.0,False,Research-generated IncentiveRewards mock
MOCK00649,DIAB_NEPHRO_SCREEN,2025-07-17,20.0,True,Research-generated IncentiveRewards mock
MOCK00655,DIAB_NEPHRO_SCREEN,2025-07-08,20.0,False,Research-generated IncentiveRewards mock
MOCK00685,DIAB_NEPHRO_SCREEN,2025-07-23,20.0,False,Research-generated IncentiveRewards mock
MOCK00697,DIAB_NEPHRO_SCREEN,2025-07-18,20.0,True,Research-generated IncentiveRewards mock
MOCK00715,DIAB_NEPHRO_SCREEN,2025-07-13,20.0,True,Research-generated IncentiveRewards mock
MOCK00721,DIAB_NEPHRO_SCREEN,2025-07-31,20.0,True,Research-generated IncentiveRewards mock
MOCK00727,DIAB_NEPHRO_SCREEN,2025-08-02,20.0,False,Research-generated IncentiveRewards mock
MOCK00745,DIAB_NEPHRO_SCREEN,2025-08-01,20.0,True,Research-generated IncentiveRewards mock
MOCK00751,DIAB_NEPHRO_SCREEN,2025-07-15,20.0,True,Research-generated IncentiveRewards mock
MOCK00757,DIAB_NEPHRO_SCREEN,2025-07-16,20.0,False,Research-generated IncentiveRewards mock
MOCK00763,DIAB_NEPHRO_SCREEN,2025-08-05,20.0,False,Research-generated IncentiveRewards mock
MOCK00781,DIAB_NEPHRO_SCREEN,2025-07-14,20.0,True,Research-generated IncentiveRewards mock
MOCK00793,DIAB_NEPHRO_SCREEN,2025-07-21,20.0,False,Research-generated IncentiveRewards mock
MOCK00799,DIAB_NEPHRO_SCREEN,2025-07-10,20.0,True,Research-generated IncentiveRewards mock
MOCK00811,DIAB_NEPHRO_SCREEN,2025-08-02,20.0,True,Research-generated IncentiveRewards mock
MOCK00835,DIAB_NEPHRO_SCREEN,2025-08-03,20.0,False,Research-generated IncentiveRewards mock
MOCK00847,DIAB_NEPHRO_SCREEN,2025-07-08,20.0,False,Research-generated IncentiveRewards mock
MOCK00859,DIAB_NEPHRO_SCREEN,2025-07-20,20.0,False,Research-generated IncentiveRewards mock
MOCK00871,DIAB_NEPHRO_SCREEN,2025-07-30,20.0,True,Research-generated IncentiveRewards mock
MOCK00889,DIAB_NEPHRO_SCREEN,2025-07-31,20.0,False,Research-generated IncentiveRewards mock
MOCK00901,DIAB_NEPHRO_SCREEN,2025-07-15,20.0,True,Research-generated IncentiveRewards mock
MOCK00913,DIAB_NEPHRO_SCREEN,2025-07-13,20.0,True,Research-generated IncentiveRewards mock
MOCK00919,DIAB_NEPHRO_SCREEN,2025-08-06,20.0,False,Research-generated IncentiveRewards mock
MOCK00949,DIAB_NEPHRO_SCREEN,2025-07-14,20.0,False,Research-generated IncentiveRewards mock
MOCK00955,DIAB_NEPHRO_SCREEN,2025-07-29,20.0,False,Research-generated IncentiveRewards mock
MOCK00973,DIAB_NEPHRO_SCREEN,2025-07-04,20.0,True,Research-generated IncentiveRewards mock
MOCK00979,DIAB_NEPHRO_SCREEN,2025-07-18,20.0,False,Research-generated IncentiveRewards mock
MOCK01003,DIAB_NEPHRO_SCREEN,2025-07-24,20.0,True,Research-generated IncentiveRewards mock
MOCK01021,DIAB_NEPHRO_SCREEN,2025-06-30,20.0,False,Research-generated IncentiveRewards mock
MOCK01027,DIAB_NEPHRO_SCREEN,2025-08-03,20.0,False,Research-generated IncentiveRewards mock
MOCK01033,DIAB_NEPHRO_SCREEN,2025-08-01,20.0,False,Research-generated IncentiveRewards mock
MOCK01045,DIAB_NEPHRO_SCREEN,2025-07-02,20.0,False,Research-generated IncentiveRewards mock
MOCK01063,DIAB_NEPHRO_SCREEN,2025-07-22,20.0,True,Research-generated IncentiveRewards mock
MOCK01081,DIAB_NEPHRO_SCREEN,2025-07-10,20.0,True,Research-generated IncentiveRewards mock
MOCK01099,DIAB_NEPHRO_SCREEN,2025-08-04,20.0,False,Research-generated IncentiveRewards mock
MOCK01117,DIAB_NEPHRO_SCREEN,2025-08-01,20.0,True,Research-generated IncentiveRewards mock
MOCK01141,DIAB_NEPHRO_SCREEN,2025-07-11,20.0,False,Research-generated IncentiveRewards mock
MOCK01147,DIAB_NEPHRO_SCREEN,2025-07-08,20.0,False,Research-generated IncentiveRewards mock
MOCK01153,DIAB_NEPHRO_SCREEN,2025-07-05,20.0,False,Research-generated IncentiveRewards mock
MOCK01177,DIAB_NEPHRO_SCREEN,2025-07-14,20.0,False,Research-generated IncentiveRewards mock
MOCK01213,DIAB_NEPHRO_SCREEN,2025-07-01,20.0,True,Research-generated IncentiveRewards mock
MOCK01237,DIAB_NEPHRO_SCREEN,2025-07-28,20.0,False,Research-generated IncentiveRewards mock
MOCK01249,DIAB_NEPHRO_SCREEN,2025-07-03,20.0,True,Research-generated IncentiveRewards mock
MOCK01255,DIAB_NEPHRO_SCREEN,2025-07-30,20.0,True,Research-generated IncentiveRewards mock
MOCK01261,DIAB_NEPHRO_SCREEN,2025-07-01,20.0,True,Research-generated IncentiveRewards mock
MOCK01273,DIAB_NEPHRO_SCREEN,2025-07-15,20.0,True,Research-generated IncentiveRewards mock
MOCK01315,DIAB_NEPHRO_SCREEN,2025-07-27,20.0,True,Research-generated IncentiveRewards mock
MOCK01321,DIAB_NEPHRO_SCREEN,2025-07-16,20.0,False,Research-generated IncentiveRewards mock
MOCK01345,DIAB_NEPHRO_SCREEN,2025-07-06,20.0,True,Research-generated IncentiveRewards mock
MOCK01429,DIAB_NEPHRO_SCREEN,2025-07-26,20.0,True,Research-generated IncentiveRewards mock
MOCK01447,DIAB_NEPHRO_SCREEN,2025-07-26,20.0,True,Research-generated IncentiveRewards mock
MOCK01453,DIAB_NEPHRO_SCREEN,2025-07-25,20.0,True,Research-generated IncentiveRewards mock
MOCK01459,DIAB_NEPHRO_SCREEN,2025-08-02,20.0,False,Research-generated IncentiveRewards mock
MOCK01483,DIAB_NEPHRO_SCREEN,2025-07-29,20.0,True,Research-generated IncentiveRewards mock
MOCK01507,DIAB_NEPHRO_SCREEN,2025-07-08,20.0,True,Research-generated IncentiveRewards mock
MOCK01513,DIAB_NEPHRO_SCREEN,2025-07-17,20.0,False,Research-generated IncentiveRewards mock
MOCK01525,DIAB_NEPHRO_SCREEN,2025-07-25,20.0,True,Research-generated IncentiveRewards mock
MOCK01543,DIAB_NEPHRO_SCREEN,2025-07-11,20.0,True,Research-generated IncentiveRewards mock
MOCK01549,DIAB_NEPHRO_SCREEN,2025-08-07,20.0,False,Research-generated IncentiveRewards mock
MOCK01573,DIAB_NEPHRO_SCREEN,2025-07-13,20.0,True,Research-generated IncentiveRewards mock
MOCK01603,DIAB_NEPHRO_SCREEN,2025-07-23,20.0,True,Research-generated IncentiveRewards mock
MOCK01621,DIAB_NEPHRO_SCREEN,2025-08-05,20.0,True,Research-generated IncentiveRewards mock
MOCK01645,DIAB_NEPHRO_SCREEN,2025-07-24,20.0,True,Research-generated IncentiveRewards mock
MOCK01657,DIAB_NEPHRO_SCREEN,2025-07-21,20.0,False,Research-generated IncentiveRewards mock
MOCK01675,DIAB_NEPHRO_SCREEN,2025-07-02,20.0,True,Research-generated IncentiveRewards mock
MOCK01681,DIAB_NEPHRO_SCREEN,2025-07-29,20.0,True,Research-generated IncentiveRewards mock
MOCK01693,DIAB_NEPHRO_SCREEN,2025-07-02,20.0,True,Research-generated IncentiveRewards mock
MOCK01717,DIAB_NEPHRO_SCREEN,2025-08-07,20.0,False,Research-generated IncentiveRewards mock
MOCK01723,DIAB_NEPHRO_SCREEN,2025-07-08,20.0,False,Research-generated IncentiveRewards mock
MOCK01729,DIAB_NEPHRO_SCREEN,2025-07-12,20.0,False,Research-generated IncentiveRewards mock
MOCK01753,DIAB_NEPHRO_SCREEN,2025-07-30,20.0,False,Research-generated IncentiveRewards mock
MOCK01759,DIAB_NEPHRO_SCREEN,2025-07-09,20.0,True,Research-generated IncentiveRewards mock
MOCK01765,DIAB_NEPHRO_SCREEN,2025-08-01,20.0,True,Research-generated IncentiveRewards mock
MOCK01777,DIAB_NEPHRO_SCREEN,2025-07-18,20.0,False,Research-generated IncentiveRewards mock
MOCK01783,DIAB_NEPHRO_SCREEN,2025-07-21,20.0,True,Research-generated IncentiveRewards mock
MOCK01801,DIAB_NEPHRO_SCREEN,2025-08-06,20.0,True,Research-generated IncentiveRewards mock
MOCK01813,DIAB_NEPHRO_SCREEN,2025-07-21,20.0,True,Research-generated IncentiveRewards mock
MOCK01819,DIAB_NEPHRO_SCREEN,2025-07-19,20.0,False,Research-generated IncentiveRewards mock
MOCK01825,DIAB_NEPHRO_SCREEN,2025-07-03,20.0,False,Research-generated IncentiveRewards mock
MOCK01831,DIAB_NEPHRO_SCREEN,2025-07-24,20.0,True,Research-generated IncentiveRewards mock
MOCK01855,DIAB_NEPHRO_SCREEN,2025-07-19,20.0,True,Research-generated IncentiveRewards mock
MOCK01873,DIAB_NEPHRO_SCREEN,2025-07-25,20.0,True,Research-generated IncentiveRewards mock
MOCK01897,DIAB_NEPHRO_SCREEN,2025-07-04,20.0,True,Research-generated IncentiveRewards mock
MOCK01927,DIAB_NEPHRO_SCREEN,2025-07-18,20.0,True,Research-generated IncentiveRewards mock
MOCK01951,DIAB_NEPHRO_SCREEN,2025-07-19,20.0,True,Research-generated IncentiveRewards mock
MOCK01957,DIAB_NEPHRO_SCREEN,2025-07-21,20.0,True,Research-generated IncentiveRewards mock
MOCK01963,DIAB_NEPHRO_SCREEN,2025-07-18,20.0,True,Research-generated IncentiveRewards mock
MOCK01969,DIAB_NEPHRO_SCREEN,2025-08-06,20.0,True,Research-generated IncentiveRewards mock
MOCK01981,DIAB_NEPHRO_SCREEN,2025-07-20,20.0,False,Research-generated IncentiveRewards mock
MOCK02005,DIAB_NEPHRO_SCREEN,2025-07-16,20.0,True,Research-generated IncentiveRewards mock
MOCK02029,DIAB_NEPHRO_SCREEN,2025-07-22,20.0,True,Research-generated IncentiveRewards mock
MOCK02041,DIAB_NEPHRO_SCREEN,2025-07-25,20.0,True,Research-generated IncentiveRewards mock
MOCK02053,DIAB_NEPHRO_SCREEN,2025-07-14,20.0,False,Research-generated IncentiveRewards mock
MOCK02059,DIAB_NEPHRO_SCREEN,2025-07-30,20.0,True,Research-generated IncentiveRewards mock
MOCK02071,DIAB_NEPHRO_SCREEN,2025-07-28,20.0,True,Research-generated IncentiveRewards mock
MOCK02089,DIAB_NEPHRO_SCREEN,2025-07-08,20.0,False,Research-generated IncentiveRewards mock
MOCK02095,DIAB_NEPHRO_SCREEN,2025-07-22,20.0,False,Research-generated IncentiveRewards mock
MOCK02101,DIAB_NEPHRO_SCREEN,2025-08-07,20.0,True,Research-generated IncentiveRewards mock
MOCK02119,DIAB_NEPHRO_SCREEN,2025-08-05,20.0,False,Research-generated IncentiveRewards mock
MOCK02131,DIAB_NEPHRO_SCREEN,2025-07-06,20.0,True,Research-generated IncentiveRewards mock
MOCK02149,DIAB_NEPHRO_SCREEN,2025-07-07,20.0,True,Research-generated IncentiveRewards mock
MOCK02161,DIAB_NEPHRO_SCREEN,2025-07-15,20.0,False,Research-generated IncentiveRewards mock
MOCK02197,DIAB_NEPHRO_SCREEN,2025-07-05,20.0,False,Research-generated IncentiveRewards mock
MOCK02209,DIAB_NEPHRO_SCREEN,2025-07-09,20.0,True,Research-generated IncentiveRewards mock
MOCK02221,DIAB_NEPHRO_SCREEN,2025-08-05,20.0,False,Research-generated IncentiveRewards mock
MOCK02239,DIAB_NEPHRO_SCREEN,2025-07-29,20.0,True,Research-generated IncentiveRewards mock
MOCK02257,DIAB_NEPHRO_SCREEN,2025-07-14,20.0,False,Research-generated IncentiveRewards mock
MOCK02281,DIAB_NEPHRO_SCREEN,2025-07-28,20.0,False,Research-generated IncentiveRewards mock
MOCK02293,DIAB_NEPHRO_SCREEN,2025-07-13,20.0,True,Research-generated IncentiveRewards mock
MOCK02305,DIAB_NEPHRO_SCREEN,2025-07-26,20.0,True,Research-generated IncentiveRewards mock
MOCK02311,DIAB_NEPHRO_SCREEN,2025-07-10,20.0,False,Research-generated IncentiveRewards mock
MOCK02317,DIAB_NEPHRO_SCREEN,2025-07-24,20.0,False,Research-generated IncentiveRewards mock
MOCK02323,DIAB_NEPHRO_SCREEN,2025-07-22,20.0,True,Research-generated IncentiveRewards mock
MOCK02353,DIAB_NEPHRO_SCREEN,2025-07-04,20.0,True,Research-generated IncentiveRewards mock
MOCK02359,DIAB_NEPHRO_SCREEN,2025-07-20,20.0,True,Research-generated IncentiveRewards mock
MOCK02383,DIAB_NEPHRO_SCREEN,2025-08-02,20.0,True,Research-generated IncentiveRewards mock
MOCK02395,DIAB_NEPHRO_SCREEN,2025-08-05,20.0,True,Research-generated IncentiveRewards mock
MOCK02407,DIAB_NEPHRO_SCREEN,2025-07-07,20.0,False,Research-generated IncentiveRewards mock
MOCK02419,DIAB_NEPHRO_SCREEN,2025-07-20,20.0,False,Research-generated IncentiveRewards mock
MOCK02431,DIAB_NEPHRO_SCREEN,2025-08-01,20.0,True,Research-generated IncentiveRewards mock
MOCK02443,DIAB_NEPHRO_SCREEN,2025-07-11,20.0,False,Research-generated IncentiveRewards mock
MOCK02455,DIAB_NEPHRO_SCREEN,2025-07-17,20.0,True,Research-generated IncentiveRewards mock
MOCK02461,DIAB_NEPHRO_SCREEN,2025-07-09,20.0,True,Research-generated IncentiveRewards mock
MOCK02473,DIAB_NEPHRO_SCREEN,2025-07-17,20.0,True,Research-generated IncentiveRewards mock
MOCK02479,DIAB_NEPHRO_SCREEN,2025-08-07,20.0,True,Research-generated IncentiveRewards mock
MOCK02503,DIAB_NEPHRO_SCREEN,2025-07-31,20.0,True,Research-generated IncentiveRewards mock
MOCK02521,DIAB_NEPHRO_SCREEN,2025-07-01,20.0,True,Research-generated IncentiveRewards mock
MOCK02533,DIAB_NEPHRO_SCREEN,2025-07-24,20.0,True,Research-generated IncentiveRewards mock
MOCK02563,DIAB_NEPHRO_SCREEN,2025-07-19,20.0,True,Research-generated IncentiveRewards mock
MOCK02569,DIAB_NEPHRO_SCREEN,2025-07-22,20.0,False,Research-generated IncentiveRewards mock
MOCK02593,DIAB_NEPHRO_SCREEN,2025-07-26,20.0,True,Research-generated IncentiveRewards mock
MOCK02605,DIAB_NEPHRO_SCREEN,2025-07-31,20.0,False,Research-generated IncentiveRewards mock
MOCK02611,DIAB_NEPHRO_SCREEN,2025-07-13,20.0,True,Research-generated IncentiveRewards mock
MOCK02641,DIAB_NEPHRO_SCREEN,2025-07-16,20.0,True,Research-generated IncentiveRewards mock
MOCK02665,DIAB_NEPHRO_SCREEN,2025-08-07,20.0,False,Research-generated IncentiveRewards mock
MOCK02671,DIAB_NEPHRO_SCREEN,2025-07-17,20.0,True,Research-generated IncentiveRewards mock
MOCK02677,DIAB_NEPHRO_SCREEN,2025-07-02,20.0,False,Research-generated IncentiveRewards mock
MOCK02683,DIAB_NEPHRO_SCREEN,2025-07-08,20.0,True,Research-generated IncentiveRewards mock
MOCK02689,DIAB_NEPHRO_SCREEN,2025-07-04,20.0,False,Research-generated IncentiveRewards mock
MOCK02707,DIAB_NEPHRO_SCREEN,2025-07-21,20.0,True,Research-generated IncentiveRewards mock
MOCK02743,DIAB_NEPHRO_SCREEN,2025-07-06,20.0,False,Research-generated IncentiveRewards mock
MOCK02749,DIAB_NEPHRO_SCREEN,2025-07-09,20.0,True,Research-generated IncentiveRewards mock
MOCK02779,DIAB_NEPHRO_SCREEN,2025-07-02,20.0,True,Research-generated IncentiveRewards mock
MOCK02785,DIAB_NEPHRO_SCREEN,2025-06-30,20.0,True,Research-generated IncentiveRewards mock
MOCK02797,DIAB_NEPHRO_SCREEN,2025-08-05,20.0,False,Research-generated IncentiveRewards mock
MOCK02821,DIAB_NEPHRO_SCREEN,2025-06-30,20.0,False,Research-generated IncentiveRewards mock
MOCK02833,DIAB_NEPHRO_SCREEN,2025-07-04,20.0,False,Research-generated IncentiveRewards mock
MOCK02845,DIAB_NEPHRO_SCREEN,2025-07-20,20.0,False,Research-generated IncentiveRewards mock
MOCK02863,DIAB_NEPHRO_SCREEN,2025-07-17,20.0,False,Research-generated IncentiveRewards mock
MOCK02875,DIAB_NEPHRO_SCREEN,2025-07-17,20.0,True,Research-generated IncentiveRewards mock
MOCK02899,DIAB_NEPHRO_SCREEN,2025-07-31,20.0,True,Research-generated IncentiveRewards mock
MOCK02923,DIAB_NEPHRO_SCREEN,2025-06-30,20.0,False,Research-generated IncentiveRewards mock
MOCK02929,DIAB_NEPHRO_SCREEN,2025-07-21,20.0,False,Research-generated IncentiveRewards mock
MOCK02941,DIAB_NEPHRO_SCREEN,2025-07-23,20.0,True,Research-generated IncentiveRewards mock
MOCK02947,DIAB_NEPHRO_SCREEN,2025-08-04,20.0,True,Research-generated IncentiveRewards mock
MOCK02959,DIAB_NEPHRO_SCREEN,2025-07-21,20.0,True,Research-generated IncentiveRewards mock
MOCK02971,DIAB_NEPHRO_SCREEN,2025-07-05,20.0,False,Research-generated IncentiveRewards mock
MOCK03007,DIAB_NEPHRO_SCREEN,2025-07-28,20.0,True,Research-generated IncentiveRewards mock
MOCK03031,DIAB_NEPHRO_SCREEN,2025-08-06,20.0,True,Research-generated IncentiveRewards mock
MOCK03037,DIAB_NEPHRO_SCREEN,2025-08-02,20.0,False,Research-generated IncentiveRewards mock
MOCK03055,DIAB_NEPHRO_SCREEN,2025-07-11,20.0,False,Research-generated IncentiveRewards mock
MOCK03061,DIAB_NEPHRO_SCREEN,2025-08-04,20.0,True,Research-generated IncentiveRewards mock
MOCK03073,DIAB_NEPHRO_SCREEN,2025-07-30,20.0,True,Research-generated IncentiveRewards mock
MOCK03085,DIAB_NEPHRO_SCREEN,2025-07-28,20.0,False,Research-generated IncentiveRewards mock
MOCK03091,DIAB_NEPHRO_SCREEN,2025-07-08,20.0,False,Research-generated IncentiveRewards mock
MOCK03097,DIAB_NEPHRO_SCREEN,2025-07-28,20.0,True,Research-generated IncentiveRewards mock
MOCK03115,DIAB_NEPHRO_SCREEN,2025-07-13,20.0,False,Research-generated IncentiveRewards mock
MOCK03121,DIAB_NEPHRO_SCREEN,2025-07-18,20.0,True,Research-generated IncentiveRewards mock
MOCK03127,DIAB_NEPHRO_SCREEN,2025-07-27,20.0,True,Research-generated IncentiveRewards mock
MOCK03133,DIAB_NEPHRO_SCREEN,2025-07-14,20.0,True,Research-generated IncentiveRewards mock
MOCK03145,DIAB_NEPHRO_SCREEN,2025-07-12,20.0,False,Research-generated IncentiveRewards mock
MOCK03157,DIAB_NEPHRO_SCREEN,2025-07-21,20.0,False,Research-generated IncentiveRewards mock
MOCK03169,DIAB_NEPHRO_SCREEN,2025-07-09,20.0,True,Research-generated IncentiveRewards mock
MOCK03175,DIAB_NEPHRO_SCREEN,2025-07-23,20.0,True,Research-generated IncentiveRewards mock
MOCK03181,DIAB_NEPHRO_SCREEN,2025-07-24,20.0,True,Research-generated IncentiveRewards mock
MOCK03187,DIAB_NEPHRO_SCREEN,2025-07-30,20.0,False,Research-generated IncentiveRewards mock
MOCK03193,DIAB_NEPHRO_SCREEN,2025-07-20,20.0,False,Research-generated IncentiveRewards mock
MOCK03205,DIAB_NEPHRO_SCREEN,2025-07-08,20.0,False,Research-generated IncentiveRewards mock
MOCK03211,DIAB_NEPHRO_SCREEN,2025-07-27,20.0,True,Research-generated IncentiveRewards mock
MOCK03217,DIAB_NEPHRO_SCREEN,2025-07-01,20.0,True,Research-generated IncentiveRewards mock
MOCK03253,DIAB_NEPHRO_SCREEN,2025-07-27,20.0,False,Research-generated IncentiveRewards mock
MOCK03271,DIAB_NEPHRO_SCREEN,2025-07-01,20.0,True,Research-generated IncentiveRewards mock
MOCK03283,DIAB_NEPHRO_SCREEN,2025-07-08,20.0,True,Research-generated IncentiveRewards mock
MOCK03289,DIAB_NEPHRO_SCREEN,2025-07-22,20.0,False,Research-generated IncentiveRewards mock
MOCK03301,DIAB_NEPHRO_SCREEN,2025-07-06,20.0,False,Research-generated IncentiveRewards mock
MOCK03325,DIAB_NEPHRO_SCREEN,2025-07-05,20.0,True,Research-generated IncentiveRewards mock
MOCK03343,DIAB_NEPHRO_SCREEN,2025-08-05,20.0,True,Research-generated IncentiveRewards mock
MOCK03349,DIAB_NEPHRO_SCREEN,2025-07-17,20.0,True,Research-generated IncentiveRewards mock
MOCK03367,DIAB_NEPHRO_SCREEN,2025-08-05,20.0,True,Research-generated IncentiveRewards mock
MOCK03373,DIAB_NEPHRO_SCREEN,2025-07-20,20.0,False,Research-generated IncentiveRewards mock
MOCK03385,DIAB_NEPHRO_SCREEN,2025-07-11,20.0,True,Research-generated IncentiveRewards mock
MOCK03391,DIAB_NEPHRO_SCREEN,2025-08-05,20.0,True,Research-generated IncentiveRewards mock
MOCK03403,DIAB_NEPHRO_SCREEN,2025-08-06,20.0,True,Research-generated IncentiveRewards mock
MOCK03409,DIAB_NEPHRO_SCREEN,2025-07-19,20.0,True,Research-generated IncentiveRewards mock
MOCK03433,DIAB_NEPHRO_SCREEN,2025-07-27,20.0,False,Research-generated IncentiveRewards mock
MOCK03481,DIAB_NEPHRO_SCREEN,2025-07-30,20.0,True,Research-generated IncentiveRewards mock
MOCK03499,DIAB_NEPHRO_SCREEN,2025-08-02,20.0,False,Research-generated IncentiveRewards mock
MOCK03505,DIAB_NEPHRO_SCREEN,2025-07-02,20.0,True,Research-generated IncentiveRewards mock
MOCK03517,DIAB_NEPHRO_SCREEN,2025-08-05,20.0,True,Research-generated IncentiveRewards mock
MOCK03535,DIAB_NEPHRO_SCREEN,2025-07-16,20.0,False,Research-generated IncentiveRewards mock
MOCK03541,DIAB_NEPHRO_SCREEN,2025-07-24,20.0,False,Research-generated IncentiveRewards mock
MOCK03553,DIAB_NEPHRO_SCREEN,2025-07-19,20.0,False,Research-generated IncentiveRewards mock
MOCK03565,DIAB_NEPHRO_SCREEN,2025-07-25,20.0,True,Research-generated IncentiveRewards mock
MOCK03583,DIAB_NEPHRO_SCREEN,2025-07-02,20.0,False,Research-generated IncentiveRewards mock
MOCK03601,DIAB_NEPHRO_SCREEN,2025-07-07,20.0,True,Research-generated IncentiveRewards mock
MOCK03607,DIAB_NEPHRO_SCREEN,2025-08-02,20.0,True,Research-generated IncentiveRewards mock
MOCK03637,DIAB_NEPHRO_SCREEN,2025-07-21,20.0,False,Research-generated IncentiveRewards mock
MOCK03643,DIAB_NEPHRO_SCREEN,2025-07-12,20.0,False,Research-generated IncentiveRewards mock
MOCK03667,DIAB_NEPHRO_SCREEN,2025-07-28,20.0,True,Research-generated IncentiveRewards mock
MOCK03685,DIAB_NEPHRO_SCREEN,2025-08-06,20.0,False,Research-generated IncentiveRewards mock
MOCK03703,DIAB_NEPHRO_SCREEN,2025-07-08,20.0,False,Research-generated IncentiveRewards mock
MOCK03709,DIAB_NEPHRO_SCREEN,2025-07-28,20.0,False,Research-generated IncentiveRewards mock
MOCK03715,DIAB_NEPHRO_SCREEN,2025-07-18,20.0,False,Research-generated IncentiveRewards mock
MOCK03727,DIAB_NEPHRO_SCREEN,2025-08-05,20.0,True,Research-generated IncentiveRewards mock
MOCK03733,DIAB_NEPHRO_SCREEN,2025-07-20,20.0,True,Research-generated IncentiveRewards mock
MOCK03739,DIAB_NEPHRO_SCREEN,2025-07-28,20.0,False,Research-generated IncentiveRewards mock
MOCK03745,DIAB_NEPHRO_SCREEN,2025-07-03,20.0,True,Research-generated IncentiveRewards mock
MOCK03751,DIAB_NEPHRO_SCREEN,2025-07-08,20.0,False,Research-generated IncentiveRewards mock
MOCK03763,DIAB_NEPHRO_SCREEN,2025-08-02,20.0,True,Research-generated IncentiveRewards mock
MOCK03769,DIAB_NEPHRO_SCREEN,2025-07-25,20.0,False,Research-generated IncentiveRewards mock
MOCK03775,DIAB_NEPHRO_SCREEN,2025-07-14,20.0,False,Research-generated IncentiveRewards mock
MOCK03781,DIAB_NEPHRO_SCREEN,2025-07-07,20.0,False,Research-generated IncentiveRewards mock
MOCK03787,DIAB_NEPHRO_SCREEN,2025-08-02,20.0,True,Research-generated IncentiveRewards mock
MOCK03811,DIAB_NEPHRO_SCREEN,2025-07-24,20.0,True,Research-generated IncentiveRewards mock
MOCK03829,DIAB_NEPHRO_SCREEN,2025-07-04,20.0,False,Research-generated IncentiveRewards mock
MOCK03835,DIAB_NEPHRO_SCREEN,2025-07-10,20.0,True,Research-generated IncentiveRewards mock
MOCK03847,DIAB_NEPHRO_SCREEN,2025-07-27,20.0,True,Research-generated IncentiveRewards mock
MOCK03853,DIAB_NEPHRO_SCREEN,2025-07-25,20.0,False,Research-generated IncentiveRewards mock
MOCK03865,DIAB_NEPHRO_SCREEN,2025-07-21,20.0,True,Research-generated IncentiveRewards mock
MOCK03877,DIAB_NEPHRO_SCREEN,2025-07-17,20.0,False,Research-generated IncentiveRewards mock
MOCK03883,DIAB_NEPHRO_SCREEN,2025-07-03,20.0,False,Research-generated IncentiveRewards mock
MOCK03889,DIAB_NEPHRO_SCREEN,2025-07-26,20.0,False,Research-generated IncentiveRewards mock
MOCK03895,DIAB_NEPHRO_SCREEN,2025-07-26,20.0,False,Research-generated IncentiveRewards mock
MOCK03925,DIAB_NEPHRO_SCREEN,2025-07-16,20.0,False,Research-generated IncentiveRewards mock
MOCK03931,DIAB_NEPHRO_SCREEN,2025-07-18,20.0,False,Research-generated IncentiveRewards mock
MOCK03937,DIAB_NEPHRO_SCREEN,2025-07-29,20.0,True,Research-generated IncentiveRewards mock
MOCK03973,DIAB_NEPHRO_SCREEN,2025-06-30,20.0,True,Research-generated IncentiveRewards mock
MOCK03997,DIAB_NEPHRO_SCREEN,2025-07-12,20.0,True,Research-generated IncentiveRewards mock
MOCK04003,DIAB_NEPHRO_SCREEN,2025-08-01,20.0,True,Research-generated IncentiveRewards mock
MOCK04033,DIAB_NEPHRO_SCREEN,2025-07-09,20.0,False,Research-generated IncentiveRewards mock
MOCK04039,DIAB_NEPHRO_SCREEN,2025-07-25,20.0,True,Research-generated IncentiveRewards mock
MOCK04051,DIAB_NEPHRO_SCREEN,2025-07-04,20.0,True,Research-generated IncentiveRewards mock
MOCK04069,DIAB_NEPHRO_SCREEN,2025-07-26,20.0,False,Research-generated IncentiveRewards mock
MOCK04075,DIAB_NEPHRO_SCREEN,2025-07-19,20.0,False,Research-generated IncentiveRewards mock
MOCK04081,DIAB_NEPHRO_SCREEN,2025-07-11,20.0,True,Research-generated IncentiveRewards mock
MOCK04087,DIAB_NEPHRO_SCREEN,2025-07-05,20.0,False,Research-generated IncentiveRewards mock
MOCK04099,DIAB_NEPHRO_SCREEN,2025-07-05,20.0,False,Research-generated IncentiveRewards mock
MOCK04105,DIAB_NEPHRO_SCREEN,2025-07-07,20.0,True,Research-generated IncentiveRewards mock
MOCK04111,DIAB_NEPHRO_SCREEN,2025-07-26,20.0,False,Research-generated IncentiveRewards mock
MOCK04117,DIAB_NEPHRO_SCREEN,2025-07-05,20.0,False,Research-generated IncentiveRewards mock
MOCK04147,DIAB_NEPHRO_SCREEN,2025-07-05,20.0,False,Research-generated IncentiveRewards mock
MOCK04159,DIAB_NEPHRO_SCREEN,2025-07-17,20.0,True,Research-generated IncentiveRewards mock
MOCK04171,DIAB_NEPHRO_SCREEN,2025-07-16,20.0,True,Research-generated IncentiveRewards mock
MOCK04177,DIAB_NEPHRO_SCREEN,2025-07-21,20.0,True,Research-generated IncentiveRewards mock
MOCK04183,DIAB_NEPHRO_SCREEN,2025-07-20,20.0,True,Research-generated IncentiveRewards mock
MOCK04195,DIAB_NEPHRO_SCREEN,2025-07-10,20.0,True,Research-generated IncentiveRewards mock
MOCK04207,DIAB_NEPHRO_SCREEN,2025-07-01,20.0,True,Research-generated IncentiveRewards mock
MOCK04225,DIAB_NEPHRO_SCREEN,2025-07-11,20.0,True,Research-generated IncentiveRewards mock
MOCK04231,DIAB_NEPHRO_SCREEN,2025-07-14,20.0,True,Research-generated IncentiveRewards mock
MOCK04237,DIAB_NEPHRO_SCREEN,2025-07-12,20.0,True,Research-generated IncentiveRewards mock
MOCK04255,DIAB_NEPHRO_SCREEN,2025-07-04,20.0,False,Research-generated IncentiveRewards mock
MOCK04261,DIAB_NEPHRO_SCREEN,2025-07-16,20.0,True,Research-generated IncentiveRewards mock
MOCK04267,DIAB_NEPHRO_SCREEN,2025-06-30,20.0,True,Research-generated IncentiveRewards mock
MOCK04273,DIAB_NEPHRO_SCREEN,2025-07-17,20.0,True,Research-generated IncentiveRewards mock
MOCK04285,DIAB_NEPHRO_SCREEN,2025-07-13,20.0,False,Research-generated IncentiveRewards mock
MOCK04291,DIAB_NEPHRO_SCREEN,2025-07-17,20.0,True,Research-generated IncentiveRewards mock
MOCK04315,DIAB_NEPHRO_SCREEN,2025-07-31,20.0,True,Research-generated IncentiveRewards mock
MOCK04339,DIAB_NEPHRO_SCREEN,2025-07-20,20.0,False,Research-generated IncentiveRewards mock
MOCK04387,DIAB_NEPHRO_SCREEN,2025-07-13,20.0,False,Research-generated IncentiveRewards mock
MOCK04393,DIAB_NEPHRO_SCREEN,2025-08-02,20.0,False,Research-generated IncentiveRewards mock
MOCK04435,DIAB_NEPHRO_SCREEN,2025-08-05,20.0,False,Research-generated IncentiveRewards mock
MOCK04447,DIAB_NEPHRO_SCREEN,2025-06-30,20.0,True,Research-generated IncentiveRewards mock
MOCK04465,DIAB_NEPHRO_SCREEN,2025-07-09,20.0,False,Research-generated IncentiveRewards mock
MOCK04471,DIAB_NEPHRO_SCREEN,2025-07-29,20.0,True,Research-generated IncentiveRewards mock
MOCK04477,DIAB_NEPHRO_SCREEN,2025-08-04,20.0,True,Research-generated IncentiveRewards mock
MOCK04489,DIAB_NEPHRO_SCREEN,2025-07-30,20.0,True,Research-generated IncentiveRewards mock
MOCK04495,DIAB_NEPHRO_SCREEN,2025-07-30,20.0,True,Research-generated IncentiveRewards mock
MOCK04507,DIAB_NEPHRO_SCREEN,2025-07-24,20.0,True,Research-generated IncentiveRewards mock
MOCK04525,DIAB_NEPHRO_SCREEN,2025-08-07,20.0,True,Research-generated IncentiveRewards mock
MOCK04531,DIAB_NEPHRO_SCREEN,2025-08-07,20.0,True,Research-generated IncentiveRewards mock
MOCK04549,DIAB_NEPHRO_SCREEN,2025-07-14,20.0,False,Research-generated IncentiveRewards mock
MOCK04567,DIAB_NEPHRO_SCREEN,2025-07-21,20.0,False,Research-generated IncentiveRewards mock
MOCK04585,DIAB_NEPHRO_SCREEN,2025-07-30,20.0,False,Research-generated IncentiveRewards mock
MOCK04597,DIAB_NEPHRO_SCREEN,2025-07-03,20.0,True,Research-generated IncentiveRewards mock
MOCK04603,DIAB_NEPHRO_SCREEN,2025-08-07,20.0,False,Research-generated IncentiveRewards mock
MOCK04609,DIAB_NEPHRO_SCREEN,2025-07-07,20.0,False,Research-generated IncentiveRewards mock
MOCK04633,DIAB_NEPHRO_SCREEN,2025-07-04,20.0,True,Research-generated IncentiveRewards mock
MOCK04651,DIAB_NEPHRO_SCREEN,2025-07-12,20.0,True,Research-generated IncentiveRewards mock
MOCK04657,DIAB_NEPHRO_SCREEN,2025-06-30,20.0,True,Research-generated IncentiveRewards mock
MOCK04669,DIAB_NEPHRO_SCREEN,2025-07-05,20.0,True,Research-generated IncentiveRewards mock
MOCK04687,DIAB_NEPHRO_SCREEN,2025-07-18,20.0,True,Research-generated IncentiveRewards mock
MOCK04729,DIAB_NEPHRO_SCREEN,2025-08-07,20.0,True,Research-generated IncentiveRewards mock
MOCK04735,DIAB_NEPHRO_SCREEN,2025-07-10,20.0,False,Research-generated IncentiveRewards mock
MOCK04741,DIAB_NEPHRO_SCREEN,2025-07-30,20.0,True,Research-generated IncentiveRewards mock
MOCK04759,DIAB_NEPHRO_SCREEN,2025-07-03,20.0,True,Research-generated IncentiveRewards mock
MOCK04771,DIAB_NEPHRO_SCREEN,2025-07-16,20.0,False,Research-generated IncentiveRewards mock
MOCK04777,DIAB_NEPHRO_SCREEN,2025-06-30,20.0,True,Research-generated IncentiveRewards mock
MOCK04783,DIAB_NEPHRO_SCREEN,2025-08-05,20.0,True,Research-generated IncentiveRewards mock
MOCK04795,DIAB_NEPHRO_SCREEN,2025-07-19,20.0,False,Research-generated IncentiveRewards mock
MOCK04813,DIAB_NEPHRO_SCREEN,2025-08-06,20.0,False,Research-generated IncentiveRewards mock
MOCK04825,DIAB_NEPHRO_SCREEN,2025-08-03,20.0,False,Research-generated IncentiveRewards mock
MOCK04837,DIAB_NEPHRO_SCREEN,2025-07-28,20.0,True,Research-generated IncentiveRewards mock
MOCK04855,DIAB_NEPHRO_SCREEN,2025-07-17,20.0,True,Research-generated IncentiveRewards mock
MOCK04861,DIAB_NEPHRO_SCREEN,2025-07-05,20.0,True,Research-generated IncentiveRewards mock
MOCK04867,DIAB_NEPHRO_SCREEN,2025-07-10,20.0,False,Research-generated IncentiveRewards mock
MOCK04873,DIAB_NEPHRO_SCREEN,2025-07-16,20.0,False,Research-generated IncentiveRewards mock
MOCK04915,DIAB_NEPHRO_SCREEN,2025-08-07,20.0,True,Research-generated IncentiveRewards mock
MOCK04921,DIAB_NEPHRO_SCREEN,2025-07-08,20.0,False,Research-generated IncentiveRewards mock
MOCK04927,DIAB_NEPHRO_SCREEN,2025-07-07,20.0,False,Research-generated IncentiveRewards mock
MOCK04933,DIAB_NEPHRO_SCREEN,2025-07-27,20.0,True,Research-generated IncentiveRewards mock
MOCK04939,DIAB_NEPHRO_SCREEN,2025-07-11,20.0,False,Research-generated IncentiveRewards mock
MOCK04945,DIAB_NEPHRO_SCREEN,2025-07-07,20.0,False,Research-generated IncentiveRewards mock
MOCK04951,DIAB_NEPHRO_SCREEN,2025-07-01,20.0,False,Research-generated IncentiveRewards mock
MOCK04957,DIAB_NEPHRO_SCREEN,2025-07-15,20.0,True,Research-generated IncentiveRewards mock
MOCK04963,DIAB_NEPHRO_SCREEN,2025-07-15,20.0,True,Research-generated IncentiveRewards mock
MOCK04969,DIAB_NEPHRO_SCREEN,2025-07-21,20.0,False,Research-generated IncentiveRewards mock
MOCK04975,DIAB_NEPHRO_SCREEN,2025-07-07,20.0,False,Research-generated IncentiveRewards mock
MOCK04999,DIAB_NEPHRO_SCREEN,2025-07-07,20.0,True,Research-generated IncentiveRewards mock
MOCK05005,DIAB_NEPHRO_SCREEN,2025-07-19,20.0,True,Research-generated IncentiveRewards mock
MOCK05011,DIAB_NEPHRO_SCREEN,2025-07-26,20.0,True,Research-generated IncentiveRewards mock
MOCK05017,DIAB_NEPHRO_SCREEN,2025-07-14,20.0,True,Research-generated IncentiveRewards mock
MOCK05023,DIAB_NEPHRO_SCREEN,2025-07-10,20.0,False,Research-generated IncentiveRewards mock
MOCK05035,DIAB_NEPHRO_SCREEN,2025-07-13,20.0,True,Research-generated IncentiveRewards mock
MOCK05041,DIAB_NEPHRO_SCREEN,2025-07-15,20.0,True,Research-generated IncentiveRewards mock
MOCK05059,DIAB_NEPHRO_SCREEN,2025-07-27,20.0,False,Research-generated IncentiveRewards mock
MOCK05065,DIAB_NEPHRO_SCREEN,2025-07-17,20.0,True,Research-generated IncentiveRewards mock
MOCK05077,DIAB_NEPHRO_SCREEN,2025-07-25,20.0,True,Research-generated IncentiveRewards mock
MOCK05095,DIAB_NEPHRO_SCREEN,2025-08-02,20.0,False,Research-generated IncentiveRewards mock
MOCK05107,DIAB_NEPHRO_SCREEN,2025-07-22,20.0,True,Research-generated IncentiveRewards mock
MOCK05113,DIAB_NEPHRO_SCREEN,2025-07-10,20.0,True,Research-generated IncentiveRewards mock
MOCK05119,DIAB_NEPHRO_SCREEN,2025-07-08,20.0,True,Research-generated IncentiveRewards mock
MOCK05131,DIAB_NEPHRO_SCREEN,2025-08-04,20.0,False,Research-generated IncentiveRewards mock
MOCK05137,DIAB_NEPHRO_SCREEN,2025-07-16,20.0,True,Research-generated IncentiveRewards mock
MOCK05149,DIAB_NEPHRO_SCREEN,2025-07-28,20.0,True,Research-generated IncentiveRewards mock
MOCK05185,DIAB_NEPHRO_SCREEN,2025-08-06,20.0,True,Research-generated IncentiveRewards mock
MOCK05227,DIAB_NEPHRO_SCREEN,2025-07-31,20.0,False,Research-generated IncentiveRewards mock
MOCK05251,DIAB_NEPHRO_SCREEN,2025-07-23,20.0,True,Research-generated IncentiveRewards mock
MOCK05269,DIAB_NEPHRO_SCREEN,2025-07-16,20.0,True,Research-generated IncentiveRewards mock
MOCK05287,DIAB_NEPHRO_SCREEN,2025-08-07,20.0,True,Research-generated IncentiveRewards mock
MOCK05293,DIAB_NEPHRO_SCREEN,2025-07-19,20.0,False,Research-generated IncentiveRewards mock
MOCK05305,DIAB_NEPHRO_SCREEN,2025-07-20,20.0,True,Research-generated IncentiveRewards mock
MOCK05317,DIAB_NEPHRO_SCREEN,2025-07-04,20.0,True,Research-generated IncentiveRewards mock
MOCK05323,DIAB_NEPHRO_SCREEN,2025-07-20,20.0,True,Research-generated IncentiveRewards mock
MOCK05329,DIAB_NEPHRO_SCREEN,2025-08-01,20.0,False,Research-generated IncentiveRewards mock
MOCK05365,DIAB_NEPHRO_SCREEN,2025-07-13,20.0,False,Research-generated IncentiveRewards mock
MOCK05383,DIAB_NEPHRO_SCREEN,2025-08-05,20.0,False,Research-generated IncentiveRewards mock
MOCK05395,DIAB_NEPHRO_SCREEN,2025-07-10,20.0,True,Research-generated IncentiveRewards mock
MOCK05401,DIAB_NEPHRO_SCREEN,2025-07-10,20.0,True,Research-generated IncentiveRewards mock
MOCK05419,DIAB_NEPHRO_SCREEN,2025-07-04,20.0,False,Research-generated IncentiveRewards mock
MOCK05431,DIAB_NEPHRO_SCREEN,2025-07-09,20.0,False,Research-generated IncentiveRewards mock
MOCK05449,DIAB_NEPHRO_SCREEN,2025-08-01,20.0,True,Research-generated IncentiveRewards mock
MOCK05473,DIAB_NEPHRO_SCREEN,2025-07-10,20.0,False,Research-generated IncentiveRewards mock
MOCK05479,DIAB_NEPHRO_SCREEN,2025-07-07,20.0,True,Research-generated IncentiveRewards mock
MOCK05515,DIAB_NEPHRO_SCREEN,2025-07-13,20.0,True,Research-generated IncentiveRewards mock
MOCK05533,DIAB_NEPHRO_SCREEN,2025-07-12,20.0,True,Research-generated IncentiveRewards mock
MOCK05539,DIAB_NEPHRO_SCREEN,2025-07-03,20.0,False,Research-generated IncentiveRewards mock
MOCK05563,DIAB_NEPHRO_SCREEN,2025-07-07,20.0,True,Research-generated IncentiveRewards mock
MOCK05575,DIAB_NEPHRO_SCREEN,2025-07-29,20.0,True,Research-generated IncentiveRewards mock
MOCK05581,DIAB_NEPHRO_SCREEN,2025-07-23,20.0,False,Research-generated IncentiveRewards mock
MOCK05617,DIAB_NEPHRO_SCREEN,2025-07-31,20.0,True,Research-generated IncentiveRewards mock
MOCK05623,DIAB_NEPHRO_SCREEN,2025-07-20,20.0,True,Research-generated IncentiveRewards mock
MOCK05641,DIAB_NEPHRO_SCREEN,2025-07-01,20.0,False,Research-generated IncentiveRewards mock
MOCK05647,DIAB_NEPHRO_SCREEN,2025-07-30,20.0,True,Research-generated IncentiveRewards mock
MOCK05653,DIAB_NEPHRO_SCREEN,2025-07-02,20.0,True,Research-generated IncentiveRewards mock
MOCK05659,DIAB_NEPHRO_SCREEN,2025-07-29,20.0,True,Research-generated IncentiveRewards mock
MOCK05671,DIAB_NEPHRO_SCREEN,2025-08-01,20.0,False,Research-generated IncentiveRewards mock
MOCK05677,DIAB_NEPHRO_SCREEN,2025-07-18,20.0,False,Research-generated IncentiveRewards mock
MOCK05701,DIAB_NEPHRO_SCREEN,2025-07-04,20.0,False,Research-generated IncentiveRewards mock
MOCK05707,DIAB_NEPHRO_SCREEN,2025-07-29,20.0,False,Research-generated IncentiveRewards mock
MOCK05713,DIAB_NEPHRO_SCREEN,2025-07-27,20.0,True,Research-generated IncentiveRewards mock
MOCK05719,DIAB_NEPHRO_SCREEN,2025-07-31,20.0,True,Research-generated IncentiveRewards mock
MOCK05725,DIAB_NEPHRO_SCREEN,2025-07-29,20.0,False,Research-generated IncentiveRewards mock
MOCK05731,DIAB_NEPHRO_SCREEN,2025-07-12,20.0,False,Research-generated IncentiveRewards mock
MOCK05737,DIAB_NEPHRO_SCREEN,2025-07-02,20.0,True,Research-generated IncentiveRewards mock
MOCK05743,DIAB_NEPHRO_SCREEN,2025-08-05,20.0,True,Research-generated IncentiveRewards mock
MOCK05755,DIAB_NEPHRO_SCREEN,2025-07-03,20.0,False,Research-generated IncentiveRewards mock
MOCK05761,DIAB_NEPHRO_SCREEN,2025-08-05,20.0,True,Research-generated IncentiveRewards mock
MOCK05773,DIAB_NEPHRO_SCREEN,2025-07-17,20.0,False,Research-generated IncentiveRewards mock
MOCK05797,DIAB_NEPHRO_SCREEN,2025-07-10,20.0,True,Research-generated IncentiveRewards mock
MOCK05815,DIAB_NEPHRO_SCREEN,2025-07-01,20.0,True,Research-generated IncentiveRewards mock
MOCK05821,DIAB_NEPHRO_SCREEN,2025-07-26,20.0,True,Research-generated IncentiveRewards mock
MOCK05827,DIAB_NEPHRO_SCREEN,2025-07-30,20.0,True,Research-generated IncentiveRewards mock
MOCK05839,DIAB_NEPHRO_SCREEN,2025-07-31,20.0,True,Research-generated IncentiveRewards mock
MOCK05845,DIAB_NEPHRO_SCREEN,2025-07-31,20.0,False,Research-generated IncentiveRewards mock
MOCK05863,DIAB_NEPHRO_SCREEN,2025-08-02,20.0,False,Research-generated IncentiveRewards mock
MOCK05869,DIAB_NEPHRO_SCREEN,2025-07-13,20.0,True,Research-generated IncentiveRewards mock
MOCK05875,DIAB_NEPHRO_SCREEN,2025-07-03,20.0,False,Research-generated IncentiveRewards mock
MOCK05899,DIAB_NEPHRO_SCREEN,2025-07-16,20.0,False,Research-generated IncentiveRewards mock
MOCK05905,DIAB_NEPHRO_SCREEN,2025-08-02,20.0,True,Research-generated IncentiveRewards mock
MOCK05911,DIAB_NEPHRO_SCREEN,2025-07-01,20.0,True,Research-generated IncentiveRewards mock
MOCK05917,DIAB_NEPHRO_SCREEN,2025-07-25,20.0,True,Research-generated IncentiveRewards mock
MOCK05935,DIAB_NEPHRO_SCREEN,2025-07-10,20.0,True,Research-generated IncentiveRewards mock
MOCK05947,DIAB_NEPHRO_SCREEN,2025-07-15,20.0,True,Research-generated IncentiveRewards mock
MOCK05959,DIAB_NEPHRO_SCREEN,2025-07-16,20.0,False,Research-generated IncentiveRewards mock
MOCK05971,DIAB_NEPHRO_SCREEN,2025-08-03,20.0,True,Research-generated IncentiveRewards mock
MOCK06001,DIAB_NEPHRO_SCREEN,2025-08-04,20.0,False,Research-generated IncentiveRewards mock
MOCK06013,DIAB_NEPHRO_SCREEN,2025-07-29,20.0,False,Research-generated IncentiveRewards mock
MOCK06025,DIAB_NEPHRO_SCREEN,2025-07-28,20.0,False,Research-generated IncentiveRewards mock
MOCK06031,DIAB_NEPHRO_SCREEN,2025-07-19,20.0,False,Research-generated IncentiveRewards mock
MOCK06043,DIAB_NEPHRO_SCREEN,2025-07-16,20.0,False,Research-generated IncentiveRewards mock
MOCK06055,DIAB_NEPHRO_SCREEN,2025-07-10,20.0,True,Research-generated IncentiveRewards mock
MOCK06079,DIAB_NEPHRO_SCREEN,2025-07-05,20.0,False,Research-generated IncentiveRewards mock
MOCK06085,DIAB_NEPHRO_SCREEN,2025-07-29,20.0,True,Research-generated IncentiveRewards mock
MOCK06091,DIAB_NEPHRO_SCREEN,2025-07-13,20.0,True,Research-generated IncentiveRewards mock
MOCK06097,DIAB_NEPHRO_SCREEN,2025-07-23,20.0,True,Research-generated IncentiveRewards mock
MOCK06109,DIAB_NEPHRO_SCREEN,2025-07-21,20.0,False,Research-generated IncentiveRewards mock
MOCK06115,DIAB_NEPHRO_SCREEN,2025-07-16,20.0,True,Research-generated IncentiveRewards mock
MOCK06121,DIAB_NEPHRO_SCREEN,2025-07-18,20.0,True,Research-generated IncentiveRewards mock
MOCK06133,DIAB_NEPHRO_SCREEN,2025-08-06,20.0,False,Research-generated IncentiveRewards mock
MOCK06139,DIAB_NEPHRO_SCREEN,2025-07-10,20.0,False,Research-generated IncentiveRewards mock
MOCK06151,DIAB_NEPHRO_SCREEN,2025-08-06,20.0,True,Research-generated IncentiveRewards mock
MOCK06163,DIAB_NEPHRO_SCREEN,2025-07-30,20.0,True,Research-generated IncentiveRewards mock
MOCK06199,DIAB_NEPHRO_SCREEN,2025-07-05,20.0,False,Research-generated IncentiveRewards mock
MOCK06229,DIAB_NEPHRO_SCREEN,2025-07-08,20.0,False,Research-generated IncentiveRewards mock
MOCK06235,DIAB_NEPHRO_SCREEN,2025-07-31,20.0,True,Research-generated IncentiveRewards mock
MOCK06241,DIAB_NEPHRO_SCREEN,2025-07-11,20.0,False,Research-generated IncentiveRewards mock
MOCK06247,DIAB_NEPHRO_SCREEN,2025-07-22,20.0,False,Research-generated IncentiveRewards mock
MOCK06253,DIAB_NEPHRO_SCREEN,2025-07-12,20.0,False,Research-generated IncentiveRewards mock
MOCK06259,DIAB_NEPHRO_SCREEN,2025-07-10,20.0,True,Research-generated IncentiveRewards mock
MOCK06289,DIAB_NEPHRO_SCREEN,2025-07-13,20.0,False,Research-generated IncentiveRewards mock
MOCK06295,DIAB_NEPHRO_SCREEN,2025-07-21,20.0,False,Research-generated IncentiveRewards mock
MOCK06349,DIAB_NEPHRO_SCREEN,2025-06-30,20.0,True,Research-generated IncentiveRewards mock
MOCK06355,DIAB_NEPHRO_SCREEN,2025-07-02,20.0,False,Research-generated IncentiveRewards mock
MOCK06361,DIAB_NEPHRO_SCREEN,2025-07-19,20.0,False,Research-generated IncentiveRewards mock
MOCK06379,DIAB_NEPHRO_SCREEN,2025-07-10,20.0,True,Research-generated IncentiveRewards mock
MOCK06385,DIAB_NEPHRO_SCREEN,2025-07-02,20.0,False,Research-generated IncentiveRewards mock
MOCK06397,DIAB_NEPHRO_SCREEN,2025-07-14,20.0,True,Research-generated IncentiveRewards mock
MOCK06409,DIAB_NEPHRO_SCREEN,2025-07-15,20.0,True,Research-generated IncentiveRewards mock
MOCK06415,DIAB_NEPHRO_SCREEN,2025-08-05,20.0,True,Research-generated IncentiveRewards mock
MOCK06421,DIAB_NEPHRO_SCREEN,2025-07-10,20.0,False,Research-generated IncentiveRewards mock
MOCK06427,DIAB_NEPHRO_SCREEN,2025-08-03,20.0,True,Research-generated IncentiveRewards mock
MOCK06433,DIAB_NEPHRO_SCREEN,2025-07-10,20.0,False,Research-generated IncentiveRewards mock
MOCK06439,DIAB_NEPHRO_SCREEN,2025-07-07,20.0,False,Research-generated IncentiveRewards mock
MOCK06445,DIAB_NEPHRO_SCREEN,2025-07-10,20.0,True,Research-generated IncentiveRewards mock
MOCK06451,DIAB_NEPHRO_SCREEN,2025-07-12,20.0,False,Research-generated IncentiveRewards mock
MOCK06463,DIAB_NEPHRO_SCREEN,2025-07-22,20.0,True,Research-generated IncentiveRewards mock
MOCK06469,DIAB_NEPHRO_SCREEN,2025-07-13,20.0,True,Research-generated IncentiveRewards mock
MOCK06475,DIAB_NEPHRO_SCREEN,2025-07-28,20.0,True,Research-generated IncentiveRewards mock
MOCK06505,DIAB_NEPHRO_SCREEN,2025-07-27,20.0,False,Research-generated IncentiveRewards mock
MOCK06517,DIAB_NEPHRO_SCREEN,2025-07-28,20.0,True,Research-generated IncentiveRewards mock
MOCK06529,DIAB_NEPHRO_SCREEN,2025-07-29,20.0,True,Research-generated IncentiveRewards mock
MOCK06535,DIAB_NEPHRO_SCREEN,2025-07-17,20.0,True,Research-generated IncentiveRewards mock
MOCK06559,DIAB_NEPHRO_SCREEN,2025-07-18,20.0,True,Research-generated IncentiveRewards mock
MOCK06565,DIAB_NEPHRO_SCREEN,2025-07-30,20.0,False,Research-generated IncentiveRewards mock
MOCK06571,DIAB_NEPHRO_SCREEN,2025-08-04,20.0,True,Research-generated IncentiveRewards mock
MOCK06577,DIAB_NEPHRO_SCREEN,2025-08-04,20.0,True,Research-generated IncentiveRewards mock
MOCK06589,DIAB_NEPHRO_SCREEN,2025-08-04,20.0,True,Research-generated IncentiveRewards mock
MOCK06601,DIAB_NEPHRO_SCREEN,2025-07-22,20.0,True,Research-generated IncentiveRewards mock
MOCK06625,DIAB_NEPHRO_SCREEN,2025-07-13,20.0,True,Research-generated IncentiveRewards mock
MOCK06631,DIAB_NEPHRO_SCREEN,2025-07-12,20.0,True,Research-generated IncentiveRewards mock
MOCK06637,DIAB_NEPHRO_SCREEN,2025-07-12,20.0,True,Research-generated IncentiveRewards mock
MOCK06655,DIAB_NEPHRO_SCREEN,2025-07-17,20.0,True,Research-generated IncentiveRewards mock
MOCK06679,DIAB_NEPHRO_SCREEN,2025-07-07,20.0,True,Research-generated IncentiveRewards mock
MOCK06691,DIAB_NEPHRO_SCREEN,2025-08-04,20.0,True,Research-generated IncentiveRewards mock
MOCK06697,DIAB_NEPHRO_SCREEN,2025-08-02,20.0,True,Research-generated IncentiveRewards mock
MOCK06721,DIAB_NEPHRO_SCREEN,2025-07-23,20.0,True,Research-generated IncentiveRewards mock
MOCK06727,DIAB_NEPHRO_SCREEN,2025-07-02,20.0,False,Research-generated IncentiveRewards mock
MOCK06745,DIAB_NEPHRO_SCREEN,2025-07-04,20.0,True,Research-generated IncentiveRewards mock
MOCK06751,DIAB_NEPHRO_SCREEN,2025-07-25,20.0,True,Research-generated IncentiveRewards mock
MOCK06769,DIAB_NEPHRO_SCREEN,2025-07-22,20.0,False,Research-generated IncentiveRewards mock
MOCK06787,DIAB_NEPHRO_SCREEN,2025-07-03,20.0,True,Research-generated IncentiveRewards mock
MOCK06829,DIAB_NEPHRO_SCREEN,2025-07-19,20.0,True,Research-generated IncentiveRewards mock
MOCK06841,DIAB_NEPHRO_SCREEN,2025-08-02,20.0,True,Research-generated IncentiveRewards mock
MOCK06847,DIAB_NEPHRO_SCREEN,2025-07-12,20.0,True,Research-generated IncentiveRewards mock
MOCK06883,DIAB_NEPHRO_SCREEN,2025-07-11,20.0,True,Research-generated IncentiveRewards mock
MOCK06901,DIAB_NEPHRO_SCREEN,2025-07-18,20.0,True,Research-generated IncentiveRewards mock
MOCK06919,DIAB_NEPHRO_SCREEN,2025-07-09,20.0,True,Research-generated IncentiveRewards mock
MOCK06931,DIAB_NEPHRO_SCREEN,2025-07-15,20.0,True,Research-generated IncentiveRewards mock
MOCK06937,DIAB_NEPHRO_SCREEN,2025-07-07,20.0,False,Research-generated IncentiveRewards mock
MOCK06943,DIAB_NEPHRO_SCREEN,2025-07-07,20.0,True,Research-generated IncentiveRewards mock
MOCK06949,DIAB_NEPHRO_SCREEN,2025-07-27,20.0,True,Research-generated IncentiveRewards mock
MOCK06955,DIAB_NEPHRO_SCREEN,2025-07-10,20.0,True,Research-generated IncentiveRewards mock
MOCK06967,DIAB_NEPHRO_SCREEN,2025-07-24,20.0,True,Research-generated IncentiveRewards mock
MOCK06985,DIAB_NEPHRO_SCREEN,2025-07-09,20.0,True,Research-generated IncentiveRewards mock
MOCK06991,DIAB_NEPHRO_SCREEN,2025-07-13,20.0,True,Research-generated IncentiveRewards mock
MOCK07015,DIAB_NEPHRO_SCREEN,2025-07-30,20.0,False,Research-generated IncentiveRewards mock
MOCK07039,DIAB_NEPHRO_SCREEN,2025-07-22,20.0,True,Research-generated IncentiveRewards mock
MOCK07051,DIAB_NEPHRO_SCREEN,2025-08-06,20.0,True,Research-generated IncentiveRewards mock
MOCK07075,DIAB_NEPHRO_SCREEN,2025-08-04,20.0,True,Research-generated IncentiveRewards mock
MOCK07087,DIAB_NEPHRO_SCREEN,2025-07-30,20.0,True,Research-generated IncentiveRewards mock
MOCK07159,DIAB_NEPHRO_SCREEN,2025-07-03,20.0,True,Research-generated IncentiveRewards mock
MOCK07171,DIAB_NEPHRO_SCREEN,2025-07-21,20.0,True,Research-generated IncentiveRewards mock
MOCK07177,DIAB_NEPHRO_SCREEN,2025-07-01,20.0,True,Research-generated IncentiveRewards mock
MOCK07189,DIAB_NEPHRO_SCREEN,2025-07-27,20.0,False,Research-generated IncentiveRewards mock
MOCK07207,DIAB_NEPHRO_SCREEN,2025-07-19,20.0,False,Research-generated IncentiveRewards mock
MOCK07213,DIAB_NEPHRO_SCREEN,2025-07-03,20.0,True,Research-generated IncentiveRewards mock
MOCK07219,DIAB_NEPHRO_SCREEN,2025-07-28,20.0,True,Research-generated IncentiveRewards mock
MOCK07225,DIAB_NEPHRO_SCREEN,2025-08-01,20.0,True,Research-generated IncentiveRewards mock
MOCK07249,DIAB_NEPHRO_SCREEN,2025-08-05,20.0,True,Research-generated IncentiveRewards mock
MOCK07261,DIAB_NEPHRO_SCREEN,2025-07-17,20.0,False,Research-generated IncentiveRewards mock
MOCK07279,DIAB_NEPHRO_SCREEN,2025-08-01,20.0,True,Research-generated IncentiveRewards mock
MOCK07297,DIAB_NEPHRO_SCREEN,2025-07-01,20.0,False,Research-generated IncentiveRewards mock
MOCK07315,DIAB_NEPHRO_SCREEN,2025-07-21,20.0,False,Research-generated IncentiveRewards mock
MOCK07321,DIAB_NEPHRO_SCREEN,2025-07-27,20.0,False,Research-generated IncentiveRewards mock
MOCK07357,DIAB_NEPHRO_SCREEN,2025-07-19,20.0,False,Research-generated IncentiveRewards mock
MOCK07363,DIAB_NEPHRO_SCREEN,2025-07-16,20.0,True,Research-generated IncentiveRewards mock
MOCK07369,DIAB_NEPHRO_SCREEN,2025-06-30,20.0,False,Research-generated IncentiveRewards mock
MOCK07393,DIAB_NEPHRO_SCREEN,2025-07-27,20.0,True,Research-generated IncentiveRewards mock
MOCK07411,DIAB_NEPHRO_SCREEN,2025-07-07,20.0,False,Research-generated IncentiveRewards mock
MOCK07417,DIAB_NEPHRO_SCREEN,2025-07-26,20.0,False,Research-generated IncentiveRewards mock
MOCK07441,DIAB_NEPHRO_SCREEN,2025-07-27,20.0,False,Research-generated IncentiveRewards mock
MOCK07453,DIAB_NEPHRO_SCREEN,2025-07-03,20.0,False,Research-generated IncentiveRewards mock
MOCK07459,DIAB_NEPHRO_SCREEN,2025-07-07,20.0,True,Research-generated IncentiveRewards mock
MOCK07471,DIAB_NEPHRO_SCREEN,2025-07-11,20.0,True,Research-generated IncentiveRewards mock
MOCK07489,DIAB_NEPHRO_SCREEN,2025-07-06,20.0,True,Research-generated IncentiveRewards mock
MOCK07495,DIAB_NEPHRO_SCREEN,2025-07-27,20.0,True,Research-generated IncentiveRewards mock
MOCK07507,DIAB_NEPHRO_SCREEN,2025-07-23,20.0,False,Research-generated IncentiveRewards mock
MOCK07513,DIAB_NEPHRO_SCREEN,2025-07-08,20.0,False,Research-generated IncentiveRewards mock
MOCK07519,DIAB_NEPHRO_SCREEN,2025-07-11,20.0,False,Research-generated IncentiveRewards mock
MOCK07525,DIAB_NEPHRO_SCREEN,2025-07-23,20.0,False,Research-generated IncentiveRewards mock
MOCK07543,DIAB_NEPHRO_SCREEN,2025-07-01,20.0,False,Research-generated IncentiveRewards mock
MOCK07555,DIAB_NEPHRO_SCREEN,2025-07-28,20.0,False,Research-generated IncentiveRewards mock
MOCK07567,DIAB_NEPHRO_SCREEN,2025-07-01,20.0,True,Research-generated IncentiveRewards mock
MOCK07579,DIAB_NEPHRO_SCREEN,2025-06-30,20.0,True,Research-generated IncentiveRewards mock
MOCK07591,DIAB_NEPHRO_SCREEN,2025-07-28,20.0,False,Research-generated IncentiveRewards mock
MOCK07603,DIAB_NEPHRO_SCREEN,2025-08-06,20.0,False,Research-generated IncentiveRewards mock
MOCK07621,DIAB_NEPHRO_SCREEN,2025-07-08,20.0,False,Research-generated IncentiveRewards mock
MOCK07627,DIAB_NEPHRO_SCREEN,2025-07-18,20.0,False,Research-generated IncentiveRewards mock
MOCK07633,DIAB_NEPHRO_SCREEN,2025-07-09,20.0,True,Research-generated IncentiveRewards mock
MOCK07657,DIAB_NEPHRO_SCREEN,2025-07-03,20.0,False,Research-generated IncentiveRewards mock
MOCK07669,DIAB_NEPHRO_SCREEN,2025-07-30,20.0,True,Research-generated IncentiveRewards mock
MOCK07675,DIAB_NEPHRO_SCREEN,2025-07-20,20.0,False,Research-generated IncentiveRewards mock
MOCK07681,DIAB_NEPHRO_SCREEN,2025-07-21,20.0,False,Research-generated IncentiveRewards mock
MOCK07705,DIAB_NEPHRO_SCREEN,2025-07-24,20.0,False,Research-generated IncentiveRewards mock
MOCK07711,DIAB_NEPHRO_SCREEN,2025-08-04,20.0,True,Research-generated IncentiveRewards mock
MOCK07729,DIAB_NEPHRO_SCREEN,2025-08-01,20.0,True,Research-generated IncentiveRewards mock
MOCK07735,DIAB_NEPHRO_SCREEN,2025-07-03,20.0,True,Research-generated IncentiveRewards mock
MOCK07759,DIAB_NEPHRO_SCREEN,2025-07-07,20.0,True,Research-generated IncentiveRewards mock
MOCK07771,DIAB_NEPHRO_SCREEN,2025-07-13,20.0,True,Research-generated IncentiveRewards mock
MOCK07783,DIAB_NEPHRO_SCREEN,2025-07-11,20.0,True,Research-generated IncentiveRewards mock
MOCK07789,DIAB_NEPHRO_SCREEN,2025-07-10,20.0,False,Research-generated IncentiveRewards mock
MOCK07801,DIAB_NEPHRO_SCREEN,2025-07-03,20.0,False,Research-generated IncentiveRewards mock
MOCK07807,DIAB_NEPHRO_SCREEN,2025-07-29,20.0,True,Research-generated IncentiveRewards mock
MOCK07831,DIAB_NEPHRO_SCREEN,2025-08-04,20.0,True,Research-generated IncentiveRewards mock
MOCK07837,DIAB_NEPHRO_SCREEN,2025-08-01,20.0,False,Research-generated IncentiveRewards mock
MOCK07849,DIAB_NEPHRO_SCREEN,2025-08-06,20.0,False,Research-generated IncentiveRewards mock
MOCK07855,DIAB_NEPHRO_SCREEN,2025-07-02,20.0,True,Research-generated IncentiveRewards mock
MOCK07873,DIAB_NEPHRO_SCREEN,2025-07-29,20.0,False,Research-generated IncentiveRewards mock
MOCK07891,DIAB_NEPHRO_SCREEN,2025-07-10,20.0,False,Research-generated IncentiveRewards mock
MOCK07903,DIAB_NEPHRO_SCREEN,2025-08-07,20.0,True,Research-generated IncentiveRewards mock
MOCK07909,DIAB_NEPHRO_SCREEN,2025-07-12,20.0,True,Research-generated IncentiveRewards mock
MOCK07927,DIAB_NEPHRO_SCREEN,2025-07-07,20.0,False,Research-generated IncentiveRewards mock
MOCK07945,DIAB_NEPHRO_SCREEN,2025-07-16,20.0,True,Research-generated IncentiveRewards mock
MOCK07963,DIAB_NEPHRO_SCREEN,2025-07-22,20.0,True,Research-generated IncentiveRewards mock
MOCK07987,DIAB_NEPHRO_SCREEN,2025-08-01,20.0,True,Research-generated IncentiveRewards mock
MOCK07993,DIAB_NEPHRO_SCREEN,2025-07-11,20.0,False,Research-generated IncentiveRewards mock
MOCK07999,DIAB_NEPHRO_SCREEN,2025-07-05,20.0,False,Research-generated IncentiveRewards mock
MOCK08029,DIAB_NEPHRO_SCREEN,2025-07-08,20.0,False,Research-generated IncentiveRewards mock
MOCK08035,DIAB_NEPHRO_SCREEN,2025-08-02,20.0,True,Research-generated IncentiveRewards mock
MOCK08059,DIAB_NEPHRO_SCREEN,2025-07-22,20.0,False,Research-generated IncentiveRewards mock
MOCK08065,DIAB_NEPHRO_SCREEN,2025-07-25,20.0,False,Research-generated IncentiveRewards mock
MOCK08077,DIAB_NEPHRO_SCREEN,2025-07-12,20.0,False,Research-generated IncentiveRewards mock
MOCK08083,DIAB_NEPHRO_SCREEN,2025-07-06,20.0,True,Research-generated IncentiveRewards mock
MOCK08119,DIAB_NEPHRO_SCREEN,2025-07-11,20.0,True,Research-generated IncentiveRewards mock
MOCK08137,DIAB_NEPHRO_SCREEN,2025-06-30,20.0,True,Research-generated IncentiveRewards mock
MOCK08155,DIAB_NEPHRO_SCREEN,2025-08-02,20.0,True,Research-generated IncentiveRewards mock
MOCK08173,DIAB_NEPHRO_SCREEN,2025-07-02,20.0,False,Research-generated IncentiveRewards mock
MOCK08179,DIAB_NEPHRO_SCREEN,2025-07-03,20.0,False,Research-generated IncentiveRewards mock
MOCK08191,DIAB_NEPHRO_SCREEN,2025-06-30,20.0,True,Research-generated IncentiveRewards mock
MOCK08197,DIAB_NEPHRO_SCREEN,2025-08-03,20.0,True,Research-generated IncentiveRewards mock
MOCK08239,DIAB_NEPHRO_SCREEN,2025-07-21,20.0,False,Research-generated IncentiveRewards mock
MOCK08251,DIAB_NEPHRO_SCREEN,2025-07-16,20.0,False,Research-generated IncentiveRewards mock
MOCK08269,DIAB_NEPHRO_SCREEN,2025-08-03,20.0,False,Research-generated IncentiveRewards mock
MOCK08293,DIAB_NEPHRO_SCREEN,2025-08-03,20.0,True,Research-generated IncentiveRewards mock
MOCK08305,DIAB_NEPHRO_SCREEN,2025-07-15,20.0,True,Research-generated IncentiveRewards mock
MOCK08323,DIAB_NEPHRO_SCREEN,2025-08-01,20.0,True,Research-generated IncentiveRewards mock
MOCK08329,DIAB_NEPHRO_SCREEN,2025-08-05,20.0,True,Research-generated IncentiveRewards mock
MOCK08347,DIAB_NEPHRO_SCREEN,2025-07-18,20.0,False,Research-generated IncentiveRewards mock
MOCK08365,DIAB_NEPHRO_SCREEN,2025-07-04,20.0,False,Research-generated IncentiveRewards mock
MOCK08377,DIAB_NEPHRO_SCREEN,2025-08-04,20.0,False,Research-generated IncentiveRewards mock
MOCK08383,DIAB_NEPHRO_SCREEN,2025-07-26,20.0,True,Research-generated IncentiveRewards mock
MOCK08395,DIAB_NEPHRO_SCREEN,2025-07-10,20.0,True,Research-generated IncentiveRewards mock
MOCK08419,DIAB_NEPHRO_SCREEN,2025-07-14,20.0,False,Research-generated IncentiveRewards mock
MOCK08425,DIAB_NEPHRO_SCREEN,2025-07-13,20.0,True,Research-generated IncentiveRewards mock
MOCK08449,DIAB_NEPHRO_SCREEN,2025-07-16,20.0,True,Research-generated IncentiveRewards mock
MOCK08455,DIAB_NEPHRO_SCREEN,2025-07-12,20.0,True,Research-generated IncentiveRewards mock
MOCK08461,DIAB_NEPHRO_SCREEN,2025-07-27,20.0,False,Research-generated IncentiveRewards mock
MOCK08473,DIAB_NEPHRO_SCREEN,2025-07-29,20.0,False,Research-generated IncentiveRewards mock
MOCK08491,DIAB_NEPHRO_SCREEN,2025-07-14,20.0,False,Research-generated IncentiveRewards mock
MOCK08515,DIAB_NEPHRO_SCREEN,2025-08-03,20.0,True,Research-generated IncentiveRewards mock
MOCK08527,DIAB_NEPHRO_SCREEN,2025-07-23,20.0,True,Research-generated IncentiveRewards mock
MOCK08545,DIAB_NEPHRO_SCREEN,2025-07-17,20.0,False,Research-generated IncentiveRewards mock
MOCK08563,DIAB_NEPHRO_SCREEN,2025-08-02,20.0,False,Research-generated IncentiveRewards mock
MOCK08575,DIAB_NEPHRO_SCREEN,2025-07-09,20.0,True,Research-generated IncentiveRewards mock
MOCK08611,DIAB_NEPHRO_SCREEN,2025-07-01,20.0,True,Research-generated IncentiveRewards mock
MOCK08617,DIAB_NEPHRO_SCREEN,2025-07-11,20.0,True,Research-generated IncentiveRewards mock
MOCK08623,DIAB_NEPHRO_SCREEN,2025-07-29,20.0,False,Research-generated IncentiveRewards mock
MOCK08647,DIAB_NEPHRO_SCREEN,2025-07-01,20.0,False,Research-generated IncentiveRewards mock
MOCK08653,DIAB_NEPHRO_SCREEN,2025-07-13,20.0,False,Research-generated IncentiveRewards mock
MOCK08665,DIAB_NEPHRO_SCREEN,2025-07-04,20.0,True,Research-generated IncentiveRewards mock
MOCK08677,DIAB_NEPHRO_SCREEN,2025-08-02,20.0,True,Research-generated IncentiveRewards mock
MOCK08683,DIAB_NEPHRO_SCREEN,2025-07-23,20.0,True,Research-generated IncentiveRewards mock
MOCK08713,DIAB_NEPHRO_SCREEN,2025-07-21,20.0,True,Research-generated IncentiveRewards mock
MOCK08743,DIAB_NEPHRO_SCREEN,2025-08-07,20.0,True,Research-generated IncentiveRewards mock
MOCK08749,DIAB_NEPHRO_SCREEN,2025-08-06,20.0,False,Research-generated IncentiveRewards mock
MOCK08767,DIAB_NEPHRO_SCREEN,2025-07-07,20.0,True,Research-generated IncentiveRewards mock
MOCK08773,DIAB_NEPHRO_SCREEN,2025-07-19,20.0,False,Research-generated IncentiveRewards mock
MOCK08797,DIAB_NEPHRO_SCREEN,2025-07-23,20.0,False,Research-generated IncentiveRewards mock
MOCK08821,DIAB_NEPHRO_SCREEN,2025-07-26,20.0,False,Research-generated IncentiveRewards mock
MOCK08857,DIAB_NEPHRO_SCREEN,2025-07-07,20.0,True,Research-generated IncentiveRewards mock
MOCK08875,DIAB_NEPHRO_SCREEN,2025-07-21,20.0,False,Research-generated IncentiveRewards mock
MOCK08881,DIAB_NEPHRO_SCREEN,2025-07-29,20.0,True,Research-generated IncentiveRewards mock
MOCK08893,DIAB_NEPHRO_SCREEN,2025-08-03,20.0,False,Research-generated IncentiveRewards mock
MOCK08905,DIAB_NEPHRO_SCREEN,2025-07-20,20.0,False,Research-generated IncentiveRewards mock
MOCK08911,DIAB_NEPHRO_SCREEN,2025-08-05,20.0,True,Research-generated IncentiveRewards mock
MOCK08917,DIAB_NEPHRO_SCREEN,2025-07-21,20.0,False,Research-generated IncentiveRewards mock
MOCK08947,DIAB_NEPHRO_SCREEN,2025-07-16,20.0,True,Research-generated IncentiveRewards mock
MOCK08971,DIAB_NEPHRO_SCREEN,2025-07-18,20.0,True,Research-generated IncentiveRewards mock
MOCK08983,DIAB_NEPHRO_SCREEN,2025-07-04,20.0,True,Research-generated IncentiveRewards mock
MOCK08989,DIAB_NEPHRO_SCREEN,2025-07-15,20.0,True,Research-generated IncentiveRewards mock
MOCK08995,DIAB_NEPHRO_SCREEN,2025-07-09,20.0,True,Research-generated IncentiveRewards mock
MOCK09001,DIAB_NEPHRO_SCREEN,2025-08-07,20.0,True,Research-generated IncentiveRewards mock
MOCK09007,DIAB_NEPHRO_SCREEN,2025-07-20,20.0,True,Research-generated IncentiveRewards mock
MOCK09019,DIAB_NEPHRO_SCREEN,2025-07-02,20.0,False,Research-generated IncentiveRewards mock
MOCK09055,DIAB_NEPHRO_SCREEN,2025-07-07,20.0,False,Research-generated IncentiveRewards mock
MOCK09061,DIAB_NEPHRO_SCREEN,2025-07-29,20.0,False,Research-generated IncentiveRewards mock
MOCK09139,DIAB_NEPHRO_SCREEN,2025-07-24,20.0,False,Research-generated IncentiveRewards mock
MOCK09145,DIAB_NEPHRO_SCREEN,2025-07-10,20.0,True,Research-generated IncentiveRewards mock
MOCK09157,DIAB_NEPHRO_SCREEN,2025-07-02,20.0,False,Research-generated IncentiveRewards mock
MOCK09193,DIAB_NEPHRO_SCREEN,2025-07-18,20.0,True,Research-generated IncentiveRewards mock
MOCK09199,DIAB_NEPHRO_SCREEN,2025-07-12,20.0,True,Research-generated IncentiveRewards mock
MOCK09211,DIAB_NEPHRO_SCREEN,2025-07-27,20.0,True,Research-generated IncentiveRewards mock
MOCK09253,DIAB_NEPHRO_SCREEN,2025-07-16,20.0,True,Research-generated IncentiveRewards mock
MOCK09265,DIAB_NEPHRO_SCREEN,2025-07-26,20.0,True,Research-generated IncentiveRewards mock
MOCK09277,DIAB_NEPHRO_SCREEN,2025-07-14,20.0,False,Research-generated IncentiveRewards mock
MOCK09295,DIAB_NEPHRO_SCREEN,2025-07-06,20.0,False,Research-generated IncentiveRewards mock
MOCK09307,DIAB_NEPHRO_SCREEN,2025-07-07,20.0,False,Research-generated IncentiveRewards mock
MOCK09313,DIAB_NEPHRO_SCREEN,2025-07-26,20.0,True,Research-generated IncentiveRewards mock
MOCK09319,DIAB_NEPHRO_SCREEN,2025-07-21,20.0,False,Research-generated IncentiveRewards mock
MOCK09325,DIAB_NEPHRO_SCREEN,2025-07-13,20.0,False,Research-generated IncentiveRewards mock
MOCK09373,DIAB_NEPHRO_SCREEN,2025-08-02,20.0,True,Research-generated IncentiveRewards mock
MOCK09391,DIAB_NEPHRO_SCREEN,2025-07-22,20.0,False,Research-generated IncentiveRewards mock
MOCK09403,DIAB_NEPHRO_SCREEN,2025-07-25,20.0,False,Research-generated IncentiveRewards mock
MOCK09409,DIAB_NEPHRO_SCREEN,2025-07-24,20.0,False,Research-generated IncentiveRewards mock
MOCK09421,DIAB_NEPHRO_SCREEN,2025-07-07,20.0,True,Research-generated IncentiveRewards mock
MOCK09439,DIAB_NEPHRO_SCREEN,2025-07-30,20.0,False,Research-generated IncentiveRewards mock
MOCK09475,DIAB_NEPHRO_SCREEN,2025-07-23,20.0,True,Research-generated IncentiveRewards mock
MOCK09481,DIAB_NEPHRO_SCREEN,2025-07-30,20.0,True,Research-generated IncentiveRewards mock
MOCK09487,DIAB_NEPHRO_SCREEN,2025-07-03,20.0,True,Research-generated IncentiveRewards mock
MOCK09493,DIAB_NEPHRO_SCREEN,2025-07-04,20.0,False,Research-generated IncentiveRewards mock
MOCK09505,DIAB_NEPHRO_SCREEN,2025-08-01,20.0,True,Research-generated IncentiveRewards mock
MOCK09547,DIAB_NEPHRO_SCREEN,2025-07-03,20.0,False,Research-generated IncentiveRewards mock
MOCK09559,DIAB_NEPHRO_SCREEN,2025-07-23,20.0,False,Research-generated IncentiveRewards mock
MOCK09577,DIAB_NEPHRO_SCREEN,2025-06-30,20.0,True,Research-generated IncentiveRewards mock
MOCK09583,DIAB_NEPHRO_SCREEN,2025-07-28,20.0,True,Research-generated IncentiveRewards mock
MOCK09589,DIAB_NEPHRO_SCREEN,2025-08-04,20.0,True,Research-generated IncentiveRewards mock
MOCK09607,DIAB_NEPHRO_SCREEN,2025-07-23,20.0,True,Research-generated IncentiveRewards mock
MOCK09613,DIAB_NEPHRO_SCREEN,2025-08-06,20.0,True,Research-generated IncentiveRewards mock
MOCK09619,DIAB_NEPHRO_SCREEN,2025-07-23,20.0,False,Research-generated IncentiveRewards mock
MOCK09631,DIAB_NEPHRO_SCREEN,2025-07-13,20.0,False,Research-generated IncentiveRewards mock
MOCK09637,DIAB_NEPHRO_SCREEN,2025-07-28,20.0,True,Research-generated IncentiveRewards mock
MOCK09679,DIAB_NEPHRO_SCREEN,2025-07-20,20.0,True,Research-generated IncentiveRewards mock
MOCK09685,DIAB_NEPHRO_SCREEN,2025-07-10,20.0,True,Research-generated IncentiveRewards mock
MOCK09709,DIAB_NEPHRO_SCREEN,2025-07-30,20.0,True,Research-generated IncentiveRewards mock
MOCK09715,DIAB_NEPHRO_SCREEN,2025-07-05,20.0,True,Research-generated IncentiveRewards mock
MOCK09721,DIAB_NEPHRO_SCREEN,2025-07-14,20.0,True,Research-generated IncentiveRewards mock
MOCK09751,DIAB_NEPHRO_SCREEN,2025-08-05,20.0,False,Research-generated IncentiveRewards mock
MOCK09763,DIAB_NEPHRO_SCREEN,2025-07-19,20.0,False,Research-generated IncentiveRewards mock
MOCK09769,DIAB_NEPHRO_SCREEN,2025-08-07,20.0,False,Research-generated IncentiveRewards mock
MOCK09787,DIAB_NEPHRO_SCREEN,2025-07-04,20.0,True,Research-generated IncentiveRewards mock
MOCK09793,DIAB_NEPHRO_SCREEN,2025-07-08,20.0,True,Research-generated IncentiveRewards mock
MOCK09805,DIAB_NEPHRO_SCREEN,2025-07-01,20.0,True,Research-generated IncentiveRewards mock
MOCK09823,DIAB_NEPHRO_SCREEN,2025-07-14,20.0,True,Research-generated IncentiveRewards mock
MOCK09829,DIAB_NEPHRO_SCREEN,2025-08-01,20.0,False,Research-generated IncentiveRewards mock
MOCK09835,DIAB_NEPHRO_SCREEN,2025-07-30,20.0,True,Research-generated IncentiveRewards mock
MOCK09847,DIAB_NEPHRO_SCREEN,2025-07-31,20.0,True,Research-generated IncentiveRewards mock
MOCK09859,DIAB_NEPHRO_SCREEN,2025-07-04,20.0,True,Research-generated IncentiveRewards mock
MOCK09871,DIAB_NEPHRO_SCREEN,2025-07-23,20.0,False,Research-generated IncentiveRewards mock
MOCK09877,DIAB_NEPHRO_SCREEN,2025-08-04,20.0,False,Research-generated IncentiveRewards mock
MOCK09895,DIAB_NEPHRO_SCREEN,2025-07-15,20.0,False,Research-generated IncentiveRewards mock
MOCK09901,DIAB_NEPHRO_SCREEN,2025-07-07,20.0,False,Research-generated IncentiveRewards mock
MOCK09913,DIAB_NEPHRO_SCREEN,2025-08-06,20.0,False,Research-generated IncentiveRewards mock
MOCK09919,DIAB_NEPHRO_SCREEN,2025-08-05,20.0,True,Research-generated IncentiveRewards mock
MOCK09925,DIAB_NEPHRO_SCREEN,2025-08-05,20.0,False,Research-generated IncentiveRewards mock
MOCK09931,DIAB_NEPHRO_SCREEN,2025-08-03,20.0,False,Research-generated IncentiveRewards mock
MOCK09961,DIAB_NEPHRO_SCREEN,2025-07-25,20.0,False,Research-generated IncentiveRewards mock
MOCK09973,DIAB_NEPHRO_SCREEN,2025-07-29,20.0,True,Research-generated IncentiveRewards mock
MOCK09979,DIAB_NEPHRO_SCREEN,2025-07-31,20.0,True,Research-generated IncentiveRewards mock
MOCK09991,DIAB_NEPHRO_SCREEN,2025-07-19,20.0,False,Research-generated IncentiveRewards mock
MOCK09997,DIAB_NEPHRO_SCREEN,2025-07-07,20.0,True,Research-generated IncentiveRewards mock
MOCK00002,HTN_PCP_FOLLOWUP,2025-12-31,15.0,False,Research-generated IncentiveRewards mock
MOCK00014,HTN_PCP_FOLLOWUP,2026-01-25,15.0,False,Research-generated IncentiveRewards mock
MOCK00038,HTN_PCP_FOLLOWUP,2026-01-31,15.0,False,Research-generated IncentiveRewards mock
MOCK00050,HTN_PCP_FOLLOWUP,2026-01-09,15.0,False,Research-generated IncentiveRewards mock
MOCK00068,HTN_PCP_FOLLOWUP,2026-01-22,15.0,False,Research-generated IncentiveRewards mock
MOCK00092,HTN_PCP_FOLLOWUP,2026-01-01,15.0,True,Research-generated IncentiveRewards mock
MOCK00116,HTN_PCP_FOLLOWUP,2026-02-02,15.0,False,Research-generated IncentiveRewards mock
MOCK00146,HTN_PCP_FOLLOWUP,2026-01-03,15.0,True,Research-generated IncentiveRewards mock
MOCK00158,HTN_PCP_FOLLOWUP,2026-01-02,15.0,False,Research-generated IncentiveRewards mock
MOCK00164,HTN_PCP_FOLLOWUP,2026-01-26,15.0,False,Research-generated IncentiveRewards mock
MOCK00176,HTN_PCP_FOLLOWUP,2026-01-11,15.0,False,Research-generated IncentiveRewards mock
MOCK00182,HTN_PCP_FOLLOWUP,2026-01-31,15.0,True,Research-generated IncentiveRewards mock
MOCK00188,HTN_PCP_FOLLOWUP,2026-01-13,15.0,False,Research-generated IncentiveRewards mock
MOCK00212,HTN_PCP_FOLLOWUP,2026-02-03,15.0,True,Research-generated IncentiveRewards mock
MOCK00224,HTN_PCP_FOLLOWUP,2026-02-06,15.0,False,Research-generated IncentiveRewards mock
MOCK00242,HTN_PCP_FOLLOWUP,2026-01-05,15.0,False,Research-generated IncentiveRewards mock
MOCK00254,HTN_PCP_FOLLOWUP,2026-01-20,15.0,True,Research-generated IncentiveRewards mock
MOCK00266,HTN_PCP_FOLLOWUP,2026-01-13,15.0,False,Research-generated IncentiveRewards mock
MOCK00296,HTN_PCP_FOLLOWUP,2026-01-15,15.0,True,Research-generated IncentiveRewards mock
MOCK00314,HTN_PCP_FOLLOWUP,2026-02-03,15.0,False,Research-generated IncentiveRewards mock
MOCK00320,HTN_PCP_FOLLOWUP,2025-12-31,15.0,True,Research-generated IncentiveRewards mock
MOCK00326,HTN_PCP_FOLLOWUP,2026-02-03,15.0,False,Research-generated IncentiveRewards mock
MOCK00332,HTN_PCP_FOLLOWUP,2026-02-04,15.0,False,Research-generated IncentiveRewards mock
MOCK00362,HTN_PCP_FOLLOWUP,2026-01-23,15.0,True,Research-generated IncentiveRewards mock
MOCK00374,HTN_PCP_FOLLOWUP,2026-01-23,15.0,True,Research-generated IncentiveRewards mock
MOCK00380,HTN_PCP_FOLLOWUP,2026-01-19,15.0,False,Research-generated IncentiveRewards mock
MOCK00386,HTN_PCP_FOLLOWUP,2026-01-25,15.0,True,Research-generated IncentiveRewards mock
MOCK00392,HTN_PCP_FOLLOWUP,2026-01-19,15.0,True,Research-generated IncentiveRewards mock
MOCK00398,HTN_PCP_FOLLOWUP,2025-12-30,15.0,True,Research-generated IncentiveRewards mock
MOCK00410,HTN_PCP_FOLLOWUP,2026-02-05,15.0,True,Research-generated IncentiveRewards mock
MOCK00416,HTN_PCP_FOLLOWUP,2026-02-03,15.0,False,Research-generated IncentiveRewards mock
MOCK00428,HTN_PCP_FOLLOWUP,2026-01-05,15.0,True,Research-generated IncentiveRewards mock
MOCK00482,HTN_PCP_FOLLOWUP,2026-01-18,15.0,True,Research-generated IncentiveRewards mock
MOCK00500,HTN_PCP_FOLLOWUP,2026-01-19,15.0,True,Research-generated IncentiveRewards mock
MOCK00524,HTN_PCP_FOLLOWUP,2026-01-04,15.0,True,Research-generated IncentiveRewards mock
MOCK00530,HTN_PCP_FOLLOWUP,2026-01-19,15.0,False,Research-generated IncentiveRewards mock
MOCK00536,HTN_PCP_FOLLOWUP,2026-02-02,15.0,True,Research-generated IncentiveRewards mock
MOCK00560,HTN_PCP_FOLLOWUP,2026-01-16,15.0,False,Research-generated IncentiveRewards mock
MOCK00566,HTN_PCP_FOLLOWUP,2026-01-05,15.0,False,Research-generated IncentiveRewards mock
MOCK00590,HTN_PCP_FOLLOWUP,2026-01-10,15.0,False,Research-generated IncentiveRewards mock
MOCK00596,HTN_PCP_FOLLOWUP,2026-01-20,15.0,True,Research-generated IncentiveRewards mock
MOCK00614,HTN_PCP_FOLLOWUP,2026-01-18,15.0,False,Research-generated IncentiveRewards mock
MOCK00680,HTN_PCP_FOLLOWUP,2026-01-08,15.0,True,Research-generated IncentiveRewards mock
MOCK00686,HTN_PCP_FOLLOWUP,2026-01-09,15.0,False,Research-generated IncentiveRewards mock
MOCK00698,HTN_PCP_FOLLOWUP,2026-01-17,15.0,True,Research-generated IncentiveRewards mock
MOCK00746,HTN_PCP_FOLLOWUP,2026-01-28,15.0,True,Research-generated IncentiveRewards mock
MOCK00752,HTN_PCP_FOLLOWUP,2026-01-08,15.0,True,Research-generated IncentiveRewards mock
MOCK00776,HTN_PCP_FOLLOWUP,2026-01-11,15.0,True,Research-generated IncentiveRewards mock
MOCK00800,HTN_PCP_FOLLOWUP,2026-01-27,15.0,True,Research-generated IncentiveRewards mock
MOCK00824,HTN_PCP_FOLLOWUP,2026-01-02,15.0,True,Research-generated IncentiveRewards mock
MOCK00836,HTN_PCP_FOLLOWUP,2026-01-13,15.0,True,Research-generated IncentiveRewards mock
MOCK00848,HTN_PCP_FOLLOWUP,2026-01-24,15.0,False,Research-generated IncentiveRewards mock
MOCK00866,HTN_PCP_FOLLOWUP,2026-01-28,15.0,True,Research-generated IncentiveRewards mock
MOCK00872,HTN_PCP_FOLLOWUP,2026-01-17,15.0,False,Research-generated IncentiveRewards mock
MOCK00878,HTN_PCP_FOLLOWUP,2026-01-31,15.0,True,Research-generated IncentiveRewards mock
MOCK00884,HTN_PCP_FOLLOWUP,2026-01-13,15.0,False,Research-generated IncentiveRewards mock
MOCK00896,HTN_PCP_FOLLOWUP,2026-01-05,15.0,False,Research-generated IncentiveRewards mock
MOCK00902,HTN_PCP_FOLLOWUP,2026-01-23,15.0,False,Research-generated IncentiveRewards mock
MOCK00914,HTN_PCP_FOLLOWUP,2026-01-26,15.0,True,Research-generated IncentiveRewards mock
MOCK00944,HTN_PCP_FOLLOWUP,2026-01-04,15.0,False,Research-generated IncentiveRewards mock
MOCK00962,HTN_PCP_FOLLOWUP,2025-12-31,15.0,False,Research-generated IncentiveRewards mock
MOCK00992,HTN_PCP_FOLLOWUP,2026-01-27,15.0,True,Research-generated IncentiveRewards mock
MOCK01016,HTN_PCP_FOLLOWUP,2026-01-22,15.0,True,Research-generated IncentiveRewards mock
MOCK01034,HTN_PCP_FOLLOWUP,2026-01-12,15.0,True,Research-generated IncentiveRewards mock
MOCK01064,HTN_PCP_FOLLOWUP,2026-01-02,15.0,True,Research-generated IncentiveRewards mock
MOCK01088,HTN_PCP_FOLLOWUP,2026-01-23,15.0,True,Research-generated IncentiveRewards mock
MOCK01094,HTN_PCP_FOLLOWUP,2026-02-02,15.0,False,Research-generated IncentiveRewards mock
MOCK01106,HTN_PCP_FOLLOWUP,2026-01-24,15.0,False,Research-generated IncentiveRewards mock
MOCK01130,HTN_PCP_FOLLOWUP,2026-01-10,15.0,True,Research-generated IncentiveRewards mock
MOCK01142,HTN_PCP_FOLLOWUP,2026-02-03,15.0,True,Research-generated IncentiveRewards mock
MOCK01166,HTN_PCP_FOLLOWUP,2026-01-14,15.0,False,Research-generated IncentiveRewards mock
MOCK01172,HTN_PCP_FOLLOWUP,2026-02-04,15.0,True,Research-generated IncentiveRewards mock
MOCK01232,HTN_PCP_FOLLOWUP,2026-01-26,15.0,False,Research-generated IncentiveRewards mock
MOCK01244,HTN_PCP_FOLLOWUP,2026-01-18,15.0,True,Research-generated IncentiveRewards mock
MOCK01268,HTN_PCP_FOLLOWUP,2026-01-17,15.0,False,Research-generated IncentiveRewards mock
MOCK01274,HTN_PCP_FOLLOWUP,2026-01-22,15.0,True,Research-generated IncentiveRewards mock
MOCK01280,HTN_PCP_FOLLOWUP,2026-01-30,15.0,True,Research-generated IncentiveRewards mock
MOCK01286,HTN_PCP_FOLLOWUP,2026-01-08,15.0,True,Research-generated IncentiveRewards mock
MOCK01292,HTN_PCP_FOLLOWUP,2026-01-29,15.0,True,Research-generated IncentiveRewards mock
MOCK01304,HTN_PCP_FOLLOWUP,2026-01-01,15.0,True,Research-generated IncentiveRewards mock
MOCK01310,HTN_PCP_FOLLOWUP,2026-01-12,15.0,True,Research-generated IncentiveRewards mock
MOCK01322,HTN_PCP_FOLLOWUP,2026-02-02,15.0,True,Research-generated IncentiveRewards mock
MOCK01328,HTN_PCP_FOLLOWUP,2026-02-03,15.0,True,Research-generated IncentiveRewards mock
MOCK01340,HTN_PCP_FOLLOWUP,2026-01-19,15.0,True,Research-generated IncentiveRewards mock
MOCK01346,HTN_PCP_FOLLOWUP,2026-01-18,15.0,False,Research-generated IncentiveRewards mock
MOCK01358,HTN_PCP_FOLLOWUP,2026-01-29,15.0,False,Research-generated IncentiveRewards mock
MOCK01364,HTN_PCP_FOLLOWUP,2026-01-02,15.0,True,Research-generated IncentiveRewards mock
MOCK01370,HTN_PCP_FOLLOWUP,2026-01-09,15.0,True,Research-generated IncentiveRewards mock
MOCK01376,HTN_PCP_FOLLOWUP,2026-01-04,15.0,False,Research-generated IncentiveRewards mock
MOCK01388,HTN_PCP_FOLLOWUP,2026-01-10,15.0,True,Research-generated IncentiveRewards mock
MOCK01394,HTN_PCP_FOLLOWUP,2026-01-06,15.0,True,Research-generated IncentiveRewards mock
MOCK01400,HTN_PCP_FOLLOWUP,2026-01-13,15.0,True,Research-generated IncentiveRewards mock
MOCK01412,HTN_PCP_FOLLOWUP,2026-01-20,15.0,True,Research-generated IncentiveRewards mock
MOCK01424,HTN_PCP_FOLLOWUP,2026-02-03,15.0,False,Research-generated IncentiveRewards mock
MOCK01436,HTN_PCP_FOLLOWUP,2026-01-12,15.0,False,Research-generated IncentiveRewards mock
MOCK01442,HTN_PCP_FOLLOWUP,2026-02-02,15.0,True,Research-generated IncentiveRewards mock
MOCK01454,HTN_PCP_FOLLOWUP,2026-02-05,15.0,False,Research-generated IncentiveRewards mock
MOCK01478,HTN_PCP_FOLLOWUP,2026-02-04,15.0,False,Research-generated IncentiveRewards mock
MOCK01490,HTN_PCP_FOLLOWUP,2026-01-21,15.0,True,Research-generated IncentiveRewards mock
MOCK01532,HTN_PCP_FOLLOWUP,2026-01-01,15.0,False,Research-generated IncentiveRewards mock
MOCK01544,HTN_PCP_FOLLOWUP,2026-01-25,15.0,False,Research-generated IncentiveRewards mock
MOCK01550,HTN_PCP_FOLLOWUP,2026-01-08,15.0,True,Research-generated IncentiveRewards mock
MOCK01562,HTN_PCP_FOLLOWUP,2026-01-02,15.0,False,Research-generated IncentiveRewards mock
MOCK01574,HTN_PCP_FOLLOWUP,2026-01-18,15.0,False,Research-generated IncentiveRewards mock
MOCK01580,HTN_PCP_FOLLOWUP,2026-01-31,15.0,True,Research-generated IncentiveRewards mock
MOCK01592,HTN_PCP_FOLLOWUP,2026-01-20,15.0,True,Research-generated IncentiveRewards mock
MOCK01616,HTN_PCP_FOLLOWUP,2026-01-06,15.0,True,Research-generated IncentiveRewards mock
MOCK01634,HTN_PCP_FOLLOWUP,2026-01-17,15.0,False,Research-generated IncentiveRewards mock
MOCK01640,HTN_PCP_FOLLOWUP,2026-01-22,15.0,True,Research-generated IncentiveRewards mock
MOCK01646,HTN_PCP_FOLLOWUP,2026-01-07,15.0,False,Research-generated IncentiveRewards mock
MOCK01658,HTN_PCP_FOLLOWUP,2026-01-31,15.0,True,Research-generated IncentiveRewards mock
MOCK01664,HTN_PCP_FOLLOWUP,2026-01-13,15.0,False,Research-generated IncentiveRewards mock
MOCK01682,HTN_PCP_FOLLOWUP,2026-01-26,15.0,False,Research-generated IncentiveRewards mock
MOCK01688,HTN_PCP_FOLLOWUP,2026-01-31,15.0,True,Research-generated IncentiveRewards mock
MOCK01694,HTN_PCP_FOLLOWUP,2026-01-28,15.0,True,Research-generated IncentiveRewards mock
MOCK01724,HTN_PCP_FOLLOWUP,2026-01-09,15.0,True,Research-generated IncentiveRewards mock
MOCK01736,HTN_PCP_FOLLOWUP,2026-01-31,15.0,True,Research-generated IncentiveRewards mock
MOCK01742,HTN_PCP_FOLLOWUP,2026-02-02,15.0,True,Research-generated IncentiveRewards mock
MOCK01748,HTN_PCP_FOLLOWUP,2026-01-12,15.0,False,Research-generated IncentiveRewards mock
MOCK01754,HTN_PCP_FOLLOWUP,2026-01-27,15.0,False,Research-generated IncentiveRewards mock
MOCK01766,HTN_PCP_FOLLOWUP,2026-01-30,15.0,True,Research-generated IncentiveRewards mock
MOCK01772,HTN_PCP_FOLLOWUP,2025-12-30,15.0,True,Research-generated IncentiveRewards mock
MOCK01778,HTN_PCP_FOLLOWUP,2026-01-24,15.0,False,Research-generated IncentiveRewards mock
MOCK01820,HTN_PCP_FOLLOWUP,2026-01-08,15.0,True,Research-generated IncentiveRewards mock
MOCK01826,HTN_PCP_FOLLOWUP,2026-01-30,15.0,True,Research-generated IncentiveRewards mock
MOCK01832,HTN_PCP_FOLLOWUP,2026-01-14,15.0,False,Research-generated IncentiveRewards mock
MOCK01844,HTN_PCP_FOLLOWUP,2026-01-01,15.0,False,Research-generated IncentiveRewards mock
MOCK01850,HTN_PCP_FOLLOWUP,2026-01-16,15.0,False,Research-generated IncentiveRewards mock
MOCK01862,HTN_PCP_FOLLOWUP,2026-02-04,15.0,True,Research-generated IncentiveRewards mock
MOCK01868,HTN_PCP_FOLLOWUP,2026-01-07,15.0,True,Research-generated IncentiveRewards mock
MOCK01874,HTN_PCP_FOLLOWUP,2026-01-14,15.0,True,Research-generated IncentiveRewards mock
MOCK01886,HTN_PCP_FOLLOWUP,2026-01-21,15.0,True,Research-generated IncentiveRewards mock
MOCK01892,HTN_PCP_FOLLOWUP,2026-01-19,15.0,True,Research-generated IncentiveRewards mock
MOCK01898,HTN_PCP_FOLLOWUP,2026-01-03,15.0,False,Research-generated IncentiveRewards mock
MOCK01910,HTN_PCP_FOLLOWUP,2026-01-07,15.0,False,Research-generated IncentiveRewards mock
MOCK01916,HTN_PCP_FOLLOWUP,2026-01-11,15.0,True,Research-generated IncentiveRewards mock
MOCK01934,HTN_PCP_FOLLOWUP,2026-01-14,15.0,True,Research-generated IncentiveRewards mock
MOCK01940,HTN_PCP_FOLLOWUP,2026-02-03,15.0,True,Research-generated IncentiveRewards mock
MOCK01946,HTN_PCP_FOLLOWUP,2026-01-14,15.0,True,Research-generated IncentiveRewards mock
MOCK01958,HTN_PCP_FOLLOWUP,2026-01-08,15.0,False,Research-generated IncentiveRewards mock
MOCK01982,HTN_PCP_FOLLOWUP,2026-01-30,15.0,True,Research-generated IncentiveRewards mock
MOCK02006,HTN_PCP_FOLLOWUP,2026-01-01,15.0,True,Research-generated IncentiveRewards mock
MOCK02042,HTN_PCP_FOLLOWUP,2026-01-22,15.0,False,Research-generated IncentiveRewards mock
MOCK02066,HTN_PCP_FOLLOWUP,2026-01-14,15.0,False,Research-generated IncentiveRewards mock
MOCK02072,HTN_PCP_FOLLOWUP,2026-01-18,15.0,True,Research-generated IncentiveRewards mock
MOCK02090,HTN_PCP_FOLLOWUP,2026-01-21,15.0,True,Research-generated IncentiveRewards mock
MOCK02096,HTN_PCP_FOLLOWUP,2026-01-07,15.0,True,Research-generated IncentiveRewards mock
MOCK02114,HTN_PCP_FOLLOWUP,2026-01-17,15.0,False,Research-generated IncentiveRewards mock
MOCK02120,HTN_PCP_FOLLOWUP,2026-01-29,15.0,False,Research-generated IncentiveRewards mock
MOCK02126,HTN_PCP_FOLLOWUP,2026-01-30,15.0,True,Research-generated IncentiveRewards mock
MOCK02132,HTN_PCP_FOLLOWUP,2026-01-26,15.0,False,Research-generated IncentiveRewards mock
MOCK02162,HTN_PCP_FOLLOWUP,2026-01-30,15.0,True,Research-generated IncentiveRewards mock
MOCK02168,HTN_PCP_FOLLOWUP,2026-01-21,15.0,False,Research-generated IncentiveRewards mock
MOCK02174,HTN_PCP_FOLLOWUP,2026-02-01,15.0,False,Research-generated IncentiveRewards mock
MOCK02180,HTN_PCP_FOLLOWUP,2026-01-09,15.0,False,Research-generated IncentiveRewards mock
MOCK02192,HTN_PCP_FOLLOWUP,2026-01-02,15.0,False,Research-generated IncentiveRewards mock
MOCK02204,HTN_PCP_FOLLOWUP,2026-01-24,15.0,False,Research-generated IncentiveRewards mock
MOCK02210,HTN_PCP_FOLLOWUP,2026-01-10,15.0,False,Research-generated IncentiveRewards mock
MOCK02216,HTN_PCP_FOLLOWUP,2026-01-29,15.0,True,Research-generated IncentiveRewards mock
MOCK02240,HTN_PCP_FOLLOWUP,2026-01-27,15.0,False,Research-generated IncentiveRewards mock
MOCK02258,HTN_PCP_FOLLOWUP,2026-01-08,15.0,False,Research-generated IncentiveRewards mock
MOCK02264,HTN_PCP_FOLLOWUP,2026-01-17,15.0,True,Research-generated IncentiveRewards mock
MOCK02270,HTN_PCP_FOLLOWUP,2026-01-18,15.0,True,Research-generated IncentiveRewards mock
MOCK02276,HTN_PCP_FOLLOWUP,2026-01-05,15.0,True,Research-generated IncentiveRewards mock
MOCK02288,HTN_PCP_FOLLOWUP,2026-01-14,15.0,True,Research-generated IncentiveRewards mock
MOCK02306,HTN_PCP_FOLLOWUP,2026-02-02,15.0,True,Research-generated IncentiveRewards mock
MOCK02318,HTN_PCP_FOLLOWUP,2026-02-06,15.0,True,Research-generated IncentiveRewards mock
MOCK02330,HTN_PCP_FOLLOWUP,2026-02-02,15.0,False,Research-generated IncentiveRewards mock
MOCK02336,HTN_PCP_FOLLOWUP,2026-01-05,15.0,True,Research-generated IncentiveRewards mock
MOCK02342,HTN_PCP_FOLLOWUP,2026-01-05,15.0,True,Research-generated IncentiveRewards mock
MOCK02366,HTN_PCP_FOLLOWUP,2025-12-31,15.0,True,Research-generated IncentiveRewards mock
MOCK02378,HTN_PCP_FOLLOWUP,2026-01-14,15.0,True,Research-generated IncentiveRewards mock
MOCK02402,HTN_PCP_FOLLOWUP,2026-01-25,15.0,False,Research-generated IncentiveRewards mock
MOCK02420,HTN_PCP_FOLLOWUP,2025-12-30,15.0,True,Research-generated IncentiveRewards mock
MOCK02432,HTN_PCP_FOLLOWUP,2026-01-27,15.0,True,Research-generated IncentiveRewards mock
MOCK02462,HTN_PCP_FOLLOWUP,2026-01-17,15.0,True,Research-generated IncentiveRewards mock
MOCK02474,HTN_PCP_FOLLOWUP,2026-02-02,15.0,True,Research-generated IncentiveRewards mock
MOCK02498,HTN_PCP_FOLLOWUP,2026-01-05,15.0,True,Research-generated IncentiveRewards mock
MOCK02504,HTN_PCP_FOLLOWUP,2026-01-20,15.0,False,Research-generated IncentiveRewards mock
MOCK02516,HTN_PCP_FOLLOWUP,2026-01-30,15.0,True,Research-generated IncentiveRewards mock
MOCK02522,HTN_PCP_FOLLOWUP,2026-02-05,15.0,True,Research-generated IncentiveRewards mock
MOCK02528,HTN_PCP_FOLLOWUP,2026-01-01,15.0,True,Research-generated IncentiveRewards mock
MOCK02540,HTN_PCP_FOLLOWUP,2026-01-10,15.0,True,Research-generated IncentiveRewards mock
MOCK02564,HTN_PCP_FOLLOWUP,2025-12-31,15.0,False,Research-generated IncentiveRewards mock
MOCK02570,HTN_PCP_FOLLOWUP,2026-02-01,15.0,True,Research-generated IncentiveRewards mock
MOCK02576,HTN_PCP_FOLLOWUP,2026-02-05,15.0,True,Research-generated IncentiveRewards mock
MOCK02594,HTN_PCP_FOLLOWUP,2026-01-18,15.0,True,Research-generated IncentiveRewards mock
MOCK02600,HTN_PCP_FOLLOWUP,2026-01-19,15.0,False,Research-generated IncentiveRewards mock
MOCK02606,HTN_PCP_FOLLOWUP,2026-02-06,15.0,True,Research-generated IncentiveRewards mock
MOCK02612,HTN_PCP_FOLLOWUP,2026-01-14,15.0,True,Research-generated IncentiveRewards mock
MOCK02624,HTN_PCP_FOLLOWUP,2026-01-15,15.0,True,Research-generated IncentiveRewards mock
MOCK02630,HTN_PCP_FOLLOWUP,2026-01-20,15.0,False,Research-generated IncentiveRewards mock
MOCK02636,HTN_PCP_FOLLOWUP,2026-01-19,15.0,False,Research-generated IncentiveRewards mock
MOCK02642,HTN_PCP_FOLLOWUP,2026-01-18,15.0,True,Research-generated IncentiveRewards mock
MOCK02648,HTN_PCP_FOLLOWUP,2026-02-03,15.0,True,Research-generated IncentiveRewards mock
MOCK02654,HTN_PCP_FOLLOWUP,2026-01-30,15.0,False,Research-generated IncentiveRewards mock
MOCK02660,HTN_PCP_FOLLOWUP,2026-01-08,15.0,False,Research-generated IncentiveRewards mock
MOCK02666,HTN_PCP_FOLLOWUP,2026-01-12,15.0,False,Research-generated IncentiveRewards mock
MOCK02684,HTN_PCP_FOLLOWUP,2026-01-15,15.0,False,Research-generated IncentiveRewards mock
MOCK02696,HTN_PCP_FOLLOWUP,2026-01-08,15.0,False,Research-generated IncentiveRewards mock
MOCK02714,HTN_PCP_FOLLOWUP,2026-01-29,15.0,True,Research-generated IncentiveRewards mock
MOCK02720,HTN_PCP_FOLLOWUP,2026-01-11,15.0,True,Research-generated IncentiveRewards mock
MOCK02732,HTN_PCP_FOLLOWUP,2026-01-05,15.0,True,Research-generated IncentiveRewards mock
MOCK02738,HTN_PCP_FOLLOWUP,2026-01-14,15.0,True,Research-generated IncentiveRewards mock
MOCK02822,HTN_PCP_FOLLOWUP,2026-01-16,15.0,False,Research-generated IncentiveRewards mock
MOCK02834,HTN_PCP_FOLLOWUP,2026-01-06,15.0,True,Research-generated IncentiveRewards mock
MOCK02840,HTN_PCP_FOLLOWUP,2026-01-01,15.0,True,Research-generated IncentiveRewards mock
MOCK02846,HTN_PCP_FOLLOWUP,2026-01-19,15.0,True,Research-generated IncentiveRewards mock
MOCK02864,HTN_PCP_FOLLOWUP,2026-01-02,15.0,False,Research-generated IncentiveRewards mock
MOCK02870,HTN_PCP_FOLLOWUP,2026-01-21,15.0,False,Research-generated IncentiveRewards mock
MOCK02876,HTN_PCP_FOLLOWUP,2026-02-06,15.0,False,Research-generated IncentiveRewards mock
MOCK02882,HTN_PCP_FOLLOWUP,2026-01-02,15.0,False,Research-generated IncentiveRewards mock
MOCK02888,HTN_PCP_FOLLOWUP,2026-01-10,15.0,True,Research-generated IncentiveRewards mock
MOCK02900,HTN_PCP_FOLLOWUP,2026-01-19,15.0,True,Research-generated IncentiveRewards mock
MOCK02906,HTN_PCP_FOLLOWUP,2026-01-05,15.0,True,Research-generated IncentiveRewards mock
MOCK02912,HTN_PCP_FOLLOWUP,2026-01-07,15.0,True,Research-generated IncentiveRewards mock
MOCK02930,HTN_PCP_FOLLOWUP,2026-01-13,15.0,True,Research-generated IncentiveRewards mock
MOCK02936,HTN_PCP_FOLLOWUP,2026-01-17,15.0,False,Research-generated IncentiveRewards mock
MOCK02948,HTN_PCP_FOLLOWUP,2026-01-05,15.0,True,Research-generated IncentiveRewards mock
MOCK02978,HTN_PCP_FOLLOWUP,2026-01-18,15.0,True,Research-generated IncentiveRewards mock
MOCK02984,HTN_PCP_FOLLOWUP,2026-02-06,15.0,True,Research-generated IncentiveRewards mock
MOCK02990,HTN_PCP_FOLLOWUP,2025-12-31,15.0,True,Research-generated IncentiveRewards mock
MOCK02996,HTN_PCP_FOLLOWUP,2026-02-04,15.0,True,Research-generated IncentiveRewards mock
MOCK03002,HTN_PCP_FOLLOWUP,2026-01-07,15.0,False,Research-generated IncentiveRewards mock
MOCK03020,HTN_PCP_FOLLOWUP,2026-01-19,15.0,False,Research-generated IncentiveRewards mock
MOCK03032,HTN_PCP_FOLLOWUP,2026-01-03,15.0,True,Research-generated IncentiveRewards mock
MOCK03038,HTN_PCP_FOLLOWUP,2026-01-02,15.0,True,Research-generated IncentiveRewards mock
MOCK03044,HTN_PCP_FOLLOWUP,2026-01-21,15.0,False,Research-generated IncentiveRewards mock
MOCK03068,HTN_PCP_FOLLOWUP,2026-02-03,15.0,True,Research-generated IncentiveRewards mock
MOCK03074,HTN_PCP_FOLLOWUP,2026-02-01,15.0,False,Research-generated IncentiveRewards mock
MOCK03086,HTN_PCP_FOLLOWUP,2026-01-26,15.0,True,Research-generated IncentiveRewards mock
MOCK03092,HTN_PCP_FOLLOWUP,2026-01-19,15.0,False,Research-generated IncentiveRewards mock
MOCK03098,HTN_PCP_FOLLOWUP,2026-01-25,15.0,True,Research-generated IncentiveRewards mock
MOCK03104,HTN_PCP_FOLLOWUP,2026-01-21,15.0,False,Research-generated IncentiveRewards mock
MOCK03116,HTN_PCP_FOLLOWUP,2026-01-16,15.0,True,Research-generated IncentiveRewards mock
MOCK03134,HTN_PCP_FOLLOWUP,2026-02-03,15.0,False,Research-generated IncentiveRewards mock
MOCK03140,HTN_PCP_FOLLOWUP,2026-01-22,15.0,False,Research-generated IncentiveRewards mock
MOCK03164,HTN_PCP_FOLLOWUP,2025-12-31,15.0,True,Research-generated IncentiveRewards mock
MOCK03182,HTN_PCP_FOLLOWUP,2026-02-04,15.0,True,Research-generated IncentiveRewards mock
MOCK03206,HTN_PCP_FOLLOWUP,2026-01-25,15.0,True,Research-generated IncentiveRewards mock
MOCK03212,HTN_PCP_FOLLOWUP,2026-01-01,15.0,True,Research-generated IncentiveRewards mock
MOCK03218,HTN_PCP_FOLLOWUP,2026-01-31,15.0,True,Research-generated IncentiveRewards mock
MOCK03230,HTN_PCP_FOLLOWUP,2026-02-06,15.0,False,Research-generated IncentiveRewards mock
MOCK03236,HTN_PCP_FOLLOWUP,2026-01-10,15.0,False,Research-generated IncentiveRewards mock
MOCK03248,HTN_PCP_FOLLOWUP,2026-01-10,15.0,True,Research-generated IncentiveRewards mock
MOCK03260,HTN_PCP_FOLLOWUP,2026-01-07,15.0,False,Research-generated IncentiveRewards mock
MOCK03272,HTN_PCP_FOLLOWUP,2026-01-05,15.0,True,Research-generated IncentiveRewards mock
MOCK03290,HTN_PCP_FOLLOWUP,2026-01-28,15.0,False,Research-generated IncentiveRewards mock
MOCK03296,HTN_PCP_FOLLOWUP,2026-01-22,15.0,True,Research-generated IncentiveRewards mock
MOCK03302,HTN_PCP_FOLLOWUP,2026-01-12,15.0,False,Research-generated IncentiveRewards mock
MOCK03314,HTN_PCP_FOLLOWUP,2026-01-24,15.0,True,Research-generated IncentiveRewards mock
MOCK03320,HTN_PCP_FOLLOWUP,2026-01-20,15.0,True,Research-generated IncentiveRewards mock
MOCK03326,HTN_PCP_FOLLOWUP,2026-01-19,15.0,False,Research-generated IncentiveRewards mock
MOCK03344,HTN_PCP_FOLLOWUP,2026-01-19,15.0,False,Research-generated IncentiveRewards mock
MOCK03374,HTN_PCP_FOLLOWUP,2026-01-03,15.0,True,Research-generated IncentiveRewards mock
MOCK03398,HTN_PCP_FOLLOWUP,2026-01-12,15.0,False,Research-generated IncentiveRewards mock
MOCK03404,HTN_PCP_FOLLOWUP,2026-01-11,15.0,True,Research-generated IncentiveRewards mock
MOCK03416,HTN_PCP_FOLLOWUP,2026-01-28,15.0,True,Research-generated IncentiveRewards mock
MOCK03428,HTN_PCP_FOLLOWUP,2026-01-08,15.0,False,Research-generated IncentiveRewards mock
MOCK03440,HTN_PCP_FOLLOWUP,2026-01-26,15.0,True,Research-generated IncentiveRewards mock
MOCK03446,HTN_PCP_FOLLOWUP,2026-01-20,15.0,True,Research-generated IncentiveRewards mock
MOCK03452,HTN_PCP_FOLLOWUP,2026-01-21,15.0,False,Research-generated IncentiveRewards mock
MOCK03512,HTN_PCP_FOLLOWUP,2026-01-07,15.0,False,Research-generated IncentiveRewards mock
MOCK03524,HTN_PCP_FOLLOWUP,2026-01-30,15.0,True,Research-generated IncentiveRewards mock
MOCK03530,HTN_PCP_FOLLOWUP,2026-02-01,15.0,True,Research-generated IncentiveRewards mock
MOCK03548,HTN_PCP_FOLLOWUP,2026-01-19,15.0,False,Research-generated IncentiveRewards mock
MOCK03554,HTN_PCP_FOLLOWUP,2026-01-23,15.0,True,Research-generated IncentiveRewards mock
MOCK03566,HTN_PCP_FOLLOWUP,2026-01-12,15.0,True,Research-generated IncentiveRewards mock
MOCK03572,HTN_PCP_FOLLOWUP,2026-01-19,15.0,True,Research-generated IncentiveRewards mock
MOCK03602,HTN_PCP_FOLLOWUP,2026-02-06,15.0,True,Research-generated IncentiveRewards mock
MOCK03608,HTN_PCP_FOLLOWUP,2025-12-30,15.0,True,Research-generated IncentiveRewards mock
MOCK03626,HTN_PCP_FOLLOWUP,2026-01-01,15.0,True,Research-generated IncentiveRewards mock
MOCK03632,HTN_PCP_FOLLOWUP,2026-01-16,15.0,True,Research-generated IncentiveRewards mock
MOCK03638,HTN_PCP_FOLLOWUP,2026-01-22,15.0,True,Research-generated IncentiveRewards mock
MOCK03644,HTN_PCP_FOLLOWUP,2026-01-22,15.0,False,Research-generated IncentiveRewards mock
MOCK03650,HTN_PCP_FOLLOWUP,2026-01-03,15.0,True,Research-generated IncentiveRewards mock
MOCK03656,HTN_PCP_FOLLOWUP,2026-01-09,15.0,True,Research-generated IncentiveRewards mock
MOCK03668,HTN_PCP_FOLLOWUP,2026-01-23,15.0,False,Research-generated IncentiveRewards mock
MOCK03698,HTN_PCP_FOLLOWUP,2026-01-06,15.0,True,Research-generated IncentiveRewards mock
MOCK03704,HTN_PCP_FOLLOWUP,2026-02-03,15.0,True,Research-generated IncentiveRewards mock
MOCK03716,HTN_PCP_FOLLOWUP,2025-12-30,15.0,False,Research-generated IncentiveRewards mock
MOCK03722,HTN_PCP_FOLLOWUP,2025-12-31,15.0,True,Research-generated IncentiveRewards mock
MOCK03728,HTN_PCP_FOLLOWUP,2026-01-06,15.0,True,Research-generated IncentiveRewards mock
MOCK03740,HTN_PCP_FOLLOWUP,2026-01-07,15.0,True,Research-generated IncentiveRewards mock
MOCK03752,HTN_PCP_FOLLOWUP,2026-01-15,15.0,False,Research-generated IncentiveRewards mock
MOCK03764,HTN_PCP_FOLLOWUP,2026-01-16,15.0,False,Research-generated IncentiveRewards mock
MOCK03782,HTN_PCP_FOLLOWUP,2026-01-20,15.0,True,Research-generated IncentiveRewards mock
MOCK03788,HTN_PCP_FOLLOWUP,2026-01-19,15.0,False,Research-generated IncentiveRewards mock
MOCK03806,HTN_PCP_FOLLOWUP,2026-01-22,15.0,True,Research-generated IncentiveRewards mock
MOCK03812,HTN_PCP_FOLLOWUP,2026-01-08,15.0,False,Research-generated IncentiveRewards mock
MOCK03818,HTN_PCP_FOLLOWUP,2026-01-15,15.0,False,Research-generated IncentiveRewards mock
MOCK03824,HTN_PCP_FOLLOWUP,2026-01-03,15.0,True,Research-generated IncentiveRewards mock
MOCK03830,HTN_PCP_FOLLOWUP,2026-02-04,15.0,True,Research-generated IncentiveRewards mock
MOCK03836,HTN_PCP_FOLLOWUP,2026-01-28,15.0,False,Research-generated IncentiveRewards mock
MOCK03842,HTN_PCP_FOLLOWUP,2026-01-10,15.0,True,Research-generated IncentiveRewards mock
MOCK03878,HTN_PCP_FOLLOWUP,2026-02-05,15.0,False,Research-generated IncentiveRewards mock
MOCK03890,HTN_PCP_FOLLOWUP,2026-02-06,15.0,False,Research-generated IncentiveRewards mock
MOCK03914,HTN_PCP_FOLLOWUP,2026-01-17,15.0,True,Research-generated IncentiveRewards mock
MOCK03926,HTN_PCP_FOLLOWUP,2026-01-07,15.0,True,Research-generated IncentiveRewards mock
MOCK03932,HTN_PCP_FOLLOWUP,2026-01-31,15.0,True,Research-generated IncentiveRewards mock
MOCK03938,HTN_PCP_FOLLOWUP,2026-01-30,15.0,True,Research-generated IncentiveRewards mock
MOCK03944,HTN_PCP_FOLLOWUP,2026-01-19,15.0,True,Research-generated IncentiveRewards mock
MOCK03956,HTN_PCP_FOLLOWUP,2026-01-04,15.0,True,Research-generated IncentiveRewards mock
MOCK03962,HTN_PCP_FOLLOWUP,2026-01-07,15.0,True,Research-generated IncentiveRewards mock
MOCK03980,HTN_PCP_FOLLOWUP,2026-01-20,15.0,True,Research-generated IncentiveRewards mock
MOCK04016,HTN_PCP_FOLLOWUP,2026-01-12,15.0,False,Research-generated IncentiveRewards mock
MOCK04028,HTN_PCP_FOLLOWUP,2026-02-05,15.0,True,Research-generated IncentiveRewards mock
MOCK04040,HTN_PCP_FOLLOWUP,2026-01-18,15.0,False,Research-generated IncentiveRewards mock
MOCK04046,HTN_PCP_FOLLOWUP,2026-01-09,15.0,False,Research-generated IncentiveRewards mock
MOCK04064,HTN_PCP_FOLLOWUP,2026-01-22,15.0,True,Research-generated IncentiveRewards mock
MOCK04070,HTN_PCP_FOLLOWUP,2025-12-31,15.0,False,Research-generated IncentiveRewards mock
MOCK04076,HTN_PCP_FOLLOWUP,2026-01-06,15.0,False,Research-generated IncentiveRewards mock
MOCK04088,HTN_PCP_FOLLOWUP,2026-01-13,15.0,True,Research-generated IncentiveRewards mock
MOCK04094,HTN_PCP_FOLLOWUP,2026-01-15,15.0,False,Research-generated IncentiveRewards mock
MOCK04106,HTN_PCP_FOLLOWUP,2026-01-16,15.0,False,Research-generated IncentiveRewards mock
MOCK04112,HTN_PCP_FOLLOWUP,2026-01-28,15.0,True,Research-generated IncentiveRewards mock
MOCK04124,HTN_PCP_FOLLOWUP,2026-01-28,15.0,True,Research-generated IncentiveRewards mock
MOCK04142,HTN_PCP_FOLLOWUP,2026-01-21,15.0,True,Research-generated IncentiveRewards mock
MOCK04172,HTN_PCP_FOLLOWUP,2026-01-01,15.0,True,Research-generated IncentiveRewards mock
MOCK04178,HTN_PCP_FOLLOWUP,2026-01-28,15.0,False,Research-generated IncentiveRewards mock
MOCK04190,HTN_PCP_FOLLOWUP,2026-01-13,15.0,True,Research-generated IncentiveRewards mock
MOCK04196,HTN_PCP_FOLLOWUP,2026-01-23,15.0,False,Research-generated IncentiveRewards mock
MOCK04208,HTN_PCP_FOLLOWUP,2026-01-09,15.0,True,Research-generated IncentiveRewards mock
MOCK04232,HTN_PCP_FOLLOWUP,2026-01-15,15.0,True,Research-generated IncentiveRewards mock
MOCK04238,HTN_PCP_FOLLOWUP,2026-01-11,15.0,False,Research-generated IncentiveRewards mock
MOCK04250,HTN_PCP_FOLLOWUP,2026-01-28,15.0,True,Research-generated IncentiveRewards mock
MOCK04268,HTN_PCP_FOLLOWUP,2026-01-17,15.0,True,Research-generated IncentiveRewards mock
MOCK04274,HTN_PCP_FOLLOWUP,2026-01-24,15.0,False,Research-generated IncentiveRewards mock
MOCK04286,HTN_PCP_FOLLOWUP,2026-01-15,15.0,True,Research-generated IncentiveRewards mock
MOCK04304,HTN_PCP_FOLLOWUP,2025-12-30,15.0,True,Research-generated IncentiveRewards mock
MOCK04316,HTN_PCP_FOLLOWUP,2026-02-06,15.0,True,Research-generated IncentiveRewards mock
MOCK04322,HTN_PCP_FOLLOWUP,2026-01-15,15.0,True,Research-generated IncentiveRewards mock
MOCK04358,HTN_PCP_FOLLOWUP,2026-01-03,15.0,False,Research-generated IncentiveRewards mock
MOCK04364,HTN_PCP_FOLLOWUP,2026-01-15,15.0,False,Research-generated IncentiveRewards mock
MOCK04370,HTN_PCP_FOLLOWUP,2026-01-15,15.0,True,Research-generated IncentiveRewards mock
MOCK04376,HTN_PCP_FOLLOWUP,2026-01-31,15.0,False,Research-generated IncentiveRewards mock
MOCK04394,HTN_PCP_FOLLOWUP,2026-01-15,15.0,False,Research-generated IncentiveRewards mock
MOCK04418,HTN_PCP_FOLLOWUP,2026-02-04,15.0,True,Research-generated IncentiveRewards mock
MOCK04436,HTN_PCP_FOLLOWUP,2026-01-28,15.0,True,Research-generated IncentiveRewards mock
MOCK04442,HTN_PCP_FOLLOWUP,2026-01-23,15.0,False,Research-generated IncentiveRewards mock
MOCK04448,HTN_PCP_FOLLOWUP,2026-02-02,15.0,False,Research-generated IncentiveRewards mock
MOCK04478,HTN_PCP_FOLLOWUP,2026-01-08,15.0,False,Research-generated IncentiveRewards mock
MOCK04484,HTN_PCP_FOLLOWUP,2026-02-03,15.0,True,Research-generated IncentiveRewards mock
MOCK04508,HTN_PCP_FOLLOWUP,2026-01-03,15.0,True,Research-generated IncentiveRewards mock
MOCK04514,HTN_PCP_FOLLOWUP,2026-01-09,15.0,False,Research-generated IncentiveRewards mock
MOCK04520,HTN_PCP_FOLLOWUP,2026-01-04,15.0,False,Research-generated IncentiveRewards mock
MOCK04526,HTN_PCP_FOLLOWUP,2026-01-14,15.0,True,Research-generated IncentiveRewards mock
MOCK04532,HTN_PCP_FOLLOWUP,2026-01-11,15.0,False,Research-generated IncentiveRewards mock
MOCK04550,HTN_PCP_FOLLOWUP,2025-12-30,15.0,True,Research-generated IncentiveRewards mock
MOCK04556,HTN_PCP_FOLLOWUP,2026-01-03,15.0,True,Research-generated IncentiveRewards mock
MOCK04562,HTN_PCP_FOLLOWUP,2026-01-05,15.0,True,Research-generated IncentiveRewards mock
MOCK04580,HTN_PCP_FOLLOWUP,2026-01-11,15.0,True,Research-generated IncentiveRewards mock
MOCK04592,HTN_PCP_FOLLOWUP,2026-01-11,15.0,True,Research-generated IncentiveRewards mock
MOCK04598,HTN_PCP_FOLLOWUP,2026-01-11,15.0,False,Research-generated IncentiveRewards mock
MOCK04610,HTN_PCP_FOLLOWUP,2026-01-20,15.0,False,Research-generated IncentiveRewards mock
MOCK04616,HTN_PCP_FOLLOWUP,2026-01-11,15.0,True,Research-generated IncentiveRewards mock
MOCK04628,HTN_PCP_FOLLOWUP,2026-01-14,15.0,False,Research-generated IncentiveRewards mock
MOCK04634,HTN_PCP_FOLLOWUP,2025-12-30,15.0,False,Research-generated IncentiveRewards mock
MOCK04640,HTN_PCP_FOLLOWUP,2026-01-18,15.0,False,Research-generated IncentiveRewards mock
MOCK04646,HTN_PCP_FOLLOWUP,2026-02-04,15.0,True,Research-generated IncentiveRewards mock
MOCK04658,HTN_PCP_FOLLOWUP,2026-01-03,15.0,True,Research-generated IncentiveRewards mock
MOCK04676,HTN_PCP_FOLLOWUP,2026-01-06,15.0,True,Research-generated IncentiveRewards mock
MOCK04682,HTN_PCP_FOLLOWUP,2026-01-04,15.0,True,Research-generated IncentiveRewards mock
MOCK04688,HTN_PCP_FOLLOWUP,2026-02-02,15.0,True,Research-generated IncentiveRewards mock
MOCK04694,HTN_PCP_FOLLOWUP,2026-02-06,15.0,True,Research-generated IncentiveRewards mock
MOCK04700,HTN_PCP_FOLLOWUP,2026-01-21,15.0,True,Research-generated IncentiveRewards mock
MOCK04712,HTN_PCP_FOLLOWUP,2026-01-24,15.0,True,Research-generated IncentiveRewards mock
MOCK04736,HTN_PCP_FOLLOWUP,2026-01-27,15.0,True,Research-generated IncentiveRewards mock
MOCK04742,HTN_PCP_FOLLOWUP,2026-01-02,15.0,False,Research-generated IncentiveRewards mock
MOCK04754,HTN_PCP_FOLLOWUP,2026-02-06,15.0,True,Research-generated IncentiveRewards mock
MOCK04778,HTN_PCP_FOLLOWUP,2026-01-23,15.0,False,Research-generated IncentiveRewards mock
MOCK04784,HTN_PCP_FOLLOWUP,2026-01-20,15.0,True,Research-generated IncentiveRewards mock
MOCK04832,HTN_PCP_FOLLOWUP,2026-01-15,15.0,True,Research-generated IncentiveRewards mock
MOCK04838,HTN_PCP_FOLLOWUP,2026-02-06,15.0,False,Research-generated IncentiveRewards mock
MOCK04856,HTN_PCP_FOLLOWUP,2026-01-25,15.0,False,Research-generated IncentiveRewards mock
MOCK04868,HTN_PCP_FOLLOWUP,2026-01-10,15.0,True,Research-generated IncentiveRewards mock
MOCK04874,HTN_PCP_FOLLOWUP,2026-02-05,15.0,False,Research-generated IncentiveRewards mock
MOCK04886,HTN_PCP_FOLLOWUP,2026-01-01,15.0,True,Research-generated IncentiveRewards mock
MOCK04910,HTN_PCP_FOLLOWUP,2026-01-21,15.0,False,Research-generated IncentiveRewards mock
MOCK04922,HTN_PCP_FOLLOWUP,2026-01-26,15.0,True,Research-generated IncentiveRewards mock
MOCK04934,HTN_PCP_FOLLOWUP,2026-01-04,15.0,True,Research-generated IncentiveRewards mock
MOCK04952,HTN_PCP_FOLLOWUP,2026-01-04,15.0,True,Research-generated IncentiveRewards mock
MOCK04958,HTN_PCP_FOLLOWUP,2026-01-25,15.0,False,Research-generated IncentiveRewards mock
MOCK04964,HTN_PCP_FOLLOWUP,2026-01-03,15.0,False,Research-generated IncentiveRewards mock
MOCK05006,HTN_PCP_FOLLOWUP,2026-02-01,15.0,False,Research-generated IncentiveRewards mock
MOCK05030,HTN_PCP_FOLLOWUP,2026-01-26,15.0,False,Research-generated IncentiveRewards mock
MOCK05036,HTN_PCP_FOLLOWUP,2026-01-29,15.0,True,Research-generated IncentiveRewards mock
MOCK05042,HTN_PCP_FOLLOWUP,2026-02-06,15.0,False,Research-generated IncentiveRewards mock
MOCK05060,HTN_PCP_FOLLOWUP,2026-02-02,15.0,True,Research-generated IncentiveRewards mock
MOCK05066,HTN_PCP_FOLLOWUP,2026-01-05,15.0,True,Research-generated IncentiveRewards mock
MOCK05102,HTN_PCP_FOLLOWUP,2026-01-22,15.0,True,Research-generated IncentiveRewards mock
MOCK05108,HTN_PCP_FOLLOWUP,2026-01-08,15.0,False,Research-generated IncentiveRewards mock
MOCK05126,HTN_PCP_FOLLOWUP,2026-01-21,15.0,True,Research-generated IncentiveRewards mock
MOCK05138,HTN_PCP_FOLLOWUP,2026-01-13,15.0,False,Research-generated IncentiveRewards mock
MOCK05144,HTN_PCP_FOLLOWUP,2026-01-12,15.0,False,Research-generated IncentiveRewards mock
MOCK05150,HTN_PCP_FOLLOWUP,2026-01-26,15.0,False,Research-generated IncentiveRewards mock
MOCK05186,HTN_PCP_FOLLOWUP,2026-01-20,15.0,True,Research-generated IncentiveRewards mock
MOCK05198,HTN_PCP_FOLLOWUP,2026-02-02,15.0,True,Research-generated IncentiveRewards mock
MOCK05210,HTN_PCP_FOLLOWUP,2026-01-25,15.0,True,Research-generated IncentiveRewards mock
MOCK05216,HTN_PCP_FOLLOWUP,2026-01-29,15.0,True,Research-generated IncentiveRewards mock
MOCK05228,HTN_PCP_FOLLOWUP,2026-01-27,15.0,False,Research-generated IncentiveRewards mock
MOCK05252,HTN_PCP_FOLLOWUP,2026-02-03,15.0,False,Research-generated IncentiveRewards mock
MOCK05258,HTN_PCP_FOLLOWUP,2026-01-08,15.0,False,Research-generated IncentiveRewards mock
MOCK05264,HTN_PCP_FOLLOWUP,2026-01-24,15.0,True,Research-generated IncentiveRewards mock
MOCK05282,HTN_PCP_FOLLOWUP,2026-02-06,15.0,True,Research-generated IncentiveRewards mock
MOCK05306,HTN_PCP_FOLLOWUP,2026-01-30,15.0,False,Research-generated IncentiveRewards mock
MOCK05324,HTN_PCP_FOLLOWUP,2026-01-24,15.0,False,Research-generated IncentiveRewards mock
MOCK05330,HTN_PCP_FOLLOWUP,2026-01-10,15.0,True,Research-generated IncentiveRewards mock
MOCK05336,HTN_PCP_FOLLOWUP,2026-01-28,15.0,True,Research-generated IncentiveRewards mock
MOCK05360,HTN_PCP_FOLLOWUP,2026-01-20,15.0,True,Research-generated IncentiveRewards mock
MOCK05372,HTN_PCP_FOLLOWUP,2025-12-30,15.0,True,Research-generated IncentiveRewards mock
MOCK05384,HTN_PCP_FOLLOWUP,2026-01-24,15.0,True,Research-generated IncentiveRewards mock
MOCK05414,HTN_PCP_FOLLOWUP,2026-01-29,15.0,True,Research-generated IncentiveRewards mock
MOCK05432,HTN_PCP_FOLLOWUP,2026-01-17,15.0,False,Research-generated IncentiveRewards mock
MOCK05444,HTN_PCP_FOLLOWUP,2026-01-30,15.0,False,Research-generated IncentiveRewards mock
MOCK05450,HTN_PCP_FOLLOWUP,2026-01-19,15.0,True,Research-generated IncentiveRewards mock
MOCK05462,HTN_PCP_FOLLOWUP,2026-01-12,15.0,True,Research-generated IncentiveRewards mock
MOCK05468,HTN_PCP_FOLLOWUP,2026-01-25,15.0,True,Research-generated IncentiveRewards mock
MOCK05474,HTN_PCP_FOLLOWUP,2026-01-05,15.0,True,Research-generated IncentiveRewards mock
MOCK05492,HTN_PCP_FOLLOWUP,2026-01-11,15.0,True,Research-generated IncentiveRewards mock
MOCK05528,HTN_PCP_FOLLOWUP,2026-01-24,15.0,True,Research-generated IncentiveRewards mock
MOCK05534,HTN_PCP_FOLLOWUP,2026-02-05,15.0,True,Research-generated IncentiveRewards mock
MOCK05546,HTN_PCP_FOLLOWUP,2026-01-02,15.0,True,Research-generated IncentiveRewards mock
MOCK05558,HTN_PCP_FOLLOWUP,2026-01-22,15.0,True,Research-generated IncentiveRewards mock
MOCK05564,HTN_PCP_FOLLOWUP,2026-01-03,15.0,False,Research-generated IncentiveRewards mock
MOCK05576,HTN_PCP_FOLLOWUP,2026-02-04,15.0,False,Research-generated IncentiveRewards mock
MOCK05594,HTN_PCP_FOLLOWUP,2026-01-11,15.0,True,Research-generated IncentiveRewards mock
MOCK05600,HTN_PCP_FOLLOWUP,2026-01-31,15.0,True,Research-generated IncentiveRewards mock
MOCK05606,HTN_PCP_FOLLOWUP,2026-01-10,15.0,False,Research-generated IncentiveRewards mock
MOCK05618,HTN_PCP_FOLLOWUP,2026-01-21,15.0,True,Research-generated IncentiveRewards mock
MOCK05630,HTN_PCP_FOLLOWUP,2026-01-06,15.0,True,Research-generated IncentiveRewards mock
MOCK05636,HTN_PCP_FOLLOWUP,2026-01-08,15.0,True,Research-generated IncentiveRewards mock
MOCK05642,HTN_PCP_FOLLOWUP,2026-01-17,15.0,True,Research-generated IncentiveRewards mock
MOCK05648,HTN_PCP_FOLLOWUP,2026-01-06,15.0,True,Research-generated IncentiveRewards mock
MOCK05654,HTN_PCP_FOLLOWUP,2026-01-24,15.0,True,Research-generated IncentiveRewards mock
MOCK05666,HTN_PCP_FOLLOWUP,2026-01-03,15.0,False,Research-generated IncentiveRewards mock
MOCK05696,HTN_PCP_FOLLOWUP,2026-01-14,15.0,True,Research-generated IncentiveRewards mock
MOCK05708,HTN_PCP_FOLLOWUP,2026-01-06,15.0,True,Research-generated IncentiveRewards mock
MOCK05720,HTN_PCP_FOLLOWUP,2026-01-25,15.0,True,Research-generated IncentiveRewards mock
MOCK05744,HTN_PCP_FOLLOWUP,2026-01-22,15.0,True,Research-generated IncentiveRewards mock
MOCK05768,HTN_PCP_FOLLOWUP,2026-01-31,15.0,True,Research-generated IncentiveRewards mock
MOCK05774,HTN_PCP_FOLLOWUP,2026-01-09,15.0,False,Research-generated IncentiveRewards mock
MOCK05780,HTN_PCP_FOLLOWUP,2026-01-28,15.0,False,Research-generated IncentiveRewards mock
MOCK05792,HTN_PCP_FOLLOWUP,2026-01-27,15.0,True,Research-generated IncentiveRewards mock
MOCK05834,HTN_PCP_FOLLOWUP,2026-01-01,15.0,True,Research-generated IncentiveRewards mock
MOCK05888,HTN_PCP_FOLLOWUP,2026-02-04,15.0,True,Research-generated IncentiveRewards mock
MOCK05894,HTN_PCP_FOLLOWUP,2026-01-31,15.0,False,Research-generated IncentiveRewards mock
MOCK05912,HTN_PCP_FOLLOWUP,2026-02-03,15.0,False,Research-generated IncentiveRewards mock
MOCK05936,HTN_PCP_FOLLOWUP,2025-12-31,15.0,True,Research-generated IncentiveRewards mock
MOCK05948,HTN_PCP_FOLLOWUP,2026-01-31,15.0,True,Research-generated IncentiveRewards mock
MOCK05954,HTN_PCP_FOLLOWUP,2026-01-24,15.0,True,Research-generated IncentiveRewards mock
MOCK05960,HTN_PCP_FOLLOWUP,2026-01-04,15.0,True,Research-generated IncentiveRewards mock
MOCK05966,HTN_PCP_FOLLOWUP,2026-01-07,15.0,False,Research-generated IncentiveRewards mock
MOCK05972,HTN_PCP_FOLLOWUP,2026-02-01,15.0,True,Research-generated IncentiveRewards mock
MOCK05984,HTN_PCP_FOLLOWUP,2026-01-28,15.0,True,Research-generated IncentiveRewards mock
MOCK05990,HTN_PCP_FOLLOWUP,2026-01-02,15.0,True,Research-generated IncentiveRewards mock
MOCK06020,HTN_PCP_FOLLOWUP,2026-01-17,15.0,True,Research-generated IncentiveRewards mock
MOCK06074,HTN_PCP_FOLLOWUP,2026-01-22,15.0,True,Research-generated IncentiveRewards mock
MOCK06080,HTN_PCP_FOLLOWUP,2026-01-19,15.0,True,Research-generated IncentiveRewards mock
MOCK06086,HTN_PCP_FOLLOWUP,2026-01-03,15.0,False,Research-generated IncentiveRewards mock
MOCK06092,HTN_PCP_FOLLOWUP,2026-01-11,15.0,False,Research-generated IncentiveRewards mock
MOCK06098,HTN_PCP_FOLLOWUP,2026-01-02,15.0,False,Research-generated IncentiveRewards mock
MOCK06110,HTN_PCP_FOLLOWUP,2026-01-28,15.0,True,Research-generated IncentiveRewards mock
MOCK06116,HTN_PCP_FOLLOWUP,2026-01-09,15.0,False,Research-generated IncentiveRewards mock
MOCK06122,HTN_PCP_FOLLOWUP,2026-01-10,15.0,True,Research-generated IncentiveRewards mock
MOCK06170,HTN_PCP_FOLLOWUP,2026-01-09,15.0,False,Research-generated IncentiveRewards mock
MOCK06182,HTN_PCP_FOLLOWUP,2026-01-26,15.0,False,Research-generated IncentiveRewards mock
MOCK06194,HTN_PCP_FOLLOWUP,2026-02-04,15.0,True,Research-generated IncentiveRewards mock
MOCK06200,HTN_PCP_FOLLOWUP,2026-01-08,15.0,False,Research-generated IncentiveRewards mock
MOCK06206,HTN_PCP_FOLLOWUP,2026-01-02,15.0,False,Research-generated IncentiveRewards mock
MOCK06224,HTN_PCP_FOLLOWUP,2026-01-15,15.0,False,Research-generated IncentiveRewards mock
MOCK06236,HTN_PCP_FOLLOWUP,2026-01-14,15.0,False,Research-generated IncentiveRewards mock
MOCK06248,HTN_PCP_FOLLOWUP,2026-01-12,15.0,True,Research-generated IncentiveRewards mock
MOCK06254,HTN_PCP_FOLLOWUP,2026-01-27,15.0,False,Research-generated IncentiveRewards mock
MOCK06290,HTN_PCP_FOLLOWUP,2026-01-11,15.0,True,Research-generated IncentiveRewards mock
MOCK06296,HTN_PCP_FOLLOWUP,2026-01-15,15.0,False,Research-generated IncentiveRewards mock
MOCK06308,HTN_PCP_FOLLOWUP,2026-01-14,15.0,False,Research-generated IncentiveRewards mock
MOCK06320,HTN_PCP_FOLLOWUP,2026-02-01,15.0,True,Research-generated IncentiveRewards mock
MOCK06332,HTN_PCP_FOLLOWUP,2025-12-30,15.0,True,Research-generated IncentiveRewards mock
MOCK06350,HTN_PCP_FOLLOWUP,2026-01-13,15.0,True,Research-generated IncentiveRewards mock
MOCK06356,HTN_PCP_FOLLOWUP,2026-01-17,15.0,False,Research-generated IncentiveRewards mock
MOCK06362,HTN_PCP_FOLLOWUP,2026-01-29,15.0,True,Research-generated IncentiveRewards mock
MOCK06368,HTN_PCP_FOLLOWUP,2026-01-13,15.0,True,Research-generated IncentiveRewards mock
MOCK06374,HTN_PCP_FOLLOWUP,2026-01-01,15.0,True,Research-generated IncentiveRewards mock
MOCK06386,HTN_PCP_FOLLOWUP,2026-01-08,15.0,True,Research-generated IncentiveRewards mock
MOCK06392,HTN_PCP_FOLLOWUP,2026-01-13,15.0,False,Research-generated IncentiveRewards mock
MOCK06404,HTN_PCP_FOLLOWUP,2026-01-04,15.0,False,Research-generated IncentiveRewards mock
MOCK06410,HTN_PCP_FOLLOWUP,2026-02-06,15.0,False,Research-generated IncentiveRewards mock
MOCK06434,HTN_PCP_FOLLOWUP,2026-01-23,15.0,True,Research-generated IncentiveRewards mock
MOCK06464,HTN_PCP_FOLLOWUP,2026-01-21,15.0,True,Research-generated IncentiveRewards mock
MOCK06500,HTN_PCP_FOLLOWUP,2026-01-25,15.0,True,Research-generated IncentiveRewards mock
MOCK06530,HTN_PCP_FOLLOWUP,2026-01-28,15.0,True,Research-generated IncentiveRewards mock
MOCK06536,HTN_PCP_FOLLOWUP,2026-01-07,15.0,False,Research-generated IncentiveRewards mock
MOCK06542,HTN_PCP_FOLLOWUP,2026-02-06,15.0,True,Research-generated IncentiveRewards mock
MOCK06578,HTN_PCP_FOLLOWUP,2026-02-03,15.0,False,Research-generated IncentiveRewards mock
MOCK06614,HTN_PCP_FOLLOWUP,2026-01-02,15.0,True,Research-generated IncentiveRewards mock
MOCK06638,HTN_PCP_FOLLOWUP,2026-01-29,15.0,True,Research-generated IncentiveRewards mock
MOCK06644,HTN_PCP_FOLLOWUP,2026-01-22,15.0,False,Research-generated IncentiveRewards mock
MOCK06650,HTN_PCP_FOLLOWUP,2026-01-22,15.0,False,Research-generated IncentiveRewards mock
MOCK06662,HTN_PCP_FOLLOWUP,2026-01-18,15.0,False,Research-generated IncentiveRewards mock
MOCK06668,HTN_PCP_FOLLOWUP,2026-01-16,15.0,True,Research-generated IncentiveRewards mock
MOCK06680,HTN_PCP_FOLLOWUP,2026-01-06,15.0,False,Research-generated IncentiveRewards mock
MOCK06692,HTN_PCP_FOLLOWUP,2026-01-31,15.0,True,Research-generated IncentiveRewards mock
MOCK06698,HTN_PCP_FOLLOWUP,2026-01-07,15.0,True,Research-generated IncentiveRewards mock
MOCK06728,HTN_PCP_FOLLOWUP,2026-01-30,15.0,True,Research-generated IncentiveRewards mock
MOCK06740,HTN_PCP_FOLLOWUP,2026-01-04,15.0,True,Research-generated IncentiveRewards mock
MOCK06752,HTN_PCP_FOLLOWUP,2026-01-05,15.0,True,Research-generated IncentiveRewards mock
MOCK06764,HTN_PCP_FOLLOWUP,2026-01-11,15.0,False,Research-generated IncentiveRewards mock
MOCK06770,HTN_PCP_FOLLOWUP,2026-01-13,15.0,True,Research-generated IncentiveRewards mock
MOCK06776,HTN_PCP_FOLLOWUP,2026-01-01,15.0,True,Research-generated IncentiveRewards mock
MOCK06788,HTN_PCP_FOLLOWUP,2026-02-03,15.0,True,Research-generated IncentiveRewards mock
MOCK06800,HTN_PCP_FOLLOWUP,2026-01-24,15.0,False,Research-generated IncentiveRewards mock
MOCK06812,HTN_PCP_FOLLOWUP,2026-01-04,15.0,True,Research-generated IncentiveRewards mock
MOCK06824,HTN_PCP_FOLLOWUP,2026-01-01,15.0,False,Research-generated IncentiveRewards mock
MOCK06830,HTN_PCP_FOLLOWUP,2026-01-16,15.0,True,Research-generated IncentiveRewards mock
MOCK06836,HTN_PCP_FOLLOWUP,2026-01-11,15.0,True,Research-generated IncentiveRewards mock
MOCK06842,HTN_PCP_FOLLOWUP,2025-12-30,15.0,True,Research-generated IncentiveRewards mock
MOCK06854,HTN_PCP_FOLLOWUP,2026-02-05,15.0,False,Research-generated IncentiveRewards mock
MOCK06872,HTN_PCP_FOLLOWUP,2026-01-20,15.0,True,Research-generated IncentiveRewards mock
MOCK06884,HTN_PCP_FOLLOWUP,2026-01-02,15.0,False,Research-generated IncentiveRewards mock
MOCK06890,HTN_PCP_FOLLOWUP,2026-02-01,15.0,False,Research-generated IncentiveRewards mock
MOCK06896,HTN_PCP_FOLLOWUP,2025-12-30,15.0,False,Research-generated IncentiveRewards mock
MOCK06902,HTN_PCP_FOLLOWUP,2026-02-03,15.0,True,Research-generated IncentiveRewards mock
MOCK06908,HTN_PCP_FOLLOWUP,2026-01-24,15.0,False,Research-generated IncentiveRewards mock
MOCK06932,HTN_PCP_FOLLOWUP,2026-01-02,15.0,False,Research-generated IncentiveRewards mock
MOCK06944,HTN_PCP_FOLLOWUP,2026-01-29,15.0,False,Research-generated IncentiveRewards mock
MOCK06950,HTN_PCP_FOLLOWUP,2026-01-09,15.0,True,Research-generated IncentiveRewards mock
MOCK06962,HTN_PCP_FOLLOWUP,2026-01-07,15.0,True,Research-generated IncentiveRewards mock
MOCK06968,HTN_PCP_FOLLOWUP,2026-01-07,15.0,False,Research-generated IncentiveRewards mock
MOCK06992,HTN_PCP_FOLLOWUP,2026-01-10,15.0,True,Research-generated IncentiveRewards mock
MOCK06998,HTN_PCP_FOLLOWUP,2026-01-29,15.0,True,Research-generated IncentiveRewards mock
MOCK07010,HTN_PCP_FOLLOWUP,2026-01-28,15.0,False,Research-generated IncentiveRewards mock
MOCK07016,HTN_PCP_FOLLOWUP,2026-01-20,15.0,True,Research-generated IncentiveRewards mock
MOCK07022,HTN_PCP_FOLLOWUP,2026-01-11,15.0,False,Research-generated IncentiveRewards mock
MOCK07052,HTN_PCP_FOLLOWUP,2026-01-28,15.0,False,Research-generated IncentiveRewards mock
MOCK07064,HTN_PCP_FOLLOWUP,2026-01-30,15.0,True,Research-generated IncentiveRewards mock
MOCK07070,HTN_PCP_FOLLOWUP,2026-02-03,15.0,True,Research-generated IncentiveRewards mock
MOCK07076,HTN_PCP_FOLLOWUP,2026-01-14,15.0,False,Research-generated IncentiveRewards mock
MOCK07100,HTN_PCP_FOLLOWUP,2026-01-05,15.0,False,Research-generated IncentiveRewards mock
MOCK07106,HTN_PCP_FOLLOWUP,2026-02-01,15.0,False,Research-generated IncentiveRewards mock
MOCK07112,HTN_PCP_FOLLOWUP,2026-01-14,15.0,True,Research-generated IncentiveRewards mock
MOCK07118,HTN_PCP_FOLLOWUP,2026-02-05,15.0,False,Research-generated IncentiveRewards mock
MOCK07124,HTN_PCP_FOLLOWUP,2026-01-04,15.0,False,Research-generated IncentiveRewards mock
MOCK07154,HTN_PCP_FOLLOWUP,2026-01-02,15.0,False,Research-generated IncentiveRewards mock
MOCK07166,HTN_PCP_FOLLOWUP,2026-01-14,15.0,True,Research-generated IncentiveRewards mock
MOCK07184,HTN_PCP_FOLLOWUP,2026-01-05,15.0,False,Research-generated IncentiveRewards mock
MOCK07190,HTN_PCP_FOLLOWUP,2026-01-05,15.0,True,Research-generated IncentiveRewards mock
MOCK07226,HTN_PCP_FOLLOWUP,2026-02-05,15.0,False,Research-generated IncentiveRewards mock
MOCK07244,HTN_PCP_FOLLOWUP,2026-01-10,15.0,False,Research-generated IncentiveRewards mock
MOCK07250,HTN_PCP_FOLLOWUP,2026-01-23,15.0,False,Research-generated IncentiveRewards mock
MOCK07268,HTN_PCP_FOLLOWUP,2026-01-21,15.0,True,Research-generated IncentiveRewards mock
MOCK07292,HTN_PCP_FOLLOWUP,2026-01-16,15.0,True,Research-generated IncentiveRewards mock
MOCK07298,HTN_PCP_FOLLOWUP,2026-01-06,15.0,False,Research-generated IncentiveRewards mock
MOCK07304,HTN_PCP_FOLLOWUP,2025-12-30,15.0,True,Research-generated IncentiveRewards mock
MOCK07322,HTN_PCP_FOLLOWUP,2026-01-10,15.0,True,Research-generated IncentiveRewards mock
MOCK07334,HTN_PCP_FOLLOWUP,2026-01-08,15.0,True,Research-generated IncentiveRewards mock
MOCK07346,HTN_PCP_FOLLOWUP,2026-01-26,15.0,True,Research-generated IncentiveRewards mock
MOCK07370,HTN_PCP_FOLLOWUP,2026-01-16,15.0,True,Research-generated IncentiveRewards mock
MOCK07376,HTN_PCP_FOLLOWUP,2026-01-17,15.0,True,Research-generated IncentiveRewards mock
MOCK07382,HTN_PCP_FOLLOWUP,2026-01-23,15.0,False,Research-generated IncentiveRewards mock
MOCK07394,HTN_PCP_FOLLOWUP,2026-01-05,15.0,True,Research-generated IncentiveRewards mock
MOCK07412,HTN_PCP_FOLLOWUP,2026-01-30,15.0,False,Research-generated IncentiveRewards mock
MOCK07418,HTN_PCP_FOLLOWUP,2026-01-09,15.0,False,Research-generated IncentiveRewards mock
MOCK07424,HTN_PCP_FOLLOWUP,2026-02-06,15.0,True,Research-generated IncentiveRewards mock
MOCK07442,HTN_PCP_FOLLOWUP,2026-01-05,15.0,False,Research-generated IncentiveRewards mock
MOCK07454,HTN_PCP_FOLLOWUP,2026-01-11,15.0,True,Research-generated IncentiveRewards mock
MOCK07460,HTN_PCP_FOLLOWUP,2026-01-30,15.0,True,Research-generated IncentiveRewards mock
MOCK07478,HTN_PCP_FOLLOWUP,2026-01-16,15.0,True,Research-generated IncentiveRewards mock
MOCK07508,HTN_PCP_FOLLOWUP,2026-01-09,15.0,False,Research-generated IncentiveRewards mock
MOCK07514,HTN_PCP_FOLLOWUP,2026-01-20,15.0,True,Research-generated IncentiveRewards mock
MOCK07532,HTN_PCP_FOLLOWUP,2026-01-23,15.0,False,Research-generated IncentiveRewards mock
MOCK07538,HTN_PCP_FOLLOWUP,2026-01-25,15.0,True,Research-generated IncentiveRewards mock
MOCK07544,HTN_PCP_FOLLOWUP,2026-01-27,15.0,False,Research-generated IncentiveRewards mock
MOCK07556,HTN_PCP_FOLLOWUP,2026-01-03,15.0,True,Research-generated IncentiveRewards mock
MOCK07562,HTN_PCP_FOLLOWUP,2026-01-15,15.0,False,Research-generated IncentiveRewards mock
MOCK07568,HTN_PCP_FOLLOWUP,2026-01-08,15.0,True,Research-generated IncentiveRewards mock
MOCK07586,HTN_PCP_FOLLOWUP,2026-01-02,15.0,False,Research-generated IncentiveRewards mock
MOCK07592,HTN_PCP_FOLLOWUP,2026-01-25,15.0,True,Research-generated IncentiveRewards mock
MOCK07598,HTN_PCP_FOLLOWUP,2025-12-31,15.0,True,Research-generated IncentiveRewards mock
MOCK07628,HTN_PCP_FOLLOWUP,2026-01-21,15.0,True,Research-generated IncentiveRewards mock
MOCK07634,HTN_PCP_FOLLOWUP,2026-01-31,15.0,False,Research-generated IncentiveRewards mock
MOCK07640,HTN_PCP_FOLLOWUP,2026-01-20,15.0,True,Research-generated IncentiveRewards mock
MOCK07652,HTN_PCP_FOLLOWUP,2026-01-01,15.0,False,Research-generated IncentiveRewards mock
MOCK07664,HTN_PCP_FOLLOWUP,2025-12-31,15.0,True,Research-generated IncentiveRewards mock
MOCK07676,HTN_PCP_FOLLOWUP,2025-12-30,15.0,False,Research-generated IncentiveRewards mock
MOCK07682,HTN_PCP_FOLLOWUP,2026-01-10,15.0,False,Research-generated IncentiveRewards mock
MOCK07694,HTN_PCP_FOLLOWUP,2026-01-05,15.0,False,Research-generated IncentiveRewards mock
MOCK07700,HTN_PCP_FOLLOWUP,2026-01-17,15.0,True,Research-generated IncentiveRewards mock
MOCK07706,HTN_PCP_FOLLOWUP,2026-02-06,15.0,True,Research-generated IncentiveRewards mock
MOCK07718,HTN_PCP_FOLLOWUP,2026-01-01,15.0,True,Research-generated IncentiveRewards mock
MOCK07742,HTN_PCP_FOLLOWUP,2026-01-23,15.0,False,Research-generated IncentiveRewards mock
MOCK07754,HTN_PCP_FOLLOWUP,2026-01-27,15.0,False,Research-generated IncentiveRewards mock
MOCK07772,HTN_PCP_FOLLOWUP,2026-01-04,15.0,False,Research-generated IncentiveRewards mock
MOCK07778,HTN_PCP_FOLLOWUP,2026-02-01,15.0,True,Research-generated IncentiveRewards mock
MOCK07826,HTN_PCP_FOLLOWUP,2026-01-12,15.0,False,Research-generated IncentiveRewards mock
MOCK07844,HTN_PCP_FOLLOWUP,2026-01-14,15.0,True,Research-generated IncentiveRewards mock
MOCK07850,HTN_PCP_FOLLOWUP,2026-01-06,15.0,True,Research-generated IncentiveRewards mock
MOCK07856,HTN_PCP_FOLLOWUP,2026-01-17,15.0,True,Research-generated IncentiveRewards mock
MOCK07862,HTN_PCP_FOLLOWUP,2026-01-11,15.0,True,Research-generated IncentiveRewards mock
MOCK07874,HTN_PCP_FOLLOWUP,2026-01-01,15.0,True,Research-generated IncentiveRewards mock
MOCK07886,HTN_PCP_FOLLOWUP,2026-01-01,15.0,False,Research-generated IncentiveRewards mock
MOCK07916,HTN_PCP_FOLLOWUP,2026-01-29,15.0,False,Research-generated IncentiveRewards mock
MOCK07934,HTN_PCP_FOLLOWUP,2026-02-05,15.0,True,Research-generated IncentiveRewards mock
MOCK07946,HTN_PCP_FOLLOWUP,2026-01-04,15.0,True,Research-generated IncentiveRewards mock
MOCK07958,HTN_PCP_FOLLOWUP,2026-01-26,15.0,True,Research-generated IncentiveRewards mock
MOCK07970,HTN_PCP_FOLLOWUP,2026-01-22,15.0,True,Research-generated IncentiveRewards mock
MOCK07976,HTN_PCP_FOLLOWUP,2026-01-01,15.0,True,Research-generated IncentiveRewards mock
MOCK07994,HTN_PCP_FOLLOWUP,2026-01-02,15.0,False,Research-generated IncentiveRewards mock
MOCK08018,HTN_PCP_FOLLOWUP,2026-01-01,15.0,True,Research-generated IncentiveRewards mock
MOCK08036,HTN_PCP_FOLLOWUP,2026-01-10,15.0,True,Research-generated IncentiveRewards mock
MOCK08042,HTN_PCP_FOLLOWUP,2026-02-06,15.0,False,Research-generated IncentiveRewards mock
MOCK08054,HTN_PCP_FOLLOWUP,2026-01-25,15.0,True,Research-generated IncentiveRewards mock
MOCK08060,HTN_PCP_FOLLOWUP,2026-01-05,15.0,True,Research-generated IncentiveRewards mock
MOCK08066,HTN_PCP_FOLLOWUP,2026-01-26,15.0,True,Research-generated IncentiveRewards mock
MOCK08096,HTN_PCP_FOLLOWUP,2026-01-12,15.0,True,Research-generated IncentiveRewards mock
MOCK08102,HTN_PCP_FOLLOWUP,2025-12-31,15.0,True,Research-generated IncentiveRewards mock
MOCK08108,HTN_PCP_FOLLOWUP,2026-01-03,15.0,True,Research-generated IncentiveRewards mock
MOCK08114,HTN_PCP_FOLLOWUP,2026-02-01,15.0,True,Research-generated IncentiveRewards mock
MOCK08120,HTN_PCP_FOLLOWUP,2026-01-27,15.0,False,Research-generated IncentiveRewards mock
MOCK08132,HTN_PCP_FOLLOWUP,2026-01-26,15.0,True,Research-generated IncentiveRewards mock
MOCK08138,HTN_PCP_FOLLOWUP,2025-12-30,15.0,True,Research-generated IncentiveRewards mock
MOCK08144,HTN_PCP_FOLLOWUP,2025-12-31,15.0,False,Research-generated IncentiveRewards mock
MOCK08150,HTN_PCP_FOLLOWUP,2026-01-18,15.0,False,Research-generated IncentiveRewards mock
MOCK08156,HTN_PCP_FOLLOWUP,2026-01-23,15.0,False,Research-generated IncentiveRewards mock
MOCK08162,HTN_PCP_FOLLOWUP,2026-02-04,15.0,False,Research-generated IncentiveRewards mock
MOCK08168,HTN_PCP_FOLLOWUP,2026-01-28,15.0,False,Research-generated IncentiveRewards mock
MOCK08222,HTN_PCP_FOLLOWUP,2026-01-02,15.0,False,Research-generated IncentiveRewards mock
MOCK08228,HTN_PCP_FOLLOWUP,2026-02-04,15.0,False,Research-generated IncentiveRewards mock
MOCK08234,HTN_PCP_FOLLOWUP,2026-01-27,15.0,False,Research-generated IncentiveRewards mock
MOCK08240,HTN_PCP_FOLLOWUP,2026-01-04,15.0,False,Research-generated IncentiveRewards mock
MOCK08252,HTN_PCP_FOLLOWUP,2026-01-04,15.0,True,Research-generated IncentiveRewards mock
MOCK08276,HTN_PCP_FOLLOWUP,2026-01-10,15.0,False,Research-generated IncentiveRewards mock
MOCK08282,HTN_PCP_FOLLOWUP,2026-01-06,15.0,True,Research-generated IncentiveRewards mock
MOCK08288,HTN_PCP_FOLLOWUP,2026-01-22,15.0,False,Research-generated IncentiveRewards mock
MOCK08330,HTN_PCP_FOLLOWUP,2026-01-24,15.0,True,Research-generated IncentiveRewards mock
MOCK08336,HTN_PCP_FOLLOWUP,2026-01-28,15.0,False,Research-generated IncentiveRewards mock
MOCK08342,HTN_PCP_FOLLOWUP,2026-01-14,15.0,True,Research-generated IncentiveRewards mock
MOCK08378,HTN_PCP_FOLLOWUP,2026-01-05,15.0,True,Research-generated IncentiveRewards mock
MOCK08384,HTN_PCP_FOLLOWUP,2026-01-21,15.0,True,Research-generated IncentiveRewards mock
MOCK08408,HTN_PCP_FOLLOWUP,2026-01-11,15.0,False,Research-generated IncentiveRewards mock
MOCK08432,HTN_PCP_FOLLOWUP,2026-01-27,15.0,False,Research-generated IncentiveRewards mock
MOCK08480,HTN_PCP_FOLLOWUP,2026-01-08,15.0,True,Research-generated IncentiveRewards mock
MOCK08486,HTN_PCP_FOLLOWUP,2026-01-01,15.0,True,Research-generated IncentiveRewards mock
MOCK08492,HTN_PCP_FOLLOWUP,2026-01-07,15.0,True,Research-generated IncentiveRewards mock
MOCK08504,HTN_PCP_FOLLOWUP,2026-02-06,15.0,True,Research-generated IncentiveRewards mock
MOCK08510,HTN_PCP_FOLLOWUP,2026-01-02,15.0,True,Research-generated IncentiveRewards mock
MOCK08528,HTN_PCP_FOLLOWUP,2026-01-05,15.0,False,Research-generated IncentiveRewards mock
MOCK08534,HTN_PCP_FOLLOWUP,2026-01-26,15.0,False,Research-generated IncentiveRewards mock
MOCK08546,HTN_PCP_FOLLOWUP,2026-01-29,15.0,True,Research-generated IncentiveRewards mock
MOCK08564,HTN_PCP_FOLLOWUP,2026-01-25,15.0,False,Research-generated IncentiveRewards mock
MOCK08576,HTN_PCP_FOLLOWUP,2026-02-01,15.0,True,Research-generated IncentiveRewards mock
MOCK08588,HTN_PCP_FOLLOWUP,2026-01-08,15.0,False,Research-generated IncentiveRewards mock
MOCK08594,HTN_PCP_FOLLOWUP,2026-01-12,15.0,True,Research-generated IncentiveRewards mock
MOCK08600,HTN_PCP_FOLLOWUP,2026-01-22,15.0,False,Research-generated IncentiveRewards mock
MOCK08612,HTN_PCP_FOLLOWUP,2026-01-30,15.0,False,Research-generated IncentiveRewards mock
MOCK08618,HTN_PCP_FOLLOWUP,2026-01-09,15.0,False,Research-generated IncentiveRewards mock
MOCK08624,HTN_PCP_FOLLOWUP,2026-01-01,15.0,True,Research-generated IncentiveRewards mock
MOCK08636,HTN_PCP_FOLLOWUP,2026-01-31,15.0,False,Research-generated IncentiveRewards mock
MOCK08666,HTN_PCP_FOLLOWUP,2026-01-28,15.0,False,Research-generated IncentiveRewards mock
MOCK08684,HTN_PCP_FOLLOWUP,2026-01-06,15.0,True,Research-generated IncentiveRewards mock
MOCK08696,HTN_PCP_FOLLOWUP,2026-01-29,15.0,True,Research-generated IncentiveRewards mock
MOCK08720,HTN_PCP_FOLLOWUP,2026-01-17,15.0,False,Research-generated IncentiveRewards mock
MOCK08738,HTN_PCP_FOLLOWUP,2026-01-24,15.0,True,Research-generated IncentiveRewards mock
MOCK08768,HTN_PCP_FOLLOWUP,2026-01-08,15.0,True,Research-generated IncentiveRewards mock
MOCK08774,HTN_PCP_FOLLOWUP,2026-01-03,15.0,False,Research-generated IncentiveRewards mock
MOCK08780,HTN_PCP_FOLLOWUP,2026-01-04,15.0,False,Research-generated IncentiveRewards mock
MOCK08786,HTN_PCP_FOLLOWUP,2026-01-19,15.0,True,Research-generated IncentiveRewards mock
MOCK08804,HTN_PCP_FOLLOWUP,2026-01-19,15.0,False,Research-generated IncentiveRewards mock
MOCK08816,HTN_PCP_FOLLOWUP,2025-12-30,15.0,False,Research-generated IncentiveRewards mock
MOCK08822,HTN_PCP_FOLLOWUP,2026-01-04,15.0,True,Research-generated IncentiveRewards mock
MOCK08840,HTN_PCP_FOLLOWUP,2026-01-08,15.0,True,Research-generated IncentiveRewards mock
MOCK08858,HTN_PCP_FOLLOWUP,2026-01-12,15.0,False,Research-generated IncentiveRewards mock
MOCK08876,HTN_PCP_FOLLOWUP,2026-01-24,15.0,False,Research-generated IncentiveRewards mock
MOCK08912,HTN_PCP_FOLLOWUP,2026-01-29,15.0,False,Research-generated IncentiveRewards mock
MOCK08918,HTN_PCP_FOLLOWUP,2026-01-10,15.0,False,Research-generated IncentiveRewards mock
MOCK08924,HTN_PCP_FOLLOWUP,2026-01-04,15.0,False,Research-generated IncentiveRewards mock
MOCK08930,HTN_PCP_FOLLOWUP,2026-01-03,15.0,False,Research-generated IncentiveRewards mock
MOCK08936,HTN_PCP_FOLLOWUP,2026-02-02,15.0,False,Research-generated IncentiveRewards mock
MOCK08948,HTN_PCP_FOLLOWUP,2026-01-10,15.0,True,Research-generated IncentiveRewards mock
MOCK08954,HTN_PCP_FOLLOWUP,2026-01-12,15.0,False,Research-generated IncentiveRewards mock
MOCK08966,HTN_PCP_FOLLOWUP,2026-01-30,15.0,True,Research-generated IncentiveRewards mock
MOCK08984,HTN_PCP_FOLLOWUP,2026-01-10,15.0,True,Research-generated IncentiveRewards mock
MOCK08990,HTN_PCP_FOLLOWUP,2026-01-17,15.0,True,Research-generated IncentiveRewards mock
MOCK09002,HTN_PCP_FOLLOWUP,2026-02-05,15.0,True,Research-generated IncentiveRewards mock
MOCK09026,HTN_PCP_FOLLOWUP,2026-01-09,15.0,False,Research-generated IncentiveRewards mock
MOCK09038,HTN_PCP_FOLLOWUP,2026-01-18,15.0,True,Research-generated IncentiveRewards mock
MOCK09056,HTN_PCP_FOLLOWUP,2026-01-09,15.0,False,Research-generated IncentiveRewards mock
MOCK09062,HTN_PCP_FOLLOWUP,2026-01-30,15.0,False,Research-generated IncentiveRewards mock
MOCK09068,HTN_PCP_FOLLOWUP,2026-01-02,15.0,False,Research-generated IncentiveRewards mock
MOCK09080,HTN_PCP_FOLLOWUP,2026-01-30,15.0,True,Research-generated IncentiveRewards mock
MOCK09110,HTN_PCP_FOLLOWUP,2025-12-31,15.0,True,Research-generated IncentiveRewards mock
MOCK09116,HTN_PCP_FOLLOWUP,2025-12-30,15.0,True,Research-generated IncentiveRewards mock
MOCK09128,HTN_PCP_FOLLOWUP,2026-01-05,15.0,True,Research-generated IncentiveRewards mock
MOCK09146,HTN_PCP_FOLLOWUP,2026-01-01,15.0,True,Research-generated IncentiveRewards mock
MOCK09158,HTN_PCP_FOLLOWUP,2026-01-17,15.0,True,Research-generated IncentiveRewards mock
MOCK09188,HTN_PCP_FOLLOWUP,2026-01-18,15.0,True,Research-generated IncentiveRewards mock
MOCK09200,HTN_PCP_FOLLOWUP,2026-02-06,15.0,False,Research-generated IncentiveRewards mock
MOCK09212,HTN_PCP_FOLLOWUP,2026-01-12,15.0,True,Research-generated IncentiveRewards mock
MOCK09218,HTN_PCP_FOLLOWUP,2026-02-05,15.0,True,Research-generated IncentiveRewards mock
MOCK09224,HTN_PCP_FOLLOWUP,2026-01-11,15.0,False,Research-generated IncentiveRewards mock
MOCK09230,HTN_PCP_FOLLOWUP,2026-01-04,15.0,True,Research-generated IncentiveRewards mock
MOCK09236,HTN_PCP_FOLLOWUP,2026-02-04,15.0,False,Research-generated IncentiveRewards mock
MOCK09242,HTN_PCP_FOLLOWUP,2026-02-05,15.0,True,Research-generated IncentiveRewards mock
MOCK09260,HTN_PCP_FOLLOWUP,2026-01-05,15.0,True,Research-generated IncentiveRewards mock
MOCK09272,HTN_PCP_FOLLOWUP,2026-01-25,15.0,True,Research-generated IncentiveRewards mock
MOCK09284,HTN_PCP_FOLLOWUP,2026-01-21,15.0,True,Research-generated IncentiveRewards mock
MOCK09296,HTN_PCP_FOLLOWUP,2026-01-20,15.0,False,Research-generated IncentiveRewards mock
MOCK09302,HTN_PCP_FOLLOWUP,2026-01-30,15.0,True,Research-generated IncentiveRewards mock
MOCK09326,HTN_PCP_FOLLOWUP,2026-01-19,15.0,False,Research-generated IncentiveRewards mock
MOCK09344,HTN_PCP_FOLLOWUP,2026-02-05,15.0,True,Research-generated IncentiveRewards mock
MOCK09350,HTN_PCP_FOLLOWUP,2026-01-03,15.0,True,Research-generated IncentiveRewards mock
MOCK09356,HTN_PCP_FOLLOWUP,2026-01-23,15.0,False,Research-generated IncentiveRewards mock
MOCK09362,HTN_PCP_FOLLOWUP,2026-01-24,15.0,False,Research-generated IncentiveRewards mock
MOCK09368,HTN_PCP_FOLLOWUP,2026-01-17,15.0,False,Research-generated IncentiveRewards mock
MOCK09374,HTN_PCP_FOLLOWUP,2025-12-31,15.0,True,Research-generated IncentiveRewards mock
MOCK09404,HTN_PCP_FOLLOWUP,2026-01-05,15.0,True,Research-generated IncentiveRewards mock
MOCK09428,HTN_PCP_FOLLOWUP,2025-12-31,15.0,False,Research-generated IncentiveRewards mock
MOCK09488,HTN_PCP_FOLLOWUP,2026-01-23,15.0,True,Research-generated IncentiveRewards mock
MOCK09500,HTN_PCP_FOLLOWUP,2026-01-27,15.0,True,Research-generated IncentiveRewards mock
MOCK09506,HTN_PCP_FOLLOWUP,2026-01-21,15.0,True,Research-generated IncentiveRewards mock
MOCK09512,HTN_PCP_FOLLOWUP,2026-01-20,15.0,True,Research-generated IncentiveRewards mock
MOCK09524,HTN_PCP_FOLLOWUP,2026-01-08,15.0,False,Research-generated IncentiveRewards mock
MOCK09530,HTN_PCP_FOLLOWUP,2026-01-17,15.0,True,Research-generated IncentiveRewards mock
MOCK09536,HTN_PCP_FOLLOWUP,2025-12-30,15.0,True,Research-generated IncentiveRewards mock
MOCK09560,HTN_PCP_FOLLOWUP,2026-02-05,15.0,False,Research-generated IncentiveRewards mock
MOCK09566,HTN_PCP_FOLLOWUP,2026-01-18,15.0,False,Research-generated IncentiveRewards mock
MOCK09578,HTN_PCP_FOLLOWUP,2026-01-17,15.0,True,Research-generated IncentiveRewards mock
MOCK09602,HTN_PCP_FOLLOWUP,2026-02-04,15.0,True,Research-generated IncentiveRewards mock
MOCK09608,HTN_PCP_FOLLOWUP,2026-01-17,15.0,True,Research-generated IncentiveRewards mock
MOCK09620,HTN_PCP_FOLLOWUP,2026-01-16,15.0,False,Research-generated IncentiveRewards mock
MOCK09638,HTN_PCP_FOLLOWUP,2026-02-06,15.0,True,Research-generated IncentiveRewards mock
MOCK09644,HTN_PCP_FOLLOWUP,2026-01-02,15.0,False,Research-generated IncentiveRewards mock
MOCK09656,HTN_PCP_FOLLOWUP,2026-01-12,15.0,True,Research-generated IncentiveRewards mock
MOCK09680,HTN_PCP_FOLLOWUP,2026-01-07,15.0,True,Research-generated IncentiveRewards mock
MOCK09686,HTN_PCP_FOLLOWUP,2025-12-30,15.0,False,Research-generated IncentiveRewards mock
MOCK09722,HTN_PCP_FOLLOWUP,2026-02-04,15.0,True,Research-generated IncentiveRewards mock
MOCK09728,HTN_PCP_FOLLOWUP,2026-01-30,15.0,True,Research-generated IncentiveRewards mock
MOCK09740,HTN_PCP_FOLLOWUP,2026-01-19,15.0,True,Research-generated IncentiveRewards mock
MOCK09752,HTN_PCP_FOLLOWUP,2026-01-29,15.0,False,Research-generated IncentiveRewards mock
MOCK09758,HTN_PCP_FOLLOWUP,2026-01-23,15.0,True,Research-generated IncentiveRewards mock
MOCK09764,HTN_PCP_FOLLOWUP,2026-01-16,15.0,False,Research-generated IncentiveRewards mock
MOCK09782,HTN_PCP_FOLLOWUP,2026-01-01,15.0,True,Research-generated IncentiveRewards mock
MOCK09788,HTN_PCP_FOLLOWUP,2026-01-06,15.0,True,Research-generated IncentiveRewards mock
MOCK09794,HTN_PCP_FOLLOWUP,2026-01-27,15.0,False,Research-generated IncentiveRewards mock
MOCK09800,HTN_PCP_FOLLOWUP,2026-02-01,15.0,True,Research-generated IncentiveRewards mock
MOCK09812,HTN_PCP_FOLLOWUP,2026-01-02,15.0,False,Research-generated IncentiveRewards mock
MOCK09818,HTN_PCP_FOLLOWUP,2026-01-02,15.0,False,Research-generated IncentiveRewards mock
MOCK09824,HTN_PCP_FOLLOWUP,2026-01-29,15.0,False,Research-generated IncentiveRewards mock
MOCK09878,HTN_PCP_FOLLOWUP,2026-01-30,15.0,True,Research-generated IncentiveRewards mock
MOCK09902,HTN_PCP_FOLLOWUP,2026-02-01,15.0,True,Research-generated IncentiveRewards mock
MOCK09908,HTN_PCP_FOLLOWUP,2026-02-04,15.0,False,Research-generated IncentiveRewards mock
MOCK09920,HTN_PCP_FOLLOWUP,2026-01-02,15.0,False,Research-generated IncentiveRewards mock
MOCK09926,HTN_PCP_FOLLOWUP,2026-02-01,15.0,False,Research-generated IncentiveRewards mock
MOCK09932,HTN_PCP_FOLLOWUP,2026-02-02,15.0,True,Research-generated IncentiveRewards mock
MOCK09968,HTN_PCP_FOLLOWUP,2026-01-17,15.0,False,Research-generated IncentiveRewards mock
MOCK09974,HTN_PCP_FOLLOWUP,2026-01-09,15.0,False,Research-generated IncentiveRewards mock
MOCK09980,HTN_PCP_FOLLOWUP,2026-01-26,15.0,True,Research-generated IncentiveRewards mock
MOCK09992,HTN_PCP_FOLLOWUP,2026-01-02,15.0,True,Research-generated IncentiveRewards mock
MOCK09998,HTN_PCP_FOLLOWUP,2026-01-08,15.0,True,Research-generated IncentiveRewards mock
MOCK00015,COPD_SPIROMETRY,2025-07-07,20.0,True,Research-generated IncentiveRewards mock
MOCK00045,COPD_SPIROMETRY,2025-08-03,20.0,False,Research-generated IncentiveRewards mock
MOCK00051,COPD_SPIROMETRY,2025-07-31,20.0,False,Research-generated IncentiveRewards mock
MOCK00057,COPD_SPIROMETRY,2025-07-11,20.0,False,Research-generated IncentiveRewards mock
MOCK00087,COPD_SPIROMETRY,2025-07-28,20.0,False,Research-generated IncentiveRewards mock
MOCK00093,COPD_SPIROMETRY,2025-08-01,20.0,False,Research-generated IncentiveRewards mock
MOCK00099,COPD_SPIROMETRY,2025-07-14,20.0,False,Research-generated IncentiveRewards mock
MOCK00105,COPD_SPIROMETRY,2025-07-06,20.0,True,Research-generated IncentiveRewards mock
MOCK00123,COPD_SPIROMETRY,2025-07-27,20.0,True,Research-generated IncentiveRewards mock
MOCK00135,COPD_SPIROMETRY,2025-07-17,20.0,True,Research-generated IncentiveRewards mock
MOCK00147,COPD_SPIROMETRY,2025-08-01,20.0,False,Research-generated IncentiveRewards mock
MOCK00159,COPD_SPIROMETRY,2025-07-05,20.0,True,Research-generated IncentiveRewards mock
MOCK00165,COPD_SPIROMETRY,2025-07-22,20.0,True,Research-generated IncentiveRewards mock
MOCK00177,COPD_SPIROMETRY,2025-07-30,20.0,False,Research-generated IncentiveRewards mock
MOCK00189,COPD_SPIROMETRY,2025-07-15,20.0,True,Research-generated IncentiveRewards mock
MOCK00201,COPD_SPIROMETRY,2025-07-01,20.0,False,Research-generated IncentiveRewards mock
MOCK00225,COPD_SPIROMETRY,2025-07-01,20.0,True,Research-generated IncentiveRewards mock
MOCK00237,COPD_SPIROMETRY,2025-07-12,20.0,False,Research-generated IncentiveRewards mock
MOCK00249,COPD_SPIROMETRY,2025-07-19,20.0,True,Research-generated IncentiveRewards mock
MOCK00267,COPD_SPIROMETRY,2025-07-22,20.0,True,Research-generated IncentiveRewards mock
MOCK00273,COPD_SPIROMETRY,2025-07-21,20.0,False,Research-generated IncentiveRewards mock
MOCK00279,COPD_SPIROMETRY,2025-08-05,20.0,True,Research-generated IncentiveRewards mock
MOCK00291,COPD_SPIROMETRY,2025-07-22,20.0,True,Research-generated IncentiveRewards mock
MOCK00315,COPD_SPIROMETRY,2025-08-02,20.0,False,Research-generated IncentiveRewards mock
MOCK00321,COPD_SPIROMETRY,2025-07-12,20.0,False,Research-generated IncentiveRewards mock
MOCK00327,COPD_SPIROMETRY,2025-07-06,20.0,True,Research-generated IncentiveRewards mock
MOCK00339,COPD_SPIROMETRY,2025-07-10,20.0,True,Research-generated IncentiveRewards mock
MOCK00345,COPD_SPIROMETRY,2025-07-22,20.0,False,Research-generated IncentiveRewards mock
MOCK00351,COPD_SPIROMETRY,2025-08-02,20.0,True,Research-generated IncentiveRewards mock
MOCK00369,COPD_SPIROMETRY,2025-07-12,20.0,False,Research-generated IncentiveRewards mock
MOCK00375,COPD_SPIROMETRY,2025-07-26,20.0,True,Research-generated IncentiveRewards mock
MOCK00381,COPD_SPIROMETRY,2025-07-12,20.0,True,Research-generated IncentiveRewards mock
MOCK00387,COPD_SPIROMETRY,2025-07-22,20.0,False,Research-generated IncentiveRewards mock
MOCK00423,COPD_SPIROMETRY,2025-07-14,20.0,True,Research-generated IncentiveRewards mock
MOCK00435,COPD_SPIROMETRY,2025-06-30,20.0,True,Research-generated IncentiveRewards mock
MOCK00441,COPD_SPIROMETRY,2025-08-03,20.0,False,Research-generated IncentiveRewards mock
MOCK00453,COPD_SPIROMETRY,2025-07-01,20.0,False,Research-generated IncentiveRewards mock
MOCK00465,COPD_SPIROMETRY,2025-08-02,20.0,True,Research-generated IncentiveRewards mock
MOCK00471,COPD_SPIROMETRY,2025-06-30,20.0,True,Research-generated IncentiveRewards mock
MOCK00495,COPD_SPIROMETRY,2025-07-28,20.0,True,Research-generated IncentiveRewards mock
MOCK00501,COPD_SPIROMETRY,2025-07-16,20.0,True,Research-generated IncentiveRewards mock
MOCK00543,COPD_SPIROMETRY,2025-07-11,20.0,False,Research-generated IncentiveRewards mock
MOCK00567,COPD_SPIROMETRY,2025-07-05,20.0,True,Research-generated IncentiveRewards mock
MOCK00579,COPD_SPIROMETRY,2025-07-18,20.0,True,Research-generated IncentiveRewards mock
MOCK00603,COPD_SPIROMETRY,2025-07-20,20.0,True,Research-generated IncentiveRewards mock
MOCK00609,COPD_SPIROMETRY,2025-07-07,20.0,True,Research-generated IncentiveRewards mock
MOCK00633,COPD_SPIROMETRY,2025-07-21,20.0,False,Research-generated IncentiveRewards mock
MOCK00651,COPD_SPIROMETRY,2025-07-20,20.0,True,Research-generated IncentiveRewards mock
MOCK00657,COPD_SPIROMETRY,2025-07-17,20.0,True,Research-generated IncentiveRewards mock
MOCK00669,COPD_SPIROMETRY,2025-07-10,20.0,True,Research-generated IncentiveRewards mock
MOCK00693,COPD_SPIROMETRY,2025-07-27,20.0,False,Research-generated IncentiveRewards mock
MOCK00747,COPD_SPIROMETRY,2025-08-02,20.0,False,Research-generated IncentiveRewards mock
MOCK00753,COPD_SPIROMETRY,2025-07-02,20.0,False,Research-generated IncentiveRewards mock
MOCK00765,COPD_SPIROMETRY,2025-07-04,20.0,False,Research-generated IncentiveRewards mock
MOCK00783,COPD_SPIROMETRY,2025-07-18,20.0,True,Research-generated IncentiveRewards mock
MOCK00789,COPD_SPIROMETRY,2025-07-25,20.0,True,Research-generated IncentiveRewards mock
MOCK00801,COPD_SPIROMETRY,2025-07-02,20.0,True,Research-generated IncentiveRewards mock
MOCK00837,COPD_SPIROMETRY,2025-08-04,20.0,False,Research-generated IncentiveRewards mock
MOCK00843,COPD_SPIROMETRY,2025-07-01,20.0,True,Research-generated IncentiveRewards mock
MOCK00849,COPD_SPIROMETRY,2025-08-03,20.0,True,Research-generated IncentiveRewards mock
MOCK00861,COPD_SPIROMETRY,2025-07-31,20.0,False,Research-generated IncentiveRewards mock
MOCK00867,COPD_SPIROMETRY,2025-07-16,20.0,False,Research-generated IncentiveRewards mock
MOCK00873,COPD_SPIROMETRY,2025-07-20,20.0,True,Research-generated IncentiveRewards mock
MOCK00879,COPD_SPIROMETRY,2025-07-14,20.0,False,Research-generated IncentiveRewards mock
MOCK00885,COPD_SPIROMETRY,2025-07-09,20.0,True,Research-generated IncentiveRewards mock
MOCK00897,COPD_SPIROMETRY,2025-07-19,20.0,True,Research-generated IncentiveRewards mock
MOCK00909,COPD_SPIROMETRY,2025-07-03,20.0,True,Research-generated IncentiveRewards mock
MOCK00921,COPD_SPIROMETRY,2025-07-25,20.0,False,Research-generated IncentiveRewards mock
MOCK00939,COPD_SPIROMETRY,2025-07-21,20.0,True,Research-generated IncentiveRewards mock
MOCK00951,COPD_SPIROMETRY,2025-07-20,20.0,True,Research-generated IncentiveRewards mock
MOCK00969,COPD_SPIROMETRY,2025-07-11,20.0,True,Research-generated IncentiveRewards mock
MOCK00975,COPD_SPIROMETRY,2025-07-24,20.0,False,Research-generated IncentiveRewards mock
MOCK00981,COPD_SPIROMETRY,2025-07-09,20.0,False,Research-generated IncentiveRewards mock
MOCK00993,COPD_SPIROMETRY,2025-07-24,20.0,False,Research-generated IncentiveRewards mock
MOCK01005,COPD_SPIROMETRY,2025-07-30,20.0,True,Research-generated IncentiveRewards mock
MOCK01017,COPD_SPIROMETRY,2025-07-02,20.0,True,Research-generated IncentiveRewards mock
MOCK01029,COPD_SPIROMETRY,2025-08-02,20.0,False,Research-generated IncentiveRewards mock
MOCK01035,COPD_SPIROMETRY,2025-07-11,20.0,True,Research-generated IncentiveRewards mock
MOCK01041,COPD_SPIROMETRY,2025-08-02,20.0,True,Research-generated IncentiveRewards mock
MOCK01053,COPD_SPIROMETRY,2025-07-13,20.0,False,Research-generated IncentiveRewards mock
MOCK01071,COPD_SPIROMETRY,2025-07-04,20.0,False,Research-generated IncentiveRewards mock
MOCK01077,COPD_SPIROMETRY,2025-07-15,20.0,True,Research-generated IncentiveRewards mock
MOCK01083,COPD_SPIROMETRY,2025-07-13,20.0,False,Research-generated IncentiveRewards mock
MOCK01089,COPD_SPIROMETRY,2025-07-06,20.0,False,Research-generated IncentiveRewards mock
MOCK01107,COPD_SPIROMETRY,2025-07-26,20.0,False,Research-generated IncentiveRewards mock
MOCK01113,COPD_SPIROMETRY,2025-07-03,20.0,False,Research-generated IncentiveRewards mock
MOCK01125,COPD_SPIROMETRY,2025-08-03,20.0,True,Research-generated IncentiveRewards mock
MOCK01143,COPD_SPIROMETRY,2025-07-16,20.0,False,Research-generated IncentiveRewards mock
MOCK01209,COPD_SPIROMETRY,2025-07-02,20.0,True,Research-generated IncentiveRewards mock
MOCK01221,COPD_SPIROMETRY,2025-07-21,20.0,True,Research-generated IncentiveRewards mock
MOCK01227,COPD_SPIROMETRY,2025-08-07,20.0,True,Research-generated IncentiveRewards mock
MOCK01233,COPD_SPIROMETRY,2025-07-12,20.0,False,Research-generated IncentiveRewards mock
MOCK01239,COPD_SPIROMETRY,2025-07-17,20.0,True,Research-generated IncentiveRewards mock
MOCK01251,COPD_SPIROMETRY,2025-07-17,20.0,True,Research-generated IncentiveRewards mock
MOCK01269,COPD_SPIROMETRY,2025-07-23,20.0,True,Research-generated IncentiveRewards mock
MOCK01275,COPD_SPIROMETRY,2025-07-12,20.0,False,Research-generated IncentiveRewards mock
MOCK01293,COPD_SPIROMETRY,2025-07-07,20.0,False,Research-generated IncentiveRewards mock
MOCK01299,COPD_SPIROMETRY,2025-07-01,20.0,True,Research-generated IncentiveRewards mock
MOCK01305,COPD_SPIROMETRY,2025-07-01,20.0,True,Research-generated IncentiveRewards mock
MOCK01311,COPD_SPIROMETRY,2025-08-03,20.0,True,Research-generated IncentiveRewards mock
MOCK01317,COPD_SPIROMETRY,2025-07-14,20.0,True,Research-generated IncentiveRewards mock
MOCK01329,COPD_SPIROMETRY,2025-08-03,20.0,False,Research-generated IncentiveRewards mock
MOCK01335,COPD_SPIROMETRY,2025-07-05,20.0,True,Research-generated IncentiveRewards mock
MOCK01353,COPD_SPIROMETRY,2025-07-26,20.0,True,Research-generated IncentiveRewards mock
MOCK01371,COPD_SPIROMETRY,2025-07-10,20.0,False,Research-generated IncentiveRewards mock
MOCK01377,COPD_SPIROMETRY,2025-07-12,20.0,True,Research-generated IncentiveRewards mock
MOCK01401,COPD_SPIROMETRY,2025-07-26,20.0,True,Research-generated IncentiveRewards mock
MOCK01413,COPD_SPIROMETRY,2025-07-21,20.0,True,Research-generated IncentiveRewards mock
MOCK01431,COPD_SPIROMETRY,2025-07-01,20.0,False,Research-generated IncentiveRewards mock
MOCK01437,COPD_SPIROMETRY,2025-07-01,20.0,True,Research-generated IncentiveRewards mock
MOCK01455,COPD_SPIROMETRY,2025-07-24,20.0,False,Research-generated IncentiveRewards mock
MOCK01467,COPD_SPIROMETRY,2025-07-11,20.0,False,Research-generated IncentiveRewards mock
MOCK01473,COPD_SPIROMETRY,2025-08-05,20.0,True,Research-generated IncentiveRewards mock
MOCK01479,COPD_SPIROMETRY,2025-07-07,20.0,False,Research-generated IncentiveRewards mock
MOCK01491,COPD_SPIROMETRY,2025-07-01,20.0,False,Research-generated IncentiveRewards mock
MOCK01503,COPD_SPIROMETRY,2025-07-03,20.0,True,Research-generated IncentiveRewards mock
MOCK01521,COPD_SPIROMETRY,2025-07-17,20.0,False,Research-generated IncentiveRewards mock
MOCK01527,COPD_SPIROMETRY,2025-07-18,20.0,True,Research-generated IncentiveRewards mock
MOCK01533,COPD_SPIROMETRY,2025-07-30,20.0,True,Research-generated IncentiveRewards mock
MOCK01539,COPD_SPIROMETRY,2025-07-13,20.0,False,Research-generated IncentiveRewards mock
MOCK01557,COPD_SPIROMETRY,2025-07-11,20.0,True,Research-generated IncentiveRewards mock
MOCK01575,COPD_SPIROMETRY,2025-07-03,20.0,True,Research-generated IncentiveRewards mock
MOCK01581,COPD_SPIROMETRY,2025-07-30,20.0,False,Research-generated IncentiveRewards mock
MOCK01587,COPD_SPIROMETRY,2025-07-02,20.0,True,Research-generated IncentiveRewards mock
MOCK01599,COPD_SPIROMETRY,2025-07-15,20.0,False,Research-generated IncentiveRewards mock
MOCK01611,COPD_SPIROMETRY,2025-07-18,20.0,True,Research-generated IncentiveRewards mock
MOCK01623,COPD_SPIROMETRY,2025-07-30,20.0,True,Research-generated IncentiveRewards mock
MOCK01635,COPD_SPIROMETRY,2025-07-31,20.0,False,Research-generated IncentiveRewards mock
MOCK01641,COPD_SPIROMETRY,2025-07-17,20.0,True,Research-generated IncentiveRewards mock
MOCK01647,COPD_SPIROMETRY,2025-07-19,20.0,False,Research-generated IncentiveRewards mock
MOCK01665,COPD_SPIROMETRY,2025-07-21,20.0,False,Research-generated IncentiveRewards mock
MOCK01695,COPD_SPIROMETRY,2025-07-26,20.0,False,Research-generated IncentiveRewards mock
MOCK01719,COPD_SPIROMETRY,2025-07-16,20.0,False,Research-generated IncentiveRewards mock
MOCK01731,COPD_SPIROMETRY,2025-07-06,20.0,False,Research-generated IncentiveRewards mock
MOCK01743,COPD_SPIROMETRY,2025-07-11,20.0,True,Research-generated IncentiveRewards mock
MOCK01749,COPD_SPIROMETRY,2025-07-22,20.0,True,Research-generated IncentiveRewards mock
MOCK01767,COPD_SPIROMETRY,2025-07-13,20.0,True,Research-generated IncentiveRewards mock
MOCK01797,COPD_SPIROMETRY,2025-07-21,20.0,False,Research-generated IncentiveRewards mock
MOCK01803,COPD_SPIROMETRY,2025-07-21,20.0,True,Research-generated IncentiveRewards mock
MOCK01815,COPD_SPIROMETRY,2025-07-07,20.0,False,Research-generated IncentiveRewards mock
MOCK01839,COPD_SPIROMETRY,2025-07-11,20.0,False,Research-generated IncentiveRewards mock
MOCK01857,COPD_SPIROMETRY,2025-07-08,20.0,True,Research-generated IncentiveRewards mock
MOCK01863,COPD_SPIROMETRY,2025-07-24,20.0,True,Research-generated IncentiveRewards mock
MOCK01869,COPD_SPIROMETRY,2025-07-19,20.0,True,Research-generated IncentiveRewards mock
MOCK01875,COPD_SPIROMETRY,2025-07-11,20.0,True,Research-generated IncentiveRewards mock
MOCK01893,COPD_SPIROMETRY,2025-06-30,20.0,False,Research-generated IncentiveRewards mock
MOCK01905,COPD_SPIROMETRY,2025-08-02,20.0,True,Research-generated IncentiveRewards mock
MOCK01911,COPD_SPIROMETRY,2025-07-20,20.0,False,Research-generated IncentiveRewards mock
MOCK01917,COPD_SPIROMETRY,2025-07-23,20.0,True,Research-generated IncentiveRewards mock
MOCK01947,COPD_SPIROMETRY,2025-07-09,20.0,True,Research-generated IncentiveRewards mock
MOCK01959,COPD_SPIROMETRY,2025-07-29,20.0,True,Research-generated IncentiveRewards mock
MOCK01965,COPD_SPIROMETRY,2025-07-29,20.0,True,Research-generated IncentiveRewards mock
MOCK01977,COPD_SPIROMETRY,2025-07-15,20.0,True,Research-generated IncentiveRewards mock
MOCK01983,COPD_SPIROMETRY,2025-07-16,20.0,False,Research-generated IncentiveRewards mock
MOCK01989,COPD_SPIROMETRY,2025-08-02,20.0,False,Research-generated IncentiveRewards mock
MOCK01995,COPD_SPIROMETRY,2025-08-04,20.0,True,Research-generated IncentiveRewards mock
MOCK02007,COPD_SPIROMETRY,2025-08-06,20.0,False,Research-generated IncentiveRewards mock
MOCK02031,COPD_SPIROMETRY,2025-07-23,20.0,False,Research-generated IncentiveRewards mock
MOCK02043,COPD_SPIROMETRY,2025-08-06,20.0,False,Research-generated IncentiveRewards mock
MOCK02049,COPD_SPIROMETRY,2025-07-28,20.0,False,Research-generated IncentiveRewards mock
MOCK02061,COPD_SPIROMETRY,2025-07-22,20.0,True,Research-generated IncentiveRewards mock
MOCK02073,COPD_SPIROMETRY,2025-07-19,20.0,False,Research-generated IncentiveRewards mock
MOCK02097,COPD_SPIROMETRY,2025-07-26,20.0,True,Research-generated IncentiveRewards mock
MOCK02103,COPD_SPIROMETRY,2025-07-18,20.0,False,Research-generated IncentiveRewards mock
MOCK02121,COPD_SPIROMETRY,2025-08-06,20.0,True,Research-generated IncentiveRewards mock
MOCK02127,COPD_SPIROMETRY,2025-07-23,20.0,True,Research-generated IncentiveRewards mock
MOCK02157,COPD_SPIROMETRY,2025-08-06,20.0,True,Research-generated IncentiveRewards mock
MOCK02163,COPD_SPIROMETRY,2025-07-17,20.0,True,Research-generated IncentiveRewards mock
MOCK02181,COPD_SPIROMETRY,2025-07-29,20.0,True,Research-generated IncentiveRewards mock
MOCK02193,COPD_SPIROMETRY,2025-07-23,20.0,True,Research-generated IncentiveRewards mock
MOCK02199,COPD_SPIROMETRY,2025-08-02,20.0,True,Research-generated IncentiveRewards mock
MOCK02211,COPD_SPIROMETRY,2025-07-02,20.0,True,Research-generated IncentiveRewards mock
MOCK02217,COPD_SPIROMETRY,2025-07-21,20.0,True,Research-generated IncentiveRewards mock
MOCK02229,COPD_SPIROMETRY,2025-07-29,20.0,True,Research-generated IncentiveRewards mock
MOCK02235,COPD_SPIROMETRY,2025-07-20,20.0,False,Research-generated IncentiveRewards mock
MOCK02247,COPD_SPIROMETRY,2025-07-23,20.0,True,Research-generated IncentiveRewards mock
MOCK02259,COPD_SPIROMETRY,2025-08-01,20.0,False,Research-generated IncentiveRewards mock
MOCK02265,COPD_SPIROMETRY,2025-07-04,20.0,False,Research-generated IncentiveRewards mock
MOCK02277,COPD_SPIROMETRY,2025-07-14,20.0,True,Research-generated IncentiveRewards mock
MOCK02301,COPD_SPIROMETRY,2025-07-16,20.0,False,Research-generated IncentiveRewards mock
MOCK02307,COPD_SPIROMETRY,2025-07-26,20.0,True,Research-generated IncentiveRewards mock
MOCK02337,COPD_SPIROMETRY,2025-08-01,20.0,True,Research-generated IncentiveRewards mock
MOCK02343,COPD_SPIROMETRY,2025-08-06,20.0,False,Research-generated IncentiveRewards mock
MOCK02361,COPD_SPIROMETRY,2025-07-01,20.0,True,Research-generated IncentiveRewards mock
MOCK02379,COPD_SPIROMETRY,2025-07-01,20.0,True,Research-generated IncentiveRewards mock
MOCK02385,COPD_SPIROMETRY,2025-07-18,20.0,False,Research-generated IncentiveRewards mock
MOCK02409,COPD_SPIROMETRY,2025-07-27,20.0,True,Research-generated IncentiveRewards mock
MOCK02433,COPD_SPIROMETRY,2025-07-08,20.0,True,Research-generated IncentiveRewards mock
MOCK02439,COPD_SPIROMETRY,2025-07-27,20.0,True,Research-generated IncentiveRewards mock
MOCK02451,COPD_SPIROMETRY,2025-07-31,20.0,False,Research-generated IncentiveRewards mock
MOCK02457,COPD_SPIROMETRY,2025-07-06,20.0,True,Research-generated IncentiveRewards mock
MOCK02469,COPD_SPIROMETRY,2025-07-11,20.0,False,Research-generated IncentiveRewards mock
MOCK02493,COPD_SPIROMETRY,2025-07-21,20.0,True,Research-generated IncentiveRewards mock
MOCK02517,COPD_SPIROMETRY,2025-07-08,20.0,True,Research-generated IncentiveRewards mock
MOCK02523,COPD_SPIROMETRY,2025-07-05,20.0,False,Research-generated IncentiveRewards mock
MOCK02535,COPD_SPIROMETRY,2025-07-25,20.0,False,Research-generated IncentiveRewards mock
MOCK02547,COPD_SPIROMETRY,2025-07-16,20.0,False,Research-generated IncentiveRewards mock
MOCK02553,COPD_SPIROMETRY,2025-07-18,20.0,False,Research-generated IncentiveRewards mock
MOCK02595,COPD_SPIROMETRY,2025-07-17,20.0,True,Research-generated IncentiveRewards mock
MOCK02601,COPD_SPIROMETRY,2025-08-02,20.0,True,Research-generated IncentiveRewards mock
MOCK02607,COPD_SPIROMETRY,2025-07-25,20.0,False,Research-generated IncentiveRewards mock
MOCK02619,COPD_SPIROMETRY,2025-07-10,20.0,True,Research-generated IncentiveRewards mock
MOCK02631,COPD_SPIROMETRY,2025-07-05,20.0,True,Research-generated IncentiveRewards mock
MOCK02661,COPD_SPIROMETRY,2025-07-31,20.0,True,Research-generated IncentiveRewards mock
MOCK02673,COPD_SPIROMETRY,2025-07-19,20.0,False,Research-generated IncentiveRewards mock
MOCK02685,COPD_SPIROMETRY,2025-08-05,20.0,True,Research-generated IncentiveRewards mock
MOCK02691,COPD_SPIROMETRY,2025-07-19,20.0,True,Research-generated IncentiveRewards mock
MOCK02697,COPD_SPIROMETRY,2025-07-24,20.0,True,Research-generated IncentiveRewards mock
MOCK02715,COPD_SPIROMETRY,2025-07-20,20.0,True,Research-generated IncentiveRewards mock
MOCK02721,COPD_SPIROMETRY,2025-07-27,20.0,True,Research-generated IncentiveRewards mock
MOCK02727,COPD_SPIROMETRY,2025-07-23,20.0,False,Research-generated IncentiveRewards mock
MOCK02745,COPD_SPIROMETRY,2025-08-04,20.0,True,Research-generated IncentiveRewards mock
MOCK02787,COPD_SPIROMETRY,2025-07-30,20.0,True,Research-generated IncentiveRewards mock
MOCK02793,COPD_SPIROMETRY,2025-08-02,20.0,True,Research-generated IncentiveRewards mock
MOCK02799,COPD_SPIROMETRY,2025-06-30,20.0,False,Research-generated IncentiveRewards mock
MOCK02805,COPD_SPIROMETRY,2025-07-18,20.0,True,Research-generated IncentiveRewards mock
MOCK02811,COPD_SPIROMETRY,2025-07-22,20.0,True,Research-generated IncentiveRewards mock
MOCK02829,COPD_SPIROMETRY,2025-07-11,20.0,False,Research-generated IncentiveRewards mock
MOCK02835,COPD_SPIROMETRY,2025-07-07,20.0,True,Research-generated IncentiveRewards mock
MOCK02853,COPD_SPIROMETRY,2025-07-05,20.0,False,Research-generated IncentiveRewards mock
MOCK02865,COPD_SPIROMETRY,2025-07-11,20.0,False,Research-generated IncentiveRewards mock
MOCK02871,COPD_SPIROMETRY,2025-08-03,20.0,False,Research-generated IncentiveRewards mock
MOCK02889,COPD_SPIROMETRY,2025-07-12,20.0,True,Research-generated IncentiveRewards mock
MOCK02907,COPD_SPIROMETRY,2025-07-05,20.0,False,Research-generated IncentiveRewards mock
MOCK02919,COPD_SPIROMETRY,2025-07-16,20.0,True,Research-generated IncentiveRewards mock
MOCK02931,COPD_SPIROMETRY,2025-07-28,20.0,True,Research-generated IncentiveRewards mock
MOCK02937,COPD_SPIROMETRY,2025-07-29,20.0,False,Research-generated IncentiveRewards mock
MOCK02943,COPD_SPIROMETRY,2025-07-06,20.0,True,Research-generated IncentiveRewards mock
MOCK02955,COPD_SPIROMETRY,2025-07-01,20.0,False,Research-generated IncentiveRewards mock
MOCK02967,COPD_SPIROMETRY,2025-07-24,20.0,True,Research-generated IncentiveRewards mock
MOCK02985,COPD_SPIROMETRY,2025-07-15,20.0,True,Research-generated IncentiveRewards mock
MOCK03009,COPD_SPIROMETRY,2025-08-04,20.0,False,Research-generated IncentiveRewards mock
MOCK03027,COPD_SPIROMETRY,2025-08-07,20.0,True,Research-generated IncentiveRewards mock
MOCK03039,COPD_SPIROMETRY,2025-07-04,20.0,True,Research-generated IncentiveRewards mock
MOCK03063,COPD_SPIROMETRY,2025-07-15,20.0,True,Research-generated IncentiveRewards mock
MOCK03069,COPD_SPIROMETRY,2025-07-11,20.0,False,Research-generated IncentiveRewards mock
MOCK03075,COPD_SPIROMETRY,2025-07-17,20.0,True,Research-generated IncentiveRewards mock
MOCK03087,COPD_SPIROMETRY,2025-07-02,20.0,False,Research-generated IncentiveRewards mock
MOCK03093,COPD_SPIROMETRY,2025-07-12,20.0,True,Research-generated IncentiveRewards mock
MOCK03099,COPD_SPIROMETRY,2025-07-08,20.0,False,Research-generated IncentiveRewards mock
MOCK03111,COPD_SPIROMETRY,2025-07-18,20.0,False,Research-generated IncentiveRewards mock
MOCK03123,COPD_SPIROMETRY,2025-07-10,20.0,True,Research-generated IncentiveRewards mock
MOCK03129,COPD_SPIROMETRY,2025-07-01,20.0,True,Research-generated IncentiveRewards mock
MOCK03135,COPD_SPIROMETRY,2025-07-18,20.0,False,Research-generated IncentiveRewards mock
MOCK03141,COPD_SPIROMETRY,2025-08-07,20.0,True,Research-generated IncentiveRewards mock
MOCK03153,COPD_SPIROMETRY,2025-08-02,20.0,False,Research-generated IncentiveRewards mock
MOCK03159,COPD_SPIROMETRY,2025-07-28,20.0,True,Research-generated IncentiveRewards mock
MOCK03165,COPD_SPIROMETRY,2025-08-03,20.0,False,Research-generated IncentiveRewards mock
MOCK03171,COPD_SPIROMETRY,2025-07-12,20.0,True,Research-generated IncentiveRewards mock
MOCK03177,COPD_SPIROMETRY,2025-08-06,20.0,True,Research-generated IncentiveRewards mock
MOCK03183,COPD_SPIROMETRY,2025-07-09,20.0,True,Research-generated IncentiveRewards mock
MOCK03189,COPD_SPIROMETRY,2025-07-17,20.0,False,Research-generated IncentiveRewards mock
MOCK03213,COPD_SPIROMETRY,2025-07-05,20.0,True,Research-generated IncentiveRewards mock
MOCK03237,COPD_SPIROMETRY,2025-07-08,20.0,False,Research-generated IncentiveRewards mock
MOCK03279,COPD_SPIROMETRY,2025-07-09,20.0,True,Research-generated IncentiveRewards mock
MOCK03285,COPD_SPIROMETRY,2025-07-09,20.0,True,Research-generated IncentiveRewards mock
MOCK03297,COPD_SPIROMETRY,2025-07-07,20.0,True,Research-generated IncentiveRewards mock
MOCK03303,COPD_SPIROMETRY,2025-07-09,20.0,True,Research-generated IncentiveRewards mock
MOCK03309,COPD_SPIROMETRY,2025-07-08,20.0,True,Research-generated IncentiveRewards mock
MOCK03315,COPD_SPIROMETRY,2025-07-13,20.0,True,Research-generated IncentiveRewards mock
MOCK03321,COPD_SPIROMETRY,2025-07-25,20.0,True,Research-generated IncentiveRewards mock
MOCK03333,COPD_SPIROMETRY,2025-07-12,20.0,False,Research-generated IncentiveRewards mock
MOCK03345,COPD_SPIROMETRY,2025-07-23,20.0,True,Research-generated IncentiveRewards mock
MOCK03369,COPD_SPIROMETRY,2025-07-23,20.0,False,Research-generated IncentiveRewards mock
MOCK03375,COPD_SPIROMETRY,2025-07-22,20.0,True,Research-generated IncentiveRewards mock
MOCK03393,COPD_SPIROMETRY,2025-07-14,20.0,True,Research-generated IncentiveRewards mock
MOCK03411,COPD_SPIROMETRY,2025-08-01,20.0,True,Research-generated IncentiveRewards mock
MOCK03423,COPD_SPIROMETRY,2025-07-11,20.0,False,Research-generated IncentiveRewards mock
MOCK03429,COPD_SPIROMETRY,2025-08-06,20.0,True,Research-generated IncentiveRewards mock
MOCK03465,COPD_SPIROMETRY,2025-07-17,20.0,True,Research-generated IncentiveRewards mock
MOCK03471,COPD_SPIROMETRY,2025-07-05,20.0,True,Research-generated IncentiveRewards mock
MOCK03477,COPD_SPIROMETRY,2025-08-01,20.0,True,Research-generated IncentiveRewards mock
MOCK03501,COPD_SPIROMETRY,2025-07-21,20.0,True,Research-generated IncentiveRewards mock
MOCK03507,COPD_SPIROMETRY,2025-07-30,20.0,False,Research-generated IncentiveRewards mock
MOCK03525,COPD_SPIROMETRY,2025-07-26,20.0,False,Research-generated IncentiveRewards mock
MOCK03549,COPD_SPIROMETRY,2025-07-07,20.0,False,Research-generated IncentiveRewards mock
MOCK03561,COPD_SPIROMETRY,2025-07-04,20.0,True,Research-generated IncentiveRewards mock
MOCK03567,COPD_SPIROMETRY,2025-07-29,20.0,True,Research-generated IncentiveRewards mock
MOCK03579,COPD_SPIROMETRY,2025-07-20,20.0,True,Research-generated IncentiveRewards mock
MOCK03585,COPD_SPIROMETRY,2025-07-23,20.0,True,Research-generated IncentiveRewards mock
MOCK03591,COPD_SPIROMETRY,2025-07-30,20.0,False,Research-generated IncentiveRewards mock
MOCK03597,COPD_SPIROMETRY,2025-07-16,20.0,True,Research-generated IncentiveRewards mock
MOCK03609,COPD_SPIROMETRY,2025-07-22,20.0,True,Research-generated IncentiveRewards mock
MOCK03627,COPD_SPIROMETRY,2025-07-22,20.0,True,Research-generated IncentiveRewards mock
MOCK03639,COPD_SPIROMETRY,2025-07-02,20.0,False,Research-generated IncentiveRewards mock
MOCK03645,COPD_SPIROMETRY,2025-07-08,20.0,True,Research-generated IncentiveRewards mock
MOCK03651,COPD_SPIROMETRY,2025-07-10,20.0,False,Research-generated IncentiveRewards mock
MOCK03657,COPD_SPIROMETRY,2025-07-31,20.0,True,Research-generated IncentiveRewards mock
MOCK03663,COPD_SPIROMETRY,2025-07-19,20.0,True,Research-generated IncentiveRewards mock
MOCK03669,COPD_SPIROMETRY,2025-07-20,20.0,True,Research-generated IncentiveRewards mock
MOCK03705,COPD_SPIROMETRY,2025-07-31,20.0,False,Research-generated IncentiveRewards mock
MOCK03717,COPD_SPIROMETRY,2025-07-06,20.0,False,Research-generated IncentiveRewards mock
MOCK03735,COPD_SPIROMETRY,2025-07-26,20.0,False,Research-generated IncentiveRewards mock
MOCK03759,COPD_SPIROMETRY,2025-07-09,20.0,True,Research-generated IncentiveRewards mock
MOCK03777,COPD_SPIROMETRY,2025-07-09,20.0,True,Research-generated IncentiveRewards mock
MOCK03789,COPD_SPIROMETRY,2025-08-02,20.0,True,Research-generated IncentiveRewards mock
MOCK03801,COPD_SPIROMETRY,2025-07-11,20.0,False,Research-generated IncentiveRewards mock
MOCK03807,COPD_SPIROMETRY,2025-08-05,20.0,False,Research-generated IncentiveRewards mock
MOCK03813,COPD_SPIROMETRY,2025-07-08,20.0,True,Research-generated IncentiveRewards mock
MOCK03831,COPD_SPIROMETRY,2025-07-21,20.0,False,Research-generated IncentiveRewards mock
MOCK03837,COPD_SPIROMETRY,2025-07-07,20.0,True,Research-generated IncentiveRewards mock
MOCK03849,COPD_SPIROMETRY,2025-07-12,20.0,True,Research-generated IncentiveRewards mock
MOCK03855,COPD_SPIROMETRY,2025-08-03,20.0,False,Research-generated IncentiveRewards mock
MOCK03867,COPD_SPIROMETRY,2025-07-19,20.0,True,Research-generated IncentiveRewards mock
MOCK03879,COPD_SPIROMETRY,2025-08-03,20.0,True,Research-generated IncentiveRewards mock
MOCK03897,COPD_SPIROMETRY,2025-08-03,20.0,True,Research-generated IncentiveRewards mock
MOCK03921,COPD_SPIROMETRY,2025-07-08,20.0,True,Research-generated IncentiveRewards mock
MOCK03927,COPD_SPIROMETRY,2025-08-04,20.0,True,Research-generated IncentiveRewards mock
MOCK03939,COPD_SPIROMETRY,2025-07-18,20.0,True,Research-generated IncentiveRewards mock
MOCK03945,COPD_SPIROMETRY,2025-08-03,20.0,False,Research-generated IncentiveRewards mock
MOCK03951,COPD_SPIROMETRY,2025-07-09,20.0,True,Research-generated IncentiveRewards mock
MOCK03963,COPD_SPIROMETRY,2025-07-15,20.0,False,Research-generated IncentiveRewards mock
MOCK03969,COPD_SPIROMETRY,2025-07-09,20.0,True,Research-generated IncentiveRewards mock
MOCK03981,COPD_SPIROMETRY,2025-07-16,20.0,False,Research-generated IncentiveRewards mock
MOCK03987,COPD_SPIROMETRY,2025-07-13,20.0,True,Research-generated IncentiveRewards mock
MOCK03999,COPD_SPIROMETRY,2025-07-13,20.0,False,Research-generated IncentiveRewards mock
MOCK04011,COPD_SPIROMETRY,2025-08-06,20.0,True,Research-generated IncentiveRewards mock
MOCK04029,COPD_SPIROMETRY,2025-07-22,20.0,False,Research-generated IncentiveRewards mock
MOCK04035,COPD_SPIROMETRY,2025-08-03,20.0,False,Research-generated IncentiveRewards mock
MOCK04047,COPD_SPIROMETRY,2025-08-01,20.0,False,Research-generated IncentiveRewards mock
MOCK04053,COPD_SPIROMETRY,2025-07-23,20.0,True,Research-generated IncentiveRewards mock
MOCK04077,COPD_SPIROMETRY,2025-07-13,20.0,True,Research-generated IncentiveRewards mock
MOCK04083,COPD_SPIROMETRY,2025-08-05,20.0,True,Research-generated IncentiveRewards mock
MOCK04095,COPD_SPIROMETRY,2025-07-30,20.0,False,Research-generated IncentiveRewards mock
MOCK04101,COPD_SPIROMETRY,2025-08-03,20.0,False,Research-generated IncentiveRewards mock
MOCK04107,COPD_SPIROMETRY,2025-07-14,20.0,False,Research-generated IncentiveRewards mock
MOCK04113,COPD_SPIROMETRY,2025-07-12,20.0,True,Research-generated IncentiveRewards mock
MOCK04125,COPD_SPIROMETRY,2025-07-22,20.0,True,Research-generated IncentiveRewards mock
MOCK04137,COPD_SPIROMETRY,2025-07-10,20.0,True,Research-generated IncentiveRewards mock
MOCK04143,COPD_SPIROMETRY,2025-08-03,20.0,False,Research-generated IncentiveRewards mock
MOCK04149,COPD_SPIROMETRY,2025-07-02,20.0,False,Research-generated IncentiveRewards mock
MOCK04173,COPD_SPIROMETRY,2025-07-06,20.0,True,Research-generated IncentiveRewards mock
MOCK04179,COPD_SPIROMETRY,2025-08-07,20.0,True,Research-generated IncentiveRewards mock
MOCK04191,COPD_SPIROMETRY,2025-07-28,20.0,True,Research-generated IncentiveRewards mock
MOCK04203,COPD_SPIROMETRY,2025-07-03,20.0,False,Research-generated IncentiveRewards mock
MOCK04209,COPD_SPIROMETRY,2025-07-07,20.0,True,Research-generated IncentiveRewards mock
MOCK04215,COPD_SPIROMETRY,2025-07-29,20.0,False,Research-generated IncentiveRewards mock
MOCK04221,COPD_SPIROMETRY,2025-07-03,20.0,False,Research-generated IncentiveRewards mock
MOCK04251,COPD_SPIROMETRY,2025-07-23,20.0,True,Research-generated IncentiveRewards mock
MOCK04263,COPD_SPIROMETRY,2025-07-13,20.0,False,Research-generated IncentiveRewards mock
MOCK04275,COPD_SPIROMETRY,2025-07-26,20.0,False,Research-generated IncentiveRewards mock
MOCK04323,COPD_SPIROMETRY,2025-07-09,20.0,False,Research-generated IncentiveRewards mock
MOCK04335,COPD_SPIROMETRY,2025-08-07,20.0,True,Research-generated IncentiveRewards mock
MOCK04353,COPD_SPIROMETRY,2025-07-11,20.0,False,Research-generated IncentiveRewards mock
MOCK04395,COPD_SPIROMETRY,2025-07-29,20.0,True,Research-generated IncentiveRewards mock
MOCK04401,COPD_SPIROMETRY,2025-08-03,20.0,False,Research-generated IncentiveRewards mock
MOCK04413,COPD_SPIROMETRY,2025-07-09,20.0,True,Research-generated IncentiveRewards mock
MOCK04419,COPD_SPIROMETRY,2025-07-16,20.0,True,Research-generated IncentiveRewards mock
MOCK04425,COPD_SPIROMETRY,2025-07-22,20.0,True,Research-generated IncentiveRewards mock
MOCK04431,COPD_SPIROMETRY,2025-08-07,20.0,True,Research-generated IncentiveRewards mock
MOCK04443,COPD_SPIROMETRY,2025-07-20,20.0,True,Research-generated IncentiveRewards mock
MOCK04449,COPD_SPIROMETRY,2025-07-02,20.0,False,Research-generated IncentiveRewards mock
MOCK04467,COPD_SPIROMETRY,2025-07-25,20.0,False,Research-generated IncentiveRewards mock
MOCK04479,COPD_SPIROMETRY,2025-07-09,20.0,True,Research-generated IncentiveRewards mock
MOCK04491,COPD_SPIROMETRY,2025-07-31,20.0,True,Research-generated IncentiveRewards mock
MOCK04497,COPD_SPIROMETRY,2025-07-17,20.0,True,Research-generated IncentiveRewards mock
MOCK04503,COPD_SPIROMETRY,2025-08-03,20.0,False,Research-generated IncentiveRewards mock
MOCK04515,COPD_SPIROMETRY,2025-07-27,20.0,False,Research-generated IncentiveRewards mock
MOCK04533,COPD_SPIROMETRY,2025-07-29,20.0,False,Research-generated IncentiveRewards mock
MOCK04545,COPD_SPIROMETRY,2025-08-07,20.0,True,Research-generated IncentiveRewards mock
MOCK04551,COPD_SPIROMETRY,2025-07-22,20.0,False,Research-generated IncentiveRewards mock
MOCK04557,COPD_SPIROMETRY,2025-07-29,20.0,True,Research-generated IncentiveRewards mock
MOCK04563,COPD_SPIROMETRY,2025-08-03,20.0,True,Research-generated IncentiveRewards mock
MOCK04569,COPD_SPIROMETRY,2025-08-02,20.0,False,Research-generated IncentiveRewards mock
MOCK04587,COPD_SPIROMETRY,2025-07-14,20.0,False,Research-generated IncentiveRewards mock
MOCK04593,COPD_SPIROMETRY,2025-07-28,20.0,False,Research-generated IncentiveRewards mock
MOCK04605,COPD_SPIROMETRY,2025-07-31,20.0,True,Research-generated IncentiveRewards mock
MOCK04623,COPD_SPIROMETRY,2025-07-22,20.0,True,Research-generated IncentiveRewards mock
MOCK04653,COPD_SPIROMETRY,2025-07-20,20.0,True,Research-generated IncentiveRewards mock
MOCK04665,COPD_SPIROMETRY,2025-08-02,20.0,True,Research-generated IncentiveRewards mock
MOCK04671,COPD_SPIROMETRY,2025-07-05,20.0,True,Research-generated IncentiveRewards mock
MOCK04683,COPD_SPIROMETRY,2025-07-28,20.0,True,Research-generated IncentiveRewards mock
MOCK04743,COPD_SPIROMETRY,2025-07-03,20.0,False,Research-generated IncentiveRewards mock
MOCK04749,COPD_SPIROMETRY,2025-07-29,20.0,True,Research-generated IncentiveRewards mock
MOCK04755,COPD_SPIROMETRY,2025-07-21,20.0,False,Research-generated IncentiveRewards mock
MOCK04761,COPD_SPIROMETRY,2025-08-05,20.0,False,Research-generated IncentiveRewards mock
MOCK04767,COPD_SPIROMETRY,2025-07-08,20.0,True,Research-generated IncentiveRewards mock
MOCK04815,COPD_SPIROMETRY,2025-07-28,20.0,True,Research-generated IncentiveRewards mock
MOCK04827,COPD_SPIROMETRY,2025-07-08,20.0,False,Research-generated IncentiveRewards mock
MOCK04833,COPD_SPIROMETRY,2025-07-09,20.0,True,Research-generated IncentiveRewards mock
MOCK04839,COPD_SPIROMETRY,2025-07-18,20.0,False,Research-generated IncentiveRewards mock
MOCK04857,COPD_SPIROMETRY,2025-07-31,20.0,True,Research-generated IncentiveRewards mock
MOCK04869,COPD_SPIROMETRY,2025-07-17,20.0,True,Research-generated IncentiveRewards mock
MOCK04875,COPD_SPIROMETRY,2025-07-25,20.0,False,Research-generated IncentiveRewards mock
MOCK04881,COPD_SPIROMETRY,2025-07-08,20.0,True,Research-generated IncentiveRewards mock
MOCK04887,COPD_SPIROMETRY,2025-07-18,20.0,False,Research-generated IncentiveRewards mock
MOCK04899,COPD_SPIROMETRY,2025-07-01,20.0,True,Research-generated IncentiveRewards mock
MOCK04905,COPD_SPIROMETRY,2025-08-02,20.0,True,Research-generated IncentiveRewards mock
MOCK04911,COPD_SPIROMETRY,2025-07-31,20.0,False,Research-generated IncentiveRewards mock
MOCK04947,COPD_SPIROMETRY,2025-07-07,20.0,True,Research-generated IncentiveRewards mock
MOCK04953,COPD_SPIROMETRY,2025-07-09,20.0,False,Research-generated IncentiveRewards mock
MOCK04965,COPD_SPIROMETRY,2025-08-03,20.0,False,Research-generated IncentiveRewards mock
MOCK04983,COPD_SPIROMETRY,2025-07-22,20.0,False,Research-generated IncentiveRewards mock
MOCK04995,COPD_SPIROMETRY,2025-08-02,20.0,True,Research-generated IncentiveRewards mock
MOCK05001,COPD_SPIROMETRY,2025-07-03,20.0,True,Research-generated IncentiveRewards mock
MOCK05019,COPD_SPIROMETRY,2025-07-29,20.0,False,Research-generated IncentiveRewards mock
MOCK05025,COPD_SPIROMETRY,2025-07-17,20.0,False,Research-generated IncentiveRewards mock
MOCK05031,COPD_SPIROMETRY,2025-07-06,20.0,True,Research-generated IncentiveRewards mock
MOCK05037,COPD_SPIROMETRY,2025-07-29,20.0,True,Research-generated IncentiveRewards mock
MOCK05043,COPD_SPIROMETRY,2025-07-24,20.0,False,Research-generated IncentiveRewards mock
MOCK05049,COPD_SPIROMETRY,2025-07-18,20.0,True,Research-generated IncentiveRewards mock
MOCK05121,COPD_SPIROMETRY,2025-08-07,20.0,False,Research-generated IncentiveRewards mock
MOCK05127,COPD_SPIROMETRY,2025-07-18,20.0,False,Research-generated IncentiveRewards mock
MOCK05133,COPD_SPIROMETRY,2025-07-12,20.0,False,Research-generated IncentiveRewards mock
MOCK05139,COPD_SPIROMETRY,2025-07-15,20.0,True,Research-generated IncentiveRewards mock
MOCK05145,COPD_SPIROMETRY,2025-07-03,20.0,True,Research-generated IncentiveRewards mock
MOCK05151,COPD_SPIROMETRY,2025-07-12,20.0,False,Research-generated IncentiveRewards mock
MOCK05157,COPD_SPIROMETRY,2025-07-09,20.0,True,Research-generated IncentiveRewards mock
MOCK05169,COPD_SPIROMETRY,2025-07-02,20.0,True,Research-generated IncentiveRewards mock
MOCK05175,COPD_SPIROMETRY,2025-07-16,20.0,True,Research-generated IncentiveRewards mock
MOCK05181,COPD_SPIROMETRY,2025-07-30,20.0,False,Research-generated IncentiveRewards mock
MOCK05187,COPD_SPIROMETRY,2025-08-01,20.0,True,Research-generated IncentiveRewards mock
MOCK05205,COPD_SPIROMETRY,2025-07-13,20.0,True,Research-generated IncentiveRewards mock
MOCK05217,COPD_SPIROMETRY,2025-07-25,20.0,True,Research-generated IncentiveRewards mock
MOCK05241,COPD_SPIROMETRY,2025-08-05,20.0,False,Research-generated IncentiveRewards mock
MOCK05265,COPD_SPIROMETRY,2025-07-26,20.0,False,Research-generated IncentiveRewards mock
MOCK05277,COPD_SPIROMETRY,2025-07-31,20.0,False,Research-generated IncentiveRewards mock
MOCK05283,COPD_SPIROMETRY,2025-07-18,20.0,True,Research-generated IncentiveRewards mock
MOCK05295,COPD_SPIROMETRY,2025-07-13,20.0,True,Research-generated IncentiveRewards mock
MOCK05301,COPD_SPIROMETRY,2025-07-19,20.0,False,Research-generated IncentiveRewards mock
MOCK05343,COPD_SPIROMETRY,2025-07-04,20.0,True,Research-generated IncentiveRewards mock
MOCK05349,COPD_SPIROMETRY,2025-08-06,20.0,True,Research-generated IncentiveRewards mock
MOCK05361,COPD_SPIROMETRY,2025-07-03,20.0,True,Research-generated IncentiveRewards mock
MOCK05367,COPD_SPIROMETRY,2025-07-19,20.0,True,Research-generated IncentiveRewards mock
MOCK05379,COPD_SPIROMETRY,2025-07-10,20.0,False,Research-generated IncentiveRewards mock
MOCK05385,COPD_SPIROMETRY,2025-08-05,20.0,True,Research-generated IncentiveRewards mock
MOCK05397,COPD_SPIROMETRY,2025-07-08,20.0,True,Research-generated IncentiveRewards mock
MOCK05409,COPD_SPIROMETRY,2025-07-20,20.0,True,Research-generated IncentiveRewards mock
MOCK05421,COPD_SPIROMETRY,2025-08-05,20.0,False,Research-generated IncentiveRewards mock
MOCK05433,COPD_SPIROMETRY,2025-08-06,20.0,True,Research-generated IncentiveRewards mock
MOCK05439,COPD_SPIROMETRY,2025-07-20,20.0,False,Research-generated IncentiveRewards mock
MOCK05451,COPD_SPIROMETRY,2025-08-05,20.0,True,Research-generated IncentiveRewards mock
MOCK05463,COPD_SPIROMETRY,2025-07-24,20.0,False,Research-generated IncentiveRewards mock
MOCK05469,COPD_SPIROMETRY,2025-07-27,20.0,False,Research-generated IncentiveRewards mock
MOCK05475,COPD_SPIROMETRY,2025-06-30,20.0,False,Research-generated IncentiveRewards mock
MOCK05487,COPD_SPIROMETRY,2025-07-26,20.0,True,Research-generated IncentiveRewards mock
MOCK05493,COPD_SPIROMETRY,2025-07-12,20.0,False,Research-generated IncentiveRewards mock
MOCK05505,COPD_SPIROMETRY,2025-06-30,20.0,True,Research-generated IncentiveRewards mock
MOCK05535,COPD_SPIROMETRY,2025-07-04,20.0,False,Research-generated IncentiveRewards mock
MOCK05553,COPD_SPIROMETRY,2025-07-25,20.0,True,Research-generated IncentiveRewards mock
MOCK05571,COPD_SPIROMETRY,2025-07-25,20.0,True,Research-generated IncentiveRewards mock
MOCK05577,COPD_SPIROMETRY,2025-07-16,20.0,True,Research-generated IncentiveRewards mock
MOCK05601,COPD_SPIROMETRY,2025-06-30,20.0,False,Research-generated IncentiveRewards mock
MOCK05607,COPD_SPIROMETRY,2025-07-10,20.0,False,Research-generated IncentiveRewards mock
MOCK05613,COPD_SPIROMETRY,2025-07-08,20.0,False,Research-generated IncentiveRewards mock
MOCK05619,COPD_SPIROMETRY,2025-07-02,20.0,True,Research-generated IncentiveRewards mock
MOCK05631,COPD_SPIROMETRY,2025-07-19,20.0,False,Research-generated IncentiveRewards mock
MOCK05637,COPD_SPIROMETRY,2025-07-06,20.0,True,Research-generated IncentiveRewards mock
MOCK05649,COPD_SPIROMETRY,2025-06-30,20.0,False,Research-generated IncentiveRewards mock
MOCK05655,COPD_SPIROMETRY,2025-07-01,20.0,True,Research-generated IncentiveRewards mock
MOCK05667,COPD_SPIROMETRY,2025-07-17,20.0,True,Research-generated IncentiveRewards mock
MOCK05679,COPD_SPIROMETRY,2025-07-30,20.0,True,Research-generated IncentiveRewards mock
MOCK05685,COPD_SPIROMETRY,2025-07-24,20.0,True,Research-generated IncentiveRewards mock
MOCK05697,COPD_SPIROMETRY,2025-08-05,20.0,False,Research-generated IncentiveRewards mock
MOCK05709,COPD_SPIROMETRY,2025-07-31,20.0,False,Research-generated IncentiveRewards mock
MOCK05721,COPD_SPIROMETRY,2025-07-22,20.0,True,Research-generated IncentiveRewards mock
MOCK05745,COPD_SPIROMETRY,2025-07-21,20.0,False,Research-generated IncentiveRewards mock
MOCK05763,COPD_SPIROMETRY,2025-07-28,20.0,True,Research-generated IncentiveRewards mock
MOCK05775,COPD_SPIROMETRY,2025-07-12,20.0,False,Research-generated IncentiveRewards mock
MOCK05781,COPD_SPIROMETRY,2025-07-15,20.0,True,Research-generated IncentiveRewards mock
MOCK05793,COPD_SPIROMETRY,2025-07-16,20.0,False,Research-generated IncentiveRewards mock
MOCK05799,COPD_SPIROMETRY,2025-07-03,20.0,False,Research-generated IncentiveRewards mock
MOCK05817,COPD_SPIROMETRY,2025-07-26,20.0,True,Research-generated IncentiveRewards mock
MOCK05823,COPD_SPIROMETRY,2025-07-31,20.0,False,Research-generated IncentiveRewards mock
MOCK05829,COPD_SPIROMETRY,2025-08-01,20.0,False,Research-generated IncentiveRewards mock
MOCK05865,COPD_SPIROMETRY,2025-07-20,20.0,True,Research-generated IncentiveRewards mock
MOCK05871,COPD_SPIROMETRY,2025-07-21,20.0,True,Research-generated IncentiveRewards mock
MOCK05877,COPD_SPIROMETRY,2025-07-01,20.0,True,Research-generated IncentiveRewards mock
MOCK05883,COPD_SPIROMETRY,2025-07-21,20.0,True,Research-generated IncentiveRewards mock
MOCK05889,COPD_SPIROMETRY,2025-07-28,20.0,True,Research-generated IncentiveRewards mock
MOCK05901,COPD_SPIROMETRY,2025-07-21,20.0,True,Research-generated IncentiveRewards mock
MOCK05907,COPD_SPIROMETRY,2025-07-11,20.0,True,Research-generated IncentiveRewards mock
MOCK05925,COPD_SPIROMETRY,2025-07-12,20.0,False,Research-generated IncentiveRewards mock
MOCK05943,COPD_SPIROMETRY,2025-07-24,20.0,False,Research-generated IncentiveRewards mock
MOCK05955,COPD_SPIROMETRY,2025-07-23,20.0,False,Research-generated IncentiveRewards mock
MOCK05961,COPD_SPIROMETRY,2025-07-18,20.0,True,Research-generated IncentiveRewards mock
MOCK05967,COPD_SPIROMETRY,2025-07-16,20.0,False,Research-generated IncentiveRewards mock
MOCK05973,COPD_SPIROMETRY,2025-07-24,20.0,False,Research-generated IncentiveRewards mock
MOCK05991,COPD_SPIROMETRY,2025-07-22,20.0,True,Research-generated IncentiveRewards mock
MOCK06003,COPD_SPIROMETRY,2025-07-11,20.0,True,Research-generated IncentiveRewards mock
MOCK06009,COPD_SPIROMETRY,2025-07-11,20.0,False,Research-generated IncentiveRewards mock
MOCK06021,COPD_SPIROMETRY,2025-07-17,20.0,False,Research-generated IncentiveRewards mock
MOCK06033,COPD_SPIROMETRY,2025-07-26,20.0,True,Research-generated IncentiveRewards mock
MOCK06045,COPD_SPIROMETRY,2025-07-01,20.0,True,Research-generated IncentiveRewards mock
MOCK06051,COPD_SPIROMETRY,2025-07-29,20.0,True,Research-generated IncentiveRewards mock
MOCK06069,COPD_SPIROMETRY,2025-07-11,20.0,True,Research-generated IncentiveRewards mock
MOCK06081,COPD_SPIROMETRY,2025-07-26,20.0,False,Research-generated IncentiveRewards mock
MOCK06087,COPD_SPIROMETRY,2025-08-02,20.0,True,Research-generated IncentiveRewards mock
MOCK06093,COPD_SPIROMETRY,2025-07-25,20.0,False,Research-generated IncentiveRewards mock
MOCK06123,COPD_SPIROMETRY,2025-07-01,20.0,True,Research-generated IncentiveRewards mock
MOCK06129,COPD_SPIROMETRY,2025-08-06,20.0,False,Research-generated IncentiveRewards mock
MOCK06135,COPD_SPIROMETRY,2025-08-03,20.0,False,Research-generated IncentiveRewards mock
MOCK06147,COPD_SPIROMETRY,2025-07-14,20.0,True,Research-generated IncentiveRewards mock
MOCK06171,COPD_SPIROMETRY,2025-07-20,20.0,True,Research-generated IncentiveRewards mock
MOCK06177,COPD_SPIROMETRY,2025-07-09,20.0,False,Research-generated IncentiveRewards mock
MOCK06213,COPD_SPIROMETRY,2025-07-10,20.0,False,Research-generated IncentiveRewards mock
MOCK06225,COPD_SPIROMETRY,2025-07-14,20.0,True,Research-generated IncentiveRewards mock
MOCK06237,COPD_SPIROMETRY,2025-07-15,20.0,False,Research-generated IncentiveRewards mock
MOCK06243,COPD_SPIROMETRY,2025-07-17,20.0,True,Research-generated IncentiveRewards mock
MOCK06249,COPD_SPIROMETRY,2025-07-23,20.0,True,Research-generated IncentiveRewards mock
MOCK06267,COPD_SPIROMETRY,2025-07-14,20.0,False,Research-generated IncentiveRewards mock
MOCK06273,COPD_SPIROMETRY,2025-07-31,20.0,False,Research-generated IncentiveRewards mock
MOCK06279,COPD_SPIROMETRY,2025-07-05,20.0,True,Research-generated IncentiveRewards mock
MOCK06285,COPD_SPIROMETRY,2025-07-17,20.0,True,Research-generated IncentiveRewards mock
MOCK06297,COPD_SPIROMETRY,2025-07-27,20.0,True,Research-generated IncentiveRewards mock
MOCK06315,COPD_SPIROMETRY,2025-06-30,20.0,False,Research-generated IncentiveRewards mock
MOCK06345,COPD_SPIROMETRY,2025-07-26,20.0,True,Research-generated IncentiveRewards mock
MOCK06351,COPD_SPIROMETRY,2025-06-30,20.0,False,Research-generated IncentiveRewards mock
MOCK06363,COPD_SPIROMETRY,2025-07-08,20.0,False,Research-generated IncentiveRewards mock
MOCK06381,COPD_SPIROMETRY,2025-07-12,20.0,False,Research-generated IncentiveRewards mock
MOCK06387,COPD_SPIROMETRY,2025-07-10,20.0,False,Research-generated IncentiveRewards mock
MOCK06393,COPD_SPIROMETRY,2025-07-21,20.0,True,Research-generated IncentiveRewards mock
MOCK06405,COPD_SPIROMETRY,2025-07-10,20.0,False,Research-generated IncentiveRewards mock
MOCK06411,COPD_SPIROMETRY,2025-07-06,20.0,False,Research-generated IncentiveRewards mock
MOCK06441,COPD_SPIROMETRY,2025-07-14,20.0,False,Research-generated IncentiveRewards mock
MOCK06459,COPD_SPIROMETRY,2025-07-06,20.0,True,Research-generated IncentiveRewards mock
MOCK06465,COPD_SPIROMETRY,2025-07-04,20.0,False,Research-generated IncentiveRewards mock
MOCK06471,COPD_SPIROMETRY,2025-07-31,20.0,False,Research-generated IncentiveRewards mock
MOCK06525,COPD_SPIROMETRY,2025-08-06,20.0,True,Research-generated IncentiveRewards mock
MOCK06543,COPD_SPIROMETRY,2025-07-31,20.0,False,Research-generated IncentiveRewards mock
MOCK06561,COPD_SPIROMETRY,2025-07-27,20.0,False,Research-generated IncentiveRewards mock
MOCK06573,COPD_SPIROMETRY,2025-08-04,20.0,False,Research-generated IncentiveRewards mock
MOCK06591,COPD_SPIROMETRY,2025-08-03,20.0,False,Research-generated IncentiveRewards mock
MOCK06597,COPD_SPIROMETRY,2025-07-18,20.0,True,Research-generated IncentiveRewards mock
MOCK06603,COPD_SPIROMETRY,2025-07-11,20.0,False,Research-generated IncentiveRewards mock
MOCK06609,COPD_SPIROMETRY,2025-08-07,20.0,True,Research-generated IncentiveRewards mock
MOCK06621,COPD_SPIROMETRY,2025-07-01,20.0,False,Research-generated IncentiveRewards mock
MOCK06633,COPD_SPIROMETRY,2025-08-07,20.0,False,Research-generated IncentiveRewards mock
MOCK06639,COPD_SPIROMETRY,2025-07-03,20.0,False,Research-generated IncentiveRewards mock
MOCK06675,COPD_SPIROMETRY,2025-07-19,20.0,True,Research-generated IncentiveRewards mock
MOCK06681,COPD_SPIROMETRY,2025-07-05,20.0,False,Research-generated IncentiveRewards mock
MOCK06693,COPD_SPIROMETRY,2025-07-25,20.0,False,Research-generated IncentiveRewards mock
MOCK06729,COPD_SPIROMETRY,2025-08-05,20.0,False,Research-generated IncentiveRewards mock
MOCK06747,COPD_SPIROMETRY,2025-07-28,20.0,True,Research-generated IncentiveRewards mock
MOCK06765,COPD_SPIROMETRY,2025-07-15,20.0,True,Research-generated IncentiveRewards mock
MOCK06783,COPD_SPIROMETRY,2025-07-21,20.0,False,Research-generated IncentiveRewards mock
MOCK06795,COPD_SPIROMETRY,2025-07-16,20.0,True,Research-generated IncentiveRewards mock
MOCK06801,COPD_SPIROMETRY,2025-07-05,20.0,False,Research-generated IncentiveRewards mock
MOCK06807,COPD_SPIROMETRY,2025-07-28,20.0,False,Research-generated IncentiveRewards mock
MOCK06819,COPD_SPIROMETRY,2025-07-29,20.0,False,Research-generated IncentiveRewards mock
MOCK06825,COPD_SPIROMETRY,2025-07-27,20.0,False,Research-generated IncentiveRewards mock
MOCK06837,COPD_SPIROMETRY,2025-07-20,20.0,False,Research-generated IncentiveRewards mock
MOCK06843,COPD_SPIROMETRY,2025-07-04,20.0,True,Research-generated IncentiveRewards mock
MOCK06849,COPD_SPIROMETRY,2025-07-14,20.0,True,Research-generated IncentiveRewards mock
MOCK06873,COPD_SPIROMETRY,2025-07-31,20.0,True,Research-generated IncentiveRewards mock
MOCK06891,COPD_SPIROMETRY,2025-07-20,20.0,False,Research-generated IncentiveRewards mock
MOCK06897,COPD_SPIROMETRY,2025-07-21,20.0,False,Research-generated IncentiveRewards mock
MOCK06903,COPD_SPIROMETRY,2025-07-27,20.0,False,Research-generated IncentiveRewards mock
MOCK06909,COPD_SPIROMETRY,2025-07-31,20.0,True,Research-generated IncentiveRewards mock
MOCK06915,COPD_SPIROMETRY,2025-07-06,20.0,False,Research-generated IncentiveRewards mock
MOCK06939,COPD_SPIROMETRY,2025-07-31,20.0,True,Research-generated IncentiveRewards mock
MOCK06963,COPD_SPIROMETRY,2025-07-21,20.0,False,Research-generated IncentiveRewards mock
MOCK06975,COPD_SPIROMETRY,2025-07-06,20.0,False,Research-generated IncentiveRewards mock
MOCK07017,COPD_SPIROMETRY,2025-07-25,20.0,True,Research-generated IncentiveRewards mock
MOCK07023,COPD_SPIROMETRY,2025-07-30,20.0,True,Research-generated IncentiveRewards mock
MOCK07047,COPD_SPIROMETRY,2025-08-02,20.0,True,Research-generated IncentiveRewards mock
MOCK07059,COPD_SPIROMETRY,2025-07-06,20.0,True,Research-generated IncentiveRewards mock
MOCK07065,COPD_SPIROMETRY,2025-07-13,20.0,False,Research-generated IncentiveRewards mock
MOCK07071,COPD_SPIROMETRY,2025-07-10,20.0,True,Research-generated IncentiveRewards mock
MOCK07077,COPD_SPIROMETRY,2025-08-04,20.0,True,Research-generated IncentiveRewards mock
MOCK07089,COPD_SPIROMETRY,2025-07-08,20.0,True,Research-generated IncentiveRewards mock
MOCK07095,COPD_SPIROMETRY,2025-07-12,20.0,True,Research-generated IncentiveRewards mock
MOCK07107,COPD_SPIROMETRY,2025-07-09,20.0,True,Research-generated IncentiveRewards mock
MOCK07113,COPD_SPIROMETRY,2025-07-20,20.0,True,Research-generated IncentiveRewards mock
MOCK07119,COPD_SPIROMETRY,2025-07-29,20.0,False,Research-generated IncentiveRewards mock
MOCK07125,COPD_SPIROMETRY,2025-08-01,20.0,True,Research-generated IncentiveRewards mock
MOCK07137,COPD_SPIROMETRY,2025-07-05,20.0,True,Research-generated IncentiveRewards mock
MOCK07143,COPD_SPIROMETRY,2025-07-03,20.0,True,Research-generated IncentiveRewards mock
MOCK07149,COPD_SPIROMETRY,2025-08-04,20.0,True,Research-generated IncentiveRewards mock
MOCK07155,COPD_SPIROMETRY,2025-07-25,20.0,True,Research-generated IncentiveRewards mock
MOCK07161,COPD_SPIROMETRY,2025-07-20,20.0,False,Research-generated IncentiveRewards mock
MOCK07167,COPD_SPIROMETRY,2025-07-30,20.0,False,Research-generated IncentiveRewards mock
MOCK07173,COPD_SPIROMETRY,2025-07-22,20.0,False,Research-generated IncentiveRewards mock
MOCK07179,COPD_SPIROMETRY,2025-07-09,20.0,True,Research-generated IncentiveRewards mock
MOCK07191,COPD_SPIROMETRY,2025-07-27,20.0,False,Research-generated IncentiveRewards mock
MOCK07197,COPD_SPIROMETRY,2025-07-01,20.0,True,Research-generated IncentiveRewards mock
MOCK07209,COPD_SPIROMETRY,2025-07-19,20.0,True,Research-generated IncentiveRewards mock
MOCK07221,COPD_SPIROMETRY,2025-07-10,20.0,True,Research-generated IncentiveRewards mock
MOCK07239,COPD_SPIROMETRY,2025-07-11,20.0,True,Research-generated IncentiveRewards mock
MOCK07245,COPD_SPIROMETRY,2025-07-25,20.0,True,Research-generated IncentiveRewards mock
MOCK07263,COPD_SPIROMETRY,2025-07-31,20.0,True,Research-generated IncentiveRewards mock
MOCK07275,COPD_SPIROMETRY,2025-07-14,20.0,False,Research-generated IncentiveRewards mock
MOCK07287,COPD_SPIROMETRY,2025-08-05,20.0,False,Research-generated IncentiveRewards mock
MOCK07299,COPD_SPIROMETRY,2025-07-31,20.0,False,Research-generated IncentiveRewards mock
MOCK07311,COPD_SPIROMETRY,2025-07-12,20.0,False,Research-generated IncentiveRewards mock
MOCK07353,COPD_SPIROMETRY,2025-07-08,20.0,False,Research-generated IncentiveRewards mock
MOCK07371,COPD_SPIROMETRY,2025-08-02,20.0,True,Research-generated IncentiveRewards mock
MOCK07377,COPD_SPIROMETRY,2025-08-03,20.0,False,Research-generated IncentiveRewards mock
MOCK07407,COPD_SPIROMETRY,2025-07-13,20.0,False,Research-generated IncentiveRewards mock
MOCK07467,COPD_SPIROMETRY,2025-07-07,20.0,True,Research-generated IncentiveRewards mock
MOCK07473,COPD_SPIROMETRY,2025-08-07,20.0,False,Research-generated IncentiveRewards mock
MOCK07503,COPD_SPIROMETRY,2025-07-02,20.0,True,Research-generated IncentiveRewards mock
MOCK07509,COPD_SPIROMETRY,2025-07-15,20.0,True,Research-generated IncentiveRewards mock
MOCK07527,COPD_SPIROMETRY,2025-07-20,20.0,False,Research-generated IncentiveRewards mock
MOCK07533,COPD_SPIROMETRY,2025-07-05,20.0,True,Research-generated IncentiveRewards mock
MOCK07539,COPD_SPIROMETRY,2025-07-05,20.0,True,Research-generated IncentiveRewards mock
MOCK07557,COPD_SPIROMETRY,2025-07-10,20.0,True,Research-generated IncentiveRewards mock
MOCK07563,COPD_SPIROMETRY,2025-08-05,20.0,True,Research-generated IncentiveRewards mock
MOCK07587,COPD_SPIROMETRY,2025-07-16,20.0,True,Research-generated IncentiveRewards mock
MOCK07593,COPD_SPIROMETRY,2025-07-19,20.0,True,Research-generated IncentiveRewards mock
MOCK07599,COPD_SPIROMETRY,2025-07-25,20.0,True,Research-generated IncentiveRewards mock
MOCK07611,COPD_SPIROMETRY,2025-07-07,20.0,True,Research-generated IncentiveRewards mock
MOCK07635,COPD_SPIROMETRY,2025-07-24,20.0,True,Research-generated IncentiveRewards mock
MOCK07641,COPD_SPIROMETRY,2025-08-06,20.0,False,Research-generated IncentiveRewards mock
MOCK07653,COPD_SPIROMETRY,2025-07-05,20.0,True,Research-generated IncentiveRewards mock
MOCK07665,COPD_SPIROMETRY,2025-07-20,20.0,True,Research-generated IncentiveRewards mock
MOCK07683,COPD_SPIROMETRY,2025-07-22,20.0,True,Research-generated IncentiveRewards mock
MOCK07707,COPD_SPIROMETRY,2025-08-04,20.0,False,Research-generated IncentiveRewards mock
MOCK07713,COPD_SPIROMETRY,2025-07-02,20.0,True,Research-generated IncentiveRewards mock
MOCK07725,COPD_SPIROMETRY,2025-07-05,20.0,False,Research-generated IncentiveRewards mock
MOCK07737,COPD_SPIROMETRY,2025-07-19,20.0,False,Research-generated IncentiveRewards mock
MOCK07749,COPD_SPIROMETRY,2025-07-25,20.0,False,Research-generated IncentiveRewards mock
MOCK07761,COPD_SPIROMETRY,2025-07-03,20.0,True,Research-generated IncentiveRewards mock
MOCK07767,COPD_SPIROMETRY,2025-07-23,20.0,False,Research-generated IncentiveRewards mock
MOCK07773,COPD_SPIROMETRY,2025-07-17,20.0,False,Research-generated IncentiveRewards mock
MOCK07785,COPD_SPIROMETRY,2025-07-22,20.0,False,Research-generated IncentiveRewards mock
MOCK07797,COPD_SPIROMETRY,2025-07-09,20.0,True,Research-generated IncentiveRewards mock
MOCK07815,COPD_SPIROMETRY,2025-07-08,20.0,False,Research-generated IncentiveRewards mock
MOCK07821,COPD_SPIROMETRY,2025-07-02,20.0,True,Research-generated IncentiveRewards mock
MOCK07827,COPD_SPIROMETRY,2025-07-16,20.0,True,Research-generated IncentiveRewards mock
MOCK07845,COPD_SPIROMETRY,2025-07-18,20.0,True,Research-generated IncentiveRewards mock
MOCK07893,COPD_SPIROMETRY,2025-07-16,20.0,True,Research-generated IncentiveRewards mock
MOCK07917,COPD_SPIROMETRY,2025-07-12,20.0,False,Research-generated IncentiveRewards mock
MOCK07929,COPD_SPIROMETRY,2025-07-09,20.0,True,Research-generated IncentiveRewards mock
MOCK07941,COPD_SPIROMETRY,2025-06-30,20.0,True,Research-generated IncentiveRewards mock
MOCK07953,COPD_SPIROMETRY,2025-07-03,20.0,False,Research-generated IncentiveRewards mock
MOCK07959,COPD_SPIROMETRY,2025-08-02,20.0,False,Research-generated IncentiveRewards mock
MOCK07965,COPD_SPIROMETRY,2025-07-17,20.0,False,Research-generated IncentiveRewards mock
MOCK07971,COPD_SPIROMETRY,2025-07-28,20.0,False,Research-generated IncentiveRewards mock
MOCK07977,COPD_SPIROMETRY,2025-07-13,20.0,False,Research-generated IncentiveRewards mock
MOCK08007,COPD_SPIROMETRY,2025-07-10,20.0,True,Research-generated IncentiveRewards mock
MOCK08025,COPD_SPIROMETRY,2025-08-02,20.0,True,Research-generated IncentiveRewards mock
MOCK08055,COPD_SPIROMETRY,2025-07-22,20.0,True,Research-generated IncentiveRewards mock
MOCK08067,COPD_SPIROMETRY,2025-07-02,20.0,False,Research-generated IncentiveRewards mock
MOCK08079,COPD_SPIROMETRY,2025-07-31,20.0,True,Research-generated IncentiveRewards mock
MOCK08097,COPD_SPIROMETRY,2025-07-06,20.0,False,Research-generated IncentiveRewards mock
MOCK08103,COPD_SPIROMETRY,2025-07-09,20.0,True,Research-generated IncentiveRewards mock
MOCK08109,COPD_SPIROMETRY,2025-07-23,20.0,False,Research-generated IncentiveRewards mock
MOCK08127,COPD_SPIROMETRY,2025-08-07,20.0,False,Research-generated IncentiveRewards mock
MOCK08157,COPD_SPIROMETRY,2025-07-01,20.0,True,Research-generated IncentiveRewards mock
MOCK08163,COPD_SPIROMETRY,2025-07-16,20.0,True,Research-generated IncentiveRewards mock
MOCK08169,COPD_SPIROMETRY,2025-07-22,20.0,False,Research-generated IncentiveRewards mock
MOCK08175,COPD_SPIROMETRY,2025-07-09,20.0,True,Research-generated IncentiveRewards mock
MOCK08193,COPD_SPIROMETRY,2025-07-09,20.0,True,Research-generated IncentiveRewards mock
MOCK08205,COPD_SPIROMETRY,2025-07-17,20.0,False,Research-generated IncentiveRewards mock
MOCK08211,COPD_SPIROMETRY,2025-08-06,20.0,True,Research-generated IncentiveRewards mock
MOCK08235,COPD_SPIROMETRY,2025-08-03,20.0,True,Research-generated IncentiveRewards mock
MOCK08241,COPD_SPIROMETRY,2025-07-08,20.0,False,Research-generated IncentiveRewards mock
MOCK08247,COPD_SPIROMETRY,2025-08-07,20.0,True,Research-generated IncentiveRewards mock
MOCK08259,COPD_SPIROMETRY,2025-07-16,20.0,True,Research-generated IncentiveRewards mock
MOCK08271,COPD_SPIROMETRY,2025-07-16,20.0,True,Research-generated IncentiveRewards mock
MOCK08283,COPD_SPIROMETRY,2025-07-28,20.0,False,Research-generated IncentiveRewards mock
MOCK08319,COPD_SPIROMETRY,2025-07-27,20.0,True,Research-generated IncentiveRewards mock
MOCK08349,COPD_SPIROMETRY,2025-08-04,20.0,True,Research-generated IncentiveRewards mock
MOCK08361,COPD_SPIROMETRY,2025-07-19,20.0,True,Research-generated IncentiveRewards mock
MOCK08367,COPD_SPIROMETRY,2025-07-07,20.0,True,Research-generated IncentiveRewards mock
MOCK08373,COPD_SPIROMETRY,2025-07-13,20.0,True,Research-generated IncentiveRewards mock
MOCK08385,COPD_SPIROMETRY,2025-07-24,20.0,True,Research-generated IncentiveRewards mock
MOCK08409,COPD_SPIROMETRY,2025-07-04,20.0,False,Research-generated IncentiveRewards mock
MOCK08421,COPD_SPIROMETRY,2025-07-15,20.0,True,Research-generated IncentiveRewards mock
MOCK08427,COPD_SPIROMETRY,2025-07-25,20.0,False,Research-generated IncentiveRewards mock
MOCK08439,COPD_SPIROMETRY,2025-08-01,20.0,False,Research-generated IncentiveRewards mock
MOCK08451,COPD_SPIROMETRY,2025-07-20,20.0,False,Research-generated IncentiveRewards mock
MOCK08463,COPD_SPIROMETRY,2025-07-01,20.0,True,Research-generated IncentiveRewards mock
MOCK08481,COPD_SPIROMETRY,2025-07-17,20.0,False,Research-generated IncentiveRewards mock
MOCK08493,COPD_SPIROMETRY,2025-07-29,20.0,False,Research-generated IncentiveRewards mock
MOCK08517,COPD_SPIROMETRY,2025-08-05,20.0,True,Research-generated IncentiveRewards mock
MOCK08541,COPD_SPIROMETRY,2025-07-10,20.0,True,Research-generated IncentiveRewards mock
MOCK08547,COPD_SPIROMETRY,2025-07-25,20.0,False,Research-generated IncentiveRewards mock
MOCK08595,COPD_SPIROMETRY,2025-07-17,20.0,True,Research-generated IncentiveRewards mock
MOCK08607,COPD_SPIROMETRY,2025-07-07,20.0,False,Research-generated IncentiveRewards mock
MOCK08631,COPD_SPIROMETRY,2025-07-19,20.0,False,Research-generated IncentiveRewards mock
MOCK08643,COPD_SPIROMETRY,2025-07-25,20.0,False,Research-generated IncentiveRewards mock
MOCK08649,COPD_SPIROMETRY,2025-08-01,20.0,False,Research-generated IncentiveRewards mock
MOCK08667,COPD_SPIROMETRY,2025-07-07,20.0,True,Research-generated IncentiveRewards mock
MOCK08679,COPD_SPIROMETRY,2025-07-12,20.0,False,Research-generated IncentiveRewards mock
MOCK08721,COPD_SPIROMETRY,2025-08-06,20.0,True,Research-generated IncentiveRewards mock
MOCK08727,COPD_SPIROMETRY,2025-07-28,20.0,True,Research-generated IncentiveRewards mock
MOCK08739,COPD_SPIROMETRY,2025-07-29,20.0,True,Research-generated IncentiveRewards mock
MOCK08751,COPD_SPIROMETRY,2025-07-17,20.0,True,Research-generated IncentiveRewards mock
MOCK08781,COPD_SPIROMETRY,2025-07-30,20.0,False,Research-generated IncentiveRewards mock
MOCK08793,COPD_SPIROMETRY,2025-07-10,20.0,True,Research-generated IncentiveRewards mock
MOCK08811,COPD_SPIROMETRY,2025-07-31,20.0,True,Research-generated IncentiveRewards mock
MOCK08817,COPD_SPIROMETRY,2025-08-04,20.0,False,Research-generated IncentiveRewards mock
MOCK08823,COPD_SPIROMETRY,2025-08-03,20.0,True,Research-generated IncentiveRewards mock
MOCK08829,COPD_SPIROMETRY,2025-07-07,20.0,True,Research-generated IncentiveRewards mock
MOCK08841,COPD_SPIROMETRY,2025-07-15,20.0,False,Research-generated IncentiveRewards mock
MOCK08871,COPD_SPIROMETRY,2025-08-07,20.0,False,Research-generated IncentiveRewards mock
MOCK08895,COPD_SPIROMETRY,2025-07-31,20.0,False,Research-generated IncentiveRewards mock
MOCK08901,COPD_SPIROMETRY,2025-07-15,20.0,False,Research-generated IncentiveRewards mock
MOCK08919,COPD_SPIROMETRY,2025-07-16,20.0,True,Research-generated IncentiveRewards mock
MOCK08931,COPD_SPIROMETRY,2025-07-02,20.0,True,Research-generated IncentiveRewards mock
MOCK08943,COPD_SPIROMETRY,2025-08-05,20.0,False,Research-generated IncentiveRewards mock
MOCK08949,COPD_SPIROMETRY,2025-07-17,20.0,False,Research-generated IncentiveRewards mock
MOCK08955,COPD_SPIROMETRY,2025-07-06,20.0,False,Research-generated IncentiveRewards mock
MOCK08961,COPD_SPIROMETRY,2025-07-14,20.0,True,Research-generated IncentiveRewards mock
MOCK08973,COPD_SPIROMETRY,2025-07-10,20.0,False,Research-generated IncentiveRewards mock
MOCK09003,COPD_SPIROMETRY,2025-07-18,20.0,True,Research-generated IncentiveRewards mock
MOCK09009,COPD_SPIROMETRY,2025-07-21,20.0,False,Research-generated IncentiveRewards mock
MOCK09051,COPD_SPIROMETRY,2025-07-05,20.0,True,Research-generated IncentiveRewards mock
MOCK09075,COPD_SPIROMETRY,2025-07-18,20.0,True,Research-generated IncentiveRewards mock
MOCK09081,COPD_SPIROMETRY,2025-07-03,20.0,True,Research-generated IncentiveRewards mock
MOCK09087,COPD_SPIROMETRY,2025-07-29,20.0,False,Research-generated IncentiveRewards mock
MOCK09093,COPD_SPIROMETRY,2025-07-29,20.0,False,Research-generated IncentiveRewards mock
MOCK09111,COPD_SPIROMETRY,2025-07-17,20.0,True,Research-generated IncentiveRewards mock
MOCK09123,COPD_SPIROMETRY,2025-07-05,20.0,True,Research-generated IncentiveRewards mock
MOCK09135,COPD_SPIROMETRY,2025-07-07,20.0,True,Research-generated IncentiveRewards mock
MOCK09165,COPD_SPIROMETRY,2025-07-24,20.0,False,Research-generated IncentiveRewards mock
MOCK09177,COPD_SPIROMETRY,2025-07-26,20.0,True,Research-generated IncentiveRewards mock
MOCK09207,COPD_SPIROMETRY,2025-07-22,20.0,True,Research-generated IncentiveRewards mock
MOCK09219,COPD_SPIROMETRY,2025-07-17,20.0,True,Research-generated IncentiveRewards mock
MOCK09255,COPD_SPIROMETRY,2025-07-26,20.0,False,Research-generated IncentiveRewards mock
MOCK09273,COPD_SPIROMETRY,2025-07-27,20.0,False,Research-generated IncentiveRewards mock
MOCK09279,COPD_SPIROMETRY,2025-07-01,20.0,True,Research-generated IncentiveRewards mock
MOCK09285,COPD_SPIROMETRY,2025-07-28,20.0,False,Research-generated IncentiveRewards mock
MOCK09309,COPD_SPIROMETRY,2025-07-20,20.0,False,Research-generated IncentiveRewards mock
MOCK09315,COPD_SPIROMETRY,2025-07-12,20.0,False,Research-generated IncentiveRewards mock
MOCK09327,COPD_SPIROMETRY,2025-07-24,20.0,True,Research-generated IncentiveRewards mock
MOCK09333,COPD_SPIROMETRY,2025-08-01,20.0,True,Research-generated IncentiveRewards mock
MOCK09339,COPD_SPIROMETRY,2025-08-03,20.0,False,Research-generated IncentiveRewards mock
MOCK09345,COPD_SPIROMETRY,2025-07-30,20.0,False,Research-generated IncentiveRewards mock
MOCK09351,COPD_SPIROMETRY,2025-07-23,20.0,True,Research-generated IncentiveRewards mock
MOCK09363,COPD_SPIROMETRY,2025-07-13,20.0,True,Research-generated IncentiveRewards mock
MOCK09369,COPD_SPIROMETRY,2025-07-29,20.0,True,Research-generated IncentiveRewards mock
MOCK09435,COPD_SPIROMETRY,2025-07-27,20.0,True,Research-generated IncentiveRewards mock
MOCK09441,COPD_SPIROMETRY,2025-08-06,20.0,False,Research-generated IncentiveRewards mock
MOCK09447,COPD_SPIROMETRY,2025-07-21,20.0,False,Research-generated IncentiveRewards mock
MOCK09453,COPD_SPIROMETRY,2025-07-31,20.0,False,Research-generated IncentiveRewards mock
MOCK09471,COPD_SPIROMETRY,2025-07-15,20.0,True,Research-generated IncentiveRewards mock
MOCK09477,COPD_SPIROMETRY,2025-07-15,20.0,True,Research-generated IncentiveRewards mock
MOCK09483,COPD_SPIROMETRY,2025-07-16,20.0,False,Research-generated IncentiveRewards mock
MOCK09495,COPD_SPIROMETRY,2025-07-23,20.0,False,Research-generated IncentiveRewards mock
MOCK09501,COPD_SPIROMETRY,2025-07-05,20.0,False,Research-generated IncentiveRewards mock
MOCK09507,COPD_SPIROMETRY,2025-07-01,20.0,True,Research-generated IncentiveRewards mock
MOCK09519,COPD_SPIROMETRY,2025-07-31,20.0,True,Research-generated IncentiveRewards mock
MOCK09549,COPD_SPIROMETRY,2025-08-04,20.0,True,Research-generated IncentiveRewards mock
MOCK09555,COPD_SPIROMETRY,2025-07-24,20.0,False,Research-generated IncentiveRewards mock
MOCK09567,COPD_SPIROMETRY,2025-07-30,20.0,False,Research-generated IncentiveRewards mock
MOCK09585,COPD_SPIROMETRY,2025-07-16,20.0,True,Research-generated IncentiveRewards mock
MOCK09591,COPD_SPIROMETRY,2025-07-05,20.0,False,Research-generated IncentiveRewards mock
MOCK09615,COPD_SPIROMETRY,2025-07-13,20.0,False,Research-generated IncentiveRewards mock
MOCK09627,COPD_SPIROMETRY,2025-07-04,20.0,False,Research-generated IncentiveRewards mock
MOCK09633,COPD_SPIROMETRY,2025-07-19,20.0,True,Research-generated IncentiveRewards mock
MOCK09651,COPD_SPIROMETRY,2025-07-29,20.0,False,Research-generated IncentiveRewards mock
MOCK09663,COPD_SPIROMETRY,2025-07-06,20.0,True,Research-generated IncentiveRewards mock
MOCK09669,COPD_SPIROMETRY,2025-07-31,20.0,False,Research-generated IncentiveRewards mock
MOCK09675,COPD_SPIROMETRY,2025-07-24,20.0,False,Research-generated IncentiveRewards mock
MOCK09687,COPD_SPIROMETRY,2025-06-30,20.0,False,Research-generated IncentiveRewards mock
MOCK09699,COPD_SPIROMETRY,2025-07-31,20.0,False,Research-generated IncentiveRewards mock
MOCK09711,COPD_SPIROMETRY,2025-07-02,20.0,False,Research-generated IncentiveRewards mock
MOCK09717,COPD_SPIROMETRY,2025-07-14,20.0,False,Research-generated IncentiveRewards mock
MOCK09741,COPD_SPIROMETRY,2025-07-09,20.0,False,Research-generated IncentiveRewards mock
MOCK09759,COPD_SPIROMETRY,2025-07-03,20.0,True,Research-generated IncentiveRewards mock
MOCK09813,COPD_SPIROMETRY,2025-07-20,20.0,True,Research-generated IncentiveRewards mock
MOCK09831,COPD_SPIROMETRY,2025-07-18,20.0,True,Research-generated IncentiveRewards mock
MOCK09861,COPD_SPIROMETRY,2025-06-30,20.0,True,Research-generated IncentiveRewards mock
MOCK09885,COPD_SPIROMETRY,2025-07-02,20.0,False,Research-generated IncentiveRewards mock
MOCK09891,COPD_SPIROMETRY,2025-07-26,20.0,False,Research-generated IncentiveRewards mock
MOCK09903,COPD_SPIROMETRY,2025-07-08,20.0,False,Research-generated IncentiveRewards mock
MOCK09909,COPD_SPIROMETRY,2025-07-08,20.0,False,Research-generated IncentiveRewards mock
MOCK09969,COPD_SPIROMETRY,2025-07-24,20.0,True,Research-generated IncentiveRewards mock
MOCK09975,COPD_SPIROMETRY,2025-07-01,20.0,False,Research-generated IncentiveRewards mock
MOCK00010,BH_POST_DISCHARGE_7D,2025-07-15,30.0,False,Research-generated IncentiveRewards mock
MOCK00028,BH_POST_DISCHARGE_7D,2025-07-17,30.0,True,Research-generated IncentiveRewards mock
MOCK00058,BH_POST_DISCHARGE_7D,2025-07-11,30.0,False,Research-generated IncentiveRewards mock
MOCK00082,BH_POST_DISCHARGE_7D,2025-07-27,30.0,False,Research-generated IncentiveRewards mock
MOCK00094,BH_POST_DISCHARGE_7D,2025-07-05,30.0,True,Research-generated IncentiveRewards mock
MOCK00100,BH_POST_DISCHARGE_7D,2025-07-21,30.0,True,Research-generated IncentiveRewards mock
MOCK00106,BH_POST_DISCHARGE_7D,2025-07-13,30.0,True,Research-generated IncentiveRewards mock
MOCK00124,BH_POST_DISCHARGE_7D,2025-08-07,30.0,False,Research-generated IncentiveRewards mock
MOCK00160,BH_POST_DISCHARGE_7D,2025-07-28,30.0,False,Research-generated IncentiveRewards mock
MOCK00166,BH_POST_DISCHARGE_7D,2025-07-30,30.0,False,Research-generated IncentiveRewards mock
MOCK00214,BH_POST_DISCHARGE_7D,2025-08-06,30.0,True,Research-generated IncentiveRewards mock
MOCK00232,BH_POST_DISCHARGE_7D,2025-07-04,30.0,True,Research-generated IncentiveRewards mock
MOCK00238,BH_POST_DISCHARGE_7D,2025-08-04,30.0,False,Research-generated IncentiveRewards mock
MOCK00256,BH_POST_DISCHARGE_7D,2025-07-02,30.0,True,Research-generated IncentiveRewards mock
MOCK00262,BH_POST_DISCHARGE_7D,2025-08-05,30.0,True,Research-generated IncentiveRewards mock
MOCK00268,BH_POST_DISCHARGE_7D,2025-07-19,30.0,False,Research-generated IncentiveRewards mock
MOCK00274,BH_POST_DISCHARGE_7D,2025-07-09,30.0,False,Research-generated IncentiveRewards mock
MOCK00298,BH_POST_DISCHARGE_7D,2025-08-07,30.0,True,Research-generated IncentiveRewards mock
MOCK00304,BH_POST_DISCHARGE_7D,2025-07-21,30.0,False,Research-generated IncentiveRewards mock
MOCK00310,BH_POST_DISCHARGE_7D,2025-07-23,30.0,False,Research-generated IncentiveRewards mock
MOCK00328,BH_POST_DISCHARGE_7D,2025-07-10,30.0,False,Research-generated IncentiveRewards mock
MOCK00340,BH_POST_DISCHARGE_7D,2025-07-20,30.0,False,Research-generated IncentiveRewards mock
MOCK00346,BH_POST_DISCHARGE_7D,2025-08-05,30.0,True,Research-generated IncentiveRewards mock
MOCK00358,BH_POST_DISCHARGE_7D,2025-07-03,30.0,True,Research-generated IncentiveRewards mock
MOCK00370,BH_POST_DISCHARGE_7D,2025-07-26,30.0,False,Research-generated IncentiveRewards mock
MOCK00382,BH_POST_DISCHARGE_7D,2025-08-03,30.0,False,Research-generated IncentiveRewards mock
MOCK00388,BH_POST_DISCHARGE_7D,2025-07-03,30.0,True,Research-generated IncentiveRewards mock
MOCK00394,BH_POST_DISCHARGE_7D,2025-07-26,30.0,True,Research-generated IncentiveRewards mock
MOCK00418,BH_POST_DISCHARGE_7D,2025-08-02,30.0,True,Research-generated IncentiveRewards mock
MOCK00424,BH_POST_DISCHARGE_7D,2025-07-04,30.0,False,Research-generated IncentiveRewards mock
MOCK00430,BH_POST_DISCHARGE_7D,2025-07-03,30.0,False,Research-generated IncentiveRewards mock
MOCK00442,BH_POST_DISCHARGE_7D,2025-07-01,30.0,False,Research-generated IncentiveRewards mock
MOCK00448,BH_POST_DISCHARGE_7D,2025-07-29,30.0,False,Research-generated IncentiveRewards mock
MOCK00466,BH_POST_DISCHARGE_7D,2025-07-08,30.0,False,Research-generated IncentiveRewards mock
MOCK00472,BH_POST_DISCHARGE_7D,2025-07-07,30.0,True,Research-generated IncentiveRewards mock
MOCK00478,BH_POST_DISCHARGE_7D,2025-07-26,30.0,False,Research-generated IncentiveRewards mock
MOCK00490,BH_POST_DISCHARGE_7D,2025-07-20,30.0,False,Research-generated IncentiveRewards mock
MOCK00502,BH_POST_DISCHARGE_7D,2025-07-29,30.0,False,Research-generated IncentiveRewards mock
MOCK00520,BH_POST_DISCHARGE_7D,2025-07-27,30.0,True,Research-generated IncentiveRewards mock
MOCK00532,BH_POST_DISCHARGE_7D,2025-07-13,30.0,True,Research-generated IncentiveRewards mock
MOCK00556,BH_POST_DISCHARGE_7D,2025-07-04,30.0,True,Research-generated IncentiveRewards mock
MOCK00562,BH_POST_DISCHARGE_7D,2025-07-21,30.0,True,Research-generated IncentiveRewards mock
MOCK00628,BH_POST_DISCHARGE_7D,2025-07-26,30.0,True,Research-generated IncentiveRewards mock
MOCK00646,BH_POST_DISCHARGE_7D,2025-07-11,30.0,True,Research-generated IncentiveRewards mock
MOCK00658,BH_POST_DISCHARGE_7D,2025-07-29,30.0,True,Research-generated IncentiveRewards mock
MOCK00670,BH_POST_DISCHARGE_7D,2025-07-19,30.0,True,Research-generated IncentiveRewards mock
MOCK00694,BH_POST_DISCHARGE_7D,2025-07-22,30.0,True,Research-generated IncentiveRewards mock
MOCK00706,BH_POST_DISCHARGE_7D,2025-07-27,30.0,False,Research-generated IncentiveRewards mock
MOCK00712,BH_POST_DISCHARGE_7D,2025-07-23,30.0,False,Research-generated IncentiveRewards mock
MOCK00718,BH_POST_DISCHARGE_7D,2025-08-03,30.0,True,Research-generated IncentiveRewards mock
MOCK00730,BH_POST_DISCHARGE_7D,2025-08-06,30.0,True,Research-generated IncentiveRewards mock
MOCK00748,BH_POST_DISCHARGE_7D,2025-07-09,30.0,True,Research-generated IncentiveRewards mock
MOCK00760,BH_POST_DISCHARGE_7D,2025-08-07,30.0,False,Research-generated IncentiveRewards mock
MOCK00766,BH_POST_DISCHARGE_7D,2025-07-26,30.0,False,Research-generated IncentiveRewards mock
MOCK00772,BH_POST_DISCHARGE_7D,2025-07-01,30.0,True,Research-generated IncentiveRewards mock
MOCK00802,BH_POST_DISCHARGE_7D,2025-07-27,30.0,True,Research-generated IncentiveRewards mock
MOCK00820,BH_POST_DISCHARGE_7D,2025-07-06,30.0,False,Research-generated IncentiveRewards mock
MOCK00832,BH_POST_DISCHARGE_7D,2025-07-14,30.0,True,Research-generated IncentiveRewards mock
MOCK00838,BH_POST_DISCHARGE_7D,2025-07-31,30.0,False,Research-generated IncentiveRewards mock
MOCK00844,BH_POST_DISCHARGE_7D,2025-08-02,30.0,False,Research-generated IncentiveRewards mock
MOCK00850,BH_POST_DISCHARGE_7D,2025-07-17,30.0,False,Research-generated IncentiveRewards mock
MOCK00874,BH_POST_DISCHARGE_7D,2025-07-24,30.0,True,Research-generated IncentiveRewards mock
MOCK00922,BH_POST_DISCHARGE_7D,2025-07-20,30.0,True,Research-generated IncentiveRewards mock
MOCK00940,BH_POST_DISCHARGE_7D,2025-07-10,30.0,True,Research-generated IncentiveRewards mock
MOCK00946,BH_POST_DISCHARGE_7D,2025-07-17,30.0,False,Research-generated IncentiveRewards mock
MOCK00958,BH_POST_DISCHARGE_7D,2025-07-12,30.0,True,Research-generated IncentiveRewards mock
MOCK00964,BH_POST_DISCHARGE_7D,2025-06-30,30.0,True,Research-generated IncentiveRewards mock
MOCK00976,BH_POST_DISCHARGE_7D,2025-07-07,30.0,False,Research-generated IncentiveRewards mock
MOCK00982,BH_POST_DISCHARGE_7D,2025-07-23,30.0,True,Research-generated IncentiveRewards mock
MOCK00988,BH_POST_DISCHARGE_7D,2025-07-31,30.0,False,Research-generated IncentiveRewards mock
MOCK00994,BH_POST_DISCHARGE_7D,2025-07-10,30.0,False,Research-generated IncentiveRewards mock
MOCK01000,BH_POST_DISCHARGE_7D,2025-07-13,30.0,True,Research-generated IncentiveRewards mock
MOCK01012,BH_POST_DISCHARGE_7D,2025-07-05,30.0,True,Research-generated IncentiveRewards mock
MOCK01018,BH_POST_DISCHARGE_7D,2025-07-05,30.0,True,Research-generated IncentiveRewards mock
MOCK01030,BH_POST_DISCHARGE_7D,2025-07-17,30.0,False,Research-generated IncentiveRewards mock
MOCK01036,BH_POST_DISCHARGE_7D,2025-07-20,30.0,True,Research-generated IncentiveRewards mock
MOCK01042,BH_POST_DISCHARGE_7D,2025-06-30,30.0,False,Research-generated IncentiveRewards mock
MOCK01048,BH_POST_DISCHARGE_7D,2025-08-02,30.0,False,Research-generated IncentiveRewards mock
MOCK01054,BH_POST_DISCHARGE_7D,2025-07-26,30.0,True,Research-generated IncentiveRewards mock
MOCK01060,BH_POST_DISCHARGE_7D,2025-07-02,30.0,False,Research-generated IncentiveRewards mock
MOCK01084,BH_POST_DISCHARGE_7D,2025-07-18,30.0,True,Research-generated IncentiveRewards mock
MOCK01102,BH_POST_DISCHARGE_7D,2025-08-05,30.0,True,Research-generated IncentiveRewards mock
MOCK01120,BH_POST_DISCHARGE_7D,2025-08-06,30.0,False,Research-generated IncentiveRewards mock
MOCK01132,BH_POST_DISCHARGE_7D,2025-08-03,30.0,True,Research-generated IncentiveRewards mock
MOCK01144,BH_POST_DISCHARGE_7D,2025-07-11,30.0,True,Research-generated IncentiveRewards mock
MOCK01150,BH_POST_DISCHARGE_7D,2025-07-19,30.0,False,Research-generated IncentiveRewards mock
MOCK01168,BH_POST_DISCHARGE_7D,2025-07-26,30.0,False,Research-generated IncentiveRewards mock
MOCK01210,BH_POST_DISCHARGE_7D,2025-07-21,30.0,True,Research-generated IncentiveRewards mock
MOCK01222,BH_POST_DISCHARGE_7D,2025-07-01,30.0,False,Research-generated IncentiveRewards mock
MOCK01228,BH_POST_DISCHARGE_7D,2025-07-29,30.0,False,Research-generated IncentiveRewards mock
MOCK01234,BH_POST_DISCHARGE_7D,2025-07-19,30.0,True,Research-generated IncentiveRewards mock
MOCK01240,BH_POST_DISCHARGE_7D,2025-08-07,30.0,True,Research-generated IncentiveRewards mock
MOCK01270,BH_POST_DISCHARGE_7D,2025-07-27,30.0,True,Research-generated IncentiveRewards mock
MOCK01282,BH_POST_DISCHARGE_7D,2025-07-03,30.0,False,Research-generated IncentiveRewards mock
MOCK01288,BH_POST_DISCHARGE_7D,2025-07-08,30.0,True,Research-generated IncentiveRewards mock
MOCK01306,BH_POST_DISCHARGE_7D,2025-07-19,30.0,False,Research-generated IncentiveRewards mock
MOCK01312,BH_POST_DISCHARGE_7D,2025-07-15,30.0,True,Research-generated IncentiveRewards mock
MOCK01318,BH_POST_DISCHARGE_7D,2025-08-05,30.0,False,Research-generated IncentiveRewards mock
MOCK01330,BH_POST_DISCHARGE_7D,2025-08-03,30.0,True,Research-generated IncentiveRewards mock
MOCK01336,BH_POST_DISCHARGE_7D,2025-07-11,30.0,True,Research-generated IncentiveRewards mock
MOCK01354,BH_POST_DISCHARGE_7D,2025-08-06,30.0,True,Research-generated IncentiveRewards mock
MOCK01366,BH_POST_DISCHARGE_7D,2025-08-07,30.0,True,Research-generated IncentiveRewards mock
MOCK01372,BH_POST_DISCHARGE_7D,2025-07-13,30.0,False,Research-generated IncentiveRewards mock
MOCK01384,BH_POST_DISCHARGE_7D,2025-07-24,30.0,False,Research-generated IncentiveRewards mock
MOCK01390,BH_POST_DISCHARGE_7D,2025-07-30,30.0,False,Research-generated IncentiveRewards mock
MOCK01420,BH_POST_DISCHARGE_7D,2025-07-06,30.0,True,Research-generated IncentiveRewards mock
MOCK01432,BH_POST_DISCHARGE_7D,2025-08-04,30.0,True,Research-generated IncentiveRewards mock
MOCK01444,BH_POST_DISCHARGE_7D,2025-07-08,30.0,True,Research-generated IncentiveRewards mock
MOCK01450,BH_POST_DISCHARGE_7D,2025-07-22,30.0,True,Research-generated IncentiveRewards mock
MOCK01456,BH_POST_DISCHARGE_7D,2025-08-07,30.0,False,Research-generated IncentiveRewards mock
MOCK01468,BH_POST_DISCHARGE_7D,2025-07-23,30.0,True,Research-generated IncentiveRewards mock
MOCK01492,BH_POST_DISCHARGE_7D,2025-07-02,30.0,True,Research-generated IncentiveRewards mock
MOCK01498,BH_POST_DISCHARGE_7D,2025-07-07,30.0,True,Research-generated IncentiveRewards mock
MOCK01516,BH_POST_DISCHARGE_7D,2025-07-23,30.0,False,Research-generated IncentiveRewards mock
MOCK01528,BH_POST_DISCHARGE_7D,2025-07-31,30.0,True,Research-generated IncentiveRewards mock
MOCK01534,BH_POST_DISCHARGE_7D,2025-07-16,30.0,False,Research-generated IncentiveRewards mock
MOCK01540,BH_POST_DISCHARGE_7D,2025-07-15,30.0,False,Research-generated IncentiveRewards mock
MOCK01546,BH_POST_DISCHARGE_7D,2025-07-08,30.0,False,Research-generated IncentiveRewards mock
MOCK01552,BH_POST_DISCHARGE_7D,2025-07-17,30.0,True,Research-generated IncentiveRewards mock
MOCK01564,BH_POST_DISCHARGE_7D,2025-07-22,30.0,True,Research-generated IncentiveRewards mock
MOCK01588,BH_POST_DISCHARGE_7D,2025-07-26,30.0,True,Research-generated IncentiveRewards mock
MOCK01600,BH_POST_DISCHARGE_7D,2025-07-18,30.0,False,Research-generated IncentiveRewards mock
MOCK01612,BH_POST_DISCHARGE_7D,2025-07-27,30.0,True,Research-generated IncentiveRewards mock
MOCK01624,BH_POST_DISCHARGE_7D,2025-08-07,30.0,True,Research-generated IncentiveRewards mock
MOCK01636,BH_POST_DISCHARGE_7D,2025-07-13,30.0,False,Research-generated IncentiveRewards mock
MOCK01642,BH_POST_DISCHARGE_7D,2025-07-28,30.0,False,Research-generated IncentiveRewards mock
MOCK01654,BH_POST_DISCHARGE_7D,2025-07-07,30.0,True,Research-generated IncentiveRewards mock
MOCK01696,BH_POST_DISCHARGE_7D,2025-08-05,30.0,True,Research-generated IncentiveRewards mock
MOCK01714,BH_POST_DISCHARGE_7D,2025-07-01,30.0,False,Research-generated IncentiveRewards mock
MOCK01720,BH_POST_DISCHARGE_7D,2025-07-20,30.0,True,Research-generated IncentiveRewards mock
MOCK01726,BH_POST_DISCHARGE_7D,2025-08-03,30.0,True,Research-generated IncentiveRewards mock
MOCK01738,BH_POST_DISCHARGE_7D,2025-07-09,30.0,True,Research-generated IncentiveRewards mock
MOCK01762,BH_POST_DISCHARGE_7D,2025-07-10,30.0,False,Research-generated IncentiveRewards mock
MOCK01780,BH_POST_DISCHARGE_7D,2025-07-24,30.0,True,Research-generated IncentiveRewards mock
MOCK01786,BH_POST_DISCHARGE_7D,2025-07-17,30.0,True,Research-generated IncentiveRewards mock
MOCK01792,BH_POST_DISCHARGE_7D,2025-08-05,30.0,True,Research-generated IncentiveRewards mock
MOCK01804,BH_POST_DISCHARGE_7D,2025-07-30,30.0,False,Research-generated IncentiveRewards mock
MOCK01810,BH_POST_DISCHARGE_7D,2025-06-30,30.0,True,Research-generated IncentiveRewards mock
MOCK01816,BH_POST_DISCHARGE_7D,2025-08-02,30.0,True,Research-generated IncentiveRewards mock
MOCK01822,BH_POST_DISCHARGE_7D,2025-07-29,30.0,True,Research-generated IncentiveRewards mock
MOCK01828,BH_POST_DISCHARGE_7D,2025-07-15,30.0,True,Research-generated IncentiveRewards mock
MOCK01852,BH_POST_DISCHARGE_7D,2025-07-21,30.0,True,Research-generated IncentiveRewards mock
MOCK01882,BH_POST_DISCHARGE_7D,2025-07-31,30.0,True,Research-generated IncentiveRewards mock
MOCK01900,BH_POST_DISCHARGE_7D,2025-07-21,30.0,False,Research-generated IncentiveRewards mock
MOCK01912,BH_POST_DISCHARGE_7D,2025-07-02,30.0,False,Research-generated IncentiveRewards mock
MOCK01918,BH_POST_DISCHARGE_7D,2025-06-30,30.0,True,Research-generated IncentiveRewards mock
MOCK01948,BH_POST_DISCHARGE_7D,2025-08-04,30.0,False,Research-generated IncentiveRewards mock
MOCK01966,BH_POST_DISCHARGE_7D,2025-07-25,30.0,False,Research-generated IncentiveRewards mock
MOCK01984,BH_POST_DISCHARGE_7D,2025-07-02,30.0,False,Research-generated IncentiveRewards mock
MOCK02026,BH_POST_DISCHARGE_7D,2025-07-10,30.0,False,Research-generated IncentiveRewards mock
MOCK02086,BH_POST_DISCHARGE_7D,2025-06-30,30.0,False,Research-generated IncentiveRewards mock
MOCK02092,BH_POST_DISCHARGE_7D,2025-07-04,30.0,True,Research-generated IncentiveRewards mock
MOCK02104,BH_POST_DISCHARGE_7D,2025-07-22,30.0,False,Research-generated IncentiveRewards mock
MOCK02110,BH_POST_DISCHARGE_7D,2025-07-03,30.0,True,Research-generated IncentiveRewards mock
MOCK02116,BH_POST_DISCHARGE_7D,2025-07-09,30.0,False,Research-generated IncentiveRewards mock
MOCK02152,BH_POST_DISCHARGE_7D,2025-07-29,30.0,True,Research-generated IncentiveRewards mock
MOCK02158,BH_POST_DISCHARGE_7D,2025-07-17,30.0,False,Research-generated IncentiveRewards mock
MOCK02164,BH_POST_DISCHARGE_7D,2025-08-03,30.0,True,Research-generated IncentiveRewards mock
MOCK02170,BH_POST_DISCHARGE_7D,2025-07-28,30.0,False,Research-generated IncentiveRewards mock
MOCK02182,BH_POST_DISCHARGE_7D,2025-07-17,30.0,False,Research-generated IncentiveRewards mock
MOCK02200,BH_POST_DISCHARGE_7D,2025-07-07,30.0,True,Research-generated IncentiveRewards mock
MOCK02248,BH_POST_DISCHARGE_7D,2025-08-03,30.0,True,Research-generated IncentiveRewards mock
MOCK02266,BH_POST_DISCHARGE_7D,2025-08-02,30.0,True,Research-generated IncentiveRewards mock
MOCK02272,BH_POST_DISCHARGE_7D,2025-08-06,30.0,False,Research-generated IncentiveRewards mock
MOCK02278,BH_POST_DISCHARGE_7D,2025-07-20,30.0,False,Research-generated IncentiveRewards mock
MOCK02284,BH_POST_DISCHARGE_7D,2025-07-12,30.0,False,Research-generated IncentiveRewards mock
MOCK02290,BH_POST_DISCHARGE_7D,2025-07-27,30.0,False,Research-generated IncentiveRewards mock
MOCK02296,BH_POST_DISCHARGE_7D,2025-07-18,30.0,True,Research-generated IncentiveRewards mock
MOCK02320,BH_POST_DISCHARGE_7D,2025-07-09,30.0,True,Research-generated IncentiveRewards mock
MOCK02332,BH_POST_DISCHARGE_7D,2025-07-21,30.0,True,Research-generated IncentiveRewards mock
MOCK02338,BH_POST_DISCHARGE_7D,2025-08-05,30.0,True,Research-generated IncentiveRewards mock
MOCK02386,BH_POST_DISCHARGE_7D,2025-07-15,30.0,True,Research-generated IncentiveRewards mock
MOCK02392,BH_POST_DISCHARGE_7D,2025-07-18,30.0,False,Research-generated IncentiveRewards mock
MOCK02410,BH_POST_DISCHARGE_7D,2025-07-17,30.0,True,Research-generated IncentiveRewards mock
MOCK02416,BH_POST_DISCHARGE_7D,2025-07-05,30.0,False,Research-generated IncentiveRewards mock
MOCK02422,BH_POST_DISCHARGE_7D,2025-07-27,30.0,False,Research-generated IncentiveRewards mock
MOCK02434,BH_POST_DISCHARGE_7D,2025-07-01,30.0,True,Research-generated IncentiveRewards mock
MOCK02446,BH_POST_DISCHARGE_7D,2025-08-03,30.0,True,Research-generated IncentiveRewards mock
MOCK02452,BH_POST_DISCHARGE_7D,2025-07-04,30.0,True,Research-generated IncentiveRewards mock
MOCK02458,BH_POST_DISCHARGE_7D,2025-07-15,30.0,True,Research-generated IncentiveRewards mock
MOCK02470,BH_POST_DISCHARGE_7D,2025-07-03,30.0,True,Research-generated IncentiveRewards mock
MOCK02494,BH_POST_DISCHARGE_7D,2025-07-08,30.0,False,Research-generated IncentiveRewards mock
MOCK02506,BH_POST_DISCHARGE_7D,2025-07-16,30.0,False,Research-generated IncentiveRewards mock
MOCK02548,BH_POST_DISCHARGE_7D,2025-07-01,30.0,True,Research-generated IncentiveRewards mock
MOCK02560,BH_POST_DISCHARGE_7D,2025-07-20,30.0,False,Research-generated IncentiveRewards mock
MOCK02566,BH_POST_DISCHARGE_7D,2025-07-30,30.0,False,Research-generated IncentiveRewards mock
MOCK02620,BH_POST_DISCHARGE_7D,2025-08-04,30.0,False,Research-generated IncentiveRewards mock
MOCK02644,BH_POST_DISCHARGE_7D,2025-07-06,30.0,True,Research-generated IncentiveRewards mock
MOCK02650,BH_POST_DISCHARGE_7D,2025-08-01,30.0,False,Research-generated IncentiveRewards mock
MOCK02656,BH_POST_DISCHARGE_7D,2025-07-28,30.0,True,Research-generated IncentiveRewards mock
MOCK02662,BH_POST_DISCHARGE_7D,2025-07-05,30.0,False,Research-generated IncentiveRewards mock
MOCK02674,BH_POST_DISCHARGE_7D,2025-07-20,30.0,True,Research-generated IncentiveRewards mock
MOCK02680,BH_POST_DISCHARGE_7D,2025-07-07,30.0,True,Research-generated IncentiveRewards mock
MOCK02692,BH_POST_DISCHARGE_7D,2025-07-29,30.0,True,Research-generated IncentiveRewards mock
MOCK02698,BH_POST_DISCHARGE_7D,2025-07-10,30.0,False,Research-generated IncentiveRewards mock
MOCK02734,BH_POST_DISCHARGE_7D,2025-07-21,30.0,False,Research-generated IncentiveRewards mock
MOCK02764,BH_POST_DISCHARGE_7D,2025-07-29,30.0,True,Research-generated IncentiveRewards mock
MOCK02770,BH_POST_DISCHARGE_7D,2025-07-13,30.0,True,Research-generated IncentiveRewards mock
MOCK02788,BH_POST_DISCHARGE_7D,2025-07-30,30.0,False,Research-generated IncentiveRewards mock
MOCK02812,BH_POST_DISCHARGE_7D,2025-07-29,30.0,False,Research-generated IncentiveRewards mock
MOCK02848,BH_POST_DISCHARGE_7D,2025-07-18,30.0,True,Research-generated IncentiveRewards mock
MOCK02860,BH_POST_DISCHARGE_7D,2025-07-23,30.0,False,Research-generated IncentiveRewards mock
MOCK02890,BH_POST_DISCHARGE_7D,2025-07-14,30.0,False,Research-generated IncentiveRewards mock
MOCK02896,BH_POST_DISCHARGE_7D,2025-08-03,30.0,True,Research-generated IncentiveRewards mock
MOCK02908,BH_POST_DISCHARGE_7D,2025-07-06,30.0,True,Research-generated IncentiveRewards mock
MOCK02914,BH_POST_DISCHARGE_7D,2025-07-19,30.0,False,Research-generated IncentiveRewards mock
MOCK02926,BH_POST_DISCHARGE_7D,2025-07-25,30.0,True,Research-generated IncentiveRewards mock
MOCK02932,BH_POST_DISCHARGE_7D,2025-07-02,30.0,True,Research-generated IncentiveRewards mock
MOCK02938,BH_POST_DISCHARGE_7D,2025-07-27,30.0,False,Research-generated IncentiveRewards mock
MOCK02968,BH_POST_DISCHARGE_7D,2025-07-10,30.0,False,Research-generated IncentiveRewards mock
MOCK02980,BH_POST_DISCHARGE_7D,2025-07-30,30.0,True,Research-generated IncentiveRewards mock
MOCK02992,BH_POST_DISCHARGE_7D,2025-07-20,30.0,True,Research-generated IncentiveRewards mock
MOCK02998,BH_POST_DISCHARGE_7D,2025-08-05,30.0,True,Research-generated IncentiveRewards mock
MOCK03010,BH_POST_DISCHARGE_7D,2025-07-11,30.0,False,Research-generated IncentiveRewards mock
MOCK03034,BH_POST_DISCHARGE_7D,2025-07-11,30.0,False,Research-generated IncentiveRewards mock
MOCK03052,BH_POST_DISCHARGE_7D,2025-07-07,30.0,True,Research-generated IncentiveRewards mock
MOCK03088,BH_POST_DISCHARGE_7D,2025-07-23,30.0,False,Research-generated IncentiveRewards mock
MOCK03100,BH_POST_DISCHARGE_7D,2025-07-14,30.0,True,Research-generated IncentiveRewards mock
MOCK03130,BH_POST_DISCHARGE_7D,2025-07-05,30.0,True,Research-generated IncentiveRewards mock
MOCK03142,BH_POST_DISCHARGE_7D,2025-07-11,30.0,True,Research-generated IncentiveRewards mock
MOCK03160,BH_POST_DISCHARGE_7D,2025-07-12,30.0,True,Research-generated IncentiveRewards mock
MOCK03202,BH_POST_DISCHARGE_7D,2025-07-29,30.0,False,Research-generated IncentiveRewards mock
MOCK03208,BH_POST_DISCHARGE_7D,2025-07-22,30.0,False,Research-generated IncentiveRewards mock
MOCK03214,BH_POST_DISCHARGE_7D,2025-06-30,30.0,False,Research-generated IncentiveRewards mock
MOCK03220,BH_POST_DISCHARGE_7D,2025-07-22,30.0,True,Research-generated IncentiveRewards mock
MOCK03226,BH_POST_DISCHARGE_7D,2025-07-31,30.0,True,Research-generated IncentiveRewards mock
MOCK03244,BH_POST_DISCHARGE_7D,2025-07-09,30.0,False,Research-generated IncentiveRewards mock
MOCK03262,BH_POST_DISCHARGE_7D,2025-07-13,30.0,True,Research-generated IncentiveRewards mock
MOCK03274,BH_POST_DISCHARGE_7D,2025-07-17,30.0,False,Research-generated IncentiveRewards mock
MOCK03292,BH_POST_DISCHARGE_7D,2025-07-12,30.0,False,Research-generated IncentiveRewards mock
MOCK03298,BH_POST_DISCHARGE_7D,2025-07-05,30.0,True,Research-generated IncentiveRewards mock
MOCK03310,BH_POST_DISCHARGE_7D,2025-07-26,30.0,False,Research-generated IncentiveRewards mock
MOCK03328,BH_POST_DISCHARGE_7D,2025-07-04,30.0,True,Research-generated IncentiveRewards mock
MOCK03346,BH_POST_DISCHARGE_7D,2025-07-26,30.0,False,Research-generated IncentiveRewards mock
MOCK03370,BH_POST_DISCHARGE_7D,2025-07-11,30.0,False,Research-generated IncentiveRewards mock
MOCK03376,BH_POST_DISCHARGE_7D,2025-07-21,30.0,False,Research-generated IncentiveRewards mock
MOCK03394,BH_POST_DISCHARGE_7D,2025-07-05,30.0,False,Research-generated IncentiveRewards mock
MOCK03412,BH_POST_DISCHARGE_7D,2025-08-06,30.0,False,Research-generated IncentiveRewards mock
MOCK03460,BH_POST_DISCHARGE_7D,2025-07-13,30.0,False,Research-generated IncentiveRewards mock
MOCK03484,BH_POST_DISCHARGE_7D,2025-07-22,30.0,True,Research-generated IncentiveRewards mock
MOCK03490,BH_POST_DISCHARGE_7D,2025-07-12,30.0,True,Research-generated IncentiveRewards mock
MOCK03496,BH_POST_DISCHARGE_7D,2025-07-01,30.0,False,Research-generated IncentiveRewards mock
MOCK03520,BH_POST_DISCHARGE_7D,2025-07-16,30.0,False,Research-generated IncentiveRewards mock
MOCK03532,BH_POST_DISCHARGE_7D,2025-07-16,30.0,True,Research-generated IncentiveRewards mock
MOCK03538,BH_POST_DISCHARGE_7D,2025-07-13,30.0,True,Research-generated IncentiveRewards mock
MOCK03544,BH_POST_DISCHARGE_7D,2025-07-12,30.0,True,Research-generated IncentiveRewards mock
MOCK03562,BH_POST_DISCHARGE_7D,2025-07-25,30.0,True,Research-generated IncentiveRewards mock
MOCK03568,BH_POST_DISCHARGE_7D,2025-07-06,30.0,False,Research-generated IncentiveRewards mock
MOCK03580,BH_POST_DISCHARGE_7D,2025-07-05,30.0,True,Research-generated IncentiveRewards mock
MOCK03592,BH_POST_DISCHARGE_7D,2025-07-06,30.0,False,Research-generated IncentiveRewards mock
MOCK03598,BH_POST_DISCHARGE_7D,2025-07-14,30.0,False,Research-generated IncentiveRewards mock
MOCK03604,BH_POST_DISCHARGE_7D,2025-07-25,30.0,True,Research-generated IncentiveRewards mock
MOCK03622,BH_POST_DISCHARGE_7D,2025-08-03,30.0,False,Research-generated IncentiveRewards mock
MOCK03634,BH_POST_DISCHARGE_7D,2025-07-03,30.0,True,Research-generated IncentiveRewards mock
MOCK03646,BH_POST_DISCHARGE_7D,2025-08-05,30.0,False,Research-generated IncentiveRewards mock
MOCK03658,BH_POST_DISCHARGE_7D,2025-06-30,30.0,True,Research-generated IncentiveRewards mock
MOCK03688,BH_POST_DISCHARGE_7D,2025-07-19,30.0,True,Research-generated IncentiveRewards mock
MOCK03694,BH_POST_DISCHARGE_7D,2025-07-04,30.0,True,Research-generated IncentiveRewards mock
MOCK03748,BH_POST_DISCHARGE_7D,2025-08-06,30.0,False,Research-generated IncentiveRewards mock
MOCK03766,BH_POST_DISCHARGE_7D,2025-08-03,30.0,False,Research-generated IncentiveRewards mock
MOCK03784,BH_POST_DISCHARGE_7D,2025-07-30,30.0,False,Research-generated IncentiveRewards mock
MOCK03796,BH_POST_DISCHARGE_7D,2025-07-09,30.0,False,Research-generated IncentiveRewards mock
MOCK03802,BH_POST_DISCHARGE_7D,2025-07-15,30.0,True,Research-generated IncentiveRewards mock
MOCK03826,BH_POST_DISCHARGE_7D,2025-07-12,30.0,False,Research-generated IncentiveRewards mock
MOCK03838,BH_POST_DISCHARGE_7D,2025-07-06,30.0,False,Research-generated IncentiveRewards mock
MOCK03850,BH_POST_DISCHARGE_7D,2025-07-29,30.0,True,Research-generated IncentiveRewards mock
MOCK03862,BH_POST_DISCHARGE_7D,2025-07-29,30.0,False,Research-generated IncentiveRewards mock
MOCK03868,BH_POST_DISCHARGE_7D,2025-07-20,30.0,True,Research-generated IncentiveRewards mock
MOCK03898,BH_POST_DISCHARGE_7D,2025-07-08,30.0,True,Research-generated IncentiveRewards mock
MOCK03904,BH_POST_DISCHARGE_7D,2025-08-07,30.0,True,Research-generated IncentiveRewards mock
MOCK03916,BH_POST_DISCHARGE_7D,2025-07-04,30.0,True,Research-generated IncentiveRewards mock
MOCK03946,BH_POST_DISCHARGE_7D,2025-08-07,30.0,False,Research-generated IncentiveRewards mock
MOCK03952,BH_POST_DISCHARGE_7D,2025-07-18,30.0,False,Research-generated IncentiveRewards mock
MOCK03964,BH_POST_DISCHARGE_7D,2025-07-19,30.0,False,Research-generated IncentiveRewards mock
MOCK03982,BH_POST_DISCHARGE_7D,2025-07-03,30.0,True,Research-generated IncentiveRewards mock
MOCK03994,BH_POST_DISCHARGE_7D,2025-07-17,30.0,False,Research-generated IncentiveRewards mock
MOCK04006,BH_POST_DISCHARGE_7D,2025-07-26,30.0,False,Research-generated IncentiveRewards mock
MOCK04018,BH_POST_DISCHARGE_7D,2025-07-30,30.0,False,Research-generated IncentiveRewards mock
MOCK04024,BH_POST_DISCHARGE_7D,2025-07-24,30.0,False,Research-generated IncentiveRewards mock
MOCK04030,BH_POST_DISCHARGE_7D,2025-07-30,30.0,False,Research-generated IncentiveRewards mock
MOCK04036,BH_POST_DISCHARGE_7D,2025-07-17,30.0,True,Research-generated IncentiveRewards mock
MOCK04048,BH_POST_DISCHARGE_7D,2025-07-05,30.0,True,Research-generated IncentiveRewards mock
MOCK04054,BH_POST_DISCHARGE_7D,2025-07-17,30.0,False,Research-generated IncentiveRewards mock
MOCK04060,BH_POST_DISCHARGE_7D,2025-07-15,30.0,True,Research-generated IncentiveRewards mock
MOCK04066,BH_POST_DISCHARGE_7D,2025-07-30,30.0,False,Research-generated IncentiveRewards mock
MOCK04072,BH_POST_DISCHARGE_7D,2025-07-16,30.0,True,Research-generated IncentiveRewards mock
MOCK04078,BH_POST_DISCHARGE_7D,2025-08-02,30.0,False,Research-generated IncentiveRewards mock
MOCK04102,BH_POST_DISCHARGE_7D,2025-07-04,30.0,False,Research-generated IncentiveRewards mock
MOCK04126,BH_POST_DISCHARGE_7D,2025-07-30,30.0,True,Research-generated IncentiveRewards mock
MOCK04132,BH_POST_DISCHARGE_7D,2025-07-20,30.0,False,Research-generated IncentiveRewards mock
MOCK04144,BH_POST_DISCHARGE_7D,2025-08-03,30.0,True,Research-generated IncentiveRewards mock
MOCK04156,BH_POST_DISCHARGE_7D,2025-07-04,30.0,True,Research-generated IncentiveRewards mock
MOCK04162,BH_POST_DISCHARGE_7D,2025-07-23,30.0,True,Research-generated IncentiveRewards mock
MOCK04168,BH_POST_DISCHARGE_7D,2025-07-04,30.0,True,Research-generated IncentiveRewards mock
MOCK04174,BH_POST_DISCHARGE_7D,2025-07-08,30.0,False,Research-generated IncentiveRewards mock
MOCK04180,BH_POST_DISCHARGE_7D,2025-07-11,30.0,True,Research-generated IncentiveRewards mock
MOCK04186,BH_POST_DISCHARGE_7D,2025-07-25,30.0,False,Research-generated IncentiveRewards mock
MOCK04198,BH_POST_DISCHARGE_7D,2025-08-02,30.0,False,Research-generated IncentiveRewards mock
MOCK04228,BH_POST_DISCHARGE_7D,2025-07-09,30.0,True,Research-generated IncentiveRewards mock
MOCK04252,BH_POST_DISCHARGE_7D,2025-07-16,30.0,False,Research-generated IncentiveRewards mock
MOCK04264,BH_POST_DISCHARGE_7D,2025-07-30,30.0,False,Research-generated IncentiveRewards mock
MOCK04276,BH_POST_DISCHARGE_7D,2025-08-02,30.0,False,Research-generated IncentiveRewards mock
MOCK04282,BH_POST_DISCHARGE_7D,2025-07-16,30.0,False,Research-generated IncentiveRewards mock
MOCK04330,BH_POST_DISCHARGE_7D,2025-08-01,30.0,False,Research-generated IncentiveRewards mock
MOCK04336,BH_POST_DISCHARGE_7D,2025-07-09,30.0,True,Research-generated IncentiveRewards mock
MOCK04348,BH_POST_DISCHARGE_7D,2025-07-21,30.0,True,Research-generated IncentiveRewards mock
MOCK04360,BH_POST_DISCHARGE_7D,2025-07-30,30.0,True,Research-generated IncentiveRewards mock
MOCK04366,BH_POST_DISCHARGE_7D,2025-07-24,30.0,True,Research-generated IncentiveRewards mock
MOCK04372,BH_POST_DISCHARGE_7D,2025-07-12,30.0,False,Research-generated IncentiveRewards mock
MOCK04390,BH_POST_DISCHARGE_7D,2025-08-02,30.0,True,Research-generated IncentiveRewards mock
MOCK04396,BH_POST_DISCHARGE_7D,2025-07-18,30.0,True,Research-generated IncentiveRewards mock
MOCK04402,BH_POST_DISCHARGE_7D,2025-07-19,30.0,True,Research-generated IncentiveRewards mock
MOCK04408,BH_POST_DISCHARGE_7D,2025-07-19,30.0,True,Research-generated IncentiveRewards mock
MOCK04426,BH_POST_DISCHARGE_7D,2025-06-30,30.0,True,Research-generated IncentiveRewards mock
MOCK04432,BH_POST_DISCHARGE_7D,2025-07-25,30.0,False,Research-generated IncentiveRewards mock
MOCK04444,BH_POST_DISCHARGE_7D,2025-08-02,30.0,False,Research-generated IncentiveRewards mock
MOCK04450,BH_POST_DISCHARGE_7D,2025-07-27,30.0,False,Research-generated IncentiveRewards mock
MOCK04462,BH_POST_DISCHARGE_7D,2025-07-03,30.0,True,Research-generated IncentiveRewards mock
MOCK04468,BH_POST_DISCHARGE_7D,2025-07-14,30.0,True,Research-generated IncentiveRewards mock
MOCK04474,BH_POST_DISCHARGE_7D,2025-08-04,30.0,True,Research-generated IncentiveRewards mock
MOCK04486,BH_POST_DISCHARGE_7D,2025-07-07,30.0,False,Research-generated IncentiveRewards mock
MOCK04516,BH_POST_DISCHARGE_7D,2025-07-19,30.0,True,Research-generated IncentiveRewards mock
MOCK04522,BH_POST_DISCHARGE_7D,2025-07-05,30.0,False,Research-generated IncentiveRewards mock
MOCK04528,BH_POST_DISCHARGE_7D,2025-07-13,30.0,False,Research-generated IncentiveRewards mock
MOCK04558,BH_POST_DISCHARGE_7D,2025-07-08,30.0,False,Research-generated IncentiveRewards mock
MOCK04564,BH_POST_DISCHARGE_7D,2025-07-09,30.0,False,Research-generated IncentiveRewards mock
MOCK04570,BH_POST_DISCHARGE_7D,2025-07-04,30.0,False,Research-generated IncentiveRewards mock
MOCK04582,BH_POST_DISCHARGE_7D,2025-07-18,30.0,False,Research-generated IncentiveRewards mock
MOCK04594,BH_POST_DISCHARGE_7D,2025-07-08,30.0,True,Research-generated IncentiveRewards mock
MOCK04606,BH_POST_DISCHARGE_7D,2025-07-18,30.0,True,Research-generated IncentiveRewards mock
MOCK04618,BH_POST_DISCHARGE_7D,2025-07-09,30.0,True,Research-generated IncentiveRewards mock
MOCK04642,BH_POST_DISCHARGE_7D,2025-07-13,30.0,True,Research-generated IncentiveRewards mock
MOCK04654,BH_POST_DISCHARGE_7D,2025-07-06,30.0,True,Research-generated IncentiveRewards mock
MOCK04660,BH_POST_DISCHARGE_7D,2025-07-29,30.0,True,Research-generated IncentiveRewards mock
MOCK04678,BH_POST_DISCHARGE_7D,2025-07-20,30.0,False,Research-generated IncentiveRewards mock
MOCK04702,BH_POST_DISCHARGE_7D,2025-07-14,30.0,False,Research-generated IncentiveRewards mock
MOCK04714,BH_POST_DISCHARGE_7D,2025-07-25,30.0,True,Research-generated IncentiveRewards mock
MOCK04720,BH_POST_DISCHARGE_7D,2025-08-07,30.0,True,Research-generated IncentiveRewards mock
MOCK04726,BH_POST_DISCHARGE_7D,2025-08-07,30.0,True,Research-generated IncentiveRewards mock
MOCK04738,BH_POST_DISCHARGE_7D,2025-06-30,30.0,True,Research-generated IncentiveRewards mock
MOCK04744,BH_POST_DISCHARGE_7D,2025-07-10,30.0,False,Research-generated IncentiveRewards mock
MOCK04750,BH_POST_DISCHARGE_7D,2025-08-03,30.0,True,Research-generated IncentiveRewards mock
MOCK04756,BH_POST_DISCHARGE_7D,2025-07-31,30.0,True,Research-generated IncentiveRewards mock
MOCK04786,BH_POST_DISCHARGE_7D,2025-08-07,30.0,False,Research-generated IncentiveRewards mock
MOCK04816,BH_POST_DISCHARGE_7D,2025-07-21,30.0,False,Research-generated IncentiveRewards mock
MOCK04828,BH_POST_DISCHARGE_7D,2025-07-22,30.0,True,Research-generated IncentiveRewards mock
MOCK04840,BH_POST_DISCHARGE_7D,2025-07-11,30.0,False,Research-generated IncentiveRewards mock
MOCK04864,BH_POST_DISCHARGE_7D,2025-07-06,30.0,True,Research-generated IncentiveRewards mock
MOCK04906,BH_POST_DISCHARGE_7D,2025-07-11,30.0,False,Research-generated IncentiveRewards mock
MOCK04930,BH_POST_DISCHARGE_7D,2025-08-01,30.0,True,Research-generated IncentiveRewards mock
MOCK04936,BH_POST_DISCHARGE_7D,2025-07-19,30.0,True,Research-generated IncentiveRewards mock
MOCK04942,BH_POST_DISCHARGE_7D,2025-07-23,30.0,True,Research-generated IncentiveRewards mock
MOCK04966,BH_POST_DISCHARGE_7D,2025-07-25,30.0,True,Research-generated IncentiveRewards mock
MOCK04972,BH_POST_DISCHARGE_7D,2025-07-30,30.0,False,Research-generated IncentiveRewards mock
MOCK04984,BH_POST_DISCHARGE_7D,2025-08-02,30.0,True,Research-generated IncentiveRewards mock
MOCK04990,BH_POST_DISCHARGE_7D,2025-07-29,30.0,False,Research-generated IncentiveRewards mock
MOCK04996,BH_POST_DISCHARGE_7D,2025-08-07,30.0,True,Research-generated IncentiveRewards mock
MOCK05014,BH_POST_DISCHARGE_7D,2025-07-21,30.0,False,Research-generated IncentiveRewards mock
MOCK05020,BH_POST_DISCHARGE_7D,2025-07-29,30.0,True,Research-generated IncentiveRewards mock
MOCK05032,BH_POST_DISCHARGE_7D,2025-07-19,30.0,False,Research-generated IncentiveRewards mock
MOCK05038,BH_POST_DISCHARGE_7D,2025-07-16,30.0,True,Research-generated IncentiveRewards mock
MOCK05044,BH_POST_DISCHARGE_7D,2025-08-04,30.0,False,Research-generated IncentiveRewards mock
MOCK05050,BH_POST_DISCHARGE_7D,2025-07-02,30.0,False,Research-generated IncentiveRewards mock
MOCK05068,BH_POST_DISCHARGE_7D,2025-08-03,30.0,True,Research-generated IncentiveRewards mock
MOCK05080,BH_POST_DISCHARGE_7D,2025-07-09,30.0,True,Research-generated IncentiveRewards mock
MOCK05092,BH_POST_DISCHARGE_7D,2025-07-19,30.0,False,Research-generated IncentiveRewards mock
MOCK05098,BH_POST_DISCHARGE_7D,2025-08-06,30.0,True,Research-generated IncentiveRewards mock
MOCK05140,BH_POST_DISCHARGE_7D,2025-08-07,30.0,False,Research-generated IncentiveRewards mock
MOCK05176,BH_POST_DISCHARGE_7D,2025-07-12,30.0,True,Research-generated IncentiveRewards mock
MOCK05182,BH_POST_DISCHARGE_7D,2025-06-30,30.0,False,Research-generated IncentiveRewards mock
MOCK05194,BH_POST_DISCHARGE_7D,2025-07-17,30.0,False,Research-generated IncentiveRewards mock
MOCK05206,BH_POST_DISCHARGE_7D,2025-07-13,30.0,True,Research-generated IncentiveRewards mock
MOCK05212,BH_POST_DISCHARGE_7D,2025-08-04,30.0,True,Research-generated IncentiveRewards mock
MOCK05224,BH_POST_DISCHARGE_7D,2025-08-07,30.0,False,Research-generated IncentiveRewards mock
MOCK05236,BH_POST_DISCHARGE_7D,2025-07-25,30.0,False,Research-generated IncentiveRewards mock
MOCK05260,BH_POST_DISCHARGE_7D,2025-07-12,30.0,True,Research-generated IncentiveRewards mock
MOCK05266,BH_POST_DISCHARGE_7D,2025-08-05,30.0,False,Research-generated IncentiveRewards mock
MOCK05338,BH_POST_DISCHARGE_7D,2025-07-02,30.0,False,Research-generated IncentiveRewards mock
MOCK05344,BH_POST_DISCHARGE_7D,2025-07-26,30.0,True,Research-generated IncentiveRewards mock
MOCK05362,BH_POST_DISCHARGE_7D,2025-07-31,30.0,True,Research-generated IncentiveRewards mock
MOCK05392,BH_POST_DISCHARGE_7D,2025-07-05,30.0,False,Research-generated IncentiveRewards mock
MOCK05404,BH_POST_DISCHARGE_7D,2025-07-21,30.0,True,Research-generated IncentiveRewards mock
MOCK05416,BH_POST_DISCHARGE_7D,2025-07-17,30.0,False,Research-generated IncentiveRewards mock
MOCK05458,BH_POST_DISCHARGE_7D,2025-07-29,30.0,True,Research-generated IncentiveRewards mock
MOCK05464,BH_POST_DISCHARGE_7D,2025-07-24,30.0,True,Research-generated IncentiveRewards mock
MOCK05476,BH_POST_DISCHARGE_7D,2025-08-04,30.0,False,Research-generated IncentiveRewards mock
MOCK05488,BH_POST_DISCHARGE_7D,2025-07-04,30.0,True,Research-generated IncentiveRewards mock
MOCK05500,BH_POST_DISCHARGE_7D,2025-07-24,30.0,False,Research-generated IncentiveRewards mock
MOCK05512,BH_POST_DISCHARGE_7D,2025-08-02,30.0,False,Research-generated IncentiveRewards mock
MOCK05524,BH_POST_DISCHARGE_7D,2025-07-12,30.0,True,Research-generated IncentiveRewards mock
MOCK05536,BH_POST_DISCHARGE_7D,2025-07-07,30.0,False,Research-generated IncentiveRewards mock
MOCK05578,BH_POST_DISCHARGE_7D,2025-07-24,30.0,True,Research-generated IncentiveRewards mock
MOCK05590,BH_POST_DISCHARGE_7D,2025-07-20,30.0,True,Research-generated IncentiveRewards mock
MOCK05602,BH_POST_DISCHARGE_7D,2025-07-27,30.0,True,Research-generated IncentiveRewards mock
MOCK05608,BH_POST_DISCHARGE_7D,2025-07-25,30.0,True,Research-generated IncentiveRewards mock
MOCK05626,BH_POST_DISCHARGE_7D,2025-08-02,30.0,True,Research-generated IncentiveRewards mock
MOCK05644,BH_POST_DISCHARGE_7D,2025-07-26,30.0,True,Research-generated IncentiveRewards mock
MOCK05650,BH_POST_DISCHARGE_7D,2025-07-06,30.0,True,Research-generated IncentiveRewards mock
MOCK05668,BH_POST_DISCHARGE_7D,2025-07-08,30.0,False,Research-generated IncentiveRewards mock
MOCK05680,BH_POST_DISCHARGE_7D,2025-07-07,30.0,False,Research-generated IncentiveRewards mock
MOCK05692,BH_POST_DISCHARGE_7D,2025-06-30,30.0,True,Research-generated IncentiveRewards mock
MOCK05698,BH_POST_DISCHARGE_7D,2025-06-30,30.0,True,Research-generated IncentiveRewards mock
MOCK05704,BH_POST_DISCHARGE_7D,2025-07-18,30.0,True,Research-generated IncentiveRewards mock
MOCK05716,BH_POST_DISCHARGE_7D,2025-07-01,30.0,False,Research-generated IncentiveRewards mock
MOCK05746,BH_POST_DISCHARGE_7D,2025-07-26,30.0,True,Research-generated IncentiveRewards mock
MOCK05752,BH_POST_DISCHARGE_7D,2025-08-04,30.0,True,Research-generated IncentiveRewards mock
MOCK05758,BH_POST_DISCHARGE_7D,2025-07-07,30.0,True,Research-generated IncentiveRewards mock
MOCK05770,BH_POST_DISCHARGE_7D,2025-07-29,30.0,False,Research-generated IncentiveRewards mock
MOCK05800,BH_POST_DISCHARGE_7D,2025-08-01,30.0,True,Research-generated IncentiveRewards mock
MOCK05806,BH_POST_DISCHARGE_7D,2025-07-21,30.0,True,Research-generated IncentiveRewards mock
MOCK05818,BH_POST_DISCHARGE_7D,2025-07-17,30.0,True,Research-generated IncentiveRewards mock
MOCK05836,BH_POST_DISCHARGE_7D,2025-07-04,30.0,False,Research-generated IncentiveRewards mock
MOCK05842,BH_POST_DISCHARGE_7D,2025-07-25,30.0,True,Research-generated IncentiveRewards mock
MOCK05848,BH_POST_DISCHARGE_7D,2025-07-16,30.0,True,Research-generated IncentiveRewards mock
MOCK05854,BH_POST_DISCHARGE_7D,2025-07-30,30.0,False,Research-generated IncentiveRewards mock
MOCK05872,BH_POST_DISCHARGE_7D,2025-08-03,30.0,True,Research-generated IncentiveRewards mock
MOCK05884,BH_POST_DISCHARGE_7D,2025-07-04,30.0,True,Research-generated IncentiveRewards mock
MOCK05902,BH_POST_DISCHARGE_7D,2025-07-17,30.0,True,Research-generated IncentiveRewards mock
MOCK05920,BH_POST_DISCHARGE_7D,2025-07-26,30.0,True,Research-generated IncentiveRewards mock
MOCK05926,BH_POST_DISCHARGE_7D,2025-08-01,30.0,False,Research-generated IncentiveRewards mock
MOCK05938,BH_POST_DISCHARGE_7D,2025-07-15,30.0,True,Research-generated IncentiveRewards mock
MOCK05944,BH_POST_DISCHARGE_7D,2025-07-17,30.0,False,Research-generated IncentiveRewards mock
MOCK05950,BH_POST_DISCHARGE_7D,2025-07-06,30.0,False,Research-generated IncentiveRewards mock
MOCK05962,BH_POST_DISCHARGE_7D,2025-07-17,30.0,True,Research-generated IncentiveRewards mock
MOCK05974,BH_POST_DISCHARGE_7D,2025-07-04,30.0,True,Research-generated IncentiveRewards mock
MOCK05980,BH_POST_DISCHARGE_7D,2025-07-15,30.0,True,Research-generated IncentiveRewards mock
MOCK05992,BH_POST_DISCHARGE_7D,2025-07-31,30.0,False,Research-generated IncentiveRewards mock
MOCK06004,BH_POST_DISCHARGE_7D,2025-07-13,30.0,True,Research-generated IncentiveRewards mock
MOCK06016,BH_POST_DISCHARGE_7D,2025-08-03,30.0,True,Research-generated IncentiveRewards mock
MOCK06028,BH_POST_DISCHARGE_7D,2025-07-10,30.0,False,Research-generated IncentiveRewards mock
MOCK06040,BH_POST_DISCHARGE_7D,2025-07-06,30.0,True,Research-generated IncentiveRewards mock
MOCK06046,BH_POST_DISCHARGE_7D,2025-07-17,30.0,True,Research-generated IncentiveRewards mock
MOCK06058,BH_POST_DISCHARGE_7D,2025-08-07,30.0,True,Research-generated IncentiveRewards mock
MOCK06100,BH_POST_DISCHARGE_7D,2025-07-05,30.0,True,Research-generated IncentiveRewards mock
MOCK06112,BH_POST_DISCHARGE_7D,2025-07-04,30.0,True,Research-generated IncentiveRewards mock
MOCK06118,BH_POST_DISCHARGE_7D,2025-07-15,30.0,False,Research-generated IncentiveRewards mock
MOCK06124,BH_POST_DISCHARGE_7D,2025-07-05,30.0,False,Research-generated IncentiveRewards mock
MOCK06130,BH_POST_DISCHARGE_7D,2025-07-27,30.0,False,Research-generated IncentiveRewards mock
MOCK06136,BH_POST_DISCHARGE_7D,2025-07-03,30.0,False,Research-generated IncentiveRewards mock
MOCK06142,BH_POST_DISCHARGE_7D,2025-07-30,30.0,False,Research-generated IncentiveRewards mock
MOCK06166,BH_POST_DISCHARGE_7D,2025-08-05,30.0,False,Research-generated IncentiveRewards mock
MOCK06172,BH_POST_DISCHARGE_7D,2025-07-01,30.0,False,Research-generated IncentiveRewards mock
MOCK06184,BH_POST_DISCHARGE_7D,2025-07-29,30.0,False,Research-generated IncentiveRewards mock
MOCK06190,BH_POST_DISCHARGE_7D,2025-07-13,30.0,True,Research-generated IncentiveRewards mock
MOCK06208,BH_POST_DISCHARGE_7D,2025-08-07,30.0,True,Research-generated IncentiveRewards mock
MOCK06232,BH_POST_DISCHARGE_7D,2025-07-11,30.0,True,Research-generated IncentiveRewards mock
MOCK06250,BH_POST_DISCHARGE_7D,2025-07-16,30.0,True,Research-generated IncentiveRewards mock
MOCK06268,BH_POST_DISCHARGE_7D,2025-07-28,30.0,False,Research-generated IncentiveRewards mock
MOCK06280,BH_POST_DISCHARGE_7D,2025-07-18,30.0,False,Research-generated IncentiveRewards mock
MOCK06292,BH_POST_DISCHARGE_7D,2025-07-09,30.0,False,Research-generated IncentiveRewards mock
MOCK06304,BH_POST_DISCHARGE_7D,2025-07-28,30.0,False,Research-generated IncentiveRewards mock
MOCK06334,BH_POST_DISCHARGE_7D,2025-07-14,30.0,False,Research-generated IncentiveRewards mock
MOCK06340,BH_POST_DISCHARGE_7D,2025-07-26,30.0,False,Research-generated IncentiveRewards mock
MOCK06352,BH_POST_DISCHARGE_7D,2025-07-15,30.0,True,Research-generated IncentiveRewards mock
MOCK06376,BH_POST_DISCHARGE_7D,2025-07-20,30.0,True,Research-generated IncentiveRewards mock
MOCK06388,BH_POST_DISCHARGE_7D,2025-07-30,30.0,True,Research-generated IncentiveRewards mock
MOCK06418,BH_POST_DISCHARGE_7D,2025-07-29,30.0,False,Research-generated IncentiveRewards mock
MOCK06436,BH_POST_DISCHARGE_7D,2025-07-14,30.0,False,Research-generated IncentiveRewards mock
MOCK06466,BH_POST_DISCHARGE_7D,2025-07-31,30.0,True,Research-generated IncentiveRewards mock
MOCK06478,BH_POST_DISCHARGE_7D,2025-07-19,30.0,False,Research-generated IncentiveRewards mock
MOCK06490,BH_POST_DISCHARGE_7D,2025-07-17,30.0,True,Research-generated IncentiveRewards mock
MOCK06502,BH_POST_DISCHARGE_7D,2025-07-02,30.0,True,Research-generated IncentiveRewards mock
MOCK06508,BH_POST_DISCHARGE_7D,2025-07-13,30.0,False,Research-generated IncentiveRewards mock
MOCK06514,BH_POST_DISCHARGE_7D,2025-07-18,30.0,True,Research-generated IncentiveRewards mock
MOCK06526,BH_POST_DISCHARGE_7D,2025-07-18,30.0,False,Research-generated IncentiveRewards mock
MOCK06532,BH_POST_DISCHARGE_7D,2025-07-09,30.0,True,Research-generated IncentiveRewards mock
MOCK06538,BH_POST_DISCHARGE_7D,2025-07-10,30.0,False,Research-generated IncentiveRewards mock
MOCK06544,BH_POST_DISCHARGE_7D,2025-07-23,30.0,False,Research-generated IncentiveRewards mock
MOCK06562,BH_POST_DISCHARGE_7D,2025-07-17,30.0,False,Research-generated IncentiveRewards mock
MOCK06568,BH_POST_DISCHARGE_7D,2025-07-22,30.0,True,Research-generated IncentiveRewards mock
MOCK06574,BH_POST_DISCHARGE_7D,2025-07-02,30.0,True,Research-generated IncentiveRewards mock
MOCK06580,BH_POST_DISCHARGE_7D,2025-07-07,30.0,False,Research-generated IncentiveRewards mock
MOCK06586,BH_POST_DISCHARGE_7D,2025-08-02,30.0,False,Research-generated IncentiveRewards mock
MOCK06592,BH_POST_DISCHARGE_7D,2025-07-13,30.0,False,Research-generated IncentiveRewards mock
MOCK06598,BH_POST_DISCHARGE_7D,2025-07-16,30.0,False,Research-generated IncentiveRewards mock
MOCK06604,BH_POST_DISCHARGE_7D,2025-07-23,30.0,False,Research-generated IncentiveRewards mock
MOCK06616,BH_POST_DISCHARGE_7D,2025-07-19,30.0,True,Research-generated IncentiveRewards mock
MOCK06640,BH_POST_DISCHARGE_7D,2025-07-17,30.0,False,Research-generated IncentiveRewards mock
MOCK06670,BH_POST_DISCHARGE_7D,2025-08-06,30.0,False,Research-generated IncentiveRewards mock
MOCK06688,BH_POST_DISCHARGE_7D,2025-07-02,30.0,True,Research-generated IncentiveRewards mock
MOCK06694,BH_POST_DISCHARGE_7D,2025-07-29,30.0,True,Research-generated IncentiveRewards mock
MOCK06706,BH_POST_DISCHARGE_7D,2025-07-27,30.0,False,Research-generated IncentiveRewards mock
MOCK06718,BH_POST_DISCHARGE_7D,2025-07-09,30.0,False,Research-generated IncentiveRewards mock
MOCK06730,BH_POST_DISCHARGE_7D,2025-07-02,30.0,False,Research-generated IncentiveRewards mock
MOCK06754,BH_POST_DISCHARGE_7D,2025-07-06,30.0,False,Research-generated IncentiveRewards mock
MOCK06760,BH_POST_DISCHARGE_7D,2025-07-12,30.0,True,Research-generated IncentiveRewards mock
MOCK06766,BH_POST_DISCHARGE_7D,2025-07-15,30.0,True,Research-generated IncentiveRewards mock
MOCK06772,BH_POST_DISCHARGE_7D,2025-08-04,30.0,True,Research-generated IncentiveRewards mock
MOCK06784,BH_POST_DISCHARGE_7D,2025-07-13,30.0,True,Research-generated IncentiveRewards mock
MOCK06790,BH_POST_DISCHARGE_7D,2025-07-24,30.0,False,Research-generated IncentiveRewards mock
MOCK06802,BH_POST_DISCHARGE_7D,2025-08-03,30.0,False,Research-generated IncentiveRewards mock
MOCK06808,BH_POST_DISCHARGE_7D,2025-08-04,30.0,False,Research-generated IncentiveRewards mock
MOCK06820,BH_POST_DISCHARGE_7D,2025-07-29,30.0,False,Research-generated IncentiveRewards mock
MOCK06838,BH_POST_DISCHARGE_7D,2025-07-07,30.0,True,Research-generated IncentiveRewards mock
MOCK06856,BH_POST_DISCHARGE_7D,2025-07-05,30.0,True,Research-generated IncentiveRewards mock
MOCK06868,BH_POST_DISCHARGE_7D,2025-07-24,30.0,True,Research-generated IncentiveRewards mock
MOCK06886,BH_POST_DISCHARGE_7D,2025-06-30,30.0,True,Research-generated IncentiveRewards mock
MOCK06898,BH_POST_DISCHARGE_7D,2025-07-17,30.0,False,Research-generated IncentiveRewards mock
MOCK06916,BH_POST_DISCHARGE_7D,2025-07-11,30.0,True,Research-generated IncentiveRewards mock
MOCK06922,BH_POST_DISCHARGE_7D,2025-07-21,30.0,False,Research-generated IncentiveRewards mock
MOCK06934,BH_POST_DISCHARGE_7D,2025-07-08,30.0,True,Research-generated IncentiveRewards mock
MOCK06940,BH_POST_DISCHARGE_7D,2025-07-01,30.0,False,Research-generated IncentiveRewards mock
MOCK06946,BH_POST_DISCHARGE_7D,2025-07-20,30.0,False,Research-generated IncentiveRewards mock
MOCK06958,BH_POST_DISCHARGE_7D,2025-07-22,30.0,True,Research-generated IncentiveRewards mock
MOCK06976,BH_POST_DISCHARGE_7D,2025-08-02,30.0,True,Research-generated IncentiveRewards mock
MOCK06988,BH_POST_DISCHARGE_7D,2025-07-04,30.0,True,Research-generated IncentiveRewards mock
MOCK06994,BH_POST_DISCHARGE_7D,2025-08-04,30.0,True,Research-generated IncentiveRewards mock
MOCK07006,BH_POST_DISCHARGE_7D,2025-07-09,30.0,True,Research-generated IncentiveRewards mock
MOCK07024,BH_POST_DISCHARGE_7D,2025-07-14,30.0,False,Research-generated IncentiveRewards mock
MOCK07042,BH_POST_DISCHARGE_7D,2025-07-31,30.0,True,Research-generated IncentiveRewards mock
MOCK07060,BH_POST_DISCHARGE_7D,2025-07-21,30.0,True,Research-generated IncentiveRewards mock
MOCK07066,BH_POST_DISCHARGE_7D,2025-07-18,30.0,False,Research-generated IncentiveRewards mock
MOCK07078,BH_POST_DISCHARGE_7D,2025-07-24,30.0,False,Research-generated IncentiveRewards mock
MOCK07084,BH_POST_DISCHARGE_7D,2025-08-07,30.0,False,Research-generated IncentiveRewards mock
MOCK07108,BH_POST_DISCHARGE_7D,2025-08-05,30.0,False,Research-generated IncentiveRewards mock
MOCK07114,BH_POST_DISCHARGE_7D,2025-07-12,30.0,False,Research-generated IncentiveRewards mock
MOCK07120,BH_POST_DISCHARGE_7D,2025-07-19,30.0,False,Research-generated IncentiveRewards mock
MOCK07126,BH_POST_DISCHARGE_7D,2025-08-02,30.0,False,Research-generated IncentiveRewards mock
MOCK07138,BH_POST_DISCHARGE_7D,2025-07-18,30.0,True,Research-generated IncentiveRewards mock
MOCK07192,BH_POST_DISCHARGE_7D,2025-07-25,30.0,True,Research-generated IncentiveRewards mock
MOCK07198,BH_POST_DISCHARGE_7D,2025-07-03,30.0,True,Research-generated IncentiveRewards mock
MOCK07210,BH_POST_DISCHARGE_7D,2025-07-28,30.0,False,Research-generated IncentiveRewards mock
MOCK07222,BH_POST_DISCHARGE_7D,2025-07-21,30.0,True,Research-generated IncentiveRewards mock
MOCK07234,BH_POST_DISCHARGE_7D,2025-07-01,30.0,False,Research-generated IncentiveRewards mock
MOCK07246,BH_POST_DISCHARGE_7D,2025-07-10,30.0,True,Research-generated IncentiveRewards mock
MOCK07252,BH_POST_DISCHARGE_7D,2025-07-15,30.0,False,Research-generated IncentiveRewards mock
MOCK07264,BH_POST_DISCHARGE_7D,2025-06-30,30.0,True,Research-generated IncentiveRewards mock
MOCK07270,BH_POST_DISCHARGE_7D,2025-06-30,30.0,False,Research-generated IncentiveRewards mock
MOCK07288,BH_POST_DISCHARGE_7D,2025-06-30,30.0,False,Research-generated IncentiveRewards mock
MOCK07300,BH_POST_DISCHARGE_7D,2025-07-02,30.0,True,Research-generated IncentiveRewards mock
MOCK07306,BH_POST_DISCHARGE_7D,2025-07-19,30.0,True,Research-generated IncentiveRewards mock
MOCK07318,BH_POST_DISCHARGE_7D,2025-07-18,30.0,False,Research-generated IncentiveRewards mock
MOCK07330,BH_POST_DISCHARGE_7D,2025-07-29,30.0,False,Research-generated IncentiveRewards mock
MOCK07348,BH_POST_DISCHARGE_7D,2025-07-25,30.0,False,Research-generated IncentiveRewards mock
MOCK07366,BH_POST_DISCHARGE_7D,2025-07-25,30.0,False,Research-generated IncentiveRewards mock
MOCK07378,BH_POST_DISCHARGE_7D,2025-08-05,30.0,True,Research-generated IncentiveRewards mock
MOCK07384,BH_POST_DISCHARGE_7D,2025-08-04,30.0,True,Research-generated IncentiveRewards mock
MOCK07390,BH_POST_DISCHARGE_7D,2025-07-08,30.0,True,Research-generated IncentiveRewards mock
MOCK07396,BH_POST_DISCHARGE_7D,2025-07-22,30.0,False,Research-generated IncentiveRewards mock
MOCK07420,BH_POST_DISCHARGE_7D,2025-08-02,30.0,True,Research-generated IncentiveRewards mock
MOCK07426,BH_POST_DISCHARGE_7D,2025-07-06,30.0,False,Research-generated IncentiveRewards mock
MOCK07432,BH_POST_DISCHARGE_7D,2025-07-12,30.0,True,Research-generated IncentiveRewards mock
MOCK07438,BH_POST_DISCHARGE_7D,2025-07-27,30.0,False,Research-generated IncentiveRewards mock
MOCK07468,BH_POST_DISCHARGE_7D,2025-07-26,30.0,True,Research-generated IncentiveRewards mock
MOCK07474,BH_POST_DISCHARGE_7D,2025-07-17,30.0,True,Research-generated IncentiveRewards mock
MOCK07480,BH_POST_DISCHARGE_7D,2025-07-19,30.0,False,Research-generated IncentiveRewards mock
MOCK07492,BH_POST_DISCHARGE_7D,2025-06-30,30.0,True,Research-generated IncentiveRewards mock
MOCK07498,BH_POST_DISCHARGE_7D,2025-07-29,30.0,True,Research-generated IncentiveRewards mock
MOCK07510,BH_POST_DISCHARGE_7D,2025-08-05,30.0,False,Research-generated IncentiveRewards mock
MOCK07522,BH_POST_DISCHARGE_7D,2025-07-19,30.0,False,Research-generated IncentiveRewards mock
MOCK07534,BH_POST_DISCHARGE_7D,2025-07-09,30.0,True,Research-generated IncentiveRewards mock
MOCK07552,BH_POST_DISCHARGE_7D,2025-07-07,30.0,False,Research-generated IncentiveRewards mock
MOCK07588,BH_POST_DISCHARGE_7D,2025-07-29,30.0,False,Research-generated IncentiveRewards mock
MOCK07594,BH_POST_DISCHARGE_7D,2025-07-22,30.0,True,Research-generated IncentiveRewards mock
MOCK07600,BH_POST_DISCHARGE_7D,2025-07-17,30.0,True,Research-generated IncentiveRewards mock
MOCK07624,BH_POST_DISCHARGE_7D,2025-07-01,30.0,True,Research-generated IncentiveRewards mock
MOCK07642,BH_POST_DISCHARGE_7D,2025-07-18,30.0,True,Research-generated IncentiveRewards mock
MOCK07654,BH_POST_DISCHARGE_7D,2025-08-06,30.0,False,Research-generated IncentiveRewards mock
MOCK07678,BH_POST_DISCHARGE_7D,2025-07-28,30.0,False,Research-generated IncentiveRewards mock
MOCK07684,BH_POST_DISCHARGE_7D,2025-07-23,30.0,False,Research-generated IncentiveRewards mock
MOCK07702,BH_POST_DISCHARGE_7D,2025-07-15,30.0,False,Research-generated IncentiveRewards mock
MOCK07708,BH_POST_DISCHARGE_7D,2025-07-22,30.0,True,Research-generated IncentiveRewards mock
MOCK07726,BH_POST_DISCHARGE_7D,2025-07-08,30.0,False,Research-generated IncentiveRewards mock
MOCK07732,BH_POST_DISCHARGE_7D,2025-07-26,30.0,True,Research-generated IncentiveRewards mock
MOCK07762,BH_POST_DISCHARGE_7D,2025-07-25,30.0,False,Research-generated IncentiveRewards mock
MOCK07774,BH_POST_DISCHARGE_7D,2025-07-01,30.0,False,Research-generated IncentiveRewards mock
MOCK07786,BH_POST_DISCHARGE_7D,2025-07-08,30.0,True,Research-generated IncentiveRewards mock
MOCK07792,BH_POST_DISCHARGE_7D,2025-07-09,30.0,True,Research-generated IncentiveRewards mock
MOCK07798,BH_POST_DISCHARGE_7D,2025-07-28,30.0,True,Research-generated IncentiveRewards mock
MOCK07804,BH_POST_DISCHARGE_7D,2025-07-19,30.0,True,Research-generated IncentiveRewards mock
MOCK07810,BH_POST_DISCHARGE_7D,2025-08-07,30.0,False,Research-generated IncentiveRewards mock
MOCK07840,BH_POST_DISCHARGE_7D,2025-07-27,30.0,True,Research-generated IncentiveRewards mock
MOCK07852,BH_POST_DISCHARGE_7D,2025-07-10,30.0,False,Research-generated IncentiveRewards mock
MOCK07858,BH_POST_DISCHARGE_7D,2025-07-18,30.0,False,Research-generated IncentiveRewards mock
MOCK07864,BH_POST_DISCHARGE_7D,2025-07-25,30.0,False,Research-generated IncentiveRewards mock
MOCK07870,BH_POST_DISCHARGE_7D,2025-07-14,30.0,True,Research-generated IncentiveRewards mock
MOCK07882,BH_POST_DISCHARGE_7D,2025-08-07,30.0,True,Research-generated IncentiveRewards mock
MOCK07888,BH_POST_DISCHARGE_7D,2025-07-16,30.0,True,Research-generated IncentiveRewards mock
MOCK07900,BH_POST_DISCHARGE_7D,2025-07-15,30.0,False,Research-generated IncentiveRewards mock
MOCK07912,BH_POST_DISCHARGE_7D,2025-07-06,30.0,True,Research-generated IncentiveRewards mock
MOCK07930,BH_POST_DISCHARGE_7D,2025-08-01,30.0,True,Research-generated IncentiveRewards mock
MOCK07942,BH_POST_DISCHARGE_7D,2025-07-30,30.0,True,Research-generated IncentiveRewards mock
MOCK07948,BH_POST_DISCHARGE_7D,2025-08-04,30.0,False,Research-generated IncentiveRewards mock
MOCK07966,BH_POST_DISCHARGE_7D,2025-07-03,30.0,True,Research-generated IncentiveRewards mock
MOCK07972,BH_POST_DISCHARGE_7D,2025-07-11,30.0,False,Research-generated IncentiveRewards mock
MOCK07978,BH_POST_DISCHARGE_7D,2025-07-01,30.0,False,Research-generated IncentiveRewards mock
MOCK07996,BH_POST_DISCHARGE_7D,2025-07-28,30.0,True,Research-generated IncentiveRewards mock
MOCK08008,BH_POST_DISCHARGE_7D,2025-07-12,30.0,True,Research-generated IncentiveRewards mock
MOCK08032,BH_POST_DISCHARGE_7D,2025-07-02,30.0,True,Research-generated IncentiveRewards mock
MOCK08038,BH_POST_DISCHARGE_7D,2025-07-15,30.0,False,Research-generated IncentiveRewards mock
MOCK08044,BH_POST_DISCHARGE_7D,2025-06-30,30.0,True,Research-generated IncentiveRewards mock
MOCK08062,BH_POST_DISCHARGE_7D,2025-08-01,30.0,False,Research-generated IncentiveRewards mock
MOCK08068,BH_POST_DISCHARGE_7D,2025-07-06,30.0,False,Research-generated IncentiveRewards mock
MOCK08074,BH_POST_DISCHARGE_7D,2025-06-30,30.0,True,Research-generated IncentiveRewards mock
MOCK08092,BH_POST_DISCHARGE_7D,2025-07-16,30.0,False,Research-generated IncentiveRewards mock
MOCK08104,BH_POST_DISCHARGE_7D,2025-07-10,30.0,True,Research-generated IncentiveRewards mock
MOCK08116,BH_POST_DISCHARGE_7D,2025-07-16,30.0,False,Research-generated IncentiveRewards mock
MOCK08122,BH_POST_DISCHARGE_7D,2025-07-10,30.0,False,Research-generated IncentiveRewards mock
MOCK08140,BH_POST_DISCHARGE_7D,2025-07-11,30.0,False,Research-generated IncentiveRewards mock
MOCK08158,BH_POST_DISCHARGE_7D,2025-07-04,30.0,False,Research-generated IncentiveRewards mock
MOCK08176,BH_POST_DISCHARGE_7D,2025-07-05,30.0,False,Research-generated IncentiveRewards mock
MOCK08194,BH_POST_DISCHARGE_7D,2025-07-01,30.0,False,Research-generated IncentiveRewards mock
MOCK08206,BH_POST_DISCHARGE_7D,2025-07-14,30.0,True,Research-generated IncentiveRewards mock
MOCK08224,BH_POST_DISCHARGE_7D,2025-07-31,30.0,True,Research-generated IncentiveRewards mock
MOCK08236,BH_POST_DISCHARGE_7D,2025-07-04,30.0,True,Research-generated IncentiveRewards mock
MOCK08254,BH_POST_DISCHARGE_7D,2025-07-05,30.0,False,Research-generated IncentiveRewards mock
MOCK08266,BH_POST_DISCHARGE_7D,2025-07-20,30.0,False,Research-generated IncentiveRewards mock
MOCK08290,BH_POST_DISCHARGE_7D,2025-07-23,30.0,True,Research-generated IncentiveRewards mock
MOCK08326,BH_POST_DISCHARGE_7D,2025-07-04,30.0,True,Research-generated IncentiveRewards mock
MOCK08332,BH_POST_DISCHARGE_7D,2025-08-03,30.0,True,Research-generated IncentiveRewards mock
MOCK08344,BH_POST_DISCHARGE_7D,2025-07-10,30.0,True,Research-generated IncentiveRewards mock
MOCK08392,BH_POST_DISCHARGE_7D,2025-07-11,30.0,True,Research-generated IncentiveRewards mock
MOCK08398,BH_POST_DISCHARGE_7D,2025-07-15,30.0,True,Research-generated IncentiveRewards mock
MOCK08404,BH_POST_DISCHARGE_7D,2025-07-09,30.0,True,Research-generated IncentiveRewards mock
MOCK08416,BH_POST_DISCHARGE_7D,2025-07-17,30.0,True,Research-generated IncentiveRewards mock
MOCK08434,BH_POST_DISCHARGE_7D,2025-07-13,30.0,True,Research-generated IncentiveRewards mock
MOCK08446,BH_POST_DISCHARGE_7D,2025-07-20,30.0,True,Research-generated IncentiveRewards mock
MOCK08464,BH_POST_DISCHARGE_7D,2025-07-27,30.0,False,Research-generated IncentiveRewards mock
MOCK08470,BH_POST_DISCHARGE_7D,2025-07-09,30.0,True,Research-generated IncentiveRewards mock
MOCK08482,BH_POST_DISCHARGE_7D,2025-07-27,30.0,True,Research-generated IncentiveRewards mock
MOCK08500,BH_POST_DISCHARGE_7D,2025-07-21,30.0,False,Research-generated IncentiveRewards mock
MOCK08506,BH_POST_DISCHARGE_7D,2025-07-30,30.0,True,Research-generated IncentiveRewards mock
MOCK08512,BH_POST_DISCHARGE_7D,2025-07-08,30.0,True,Research-generated IncentiveRewards mock
MOCK08530,BH_POST_DISCHARGE_7D,2025-07-12,30.0,False,Research-generated IncentiveRewards mock
MOCK08554,BH_POST_DISCHARGE_7D,2025-07-23,30.0,False,Research-generated IncentiveRewards mock
MOCK08560,BH_POST_DISCHARGE_7D,2025-07-05,30.0,True,Research-generated IncentiveRewards mock
MOCK08566,BH_POST_DISCHARGE_7D,2025-08-05,30.0,True,Research-generated IncentiveRewards mock
MOCK08584,BH_POST_DISCHARGE_7D,2025-07-23,30.0,True,Research-generated IncentiveRewards mock
MOCK08590,BH_POST_DISCHARGE_7D,2025-07-13,30.0,True,Research-generated IncentiveRewards mock
MOCK08602,BH_POST_DISCHARGE_7D,2025-07-27,30.0,True,Research-generated IncentiveRewards mock
MOCK08614,BH_POST_DISCHARGE_7D,2025-07-04,30.0,False,Research-generated IncentiveRewards mock
MOCK08620,BH_POST_DISCHARGE_7D,2025-08-01,30.0,True,Research-generated IncentiveRewards mock
MOCK08632,BH_POST_DISCHARGE_7D,2025-07-04,30.0,True,Research-generated IncentiveRewards mock
MOCK08644,BH_POST_DISCHARGE_7D,2025-07-27,30.0,False,Research-generated IncentiveRewards mock
MOCK08650,BH_POST_DISCHARGE_7D,2025-08-01,30.0,True,Research-generated IncentiveRewards mock
MOCK08662,BH_POST_DISCHARGE_7D,2025-07-24,30.0,True,Research-generated IncentiveRewards mock
MOCK08686,BH_POST_DISCHARGE_7D,2025-08-07,30.0,True,Research-generated IncentiveRewards mock
MOCK08692,BH_POST_DISCHARGE_7D,2025-07-10,30.0,True,Research-generated IncentiveRewards mock
MOCK08698,BH_POST_DISCHARGE_7D,2025-07-18,30.0,False,Research-generated IncentiveRewards mock
MOCK08710,BH_POST_DISCHARGE_7D,2025-07-20,30.0,True,Research-generated IncentiveRewards mock
MOCK08716,BH_POST_DISCHARGE_7D,2025-07-10,30.0,True,Research-generated IncentiveRewards mock
MOCK08728,BH_POST_DISCHARGE_7D,2025-07-26,30.0,True,Research-generated IncentiveRewards mock
MOCK08758,BH_POST_DISCHARGE_7D,2025-08-07,30.0,True,Research-generated IncentiveRewards mock
MOCK08776,BH_POST_DISCHARGE_7D,2025-08-03,30.0,False,Research-generated IncentiveRewards mock
MOCK08806,BH_POST_DISCHARGE_7D,2025-07-24,30.0,True,Research-generated IncentiveRewards mock
MOCK08812,BH_POST_DISCHARGE_7D,2025-07-11,30.0,True,Research-generated IncentiveRewards mock
MOCK08818,BH_POST_DISCHARGE_7D,2025-08-03,30.0,True,Research-generated IncentiveRewards mock
MOCK08824,BH_POST_DISCHARGE_7D,2025-07-07,30.0,True,Research-generated IncentiveRewards mock
MOCK08830,BH_POST_DISCHARGE_7D,2025-08-03,30.0,False,Research-generated IncentiveRewards mock
MOCK08836,BH_POST_DISCHARGE_7D,2025-08-03,30.0,True,Research-generated IncentiveRewards mock
MOCK08842,BH_POST_DISCHARGE_7D,2025-07-05,30.0,False,Research-generated IncentiveRewards mock
MOCK08854,BH_POST_DISCHARGE_7D,2025-08-07,30.0,False,Research-generated IncentiveRewards mock
MOCK08878,BH_POST_DISCHARGE_7D,2025-07-19,30.0,False,Research-generated IncentiveRewards mock
MOCK08902,BH_POST_DISCHARGE_7D,2025-07-17,30.0,False,Research-generated IncentiveRewards mock
MOCK08908,BH_POST_DISCHARGE_7D,2025-07-08,30.0,False,Research-generated IncentiveRewards mock
MOCK08920,BH_POST_DISCHARGE_7D,2025-07-04,30.0,True,Research-generated IncentiveRewards mock
MOCK08968,BH_POST_DISCHARGE_7D,2025-07-12,30.0,False,Research-generated IncentiveRewards mock
MOCK08992,BH_POST_DISCHARGE_7D,2025-07-29,30.0,False,Research-generated IncentiveRewards mock
MOCK08998,BH_POST_DISCHARGE_7D,2025-07-04,30.0,True,Research-generated IncentiveRewards mock
MOCK09010,BH_POST_DISCHARGE_7D,2025-07-22,30.0,False,Research-generated IncentiveRewards mock
MOCK09028,BH_POST_DISCHARGE_7D,2025-07-15,30.0,False,Research-generated IncentiveRewards mock
MOCK09034,BH_POST_DISCHARGE_7D,2025-08-07,30.0,False,Research-generated IncentiveRewards mock
MOCK09046,BH_POST_DISCHARGE_7D,2025-07-25,30.0,False,Research-generated IncentiveRewards mock
MOCK09070,BH_POST_DISCHARGE_7D,2025-07-22,30.0,False,Research-generated IncentiveRewards mock
MOCK09076,BH_POST_DISCHARGE_7D,2025-08-03,30.0,True,Research-generated IncentiveRewards mock
MOCK09088,BH_POST_DISCHARGE_7D,2025-07-18,30.0,True,Research-generated IncentiveRewards mock
MOCK09094,BH_POST_DISCHARGE_7D,2025-07-07,30.0,False,Research-generated IncentiveRewards mock
MOCK09106,BH_POST_DISCHARGE_7D,2025-08-02,30.0,False,Research-generated IncentiveRewards mock
MOCK09112,BH_POST_DISCHARGE_7D,2025-07-08,30.0,False,Research-generated IncentiveRewards mock
MOCK09124,BH_POST_DISCHARGE_7D,2025-07-18,30.0,True,Research-generated IncentiveRewards mock
MOCK09130,BH_POST_DISCHARGE_7D,2025-07-12,30.0,False,Research-generated IncentiveRewards mock
MOCK09136,BH_POST_DISCHARGE_7D,2025-07-27,30.0,True,Research-generated IncentiveRewards mock
MOCK09166,BH_POST_DISCHARGE_7D,2025-08-02,30.0,False,Research-generated IncentiveRewards mock
MOCK09178,BH_POST_DISCHARGE_7D,2025-07-25,30.0,False,Research-generated IncentiveRewards mock
MOCK09196,BH_POST_DISCHARGE_7D,2025-07-09,30.0,True,Research-generated IncentiveRewards mock
MOCK09214,BH_POST_DISCHARGE_7D,2025-07-25,30.0,False,Research-generated IncentiveRewards mock
MOCK09232,BH_POST_DISCHARGE_7D,2025-07-14,30.0,False,Research-generated IncentiveRewards mock
MOCK09238,BH_POST_DISCHARGE_7D,2025-08-03,30.0,False,Research-generated IncentiveRewards mock
MOCK09250,BH_POST_DISCHARGE_7D,2025-08-07,30.0,True,Research-generated IncentiveRewards mock
MOCK09256,BH_POST_DISCHARGE_7D,2025-07-24,30.0,False,Research-generated IncentiveRewards mock
MOCK09274,BH_POST_DISCHARGE_7D,2025-07-15,30.0,False,Research-generated IncentiveRewards mock
MOCK09280,BH_POST_DISCHARGE_7D,2025-08-02,30.0,True,Research-generated IncentiveRewards mock
MOCK09310,BH_POST_DISCHARGE_7D,2025-07-24,30.0,False,Research-generated IncentiveRewards mock
MOCK09334,BH_POST_DISCHARGE_7D,2025-07-21,30.0,True,Research-generated IncentiveRewards mock
MOCK09340,BH_POST_DISCHARGE_7D,2025-07-31,30.0,True,Research-generated IncentiveRewards mock
MOCK09364,BH_POST_DISCHARGE_7D,2025-07-30,30.0,False,Research-generated IncentiveRewards mock
MOCK09376,BH_POST_DISCHARGE_7D,2025-07-25,30.0,True,Research-generated IncentiveRewards mock
MOCK09400,BH_POST_DISCHARGE_7D,2025-07-08,30.0,True,Research-generated IncentiveRewards mock
MOCK09412,BH_POST_DISCHARGE_7D,2025-07-28,30.0,True,Research-generated IncentiveRewards mock
MOCK09448,BH_POST_DISCHARGE_7D,2025-07-08,30.0,True,Research-generated IncentiveRewards mock
MOCK09454,BH_POST_DISCHARGE_7D,2025-08-05,30.0,False,Research-generated IncentiveRewards mock
MOCK09478,BH_POST_DISCHARGE_7D,2025-07-20,30.0,True,Research-generated IncentiveRewards mock
MOCK09484,BH_POST_DISCHARGE_7D,2025-07-09,30.0,True,Research-generated IncentiveRewards mock
MOCK09514,BH_POST_DISCHARGE_7D,2025-07-08,30.0,True,Research-generated IncentiveRewards mock
MOCK09520,BH_POST_DISCHARGE_7D,2025-07-06,30.0,True,Research-generated IncentiveRewards mock
MOCK09526,BH_POST_DISCHARGE_7D,2025-07-27,30.0,True,Research-generated IncentiveRewards mock
MOCK09538,BH_POST_DISCHARGE_7D,2025-07-02,30.0,False,Research-generated IncentiveRewards mock
MOCK09544,BH_POST_DISCHARGE_7D,2025-07-18,30.0,False,Research-generated IncentiveRewards mock
MOCK09556,BH_POST_DISCHARGE_7D,2025-07-09,30.0,False,Research-generated IncentiveRewards mock
MOCK09568,BH_POST_DISCHARGE_7D,2025-07-09,30.0,False,Research-generated IncentiveRewards mock
MOCK09574,BH_POST_DISCHARGE_7D,2025-07-13,30.0,True,Research-generated IncentiveRewards mock
MOCK09580,BH_POST_DISCHARGE_7D,2025-06-30,30.0,False,Research-generated IncentiveRewards mock
MOCK09610,BH_POST_DISCHARGE_7D,2025-07-22,30.0,False,Research-generated IncentiveRewards mock
MOCK09622,BH_POST_DISCHARGE_7D,2025-07-24,30.0,True,Research-generated IncentiveRewards mock
MOCK09640,BH_POST_DISCHARGE_7D,2025-07-24,30.0,False,Research-generated IncentiveRewards mock
MOCK09658,BH_POST_DISCHARGE_7D,2025-07-06,30.0,True,Research-generated IncentiveRewards mock
MOCK09664,BH_POST_DISCHARGE_7D,2025-07-12,30.0,False,Research-generated IncentiveRewards mock
MOCK09682,BH_POST_DISCHARGE_7D,2025-08-04,30.0,True,Research-generated IncentiveRewards mock
MOCK09694,BH_POST_DISCHARGE_7D,2025-07-15,30.0,False,Research-generated IncentiveRewards mock
MOCK09706,BH_POST_DISCHARGE_7D,2025-07-02,30.0,True,Research-generated IncentiveRewards mock
MOCK09742,BH_POST_DISCHARGE_7D,2025-07-11,30.0,True,Research-generated IncentiveRewards mock
MOCK09748,BH_POST_DISCHARGE_7D,2025-08-04,30.0,False,Research-generated IncentiveRewards mock
MOCK09760,BH_POST_DISCHARGE_7D,2025-08-04,30.0,True,Research-generated IncentiveRewards mock
MOCK09772,BH_POST_DISCHARGE_7D,2025-07-08,30.0,True,Research-generated IncentiveRewards mock
MOCK09796,BH_POST_DISCHARGE_7D,2025-07-06,30.0,True,Research-generated IncentiveRewards mock
MOCK09826,BH_POST_DISCHARGE_7D,2025-07-23,30.0,True,Research-generated IncentiveRewards mock
MOCK09832,BH_POST_DISCHARGE_7D,2025-07-24,30.0,True,Research-generated IncentiveRewards mock
MOCK09838,BH_POST_DISCHARGE_7D,2025-07-21,30.0,True,Research-generated IncentiveRewards mock
MOCK09856,BH_POST_DISCHARGE_7D,2025-08-04,30.0,False,Research-generated IncentiveRewards mock
MOCK09868,BH_POST_DISCHARGE_7D,2025-07-04,30.0,True,Research-generated IncentiveRewards mock
MOCK09886,BH_POST_DISCHARGE_7D,2025-07-13,30.0,False,Research-generated IncentiveRewards mock
MOCK09892,BH_POST_DISCHARGE_7D,2025-08-02,30.0,False,Research-generated IncentiveRewards mock
MOCK09910,BH_POST_DISCHARGE_7D,2025-07-19,30.0,False,Research-generated IncentiveRewards mock
MOCK09928,BH_POST_DISCHARGE_7D,2025-07-23,30.0,True,Research-generated IncentiveRewards mock
MOCK09940,BH_POST_DISCHARGE_7D,2025-07-08,30.0,True,Research-generated IncentiveRewards mock
MOCK09958,BH_POST_DISCHARGE_7D,2025-08-06,30.0,False,Research-generated IncentiveRewards mock
MOCK09970,BH_POST_DISCHARGE_7D,2025-08-07,30.0,True,Research-generated IncentiveRewards mock
MOCK09988,BH_POST_DISCHARGE_7D,2025-07-23,30.0,False,Research-generated IncentiveRewards mock
MOCK10000,BH_POST_DISCHARGE_7D,2025-07-08,30.0,False,Research-generated IncentiveRewards mock
MOCK00031,DIAB_BLOOD_SUGAR,2025-07-06,15.0,False,Research-generated IncentiveRewards mock
MOCK00037,DIAB_BLOOD_SUGAR,2025-08-05,15.0,False,Research-generated IncentiveRewards mock
MOCK00049,DIAB_BLOOD_SUGAR,2025-07-25,15.0,True,Research-generated IncentiveRewards mock
MOCK00055,DIAB_BLOOD_SUGAR,2025-07-17,15.0,True,Research-generated IncentiveRewards mock
MOCK00061,DIAB_BLOOD_SUGAR,2025-07-25,15.0,True,Research-generated IncentiveRewards mock
MOCK00079,DIAB_BLOOD_SUGAR,2025-07-25,15.0,False,Research-generated IncentiveRewards mock
MOCK00085,DIAB_BLOOD_SUGAR,2025-08-01,15.0,True,Research-generated IncentiveRewards mock
MOCK00097,DIAB_BLOOD_SUGAR,2025-07-31,15.0,True,Research-generated IncentiveRewards mock
MOCK00121,DIAB_BLOOD_SUGAR,2025-07-23,15.0,True,Research-generated IncentiveRewards mock
MOCK00139,DIAB_BLOOD_SUGAR,2025-07-07,15.0,False,Research-generated IncentiveRewards mock
MOCK00151,DIAB_BLOOD_SUGAR,2025-07-28,15.0,True,Research-generated IncentiveRewards mock
MOCK00169,DIAB_BLOOD_SUGAR,2025-07-02,15.0,False,Research-generated IncentiveRewards mock
MOCK00181,DIAB_BLOOD_SUGAR,2025-08-02,15.0,True,Research-generated IncentiveRewards mock
MOCK00187,DIAB_BLOOD_SUGAR,2025-07-19,15.0,False,Research-generated IncentiveRewards mock
MOCK00199,DIAB_BLOOD_SUGAR,2025-07-18,15.0,True,Research-generated IncentiveRewards mock
MOCK00211,DIAB_BLOOD_SUGAR,2025-07-23,15.0,True,Research-generated IncentiveRewards mock
MOCK00259,DIAB_BLOOD_SUGAR,2025-08-03,15.0,False,Research-generated IncentiveRewards mock
MOCK00265,DIAB_BLOOD_SUGAR,2025-07-18,15.0,True,Research-generated IncentiveRewards mock
MOCK00271,DIAB_BLOOD_SUGAR,2025-07-24,15.0,True,Research-generated IncentiveRewards mock
MOCK00301,DIAB_BLOOD_SUGAR,2025-07-30,15.0,True,Research-generated IncentiveRewards mock
MOCK00313,DIAB_BLOOD_SUGAR,2025-07-16,15.0,False,Research-generated IncentiveRewards mock
MOCK00319,DIAB_BLOOD_SUGAR,2025-07-12,15.0,True,Research-generated IncentiveRewards mock
MOCK00331,DIAB_BLOOD_SUGAR,2025-07-23,15.0,True,Research-generated IncentiveRewards mock
MOCK00355,DIAB_BLOOD_SUGAR,2025-06-30,15.0,False,Research-generated IncentiveRewards mock
MOCK00361,DIAB_BLOOD_SUGAR,2025-08-02,15.0,False,Research-generated IncentiveRewards mock
MOCK00367,DIAB_BLOOD_SUGAR,2025-08-02,15.0,True,Research-generated IncentiveRewards mock
MOCK00379,DIAB_BLOOD_SUGAR,2025-07-01,15.0,True,Research-generated IncentiveRewards mock
MOCK00385,DIAB_BLOOD_SUGAR,2025-07-30,15.0,False,Research-generated IncentiveRewards mock
MOCK00409,DIAB_BLOOD_SUGAR,2025-07-09,15.0,True,Research-generated IncentiveRewards mock
MOCK00421,DIAB_BLOOD_SUGAR,2025-07-14,15.0,True,Research-generated IncentiveRewards mock
MOCK00427,DIAB_BLOOD_SUGAR,2025-08-03,15.0,True,Research-generated IncentiveRewards mock
MOCK00433,DIAB_BLOOD_SUGAR,2025-07-29,15.0,False,Research-generated IncentiveRewards mock
MOCK00451,DIAB_BLOOD_SUGAR,2025-08-03,15.0,False,Research-generated IncentiveRewards mock
MOCK00469,DIAB_BLOOD_SUGAR,2025-07-05,15.0,False,Research-generated IncentiveRewards mock
MOCK00481,DIAB_BLOOD_SUGAR,2025-07-08,15.0,True,Research-generated IncentiveRewards mock
MOCK00487,DIAB_BLOOD_SUGAR,2025-07-05,15.0,True,Research-generated IncentiveRewards mock
MOCK00499,DIAB_BLOOD_SUGAR,2025-07-12,15.0,True,Research-generated IncentiveRewards mock
MOCK00511,DIAB_BLOOD_SUGAR,2025-07-15,15.0,False,Research-generated IncentiveRewards mock
MOCK00547,DIAB_BLOOD_SUGAR,2025-07-08,15.0,False,Research-generated IncentiveRewards mock
MOCK00553,DIAB_BLOOD_SUGAR,2025-07-31,15.0,True,Research-generated IncentiveRewards mock
MOCK00571,DIAB_BLOOD_SUGAR,2025-07-06,15.0,False,Research-generated IncentiveRewards mock
MOCK00583,DIAB_BLOOD_SUGAR,2025-08-07,15.0,True,Research-generated IncentiveRewards mock
MOCK00589,DIAB_BLOOD_SUGAR,2025-07-31,15.0,False,Research-generated IncentiveRewards mock
MOCK00613,DIAB_BLOOD_SUGAR,2025-07-19,15.0,True,Research-generated IncentiveRewards mock
MOCK00619,DIAB_BLOOD_SUGAR,2025-07-21,15.0,True,Research-generated IncentiveRewards mock
MOCK00631,DIAB_BLOOD_SUGAR,2025-07-04,15.0,True,Research-generated IncentiveRewards mock
MOCK00643,DIAB_BLOOD_SUGAR,2025-07-31,15.0,True,Research-generated IncentiveRewards mock
MOCK00649,DIAB_BLOOD_SUGAR,2025-07-21,15.0,False,Research-generated IncentiveRewards mock
MOCK00655,DIAB_BLOOD_SUGAR,2025-07-10,15.0,True,Research-generated IncentiveRewards mock
MOCK00661,DIAB_BLOOD_SUGAR,2025-07-02,15.0,False,Research-generated IncentiveRewards mock
MOCK00667,DIAB_BLOOD_SUGAR,2025-07-21,15.0,True,Research-generated IncentiveRewards mock
MOCK00685,DIAB_BLOOD_SUGAR,2025-08-07,15.0,True,Research-generated IncentiveRewards mock
MOCK00697,DIAB_BLOOD_SUGAR,2025-07-19,15.0,False,Research-generated IncentiveRewards mock
MOCK00703,DIAB_BLOOD_SUGAR,2025-07-02,15.0,True,Research-generated IncentiveRewards mock
MOCK00727,DIAB_BLOOD_SUGAR,2025-07-06,15.0,False,Research-generated IncentiveRewards mock
MOCK00733,DIAB_BLOOD_SUGAR,2025-08-04,15.0,False,Research-generated IncentiveRewards mock
MOCK00763,DIAB_BLOOD_SUGAR,2025-08-04,15.0,False,Research-generated IncentiveRewards mock
MOCK00781,DIAB_BLOOD_SUGAR,2025-08-07,15.0,True,Research-generated IncentiveRewards mock
MOCK00787,DIAB_BLOOD_SUGAR,2025-07-24,15.0,True,Research-generated IncentiveRewards mock
MOCK00799,DIAB_BLOOD_SUGAR,2025-07-13,15.0,False,Research-generated IncentiveRewards mock
MOCK00847,DIAB_BLOOD_SUGAR,2025-07-13,15.0,True,Research-generated IncentiveRewards mock
MOCK00859,DIAB_BLOOD_SUGAR,2025-07-17,15.0,False,Research-generated IncentiveRewards mock
MOCK00865,DIAB_BLOOD_SUGAR,2025-08-05,15.0,True,Research-generated IncentiveRewards mock
MOCK00877,DIAB_BLOOD_SUGAR,2025-07-23,15.0,False,Research-generated IncentiveRewards mock
MOCK00883,DIAB_BLOOD_SUGAR,2025-08-07,15.0,False,Research-generated IncentiveRewards mock
MOCK00889,DIAB_BLOOD_SUGAR,2025-07-23,15.0,False,Research-generated IncentiveRewards mock
MOCK00907,DIAB_BLOOD_SUGAR,2025-07-19,15.0,True,Research-generated IncentiveRewards mock
MOCK00919,DIAB_BLOOD_SUGAR,2025-07-05,15.0,False,Research-generated IncentiveRewards mock
MOCK00931,DIAB_BLOOD_SUGAR,2025-07-13,15.0,True,Research-generated IncentiveRewards mock
MOCK00961,DIAB_BLOOD_SUGAR,2025-07-16,15.0,False,Research-generated IncentiveRewards mock
MOCK00973,DIAB_BLOOD_SUGAR,2025-07-16,15.0,False,Research-generated IncentiveRewards mock
MOCK00985,DIAB_BLOOD_SUGAR,2025-07-14,15.0,True,Research-generated IncentiveRewards mock
MOCK00991,DIAB_BLOOD_SUGAR,2025-07-02,15.0,False,Research-generated IncentiveRewards mock
MOCK00997,DIAB_BLOOD_SUGAR,2025-08-02,15.0,True,Research-generated IncentiveRewards mock
MOCK01003,DIAB_BLOOD_SUGAR,2025-08-05,15.0,False,Research-generated IncentiveRewards mock
MOCK01021,DIAB_BLOOD_SUGAR,2025-07-20,15.0,False,Research-generated IncentiveRewards mock
MOCK01039,DIAB_BLOOD_SUGAR,2025-07-16,15.0,True,Research-generated IncentiveRewards mock
MOCK01045,DIAB_BLOOD_SUGAR,2025-07-29,15.0,True,Research-generated IncentiveRewards mock
MOCK01057,DIAB_BLOOD_SUGAR,2025-08-01,15.0,False,Research-generated IncentiveRewards mock
MOCK01069,DIAB_BLOOD_SUGAR,2025-07-31,15.0,True,Research-generated IncentiveRewards mock
MOCK01075,DIAB_BLOOD_SUGAR,2025-07-16,15.0,False,Research-generated IncentiveRewards mock
MOCK01099,DIAB_BLOOD_SUGAR,2025-07-13,15.0,True,Research-generated IncentiveRewards mock
MOCK01171,DIAB_BLOOD_SUGAR,2025-08-01,15.0,True,Research-generated IncentiveRewards mock
MOCK01177,DIAB_BLOOD_SUGAR,2025-08-06,15.0,False,Research-generated IncentiveRewards mock
MOCK01183,DIAB_BLOOD_SUGAR,2025-08-02,15.0,True,Research-generated IncentiveRewards mock
MOCK01195,DIAB_BLOOD_SUGAR,2025-07-21,15.0,True,Research-generated IncentiveRewards mock
MOCK01201,DIAB_BLOOD_SUGAR,2025-07-31,15.0,False,Research-generated IncentiveRewards mock
MOCK01213,DIAB_BLOOD_SUGAR,2025-07-26,15.0,True,Research-generated IncentiveRewards mock
MOCK01231,DIAB_BLOOD_SUGAR,2025-07-23,15.0,True,Research-generated IncentiveRewards mock
MOCK01237,DIAB_BLOOD_SUGAR,2025-07-28,15.0,False,Research-generated IncentiveRewards mock
MOCK01261,DIAB_BLOOD_SUGAR,2025-08-02,15.0,False,Research-generated IncentiveRewards mock
MOCK01285,DIAB_BLOOD_SUGAR,2025-07-22,15.0,False,Research-generated IncentiveRewards mock
MOCK01303,DIAB_BLOOD_SUGAR,2025-08-01,15.0,True,Research-generated IncentiveRewards mock
MOCK01333,DIAB_BLOOD_SUGAR,2025-07-29,15.0,False,Research-generated IncentiveRewards mock
MOCK01345,DIAB_BLOOD_SUGAR,2025-07-13,15.0,False,Research-generated IncentiveRewards mock
MOCK01357,DIAB_BLOOD_SUGAR,2025-07-03,15.0,True,Research-generated IncentiveRewards mock
MOCK01363,DIAB_BLOOD_SUGAR,2025-07-04,15.0,True,Research-generated IncentiveRewards mock
MOCK01375,DIAB_BLOOD_SUGAR,2025-08-05,15.0,False,Research-generated IncentiveRewards mock
MOCK01387,DIAB_BLOOD_SUGAR,2025-07-23,15.0,True,Research-generated IncentiveRewards mock
MOCK01393,DIAB_BLOOD_SUGAR,2025-07-31,15.0,False,Research-generated IncentiveRewards mock
MOCK01399,DIAB_BLOOD_SUGAR,2025-07-29,15.0,False,Research-generated IncentiveRewards mock
MOCK01405,DIAB_BLOOD_SUGAR,2025-08-06,15.0,True,Research-generated IncentiveRewards mock
MOCK01417,DIAB_BLOOD_SUGAR,2025-07-15,15.0,True,Research-generated IncentiveRewards mock
MOCK01435,DIAB_BLOOD_SUGAR,2025-07-24,15.0,True,Research-generated IncentiveRewards mock
MOCK01441,DIAB_BLOOD_SUGAR,2025-07-21,15.0,True,Research-generated IncentiveRewards mock
MOCK01447,DIAB_BLOOD_SUGAR,2025-07-11,15.0,True,Research-generated IncentiveRewards mock
MOCK01453,DIAB_BLOOD_SUGAR,2025-07-04,15.0,True,Research-generated IncentiveRewards mock
MOCK01459,DIAB_BLOOD_SUGAR,2025-07-16,15.0,False,Research-generated IncentiveRewards mock
MOCK01495,DIAB_BLOOD_SUGAR,2025-07-01,15.0,True,Research-generated IncentiveRewards mock
MOCK01501,DIAB_BLOOD_SUGAR,2025-07-25,15.0,True,Research-generated IncentiveRewards mock
MOCK01513,DIAB_BLOOD_SUGAR,2025-07-04,15.0,False,Research-generated IncentiveRewards mock
MOCK01519,DIAB_BLOOD_SUGAR,2025-07-08,15.0,False,Research-generated IncentiveRewards mock
MOCK01531,DIAB_BLOOD_SUGAR,2025-08-04,15.0,True,Research-generated IncentiveRewards mock
MOCK01537,DIAB_BLOOD_SUGAR,2025-07-19,15.0,False,Research-generated IncentiveRewards mock
MOCK01549,DIAB_BLOOD_SUGAR,2025-07-07,15.0,False,Research-generated IncentiveRewards mock
MOCK01555,DIAB_BLOOD_SUGAR,2025-07-11,15.0,False,Research-generated IncentiveRewards mock
MOCK01561,DIAB_BLOOD_SUGAR,2025-08-05,15.0,True,Research-generated IncentiveRewards mock
MOCK01567,DIAB_BLOOD_SUGAR,2025-07-06,15.0,False,Research-generated IncentiveRewards mock
MOCK01591,DIAB_BLOOD_SUGAR,2025-07-18,15.0,True,Research-generated IncentiveRewards mock
MOCK01597,DIAB_BLOOD_SUGAR,2025-07-14,15.0,True,Research-generated IncentiveRewards mock
MOCK01609,DIAB_BLOOD_SUGAR,2025-08-06,15.0,True,Research-generated IncentiveRewards mock
MOCK01615,DIAB_BLOOD_SUGAR,2025-07-19,15.0,False,Research-generated IncentiveRewards mock
MOCK01663,DIAB_BLOOD_SUGAR,2025-08-01,15.0,False,Research-generated IncentiveRewards mock
MOCK01669,DIAB_BLOOD_SUGAR,2025-07-27,15.0,True,Research-generated IncentiveRewards mock
MOCK01675,DIAB_BLOOD_SUGAR,2025-07-24,15.0,False,Research-generated IncentiveRewards mock
MOCK01699,DIAB_BLOOD_SUGAR,2025-07-12,15.0,True,Research-generated IncentiveRewards mock
MOCK01711,DIAB_BLOOD_SUGAR,2025-08-05,15.0,True,Research-generated IncentiveRewards mock
MOCK01717,DIAB_BLOOD_SUGAR,2025-07-10,15.0,True,Research-generated IncentiveRewards mock
MOCK01741,DIAB_BLOOD_SUGAR,2025-07-03,15.0,False,Research-generated IncentiveRewards mock
MOCK01747,DIAB_BLOOD_SUGAR,2025-08-03,15.0,True,Research-generated IncentiveRewards mock
MOCK01759,DIAB_BLOOD_SUGAR,2025-07-18,15.0,False,Research-generated IncentiveRewards mock
MOCK01771,DIAB_BLOOD_SUGAR,2025-08-03,15.0,False,Research-generated IncentiveRewards mock
MOCK01777,DIAB_BLOOD_SUGAR,2025-07-30,15.0,True,Research-generated IncentiveRewards mock
MOCK01783,DIAB_BLOOD_SUGAR,2025-07-10,15.0,True,Research-generated IncentiveRewards mock
MOCK01801,DIAB_BLOOD_SUGAR,2025-07-05,15.0,False,Research-generated IncentiveRewards mock
MOCK01807,DIAB_BLOOD_SUGAR,2025-07-03,15.0,True,Research-generated IncentiveRewards mock
MOCK01825,DIAB_BLOOD_SUGAR,2025-07-25,15.0,False,Research-generated IncentiveRewards mock
MOCK01831,DIAB_BLOOD_SUGAR,2025-07-08,15.0,True,Research-generated IncentiveRewards mock
MOCK01849,DIAB_BLOOD_SUGAR,2025-07-13,15.0,True,Research-generated IncentiveRewards mock
MOCK01855,DIAB_BLOOD_SUGAR,2025-06-30,15.0,True,Research-generated IncentiveRewards mock
MOCK01861,DIAB_BLOOD_SUGAR,2025-07-16,15.0,True,Research-generated IncentiveRewards mock
MOCK01867,DIAB_BLOOD_SUGAR,2025-07-12,15.0,True,Research-generated IncentiveRewards mock
MOCK01873,DIAB_BLOOD_SUGAR,2025-07-20,15.0,True,Research-generated IncentiveRewards mock
MOCK01879,DIAB_BLOOD_SUGAR,2025-07-22,15.0,True,Research-generated IncentiveRewards mock
MOCK01885,DIAB_BLOOD_SUGAR,2025-07-12,15.0,False,Research-generated IncentiveRewards mock
MOCK01891,DIAB_BLOOD_SUGAR,2025-07-17,15.0,False,Research-generated IncentiveRewards mock
MOCK01915,DIAB_BLOOD_SUGAR,2025-08-07,15.0,True,Research-generated IncentiveRewards mock
MOCK01939,DIAB_BLOOD_SUGAR,2025-07-04,15.0,False,Research-generated IncentiveRewards mock
MOCK01945,DIAB_BLOOD_SUGAR,2025-08-02,15.0,False,Research-generated IncentiveRewards mock
MOCK01957,DIAB_BLOOD_SUGAR,2025-07-23,15.0,False,Research-generated IncentiveRewards mock
MOCK01963,DIAB_BLOOD_SUGAR,2025-07-25,15.0,False,Research-generated IncentiveRewards mock
MOCK01969,DIAB_BLOOD_SUGAR,2025-07-12,15.0,True,Research-generated IncentiveRewards mock
MOCK01987,DIAB_BLOOD_SUGAR,2025-07-14,15.0,False,Research-generated IncentiveRewards mock
MOCK02005,DIAB_BLOOD_SUGAR,2025-07-09,15.0,False,Research-generated IncentiveRewards mock
MOCK02011,DIAB_BLOOD_SUGAR,2025-07-04,15.0,False,Research-generated IncentiveRewards mock
MOCK02017,DIAB_BLOOD_SUGAR,2025-08-03,15.0,True,Research-generated IncentiveRewards mock
MOCK02047,DIAB_BLOOD_SUGAR,2025-07-24,15.0,False,Research-generated IncentiveRewards mock
MOCK02077,DIAB_BLOOD_SUGAR,2025-07-28,15.0,True,Research-generated IncentiveRewards mock
MOCK02083,DIAB_BLOOD_SUGAR,2025-07-06,15.0,True,Research-generated IncentiveRewards mock
MOCK02089,DIAB_BLOOD_SUGAR,2025-08-03,15.0,False,Research-generated IncentiveRewards mock
MOCK02113,DIAB_BLOOD_SUGAR,2025-07-23,15.0,True,Research-generated IncentiveRewards mock
MOCK02119,DIAB_BLOOD_SUGAR,2025-06-30,15.0,True,Research-generated IncentiveRewards mock
MOCK02125,DIAB_BLOOD_SUGAR,2025-06-30,15.0,False,Research-generated IncentiveRewards mock
MOCK02161,DIAB_BLOOD_SUGAR,2025-07-21,15.0,True,Research-generated IncentiveRewards mock
MOCK02167,DIAB_BLOOD_SUGAR,2025-07-15,15.0,False,Research-generated IncentiveRewards mock
MOCK02173,DIAB_BLOOD_SUGAR,2025-07-22,15.0,False,Research-generated IncentiveRewards mock
MOCK02179,DIAB_BLOOD_SUGAR,2025-06-30,15.0,True,Research-generated IncentiveRewards mock
MOCK02191,DIAB_BLOOD_SUGAR,2025-07-26,15.0,False,Research-generated IncentiveRewards mock
MOCK02221,DIAB_BLOOD_SUGAR,2025-07-12,15.0,True,Research-generated IncentiveRewards mock
MOCK02233,DIAB_BLOOD_SUGAR,2025-07-28,15.0,True,Research-generated IncentiveRewards mock
MOCK02251,DIAB_BLOOD_SUGAR,2025-08-03,15.0,True,Research-generated IncentiveRewards mock
MOCK02257,DIAB_BLOOD_SUGAR,2025-07-12,15.0,True,Research-generated IncentiveRewards mock
MOCK02281,DIAB_BLOOD_SUGAR,2025-07-08,15.0,True,Research-generated IncentiveRewards mock
MOCK02299,DIAB_BLOOD_SUGAR,2025-07-04,15.0,True,Research-generated IncentiveRewards mock
MOCK02323,DIAB_BLOOD_SUGAR,2025-08-03,15.0,False,Research-generated IncentiveRewards mock
MOCK02329,DIAB_BLOOD_SUGAR,2025-07-04,15.0,False,Research-generated IncentiveRewards mock
MOCK02347,DIAB_BLOOD_SUGAR,2025-07-17,15.0,True,Research-generated IncentiveRewards mock
MOCK02359,DIAB_BLOOD_SUGAR,2025-07-13,15.0,True,Research-generated IncentiveRewards mock
MOCK02371,DIAB_BLOOD_SUGAR,2025-07-29,15.0,True,Research-generated IncentiveRewards mock
MOCK02377,DIAB_BLOOD_SUGAR,2025-07-08,15.0,False,Research-generated IncentiveRewards mock
MOCK02389,DIAB_BLOOD_SUGAR,2025-08-07,15.0,True,Research-generated IncentiveRewards mock
MOCK02407,DIAB_BLOOD_SUGAR,2025-07-06,15.0,True,Research-generated IncentiveRewards mock
MOCK02437,DIAB_BLOOD_SUGAR,2025-07-14,15.0,False,Research-generated IncentiveRewards mock
MOCK02443,DIAB_BLOOD_SUGAR,2025-07-06,15.0,False,Research-generated IncentiveRewards mock
MOCK02449,DIAB_BLOOD_SUGAR,2025-07-24,15.0,True,Research-generated IncentiveRewards mock
MOCK02461,DIAB_BLOOD_SUGAR,2025-08-07,15.0,False,Research-generated IncentiveRewards mock
MOCK02467,DIAB_BLOOD_SUGAR,2025-07-02,15.0,True,Research-generated IncentiveRewards mock
MOCK02479,DIAB_BLOOD_SUGAR,2025-08-05,15.0,True,Research-generated IncentiveRewards mock
MOCK02497,DIAB_BLOOD_SUGAR,2025-07-29,15.0,False,Research-generated IncentiveRewards mock
MOCK02503,DIAB_BLOOD_SUGAR,2025-07-02,15.0,False,Research-generated IncentiveRewards mock
MOCK02509,DIAB_BLOOD_SUGAR,2025-08-04,15.0,True,Research-generated IncentiveRewards mock
MOCK02521,DIAB_BLOOD_SUGAR,2025-08-02,15.0,True,Research-generated IncentiveRewards mock
MOCK02539,DIAB_BLOOD_SUGAR,2025-08-06,15.0,True,Research-generated IncentiveRewards mock
MOCK02557,DIAB_BLOOD_SUGAR,2025-07-12,15.0,True,Research-generated IncentiveRewards mock
MOCK02569,DIAB_BLOOD_SUGAR,2025-07-22,15.0,False,Research-generated IncentiveRewards mock
MOCK02581,DIAB_BLOOD_SUGAR,2025-07-09,15.0,True,Research-generated IncentiveRewards mock
MOCK02611,DIAB_BLOOD_SUGAR,2025-07-11,15.0,True,Research-generated IncentiveRewards mock
MOCK02623,DIAB_BLOOD_SUGAR,2025-07-04,15.0,True,Research-generated IncentiveRewards mock
MOCK02629,DIAB_BLOOD_SUGAR,2025-07-19,15.0,True,Research-generated IncentiveRewards mock
MOCK02635,DIAB_BLOOD_SUGAR,2025-07-03,15.0,False,Research-generated IncentiveRewards mock
MOCK02653,DIAB_BLOOD_SUGAR,2025-08-03,15.0,False,Research-generated IncentiveRewards mock
MOCK02671,DIAB_BLOOD_SUGAR,2025-07-04,15.0,True,Research-generated IncentiveRewards mock
MOCK02707,DIAB_BLOOD_SUGAR,2025-07-05,15.0,True,Research-generated IncentiveRewards mock
MOCK02719,DIAB_BLOOD_SUGAR,2025-06-30,15.0,True,Research-generated IncentiveRewards mock
MOCK02725,DIAB_BLOOD_SUGAR,2025-07-13,15.0,True,Research-generated IncentiveRewards mock
MOCK02731,DIAB_BLOOD_SUGAR,2025-07-07,15.0,False,Research-generated IncentiveRewards mock
MOCK02743,DIAB_BLOOD_SUGAR,2025-07-09,15.0,True,Research-generated IncentiveRewards mock
MOCK02749,DIAB_BLOOD_SUGAR,2025-08-07,15.0,True,Research-generated IncentiveRewards mock
MOCK02755,DIAB_BLOOD_SUGAR,2025-07-31,15.0,True,Research-generated IncentiveRewards mock
MOCK02767,DIAB_BLOOD_SUGAR,2025-08-04,15.0,True,Research-generated IncentiveRewards mock
MOCK02773,DIAB_BLOOD_SUGAR,2025-07-08,15.0,True,Research-generated IncentiveRewards mock
MOCK02779,DIAB_BLOOD_SUGAR,2025-07-15,15.0,True,Research-generated IncentiveRewards mock
MOCK02791,DIAB_BLOOD_SUGAR,2025-07-15,15.0,False,Research-generated IncentiveRewards mock
MOCK02797,DIAB_BLOOD_SUGAR,2025-07-29,15.0,False,Research-generated IncentiveRewards mock
MOCK02863,DIAB_BLOOD_SUGAR,2025-07-22,15.0,False,Research-generated IncentiveRewards mock
MOCK02887,DIAB_BLOOD_SUGAR,2025-07-11,15.0,False,Research-generated IncentiveRewards mock
MOCK02893,DIAB_BLOOD_SUGAR,2025-07-04,15.0,False,Research-generated IncentiveRewards mock
MOCK02911,DIAB_BLOOD_SUGAR,2025-07-10,15.0,False,Research-generated IncentiveRewards mock
MOCK02923,DIAB_BLOOD_SUGAR,2025-07-17,15.0,False,Research-generated IncentiveRewards mock
MOCK02947,DIAB_BLOOD_SUGAR,2025-07-19,15.0,True,Research-generated IncentiveRewards mock
MOCK02953,DIAB_BLOOD_SUGAR,2025-07-16,15.0,True,Research-generated IncentiveRewards mock
MOCK02959,DIAB_BLOOD_SUGAR,2025-07-07,15.0,True,Research-generated IncentiveRewards mock
MOCK02989,DIAB_BLOOD_SUGAR,2025-07-03,15.0,False,Research-generated IncentiveRewards mock
MOCK02995,DIAB_BLOOD_SUGAR,2025-07-18,15.0,False,Research-generated IncentiveRewards mock
MOCK03013,DIAB_BLOOD_SUGAR,2025-07-15,15.0,False,Research-generated IncentiveRewards mock
MOCK03031,DIAB_BLOOD_SUGAR,2025-07-31,15.0,False,Research-generated IncentiveRewards mock
MOCK03037,DIAB_BLOOD_SUGAR,2025-07-17,15.0,False,Research-generated IncentiveRewards mock
MOCK03049,DIAB_BLOOD_SUGAR,2025-07-22,15.0,False,Research-generated IncentiveRewards mock
MOCK03055,DIAB_BLOOD_SUGAR,2025-08-03,15.0,False,Research-generated IncentiveRewards mock
MOCK03073,DIAB_BLOOD_SUGAR,2025-07-13,15.0,True,Research-generated IncentiveRewards mock
MOCK03079,DIAB_BLOOD_SUGAR,2025-07-16,15.0,False,Research-generated IncentiveRewards mock
MOCK03091,DIAB_BLOOD_SUGAR,2025-07-16,15.0,True,Research-generated IncentiveRewards mock
MOCK03109,DIAB_BLOOD_SUGAR,2025-08-07,15.0,True,Research-generated IncentiveRewards mock
MOCK03121,DIAB_BLOOD_SUGAR,2025-07-12,15.0,True,Research-generated IncentiveRewards mock
MOCK03139,DIAB_BLOOD_SUGAR,2025-07-06,15.0,False,Research-generated IncentiveRewards mock
MOCK03145,DIAB_BLOOD_SUGAR,2025-08-03,15.0,True,Research-generated IncentiveRewards mock
MOCK03163,DIAB_BLOOD_SUGAR,2025-07-14,15.0,False,Research-generated IncentiveRewards mock
MOCK03169,DIAB_BLOOD_SUGAR,2025-07-09,15.0,True,Research-generated IncentiveRewards mock
MOCK03175,DIAB_BLOOD_SUGAR,2025-07-01,15.0,True,Research-generated IncentiveRewards mock
MOCK03187,DIAB_BLOOD_SUGAR,2025-07-12,15.0,True,Research-generated IncentiveRewards mock
MOCK03193,DIAB_BLOOD_SUGAR,2025-08-03,15.0,False,Research-generated IncentiveRewards mock
MOCK03199,DIAB_BLOOD_SUGAR,2025-08-02,15.0,False,Research-generated IncentiveRewards mock
MOCK03235,DIAB_BLOOD_SUGAR,2025-08-06,15.0,False,Research-generated IncentiveRewards mock
MOCK03241,DIAB_BLOOD_SUGAR,2025-07-25,15.0,False,Research-generated IncentiveRewards mock
MOCK03247,DIAB_BLOOD_SUGAR,2025-08-03,15.0,True,Research-generated IncentiveRewards mock
MOCK03253,DIAB_BLOOD_SUGAR,2025-07-23,15.0,True,Research-generated IncentiveRewards mock
MOCK03265,DIAB_BLOOD_SUGAR,2025-08-02,15.0,True,Research-generated IncentiveRewards mock
MOCK03277,DIAB_BLOOD_SUGAR,2025-07-16,15.0,True,Research-generated IncentiveRewards mock
MOCK03289,DIAB_BLOOD_SUGAR,2025-08-07,15.0,False,Research-generated IncentiveRewards mock
MOCK03295,DIAB_BLOOD_SUGAR,2025-07-29,15.0,True,Research-generated IncentiveRewards mock
MOCK03301,DIAB_BLOOD_SUGAR,2025-08-04,15.0,True,Research-generated IncentiveRewards mock
MOCK03343,DIAB_BLOOD_SUGAR,2025-07-28,15.0,True,Research-generated IncentiveRewards mock
MOCK03349,DIAB_BLOOD_SUGAR,2025-07-29,15.0,False,Research-generated IncentiveRewards mock
MOCK03355,DIAB_BLOOD_SUGAR,2025-08-06,15.0,False,Research-generated IncentiveRewards mock
MOCK03385,DIAB_BLOOD_SUGAR,2025-07-07,15.0,False,Research-generated IncentiveRewards mock
MOCK03409,DIAB_BLOOD_SUGAR,2025-07-30,15.0,True,Research-generated IncentiveRewards mock
MOCK03415,DIAB_BLOOD_SUGAR,2025-07-04,15.0,True,Research-generated IncentiveRewards mock
MOCK03421,DIAB_BLOOD_SUGAR,2025-07-06,15.0,False,Research-generated IncentiveRewards mock
MOCK03439,DIAB_BLOOD_SUGAR,2025-07-21,15.0,False,Research-generated IncentiveRewards mock
MOCK03487,DIAB_BLOOD_SUGAR,2025-07-17,15.0,True,Research-generated IncentiveRewards mock
MOCK03493,DIAB_BLOOD_SUGAR,2025-07-21,15.0,True,Research-generated IncentiveRewards mock
MOCK03529,DIAB_BLOOD_SUGAR,2025-08-07,15.0,True,Research-generated IncentiveRewards mock
MOCK03535,DIAB_BLOOD_SUGAR,2025-07-22,15.0,True,Research-generated IncentiveRewards mock
MOCK03541,DIAB_BLOOD_SUGAR,2025-07-10,15.0,True,Research-generated IncentiveRewards mock
MOCK03547,DIAB_BLOOD_SUGAR,2025-08-07,15.0,True,Research-generated IncentiveRewards mock
MOCK03553,DIAB_BLOOD_SUGAR,2025-07-25,15.0,False,Research-generated IncentiveRewards mock
MOCK03565,DIAB_BLOOD_SUGAR,2025-07-12,15.0,True,Research-generated IncentiveRewards mock
MOCK03583,DIAB_BLOOD_SUGAR,2025-07-03,15.0,True,Research-generated IncentiveRewards mock
MOCK03613,DIAB_BLOOD_SUGAR,2025-07-29,15.0,False,Research-generated IncentiveRewards mock
MOCK03619,DIAB_BLOOD_SUGAR,2025-07-28,15.0,True,Research-generated IncentiveRewards mock
MOCK03631,DIAB_BLOOD_SUGAR,2025-07-13,15.0,True,Research-generated IncentiveRewards mock
MOCK03643,DIAB_BLOOD_SUGAR,2025-06-30,15.0,True,Research-generated IncentiveRewards mock
MOCK03661,DIAB_BLOOD_SUGAR,2025-07-01,15.0,True,Research-generated IncentiveRewards mock
MOCK03667,DIAB_BLOOD_SUGAR,2025-08-07,15.0,False,Research-generated IncentiveRewards mock
MOCK03673,DIAB_BLOOD_SUGAR,2025-07-22,15.0,True,Research-generated IncentiveRewards mock
MOCK03691,DIAB_BLOOD_SUGAR,2025-07-07,15.0,True,Research-generated IncentiveRewards mock
MOCK03703,DIAB_BLOOD_SUGAR,2025-07-10,15.0,False,Research-generated IncentiveRewards mock
MOCK03733,DIAB_BLOOD_SUGAR,2025-08-06,15.0,True,Research-generated IncentiveRewards mock
MOCK03739,DIAB_BLOOD_SUGAR,2025-07-13,15.0,False,Research-generated IncentiveRewards mock
MOCK03751,DIAB_BLOOD_SUGAR,2025-07-24,15.0,True,Research-generated IncentiveRewards mock
MOCK03757,DIAB_BLOOD_SUGAR,2025-07-27,15.0,False,Research-generated IncentiveRewards mock
MOCK03763,DIAB_BLOOD_SUGAR,2025-07-13,15.0,True,Research-generated IncentiveRewards mock
MOCK03787,DIAB_BLOOD_SUGAR,2025-07-01,15.0,True,Research-generated IncentiveRewards mock
MOCK03793,DIAB_BLOOD_SUGAR,2025-07-03,15.0,True,Research-generated IncentiveRewards mock
MOCK03799,DIAB_BLOOD_SUGAR,2025-08-04,15.0,False,Research-generated IncentiveRewards mock
MOCK03811,DIAB_BLOOD_SUGAR,2025-07-15,15.0,True,Research-generated IncentiveRewards mock
MOCK03853,DIAB_BLOOD_SUGAR,2025-08-02,15.0,True,Research-generated IncentiveRewards mock
MOCK03877,DIAB_BLOOD_SUGAR,2025-07-13,15.0,False,Research-generated IncentiveRewards mock
MOCK03913,DIAB_BLOOD_SUGAR,2025-07-09,15.0,True,Research-generated IncentiveRewards mock
MOCK03925,DIAB_BLOOD_SUGAR,2025-07-30,15.0,True,Research-generated IncentiveRewards mock
MOCK03943,DIAB_BLOOD_SUGAR,2025-07-13,15.0,False,Research-generated IncentiveRewards mock
MOCK03949,DIAB_BLOOD_SUGAR,2025-07-22,15.0,False,Research-generated IncentiveRewards mock
MOCK03973,DIAB_BLOOD_SUGAR,2025-07-11,15.0,True,Research-generated IncentiveRewards mock
MOCK03985,DIAB_BLOOD_SUGAR,2025-07-17,15.0,True,Research-generated IncentiveRewards mock
MOCK03991,DIAB_BLOOD_SUGAR,2025-07-06,15.0,True,Research-generated IncentiveRewards mock
MOCK04003,DIAB_BLOOD_SUGAR,2025-07-13,15.0,True,Research-generated IncentiveRewards mock
MOCK04015,DIAB_BLOOD_SUGAR,2025-07-30,15.0,True,Research-generated IncentiveRewards mock
MOCK04021,DIAB_BLOOD_SUGAR,2025-07-12,15.0,False,Research-generated IncentiveRewards mock
MOCK04033,DIAB_BLOOD_SUGAR,2025-07-28,15.0,True,Research-generated IncentiveRewards mock
MOCK04039,DIAB_BLOOD_SUGAR,2025-07-25,15.0,False,Research-generated IncentiveRewards mock
MOCK04045,DIAB_BLOOD_SUGAR,2025-07-10,15.0,False,Research-generated IncentiveRewards mock
MOCK04051,DIAB_BLOOD_SUGAR,2025-08-01,15.0,True,Research-generated IncentiveRewards mock
MOCK04063,DIAB_BLOOD_SUGAR,2025-07-10,15.0,False,Research-generated IncentiveRewards mock
MOCK04105,DIAB_BLOOD_SUGAR,2025-07-27,15.0,False,Research-generated IncentiveRewards mock
MOCK04117,DIAB_BLOOD_SUGAR,2025-08-02,15.0,False,Research-generated IncentiveRewards mock
MOCK04135,DIAB_BLOOD_SUGAR,2025-07-02,15.0,True,Research-generated IncentiveRewards mock
MOCK04141,DIAB_BLOOD_SUGAR,2025-07-27,15.0,True,Research-generated IncentiveRewards mock
MOCK04147,DIAB_BLOOD_SUGAR,2025-07-28,15.0,False,Research-generated IncentiveRewards mock
MOCK04153,DIAB_BLOOD_SUGAR,2025-07-29,15.0,False,Research-generated IncentiveRewards mock
MOCK04165,DIAB_BLOOD_SUGAR,2025-07-04,15.0,True,Research-generated IncentiveRewards mock
MOCK04183,DIAB_BLOOD_SUGAR,2025-07-07,15.0,True,Research-generated IncentiveRewards mock
MOCK04189,DIAB_BLOOD_SUGAR,2025-07-18,15.0,True,Research-generated IncentiveRewards mock
MOCK04195,DIAB_BLOOD_SUGAR,2025-08-04,15.0,True,Research-generated IncentiveRewards mock
MOCK04207,DIAB_BLOOD_SUGAR,2025-07-29,15.0,False,Research-generated IncentiveRewards mock
MOCK04213,DIAB_BLOOD_SUGAR,2025-07-20,15.0,False,Research-generated IncentiveRewards mock
MOCK04231,DIAB_BLOOD_SUGAR,2025-07-25,15.0,True,Research-generated IncentiveRewards mock
MOCK04255,DIAB_BLOOD_SUGAR,2025-08-05,15.0,True,Research-generated IncentiveRewards mock
MOCK04267,DIAB_BLOOD_SUGAR,2025-07-23,15.0,True,Research-generated IncentiveRewards mock
MOCK04279,DIAB_BLOOD_SUGAR,2025-07-16,15.0,False,Research-generated IncentiveRewards mock
MOCK04309,DIAB_BLOOD_SUGAR,2025-07-16,15.0,True,Research-generated IncentiveRewards mock
MOCK04315,DIAB_BLOOD_SUGAR,2025-07-25,15.0,True,Research-generated IncentiveRewards mock
MOCK04327,DIAB_BLOOD_SUGAR,2025-07-03,15.0,True,Research-generated IncentiveRewards mock
MOCK04333,DIAB_BLOOD_SUGAR,2025-08-02,15.0,True,Research-generated IncentiveRewards mock
MOCK04345,DIAB_BLOOD_SUGAR,2025-07-31,15.0,True,Research-generated IncentiveRewards mock
MOCK04351,DIAB_BLOOD_SUGAR,2025-08-04,15.0,False,Research-generated IncentiveRewards mock
MOCK04375,DIAB_BLOOD_SUGAR,2025-08-06,15.0,True,Research-generated IncentiveRewards mock
MOCK04393,DIAB_BLOOD_SUGAR,2025-07-15,15.0,False,Research-generated IncentiveRewards mock
MOCK04417,DIAB_BLOOD_SUGAR,2025-06-30,15.0,True,Research-generated IncentiveRewards mock
MOCK04429,DIAB_BLOOD_SUGAR,2025-07-23,15.0,True,Research-generated IncentiveRewards mock
MOCK04435,DIAB_BLOOD_SUGAR,2025-07-05,15.0,False,Research-generated IncentiveRewards mock
MOCK04441,DIAB_BLOOD_SUGAR,2025-07-19,15.0,False,Research-generated IncentiveRewards mock
MOCK04453,DIAB_BLOOD_SUGAR,2025-08-01,15.0,False,Research-generated IncentiveRewards mock
MOCK04471,DIAB_BLOOD_SUGAR,2025-07-23,15.0,False,Research-generated IncentiveRewards mock
MOCK04489,DIAB_BLOOD_SUGAR,2025-07-20,15.0,False,Research-generated IncentiveRewards mock
MOCK04531,DIAB_BLOOD_SUGAR,2025-07-08,15.0,False,Research-generated IncentiveRewards mock
MOCK04537,DIAB_BLOOD_SUGAR,2025-07-22,15.0,True,Research-generated IncentiveRewards mock
MOCK04549,DIAB_BLOOD_SUGAR,2025-07-07,15.0,True,Research-generated IncentiveRewards mock
MOCK04555,DIAB_BLOOD_SUGAR,2025-07-08,15.0,True,Research-generated IncentiveRewards mock
MOCK04561,DIAB_BLOOD_SUGAR,2025-07-31,15.0,True,Research-generated IncentiveRewards mock
MOCK04579,DIAB_BLOOD_SUGAR,2025-07-30,15.0,False,Research-generated IncentiveRewards mock
MOCK04585,DIAB_BLOOD_SUGAR,2025-08-06,15.0,False,Research-generated IncentiveRewards mock
MOCK04591,DIAB_BLOOD_SUGAR,2025-07-07,15.0,False,Research-generated IncentiveRewards mock
MOCK04597,DIAB_BLOOD_SUGAR,2025-07-10,15.0,True,Research-generated IncentiveRewards mock
MOCK04609,DIAB_BLOOD_SUGAR,2025-07-02,15.0,False,Research-generated IncentiveRewards mock
MOCK04621,DIAB_BLOOD_SUGAR,2025-07-25,15.0,False,Research-generated IncentiveRewards mock
MOCK04627,DIAB_BLOOD_SUGAR,2025-07-03,15.0,False,Research-generated IncentiveRewards mock
MOCK04639,DIAB_BLOOD_SUGAR,2025-07-07,15.0,False,Research-generated IncentiveRewards mock
MOCK04645,DIAB_BLOOD_SUGAR,2025-07-15,15.0,True,Research-generated IncentiveRewards mock
MOCK04651,DIAB_BLOOD_SUGAR,2025-07-17,15.0,True,Research-generated IncentiveRewards mock
MOCK04663,DIAB_BLOOD_SUGAR,2025-08-05,15.0,True,Research-generated IncentiveRewards mock
MOCK04723,DIAB_BLOOD_SUGAR,2025-07-16,15.0,True,Research-generated IncentiveRewards mock
MOCK04735,DIAB_BLOOD_SUGAR,2025-07-16,15.0,False,Research-generated IncentiveRewards mock
MOCK04747,DIAB_BLOOD_SUGAR,2025-07-12,15.0,False,Research-generated IncentiveRewards mock
MOCK04753,DIAB_BLOOD_SUGAR,2025-07-11,15.0,False,Research-generated IncentiveRewards mock
MOCK04759,DIAB_BLOOD_SUGAR,2025-07-12,15.0,True,Research-generated IncentiveRewards mock
MOCK04765,DIAB_BLOOD_SUGAR,2025-07-14,15.0,False,Research-generated IncentiveRewards mock
MOCK04771,DIAB_BLOOD_SUGAR,2025-07-26,15.0,True,Research-generated IncentiveRewards mock
MOCK04777,DIAB_BLOOD_SUGAR,2025-07-03,15.0,True,Research-generated IncentiveRewards mock
MOCK04789,DIAB_BLOOD_SUGAR,2025-07-20,15.0,False,Research-generated IncentiveRewards mock
MOCK04807,DIAB_BLOOD_SUGAR,2025-07-07,15.0,False,Research-generated IncentiveRewards mock
MOCK04813,DIAB_BLOOD_SUGAR,2025-07-24,15.0,True,Research-generated IncentiveRewards mock
MOCK04819,DIAB_BLOOD_SUGAR,2025-07-14,15.0,False,Research-generated IncentiveRewards mock
MOCK04825,DIAB_BLOOD_SUGAR,2025-07-28,15.0,True,Research-generated IncentiveRewards mock
MOCK04849,DIAB_BLOOD_SUGAR,2025-07-15,15.0,False,Research-generated IncentiveRewards mock
MOCK04861,DIAB_BLOOD_SUGAR,2025-07-19,15.0,True,Research-generated IncentiveRewards mock
MOCK04879,DIAB_BLOOD_SUGAR,2025-07-06,15.0,True,Research-generated IncentiveRewards mock
MOCK04903,DIAB_BLOOD_SUGAR,2025-07-31,15.0,False,Research-generated IncentiveRewards mock
MOCK04915,DIAB_BLOOD_SUGAR,2025-07-10,15.0,True,Research-generated IncentiveRewards mock
MOCK04921,DIAB_BLOOD_SUGAR,2025-07-04,15.0,False,Research-generated IncentiveRewards mock
MOCK04933,DIAB_BLOOD_SUGAR,2025-07-26,15.0,False,Research-generated IncentiveRewards mock
MOCK04939,DIAB_BLOOD_SUGAR,2025-07-12,15.0,True,Research-generated IncentiveRewards mock
MOCK04951,DIAB_BLOOD_SUGAR,2025-07-07,15.0,True,Research-generated IncentiveRewards mock
MOCK04969,DIAB_BLOOD_SUGAR,2025-07-11,15.0,False,Research-generated IncentiveRewards mock
MOCK05011,DIAB_BLOOD_SUGAR,2025-07-05,15.0,False,Research-generated IncentiveRewards mock
MOCK05017,DIAB_BLOOD_SUGAR,2025-07-01,15.0,True,Research-generated IncentiveRewards mock
MOCK05041,DIAB_BLOOD_SUGAR,2025-08-07,15.0,True,Research-generated IncentiveRewards mock
MOCK05053,DIAB_BLOOD_SUGAR,2025-07-29,15.0,True,Research-generated IncentiveRewards mock
MOCK05059,DIAB_BLOOD_SUGAR,2025-07-30,15.0,True,Research-generated IncentiveRewards mock
MOCK05071,DIAB_BLOOD_SUGAR,2025-06-30,15.0,True,Research-generated IncentiveRewards mock
MOCK05083,DIAB_BLOOD_SUGAR,2025-08-05,15.0,False,Research-generated IncentiveRewards mock
MOCK05101,DIAB_BLOOD_SUGAR,2025-08-05,15.0,True,Research-generated IncentiveRewards mock
MOCK05119,DIAB_BLOOD_SUGAR,2025-07-31,15.0,False,Research-generated IncentiveRewards mock
MOCK05137,DIAB_BLOOD_SUGAR,2025-07-05,15.0,True,Research-generated IncentiveRewards mock
MOCK05149,DIAB_BLOOD_SUGAR,2025-06-30,15.0,False,Research-generated IncentiveRewards mock
MOCK05155,DIAB_BLOOD_SUGAR,2025-07-13,15.0,False,Research-generated IncentiveRewards mock
MOCK05161,DIAB_BLOOD_SUGAR,2025-06-30,15.0,False,Research-generated IncentiveRewards mock
MOCK05179,DIAB_BLOOD_SUGAR,2025-07-25,15.0,True,Research-generated IncentiveRewards mock
MOCK05185,DIAB_BLOOD_SUGAR,2025-07-12,15.0,False,Research-generated IncentiveRewards mock
MOCK05191,DIAB_BLOOD_SUGAR,2025-07-16,15.0,False,Research-generated IncentiveRewards mock
MOCK05203,DIAB_BLOOD_SUGAR,2025-07-28,15.0,False,Research-generated IncentiveRewards mock
MOCK05209,DIAB_BLOOD_SUGAR,2025-07-10,15.0,True,Research-generated IncentiveRewards mock
MOCK05215,DIAB_BLOOD_SUGAR,2025-07-03,15.0,True,Research-generated IncentiveRewards mock
MOCK05239,DIAB_BLOOD_SUGAR,2025-07-07,15.0,True,Research-generated IncentiveRewards mock
MOCK05263,DIAB_BLOOD_SUGAR,2025-07-06,15.0,False,Research-generated IncentiveRewards mock
MOCK05269,DIAB_BLOOD_SUGAR,2025-07-02,15.0,True,Research-generated IncentiveRewards mock
MOCK05281,DIAB_BLOOD_SUGAR,2025-07-14,15.0,True,Research-generated IncentiveRewards mock
MOCK05293,DIAB_BLOOD_SUGAR,2025-07-06,15.0,False,Research-generated IncentiveRewards mock
MOCK05299,DIAB_BLOOD_SUGAR,2025-07-31,15.0,True,Research-generated IncentiveRewards mock
MOCK05311,DIAB_BLOOD_SUGAR,2025-07-28,15.0,True,Research-generated IncentiveRewards mock
MOCK05317,DIAB_BLOOD_SUGAR,2025-07-11,15.0,False,Research-generated IncentiveRewards mock
MOCK05329,DIAB_BLOOD_SUGAR,2025-07-18,15.0,False,Research-generated IncentiveRewards mock
MOCK05341,DIAB_BLOOD_SUGAR,2025-07-09,15.0,True,Research-generated IncentiveRewards mock
MOCK05359,DIAB_BLOOD_SUGAR,2025-07-13,15.0,True,Research-generated IncentiveRewards mock
MOCK05383,DIAB_BLOOD_SUGAR,2025-07-17,15.0,True,Research-generated IncentiveRewards mock
MOCK05443,DIAB_BLOOD_SUGAR,2025-08-05,15.0,False,Research-generated IncentiveRewards mock
MOCK05455,DIAB_BLOOD_SUGAR,2025-07-20,15.0,True,Research-generated IncentiveRewards mock
MOCK05479,DIAB_BLOOD_SUGAR,2025-07-25,15.0,True,Research-generated IncentiveRewards mock
MOCK05491,DIAB_BLOOD_SUGAR,2025-07-07,15.0,True,Research-generated IncentiveRewards mock
MOCK05515,DIAB_BLOOD_SUGAR,2025-07-26,15.0,True,Research-generated IncentiveRewards mock
MOCK05551,DIAB_BLOOD_SUGAR,2025-07-28,15.0,False,Research-generated IncentiveRewards mock
MOCK05557,DIAB_BLOOD_SUGAR,2025-07-11,15.0,False,Research-generated IncentiveRewards mock
MOCK05575,DIAB_BLOOD_SUGAR,2025-07-31,15.0,True,Research-generated IncentiveRewards mock
MOCK05587,DIAB_BLOOD_SUGAR,2025-07-31,15.0,True,Research-generated IncentiveRewards mock
MOCK05593,DIAB_BLOOD_SUGAR,2025-07-18,15.0,False,Research-generated IncentiveRewards mock
MOCK05617,DIAB_BLOOD_SUGAR,2025-07-26,15.0,False,Research-generated IncentiveRewards mock
MOCK05641,DIAB_BLOOD_SUGAR,2025-07-25,15.0,True,Research-generated IncentiveRewards mock
MOCK05653,DIAB_BLOOD_SUGAR,2025-07-23,15.0,False,Research-generated IncentiveRewards mock
MOCK05671,DIAB_BLOOD_SUGAR,2025-07-08,15.0,True,Research-generated IncentiveRewards mock
MOCK05677,DIAB_BLOOD_SUGAR,2025-08-04,15.0,True,Research-generated IncentiveRewards mock
MOCK05695,DIAB_BLOOD_SUGAR,2025-07-05,15.0,True,Research-generated IncentiveRewards mock
MOCK05701,DIAB_BLOOD_SUGAR,2025-08-04,15.0,False,Research-generated IncentiveRewards mock
MOCK05713,DIAB_BLOOD_SUGAR,2025-07-03,15.0,False,Research-generated IncentiveRewards mock
MOCK05731,DIAB_BLOOD_SUGAR,2025-07-22,15.0,True,Research-generated IncentiveRewards mock
MOCK05761,DIAB_BLOOD_SUGAR,2025-07-03,15.0,True,Research-generated IncentiveRewards mock
MOCK05767,DIAB_BLOOD_SUGAR,2025-06-30,15.0,False,Research-generated IncentiveRewards mock
MOCK05785,DIAB_BLOOD_SUGAR,2025-08-05,15.0,True,Research-generated IncentiveRewards mock
MOCK05791,DIAB_BLOOD_SUGAR,2025-07-14,15.0,False,Research-generated IncentiveRewards mock
MOCK05803,DIAB_BLOOD_SUGAR,2025-08-03,15.0,True,Research-generated IncentiveRewards mock
MOCK05821,DIAB_BLOOD_SUGAR,2025-07-30,15.0,False,Research-generated IncentiveRewards mock
MOCK05833,DIAB_BLOOD_SUGAR,2025-07-31,15.0,False,Research-generated IncentiveRewards mock
MOCK05881,DIAB_BLOOD_SUGAR,2025-08-04,15.0,True,Research-generated IncentiveRewards mock
MOCK05899,DIAB_BLOOD_SUGAR,2025-07-09,15.0,False,Research-generated IncentiveRewards mock
MOCK05923,DIAB_BLOOD_SUGAR,2025-08-02,15.0,False,Research-generated IncentiveRewards mock
MOCK05941,DIAB_BLOOD_SUGAR,2025-08-04,15.0,False,Research-generated IncentiveRewards mock
MOCK05959,DIAB_BLOOD_SUGAR,2025-07-11,15.0,False,Research-generated IncentiveRewards mock
MOCK05971,DIAB_BLOOD_SUGAR,2025-06-30,15.0,False,Research-generated IncentiveRewards mock
MOCK06001,DIAB_BLOOD_SUGAR,2025-07-24,15.0,True,Research-generated IncentiveRewards mock
MOCK06007,DIAB_BLOOD_SUGAR,2025-07-19,15.0,True,Research-generated IncentiveRewards mock
MOCK06019,DIAB_BLOOD_SUGAR,2025-07-04,15.0,True,Research-generated IncentiveRewards mock
MOCK06025,DIAB_BLOOD_SUGAR,2025-07-18,15.0,False,Research-generated IncentiveRewards mock
MOCK06031,DIAB_BLOOD_SUGAR,2025-07-24,15.0,True,Research-generated IncentiveRewards mock
MOCK06049,DIAB_BLOOD_SUGAR,2025-07-20,15.0,True,Research-generated IncentiveRewards mock
MOCK06055,DIAB_BLOOD_SUGAR,2025-07-14,15.0,False,Research-generated IncentiveRewards mock
MOCK06061,DIAB_BLOOD_SUGAR,2025-07-01,15.0,False,Research-generated IncentiveRewards mock
MOCK06067,DIAB_BLOOD_SUGAR,2025-07-06,15.0,False,Research-generated IncentiveRewards mock
MOCK06073,DIAB_BLOOD_SUGAR,2025-07-18,15.0,False,Research-generated IncentiveRewards mock
MOCK06091,DIAB_BLOOD_SUGAR,2025-07-30,15.0,True,Research-generated IncentiveRewards mock
MOCK06109,DIAB_BLOOD_SUGAR,2025-07-17,15.0,True,Research-generated IncentiveRewards mock
MOCK06115,DIAB_BLOOD_SUGAR,2025-07-03,15.0,False,Research-generated IncentiveRewards mock
MOCK06127,DIAB_BLOOD_SUGAR,2025-07-20,15.0,True,Research-generated IncentiveRewards mock
MOCK06151,DIAB_BLOOD_SUGAR,2025-07-12,15.0,True,Research-generated IncentiveRewards mock
MOCK06157,DIAB_BLOOD_SUGAR,2025-07-13,15.0,True,Research-generated IncentiveRewards mock
MOCK06175,DIAB_BLOOD_SUGAR,2025-08-07,15.0,True,Research-generated IncentiveRewards mock
MOCK06187,DIAB_BLOOD_SUGAR,2025-07-06,15.0,False,Research-generated IncentiveRewards mock
MOCK06229,DIAB_BLOOD_SUGAR,2025-07-24,15.0,True,Research-generated IncentiveRewards mock
MOCK06241,DIAB_BLOOD_SUGAR,2025-07-11,15.0,False,Research-generated IncentiveRewards mock
MOCK06247,DIAB_BLOOD_SUGAR,2025-07-09,15.0,False,Research-generated IncentiveRewards mock
MOCK06259,DIAB_BLOOD_SUGAR,2025-07-16,15.0,False,Research-generated IncentiveRewards mock
MOCK06265,DIAB_BLOOD_SUGAR,2025-07-17,15.0,True,Research-generated IncentiveRewards mock
MOCK06277,DIAB_BLOOD_SUGAR,2025-07-02,15.0,False,Research-generated IncentiveRewards mock
MOCK06289,DIAB_BLOOD_SUGAR,2025-08-02,15.0,True,Research-generated IncentiveRewards mock
MOCK06307,DIAB_BLOOD_SUGAR,2025-07-11,15.0,True,Research-generated IncentiveRewards mock
MOCK06319,DIAB_BLOOD_SUGAR,2025-07-07,15.0,False,Research-generated IncentiveRewards mock
MOCK06325,DIAB_BLOOD_SUGAR,2025-07-05,15.0,True,Research-generated IncentiveRewards mock
MOCK06331,DIAB_BLOOD_SUGAR,2025-08-06,15.0,False,Research-generated IncentiveRewards mock
MOCK06337,DIAB_BLOOD_SUGAR,2025-08-03,15.0,False,Research-generated IncentiveRewards mock
MOCK06343,DIAB_BLOOD_SUGAR,2025-07-31,15.0,True,Research-generated IncentiveRewards mock
MOCK06373,DIAB_BLOOD_SUGAR,2025-07-31,15.0,True,Research-generated IncentiveRewards mock
MOCK06379,DIAB_BLOOD_SUGAR,2025-07-20,15.0,False,Research-generated IncentiveRewards mock
MOCK06385,DIAB_BLOOD_SUGAR,2025-08-01,15.0,False,Research-generated IncentiveRewards mock
MOCK06403,DIAB_BLOOD_SUGAR,2025-08-01,15.0,False,Research-generated IncentiveRewards mock
MOCK06409,DIAB_BLOOD_SUGAR,2025-07-14,15.0,True,Research-generated IncentiveRewards mock
MOCK06415,DIAB_BLOOD_SUGAR,2025-07-29,15.0,False,Research-generated IncentiveRewards mock
MOCK06445,DIAB_BLOOD_SUGAR,2025-07-18,15.0,False,Research-generated IncentiveRewards mock
MOCK06451,DIAB_BLOOD_SUGAR,2025-07-14,15.0,True,Research-generated IncentiveRewards mock
MOCK06469,DIAB_BLOOD_SUGAR,2025-07-03,15.0,False,Research-generated IncentiveRewards mock
MOCK06475,DIAB_BLOOD_SUGAR,2025-08-06,15.0,True,Research-generated IncentiveRewards mock
MOCK06481,DIAB_BLOOD_SUGAR,2025-07-25,15.0,False,Research-generated IncentiveRewards mock
MOCK06487,DIAB_BLOOD_SUGAR,2025-07-21,15.0,True,Research-generated IncentiveRewards mock
MOCK06493,DIAB_BLOOD_SUGAR,2025-06-30,15.0,False,Research-generated IncentiveRewards mock
MOCK06499,DIAB_BLOOD_SUGAR,2025-07-23,15.0,False,Research-generated IncentiveRewards mock
MOCK06541,DIAB_BLOOD_SUGAR,2025-07-02,15.0,True,Research-generated IncentiveRewards mock
MOCK06547,DIAB_BLOOD_SUGAR,2025-08-06,15.0,True,Research-generated IncentiveRewards mock
MOCK06553,DIAB_BLOOD_SUGAR,2025-07-27,15.0,True,Research-generated IncentiveRewards mock
MOCK06565,DIAB_BLOOD_SUGAR,2025-07-29,15.0,True,Research-generated IncentiveRewards mock
MOCK06571,DIAB_BLOOD_SUGAR,2025-07-26,15.0,False,Research-generated IncentiveRewards mock
MOCK06613,DIAB_BLOOD_SUGAR,2025-07-12,15.0,True,Research-generated IncentiveRewards mock
MOCK06631,DIAB_BLOOD_SUGAR,2025-07-06,15.0,False,Research-generated IncentiveRewards mock
MOCK06661,DIAB_BLOOD_SUGAR,2025-08-02,15.0,True,Research-generated IncentiveRewards mock
MOCK06667,DIAB_BLOOD_SUGAR,2025-07-11,15.0,True,Research-generated IncentiveRewards mock
MOCK06673,DIAB_BLOOD_SUGAR,2025-07-21,15.0,False,Research-generated IncentiveRewards mock
MOCK06709,DIAB_BLOOD_SUGAR,2025-07-10,15.0,True,Research-generated IncentiveRewards mock
MOCK06715,DIAB_BLOOD_SUGAR,2025-08-05,15.0,True,Research-generated IncentiveRewards mock
MOCK06733,DIAB_BLOOD_SUGAR,2025-07-24,15.0,True,Research-generated IncentiveRewards mock
MOCK06751,DIAB_BLOOD_SUGAR,2025-07-06,15.0,False,Research-generated IncentiveRewards mock
MOCK06775,DIAB_BLOOD_SUGAR,2025-07-09,15.0,False,Research-generated IncentiveRewards mock
MOCK06781,DIAB_BLOOD_SUGAR,2025-07-24,15.0,False,Research-generated IncentiveRewards mock
MOCK06787,DIAB_BLOOD_SUGAR,2025-07-25,15.0,True,Research-generated IncentiveRewards mock
MOCK06817,DIAB_BLOOD_SUGAR,2025-07-22,15.0,False,Research-generated IncentiveRewards mock
MOCK06829,DIAB_BLOOD_SUGAR,2025-07-02,15.0,True,Research-generated IncentiveRewards mock
MOCK06835,DIAB_BLOOD_SUGAR,2025-07-05,15.0,True,Research-generated IncentiveRewards mock
MOCK06865,DIAB_BLOOD_SUGAR,2025-07-13,15.0,False,Research-generated IncentiveRewards mock
MOCK06871,DIAB_BLOOD_SUGAR,2025-08-02,15.0,False,Research-generated IncentiveRewards mock
MOCK06877,DIAB_BLOOD_SUGAR,2025-08-02,15.0,True,Research-generated IncentiveRewards mock
MOCK06895,DIAB_BLOOD_SUGAR,2025-07-04,15.0,True,Research-generated IncentiveRewards mock
MOCK06919,DIAB_BLOOD_SUGAR,2025-07-26,15.0,False,Research-generated IncentiveRewards mock
MOCK06925,DIAB_BLOOD_SUGAR,2025-07-09,15.0,False,Research-generated IncentiveRewards mock
MOCK06943,DIAB_BLOOD_SUGAR,2025-07-29,15.0,True,Research-generated IncentiveRewards mock
MOCK06949,DIAB_BLOOD_SUGAR,2025-07-18,15.0,False,Research-generated IncentiveRewards mock
MOCK06967,DIAB_BLOOD_SUGAR,2025-07-14,15.0,False,Research-generated IncentiveRewards mock
MOCK06985,DIAB_BLOOD_SUGAR,2025-08-06,15.0,True,Research-generated IncentiveRewards mock
MOCK06991,DIAB_BLOOD_SUGAR,2025-07-27,15.0,True,Research-generated IncentiveRewards mock
MOCK07009,DIAB_BLOOD_SUGAR,2025-07-17,15.0,True,Research-generated IncentiveRewards mock
MOCK07033,DIAB_BLOOD_SUGAR,2025-07-02,15.0,False,Research-generated IncentiveRewards mock
MOCK07039,DIAB_BLOOD_SUGAR,2025-07-11,15.0,True,Research-generated IncentiveRewards mock
MOCK07045,DIAB_BLOOD_SUGAR,2025-07-22,15.0,False,Research-generated IncentiveRewards mock
MOCK07069,DIAB_BLOOD_SUGAR,2025-07-16,15.0,False,Research-generated IncentiveRewards mock
MOCK07093,DIAB_BLOOD_SUGAR,2025-07-10,15.0,True,Research-generated IncentiveRewards mock
MOCK07105,DIAB_BLOOD_SUGAR,2025-07-22,15.0,False,Research-generated IncentiveRewards mock
MOCK07111,DIAB_BLOOD_SUGAR,2025-06-30,15.0,True,Research-generated IncentiveRewards mock
MOCK07123,DIAB_BLOOD_SUGAR,2025-07-22,15.0,True,Research-generated IncentiveRewards mock
MOCK07129,DIAB_BLOOD_SUGAR,2025-07-09,15.0,False,Research-generated IncentiveRewards mock
MOCK07141,DIAB_BLOOD_SUGAR,2025-07-26,15.0,True,Research-generated IncentiveRewards mock
MOCK07165,DIAB_BLOOD_SUGAR,2025-07-07,15.0,True,Research-generated IncentiveRewards mock
MOCK07183,DIAB_BLOOD_SUGAR,2025-07-18,15.0,False,Research-generated IncentiveRewards mock
MOCK07201,DIAB_BLOOD_SUGAR,2025-07-16,15.0,False,Research-generated IncentiveRewards mock
MOCK07207,DIAB_BLOOD_SUGAR,2025-07-02,15.0,True,Research-generated IncentiveRewards mock
MOCK07231,DIAB_BLOOD_SUGAR,2025-08-04,15.0,True,Research-generated IncentiveRewards mock
MOCK07237,DIAB_BLOOD_SUGAR,2025-07-20,15.0,False,Research-generated IncentiveRewards mock
MOCK07255,DIAB_BLOOD_SUGAR,2025-07-21,15.0,True,Research-generated IncentiveRewards mock
MOCK07267,DIAB_BLOOD_SUGAR,2025-07-02,15.0,False,Research-generated IncentiveRewards mock
MOCK07273,DIAB_BLOOD_SUGAR,2025-07-18,15.0,False,Research-generated IncentiveRewards mock
MOCK07285,DIAB_BLOOD_SUGAR,2025-07-21,15.0,True,Research-generated IncentiveRewards mock
MOCK07297,DIAB_BLOOD_SUGAR,2025-07-11,15.0,True,Research-generated IncentiveRewards mock
MOCK07309,DIAB_BLOOD_SUGAR,2025-07-23,15.0,True,Research-generated IncentiveRewards mock
MOCK07327,DIAB_BLOOD_SUGAR,2025-07-27,15.0,True,Research-generated IncentiveRewards mock
MOCK07333,DIAB_BLOOD_SUGAR,2025-07-30,15.0,False,Research-generated IncentiveRewards mock
MOCK07345,DIAB_BLOOD_SUGAR,2025-08-05,15.0,True,Research-generated IncentiveRewards mock
MOCK07369,DIAB_BLOOD_SUGAR,2025-08-02,15.0,False,Research-generated IncentiveRewards mock
MOCK07375,DIAB_BLOOD_SUGAR,2025-07-08,15.0,True,Research-generated IncentiveRewards mock
MOCK07381,DIAB_BLOOD_SUGAR,2025-07-05,15.0,True,Research-generated IncentiveRewards mock
MOCK07387,DIAB_BLOOD_SUGAR,2025-07-17,15.0,True,Research-generated IncentiveRewards mock
MOCK07393,DIAB_BLOOD_SUGAR,2025-07-03,15.0,False,Research-generated IncentiveRewards mock
MOCK07405,DIAB_BLOOD_SUGAR,2025-08-06,15.0,False,Research-generated IncentiveRewards mock
MOCK07411,DIAB_BLOOD_SUGAR,2025-07-23,15.0,True,Research-generated IncentiveRewards mock
MOCK07417,DIAB_BLOOD_SUGAR,2025-08-07,15.0,True,Research-generated IncentiveRewards mock
MOCK07423,DIAB_BLOOD_SUGAR,2025-07-02,15.0,True,Research-generated IncentiveRewards mock
MOCK07435,DIAB_BLOOD_SUGAR,2025-07-17,15.0,True,Research-generated IncentiveRewards mock
MOCK07453,DIAB_BLOOD_SUGAR,2025-07-21,15.0,False,Research-generated IncentiveRewards mock
MOCK07465,DIAB_BLOOD_SUGAR,2025-07-06,15.0,True,Research-generated IncentiveRewards mock
MOCK07471,DIAB_BLOOD_SUGAR,2025-07-23,15.0,False,Research-generated IncentiveRewards mock
MOCK07489,DIAB_BLOOD_SUGAR,2025-08-03,15.0,False,Research-generated IncentiveRewards mock
MOCK07501,DIAB_BLOOD_SUGAR,2025-07-13,15.0,False,Research-generated IncentiveRewards mock
MOCK07519,DIAB_BLOOD_SUGAR,2025-07-29,15.0,False,Research-generated IncentiveRewards mock
MOCK07537,DIAB_BLOOD_SUGAR,2025-07-25,15.0,False,Research-generated IncentiveRewards mock
MOCK07555,DIAB_BLOOD_SUGAR,2025-07-16,15.0,True,Research-generated IncentiveRewards mock
MOCK07579,DIAB_BLOOD_SUGAR,2025-07-16,15.0,True,Research-generated IncentiveRewards mock
MOCK07603,DIAB_BLOOD_SUGAR,2025-07-04,15.0,True,Research-generated IncentiveRewards mock
MOCK07621,DIAB_BLOOD_SUGAR,2025-07-20,15.0,True,Research-generated IncentiveRewards mock
MOCK07627,DIAB_BLOOD_SUGAR,2025-07-10,15.0,True,Research-generated IncentiveRewards mock
MOCK07651,DIAB_BLOOD_SUGAR,2025-07-01,15.0,True,Research-generated IncentiveRewards mock
MOCK07663,DIAB_BLOOD_SUGAR,2025-07-21,15.0,True,Research-generated IncentiveRewards mock
MOCK07675,DIAB_BLOOD_SUGAR,2025-07-15,15.0,True,Research-generated IncentiveRewards mock
MOCK07681,DIAB_BLOOD_SUGAR,2025-07-04,15.0,True,Research-generated IncentiveRewards mock
MOCK07699,DIAB_BLOOD_SUGAR,2025-07-30,15.0,True,Research-generated IncentiveRewards mock
MOCK07705,DIAB_BLOOD_SUGAR,2025-07-02,15.0,False,Research-generated IncentiveRewards mock
MOCK07723,DIAB_BLOOD_SUGAR,2025-07-24,15.0,False,Research-generated IncentiveRewards mock
MOCK07735,DIAB_BLOOD_SUGAR,2025-07-08,15.0,True,Research-generated IncentiveRewards mock
MOCK07747,DIAB_BLOOD_SUGAR,2025-07-22,15.0,True,Research-generated IncentiveRewards mock
MOCK07753,DIAB_BLOOD_SUGAR,2025-08-01,15.0,True,Research-generated IncentiveRewards mock
MOCK07765,DIAB_BLOOD_SUGAR,2025-08-07,15.0,True,Research-generated IncentiveRewards mock
MOCK07777,DIAB_BLOOD_SUGAR,2025-07-10,15.0,True,Research-generated IncentiveRewards mock
MOCK07783,DIAB_BLOOD_SUGAR,2025-07-07,15.0,False,Research-generated IncentiveRewards mock
MOCK07801,DIAB_BLOOD_SUGAR,2025-07-05,15.0,True,Research-generated IncentiveRewards mock
MOCK07813,DIAB_BLOOD_SUGAR,2025-07-28,15.0,True,Research-generated IncentiveRewards mock
MOCK07825,DIAB_BLOOD_SUGAR,2025-07-07,15.0,True,Research-generated IncentiveRewards mock
MOCK07837,DIAB_BLOOD_SUGAR,2025-07-14,15.0,True,Research-generated IncentiveRewards mock
MOCK07861,DIAB_BLOOD_SUGAR,2025-07-27,15.0,True,Research-generated IncentiveRewards mock
MOCK07867,DIAB_BLOOD_SUGAR,2025-08-04,15.0,False,Research-generated IncentiveRewards mock
MOCK07873,DIAB_BLOOD_SUGAR,2025-07-30,15.0,False,Research-generated IncentiveRewards mock
MOCK07885,DIAB_BLOOD_SUGAR,2025-07-06,15.0,True,Research-generated IncentiveRewards mock
MOCK07897,DIAB_BLOOD_SUGAR,2025-07-30,15.0,False,Research-generated IncentiveRewards mock
MOCK07951,DIAB_BLOOD_SUGAR,2025-07-05,15.0,False,Research-generated IncentiveRewards mock
MOCK07957,DIAB_BLOOD_SUGAR,2025-07-01,15.0,True,Research-generated IncentiveRewards mock
MOCK07975,DIAB_BLOOD_SUGAR,2025-07-27,15.0,True,Research-generated IncentiveRewards mock
MOCK07981,DIAB_BLOOD_SUGAR,2025-08-05,15.0,False,Research-generated IncentiveRewards mock
MOCK07993,DIAB_BLOOD_SUGAR,2025-07-23,15.0,True,Research-generated IncentiveRewards mock
MOCK08011,DIAB_BLOOD_SUGAR,2025-07-25,15.0,True,Research-generated IncentiveRewards mock
MOCK08017,DIAB_BLOOD_SUGAR,2025-07-27,15.0,True,Research-generated IncentiveRewards mock
MOCK08023,DIAB_BLOOD_SUGAR,2025-08-01,15.0,True,Research-generated IncentiveRewards mock
MOCK08029,DIAB_BLOOD_SUGAR,2025-08-06,15.0,True,Research-generated IncentiveRewards mock
MOCK08053,DIAB_BLOOD_SUGAR,2025-07-26,15.0,False,Research-generated IncentiveRewards mock
MOCK08065,DIAB_BLOOD_SUGAR,2025-07-24,15.0,True,Research-generated IncentiveRewards mock
MOCK08077,DIAB_BLOOD_SUGAR,2025-07-08,15.0,True,Research-generated IncentiveRewards mock
MOCK08095,DIAB_BLOOD_SUGAR,2025-08-04,15.0,True,Research-generated IncentiveRewards mock
MOCK08107,DIAB_BLOOD_SUGAR,2025-07-06,15.0,True,Research-generated IncentiveRewards mock
MOCK08113,DIAB_BLOOD_SUGAR,2025-08-07,15.0,False,Research-generated IncentiveRewards mock
MOCK08131,DIAB_BLOOD_SUGAR,2025-07-29,15.0,True,Research-generated IncentiveRewards mock
MOCK08137,DIAB_BLOOD_SUGAR,2025-07-15,15.0,True,Research-generated IncentiveRewards mock
MOCK08143,DIAB_BLOOD_SUGAR,2025-07-14,15.0,False,Research-generated IncentiveRewards mock
MOCK08161,DIAB_BLOOD_SUGAR,2025-07-20,15.0,False,Research-generated IncentiveRewards mock
MOCK08167,DIAB_BLOOD_SUGAR,2025-07-14,15.0,True,Research-generated IncentiveRewards mock
MOCK08185,DIAB_BLOOD_SUGAR,2025-07-29,15.0,False,Research-generated IncentiveRewards mock
MOCK08197,DIAB_BLOOD_SUGAR,2025-08-02,15.0,False,Research-generated IncentiveRewards mock
MOCK08203,DIAB_BLOOD_SUGAR,2025-07-16,15.0,True,Research-generated IncentiveRewards mock
MOCK08221,DIAB_BLOOD_SUGAR,2025-07-29,15.0,False,Research-generated IncentiveRewards mock
MOCK08263,DIAB_BLOOD_SUGAR,2025-08-03,15.0,False,Research-generated IncentiveRewards mock
MOCK08275,DIAB_BLOOD_SUGAR,2025-07-21,15.0,False,Research-generated IncentiveRewards mock
MOCK08287,DIAB_BLOOD_SUGAR,2025-07-04,15.0,True,Research-generated IncentiveRewards mock
MOCK08293,DIAB_BLOOD_SUGAR,2025-07-09,15.0,False,Research-generated IncentiveRewards mock
MOCK08305,DIAB_BLOOD_SUGAR,2025-07-21,15.0,False,Research-generated IncentiveRewards mock
MOCK08311,DIAB_BLOOD_SUGAR,2025-08-02,15.0,True,Research-generated IncentiveRewards mock
MOCK08317,DIAB_BLOOD_SUGAR,2025-07-06,15.0,True,Research-generated IncentiveRewards mock
MOCK08329,DIAB_BLOOD_SUGAR,2025-06-30,15.0,False,Research-generated IncentiveRewards mock
MOCK08335,DIAB_BLOOD_SUGAR,2025-07-11,15.0,True,Research-generated IncentiveRewards mock
MOCK08359,DIAB_BLOOD_SUGAR,2025-08-04,15.0,False,Research-generated IncentiveRewards mock
MOCK08389,DIAB_BLOOD_SUGAR,2025-07-13,15.0,False,Research-generated IncentiveRewards mock
MOCK08407,DIAB_BLOOD_SUGAR,2025-07-03,15.0,False,Research-generated IncentiveRewards mock
MOCK08413,DIAB_BLOOD_SUGAR,2025-08-01,15.0,True,Research-generated IncentiveRewards mock
MOCK08419,DIAB_BLOOD_SUGAR,2025-07-02,15.0,True,Research-generated IncentiveRewards mock
MOCK08431,DIAB_BLOOD_SUGAR,2025-07-29,15.0,True,Research-generated IncentiveRewards mock
MOCK08449,DIAB_BLOOD_SUGAR,2025-07-03,15.0,True,Research-generated IncentiveRewards mock
MOCK08455,DIAB_BLOOD_SUGAR,2025-07-16,15.0,True,Research-generated IncentiveRewards mock
MOCK08461,DIAB_BLOOD_SUGAR,2025-07-31,15.0,True,Research-generated IncentiveRewards mock
MOCK08467,DIAB_BLOOD_SUGAR,2025-08-04,15.0,True,Research-generated IncentiveRewards mock
MOCK08497,DIAB_BLOOD_SUGAR,2025-07-24,15.0,True,Research-generated IncentiveRewards mock
MOCK08521,DIAB_BLOOD_SUGAR,2025-08-03,15.0,True,Research-generated IncentiveRewards mock
MOCK08527,DIAB_BLOOD_SUGAR,2025-07-21,15.0,False,Research-generated IncentiveRewards mock
MOCK08545,DIAB_BLOOD_SUGAR,2025-08-06,15.0,True,Research-generated IncentiveRewards mock
MOCK08551,DIAB_BLOOD_SUGAR,2025-07-26,15.0,False,Research-generated IncentiveRewards mock
MOCK08575,DIAB_BLOOD_SUGAR,2025-07-07,15.0,True,Research-generated IncentiveRewards mock
MOCK08581,DIAB_BLOOD_SUGAR,2025-07-20,15.0,True,Research-generated IncentiveRewards mock
MOCK08599,DIAB_BLOOD_SUGAR,2025-08-07,15.0,False,Research-generated IncentiveRewards mock
MOCK08611,DIAB_BLOOD_SUGAR,2025-07-03,15.0,True,Research-generated IncentiveRewards mock
MOCK08623,DIAB_BLOOD_SUGAR,2025-07-03,15.0,True,Research-generated IncentiveRewards mock
MOCK08641,DIAB_BLOOD_SUGAR,2025-07-12,15.0,True,Research-generated IncentiveRewards mock
MOCK08647,DIAB_BLOOD_SUGAR,2025-07-02,15.0,True,Research-generated IncentiveRewards mock
MOCK08653,DIAB_BLOOD_SUGAR,2025-07-12,15.0,False,Research-generated IncentiveRewards mock
MOCK08659,DIAB_BLOOD_SUGAR,2025-07-02,15.0,False,Research-generated IncentiveRewards mock
MOCK08677,DIAB_BLOOD_SUGAR,2025-08-07,15.0,True,Research-generated IncentiveRewards mock
MOCK08689,DIAB_BLOOD_SUGAR,2025-07-30,15.0,True,Research-generated IncentiveRewards mock
MOCK08707,DIAB_BLOOD_SUGAR,2025-07-25,15.0,True,Research-generated IncentiveRewards mock
MOCK08725,DIAB_BLOOD_SUGAR,2025-07-16,15.0,True,Research-generated IncentiveRewards mock
MOCK08737,DIAB_BLOOD_SUGAR,2025-07-12,15.0,False,Research-generated IncentiveRewards mock
MOCK08743,DIAB_BLOOD_SUGAR,2025-07-11,15.0,False,Research-generated IncentiveRewards mock
MOCK08755,DIAB_BLOOD_SUGAR,2025-07-10,15.0,False,Research-generated IncentiveRewards mock
MOCK08761,DIAB_BLOOD_SUGAR,2025-07-23,15.0,True,Research-generated IncentiveRewards mock
MOCK08767,DIAB_BLOOD_SUGAR,2025-08-03,15.0,False,Research-generated IncentiveRewards mock
MOCK08773,DIAB_BLOOD_SUGAR,2025-07-05,15.0,False,Research-generated IncentiveRewards mock
MOCK08779,DIAB_BLOOD_SUGAR,2025-07-26,15.0,True,Research-generated IncentiveRewards mock
MOCK08785,DIAB_BLOOD_SUGAR,2025-07-29,15.0,False,Research-generated IncentiveRewards mock
MOCK08815,DIAB_BLOOD_SUGAR,2025-08-06,15.0,False,Research-generated IncentiveRewards mock
MOCK08845,DIAB_BLOOD_SUGAR,2025-07-02,15.0,True,Research-generated IncentiveRewards mock
MOCK08851,DIAB_BLOOD_SUGAR,2025-08-04,15.0,False,Research-generated IncentiveRewards mock
MOCK08881,DIAB_BLOOD_SUGAR,2025-07-01,15.0,False,Research-generated IncentiveRewards mock
MOCK08887,DIAB_BLOOD_SUGAR,2025-07-24,15.0,True,Research-generated IncentiveRewards mock
MOCK08899,DIAB_BLOOD_SUGAR,2025-07-30,15.0,False,Research-generated IncentiveRewards mock
MOCK08917,DIAB_BLOOD_SUGAR,2025-07-14,15.0,True,Research-generated IncentiveRewards mock
MOCK08923,DIAB_BLOOD_SUGAR,2025-07-26,15.0,False,Research-generated IncentiveRewards mock
MOCK08947,DIAB_BLOOD_SUGAR,2025-07-07,15.0,False,Research-generated IncentiveRewards mock
MOCK08953,DIAB_BLOOD_SUGAR,2025-08-05,15.0,False,Research-generated IncentiveRewards mock
MOCK08959,DIAB_BLOOD_SUGAR,2025-08-06,15.0,False,Research-generated IncentiveRewards mock
MOCK08965,DIAB_BLOOD_SUGAR,2025-07-15,15.0,False,Research-generated IncentiveRewards mock
MOCK08971,DIAB_BLOOD_SUGAR,2025-08-06,15.0,False,Research-generated IncentiveRewards mock
MOCK08983,DIAB_BLOOD_SUGAR,2025-08-06,15.0,True,Research-generated IncentiveRewards mock
MOCK09013,DIAB_BLOOD_SUGAR,2025-07-11,15.0,False,Research-generated IncentiveRewards mock
MOCK09025,DIAB_BLOOD_SUGAR,2025-07-12,15.0,False,Research-generated IncentiveRewards mock
MOCK09031,DIAB_BLOOD_SUGAR,2025-07-29,15.0,True,Research-generated IncentiveRewards mock
MOCK09043,DIAB_BLOOD_SUGAR,2025-07-03,15.0,False,Research-generated IncentiveRewards mock
MOCK09049,DIAB_BLOOD_SUGAR,2025-07-12,15.0,False,Research-generated IncentiveRewards mock
MOCK09067,DIAB_BLOOD_SUGAR,2025-07-05,15.0,False,Research-generated IncentiveRewards mock
MOCK09073,DIAB_BLOOD_SUGAR,2025-07-29,15.0,True,Research-generated IncentiveRewards mock
MOCK09079,DIAB_BLOOD_SUGAR,2025-07-19,15.0,True,Research-generated IncentiveRewards mock
MOCK09097,DIAB_BLOOD_SUGAR,2025-06-30,15.0,False,Research-generated IncentiveRewards mock
MOCK09145,DIAB_BLOOD_SUGAR,2025-07-13,15.0,True,Research-generated IncentiveRewards mock
MOCK09151,DIAB_BLOOD_SUGAR,2025-08-05,15.0,True,Research-generated IncentiveRewards mock
MOCK09157,DIAB_BLOOD_SUGAR,2025-08-01,15.0,False,Research-generated IncentiveRewards mock
MOCK09169,DIAB_BLOOD_SUGAR,2025-07-26,15.0,False,Research-generated IncentiveRewards mock
MOCK09181,DIAB_BLOOD_SUGAR,2025-08-05,15.0,False,Research-generated IncentiveRewards mock
MOCK09193,DIAB_BLOOD_SUGAR,2025-08-01,15.0,True,Research-generated IncentiveRewards mock
MOCK09205,DIAB_BLOOD_SUGAR,2025-07-25,15.0,False,Research-generated IncentiveRewards mock
MOCK09223,DIAB_BLOOD_SUGAR,2025-07-29,15.0,True,Research-generated IncentiveRewards mock
MOCK09283,DIAB_BLOOD_SUGAR,2025-07-08,15.0,False,Research-generated IncentiveRewards mock
MOCK09289,DIAB_BLOOD_SUGAR,2025-07-14,15.0,False,Research-generated IncentiveRewards mock
MOCK09325,DIAB_BLOOD_SUGAR,2025-07-14,15.0,False,Research-generated IncentiveRewards mock
MOCK09337,DIAB_BLOOD_SUGAR,2025-08-02,15.0,True,Research-generated IncentiveRewards mock
MOCK09355,DIAB_BLOOD_SUGAR,2025-08-07,15.0,True,Research-generated IncentiveRewards mock
MOCK09373,DIAB_BLOOD_SUGAR,2025-07-07,15.0,False,Research-generated IncentiveRewards mock
MOCK09397,DIAB_BLOOD_SUGAR,2025-07-20,15.0,False,Research-generated IncentiveRewards mock
MOCK09403,DIAB_BLOOD_SUGAR,2025-07-09,15.0,True,Research-generated IncentiveRewards mock
MOCK09415,DIAB_BLOOD_SUGAR,2025-07-28,15.0,False,Research-generated IncentiveRewards mock
MOCK09421,DIAB_BLOOD_SUGAR,2025-07-31,15.0,True,Research-generated IncentiveRewards mock
MOCK09451,DIAB_BLOOD_SUGAR,2025-07-31,15.0,True,Research-generated IncentiveRewards mock
MOCK09457,DIAB_BLOOD_SUGAR,2025-08-07,15.0,True,Research-generated IncentiveRewards mock
MOCK09469,DIAB_BLOOD_SUGAR,2025-07-29,15.0,True,Research-generated IncentiveRewards mock
MOCK09475,DIAB_BLOOD_SUGAR,2025-07-31,15.0,False,Research-generated IncentiveRewards mock
MOCK09487,DIAB_BLOOD_SUGAR,2025-07-26,15.0,True,Research-generated IncentiveRewards mock
MOCK09511,DIAB_BLOOD_SUGAR,2025-07-04,15.0,True,Research-generated IncentiveRewards mock
MOCK09517,DIAB_BLOOD_SUGAR,2025-08-04,15.0,True,Research-generated IncentiveRewards mock
MOCK09541,DIAB_BLOOD_SUGAR,2025-07-25,15.0,True,Research-generated IncentiveRewards mock
MOCK09553,DIAB_BLOOD_SUGAR,2025-07-23,15.0,False,Research-generated IncentiveRewards mock
MOCK09559,DIAB_BLOOD_SUGAR,2025-08-04,15.0,True,Research-generated IncentiveRewards mock
MOCK09565,DIAB_BLOOD_SUGAR,2025-07-20,15.0,False,Research-generated IncentiveRewards mock
MOCK09571,DIAB_BLOOD_SUGAR,2025-07-25,15.0,True,Research-generated IncentiveRewards mock
MOCK09577,DIAB_BLOOD_SUGAR,2025-07-22,15.0,False,Research-generated IncentiveRewards mock
MOCK09583,DIAB_BLOOD_SUGAR,2025-07-15,15.0,False,Research-generated IncentiveRewards mock
MOCK09601,DIAB_BLOOD_SUGAR,2025-07-31,15.0,True,Research-generated IncentiveRewards mock
MOCK09607,DIAB_BLOOD_SUGAR,2025-07-23,15.0,True,Research-generated IncentiveRewards mock
MOCK09619,DIAB_BLOOD_SUGAR,2025-07-29,15.0,True,Research-generated IncentiveRewards mock
MOCK09625,DIAB_BLOOD_SUGAR,2025-07-28,15.0,False,Research-generated IncentiveRewards mock
MOCK09649,DIAB_BLOOD_SUGAR,2025-07-13,15.0,False,Research-generated IncentiveRewards mock
MOCK09655,DIAB_BLOOD_SUGAR,2025-07-28,15.0,False,Research-generated IncentiveRewards mock
MOCK09661,DIAB_BLOOD_SUGAR,2025-08-03,15.0,False,Research-generated IncentiveRewards mock
MOCK09673,DIAB_BLOOD_SUGAR,2025-07-30,15.0,False,Research-generated IncentiveRewards mock
MOCK09679,DIAB_BLOOD_SUGAR,2025-08-01,15.0,False,Research-generated IncentiveRewards mock
MOCK09685,DIAB_BLOOD_SUGAR,2025-07-14,15.0,True,Research-generated IncentiveRewards mock
MOCK09697,DIAB_BLOOD_SUGAR,2025-07-13,15.0,False,Research-generated IncentiveRewards mock
MOCK09703,DIAB_BLOOD_SUGAR,2025-07-29,15.0,True,Research-generated IncentiveRewards mock
MOCK09733,DIAB_BLOOD_SUGAR,2025-07-25,15.0,False,Research-generated IncentiveRewards mock
MOCK09745,DIAB_BLOOD_SUGAR,2025-07-19,15.0,False,Research-generated IncentiveRewards mock
MOCK09757,DIAB_BLOOD_SUGAR,2025-07-19,15.0,True,Research-generated IncentiveRewards mock
MOCK09775,DIAB_BLOOD_SUGAR,2025-07-30,15.0,True,Research-generated IncentiveRewards mock
MOCK09781,DIAB_BLOOD_SUGAR,2025-07-09,15.0,True,Research-generated IncentiveRewards mock
MOCK09793,DIAB_BLOOD_SUGAR,2025-07-16,15.0,True,Research-generated IncentiveRewards mock
MOCK09805,DIAB_BLOOD_SUGAR,2025-07-13,15.0,False,Research-generated IncentiveRewards mock
MOCK09859,DIAB_BLOOD_SUGAR,2025-07-28,15.0,True,Research-generated IncentiveRewards mock
MOCK09865,DIAB_BLOOD_SUGAR,2025-07-04,15.0,False,Research-generated IncentiveRewards mock
MOCK09871,DIAB_BLOOD_SUGAR,2025-07-06,15.0,False,Research-generated IncentiveRewards mock
MOCK09889,DIAB_BLOOD_SUGAR,2025-07-19,15.0,True,Research-generated IncentiveRewards mock
MOCK09901,DIAB_BLOOD_SUGAR,2025-07-18,15.0,True,Research-generated IncentiveRewards mock
MOCK09937,DIAB_BLOOD_SUGAR,2025-07-20,15.0,False,Research-generated IncentiveRewards mock
MOCK09949,DIAB_BLOOD_SUGAR,2025-07-15,15.0,True,Research-generated IncentiveRewards mock
MOCK09967,DIAB_BLOOD_SUGAR,2025-07-11,15.0,False,Research-generated IncentiveRewards mock
MOCK09973,DIAB_BLOOD_SUGAR,2025-08-01,15.0,False,Research-generated IncentiveRewards mock
MOCK09991,DIAB_BLOOD_SUGAR,2025-07-25,15.0,True,Research-generated IncentiveRewards mock
