member_id,care_gap_code,potential_issued_at,closed_at,eligible,assigned
MOCK00001,DIAB_A1C_TEST,2025-07-03,2026-02-25,True,True
MOCK00007,DIAB_A1C_TEST,2025-07-30,,True,False
MOCK00013,DIAB_A1C_TEST,2025-07-25,,True,False
MOCK00019,DIAB_A1C_TEST,2025-07-17,,True,False
MOCK00025,DIAB_A1C_TEST,2025-07-16,,True,True
MOCK00031,DIAB_A1C_TEST,2025-08-02,,True,True
MOCK00037,DIAB_A1C_TEST,2025-07-03,,True,True
MOCK00043,DIAB_A1C_TEST,2025-07-27,,True,True
MOCK00049,DIAB_A1C_TEST,2025-07-07,2025-11-22,True,False
MOCK00055,DIAB_A1C_TEST,2025-07-03,,True,False
MOCK00061,DIAB_A1C_TEST,2025-07-20,,True,False
MOCK00067,DIAB_A1C_TEST,2025-08-07,,True,False
MOCK00073,DIAB_A1C_TEST,2025-07-28,2026-01-28,True,True
MOCK00079,DIAB_A1C_TEST,2025-07-29,,True,True
MOCK00085,DIAB_A1C_TEST,2025-07-27,,True,False
MOCK00091,DIAB_A1C_TEST,2025-07-30,,True,False
MOCK00097,DIAB_A1C_TEST,2025-07-20,,True,False
MOCK00103,DIAB_A1C_TEST,2025-07-04,,True,True
MOCK00109,DIAB_A1C_TEST,2025-08-01,,True,True
MOCK00115,DIAB_A1C_TEST,2025-07-17,,True,True
MOCK00121,DIAB_A1C_TEST,2025-07-19,,True,False
MOCK00127,DIAB_A1C_TEST,2025-07-14,,True,False
MOCK00133,DIAB_A1C_TEST,2025-07-07,,True,False
MOCK00139,DIAB_A1C_TEST,2025-08-05,,True,False
MOCK00145,DIAB_A1C_TEST,2025-07-30,,True,True
MOCK00151,DIAB_A1C_TEST,2025-07-25,,True,False
MOCK00157,DIAB_A1C_TEST,2025-07-15,,True,True
MOCK00163,DIAB_A1C_TEST,2025-08-01,,True,False
MOCK00169,DIAB_A1C_TEST,2025-07-21,,True,False
MOCK00175,DIAB_A1C_TEST,2025-07-17,2026-02-23,True,False
MOCK00181,DIAB_A1C_TEST,2025-07-17,,True,True
MOCK00187,DIAB_A1C_TEST,2025-07-08,,True,False
MOCK00193,DIAB_A1C_TEST,2025-07-03,2026-05-17,True,False
MOCK00199,DIAB_A1C_TEST,2025-07-21,,True,True
MOCK00205,DIAB_A1C_TEST,2025-08-03,,True,True
MOCK00211,DIAB_A1C_TEST,2025-07-02,,True,False
MOCK00217,DIAB_A1C_TEST,2025-08-02,,True,True
MOCK00223,DIAB_A1C_TEST,2025-08-01,2025-12-18,True,True
MOCK00229,DIAB_A1C_TEST,2025-07-10,,True,True
MOCK00235,DIAB_A1C_TEST,2025-07-24,2026-04-13,True,True
MOCK00241,DIAB_A1C_TEST,2025-07-06,,True,False
MOCK00247,DIAB_A1C_TEST,2025-07-29,,True,False
MOCK00253,DIAB_A1C_TEST,2025-07-27,2026-01-01,True,True
MOCK00259,DIAB_A1C_TEST,2025-07-13,2026-04-20,True,False
MOCK00265,DIAB_A1C_TEST,2025-07-02,,True,True
MOCK00271,DIAB_A1C_TEST,2025-08-06,,True,True
MOCK00277,DIAB_A1C_TEST,2025-07-17,,True,True
MOCK00283,DIAB_A1C_TEST,2025-08-03,,True,False
MOCK00289,DIAB_A1C_TEST,2025-07-26,2025-12-30,True,False
MOCK00295,DIAB_A1C_TEST,2025-07-30,,True,False
MOCK00301,DIAB_A1C_TEST,2025-07-29,,True,True
MOCK00307,DIAB_A1C_TEST,2025-07-07,2025-11-19,True,True
MOCK00313,DIAB_A1C_TEST,2025-07-14,,True,True
MOCK00319,DIAB_A1C_TEST,2025-07-18,2026-04-10,True,False
MOCK00325,DIAB_A1C_TEST,2025-07-19,,True,True
MOCK00331,DIAB_A1C_TEST,2025-07-01,,True,False
MOCK00337,DIAB_A1C_TEST,2025-07-21,,True,False
MOCK00343,DIAB_A1C_TEST,2025-07-06,,True,False
MOCK00349,DIAB_A1C_TEST,2025-07-28,,True,False
MOCK00355,DIAB_A1C_TEST,2025-07-26,,True,True
MOCK00361,DIAB_A1C_TEST,2025-08-04,,True,False
MOCK00367,DIAB_A1C_TEST,2025-07-29,,True,True
MOCK00373,DIAB_A1C_TEST,2025-07-14,,True,False
MOCK00379,DIAB_A1C_TEST,2025-08-06,,True,False
MOCK00385,DIAB_A1C_TEST,2025-07-16,,True,True
MOCK00391,DIAB_A1C_TEST,2025-07-12,2026-04-19,True,False
MOCK00397,DIAB_A1C_TEST,2025-08-04,,True,True
MOCK00403,DIAB_A1C_TEST,2025-07-14,,True,True
MOCK00409,DIAB_A1C_TEST,2025-07-02,2026-04-30,True,False
MOCK00415,DIAB_A1C_TEST,2025-07-18,2026-05-08,True,False
MOCK00421,DIAB_A1C_TEST,2025-07-31,,True,False
MOCK00427,DIAB_A1C_TEST,2025-07-07,,True,False
MOCK00433,DIAB_A1C_TEST,2025-07-18,,True,False
MOCK00439,DIAB_A1C_TEST,2025-07-05,2026-04-14,True,True
MOCK00445,DIAB_A1C_TEST,2025-07-26,,True,True
MOCK00451,DIAB_A1C_TEST,2025-07-18,,True,False
MOCK00457,DIAB_A1C_TEST,2025-07-12,,True,True
MOCK00463,DIAB_A1C_TEST,2025-07-08,,True,False
MOCK00469,DIAB_A1C_TEST,2025-07-22,,True,True
MOCK00475,DIAB_A1C_TEST,2025-07-26,,True,True
MOCK00481,DIAB_A1C_TEST,2025-08-05,,True,False
MOCK00487,DIAB_A1C_TEST,2025-07-17,,True,False
MOCK00493,DIAB_A1C_TEST,2025-07-06,2026-01-29,True,False
MOCK00499,DIAB_A1C_TEST,2025-08-01,2026-04-20,True,False
MOCK00505,DIAB_A1C_TEST,2025-07-24,2026-05-25,True,True
MOCK00511,DIAB_A1C_TEST,2025-07-27,,True,False
MOCK00517,DIAB_A1C_TEST,2025-07-03,,True,True
MOCK00523,DIAB_A1C_TEST,2025-07-12,,True,False
MOCK00529,DIAB_A1C_TEST,2025-07-29,,True,True
MOCK00535,DIAB_A1C_TEST,2025-08-01,2026-03-19,True,False
MOCK00541,DIAB_A1C_TEST,2025-07-16,,True,True
MOCK00547,DIAB_A1C_TEST,2025-07-31,,True,False
MOCK00553,DIAB_A1C_TEST,2025-08-01,,True,False
MOCK00559,DIAB_A1C_TEST,2025-07-15,,True,False
MOCK00565,DIAB_A1C_TEST,2025-08-04,,True,True
MOCK00571,DIAB_A1C_TEST,2025-07-11,2026-04-22,True,False
MOCK00577,DIAB_A1C_TEST,2025-07-09,,True,True
MOCK00583,DIAB_A1C_TEST,2025-07-26,,True,True
MOCK00589,DIAB_A1C_TEST,2025-07-24,,True,True
MOCK00595,DIAB_A1C_TEST,2025-07-05,,True,True
MOCK00601,DIAB_A1C_TEST,2025-08-01,,True,False
MOCK00607,DIAB_A1C_TEST,2025-07-07,,True,True
MOCK00613,DIAB_A1C_TEST,2025-07-31,,True,True
MOCK00619,DIAB_A1C_TEST,2025-06-30,,True,False
MOCK00625,DIAB_A1C_TEST,2025-07-31,2025-12-14,True,False
MOCK00631,DIAB_A1C_TEST,2025-07-30,,True,False
MOCK00637,DIAB_A1C_TEST,2025-07-30,,True,False
MOCK00643,DIAB_A1C_TEST,2025-07-25,,True,True
MOCK00649,DIAB_A1C_TEST,2025-07-18,,True,False
MOCK00655,DIAB_A1C_TEST,2025-07-27,,True,True
MOCK00661,DIAB_A1C_TEST,2025-07-10,,True,True
MOCK00667,DIAB_A1C_TEST,2025-07-30,,True,True
MOCK00673,DIAB_A1C_TEST,2025-07-21,,True,False
MOCK00679,DIAB_A1C_TEST,2025-07-17,2025-11-08,True,True
MOCK00685,DIAB_A1C_TEST,2025-07-19,2026-05-25,True,False
MOCK00691,DIAB_A1C_TEST,2025-07-22,,True,True
MOCK00697,DIAB_A1C_TEST,2025-07-01,,True,False
MOCK00703,DIAB_A1C_TEST,2025-07-05,,True,False
MOCK00709,DIAB_A1C_TEST,2025-07-09,,True,True
MOCK00715,DIAB_A1C_TEST,2025-07-04,,True,True
MOCK00721,DIAB_A1C_TEST,2025-07-17,,True,False
MOCK00727,DIAB_A1C_TEST,2025-07-26,2026-05-04,True,False
MOCK00733,DIAB_A1C_TEST,2025-07-25,,True,True
MOCK00739,DIAB_A1C_TEST,2025-07-18,,True,False
MOCK00745,DIAB_A1C_TEST,2025-08-02,,True,True
MOCK00751,DIAB_A1C_TEST,2025-07-22,2026-05-01,True,True
MOCK00757,DIAB_A1C_TEST,2025-07-03,,True,True
MOCK00763,DIAB_A1C_TEST,2025-07-29,,True,False
MOCK00769,DIAB_A1C_TEST,2025-07-22,,True,True
MOCK00775,DIAB_A1C_TEST,2025-07-24,,True,False
MOCK00781,DIAB_A1C_TEST,2025-07-22,,True,True
MOCK00787,DIAB_A1C_TEST,2025-07-21,,True,False
MOCK00793,DIAB_A1C_TEST,2025-07-03,,True,True
MOCK00799,DIAB_A1C_TEST,2025-07-21,,True,False
MOCK00805,DIAB_A1C_TEST,2025-07-31,2025-11-02,True,False
MOCK00811,DIAB_A1C_TEST,2025-07-11,,True,True
MOCK00817,DIAB_A1C_TEST,2025-07-23,,True,True
MOCK00823,DIAB_A1C_TEST,2025-07-01,2026-04-25,True,False
MOCK00829,DIAB_A1C_TEST,2025-07-13,,True,False
MOCK00835,DIAB_A1C_TEST,2025-07-17,2025-11-20,True,False
MOCK00841,DIAB_A1C_TEST,2025-08-07,,True,True
MOCK00847,DIAB_A1C_TEST,2025-07-08,,True,False
MOCK00853,DIAB_A1C_TEST,2025-07-10,2026-03-27,True,True
MOCK00859,DIAB_A1C_TEST,2025-07-15,,True,True
MOCK00865,DIAB_A1C_TEST,2025-08-07,,True,False
MOCK00871,DIAB_A1C_TEST,2025-08-02,,True,False
MOCK00877,DIAB_A1C_TEST,2025-07-01,,True,False
MOCK00883,DIAB_A1C_TEST,2025-07-09,2026-03-02,True,False
MOCK00889,DIAB_A1C_TEST,2025-08-01,,True,True
MOCK00895,DIAB_A1C_TEST,2025-07-02,,True,False
MOCK00901,DIAB_A1C_TEST,2025-08-02,,True,True
MOCK00907,DIAB_A1C_TEST,2025-07-10,,True,True
MOCK00913,DIAB_A1C_TEST,2025-08-04,,True,True
MOCK00919,DIAB_A1C_TEST,2025-07-11,,True,False
MOCK00925,DIAB_A1C_TEST,2025-07-16,,True,False
MOCK00931,DIAB_A1C_TEST,2025-07-25,,True,True
MOCK00937,DIAB_A1C_TEST,2025-07-04,,True,False
MOCK00943,DIAB_A1C_TEST,2025-07-21,,True,False
MOCK00949,DIAB_A1C_TEST,2025-07-19,2026-03-16,True,False
MOCK00955,DIAB_A1C_TEST,2025-07-30,2026-02-05,True,False
MOCK00961,DIAB_A1C_TEST,2025-08-07,,True,True
MOCK00967,DIAB_A1C_TEST,2025-07-25,,True,False
MOCK00973,DIAB_A1C_TEST,2025-07-15,,True,False
MOCK00979,DIAB_A1C_TEST,2025-07-15,2025-12-16,True,False
MOCK00985,DIAB_A1C_TEST,2025-07-16,2026-03-12,True,False
MOCK00991,DIAB_A1C_TEST,2025-07-31,,True,False
MOCK00997,DIAB_A1C_TEST,2025-07-12,2026-05-05,True,True
MOCK01003,DIAB_A1C_TEST,2025-07-06,,True,False
MOCK01009,DIAB_A1C_TEST,2025-07-13,,True,True
MOCK01015,DIAB_A1C_TEST,2025-06-30,2025-11-05,True,True
MOCK01021,DIAB_A1C_TEST,2025-07-04,,True,False
MOCK01027,DIAB_A1C_TEST,2025-07-03,,True,False
MOCK01033,DIAB_A1C_TEST,2025-07-30,2025-12-20,True,False
MOCK01039,DIAB_A1C_TEST,2025-07-28,,True,False
MOCK01045,DIAB_A1C_TEST,2025-07-27,2026-03-19,True,False
MOCK01051,DIAB_A1C_TEST,2025-07-18,,True,False
MOCK01057,DIAB_A1C_TEST,2025-07-27,,True,False
MOCK01063,DIAB_A1C_TEST,2025-07-06,,True,True
MOCK01069,DIAB_A1C_TEST,2025-08-04,2026-03-10,True,False
MOCK01075,DIAB_A1C_TEST,2025-07-19,,True,True
MOCK01081,DIAB_A1C_TEST,2025-08-05,2026-02-16,True,True
MOCK01087,DIAB_A1C_TEST,2025-07-05,,True,True
MOCK01093,DIAB_A1C_TEST,2025-07-19,,True,False
MOCK01099,DIAB_A1C_TEST,2025-07-27,2025-12-17,True,False
MOCK01105,DIAB_A1C_TEST,2025-07-19,,True,False
MOCK01111,DIAB_A1C_TEST,2025-07-17,,True,False
MOCK01117,DIAB_A1C_TEST,2025-07-06,,True,False
MOCK01123,DIAB_A1C_TEST,2025-07-14,,True,True
MOCK01129,DIAB_A1C_TEST,2025-07-09,,True,False
MOCK01135,DIAB_A1C_TEST,2025-07-11,,True,False
MOCK01141,DIAB_A1C_TEST,2025-07-26,,True,False
MOCK01147,DIAB_A1C_TEST,2025-07-24,,True,True
MOCK01153,DIAB_A1C_TEST,2025-07-23,,True,True
MOCK01159,DIAB_A1C_TEST,2025-07-14,,True,False
MOCK01165,DIAB_A1C_TEST,2025-08-06,,True,True
MOCK01171,DIAB_A1C_TEST,2025-07-03,,True,True
MOCK01177,DIAB_A1C_TEST,2025-07-13,,True,False
MOCK01183,DIAB_A1C_TEST,2025-07-04,,True,True
MOCK01189,DIAB_A1C_TEST,2025-07-13,,True,True
MOCK01195,DIAB_A1C_TEST,2025-08-06,2026-05-21,True,False
MOCK01201,DIAB_A1C_TEST,2025-07-14,,True,False
MOCK01207,DIAB_A1C_TEST,2025-08-04,,True,False
MOCK01213,DIAB_A1C_TEST,2025-07-19,,True,True
MOCK01219,DIAB_A1C_TEST,2025-07-27,,True,True
MOCK01225,DIAB_A1C_TEST,2025-07-17,,True,True
MOCK01231,DIAB_A1C_TEST,2025-07-10,,True,False
MOCK01237,DIAB_A1C_TEST,2025-07-29,,True,True
MOCK01243,DIAB_A1C_TEST,2025-08-06,,True,False
MOCK01249,DIAB_A1C_TEST,2025-07-10,,True,False
MOCK01255,DIAB_A1C_TEST,2025-07-30,,True,False
MOCK01261,DIAB_A1C_TEST,2025-07-10,,True,True
MOCK01267,DIAB_A1C_TEST,2025-07-27,2025-12-02,True,True
MOCK01273,DIAB_A1C_TEST,2025-07-30,2026-01-18,True,True
MOCK01279,DIAB_A1C_TEST,2025-07-17,,True,True
MOCK01285,DIAB_A1C_TEST,2025-07-28,,True,False
MOCK01291,DIAB_A1C_TEST,2025-07-10,2025-12-11,True,True
MOCK01297,DIAB_A1C_TEST,2025-07-03,,True,False
MOCK01303,DIAB_A1C_TEST,2025-07-03,,True,False
MOCK01309,DIAB_A1C_TEST,2025-07-17,,True,True
MOCK01315,DIAB_A1C_TEST,2025-08-04,,True,True
MOCK01321,DIAB_A1C_TEST,2025-07-04,2026-02-19,True,True
MOCK01327,DIAB_A1C_TEST,2025-07-17,2026-05-09,True,True
MOCK01333,DIAB_A1C_TEST,2025-07-27,2026-01-11,True,False
MOCK01339,DIAB_A1C_TEST,2025-07-07,,True,False
MOCK01345,DIAB_A1C_TEST,2025-07-28,,True,False
MOCK01351,DIAB_A1C_TEST,2025-07-11,,True,False
MOCK01357,DIAB_A1C_TEST,2025-07-31,,True,True
MOCK01363,DIAB_A1C_TEST,2025-07-22,,True,True
MOCK01369,DIAB_A1C_TEST,2025-07-21,2026-03-29,True,True
MOCK01375,DIAB_A1C_TEST,2025-07-06,,True,True
MOCK01381,DIAB_A1C_TEST,2025-07-18,,True,False
MOCK01387,DIAB_A1C_TEST,2025-08-02,,True,False
MOCK01393,DIAB_A1C_TEST,2025-06-30,,True,True
MOCK01399,DIAB_A1C_TEST,2025-07-29,,True,True
MOCK01405,DIAB_A1C_TEST,2025-07-19,,True,True
MOCK01411,DIAB_A1C_TEST,2025-07-28,,True,False
MOCK01417,DIAB_A1C_TEST,2025-07-25,,True,True
MOCK01423,DIAB_A1C_TEST,2025-07-16,2026-01-18,True,True
MOCK01429,DIAB_A1C_TEST,2025-07-12,,True,True
MOCK01435,DIAB_A1C_TEST,2025-07-24,,True,False
MOCK01441,DIAB_A1C_TEST,2025-07-05,,True,False
MOCK01447,DIAB_A1C_TEST,2025-07-22,,True,False
MOCK01453,DIAB_A1C_TEST,2025-07-03,,True,True
MOCK01459,DIAB_A1C_TEST,2025-07-25,,True,True
MOCK01465,DIAB_A1C_TEST,2025-07-24,,True,False
MOCK01471,DIAB_A1C_TEST,2025-07-03,,True,True
MOCK01477,DIAB_A1C_TEST,2025-07-29,,True,True
MOCK01483,DIAB_A1C_TEST,2025-07-16,2026-04-03,True,False
MOCK01489,DIAB_A1C_TEST,2025-07-30,,True,True
MOCK01495,DIAB_A1C_TEST,2025-07-01,,True,True
MOCK01501,DIAB_A1C_TEST,2025-07-06,,True,False
MOCK01507,DIAB_A1C_TEST,2025-07-19,2026-04-14,True,False
MOCK01513,DIAB_A1C_TEST,2025-07-07,,True,True
MOCK01519,DIAB_A1C_TEST,2025-07-12,,True,True
MOCK01525,DIAB_A1C_TEST,2025-07-25,,True,False
MOCK01531,DIAB_A1C_TEST,2025-07-05,,True,True
MOCK01537,DIAB_A1C_TEST,2025-07-26,,True,True
MOCK01543,DIAB_A1C_TEST,2025-07-04,,True,False
MOCK01549,DIAB_A1C_TEST,2025-07-06,,True,False
MOCK01555,DIAB_A1C_TEST,2025-07-22,,True,False
MOCK01561,DIAB_A1C_TEST,2025-07-30,2026-04-01,True,True
MOCK01567,DIAB_A1C_TEST,2025-07-06,,True,True
MOCK01573,DIAB_A1C_TEST,2025-07-11,,True,False
MOCK01579,DIAB_A1C_TEST,2025-08-05,,True,False
MOCK01585,DIAB_A1C_TEST,2025-08-07,,True,True
MOCK01591,DIAB_A1C_TEST,2025-07-22,,True,False
MOCK01597,DIAB_A1C_TEST,2025-07-17,2026-05-10,True,True
MOCK01603,DIAB_A1C_TEST,2025-07-13,,True,False
MOCK01609,DIAB_A1C_TEST,2025-07-23,,True,False
MOCK01615,DIAB_A1C_TEST,2025-07-23,,True,True
MOCK01621,DIAB_A1C_TEST,2025-07-11,,True,False
MOCK01627,DIAB_A1C_TEST,2025-06-30,,True,False
MOCK01633,DIAB_A1C_TEST,2025-07-05,,True,True
MOCK01639,DIAB_A1C_TEST,2025-08-06,,True,True
MOCK01645,DIAB_A1C_TEST,2025-07-16,,True,False
MOCK01651,DIAB_A1C_TEST,2025-07-18,2026-03-06,True,True
MOCK01657,DIAB_A1C_TEST,2025-07-18,,True,True
MOCK01663,DIAB_A1C_TEST,2025-07-30,2026-05-02,True,True
MOCK01669,DIAB_A1C_TEST,2025-07-02,,True,False
MOCK01675,DIAB_A1C_TEST,2025-07-03,,True,True
MOCK01681,DIAB_A1C_TEST,2025-07-10,,True,False
MOCK01687,DIAB_A1C_TEST,2025-07-18,2026-04-09,True,True
MOCK01693,DIAB_A1C_TEST,2025-07-26,,True,True
MOCK01699,DIAB_A1C_TEST,2025-07-19,,True,False
MOCK01705,DIAB_A1C_TEST,2025-07-17,,True,True
MOCK01711,DIAB_A1C_TEST,2025-08-05,,True,True
MOCK01717,DIAB_A1C_TEST,2025-07-06,,True,True
MOCK01723,DIAB_A1C_TEST,2025-07-22,,True,False
MOCK01729,DIAB_A1C_TEST,2025-07-21,,True,True
MOCK01735,DIAB_A1C_TEST,2025-07-18,,True,True
MOCK01741,DIAB_A1C_TEST,2025-07-31,,True,True
MOCK01747,DIAB_A1C_TEST,2025-07-10,,True,True
MOCK01753,DIAB_A1C_TEST,2025-08-06,,True,True
MOCK01759,DIAB_A1C_TEST,2025-07-12,,True,False
MOCK01765,DIAB_A1C_TEST,2025-07-21,,True,True
MOCK01771,DIAB_A1C_TEST,2025-07-20,,True,True
MOCK01777,DIAB_A1C_TEST,2025-08-02,,True,False
MOCK01783,DIAB_A1C_TEST,2025-07-17,,True,False
MOCK01789,DIAB_A1C_TEST,2025-07-11,2026-02-28,True,True
MOCK01795,DIAB_A1C_TEST,2025-06-30,,True,True
MOCK01801,DIAB_A1C_TEST,2025-07-14,,True,True
MOCK01807,DIAB_A1C_TEST,2025-08-01,,True,False
MOCK01813,DIAB_A1C_TEST,2025-06-30,,True,True
MOCK01819,DIAB_A1C_TEST,2025-08-03,,True,True
MOCK01825,DIAB_A1C_TEST,2025-07-21,,True,True
MOCK01831,DIAB_A1C_TEST,2025-07-05,2026-05-02,True,True
MOCK01837,DIAB_A1C_TEST,2025-07-11,,True,True
MOCK01843,DIAB_A1C_TEST,2025-07-21,,True,True
MOCK01849,DIAB_A1C_TEST,2025-07-12,,True,False
MOCK01855,DIAB_A1C_TEST,2025-07-04,,True,False
MOCK01861,DIAB_A1C_TEST,2025-07-25,,True,False
MOCK01867,DIAB_A1C_TEST,2025-07-26,,True,False
MOCK01873,DIAB_A1C_TEST,2025-07-04,,True,True
MOCK01879,DIAB_A1C_TEST,2025-07-10,,True,False
MOCK01885,DIAB_A1C_TEST,2025-07-09,,True,False
MOCK01891,DIAB_A1C_TEST,2025-07-25,,True,False
MOCK01897,DIAB_A1C_TEST,2025-07-28,,True,False
MOCK01903,DIAB_A1C_TEST,2025-07-28,,True,True
MOCK01909,DIAB_A1C_TEST,2025-08-05,,True,True
MOCK01915,DIAB_A1C_TEST,2025-07-29,2026-01-10,True,True
MOCK01921,DIAB_A1C_TEST,2025-07-12,,True,True
MOCK01927,DIAB_A1C_TEST,2025-07-04,,True,False
MOCK01933,DIAB_A1C_TEST,2025-07-23,,True,True
MOCK01939,DIAB_A1C_TEST,2025-08-04,,True,True
MOCK01945,DIAB_A1C_TEST,2025-08-07,,True,False
MOCK01951,DIAB_A1C_TEST,2025-07-08,,True,False
MOCK01957,DIAB_A1C_TEST,2025-07-09,,True,False
MOCK01963,DIAB_A1C_TEST,2025-07-01,,True,True
MOCK01969,DIAB_A1C_TEST,2025-07-05,,True,False
MOCK01975,DIAB_A1C_TEST,2025-07-21,,True,False
MOCK01981,DIAB_A1C_TEST,2025-07-21,,True,False
MOCK01987,DIAB_A1C_TEST,2025-07-14,2026-03-16,True,False
MOCK01993,DIAB_A1C_TEST,2025-07-12,,True,False
MOCK01999,DIAB_A1C_TEST,2025-08-01,,True,True
MOCK02005,DIAB_A1C_TEST,2025-07-17,,True,False
MOCK02011,DIAB_A1C_TEST,2025-07-31,,True,False
MOCK02017,DIAB_A1C_TEST,2025-08-06,,True,True
MOCK02023,DIAB_A1C_TEST,2025-07-12,,True,True
MOCK02029,DIAB_A1C_TEST,2025-07-07,,True,True
MOCK02035,DIAB_A1C_TEST,2025-08-06,,True,True
MOCK02041,DIAB_A1C_TEST,2025-07-24,2026-04-23,True,False
MOCK02047,DIAB_A1C_TEST,2025-07-11,,True,False
MOCK02053,DIAB_A1C_TEST,2025-07-24,2025-12-24,True,True
MOCK02059,DIAB_A1C_TEST,2025-07-20,,True,True
MOCK02065,DIAB_A1C_TEST,2025-08-04,,True,True
MOCK02071,DIAB_A1C_TEST,2025-07-09,,True,True
MOCK02077,DIAB_A1C_TEST,2025-08-07,,True,False
MOCK02083,DIAB_A1C_TEST,2025-08-05,,True,False
MOCK02089,DIAB_A1C_TEST,2025-07-07,,True,False
MOCK02095,DIAB_A1C_TEST,2025-07-06,2026-02-09,True,True
MOCK02101,DIAB_A1C_TEST,2025-07-20,2025-12-27,True,False
MOCK02107,DIAB_A1C_TEST,2025-07-01,,True,False
MOCK02113,DIAB_A1C_TEST,2025-07-11,,True,True
MOCK02119,DIAB_A1C_TEST,2025-07-16,,True,False
MOCK02125,DIAB_A1C_TEST,2025-08-06,2025-12-29,True,False
MOCK02131,DIAB_A1C_TEST,2025-08-07,,True,False
MOCK02137,DIAB_A1C_TEST,2025-07-05,,True,True
MOCK02143,DIAB_A1C_TEST,2025-08-03,,True,True
MOCK02149,DIAB_A1C_TEST,2025-07-03,,True,False
MOCK02155,DIAB_A1C_TEST,2025-07-29,,True,True
MOCK02161,DIAB_A1C_TEST,2025-08-01,,True,True
MOCK02167,DIAB_A1C_TEST,2025-08-03,,True,False
MOCK02173,DIAB_A1C_TEST,2025-07-08,,True,True
MOCK02179,DIAB_A1C_TEST,2025-08-03,,True,False
MOCK02185,DIAB_A1C_TEST,2025-07-04,,True,False
MOCK02191,DIAB_A1C_TEST,2025-07-20,,True,False
MOCK02197,DIAB_A1C_TEST,2025-07-18,,True,False
MOCK02203,DIAB_A1C_TEST,2025-07-12,,True,False
MOCK02209,DIAB_A1C_TEST,2025-06-30,,True,True
MOCK02215,DIAB_A1C_TEST,2025-07-30,,True,True
MOCK02221,DIAB_A1C_TEST,2025-07-13,,True,False
MOCK02227,DIAB_A1C_TEST,2025-07-25,,True,True
MOCK02233,DIAB_A1C_TEST,2025-07-15,2025-12-19,True,True
MOCK02239,DIAB_A1C_TEST,2025-07-14,2026-01-21,True,True
MOCK02245,DIAB_A1C_TEST,2025-08-03,,True,False
MOCK02251,DIAB_A1C_TEST,2025-07-03,,True,True
MOCK02257,DIAB_A1C_TEST,2025-07-28,2025-11-03,True,False
MOCK02263,DIAB_A1C_TEST,2025-07-29,2026-05-06,True,True
MOCK02269,DIAB_A1C_TEST,2025-07-14,2026-03-14,True,False
MOCK02275,DIAB_A1C_TEST,2025-07-10,,True,True
MOCK02281,DIAB_A1C_TEST,2025-06-30,,True,True
MOCK02287,DIAB_A1C_TEST,2025-08-05,,True,False
MOCK02293,DIAB_A1C_TEST,2025-08-05,,True,False
MOCK02299,DIAB_A1C_TEST,2025-07-09,2026-01-06,True,True
MOCK02305,DIAB_A1C_TEST,2025-07-01,,True,True
MOCK02311,DIAB_A1C_TEST,2025-07-04,2026-05-06,True,True
MOCK02317,DIAB_A1C_TEST,2025-07-02,,True,True
MOCK02323,DIAB_A1C_TEST,2025-08-01,2026-03-22,True,False
MOCK02329,DIAB_A1C_TEST,2025-08-03,,True,True
MOCK02335,DIAB_A1C_TEST,2025-07-05,,True,False
MOCK02341,DIAB_A1C_TEST,2025-07-29,,True,True
MOCK02347,DIAB_A1C_TEST,2025-07-06,,True,False
MOCK02353,DIAB_A1C_TEST,2025-07-14,,True,True
MOCK02359,DIAB_A1C_TEST,2025-07-23,2026-01-31,True,False
MOCK02365,DIAB_A1C_TEST,2025-07-28,,True,True
MOCK02371,DIAB_A1C_TEST,2025-08-03,,True,False
MOCK02377,DIAB_A1C_TEST,2025-07-01,,True,False
MOCK02383,DIAB_A1C_TEST,2025-07-07,,True,False
MOCK02389,DIAB_A1C_TEST,2025-07-10,,True,True
MOCK02395,DIAB_A1C_TEST,2025-07-12,,True,True
MOCK02401,DIAB_A1C_TEST,2025-08-07,,True,True
MOCK02407,DIAB_A1C_TEST,2025-07-30,2026-02-25,True,True
MOCK02413,DIAB_A1C_TEST,2025-07-12,,True,False
MOCK02419,DIAB_A1C_TEST,2025-08-06,,True,False
MOCK02425,DIAB_A1C_TEST,2025-07-19,,True,False
MOCK02431,DIAB_A1C_TEST,2025-07-19,,True,False
MOCK02437,DIAB_A1C_TEST,2025-07-16,,True,True
MOCK02443,DIAB_A1C_TEST,2025-07-05,,True,True
MOCK02449,DIAB_A1C_TEST,2025-08-05,,True,False
MOCK02455,DIAB_A1C_TEST,2025-06-30,,True,True
MOCK02461,DIAB_A1C_TEST,2025-07-06,,True,True
MOCK02467,DIAB_A1C_TEST,2025-07-08,,True,False
MOCK02473,DIAB_A1C_TEST,2025-07-10,,True,False
MOCK02479,DIAB_A1C_TEST,2025-07-05,,True,False
MOCK02485,DIAB_A1C_TEST,2025-06-30,,True,True
MOCK02491,DIAB_A1C_TEST,2025-07-26,,True,False
MOCK02497,DIAB_A1C_TEST,2025-08-06,,True,True
MOCK02503,DIAB_A1C_TEST,2025-07-04,,True,True
MOCK02509,DIAB_A1C_TEST,2025-07-11,,True,True
MOCK02515,DIAB_A1C_TEST,2025-07-19,,True,False
MOCK02521,DIAB_A1C_TEST,2025-08-05,,True,False
MOCK02527,DIAB_A1C_TEST,2025-07-27,,True,False
MOCK02533,DIAB_A1C_TEST,2025-07-29,,True,True
MOCK02539,DIAB_A1C_TEST,2025-07-22,,True,False
MOCK02545,DIAB_A1C_TEST,2025-07-16,,True,True
MOCK02551,DIAB_A1C_TEST,2025-07-07,2026-03-24,True,False
MOCK02557,DIAB_A1C_TEST,2025-08-02,,True,True
MOCK02563,DIAB_A1C_TEST,2025-07-31,,True,True
MOCK02569,DIAB_A1C_TEST,2025-06-30,,True,False
MOCK02575,DIAB_A1C_TEST,2025-07-27,2026-03-03,True,False
MOCK02581,DIAB_A1C_TEST,2025-07-03,,True,False
MOCK02587,DIAB_A1C_TEST,2025-07-28,,True,True
MOCK02593,DIAB_A1C_TEST,2025-08-01,2026-02-08,True,False
MOCK02599,DIAB_A1C_TEST,2025-07-05,2026-05-16,True,True
MOCK02605,DIAB_A1C_TEST,2025-07-16,,True,True
MOCK02611,DIAB_A1C_TEST,2025-07-04,,True,False
MOCK02617,DIAB_A1C_TEST,2025-07-22,2026-04-22,True,True
MOCK02623,DIAB_A1C_TEST,2025-08-05,,True,False
MOCK02629,DIAB_A1C_TEST,2025-07-03,,True,True
MOCK02635,DIAB_A1C_TEST,2025-07-15,,True,True
MOCK02641,DIAB_A1C_TEST,2025-08-06,,True,False
MOCK02647,DIAB_A1C_TEST,2025-07-11,2026-01-05,True,True
MOCK02653,DIAB_A1C_TEST,2025-07-05,2025-11-22,True,False
MOCK02659,DIAB_A1C_TEST,2025-07-19,,True,False
MOCK02665,DIAB_A1C_TEST,2025-07-19,,True,True
MOCK02671,DIAB_A1C_TEST,2025-07-25,,True,False
MOCK02677,DIAB_A1C_TEST,2025-07-12,2026-01-13,True,True
MOCK02683,DIAB_A1C_TEST,2025-08-06,,True,True
MOCK02689,DIAB_A1C_TEST,2025-07-20,,True,True
MOCK02695,DIAB_A1C_TEST,2025-07-11,2025-10-30,True,False
MOCK02701,DIAB_A1C_TEST,2025-08-06,2025-12-02,True,False
MOCK02707,DIAB_A1C_TEST,2025-08-05,,True,False
MOCK02713,DIAB_A1C_TEST,2025-07-19,,True,False
MOCK02719,DIAB_A1C_TEST,2025-06-30,2025-12-07,True,True
MOCK02725,DIAB_A1C_TEST,2025-07-23,,True,False
MOCK02731,DIAB_A1C_TEST,2025-07-21,,True,False
MOCK02737,DIAB_A1C_TEST,2025-07-05,,True,False
MOCK02743,DIAB_A1C_TEST,2025-07-24,2026-01-25,True,False
MOCK02749,DIAB_A1C_TEST,2025-08-01,,True,False
MOCK02755,DIAB_A1C_TEST,2025-07-04,,True,True
MOCK02761,DIAB_A1C_TEST,2025-07-28,,True,False
MOCK02767,DIAB_A1C_TEST,2025-07-05,2025-12-30,True,False
MOCK02773,DIAB_A1C_TEST,2025-07-29,,True,False
MOCK02779,DIAB_A1C_TEST,2025-07-16,,True,True
MOCK02785,DIAB_A1C_TEST,2025-06-30,,True,False
MOCK02791,DIAB_A1C_TEST,2025-08-06,,True,True
MOCK02797,DIAB_A1C_TEST,2025-07-06,2026-02-21,True,False
MOCK02803,DIAB_A1C_TEST,2025-07-23,,True,False
MOCK02809,DIAB_A1C_TEST,2025-07-07,2025-12-23,True,True
MOCK02815,DIAB_A1C_TEST,2025-08-05,,True,False
MOCK02821,DIAB_A1C_TEST,2025-07-28,,True,True
MOCK02827,DIAB_A1C_TEST,2025-07-31,,True,False
MOCK02833,DIAB_A1C_TEST,2025-07-16,,True,False
MOCK02839,DIAB_A1C_TEST,2025-07-18,,True,True
MOCK02845,DIAB_A1C_TEST,2025-07-24,2026-01-21,True,False
MOCK02851,DIAB_A1C_TEST,2025-07-30,,True,True
MOCK02857,DIAB_A1C_TEST,2025-08-02,,True,False
MOCK02863,DIAB_A1C_TEST,2025-06-30,,True,False
MOCK02869,DIAB_A1C_TEST,2025-07-25,,True,True
MOCK02875,DIAB_A1C_TEST,2025-07-04,,True,False
MOCK02881,DIAB_A1C_TEST,2025-07-11,,True,False
MOCK02887,DIAB_A1C_TEST,2025-08-01,,True,False
MOCK02893,DIAB_A1C_TEST,2025-07-09,,True,False
MOCK02899,DIAB_A1C_TEST,2025-07-31,,True,False
MOCK02905,DIAB_A1C_TEST,2025-07-18,,True,False
MOCK02911,DIAB_A1C_TEST,2025-07-09,,True,True
MOCK02917,DIAB_A1C_TEST,2025-07-13,,True,True
MOCK02923,DIAB_A1C_TEST,2025-07-20,,True,False
MOCK02929,DIAB_A1C_TEST,2025-07-29,,True,True
MOCK02935,DIAB_A1C_TEST,2025-07-23,,True,False
MOCK02941,DIAB_A1C_TEST,2025-08-05,2026-05-09,True,True
MOCK02947,DIAB_A1C_TEST,2025-08-02,,True,False
MOCK02953,DIAB_A1C_TEST,2025-07-29,,True,False
MOCK02959,DIAB_A1C_TEST,2025-07-23,,True,True
MOCK02965,DIAB_A1C_TEST,2025-07-11,,True,True
MOCK02971,DIAB_A1C_TEST,2025-07-16,2026-01-30,True,True
MOCK02977,DIAB_A1C_TEST,2025-07-04,,True,False
MOCK02983,DIAB_A1C_TEST,2025-07-14,,True,False
MOCK02989,DIAB_A1C_TEST,2025-08-05,,True,False
MOCK02995,DIAB_A1C_TEST,2025-07-16,,True,False
MOCK03001,DIAB_A1C_TEST,2025-07-04,2026-04-25,True,True
MOCK03007,DIAB_A1C_TEST,2025-07-25,,True,True
MOCK03013,DIAB_A1C_TEST,2025-08-06,,True,True
MOCK03019,DIAB_A1C_TEST,2025-08-02,,True,True
MOCK03025,DIAB_A1C_TEST,2025-07-10,2026-01-27,True,False
MOCK03031,DIAB_A1C_TEST,2025-07-17,2026-05-12,True,False
MOCK03037,DIAB_A1C_TEST,2025-07-20,,True,False
MOCK03043,DIAB_A1C_TEST,2025-07-09,2026-05-23,True,False
MOCK03049,DIAB_A1C_TEST,2025-07-10,,True,False
MOCK03055,DIAB_A1C_TEST,2025-07-09,,True,True
MOCK03061,DIAB_A1C_TEST,2025-08-07,,True,False
MOCK03067,DIAB_A1C_TEST,2025-07-29,,True,False
MOCK03073,DIAB_A1C_TEST,2025-08-01,,True,False
MOCK03079,DIAB_A1C_TEST,2025-07-31,,True,False
MOCK03085,DIAB_A1C_TEST,2025-08-06,,True,False
MOCK03091,DIAB_A1C_TEST,2025-07-04,,True,False
MOCK03097,DIAB_A1C_TEST,2025-08-03,2026-05-18,True,False
MOCK03103,DIAB_A1C_TEST,2025-07-02,,True,False
MOCK03109,DIAB_A1C_TEST,2025-07-18,,True,True
MOCK03115,DIAB_A1C_TEST,2025-07-23,2026-05-01,True,True
MOCK03121,DIAB_A1C_TEST,2025-07-13,2026-04-16,True,False
MOCK03127,DIAB_A1C_TEST,2025-07-05,,True,True
MOCK03133,DIAB_A1C_TEST,2025-07-07,,True,False
MOCK03139,DIAB_A1C_TEST,2025-08-01,2026-03-13,True,False
MOCK03145,DIAB_A1C_TEST,2025-07-12,2026-04-06,True,False
MOCK03151,DIAB_A1C_TEST,2025-07-12,,True,True
MOCK03157,DIAB_A1C_TEST,2025-08-05,,True,False
MOCK03163,DIAB_A1C_TEST,2025-07-05,,True,False
MOCK03169,DIAB_A1C_TEST,2025-08-04,,True,True
MOCK03175,DIAB_A1C_TEST,2025-08-04,,True,False
MOCK03181,DIAB_A1C_TEST,2025-07-23,,True,True
MOCK03187,DIAB_A1C_TEST,2025-07-06,,True,True
MOCK03193,DIAB_A1C_TEST,2025-07-06,,True,True
MOCK03199,DIAB_A1C_TEST,2025-07-11,,True,False
MOCK03205,DIAB_A1C_TEST,2025-07-22,,True,False
MOCK03211,DIAB_A1C_TEST,2025-07-05,,True,False
MOCK03217,DIAB_A1C_TEST,2025-07-17,,True,True
MOCK03223,DIAB_A1C_TEST,2025-07-04,,True,False
MOCK03229,DIAB_A1C_TEST,2025-07-21,2025-12-18,True,False
MOCK03235,DIAB_A1C_TEST,2025-06-30,,True,True
MOCK03241,DIAB_A1C_TEST,2025-07-27,2026-01-18,True,True
MOCK03247,DIAB_A1C_TEST,2025-07-02,,True,True
MOCK03253,DIAB_A1C_TEST,2025-07-07,2026-05-23,True,False
MOCK03259,DIAB_A1C_TEST,2025-07-06,,True,True
MOCK03265,DIAB_A1C_TEST,2025-08-01,,True,False
MOCK03271,DIAB_A1C_TEST,2025-07-02,,True,False
MOCK03277,DIAB_A1C_TEST,2025-07-16,,True,False
MOCK03283,DIAB_A1C_TEST,2025-07-23,,True,False
MOCK03289,DIAB_A1C_TEST,2025-07-20,,True,False
MOCK03295,DIAB_A1C_TEST,2025-07-26,,True,True
MOCK03301,DIAB_A1C_TEST,2025-07-31,,True,False
MOCK03307,DIAB_A1C_TEST,2025-07-15,,True,True
MOCK03313,DIAB_A1C_TEST,2025-08-01,,True,True
MOCK03319,DIAB_A1C_TEST,2025-07-12,,True,False
MOCK03325,DIAB_A1C_TEST,2025-08-07,,True,True
MOCK03331,DIAB_A1C_TEST,2025-07-19,,True,True
MOCK03337,DIAB_A1C_TEST,2025-07-28,,True,False
MOCK03343,DIAB_A1C_TEST,2025-08-03,,True,True
MOCK03349,DIAB_A1C_TEST,2025-07-30,,True,True
MOCK03355,DIAB_A1C_TEST,2025-08-02,,True,False
MOCK03361,DIAB_A1C_TEST,2025-07-20,,True,False
MOCK03367,DIAB_A1C_TEST,2025-07-01,,True,False
MOCK03373,DIAB_A1C_TEST,2025-07-19,,True,True
MOCK03379,DIAB_A1C_TEST,2025-07-07,,True,False
MOCK03385,DIAB_A1C_TEST,2025-08-03,2026-04-30,True,False
MOCK03391,DIAB_A1C_TEST,2025-07-09,,True,True
MOCK03397,DIAB_A1C_TEST,2025-07-08,,True,True
MOCK03403,DIAB_A1C_TEST,2025-07-09,,True,True
MOCK03409,DIAB_A1C_TEST,2025-07-25,2026-02-17,True,False
MOCK03415,DIAB_A1C_TEST,2025-07-22,,True,True
MOCK03421,DIAB_A1C_TEST,2025-08-06,,True,False
MOCK03427,DIAB_A1C_TEST,2025-07-16,,True,False
MOCK03433,DIAB_A1C_TEST,2025-07-11,2025-11-26,True,True
MOCK03439,DIAB_A1C_TEST,2025-07-01,,True,False
MOCK03445,DIAB_A1C_TEST,2025-06-30,2025-12-03,True,True
MOCK03451,DIAB_A1C_TEST,2025-07-14,,True,True
MOCK03457,DIAB_A1C_TEST,2025-08-05,,True,False
MOCK03463,DIAB_A1C_TEST,2025-07-20,,True,True
MOCK03469,DIAB_A1C_TEST,2025-08-03,,True,False
MOCK03475,DIAB_A1C_TEST,2025-07-03,,True,False
MOCK03481,DIAB_A1C_TEST,2025-07-03,2025-11-28,True,True
MOCK03487,DIAB_A1C_TEST,2025-08-01,,True,True
MOCK03493,DIAB_A1C_TEST,2025-07-04,2026-02-27,True,True
MOCK03499,DIAB_A1C_TEST,2025-07-02,,True,False
MOCK03505,DIAB_A1C_TEST,2025-07-15,,True,False
MOCK03511,DIAB_A1C_TEST,2025-08-05,,True,True
MOCK03517,DIAB_A1C_TEST,2025-07-26,,True,False
MOCK03523,DIAB_A1C_TEST,2025-07-03,,True,False
MOCK03529,DIAB_A1C_TEST,2025-08-01,2025-12-10,True,False
MOCK03535,DIAB_A1C_TEST,2025-08-01,2026-01-18,True,True
MOCK03541,DIAB_A1C_TEST,2025-07-31,2026-02-22,True,True
MOCK03547,DIAB_A1C_TEST,2025-08-04,,True,True
MOCK03553,DIAB_A1C_TEST,2025-07-09,,True,True
MOCK03559,DIAB_A1C_TEST,2025-08-07,,True,False
MOCK03565,DIAB_A1C_TEST,2025-07-12,,True,True
MOCK03571,DIAB_A1C_TEST,2025-07-31,,True,True
MOCK03577,DIAB_A1C_TEST,2025-07-22,,True,True
MOCK03583,DIAB_A1C_TEST,2025-07-30,,True,True
MOCK03589,DIAB_A1C_TEST,2025-07-24,,True,False
MOCK03595,DIAB_A1C_TEST,2025-07-25,,True,False
MOCK03601,DIAB_A1C_TEST,2025-07-24,,True,True
MOCK03607,DIAB_A1C_TEST,2025-07-30,,True,False
MOCK03613,DIAB_A1C_TEST,2025-07-28,2025-12-05,True,True
MOCK03619,DIAB_A1C_TEST,2025-07-05,,True,False
MOCK03625,DIAB_A1C_TEST,2025-08-01,,True,False
MOCK03631,DIAB_A1C_TEST,2025-07-20,2026-02-24,True,False
MOCK03637,DIAB_A1C_TEST,2025-07-12,2026-04-16,True,False
MOCK03643,DIAB_A1C_TEST,2025-07-20,,True,False
MOCK03649,DIAB_A1C_TEST,2025-08-06,2026-01-26,True,False
MOCK03655,DIAB_A1C_TEST,2025-08-02,,True,True
MOCK03661,DIAB_A1C_TEST,2025-08-01,,True,True
MOCK03667,DIAB_A1C_TEST,2025-07-18,,True,False
MOCK03673,DIAB_A1C_TEST,2025-07-30,,True,False
MOCK03679,DIAB_A1C_TEST,2025-07-15,2026-04-06,True,False
MOCK03685,DIAB_A1C_TEST,2025-07-26,,True,False
MOCK03691,DIAB_A1C_TEST,2025-07-24,2026-03-09,True,True
MOCK03697,DIAB_A1C_TEST,2025-07-09,2026-04-21,True,True
MOCK03703,DIAB_A1C_TEST,2025-07-10,,True,False
MOCK03709,DIAB_A1C_TEST,2025-07-02,2026-01-24,True,True
MOCK03715,DIAB_A1C_TEST,2025-07-05,,True,False
MOCK03721,DIAB_A1C_TEST,2025-07-16,2026-04-24,True,False
MOCK03727,DIAB_A1C_TEST,2025-07-18,,True,False
MOCK03733,DIAB_A1C_TEST,2025-07-06,,True,False
MOCK03739,DIAB_A1C_TEST,2025-07-16,,True,False
MOCK03745,DIAB_A1C_TEST,2025-07-23,,True,False
MOCK03751,DIAB_A1C_TEST,2025-07-09,,True,True
MOCK03757,DIAB_A1C_TEST,2025-07-13,2026-05-05,True,False
MOCK03763,DIAB_A1C_TEST,2025-07-14,2025-11-04,True,False
MOCK03769,DIAB_A1C_TEST,2025-07-19,,True,True
MOCK03775,DIAB_A1C_TEST,2025-07-14,,True,False
MOCK03781,DIAB_A1C_TEST,2025-07-28,,True,False
MOCK03787,DIAB_A1C_TEST,2025-07-12,,True,True
MOCK03793,DIAB_A1C_TEST,2025-07-16,,True,False
MOCK03799,DIAB_A1C_TEST,2025-07-14,,True,False
MOCK03805,DIAB_A1C_TEST,2025-07-07,,True,False
MOCK03811,DIAB_A1C_TEST,2025-07-26,,True,True
MOCK03817,DIAB_A1C_TEST,2025-07-09,,True,False
MOCK03823,DIAB_A1C_TEST,2025-07-11,,True,False
MOCK03829,DIAB_A1C_TEST,2025-07-30,2026-03-07,True,False
MOCK03835,DIAB_A1C_TEST,2025-08-06,2026-05-01,True,True
MOCK03841,DIAB_A1C_TEST,2025-07-26,2025-11-02,True,True
MOCK03847,DIAB_A1C_TEST,2025-08-04,,True,False
MOCK03853,DIAB_A1C_TEST,2025-08-02,,True,True
MOCK03859,DIAB_A1C_TEST,2025-07-18,,True,True
MOCK03865,DIAB_A1C_TEST,2025-07-30,,True,True
MOCK03871,DIAB_A1C_TEST,2025-07-12,2026-05-14,True,False
MOCK03877,DIAB_A1C_TEST,2025-07-17,,True,False
MOCK03883,DIAB_A1C_TEST,2025-07-20,2026-05-01,True,False
MOCK03889,DIAB_A1C_TEST,2025-08-06,2025-11-04,True,False
MOCK03895,DIAB_A1C_TEST,2025-08-02,,True,False
MOCK03901,DIAB_A1C_TEST,2025-07-19,,True,False
MOCK03907,DIAB_A1C_TEST,2025-07-25,,True,True
MOCK03913,DIAB_A1C_TEST,2025-07-07,,True,False
MOCK03919,DIAB_A1C_TEST,2025-07-31,,True,True
MOCK03925,DIAB_A1C_TEST,2025-07-21,,True,False
MOCK03931,DIAB_A1C_TEST,2025-07-20,2026-01-01,True,True
MOCK03937,DIAB_A1C_TEST,2025-07-29,,True,False
MOCK03943,DIAB_A1C_TEST,2025-07-24,,True,False
MOCK03949,DIAB_A1C_TEST,2025-07-02,2025-12-13,True,True
MOCK03955,DIAB_A1C_TEST,2025-07-11,,True,False
MOCK03961,DIAB_A1C_TEST,2025-07-06,2025-11-12,True,True
MOCK03967,DIAB_A1C_TEST,2025-07-28,,True,True
MOCK03973,DIAB_A1C_TEST,2025-07-01,,True,False
MOCK03979,DIAB_A1C_TEST,2025-07-07,,True,True
MOCK03985,DIAB_A1C_TEST,2025-07-23,,True,False
MOCK03991,DIAB_A1C_TEST,2025-07-27,,True,False
MOCK03997,DIAB_A1C_TEST,2025-07-19,,True,True
MOCK04003,DIAB_A1C_TEST,2025-08-02,,True,False
MOCK04009,DIAB_A1C_TEST,2025-08-04,,True,False
MOCK04015,DIAB_A1C_TEST,2025-07-05,,True,False
MOCK04021,DIAB_A1C_TEST,2025-08-06,2026-03-19,True,True
MOCK04027,DIAB_A1C_TEST,2025-07-23,,True,False
MOCK04033,DIAB_A1C_TEST,2025-07-24,,True,True
MOCK04039,DIAB_A1C_TEST,2025-07-03,,True,False
MOCK04045,DIAB_A1C_TEST,2025-07-24,,True,False
MOCK04051,DIAB_A1C_TEST,2025-07-28,,True,False
MOCK04057,DIAB_A1C_TEST,2025-07-22,2026-01-14,True,True
MOCK04063,DIAB_A1C_TEST,2025-07-03,2026-01-23,True,True
MOCK04069,DIAB_A1C_TEST,2025-07-20,,True,False
MOCK04075,DIAB_A1C_TEST,2025-08-05,,True,True
MOCK04081,DIAB_A1C_TEST,2025-07-28,,True,False
MOCK04087,DIAB_A1C_TEST,2025-07-05,,True,False
MOCK04093,DIAB_A1C_TEST,2025-08-06,2026-05-12,True,False
MOCK04099,DIAB_A1C_TEST,2025-08-06,,True,True
MOCK04105,DIAB_A1C_TEST,2025-07-06,,True,True
MOCK04111,DIAB_A1C_TEST,2025-07-31,2026-05-04,True,False
MOCK04117,DIAB_A1C_TEST,2025-07-15,,True,True
MOCK04123,DIAB_A1C_TEST,2025-07-23,,True,True
MOCK04129,DIAB_A1C_TEST,2025-07-17,,True,True
MOCK04135,DIAB_A1C_TEST,2025-07-30,2025-11-29,True,True
MOCK04141,DIAB_A1C_TEST,2025-08-07,2026-01-24,True,False
MOCK04147,DIAB_A1C_TEST,2025-07-31,,True,True
MOCK04153,DIAB_A1C_TEST,2025-08-05,,True,True
MOCK04159,DIAB_A1C_TEST,2025-08-05,2025-11-21,True,False
MOCK04165,DIAB_A1C_TEST,2025-07-03,,True,True
MOCK04171,DIAB_A1C_TEST,2025-07-09,,True,True
MOCK04177,DIAB_A1C_TEST,2025-07-28,2025-11-25,True,False
MOCK04183,DIAB_A1C_TEST,2025-07-23,,True,False
MOCK04189,DIAB_A1C_TEST,2025-07-01,,True,True
MOCK04195,DIAB_A1C_TEST,2025-07-03,2026-04-22,True,True
MOCK04201,DIAB_A1C_TEST,2025-07-20,,True,True
MOCK04207,DIAB_A1C_TEST,2025-07-24,,True,True
MOCK04213,DIAB_A1C_TEST,2025-07-06,2025-10-29,True,False
MOCK04219,DIAB_A1C_TEST,2025-07-06,2025-11-17,True,False
MOCK04225,DIAB_A1C_TEST,2025-07-05,,True,False
MOCK04231,DIAB_A1C_TEST,2025-07-22,2025-11-14,True,False
MOCK04237,DIAB_A1C_TEST,2025-06-30,2025-11-19,True,True
MOCK04243,DIAB_A1C_TEST,2025-07-22,,True,False
MOCK04249,DIAB_A1C_TEST,2025-07-18,,True,False
MOCK04255,DIAB_A1C_TEST,2025-07-18,,True,True
MOCK04261,DIAB_A1C_TEST,2025-07-26,,True,False
MOCK04267,DIAB_A1C_TEST,2025-07-20,,True,True
MOCK04273,DIAB_A1C_TEST,2025-07-28,,True,False
MOCK04279,DIAB_A1C_TEST,2025-07-29,,True,False
MOCK04285,DIAB_A1C_TEST,2025-08-04,2026-05-25,True,True
MOCK04291,DIAB_A1C_TEST,2025-07-31,,True,False
MOCK04297,DIAB_A1C_TEST,2025-07-20,,True,True
MOCK04303,DIAB_A1C_TEST,2025-07-19,,True,False
MOCK04309,DIAB_A1C_TEST,2025-07-09,2026-03-07,True,True
MOCK04315,DIAB_A1C_TEST,2025-07-23,,True,True
MOCK04321,DIAB_A1C_TEST,2025-07-05,,True,True
MOCK04327,DIAB_A1C_TEST,2025-08-05,,True,False
MOCK04333,DIAB_A1C_TEST,2025-08-01,2026-01-08,True,True
MOCK04339,DIAB_A1C_TEST,2025-07-04,,True,False
MOCK04345,DIAB_A1C_TEST,2025-07-30,2026-02-10,True,True
MOCK04351,DIAB_A1C_TEST,2025-07-04,,True,False
MOCK04357,DIAB_A1C_TEST,2025-07-28,,True,True
MOCK04363,DIAB_A1C_TEST,2025-07-03,,True,True
MOCK04369,DIAB_A1C_TEST,2025-07-19,,True,False
MOCK04375,DIAB_A1C_TEST,2025-07-25,,True,True
MOCK04381,DIAB_A1C_TEST,2025-07-28,,True,False
MOCK04387,DIAB_A1C_TEST,2025-07-16,,True,False
MOCK04393,DIAB_A1C_TEST,2025-08-04,,True,False
MOCK04399,DIAB_A1C_TEST,2025-07-30,2025-11-03,True,False
MOCK04405,DIAB_A1C_TEST,2025-07-08,,True,False
MOCK04411,DIAB_A1C_TEST,2025-07-26,,True,False
MOCK04417,DIAB_A1C_TEST,2025-07-28,,True,False
MOCK04423,DIAB_A1C_TEST,2025-07-13,,True,False
MOCK04429,DIAB_A1C_TEST,2025-07-28,,True,False
MOCK04435,DIAB_A1C_TEST,2025-08-04,2026-03-20,True,True
MOCK04441,DIAB_A1C_TEST,2025-07-31,,True,False
MOCK04447,DIAB_A1C_TEST,2025-07-29,,True,True
MOCK04453,DIAB_A1C_TEST,2025-07-24,,True,False
MOCK04459,DIAB_A1C_TEST,2025-07-10,,True,False
MOCK04465,DIAB_A1C_TEST,2025-07-31,,True,False
MOCK04471,DIAB_A1C_TEST,2025-07-14,,True,False
MOCK04477,DIAB_A1C_TEST,2025-07-20,,True,False
MOCK04483,DIAB_A1C_TEST,2025-07-12,,True,False
MOCK04489,DIAB_A1C_TEST,2025-07-12,,True,True
MOCK04495,DIAB_A1C_TEST,2025-07-06,2026-04-12,True,False
MOCK04501,DIAB_A1C_TEST,2025-08-06,,True,True
MOCK04507,DIAB_A1C_TEST,2025-07-05,,True,True
MOCK04513,DIAB_A1C_TEST,2025-07-03,,True,False
MOCK04519,DIAB_A1C_TEST,2025-08-05,,True,False
MOCK04525,DIAB_A1C_TEST,2025-07-21,,True,False
MOCK04531,DIAB_A1C_TEST,2025-07-17,,True,True
MOCK04537,DIAB_A1C_TEST,2025-07-28,2026-03-30,True,False
MOCK04543,DIAB_A1C_TEST,2025-07-14,,True,True
MOCK04549,DIAB_A1C_TEST,2025-07-04,,True,False
MOCK04555,DIAB_A1C_TEST,2025-07-28,,True,False
MOCK04561,DIAB_A1C_TEST,2025-07-06,,True,True
MOCK04567,DIAB_A1C_TEST,2025-07-21,,True,True
MOCK04573,DIAB_A1C_TEST,2025-08-06,,True,True
MOCK04579,DIAB_A1C_TEST,2025-08-05,,True,True
MOCK04585,DIAB_A1C_TEST,2025-07-14,,True,True
MOCK04591,DIAB_A1C_TEST,2025-07-30,,True,True
MOCK04597,DIAB_A1C_TEST,2025-07-23,,True,True
MOCK04603,DIAB_A1C_TEST,2025-07-18,,True,True
MOCK04609,DIAB_A1C_TEST,2025-07-05,,True,True
MOCK04615,DIAB_A1C_TEST,2025-07-14,,True,False
MOCK04621,DIAB_A1C_TEST,2025-07-25,2025-11-30,True,True
MOCK04627,DIAB_A1C_TEST,2025-08-07,,True,False
MOCK04633,DIAB_A1C_TEST,2025-06-30,2025-12-31,True,True
MOCK04639,DIAB_A1C_TEST,2025-07-27,2026-01-14,True,True
MOCK04645,DIAB_A1C_TEST,2025-08-02,,True,True
MOCK04651,DIAB_A1C_TEST,2025-08-06,,True,False
MOCK04657,DIAB_A1C_TEST,2025-07-16,,True,True
MOCK04663,DIAB_A1C_TEST,2025-07-04,,True,False
MOCK04669,DIAB_A1C_TEST,2025-07-10,2025-12-27,True,True
MOCK04675,DIAB_A1C_TEST,2025-08-02,,True,False
MOCK04681,DIAB_A1C_TEST,2025-08-03,,True,True
MOCK04687,DIAB_A1C_TEST,2025-07-24,,True,True
MOCK04693,DIAB_A1C_TEST,2025-07-04,,True,False
MOCK04699,DIAB_A1C_TEST,2025-07-04,,True,True
MOCK04705,DIAB_A1C_TEST,2025-07-18,,True,True
MOCK04711,DIAB_A1C_TEST,2025-07-22,,True,False
MOCK04717,DIAB_A1C_TEST,2025-07-01,2026-04-19,True,True
MOCK04723,DIAB_A1C_TEST,2025-07-26,,True,True
MOCK04729,DIAB_A1C_TEST,2025-07-21,2026-05-23,True,True
MOCK04735,DIAB_A1C_TEST,2025-06-30,,True,True
MOCK04741,DIAB_A1C_TEST,2025-07-03,2026-03-27,True,False
MOCK04747,DIAB_A1C_TEST,2025-07-17,,True,False
MOCK04753,DIAB_A1C_TEST,2025-07-28,,True,False
MOCK04759,DIAB_A1C_TEST,2025-08-01,,True,True
MOCK04765,DIAB_A1C_TEST,2025-07-16,,True,False
MOCK04771,DIAB_A1C_TEST,2025-07-11,,True,False
MOCK04777,DIAB_A1C_TEST,2025-08-06,2026-05-09,True,True
MOCK04783,DIAB_A1C_TEST,2025-07-17,,True,False
MOCK04789,DIAB_A1C_TEST,2025-07-12,,True,False
MOCK04795,DIAB_A1C_TEST,2025-07-17,,True,False
MOCK04801,DIAB_A1C_TEST,2025-06-30,,True,True
MOCK04807,DIAB_A1C_TEST,2025-07-11,,True,True
MOCK04813,DIAB_A1C_TEST,2025-07-20,,True,False
MOCK04819,DIAB_A1C_TEST,2025-08-04,2026-05-15,True,False
MOCK04825,DIAB_A1C_TEST,2025-07-28,,True,True
MOCK04831,DIAB_A1C_TEST,2025-07-30,,True,True
MOCK04837,DIAB_A1C_TEST,2025-07-21,,True,False
MOCK04843,DIAB_A1C_TEST,2025-07-04,,True,True
MOCK04849,DIAB_A1C_TEST,2025-07-15,,True,True
MOCK04855,DIAB_A1C_TEST,2025-08-07,,True,False
MOCK04861,DIAB_A1C_TEST,2025-07-01,,True,True
MOCK04867,DIAB_A1C_TEST,2025-08-03,,True,True
MOCK04873,DIAB_A1C_TEST,2025-07-26,,True,True
MOCK04879,DIAB_A1C_TEST,2025-07-11,,True,False
MOCK04885,DIAB_A1C_TEST,2025-07-30,2025-12-21,True,True
MOCK04891,DIAB_A1C_TEST,2025-08-01,,True,False
MOCK04897,DIAB_A1C_TEST,2025-07-01,,True,False
MOCK04903,DIAB_A1C_TEST,2025-07-04,,True,False
MOCK04909,DIAB_A1C_TEST,2025-07-25,,True,False
MOCK04915,DIAB_A1C_TEST,2025-08-07,,True,False
MOCK04921,DIAB_A1C_TEST,2025-06-30,,True,True
MOCK04927,DIAB_A1C_TEST,2025-07-25,,True,False
MOCK04933,DIAB_A1C_TEST,2025-07-05,2026-03-15,True,False
MOCK04939,DIAB_A1C_TEST,2025-07-25,,True,False
MOCK04945,DIAB_A1C_TEST,2025-07-24,,True,True
MOCK04951,DIAB_A1C_TEST,2025-07-03,,True,True
MOCK04957,DIAB_A1C_TEST,2025-07-26,,True,False
MOCK04963,DIAB_A1C_TEST,2025-08-03,,True,True
MOCK04969,DIAB_A1C_TEST,2025-08-02,,True,False
MOCK04975,DIAB_A1C_TEST,2025-07-01,,True,True
MOCK04981,DIAB_A1C_TEST,2025-07-09,,True,False
MOCK04987,DIAB_A1C_TEST,2025-07-09,2025-11-25,True,False
MOCK04993,DIAB_A1C_TEST,2025-07-17,,True,False
MOCK04999,DIAB_A1C_TEST,2025-07-05,,True,True
MOCK05005,DIAB_A1C_TEST,2025-08-02,2026-05-24,True,False
MOCK05011,DIAB_A1C_TEST,2025-07-30,,True,True
MOCK05017,DIAB_A1C_TEST,2025-07-31,,True,True
MOCK05023,DIAB_A1C_TEST,2025-07-07,,True,False
MOCK05029,DIAB_A1C_TEST,2025-06-30,,True,True
MOCK05035,DIAB_A1C_TEST,2025-08-04,,True,False
MOCK05041,DIAB_A1C_TEST,2025-07-11,2025-12-25,True,True
MOCK05047,DIAB_A1C_TEST,2025-07-25,2026-04-09,True,True
MOCK05053,DIAB_A1C_TEST,2025-08-04,2025-12-28,True,False
MOCK05059,DIAB_A1C_TEST,2025-07-01,2026-04-16,True,True
MOCK05065,DIAB_A1C_TEST,2025-06-30,,True,False
MOCK05071,DIAB_A1C_TEST,2025-06-30,,True,False
MOCK05077,DIAB_A1C_TEST,2025-07-06,2026-02-16,True,False
MOCK05083,DIAB_A1C_TEST,2025-07-02,,True,False
MOCK05089,DIAB_A1C_TEST,2025-07-31,,True,False
MOCK05095,DIAB_A1C_TEST,2025-07-23,,True,True
MOCK05101,DIAB_A1C_TEST,2025-08-07,,True,True
MOCK05107,DIAB_A1C_TEST,2025-07-31,,True,False
MOCK05113,DIAB_A1C_TEST,2025-08-06,,True,False
MOCK05119,DIAB_A1C_TEST,2025-07-09,,True,False
MOCK05125,DIAB_A1C_TEST,2025-07-11,,True,False
MOCK05131,DIAB_A1C_TEST,2025-08-02,,True,False
MOCK05137,DIAB_A1C_TEST,2025-07-09,,True,True
MOCK05143,DIAB_A1C_TEST,2025-07-02,,True,False
MOCK05149,DIAB_A1C_TEST,2025-07-26,,True,False
MOCK05155,DIAB_A1C_TEST,2025-07-31,2026-01-04,True,False
MOCK05161,DIAB_A1C_TEST,2025-08-06,,True,True
MOCK05167,DIAB_A1C_TEST,2025-08-05,2025-12-21,True,True
MOCK05173,DIAB_A1C_TEST,2025-07-04,,True,True
MOCK05179,DIAB_A1C_TEST,2025-07-30,2025-11-25,True,False
MOCK05185,DIAB_A1C_TEST,2025-08-01,,True,False
MOCK05191,DIAB_A1C_TEST,2025-07-27,,True,True
MOCK05197,DIAB_A1C_TEST,2025-07-31,,True,False
MOCK05203,DIAB_A1C_TEST,2025-08-01,,True,False
MOCK05209,DIAB_A1C_TEST,2025-07-17,,True,True
MOCK05215,DIAB_A1C_TEST,2025-07-01,2026-01-18,True,False
MOCK05221,DIAB_A1C_TEST,2025-07-17,,True,False
MOCK05227,DIAB_A1C_TEST,2025-07-07,,True,True
MOCK05233,DIAB_A1C_TEST,2025-07-04,,True,False
MOCK05239,DIAB_A1C_TEST,2025-07-04,,True,False
MOCK05245,DIAB_A1C_TEST,2025-07-27,,True,True
MOCK05251,DIAB_A1C_TEST,2025-07-19,,True,True
MOCK05257,DIAB_A1C_TEST,2025-07-21,,True,False
MOCK05263,DIAB_A1C_TEST,2025-07-29,,True,True
MOCK05269,DIAB_A1C_TEST,2025-07-21,2026-03-01,True,False
MOCK05275,DIAB_A1C_TEST,2025-07-24,,True,False
MOCK05281,DIAB_A1C_TEST,2025-07-03,,True,False
MOCK05287,DIAB_A1C_TEST,2025-08-02,,True,False
MOCK05293,DIAB_A1C_TEST,2025-07-17,,True,False
MOCK05299,DIAB_A1C_TEST,2025-07-06,,True,False
MOCK05305,DIAB_A1C_TEST,2025-07-31,,True,True
MOCK05311,DIAB_A1C_TEST,2025-07-28,2026-05-12,True,True
MOCK05317,DIAB_A1C_TEST,2025-07-02,,True,True
MOCK05323,DIAB_A1C_TEST,2025-07-07,,True,True
MOCK05329,DIAB_A1C_TEST,2025-06-30,,True,True
MOCK05335,DIAB_A1C_TEST,2025-07-10,,True,True
MOCK05341,DIAB_A1C_TEST,2025-07-03,2026-01-12,True,True
MOCK05347,DIAB_A1C_TEST,2025-07-27,2026-01-31,True,True
MOCK05353,DIAB_A1C_TEST,2025-07-20,,True,True
MOCK05359,DIAB_A1C_TEST,2025-08-07,,True,False
MOCK05365,DIAB_A1C_TEST,2025-07-29,2025-11-14,True,False
MOCK05371,DIAB_A1C_TEST,2025-07-23,,True,False
MOCK05377,DIAB_A1C_TEST,2025-07-19,2025-11-03,True,False
MOCK05383,DIAB_A1C_TEST,2025-07-02,,True,False
MOCK05389,DIAB_A1C_TEST,2025-07-02,,True,False
MOCK05395,DIAB_A1C_TEST,2025-07-24,,True,True
MOCK05401,DIAB_A1C_TEST,2025-06-30,,True,False
MOCK05407,DIAB_A1C_TEST,2025-07-01,,True,True
MOCK05413,DIAB_A1C_TEST,2025-07-08,,True,False
MOCK05419,DIAB_A1C_TEST,2025-08-03,,True,False
MOCK05425,DIAB_A1C_TEST,2025-07-17,,True,True
MOCK05431,DIAB_A1C_TEST,2025-07-27,,True,False
MOCK05437,DIAB_A1C_TEST,2025-07-16,,True,True
MOCK05443,DIAB_A1C_TEST,2025-07-06,,True,True
MOCK05449,DIAB_A1C_TEST,2025-07-14,,True,True
MOCK05455,DIAB_A1C_TEST,2025-07-03,,True,True
MOCK05461,DIAB_A1C_TEST,2025-07-30,,True,True
MOCK05467,DIAB_A1C_TEST,2025-07-07,,True,False
MOCK05473,DIAB_A1C_TEST,2025-07-14,,True,False
MOCK05479,DIAB_A1C_TEST,2025-08-07,2026-04-22,True,False
MOCK05485,DIAB_A1C_TEST,2025-07-23,2026-05-14,True,False
MOCK05491,DIAB_A1C_TEST,2025-07-17,2026-02-23,True,True
MOCK05497,DIAB_A1C_TEST,2025-07-21,,True,True
MOCK05503,DIAB_A1C_TEST,2025-07-30,,True,False
MOCK05509,DIAB_A1C_TEST,2025-07-09,,True,False
MOCK05515,DIAB_A1C_TEST,2025-07-24,,True,True
MOCK05521,DIAB_A1C_TEST,2025-08-03,,True,True
MOCK05527,DIAB_A1C_TEST,2025-07-22,,True,False
MOCK05533,DIAB_A1C_TEST,2025-07-17,,True,False
MOCK05539,DIAB_A1C_TEST,2025-07-05,,True,True
MOCK05545,DIAB_A1C_TEST,2025-07-09,2025-11-10,True,True
MOCK05551,DIAB_A1C_TEST,2025-08-05,2026-05-14,True,True
MOCK05557,DIAB_A1C_TEST,2025-07-21,,True,False
MOCK05563,DIAB_A1C_TEST,2025-07-11,,True,False
MOCK05569,DIAB_A1C_TEST,2025-07-16,,True,False
MOCK05575,DIAB_A1C_TEST,2025-07-22,,True,True
MOCK05581,DIAB_A1C_TEST,2025-07-20,,True,False
MOCK05587,DIAB_A1C_TEST,2025-07-27,,True,False
MOCK05593,DIAB_A1C_TEST,2025-07-10,,True,False
MOCK05599,DIAB_A1C_TEST,2025-07-25,,True,False
MOCK05605,DIAB_A1C_TEST,2025-07-17,,True,True
MOCK05611,DIAB_A1C_TEST,2025-08-05,,True,True
MOCK05617,DIAB_A1C_TEST,2025-07-06,,True,False
MOCK05623,DIAB_A1C_TEST,2025-07-05,,True,False
MOCK05629,DIAB_A1C_TEST,2025-07-18,,True,False
MOCK05635,DIAB_A1C_TEST,2025-07-19,2026-02-25,True,False
MOCK05641,DIAB_A1C_TEST,2025-07-26,,True,True
MOCK05647,DIAB_A1C_TEST,2025-07-15,,True,True
MOCK05653,DIAB_A1C_TEST,2025-08-04,,True,False
MOCK05659,DIAB_A1C_TEST,2025-07-18,,True,True
MOCK05665,DIAB_A1C_TEST,2025-07-05,,True,False
MOCK05671,DIAB_A1C_TEST,2025-07-04,2026-04-20,True,True
MOCK05677,DIAB_A1C_TEST,2025-08-06,2026-02-23,True,True
MOCK05683,DIAB_A1C_TEST,2025-07-05,,True,False
MOCK05689,DIAB_A1C_TEST,2025-08-05,,True,True
MOCK05695,DIAB_A1C_TEST,2025-07-10,2026-01-30,True,False
MOCK05701,DIAB_A1C_TEST,2025-07-03,,True,False
MOCK05707,DIAB_A1C_TEST,2025-07-11,2026-04-03,True,False
MOCK05713,DIAB_A1C_TEST,2025-07-23,,True,False
MOCK05719,DIAB_A1C_TEST,2025-07-16,,True,False
MOCK05725,DIAB_A1C_TEST,2025-07-30,,True,False
MOCK05731,DIAB_A1C_TEST,2025-07-23,2026-05-21,True,True
MOCK05737,DIAB_A1C_TEST,2025-07-15,,True,True
MOCK05743,DIAB_A1C_TEST,2025-07-24,,True,False
MOCK05749,DIAB_A1C_TEST,2025-08-06,,True,False
MOCK05755,DIAB_A1C_TEST,2025-07-16,,True,False
MOCK05761,DIAB_A1C_TEST,2025-07-05,2026-02-11,True,False
MOCK05767,DIAB_A1C_TEST,2025-07-15,,True,False
MOCK05773,DIAB_A1C_TEST,2025-08-01,,True,True
MOCK05779,DIAB_A1C_TEST,2025-07-08,2026-01-10,True,False
MOCK05785,DIAB_A1C_TEST,2025-08-06,,True,True
MOCK05791,DIAB_A1C_TEST,2025-07-22,,True,True
MOCK05797,DIAB_A1C_TEST,2025-07-23,,True,False
MOCK05803,DIAB_A1C_TEST,2025-07-12,,True,False
MOCK05809,DIAB_A1C_TEST,2025-08-04,,True,True
MOCK05815,DIAB_A1C_TEST,2025-07-01,,True,False
MOCK05821,DIAB_A1C_TEST,2025-07-11,2026-04-18,True,False
MOCK05827,DIAB_A1C_TEST,2025-07-16,,True,False
MOCK05833,DIAB_A1C_TEST,2025-07-18,,True,False
MOCK05839,DIAB_A1C_TEST,2025-07-18,,True,True
MOCK05845,DIAB_A1C_TEST,2025-07-05,,True,False
MOCK05851,DIAB_A1C_TEST,2025-07-08,,True,True
MOCK05857,DIAB_A1C_TEST,2025-07-03,2026-05-05,True,True
MOCK05863,DIAB_A1C_TEST,2025-07-22,,True,True
MOCK05869,DIAB_A1C_TEST,2025-07-13,,True,True
MOCK05875,DIAB_A1C_TEST,2025-07-22,,True,False
MOCK05881,DIAB_A1C_TEST,2025-07-22,,True,True
MOCK05887,DIAB_A1C_TEST,2025-07-27,,True,False
MOCK05893,DIAB_A1C_TEST,2025-07-21,2026-02-10,True,True
MOCK05899,DIAB_A1C_TEST,2025-07-25,,True,True
MOCK05905,DIAB_A1C_TEST,2025-07-22,,True,False
MOCK05911,DIAB_A1C_TEST,2025-07-25,,True,False
MOCK05917,DIAB_A1C_TEST,2025-07-24,,True,False
MOCK05923,DIAB_A1C_TEST,2025-07-12,2026-04-03,True,False
MOCK05929,DIAB_A1C_TEST,2025-07-09,,True,True
MOCK05935,DIAB_A1C_TEST,2025-07-30,,True,False
MOCK05941,DIAB_A1C_TEST,2025-07-13,,True,False
MOCK05947,DIAB_A1C_TEST,2025-07-21,,True,True
MOCK05953,DIAB_A1C_TEST,2025-07-07,,True,False
MOCK05959,DIAB_A1C_TEST,2025-07-16,,True,False
MOCK05965,DIAB_A1C_TEST,2025-07-20,,True,False
MOCK05971,DIAB_A1C_TEST,2025-07-24,2026-04-21,True,False
MOCK05977,DIAB_A1C_TEST,2025-07-20,,True,False
MOCK05983,DIAB_A1C_TEST,2025-07-14,,True,True
MOCK05989,DIAB_A1C_TEST,2025-08-06,,True,False
MOCK05995,DIAB_A1C_TEST,2025-07-19,,True,True
MOCK06001,DIAB_A1C_TEST,2025-07-31,2026-03-11,True,True
MOCK06007,DIAB_A1C_TEST,2025-07-28,,True,True
MOCK06013,DIAB_A1C_TEST,2025-07-21,,True,False
MOCK06019,DIAB_A1C_TEST,2025-08-03,,True,False
MOCK06025,DIAB_A1C_TEST,2025-07-05,,True,False
MOCK06031,DIAB_A1C_TEST,2025-08-04,,True,False
MOCK06037,DIAB_A1C_TEST,2025-08-02,,True,False
MOCK06043,DIAB_A1C_TEST,2025-07-19,,True,False
MOCK06049,DIAB_A1C_TEST,2025-07-28,,True,True
MOCK06055,DIAB_A1C_TEST,2025-07-20,,True,False
MOCK06061,DIAB_A1C_TEST,2025-07-10,,True,True
MOCK06067,DIAB_A1C_TEST,2025-07-31,,True,True
MOCK06073,DIAB_A1C_TEST,2025-07-09,,True,True
MOCK06079,DIAB_A1C_TEST,2025-07-12,,True,True
MOCK06085,DIAB_A1C_TEST,2025-07-20,,True,False
MOCK06091,DIAB_A1C_TEST,2025-08-01,2026-03-21,True,False
MOCK06097,DIAB_A1C_TEST,2025-07-14,,True,True
MOCK06103,DIAB_A1C_TEST,2025-07-19,,True,False
MOCK06109,DIAB_A1C_TEST,2025-07-01,,True,True
MOCK06115,DIAB_A1C_TEST,2025-07-04,,True,True
MOCK06121,DIAB_A1C_TEST,2025-07-02,,True,True
MOCK06127,DIAB_A1C_TEST,2025-07-02,,True,True
MOCK06133,DIAB_A1C_TEST,2025-08-02,,True,True
MOCK06139,DIAB_A1C_TEST,2025-08-01,2026-03-11,True,True
MOCK06145,DIAB_A1C_TEST,2025-08-01,2026-04-30,True,True
MOCK06151,DIAB_A1C_TEST,2025-07-02,,True,True
MOCK06157,DIAB_A1C_TEST,2025-07-03,,True,False
MOCK06163,DIAB_A1C_TEST,2025-07-10,,True,True
MOCK06169,DIAB_A1C_TEST,2025-07-22,,True,True
MOCK06175,DIAB_A1C_TEST,2025-07-13,2026-01-30,True,False
MOCK06181,DIAB_A1C_TEST,2025-07-19,,True,True
MOCK06187,DIAB_A1C_TEST,2025-07-06,,True,False
MOCK06193,DIAB_A1C_TEST,2025-07-28,,True,True
MOCK06199,DIAB_A1C_TEST,2025-07-12,,True,False
MOCK06205,DIAB_A1C_TEST,2025-07-02,,True,False
MOCK06211,DIAB_A1C_TEST,2025-07-28,,True,False
MOCK06217,DIAB_A1C_TEST,2025-08-04,,True,False
MOCK06223,DIAB_A1C_TEST,2025-06-30,,True,True
MOCK06229,DIAB_A1C_TEST,2025-07-17,,True,True
MOCK06235,DIAB_A1C_TEST,2025-08-01,,True,True
MOCK06241,DIAB_A1C_TEST,2025-07-27,2026-01-05,True,False
MOCK06247,DIAB_A1C_TEST,2025-08-02,,True,True
MOCK06253,DIAB_A1C_TEST,2025-07-16,2026-03-21,True,True
MOCK06259,DIAB_A1C_TEST,2025-07-14,,True,False
MOCK06265,DIAB_A1C_TEST,2025-07-27,,True,True
MOCK06271,DIAB_A1C_TEST,2025-07-05,,True,True
MOCK06277,DIAB_A1C_TEST,2025-07-09,,True,False
MOCK06283,DIAB_A1C_TEST,2025-07-23,,True,True
MOCK06289,DIAB_A1C_TEST,2025-07-26,,True,False
MOCK06295,DIAB_A1C_TEST,2025-07-04,,True,False
MOCK06301,DIAB_A1C_TEST,2025-07-19,,True,False
MOCK06307,DIAB_A1C_TEST,2025-07-14,,True,True
MOCK06313,DIAB_A1C_TEST,2025-07-19,,True,True
MOCK06319,DIAB_A1C_TEST,2025-08-06,,True,False
MOCK06325,DIAB_A1C_TEST,2025-07-02,,True,False
MOCK06331,DIAB_A1C_TEST,2025-08-07,,True,False
MOCK06337,DIAB_A1C_TEST,2025-07-17,,True,True
MOCK06343,DIAB_A1C_TEST,2025-07-30,,True,True
MOCK06349,DIAB_A1C_TEST,2025-07-16,2026-05-15,True,True
MOCK06355,DIAB_A1C_TEST,2025-07-12,,True,True
MOCK06361,DIAB_A1C_TEST,2025-07-30,,True,True
MOCK06367,DIAB_A1C_TEST,2025-07-26,,True,False
MOCK06373,DIAB_A1C_TEST,2025-07-05,,True,True
MOCK06379,DIAB_A1C_TEST,2025-07-27,,True,False
MOCK06385,DIAB_A1C_TEST,2025-07-29,,True,False
MOCK06391,DIAB_A1C_TEST,2025-07-15,,True,True
MOCK06397,DIAB_A1C_TEST,2025-08-05,,True,False
MOCK06403,DIAB_A1C_TEST,2025-07-24,,True,False
MOCK06409,DIAB_A1C_TEST,2025-07-13,,True,True
MOCK06415,DIAB_A1C_TEST,2025-06-30,,True,False
MOCK06421,DIAB_A1C_TEST,2025-07-26,,True,False
MOCK06427,DIAB_A1C_TEST,2025-07-08,,True,False
MOCK06433,DIAB_A1C_TEST,2025-07-29,2026-01-06,True,False
MOCK06439,DIAB_A1C_TEST,2025-07-20,,True,False
MOCK06445,DIAB_A1C_TEST,2025-07-18,2025-11-05,True,True
MOCK06451,DIAB_A1C_TEST,2025-07-06,,True,False
MOCK06457,DIAB_A1C_TEST,2025-07-27,,True,False
MOCK06463,DIAB_A1C_TEST,2025-07-06,,True,False
MOCK06469,DIAB_A1C_TEST,2025-07-16,,True,False
MOCK06475,DIAB_A1C_TEST,2025-08-01,,True,False
MOCK06481,DIAB_A1C_TEST,2025-08-04,,True,False
MOCK06487,DIAB_A1C_TEST,2025-08-07,,True,True
MOCK06493,DIAB_A1C_TEST,2025-08-06,,True,False
MOCK06499,DIAB_A1C_TEST,2025-07-21,,True,True
MOCK06505,DIAB_A1C_TEST,2025-07-07,,True,False
MOCK06511,DIAB_A1C_TEST,2025-08-01,,True,False
MOCK06517,DIAB_A1C_TEST,2025-07-31,,True,False
MOCK06523,DIAB_A1C_TEST,2025-08-07,,True,True
MOCK06529,DIAB_A1C_TEST,2025-07-25,,True,False
MOCK06535,DIAB_A1C_TEST,2025-07-05,,True,True
MOCK06541,DIAB_A1C_TEST,2025-07-19,,True,True
MOCK06547,DIAB_A1C_TEST,2025-07-17,,True,True
MOCK06553,DIAB_A1C_TEST,2025-08-01,,True,False
MOCK06559,DIAB_A1C_TEST,2025-07-15,2026-04-16,True,True
MOCK06565,DIAB_A1C_TEST,2025-07-12,2025-11-10,True,False
MOCK06571,DIAB_A1C_TEST,2025-07-03,,True,True
MOCK06577,DIAB_A1C_TEST,2025-08-01,,True,False
MOCK06583,DIAB_A1C_TEST,2025-07-29,,True,False
MOCK06589,DIAB_A1C_TEST,2025-07-01,,True,False
MOCK06595,DIAB_A1C_TEST,2025-07-16,,True,False
MOCK06601,DIAB_A1C_TEST,2025-07-18,,True,False
MOCK06607,DIAB_A1C_TEST,2025-07-18,,True,False
MOCK06613,DIAB_A1C_TEST,2025-08-04,,True,False
MOCK06619,DIAB_A1C_TEST,2025-07-05,,True,True
MOCK06625,DIAB_A1C_TEST,2025-07-11,,True,True
MOCK06631,DIAB_A1C_TEST,2025-07-07,2026-04-05,True,False
MOCK06637,DIAB_A1C_TEST,2025-07-09,,True,False
MOCK06643,DIAB_A1C_TEST,2025-08-04,2026-01-25,True,False
MOCK06649,DIAB_A1C_TEST,2025-08-05,,True,False
MOCK06655,DIAB_A1C_TEST,2025-07-01,,True,True
MOCK06661,DIAB_A1C_TEST,2025-07-24,,True,False
MOCK06667,DIAB_A1C_TEST,2025-07-09,,True,False
MOCK06673,DIAB_A1C_TEST,2025-07-07,,True,False
MOCK06679,DIAB_A1C_TEST,2025-07-11,,True,False
MOCK06685,DIAB_A1C_TEST,2025-07-07,,True,False
MOCK06691,DIAB_A1C_TEST,2025-07-19,,True,False
MOCK06697,DIAB_A1C_TEST,2025-08-07,,True,False
MOCK06703,DIAB_A1C_TEST,2025-07-22,,True,True
MOCK06709,DIAB_A1C_TEST,2025-07-28,,True,False
MOCK06715,DIAB_A1C_TEST,2025-07-19,,True,False
MOCK06721,DIAB_A1C_TEST,2025-06-30,,True,False
MOCK06727,DIAB_A1C_TEST,2025-07-03,,True,True
MOCK06733,DIAB_A1C_TEST,2025-07-10,,True,False
MOCK06739,DIAB_A1C_TEST,2025-07-09,,True,True
MOCK06745,DIAB_A1C_TEST,2025-08-01,,True,False
MOCK06751,DIAB_A1C_TEST,2025-08-01,2026-03-10,True,True
MOCK06757,DIAB_A1C_TEST,2025-08-02,,True,True
MOCK06763,DIAB_A1C_TEST,2025-07-24,,True,False
MOCK06769,DIAB_A1C_TEST,2025-07-21,,True,True
MOCK06775,DIAB_A1C_TEST,2025-07-25,,True,True
MOCK06781,DIAB_A1C_TEST,2025-07-15,2025-12-05,True,False
MOCK06787,DIAB_A1C_TEST,2025-07-26,,True,False
MOCK06793,DIAB_A1C_TEST,2025-07-30,,True,True
MOCK06799,DIAB_A1C_TEST,2025-07-29,,True,False
MOCK06805,DIAB_A1C_TEST,2025-07-23,,True,False
MOCK06811,DIAB_A1C_TEST,2025-07-02,,True,False
MOCK06817,DIAB_A1C_TEST,2025-07-28,,True,True
MOCK06823,DIAB_A1C_TEST,2025-07-14,,True,True
MOCK06829,DIAB_A1C_TEST,2025-07-29,,True,False
MOCK06835,DIAB_A1C_TEST,2025-07-21,,True,False
MOCK06841,DIAB_A1C_TEST,2025-08-03,2026-03-16,True,True
MOCK06847,DIAB_A1C_TEST,2025-07-13,,True,False
MOCK06853,DIAB_A1C_TEST,2025-08-05,,True,True
MOCK06859,DIAB_A1C_TEST,2025-08-01,,True,False
MOCK06865,DIAB_A1C_TEST,2025-07-12,,True,False
MOCK06871,DIAB_A1C_TEST,2025-07-18,2026-05-17,True,False
MOCK06877,DIAB_A1C_TEST,2025-07-20,,True,False
MOCK06883,DIAB_A1C_TEST,2025-07-29,,True,True
MOCK06889,DIAB_A1C_TEST,2025-07-26,2026-03-21,True,False
MOCK06895,DIAB_A1C_TEST,2025-08-02,2026-05-01,True,True
MOCK06901,DIAB_A1C_TEST,2025-07-14,,True,False
MOCK06907,DIAB_A1C_TEST,2025-07-19,,True,False
MOCK06913,DIAB_A1C_TEST,2025-07-16,2026-02-19,True,True
MOCK06919,DIAB_A1C_TEST,2025-08-04,,True,True
MOCK06925,DIAB_A1C_TEST,2025-07-11,,True,True
MOCK06931,DIAB_A1C_TEST,2025-07-22,,True,True
MOCK06937,DIAB_A1C_TEST,2025-07-04,,True,True
MOCK06943,DIAB_A1C_TEST,2025-08-02,2026-04-28,True,False
MOCK06949,DIAB_A1C_TEST,2025-07-14,,True,False
MOCK06955,DIAB_A1C_TEST,2025-07-13,,True,False
MOCK06961,DIAB_A1C_TEST,2025-07-22,2026-03-15,True,False
MOCK06967,DIAB_A1C_TEST,2025-07-19,,True,False
MOCK06973,DIAB_A1C_TEST,2025-08-02,,True,True
MOCK06979,DIAB_A1C_TEST,2025-07-20,,True,False
MOCK06985,DIAB_A1C_TEST,2025-07-20,2026-03-11,True,False
MOCK06991,DIAB_A1C_TEST,2025-07-04,,True,False
MOCK06997,DIAB_A1C_TEST,2025-06-30,,True,False
MOCK07003,DIAB_A1C_TEST,2025-07-15,,True,False
MOCK07009,DIAB_A1C_TEST,2025-08-07,,True,False
MOCK07015,DIAB_A1C_TEST,2025-08-04,,True,False
MOCK07021,DIAB_A1C_TEST,2025-07-24,,True,False
MOCK07027,DIAB_A1C_TEST,2025-07-24,,True,False
MOCK07033,DIAB_A1C_TEST,2025-07-15,,True,True
MOCK07039,DIAB_A1C_TEST,2025-07-06,,True,True
MOCK07045,DIAB_A1C_TEST,2025-06-30,,True,False
MOCK07051,DIAB_A1C_TEST,2025-07-13,,True,True
MOCK07057,DIAB_A1C_TEST,2025-07-12,2026-02-27,True,False
MOCK07063,DIAB_A1C_TEST,2025-07-07,,True,True
MOCK07069,DIAB_A1C_TEST,2025-07-10,,True,False
MOCK07075,DIAB_A1C_TEST,2025-06-30,,True,True
MOCK07081,DIAB_A1C_TEST,2025-07-23,,True,False
MOCK07087,DIAB_A1C_TEST,2025-08-05,,True,True
MOCK07093,DIAB_A1C_TEST,2025-07-26,,True,True
MOCK07099,DIAB_A1C_TEST,2025-07-17,2025-10-29,True,True
MOCK07105,DIAB_A1C_TEST,2025-07-16,,True,False
MOCK07111,DIAB_A1C_TEST,2025-07-11,2026-02-28,True,False
MOCK07117,DIAB_A1C_TEST,2025-07-05,,True,False
MOCK07123,DIAB_A1C_TEST,2025-07-23,,True,True
MOCK07129,DIAB_A1C_TEST,2025-07-22,,True,False
MOCK07135,DIAB_A1C_TEST,2025-06-30,,True,True
MOCK07141,DIAB_A1C_TEST,2025-07-16,,True,False
MOCK07147,DIAB_A1C_TEST,2025-07-10,,True,False
MOCK07153,DIAB_A1C_TEST,2025-07-06,,True,True
MOCK07159,DIAB_A1C_TEST,2025-07-27,,True,False
MOCK07165,DIAB_A1C_TEST,2025-07-20,,True,False
MOCK07171,DIAB_A1C_TEST,2025-07-24,,True,True
MOCK07177,DIAB_A1C_TEST,2025-07-27,2025-11-05,True,True
MOCK07183,DIAB_A1C_TEST,2025-08-07,,True,True
MOCK07189,DIAB_A1C_TEST,2025-07-31,,True,True
MOCK07195,DIAB_A1C_TEST,2025-07-24,,True,True
MOCK07201,DIAB_A1C_TEST,2025-08-03,,True,False
MOCK07207,DIAB_A1C_TEST,2025-07-18,,True,True
MOCK07213,DIAB_A1C_TEST,2025-08-07,,True,False
MOCK07219,DIAB_A1C_TEST,2025-07-29,,True,False
MOCK07225,DIAB_A1C_TEST,2025-07-25,,True,False
MOCK07231,DIAB_A1C_TEST,2025-08-04,,True,False
MOCK07237,DIAB_A1C_TEST,2025-07-20,,True,True
MOCK07243,DIAB_A1C_TEST,2025-07-28,,True,True
MOCK07249,DIAB_A1C_TEST,2025-07-11,,True,True
MOCK07255,DIAB_A1C_TEST,2025-08-06,2026-02-16,True,False
MOCK07261,DIAB_A1C_TEST,2025-07-24,,True,False
MOCK07267,DIAB_A1C_TEST,2025-07-30,,True,True
MOCK07273,DIAB_A1C_TEST,2025-07-17,2026-02-28,True,True
MOCK07279,DIAB_A1C_TEST,2025-08-02,,True,False
MOCK07285,DIAB_A1C_TEST,2025-07-02,2026-01-31,True,True
MOCK07291,DIAB_A1C_TEST,2025-07-04,2026-03-09,True,False
MOCK07297,DIAB_A1C_TEST,2025-07-19,,True,True
MOCK07303,DIAB_A1C_TEST,2025-07-28,,True,True
MOCK07309,DIAB_A1C_TEST,2025-07-31,,True,True
MOCK07315,DIAB_A1C_TEST,2025-07-17,,True,True
MOCK07321,DIAB_A1C_TEST,2025-07-25,,True,True
MOCK07327,DIAB_A1C_TEST,2025-07-21,,True,False
MOCK07333,DIAB_A1C_TEST,2025-08-06,,True,True
MOCK07339,DIAB_A1C_TEST,2025-07-25,,True,False
MOCK07345,DIAB_A1C_TEST,2025-07-16,2025-12-07,True,True
MOCK07351,DIAB_A1C_TEST,2025-08-06,,True,True
MOCK07357,DIAB_A1C_TEST,2025-07-04,2026-02-07,True,True
MOCK07363,DIAB_A1C_TEST,2025-08-07,,True,True
MOCK07369,DIAB_A1C_TEST,2025-07-06,2026-05-26,True,True
MOCK07375,DIAB_A1C_TEST,2025-07-11,,True,True
MOCK07381,DIAB_A1C_TEST,2025-08-01,,True,False
MOCK07387,DIAB_A1C_TEST,2025-07-28,,True,False
MOCK07393,DIAB_A1C_TEST,2025-08-06,,True,False
MOCK07399,DIAB_A1C_TEST,2025-07-29,,True,True
MOCK07405,DIAB_A1C_TEST,2025-07-24,,True,False
MOCK07411,DIAB_A1C_TEST,2025-07-13,,True,False
MOCK07417,DIAB_A1C_TEST,2025-06-30,2026-01-16,True,True
MOCK07423,DIAB_A1C_TEST,2025-07-04,,True,True
MOCK07429,DIAB_A1C_TEST,2025-07-11,,True,False
MOCK07435,DIAB_A1C_TEST,2025-07-01,2026-01-23,True,False
MOCK07441,DIAB_A1C_TEST,2025-07-19,,True,False
MOCK07447,DIAB_A1C_TEST,2025-07-30,,True,True
MOCK07453,DIAB_A1C_TEST,2025-08-06,,True,False
MOCK07459,DIAB_A1C_TEST,2025-07-19,,True,True
MOCK07465,DIAB_A1C_TEST,2025-08-03,,True,False
MOCK07471,DIAB_A1C_TEST,2025-08-07,,True,False
MOCK07477,DIAB_A1C_TEST,2025-08-02,,True,False
MOCK07483,DIAB_A1C_TEST,2025-07-18,,True,False
MOCK07489,DIAB_A1C_TEST,2025-07-12,,True,True
MOCK07495,DIAB_A1C_TEST,2025-08-07,2026-01-17,True,False
MOCK07501,DIAB_A1C_TEST,2025-07-09,2025-12-23,True,False
MOCK07507,DIAB_A1C_TEST,2025-07-16,,True,False
MOCK07513,DIAB_A1C_TEST,2025-07-02,,True,True
MOCK07519,DIAB_A1C_TEST,2025-07-30,,True,True
MOCK07525,DIAB_A1C_TEST,2025-07-25,,True,True
MOCK07531,DIAB_A1C_TEST,2025-07-03,,True,False
MOCK07537,DIAB_A1C_TEST,2025-07-08,2026-02-21,True,False
MOCK07543,DIAB_A1C_TEST,2025-07-21,2026-04-14,True,False
MOCK07549,DIAB_A1C_TEST,2025-07-21,2026-05-24,True,False
MOCK07555,DIAB_A1C_TEST,2025-07-31,,True,False
MOCK07561,DIAB_A1C_TEST,2025-07-10,,True,True
MOCK07567,DIAB_A1C_TEST,2025-08-05,,True,False
MOCK07573,DIAB_A1C_TEST,2025-07-17,,True,True
MOCK07579,DIAB_A1C_TEST,2025-08-01,,True,True
MOCK07585,DIAB_A1C_TEST,2025-07-09,2026-02-25,True,True
MOCK07591,DIAB_A1C_TEST,2025-07-01,,True,True
MOCK07597,DIAB_A1C_TEST,2025-07-02,,True,True
MOCK07603,DIAB_A1C_TEST,2025-07-14,,True,False
MOCK07609,DIAB_A1C_TEST,2025-08-06,,True,True
MOCK07615,DIAB_A1C_TEST,2025-07-01,2026-01-16,True,True
MOCK07621,DIAB_A1C_TEST,2025-07-14,,True,True
MOCK07627,DIAB_A1C_TEST,2025-07-04,,True,False
MOCK07633,DIAB_A1C_TEST,2025-08-05,,True,False
MOCK07639,DIAB_A1C_TEST,2025-07-26,,True,True
MOCK07645,DIAB_A1C_TEST,2025-07-29,,True,True
MOCK07651,DIAB_A1C_TEST,2025-07-27,,True,False
MOCK07657,DIAB_A1C_TEST,2025-07-25,,True,False
MOCK07663,DIAB_A1C_TEST,2025-07-30,2026-04-11,True,False
MOCK07669,DIAB_A1C_TEST,2025-06-30,,True,False
MOCK07675,DIAB_A1C_TEST,2025-08-02,2026-01-03,True,False
MOCK07681,DIAB_A1C_TEST,2025-07-28,,True,False
MOCK07687,DIAB_A1C_TEST,2025-07-28,,True,True
MOCK07693,DIAB_A1C_TEST,2025-07-15,2026-03-25,True,False
MOCK07699,DIAB_A1C_TEST,2025-07-31,2026-01-15,True,True
MOCK07705,DIAB_A1C_TEST,2025-07-14,,True,False
MOCK07711,DIAB_A1C_TEST,2025-07-01,2026-05-23,True,True
MOCK07717,DIAB_A1C_TEST,2025-08-04,,True,True
MOCK07723,DIAB_A1C_TEST,2025-07-09,,True,False
MOCK07729,DIAB_A1C_TEST,2025-07-03,2025-12-14,True,False
MOCK07735,DIAB_A1C_TEST,2025-07-24,,True,True
MOCK07741,DIAB_A1C_TEST,2025-07-09,2026-02-15,True,False
MOCK07747,DIAB_A1C_TEST,2025-08-02,,True,True
MOCK07753,DIAB_A1C_TEST,2025-07-17,2025-12-18,True,False
MOCK07759,DIAB_A1C_TEST,2025-06-30,,True,False
MOCK07765,DIAB_A1C_TEST,2025-08-06,2026-02-03,True,True
MOCK07771,DIAB_A1C_TEST,2025-07-20,,True,False
MOCK07777,DIAB_A1C_TEST,2025-07-10,2025-12-22,True,False
MOCK07783,DIAB_A1C_TEST,2025-07-26,,True,True
MOCK07789,DIAB_A1C_TEST,2025-07-20,,True,True
MOCK07795,DIAB_A1C_TEST,2025-07-01,,True,True
MOCK07801,DIAB_A1C_TEST,2025-07-29,,True,False
MOCK07807,DIAB_A1C_TEST,2025-07-15,,True,True
MOCK07813,DIAB_A1C_TEST,2025-07-27,,True,True
MOCK07819,DIAB_A1C_TEST,2025-08-03,,True,False
MOCK07825,DIAB_A1C_TEST,2025-07-23,,True,True
MOCK07831,DIAB_A1C_TEST,2025-07-26,,True,True
MOCK07837,DIAB_A1C_TEST,2025-07-09,,True,False
MOCK07843,DIAB_A1C_TEST,2025-07-09,,True,False
MOCK07849,DIAB_A1C_TEST,2025-07-16,,True,True
MOCK07855,DIAB_A1C_TEST,2025-08-02,,True,False
MOCK07861,DIAB_A1C_TEST,2025-07-20,,True,False
MOCK07867,DIAB_A1C_TEST,2025-07-13,,True,True
MOCK07873,DIAB_A1C_TEST,2025-07-30,,True,False
MOCK07879,DIAB_A1C_TEST,2025-08-02,,True,False
MOCK07885,DIAB_A1C_TEST,2025-08-04,,True,False
MOCK07891,DIAB_A1C_TEST,2025-07-11,,True,False
MOCK07897,DIAB_A1C_TEST,2025-07-27,,True,False
MOCK07903,DIAB_A1C_TEST,2025-07-23,,True,False
MOCK07909,DIAB_A1C_TEST,2025-07-17,,True,False
MOCK07915,DIAB_A1C_TEST,2025-07-15,,True,False
MOCK07921,DIAB_A1C_TEST,2025-07-04,2026-01-04,True,False
MOCK07927,DIAB_A1C_TEST,2025-07-10,,True,False
MOCK07933,DIAB_A1C_TEST,2025-07-21,,True,False
MOCK07939,DIAB_A1C_TEST,2025-08-03,,True,True
MOCK07945,DIAB_A1C_TEST,2025-08-02,,True,True
MOCK07951,DIAB_A1C_TEST,2025-07-07,,True,False
MOCK07957,DIAB_A1C_TEST,2025-07-26,,True,True
MOCK07963,DIAB_A1C_TEST,2025-07-03,,True,False
MOCK07969,DIAB_A1C_TEST,2025-07-26,,True,False
MOCK07975,DIAB_A1C_TEST,2025-07-13,,True,False
MOCK07981,DIAB_A1C_TEST,2025-07-17,,True,True
MOCK07987,DIAB_A1C_TEST,2025-07-27,,True,False
MOCK07993,DIAB_A1C_TEST,2025-07-16,,True,True
MOCK07999,DIAB_A1C_TEST,2025-07-31,,True,False
MOCK08005,DIAB_A1C_TEST,2025-07-20,,True,True
MOCK08011,DIAB_A1C_TEST,2025-08-07,,True,False
MOCK08017,DIAB_A1C_TEST,2025-07-24,,True,False
MOCK08023,DIAB_A1C_TEST,2025-07-11,,True,False
MOCK08029,DIAB_A1C_TEST,2025-07-30,,True,False
MOCK08035,DIAB_A1C_TEST,2025-07-15,,True,True
MOCK08041,DIAB_A1C_TEST,2025-07-20,,True,True
MOCK08047,DIAB_A1C_TEST,2025-07-05,,True,True
MOCK08053,DIAB_A1C_TEST,2025-07-04,,True,False
MOCK08059,DIAB_A1C_TEST,2025-07-22,,True,False
MOCK08065,DIAB_A1C_TEST,2025-07-07,,True,True
MOCK08071,DIAB_A1C_TEST,2025-08-07,2026-01-03,True,True
MOCK08077,DIAB_A1C_TEST,2025-08-02,,True,True
MOCK08083,DIAB_A1C_TEST,2025-07-27,2026-02-02,True,False
MOCK08089,DIAB_A1C_TEST,2025-07-28,,True,True
MOCK08095,DIAB_A1C_TEST,2025-07-23,,True,True
MOCK08101,DIAB_A1C_TEST,2025-07-02,,True,True
MOCK08107,DIAB_A1C_TEST,2025-07-15,,True,True
MOCK08113,DIAB_A1C_TEST,2025-07-19,2026-02-12,True,True
MOCK08119,DIAB_A1C_TEST,2025-08-04,,True,True
MOCK08125,DIAB_A1C_TEST,2025-07-08,,True,False
MOCK08131,DIAB_A1C_TEST,2025-07-19,,True,False
MOCK08137,DIAB_A1C_TEST,2025-07-13,2026-04-28,True,True
MOCK08143,DIAB_A1C_TEST,2025-07-05,,True,False
MOCK08149,DIAB_A1C_TEST,2025-07-04,,True,False
MOCK08155,DIAB_A1C_TEST,2025-07-14,,True,False
MOCK08161,DIAB_A1C_TEST,2025-07-03,,True,False
MOCK08167,DIAB_A1C_TEST,2025-07-02,,True,True
MOCK08173,DIAB_A1C_TEST,2025-07-13,2025-12-29,True,False
MOCK08179,DIAB_A1C_TEST,2025-07-07,,True,False
MOCK08185,DIAB_A1C_TEST,2025-07-21,,True,False
MOCK08191,DIAB_A1C_TEST,2025-06-30,,True,True
MOCK08197,DIAB_A1C_TEST,2025-07-11,,True,True
MOCK08203,DIAB_A1C_TEST,2025-07-17,,True,True
MOCK08209,DIAB_A1C_TEST,2025-08-06,,True,False
MOCK08215,DIAB_A1C_TEST,2025-07-24,,True,False
MOCK08221,DIAB_A1C_TEST,2025-08-03,2025-12-12,True,True
MOCK08227,DIAB_A1C_TEST,2025-07-13,,True,False
MOCK08233,DIAB_A1C_TEST,2025-07-17,,True,True
MOCK08239,DIAB_A1C_TEST,2025-07-16,,True,True
MOCK08245,DIAB_A1C_TEST,2025-08-03,,True,False
MOCK08251,DIAB_A1C_TEST,2025-08-06,,True,False
MOCK08257,DIAB_A1C_TEST,2025-08-06,,True,False
MOCK08263,DIAB_A1C_TEST,2025-07-29,,True,False
MOCK08269,DIAB_A1C_TEST,2025-07-19,,True,False
MOCK08275,DIAB_A1C_TEST,2025-07-21,,True,False
MOCK08281,DIAB_A1C_TEST,2025-08-07,,True,True
MOCK08287,DIAB_A1C_TEST,2025-07-11,,True,False
MOCK08293,DIAB_A1C_TEST,2025-07-13,2025-12-18,True,False
MOCK08299,DIAB_A1C_TEST,2025-08-03,,True,True
MOCK08305,DIAB_A1C_TEST,2025-07-15,,True,True
MOCK08311,DIAB_A1C_TEST,2025-07-09,2025-11-09,True,True
MOCK08317,DIAB_A1C_TEST,2025-07-21,,True,True
MOCK08323,DIAB_A1C_TEST,2025-07-12,,True,False
MOCK08329,DIAB_A1C_TEST,2025-08-03,,True,True
MOCK08335,DIAB_A1C_TEST,2025-08-04,2026-02-07,True,False
MOCK08341,DIAB_A1C_TEST,2025-07-11,,True,True
MOCK08347,DIAB_A1C_TEST,2025-07-20,,True,True
MOCK08353,DIAB_A1C_TEST,2025-08-07,,True,True
MOCK08359,DIAB_A1C_TEST,2025-07-28,,True,True
MOCK08365,DIAB_A1C_TEST,2025-07-08,,True,False
MOCK08371,DIAB_A1C_TEST,2025-07-23,2026-05-14,True,True
MOCK08377,DIAB_A1C_TEST,2025-07-24,2025-12-08,True,True
MOCK08383,DIAB_A1C_TEST,2025-07-25,2026-02-08,True,True
MOCK08389,DIAB_A1C_TEST,2025-06-30,,True,True
MOCK08395,DIAB_A1C_TEST,2025-07-11,,True,False
MOCK08401,DIAB_A1C_TEST,2025-08-02,,True,False
MOCK08407,DIAB_A1C_TEST,2025-07-09,,True,True
MOCK08413,DIAB_A1C_TEST,2025-07-11,,True,False
MOCK08419,DIAB_A1C_TEST,2025-07-12,,True,False
MOCK08425,DIAB_A1C_TEST,2025-07-06,,True,False
MOCK08431,DIAB_A1C_TEST,2025-07-06,,True,False
MOCK08437,DIAB_A1C_TEST,2025-07-13,2026-02-26,True,True
MOCK08443,DIAB_A1C_TEST,2025-08-03,,True,False
MOCK08449,DIAB_A1C_TEST,2025-06-30,,True,False
MOCK08455,DIAB_A1C_TEST,2025-07-11,,True,False
MOCK08461,DIAB_A1C_TEST,2025-07-02,,True,False
MOCK08467,DIAB_A1C_TEST,2025-07-21,,True,False
MOCK08473,DIAB_A1C_TEST,2025-07-09,,True,True
MOCK08479,DIAB_A1C_TEST,2025-07-30,,True,False
MOCK08485,DIAB_A1C_TEST,2025-07-22,2026-04-24,True,False
MOCK08491,DIAB_A1C_TEST,2025-07-30,,True,False
MOCK08497,DIAB_A1C_TEST,2025-07-24,,True,False
MOCK08503,DIAB_A1C_TEST,2025-07-17,,True,False
MOCK08509,DIAB_A1C_TEST,2025-08-02,2025-11-26,True,False
MOCK08515,DIAB_A1C_TEST,2025-07-18,,True,False
MOCK08521,DIAB_A1C_TEST,2025-08-06,,True,True
MOCK08527,DIAB_A1C_TEST,2025-08-07,,True,True
MOCK08533,DIAB_A1C_TEST,2025-07-22,,True,False
MOCK08539,DIAB_A1C_TEST,2025-07-26,,True,False
MOCK08545,DIAB_A1C_TEST,2025-07-09,,True,True
MOCK08551,DIAB_A1C_TEST,2025-07-31,,True,False
MOCK08557,DIAB_A1C_TEST,2025-07-26,,True,False
MOCK08563,DIAB_A1C_TEST,2025-08-04,,True,False
MOCK08569,DIAB_A1C_TEST,2025-07-10,2025-12-19,True,True
MOCK08575,DIAB_A1C_TEST,2025-07-30,,True,False
MOCK08581,DIAB_A1C_TEST,2025-07-18,,True,True
MOCK08587,DIAB_A1C_TEST,2025-07-07,,True,True
MOCK08593,DIAB_A1C_TEST,2025-07-06,,True,False
MOCK08599,DIAB_A1C_TEST,2025-07-21,2025-11-07,True,False
MOCK08605,DIAB_A1C_TEST,2025-07-12,2026-05-16,True,True
MOCK08611,DIAB_A1C_TEST,2025-07-03,2026-01-31,True,False
MOCK08617,DIAB_A1C_TEST,2025-07-16,,True,False
MOCK08623,DIAB_A1C_TEST,2025-07-25,,True,True
MOCK08629,DIAB_A1C_TEST,2025-07-12,,True,True
MOCK08635,DIAB_A1C_TEST,2025-08-06,,True,False
MOCK08641,DIAB_A1C_TEST,2025-07-30,,True,False
MOCK08647,DIAB_A1C_TEST,2025-07-19,,True,True
MOCK08653,DIAB_A1C_TEST,2025-08-05,2026-05-24,True,False
MOCK08659,DIAB_A1C_TEST,2025-07-16,2026-04-21,True,False
MOCK08665,DIAB_A1C_TEST,2025-07-05,,True,False
MOCK08671,DIAB_A1C_TEST,2025-07-01,,True,False
MOCK08677,DIAB_A1C_TEST,2025-08-05,,True,True
MOCK08683,DIAB_A1C_TEST,2025-08-06,2026-02-24,True,True
MOCK08689,DIAB_A1C_TEST,2025-07-28,,True,True
MOCK08695,DIAB_A1C_TEST,2025-07-04,,True,False
MOCK08701,DIAB_A1C_TEST,2025-07-11,2025-12-07,True,False
MOCK08707,DIAB_A1C_TEST,2025-07-01,,True,False
MOCK08713,DIAB_A1C_TEST,2025-07-01,,True,True
MOCK08719,DIAB_A1C_TEST,2025-07-09,,True,False
MOCK08725,DIAB_A1C_TEST,2025-07-22,2025-11-08,True,True
MOCK08731,DIAB_A1C_TEST,2025-07-02,,True,True
MOCK08737,DIAB_A1C_TEST,2025-08-07,2026-01-02,True,True
MOCK08743,DIAB_A1C_TEST,2025-07-17,,True,False
MOCK08749,DIAB_A1C_TEST,2025-07-10,,True,True
MOCK08755,DIAB_A1C_TEST,2025-07-20,,True,False
MOCK08761,DIAB_A1C_TEST,2025-07-30,2026-04-11,True,False
MOCK08767,DIAB_A1C_TEST,2025-07-12,,True,False
MOCK08773,DIAB_A1C_TEST,2025-07-01,,True,True
MOCK08779,DIAB_A1C_TEST,2025-07-01,,True,False
MOCK08785,DIAB_A1C_TEST,2025-08-02,2026-03-11,True,False
MOCK08791,DIAB_A1C_TEST,2025-07-04,,True,False
MOCK08797,DIAB_A1C_TEST,2025-07-24,,True,False
MOCK08803,DIAB_A1C_TEST,2025-07-14,,True,False
MOCK08809,DIAB_A1C_TEST,2025-07-30,,True,False
MOCK08815,DIAB_A1C_TEST,2025-07-02,2026-02-11,True,False
MOCK08821,DIAB_A1C_TEST,2025-08-04,,True,False
MOCK08827,DIAB_A1C_TEST,2025-07-27,,True,True
MOCK08833,DIAB_A1C_TEST,2025-07-17,,True,False
MOCK08839,DIAB_A1C_TEST,2025-07-08,,True,True
MOCK08845,DIAB_A1C_TEST,2025-08-07,2026-04-10,True,True
MOCK08851,DIAB_A1C_TEST,2025-07-11,2026-01-13,True,True
MOCK08857,DIAB_A1C_TEST,2025-07-19,,True,True
MOCK08863,DIAB_A1C_TEST,2025-07-15,,True,True
MOCK08869,DIAB_A1C_TEST,2025-07-08,,True,False
MOCK08875,DIAB_A1C_TEST,2025-07-16,2026-04-01,True,True
MOCK08881,DIAB_A1C_TEST,2025-07-05,2026-02-27,True,True
MOCK08887,DIAB_A1C_TEST,2025-06-30,,True,False
MOCK08893,DIAB_A1C_TEST,2025-07-11,,True,False
MOCK08899,DIAB_A1C_TEST,2025-07-04,,True,False
MOCK08905,DIAB_A1C_TEST,2025-07-16,,True,True
MOCK08911,DIAB_A1C_TEST,2025-08-02,,True,True
MOCK08917,DIAB_A1C_TEST,2025-07-06,,True,True
MOCK08923,DIAB_A1C_TEST,2025-06-30,,True,True
MOCK08929,DIAB_A1C_TEST,2025-07-04,,True,False
MOCK08935,DIAB_A1C_TEST,2025-07-19,,True,False
MOCK08941,DIAB_A1C_TEST,2025-07-10,,True,True
MOCK08947,DIAB_A1C_TEST,2025-07-19,2026-03-25,True,False
MOCK08953,DIAB_A1C_TEST,2025-07-01,,True,True
MOCK08959,DIAB_A1C_TEST,2025-07-12,,True,True
MOCK08965,DIAB_A1C_TEST,2025-07-15,,True,True
MOCK08971,DIAB_A1C_TEST,2025-07-16,2025-12-13,True,True
MOCK08977,DIAB_A1C_TEST,2025-07-21,2026-05-10,True,False
MOCK08983,DIAB_A1C_TEST,2025-07-30,,True,True
MOCK08989,DIAB_A1C_TEST,2025-07-18,2026-02-24,True,False
MOCK08995,DIAB_A1C_TEST,2025-08-01,,True,True
MOCK09001,DIAB_A1C_TEST,2025-07-20,,True,False
MOCK09007,DIAB_A1C_TEST,2025-07-10,2026-03-01,True,False
MOCK09013,DIAB_A1C_TEST,2025-07-08,,True,False
MOCK09019,DIAB_A1C_TEST,2025-07-12,,True,True
MOCK09025,DIAB_A1C_TEST,2025-07-23,,True,False
MOCK09031,DIAB_A1C_TEST,2025-07-09,2026-02-06,True,False
MOCK09037,DIAB_A1C_TEST,2025-08-04,2025-12-10,True,True
MOCK09043,DIAB_A1C_TEST,2025-07-18,,True,False
MOCK09049,DIAB_A1C_TEST,2025-08-02,,True,True
MOCK09055,DIAB_A1C_TEST,2025-07-26,,True,True
MOCK09061,DIAB_A1C_TEST,2025-07-13,,True,False
MOCK09067,DIAB_A1C_TEST,2025-07-08,2025-12-21,True,True
MOCK09073,DIAB_A1C_TEST,2025-07-29,2026-02-27,True,False
MOCK09079,DIAB_A1C_TEST,2025-07-12,,True,True
MOCK09085,DIAB_A1C_TEST,2025-07-09,,True,True
MOCK09091,DIAB_A1C_TEST,2025-08-05,,True,True
MOCK09097,DIAB_A1C_TEST,2025-07-18,,True,True
MOCK09103,DIAB_A1C_TEST,2025-07-01,,True,False
MOCK09109,DIAB_A1C_TEST,2025-07-19,,True,False
MOCK09115,DIAB_A1C_TEST,2025-07-17,,True,False
MOCK09121,DIAB_A1C_TEST,2025-08-02,,True,True
MOCK09127,DIAB_A1C_TEST,2025-07-27,,True,False
MOCK09133,DIAB_A1C_TEST,2025-07-07,2025-12-29,True,True
MOCK09139,DIAB_A1C_TEST,2025-07-05,,True,True
MOCK09145,DIAB_A1C_TEST,2025-07-23,,True,False
MOCK09151,DIAB_A1C_TEST,2025-07-01,,True,False
MOCK09157,DIAB_A1C_TEST,2025-07-12,2026-02-16,True,False
MOCK09163,DIAB_A1C_TEST,2025-07-05,,True,False
MOCK09169,DIAB_A1C_TEST,2025-06-30,,True,False
MOCK09175,DIAB_A1C_TEST,2025-08-04,,True,True
MOCK09181,DIAB_A1C_TEST,2025-07-03,,True,True
MOCK09187,DIAB_A1C_TEST,2025-06-30,,True,True
MOCK09193,DIAB_A1C_TEST,2025-08-05,2025-12-23,True,False
MOCK09199,DIAB_A1C_TEST,2025-07-07,2026-05-21,True,False
MOCK09205,DIAB_A1C_TEST,2025-07-31,,True,False
MOCK09211,DIAB_A1C_TEST,2025-07-01,,True,True
MOCK09217,DIAB_A1C_TEST,2025-07-05,,True,False
MOCK09223,DIAB_A1C_TEST,2025-07-04,,True,False
MOCK09229,DIAB_A1C_TEST,2025-07-27,,True,False
MOCK09235,DIAB_A1C_TEST,2025-07-24,,True,False
MOCK09241,DIAB_A1C_TEST,2025-07-18,,True,True
MOCK09247,DIAB_A1C_TEST,2025-07-09,,True,True
MOCK09253,DIAB_A1C_TEST,2025-07-03,,True,False
MOCK09259,DIAB_A1C_TEST,2025-07-22,2025-11-18,True,True
MOCK09265,DIAB_A1C_TEST,2025-07-08,,True,True
MOCK09271,DIAB_A1C_TEST,2025-07-23,,True,True
MOCK09277,DIAB_A1C_TEST,2025-07-26,,True,True
MOCK09283,DIAB_A1C_TEST,2025-08-02,,True,False
MOCK09289,DIAB_A1C_TEST,2025-07-19,,True,True
MOCK09295,DIAB_A1C_TEST,2025-06-30,,True,True
MOCK09301,DIAB_A1C_TEST,2025-07-10,,True,False
MOCK09307,DIAB_A1C_TEST,2025-08-02,,True,False
MOCK09313,DIAB_A1C_TEST,2025-07-20,,True,True
MOCK09319,DIAB_A1C_TEST,2025-07-24,,True,True
MOCK09325,DIAB_A1C_TEST,2025-07-17,2025-10-31,True,True
MOCK09331,DIAB_A1C_TEST,2025-07-06,,True,True
MOCK09337,DIAB_A1C_TEST,2025-08-03,,True,True
MOCK09343,DIAB_A1C_TEST,2025-07-30,,True,True
MOCK09349,DIAB_A1C_TEST,2025-08-07,,True,False
MOCK09355,DIAB_A1C_TEST,2025-08-02,,True,False
MOCK09361,DIAB_A1C_TEST,2025-07-11,,True,False
MOCK09367,DIAB_A1C_TEST,2025-07-09,,True,True
MOCK09373,DIAB_A1C_TEST,2025-07-09,,True,True
MOCK09379,DIAB_A1C_TEST,2025-08-04,,True,False
MOCK09385,DIAB_A1C_TEST,2025-07-21,,True,False
MOCK09391,DIAB_A1C_TEST,2025-07-17,,True,False
MOCK09397,DIAB_A1C_TEST,2025-08-06,,True,True
MOCK09403,DIAB_A1C_TEST,2025-07-23,,True,True
MOCK09409,DIAB_A1C_TEST,2025-08-04,,True,False
MOCK09415,DIAB_A1C_TEST,2025-08-07,,True,False
MOCK09421,DIAB_A1C_TEST,2025-07-03,,True,True
MOCK09427,DIAB_A1C_TEST,2025-07-14,,True,False
MOCK09433,DIAB_A1C_TEST,2025-07-28,,True,False
MOCK09439,DIAB_A1C_TEST,2025-07-31,,True,False
MOCK09445,DIAB_A1C_TEST,2025-07-05,,True,True
MOCK09451,DIAB_A1C_TEST,2025-07-12,,True,False
MOCK09457,DIAB_A1C_TEST,2025-07-21,,True,False
MOCK09463,DIAB_A1C_TEST,2025-07-31,,True,True
MOCK09469,DIAB_A1C_TEST,2025-07-04,,True,False
MOCK09475,DIAB_A1C_TEST,2025-07-23,2026-03-03,True,False
MOCK09481,DIAB_A1C_TEST,2025-07-11,,True,False
MOCK09487,DIAB_A1C_TEST,2025-07-08,,True,True
MOCK09493,DIAB_A1C_TEST,2025-07-20,,True,False
MOCK09499,DIAB_A1C_TEST,2025-07-16,,True,False
MOCK09505,DIAB_A1C_TEST,2025-07-24,,True,True
MOCK09511,DIAB_A1C_TEST,2025-07-12,,True,True
MOCK09517,DIAB_A1C_TEST,2025-08-01,,True,True
MOCK09523,DIAB_A1C_TEST,2025-07-03,,True,True
MOCK09529,DIAB_A1C_TEST,2025-08-02,,True,False
MOCK09535,DIAB_A1C_TEST,2025-07-01,2025-12-20,True,False
MOCK09541,DIAB_A1C_TEST,2025-07-28,,True,True
MOCK09547,DIAB_A1C_TEST,2025-07-13,,True,False
MOCK09553,DIAB_A1C_TEST,2025-07-14,,True,True
MOCK09559,DIAB_A1C_TEST,2025-06-30,,True,False
MOCK09565,DIAB_A1C_TEST,2025-07-27,,True,False
MOCK09571,DIAB_A1C_TEST,2025-07-06,,True,False
MOCK09577,DIAB_A1C_TEST,2025-07-25,,True,False
MOCK09583,DIAB_A1C_TEST,2025-07-28,,True,False
MOCK09589,DIAB_A1C_TEST,2025-08-01,,True,True
MOCK09595,DIAB_A1C_TEST,2025-07-27,,True,True
MOCK09601,DIAB_A1C_TEST,2025-07-11,,True,True
MOCK09607,DIAB_A1C_TEST,2025-07-28,2025-11-17,True,True
MOCK09613,DIAB_A1C_TEST,2025-08-01,2026-05-24,True,True
MOCK09619,DIAB_A1C_TEST,2025-07-12,,True,True
MOCK09625,DIAB_A1C_TEST,2025-07-04,,True,False
MOCK09631,DIAB_A1C_TEST,2025-08-03,,True,False
MOCK09637,DIAB_A1C_TEST,2025-07-05,,True,False
MOCK09643,DIAB_A1C_TEST,2025-07-23,2025-11-24,True,False
MOCK09649,DIAB_A1C_TEST,2025-07-09,,True,True
MOCK09655,DIAB_A1C_TEST,2025-07-04,,True,True
MOCK09661,DIAB_A1C_TEST,2025-07-30,,True,False
MOCK09667,DIAB_A1C_TEST,2025-07-05,2026-05-07,True,False
MOCK09673,DIAB_A1C_TEST,2025-07-26,2026-04-02,True,True
MOCK09679,DIAB_A1C_TEST,2025-07-27,2026-05-10,True,False
MOCK09685,DIAB_A1C_TEST,2025-07-02,,True,False
MOCK09691,DIAB_A1C_TEST,2025-07-06,2026-05-19,True,True
MOCK09697,DIAB_A1C_TEST,2025-07-30,2026-02-12,True,True
MOCK09703,DIAB_A1C_TEST,2025-07-19,,True,True
MOCK09709,DIAB_A1C_TEST,2025-07-04,,True,False
MOCK09715,DIAB_A1C_TEST,2025-08-07,2025-12-20,True,False
MOCK09721,DIAB_A1C_TEST,2025-07-10,,True,False
MOCK09727,DIAB_A1C_TEST,2025-06-30,,True,False
MOCK09733,DIAB_A1C_TEST,2025-08-05,2026-03-03,True,False
MOCK09739,DIAB_A1C_TEST,2025-06-30,,True,True
MOCK09745,DIAB_A1C_TEST,2025-07-21,,True,False
MOCK09751,DIAB_A1C_TEST,2025-08-07,2026-05-19,True,False
MOCK09757,DIAB_A1C_TEST,2025-07-22,2025-11-24,True,False
MOCK09763,DIAB_A1C_TEST,2025-07-22,,True,True
MOCK09769,DIAB_A1C_TEST,2025-07-15,,True,False
MOCK09775,DIAB_A1C_TEST,2025-07-04,2026-04-15,True,False
MOCK09781,DIAB_A1C_TEST,2025-07-22,,True,True
MOCK09787,DIAB_A1C_TEST,2025-08-03,,True,True
MOCK09793,DIAB_A1C_TEST,2025-07-03,,True,True
MOCK09799,DIAB_A1C_TEST,2025-08-03,,True,False
MOCK09805,DIAB_A1C_TEST,2025-07-16,,True,False
MOCK09811,DIAB_A1C_TEST,2025-07-20,,True,True
MOCK09817,DIAB_A1C_TEST,2025-07-06,,True,False
MOCK09823,DIAB_A1C_TEST,2025-07-24,,True,True
MOCK09829,DIAB_A1C_TEST,2025-07-07,,True,False
MOCK09835,DIAB_A1C_TEST,2025-07-10,,True,True
MOCK09841,DIAB_A1C_TEST,2025-07-28,,True,False
MOCK09847,DIAB_A1C_TEST,2025-07-01,,True,False
MOCK09853,DIAB_A1C_TEST,2025-07-17,,True,True
MOCK09859,DIAB_A1C_TEST,2025-07-23,,True,True
MOCK09865,DIAB_A1C_TEST,2025-07-05,,True,False
MOCK09871,DIAB_A1C_TEST,2025-07-11,,True,False
MOCK09877,DIAB_A1C_TEST,2025-07-13,2025-12-23,True,False
MOCK09883,DIAB_A1C_TEST,2025-07-25,2026-04-02,True,False
MOCK09889,DIAB_A1C_TEST,2025-08-07,,True,False
MOCK09895,DIAB_A1C_TEST,2025-08-01,,True,True
MOCK09901,DIAB_A1C_TEST,2025-07-07,,True,False
MOCK09907,DIAB_A1C_TEST,2025-06-30,,True,True
MOCK09913,DIAB_A1C_TEST,2025-07-02,,True,True
MOCK09919,DIAB_A1C_TEST,2025-07-23,,True,True
MOCK09925,DIAB_A1C_TEST,2025-07-06,2026-03-13,True,True
MOCK09931,DIAB_A1C_TEST,2025-07-09,2026-05-25,True,False
MOCK09937,DIAB_A1C_TEST,2025-08-02,,True,False
MOCK09943,DIAB_A1C_TEST,2025-08-03,,True,False
MOCK09949,DIAB_A1C_TEST,2025-08-01,,True,True
MOCK09955,DIAB_A1C_TEST,2025-07-09,,True,False
MOCK09961,DIAB_A1C_TEST,2025-07-24,2026-02-09,True,False
MOCK09967,DIAB_A1C_TEST,2025-07-23,2026-05-07,True,True
MOCK09973,DIAB_A1C_TEST,2025-07-07,2026-05-10,True,False
MOCK09979,DIAB_A1C_TEST,2025-07-21,,True,False
MOCK09985,DIAB_A1C_TEST,2025-07-20,,True,True
MOCK09991,DIAB_A1C_TEST,2025-07-15,2026-02-18,True,False
MOCK09997,DIAB_A1C_TEST,2025-07-29,2026-03-08,True,False
MOCK00001,DIAB_EYE_EXAM,2025-07-26,,True,True
MOCK00007,DIAB_EYE_EXAM,2025-07-20,2026-01-15,True,True
MOCK00013,DIAB_EYE_EXAM,2025-07-28,,True,False
MOCK00019,DIAB_EYE_EXAM,2025-07-29,,True,False
MOCK00025,DIAB_EYE_EXAM,2025-07-22,,True,False
MOCK00031,DIAB_EYE_EXAM,2025-07-10,2026-03-30,True,False
MOCK00037,DIAB_EYE_EXAM,2025-07-29,,True,False
MOCK00043,DIAB_EYE_EXAM,2025-07-27,,True,False
MOCK00049,DIAB_EYE_EXAM,2025-08-07,,True,False
MOCK00055,DIAB_EYE_EXAM,2025-07-05,2026-03-02,True,False
MOCK00061,DIAB_EYE_EXAM,2025-07-16,,True,True
MOCK00067,DIAB_EYE_EXAM,2025-08-05,2025-11-12,True,False
MOCK00073,DIAB_EYE_EXAM,2025-07-20,,True,False
MOCK00079,DIAB_EYE_EXAM,2025-08-05,,True,False
MOCK00085,DIAB_EYE_EXAM,2025-06-30,,True,False
MOCK00091,DIAB_EYE_EXAM,2025-07-01,,True,False
MOCK00097,DIAB_EYE_EXAM,2025-07-31,,True,True
MOCK00103,DIAB_EYE_EXAM,2025-07-13,2026-01-19,True,True
MOCK00109,DIAB_EYE_EXAM,2025-07-20,2025-12-18,True,True
MOCK00115,DIAB_EYE_EXAM,2025-07-16,,True,True
MOCK00121,DIAB_EYE_EXAM,2025-07-15,2025-11-08,True,False
MOCK00127,DIAB_EYE_EXAM,2025-08-05,2026-04-16,True,True
MOCK00133,DIAB_EYE_EXAM,2025-07-03,,True,True
MOCK00139,DIAB_EYE_EXAM,2025-07-30,,True,True
MOCK00145,DIAB_EYE_EXAM,2025-08-03,2026-02-28,True,False
MOCK00151,DIAB_EYE_EXAM,2025-07-25,,True,False
MOCK00157,DIAB_EYE_EXAM,2025-07-15,,True,True
MOCK00163,DIAB_EYE_EXAM,2025-07-06,,True,True
MOCK00169,DIAB_EYE_EXAM,2025-07-26,,True,True
MOCK00175,DIAB_EYE_EXAM,2025-07-18,,True,True
MOCK00181,DIAB_EYE_EXAM,2025-07-05,2026-02-20,True,True
MOCK00187,DIAB_EYE_EXAM,2025-07-14,,True,True
MOCK00193,DIAB_EYE_EXAM,2025-08-06,,True,True
MOCK00199,DIAB_EYE_EXAM,2025-07-10,,True,False
MOCK00205,DIAB_EYE_EXAM,2025-07-06,,True,False
MOCK00211,DIAB_EYE_EXAM,2025-07-26,2026-04-19,True,False
MOCK00217,DIAB_EYE_EXAM,2025-07-07,2026-01-06,True,True
MOCK00223,DIAB_EYE_EXAM,2025-08-04,,True,True
MOCK00229,DIAB_EYE_EXAM,2025-08-02,2026-01-02,True,False
MOCK00235,DIAB_EYE_EXAM,2025-08-07,,True,True
MOCK00241,DIAB_EYE_EXAM,2025-08-04,2026-02-13,True,False
MOCK00247,DIAB_EYE_EXAM,2025-07-09,,True,False
MOCK00253,DIAB_EYE_EXAM,2025-07-08,,True,False
MOCK00259,DIAB_EYE_EXAM,2025-07-13,,True,True
MOCK00265,DIAB_EYE_EXAM,2025-07-18,,True,False
MOCK00271,DIAB_EYE_EXAM,2025-08-03,,True,True
MOCK00277,DIAB_EYE_EXAM,2025-07-28,,True,True
MOCK00283,DIAB_EYE_EXAM,2025-07-25,2025-12-23,True,True
MOCK00289,DIAB_EYE_EXAM,2025-08-03,,True,False
MOCK00295,DIAB_EYE_EXAM,2025-07-25,,True,False
MOCK00301,DIAB_EYE_EXAM,2025-07-14,2026-01-15,True,True
MOCK00307,DIAB_EYE_EXAM,2025-07-16,,True,True
MOCK00313,DIAB_EYE_EXAM,2025-07-20,,True,False
MOCK00319,DIAB_EYE_EXAM,2025-07-03,,True,False
MOCK00325,DIAB_EYE_EXAM,2025-07-28,2026-03-03,True,True
MOCK00331,DIAB_EYE_EXAM,2025-07-25,,True,True
MOCK00337,DIAB_EYE_EXAM,2025-07-28,,True,False
MOCK00343,DIAB_EYE_EXAM,2025-07-20,,True,False
MOCK00349,DIAB_EYE_EXAM,2025-07-30,,True,False
MOCK00355,DIAB_EYE_EXAM,2025-08-06,,True,True
MOCK00361,DIAB_EYE_EXAM,2025-07-22,,True,True
MOCK00367,DIAB_EYE_EXAM,2025-07-17,,True,True
MOCK00373,DIAB_EYE_EXAM,2025-07-04,,True,True
MOCK00379,DIAB_EYE_EXAM,2025-07-30,2026-01-06,True,False
MOCK00385,DIAB_EYE_EXAM,2025-08-04,,True,True
MOCK00391,DIAB_EYE_EXAM,2025-07-27,,True,False
MOCK00397,DIAB_EYE_EXAM,2025-08-02,,True,False
MOCK00403,DIAB_EYE_EXAM,2025-08-02,2026-02-03,True,False
MOCK00409,DIAB_EYE_EXAM,2025-07-31,,True,False
MOCK00415,DIAB_EYE_EXAM,2025-07-19,,True,False
MOCK00421,DIAB_EYE_EXAM,2025-07-03,,True,True
MOCK00427,DIAB_EYE_EXAM,2025-06-30,,True,True
MOCK00433,DIAB_EYE_EXAM,2025-07-07,2026-01-01,True,True
MOCK00439,DIAB_EYE_EXAM,2025-07-16,,True,False
MOCK00445,DIAB_EYE_EXAM,2025-07-29,,True,False
MOCK00451,DIAB_EYE_EXAM,2025-07-17,,True,True
MOCK00457,DIAB_EYE_EXAM,2025-06-30,,True,True
MOCK00463,DIAB_EYE_EXAM,2025-07-08,,True,True
MOCK00469,DIAB_EYE_EXAM,2025-08-07,,True,True
MOCK00475,DIAB_EYE_EXAM,2025-08-07,,True,False
MOCK00481,DIAB_EYE_EXAM,2025-07-14,,True,True
MOCK00487,DIAB_EYE_EXAM,2025-07-31,,True,False
MOCK00493,DIAB_EYE_EXAM,2025-07-28,,True,False
MOCK00499,DIAB_EYE_EXAM,2025-08-05,,True,True
MOCK00505,DIAB_EYE_EXAM,2025-08-03,,True,True
MOCK00511,DIAB_EYE_EXAM,2025-07-24,,True,False
MOCK00517,DIAB_EYE_EXAM,2025-07-15,,True,False
MOCK00523,DIAB_EYE_EXAM,2025-07-24,,True,True
MOCK00529,DIAB_EYE_EXAM,2025-07-12,,True,True
MOCK00535,DIAB_EYE_EXAM,2025-07-13,,True,False
MOCK00541,DIAB_EYE_EXAM,2025-07-23,,True,False
MOCK00547,DIAB_EYE_EXAM,2025-07-22,,True,False
MOCK00553,DIAB_EYE_EXAM,2025-07-22,2026-02-20,True,False
MOCK00559,DIAB_EYE_EXAM,2025-07-15,,True,False
MOCK00565,DIAB_EYE_EXAM,2025-07-15,,True,True
MOCK00571,DIAB_EYE_EXAM,2025-06-30,,True,False
MOCK00577,DIAB_EYE_EXAM,2025-07-23,2026-02-01,True,True
MOCK00583,DIAB_EYE_EXAM,2025-07-22,,True,False
MOCK00589,DIAB_EYE_EXAM,2025-08-05,,True,False
MOCK00595,DIAB_EYE_EXAM,2025-07-19,,True,False
MOCK00601,DIAB_EYE_EXAM,2025-07-18,2026-04-18,True,False
MOCK00607,DIAB_EYE_EXAM,2025-07-02,,True,False
MOCK00613,DIAB_EYE_EXAM,2025-07-07,2026-05-12,True,False
MOCK00619,DIAB_EYE_EXAM,2025-07-13,,True,False
MOCK00625,DIAB_EYE_EXAM,2025-07-14,,True,False
MOCK00631,DIAB_EYE_EXAM,2025-07-14,,True,True
MOCK00637,DIAB_EYE_EXAM,2025-07-15,,True,True
MOCK00643,DIAB_EYE_EXAM,2025-07-29,2025-11-15,True,False
MOCK00649,DIAB_EYE_EXAM,2025-07-05,,True,False
MOCK00655,DIAB_EYE_EXAM,2025-07-12,2026-01-09,True,False
MOCK00661,DIAB_EYE_EXAM,2025-07-06,,True,False
MOCK00667,DIAB_EYE_EXAM,2025-07-12,,True,True
MOCK00673,DIAB_EYE_EXAM,2025-07-26,2026-03-10,True,True
MOCK00679,DIAB_EYE_EXAM,2025-07-01,,True,False
MOCK00685,DIAB_EYE_EXAM,2025-07-13,,True,True
MOCK00691,DIAB_EYE_EXAM,2025-06-30,,True,False
MOCK00697,DIAB_EYE_EXAM,2025-08-06,,True,False
MOCK00703,DIAB_EYE_EXAM,2025-07-28,2025-10-31,True,False
MOCK00709,DIAB_EYE_EXAM,2025-07-09,2026-01-24,True,True
MOCK00715,DIAB_EYE_EXAM,2025-07-07,2026-05-21,True,False
MOCK00721,DIAB_EYE_EXAM,2025-07-03,2026-02-23,True,True
MOCK00727,DIAB_EYE_EXAM,2025-07-18,,True,True
MOCK00733,DIAB_EYE_EXAM,2025-07-29,,True,True
MOCK00739,DIAB_EYE_EXAM,2025-07-22,2026-03-26,True,True
MOCK00745,DIAB_EYE_EXAM,2025-08-03,,True,False
MOCK00751,DIAB_EYE_EXAM,2025-07-13,,True,False
MOCK00757,DIAB_EYE_EXAM,2025-07-10,,True,True
MOCK00763,DIAB_EYE_EXAM,2025-07-18,,True,False
MOCK00769,DIAB_EYE_EXAM,2025-07-07,,True,False
MOCK00775,DIAB_EYE_EXAM,2025-08-07,,True,False
MOCK00781,DIAB_EYE_EXAM,2025-07-07,2026-03-31,True,False
MOCK00787,DIAB_EYE_EXAM,2025-07-18,2026-03-31,True,False
MOCK00793,DIAB_EYE_EXAM,2025-07-20,2026-04-09,True,True
MOCK00799,DIAB_EYE_EXAM,2025-07-02,,True,True
MOCK00805,DIAB_EYE_EXAM,2025-07-18,,True,False
MOCK00811,DIAB_EYE_EXAM,2025-07-17,2025-12-28,True,False
MOCK00817,DIAB_EYE_EXAM,2025-07-10,,True,False
MOCK00823,DIAB_EYE_EXAM,2025-07-04,,True,True
MOCK00829,DIAB_EYE_EXAM,2025-07-01,,True,True
MOCK00835,DIAB_EYE_EXAM,2025-06-30,,True,False
MOCK00841,DIAB_EYE_EXAM,2025-07-18,,True,True
MOCK00847,DIAB_EYE_EXAM,2025-07-03,,True,False
MOCK00853,DIAB_EYE_EXAM,2025-08-06,,True,False
MOCK00859,DIAB_EYE_EXAM,2025-07-09,2025-11-22,True,True
MOCK00865,DIAB_EYE_EXAM,2025-07-25,,True,True
MOCK00871,DIAB_EYE_EXAM,2025-07-26,,True,True
MOCK00877,DIAB_EYE_EXAM,2025-07-19,2026-05-22,True,True
MOCK00883,DIAB_EYE_EXAM,2025-08-03,,True,False
MOCK00889,DIAB_EYE_EXAM,2025-07-04,,True,False
MOCK00895,DIAB_EYE_EXAM,2025-07-09,,True,True
MOCK00901,DIAB_EYE_EXAM,2025-07-09,,True,False
MOCK00907,DIAB_EYE_EXAM,2025-07-05,2025-11-12,True,True
MOCK00913,DIAB_EYE_EXAM,2025-07-11,,True,True
MOCK00919,DIAB_EYE_EXAM,2025-07-12,,True,False
MOCK00925,DIAB_EYE_EXAM,2025-07-29,,True,False
MOCK00931,DIAB_EYE_EXAM,2025-07-11,,True,False
MOCK00937,DIAB_EYE_EXAM,2025-08-03,2026-01-23,True,True
MOCK00943,DIAB_EYE_EXAM,2025-07-30,2025-11-05,True,False
MOCK00949,DIAB_EYE_EXAM,2025-08-04,,True,True
MOCK00955,DIAB_EYE_EXAM,2025-07-04,,True,False
MOCK00961,DIAB_EYE_EXAM,2025-08-07,,True,False
MOCK00967,DIAB_EYE_EXAM,2025-07-23,2026-05-26,True,False
MOCK00973,DIAB_EYE_EXAM,2025-08-07,,True,True
MOCK00979,DIAB_EYE_EXAM,2025-07-13,,True,False
MOCK00985,DIAB_EYE_EXAM,2025-08-06,,True,False
MOCK00991,DIAB_EYE_EXAM,2025-07-22,2026-02-07,True,True
MOCK00997,DIAB_EYE_EXAM,2025-07-02,,True,False
MOCK01003,DIAB_EYE_EXAM,2025-07-15,,True,False
MOCK01009,DIAB_EYE_EXAM,2025-07-05,2026-02-27,True,False
MOCK01015,DIAB_EYE_EXAM,2025-08-05,,True,True
MOCK01021,DIAB_EYE_EXAM,2025-07-11,2026-03-25,True,False
MOCK01027,DIAB_EYE_EXAM,2025-07-08,,True,True
MOCK01033,DIAB_EYE_EXAM,2025-07-21,,True,False
MOCK01039,DIAB_EYE_EXAM,2025-07-16,,True,False
MOCK01045,DIAB_EYE_EXAM,2025-07-03,,True,True
MOCK01051,DIAB_EYE_EXAM,2025-07-31,,True,False
MOCK01057,DIAB_EYE_EXAM,2025-08-01,,True,False
MOCK01063,DIAB_EYE_EXAM,2025-07-28,2026-03-26,True,False
MOCK01069,DIAB_EYE_EXAM,2025-07-24,,True,False
MOCK01075,DIAB_EYE_EXAM,2025-07-15,2026-04-04,True,False
MOCK01081,DIAB_EYE_EXAM,2025-07-21,,True,False
MOCK01087,DIAB_EYE_EXAM,2025-07-20,2026-02-17,True,False
MOCK01093,DIAB_EYE_EXAM,2025-07-06,,True,True
MOCK01099,DIAB_EYE_EXAM,2025-07-03,,True,False
MOCK01105,DIAB_EYE_EXAM,2025-07-09,,True,False
MOCK01111,DIAB_EYE_EXAM,2025-07-17,2025-11-27,True,False
MOCK01117,DIAB_EYE_EXAM,2025-07-06,,True,True
MOCK01123,DIAB_EYE_EXAM,2025-07-04,,True,True
MOCK01129,DIAB_EYE_EXAM,2025-08-02,,True,True
MOCK01135,DIAB_EYE_EXAM,2025-07-14,2026-02-10,True,True
MOCK01141,DIAB_EYE_EXAM,2025-07-22,,True,True
MOCK01147,DIAB_EYE_EXAM,2025-07-20,2025-12-02,True,True
MOCK01153,DIAB_EYE_EXAM,2025-07-28,,True,True
MOCK01159,DIAB_EYE_EXAM,2025-07-28,,True,False
MOCK01165,DIAB_EYE_EXAM,2025-07-11,,True,True
MOCK01171,DIAB_EYE_EXAM,2025-08-02,2026-03-23,True,False
MOCK01177,DIAB_EYE_EXAM,2025-07-14,2025-12-22,True,True
MOCK01183,DIAB_EYE_EXAM,2025-08-01,,True,False
MOCK01189,DIAB_EYE_EXAM,2025-07-15,2026-03-04,True,True
MOCK01195,DIAB_EYE_EXAM,2025-07-04,,True,False
MOCK01201,DIAB_EYE_EXAM,2025-07-29,,True,False
MOCK01207,DIAB_EYE_EXAM,2025-07-01,,True,False
MOCK01213,DIAB_EYE_EXAM,2025-07-30,,True,True
MOCK01219,DIAB_EYE_EXAM,2025-07-01,2026-04-28,True,False
MOCK01225,DIAB_EYE_EXAM,2025-07-08,2026-01-25,True,True
MOCK01231,DIAB_EYE_EXAM,2025-07-23,,True,False
MOCK01237,DIAB_EYE_EXAM,2025-08-05,,True,True
MOCK01243,DIAB_EYE_EXAM,2025-07-15,2026-04-03,True,False
MOCK01249,DIAB_EYE_EXAM,2025-07-04,,True,True
MOCK01255,DIAB_EYE_EXAM,2025-07-09,,True,False
MOCK01261,DIAB_EYE_EXAM,2025-08-03,2026-05-06,True,True
MOCK01267,DIAB_EYE_EXAM,2025-07-28,,True,True
MOCK01273,DIAB_EYE_EXAM,2025-07-03,,True,True
MOCK01279,DIAB_EYE_EXAM,2025-07-15,,True,True
MOCK01285,DIAB_EYE_EXAM,2025-07-10,,True,False
MOCK01291,DIAB_EYE_EXAM,2025-07-06,,True,False
MOCK01297,DIAB_EYE_EXAM,2025-08-02,2026-01-09,True,False
MOCK01303,DIAB_EYE_EXAM,2025-07-24,2026-03-27,True,True
MOCK01309,DIAB_EYE_EXAM,2025-07-07,,True,True
MOCK01315,DIAB_EYE_EXAM,2025-07-25,,True,False
MOCK01321,DIAB_EYE_EXAM,2025-07-16,,True,True
MOCK01327,DIAB_EYE_EXAM,2025-07-02,,True,True
MOCK01333,DIAB_EYE_EXAM,2025-07-17,,True,False
MOCK01339,DIAB_EYE_EXAM,2025-07-07,,True,True
MOCK01345,DIAB_EYE_EXAM,2025-07-09,2026-03-22,True,True
MOCK01351,DIAB_EYE_EXAM,2025-08-03,2026-01-31,True,True
MOCK01357,DIAB_EYE_EXAM,2025-07-27,,True,False
MOCK01363,DIAB_EYE_EXAM,2025-07-05,,True,True
MOCK01369,DIAB_EYE_EXAM,2025-08-02,,True,False
MOCK01375,DIAB_EYE_EXAM,2025-07-22,,True,True
MOCK01381,DIAB_EYE_EXAM,2025-08-03,,True,True
MOCK01387,DIAB_EYE_EXAM,2025-07-29,,True,True
MOCK01393,DIAB_EYE_EXAM,2025-07-13,2025-11-19,True,False
MOCK01399,DIAB_EYE_EXAM,2025-07-20,2026-05-03,True,True
MOCK01405,DIAB_EYE_EXAM,2025-07-20,2026-04-17,True,False
MOCK01411,DIAB_EYE_EXAM,2025-07-28,,True,True
MOCK01417,DIAB_EYE_EXAM,2025-07-09,,True,True
MOCK01423,DIAB_EYE_EXAM,2025-07-12,,True,True
MOCK01429,DIAB_EYE_EXAM,2025-07-09,,True,False
MOCK01435,DIAB_EYE_EXAM,2025-07-11,,True,False
MOCK01441,DIAB_EYE_EXAM,2025-07-06,2025-12-21,True,False
MOCK01447,DIAB_EYE_EXAM,2025-07-01,,True,False
MOCK01453,DIAB_EYE_EXAM,2025-08-05,,True,False
MOCK01459,DIAB_EYE_EXAM,2025-07-02,,True,False
MOCK01465,DIAB_EYE_EXAM,2025-08-03,,True,False
MOCK01471,DIAB_EYE_EXAM,2025-06-30,,True,False
MOCK01477,DIAB_EYE_EXAM,2025-07-30,,True,True
MOCK01483,DIAB_EYE_EXAM,2025-07-12,,True,False
MOCK01489,DIAB_EYE_EXAM,2025-07-20,2026-04-25,True,False
MOCK01495,DIAB_EYE_EXAM,2025-07-11,,True,True
MOCK01501,DIAB_EYE_EXAM,2025-07-19,,True,False
MOCK01507,DIAB_EYE_EXAM,2025-07-17,,True,False
MOCK01513,DIAB_EYE_EXAM,2025-07-20,,True,True
MOCK01519,DIAB_EYE_EXAM,2025-07-15,,True,False
MOCK01525,DIAB_EYE_EXAM,2025-07-20,2026-04-20,True,True
MOCK01531,DIAB_EYE_EXAM,2025-08-01,,True,True
MOCK01537,DIAB_EYE_EXAM,2025-07-16,,True,True
MOCK01543,DIAB_EYE_EXAM,2025-07-14,,True,False
MOCK01549,DIAB_EYE_EXAM,2025-07-05,2025-11-24,True,True
MOCK01555,DIAB_EYE_EXAM,2025-07-14,,True,False
MOCK01561,DIAB_EYE_EXAM,2025-07-04,,True,True
MOCK01567,DIAB_EYE_EXAM,2025-07-07,,True,True
MOCK01573,DIAB_EYE_EXAM,2025-08-06,2026-05-19,True,False
MOCK01579,DIAB_EYE_EXAM,2025-07-03,,True,True
MOCK01585,DIAB_EYE_EXAM,2025-07-18,,True,False
MOCK01591,DIAB_EYE_EXAM,2025-08-01,,True,True
MOCK01597,DIAB_EYE_EXAM,2025-08-06,,True,False
MOCK01603,DIAB_EYE_EXAM,2025-07-05,,True,False
MOCK01609,DIAB_EYE_EXAM,2025-07-06,,True,True
MOCK01615,DIAB_EYE_EXAM,2025-07-14,,True,True
MOCK01621,DIAB_EYE_EXAM,2025-07-21,,True,True
MOCK01627,DIAB_EYE_EXAM,2025-08-06,,True,False
MOCK01633,DIAB_EYE_EXAM,2025-07-08,,True,False
MOCK01639,DIAB_EYE_EXAM,2025-07-06,,True,True
MOCK01645,DIAB_EYE_EXAM,2025-07-09,2026-02-28,True,True
MOCK01651,DIAB_EYE_EXAM,2025-08-03,,True,False
MOCK01657,DIAB_EYE_EXAM,2025-07-01,2025-11-28,True,True
MOCK01663,DIAB_EYE_EXAM,2025-07-14,,True,False
MOCK01669,DIAB_EYE_EXAM,2025-07-04,,True,False
MOCK01675,DIAB_EYE_EXAM,2025-07-06,,True,True
MOCK01681,DIAB_EYE_EXAM,2025-08-04,2025-11-19,True,False
MOCK01687,DIAB_EYE_EXAM,2025-06-30,,True,True
MOCK01693,DIAB_EYE_EXAM,2025-07-12,2026-01-27,True,True
MOCK01699,DIAB_EYE_EXAM,2025-08-04,2026-05-12,True,False
MOCK01705,DIAB_EYE_EXAM,2025-07-23,,True,False
MOCK01711,DIAB_EYE_EXAM,2025-07-02,2026-05-12,True,False
MOCK01717,DIAB_EYE_EXAM,2025-07-18,2026-04-11,True,False
MOCK01723,DIAB_EYE_EXAM,2025-08-06,,True,True
MOCK01729,DIAB_EYE_EXAM,2025-07-15,2026-01-24,True,False
MOCK01735,DIAB_EYE_EXAM,2025-07-20,,True,False
MOCK01741,DIAB_EYE_EXAM,2025-07-20,2025-12-10,True,True
MOCK01747,DIAB_EYE_EXAM,2025-07-25,,True,True
MOCK01753,DIAB_EYE_EXAM,2025-07-07,,True,False
MOCK01759,DIAB_EYE_EXAM,2025-08-01,,True,False
MOCK01765,DIAB_EYE_EXAM,2025-08-07,,True,True
MOCK01771,DIAB_EYE_EXAM,2025-07-05,,True,False
MOCK01777,DIAB_EYE_EXAM,2025-07-31,2026-05-11,True,True
MOCK01783,DIAB_EYE_EXAM,2025-07-31,,True,True
MOCK01789,DIAB_EYE_EXAM,2025-07-28,,True,True
MOCK01795,DIAB_EYE_EXAM,2025-07-14,,True,False
MOCK01801,DIAB_EYE_EXAM,2025-07-18,2025-12-28,True,True
MOCK01807,DIAB_EYE_EXAM,2025-08-01,2025-12-22,True,False
MOCK01813,DIAB_EYE_EXAM,2025-07-05,,True,True
MOCK01819,DIAB_EYE_EXAM,2025-08-01,,True,False
MOCK01825,DIAB_EYE_EXAM,2025-08-04,2026-05-09,True,False
MOCK01831,DIAB_EYE_EXAM,2025-07-26,,True,True
MOCK01837,DIAB_EYE_EXAM,2025-07-13,2026-03-19,True,False
MOCK01843,DIAB_EYE_EXAM,2025-07-21,,True,True
MOCK01849,DIAB_EYE_EXAM,2025-07-01,2025-12-17,True,True
MOCK01855,DIAB_EYE_EXAM,2025-08-05,,True,False
MOCK01861,DIAB_EYE_EXAM,2025-07-13,2026-03-28,True,False
MOCK01867,DIAB_EYE_EXAM,2025-07-02,,True,True
MOCK01873,DIAB_EYE_EXAM,2025-07-30,2025-12-14,True,False
MOCK01879,DIAB_EYE_EXAM,2025-07-25,,True,True
MOCK01885,DIAB_EYE_EXAM,2025-07-24,,True,False
MOCK01891,DIAB_EYE_EXAM,2025-07-02,2026-02-09,True,False
MOCK01897,DIAB_EYE_EXAM,2025-07-29,,True,False
MOCK01903,DIAB_EYE_EXAM,2025-07-24,,True,False
MOCK01909,DIAB_EYE_EXAM,2025-07-30,,True,False
MOCK01915,DIAB_EYE_EXAM,2025-08-01,,True,False
MOCK01921,DIAB_EYE_EXAM,2025-07-08,,True,True
MOCK01927,DIAB_EYE_EXAM,2025-07-08,,True,True
MOCK01933,DIAB_EYE_EXAM,2025-08-05,2025-12-24,True,False
MOCK01939,DIAB_EYE_EXAM,2025-07-20,,True,True
MOCK01945,DIAB_EYE_EXAM,2025-07-17,2025-12-11,True,False
MOCK01951,DIAB_EYE_EXAM,2025-07-11,,True,True
MOCK01957,DIAB_EYE_EXAM,2025-07-24,,True,False
MOCK01963,DIAB_EYE_EXAM,2025-07-29,2026-04-09,True,True
MOCK01969,DIAB_EYE_EXAM,2025-06-30,,True,False
MOCK01975,DIAB_EYE_EXAM,2025-07-21,2026-05-19,True,False
MOCK01981,DIAB_EYE_EXAM,2025-08-07,2026-03-31,True,True
MOCK01987,DIAB_EYE_EXAM,2025-07-10,,True,False
MOCK01993,DIAB_EYE_EXAM,2025-07-10,,True,False
MOCK01999,DIAB_EYE_EXAM,2025-08-03,,True,True
MOCK02005,DIAB_EYE_EXAM,2025-07-02,2026-03-01,True,True
MOCK02011,DIAB_EYE_EXAM,2025-07-15,,True,False
MOCK02017,DIAB_EYE_EXAM,2025-07-17,2026-04-07,True,False
MOCK02023,DIAB_EYE_EXAM,2025-07-31,2025-11-21,True,True
MOCK02029,DIAB_EYE_EXAM,2025-07-05,,True,False
MOCK02035,DIAB_EYE_EXAM,2025-07-16,,True,True
MOCK02041,DIAB_EYE_EXAM,2025-07-05,,True,True
MOCK02047,DIAB_EYE_EXAM,2025-07-30,2025-10-30,True,False
MOCK02053,DIAB_EYE_EXAM,2025-07-24,,True,True
MOCK02059,DIAB_EYE_EXAM,2025-07-19,,True,True
MOCK02065,DIAB_EYE_EXAM,2025-07-15,,True,False
MOCK02071,DIAB_EYE_EXAM,2025-07-05,,True,True
MOCK02077,DIAB_EYE_EXAM,2025-08-04,,True,True
MOCK02083,DIAB_EYE_EXAM,2025-07-25,,True,False
MOCK02089,DIAB_EYE_EXAM,2025-07-12,,True,False
MOCK02095,DIAB_EYE_EXAM,2025-07-16,,True,False
MOCK02101,DIAB_EYE_EXAM,2025-07-28,,True,False
MOCK02107,DIAB_EYE_EXAM,2025-07-28,,True,False
MOCK02113,DIAB_EYE_EXAM,2025-07-17,2025-11-11,True,True
MOCK02119,DIAB_EYE_EXAM,2025-07-11,,True,False
MOCK02125,DIAB_EYE_EXAM,2025-07-25,,True,True
MOCK02131,DIAB_EYE_EXAM,2025-07-25,2026-05-10,True,True
MOCK02137,DIAB_EYE_EXAM,2025-07-23,,True,False
MOCK02143,DIAB_EYE_EXAM,2025-07-02,2025-12-10,True,False
MOCK02149,DIAB_EYE_EXAM,2025-07-18,2026-03-15,True,False
MOCK02155,DIAB_EYE_EXAM,2025-07-23,2026-01-14,True,True
MOCK02161,DIAB_EYE_EXAM,2025-08-06,,True,True
MOCK02167,DIAB_EYE_EXAM,2025-07-20,,True,False
MOCK02173,DIAB_EYE_EXAM,2025-07-13,2025-12-02,True,False
MOCK02179,DIAB_EYE_EXAM,2025-07-21,,True,False
MOCK02185,DIAB_EYE_EXAM,2025-07-06,,True,True
MOCK02191,DIAB_EYE_EXAM,2025-07-03,,True,True
MOCK02197,DIAB_EYE_EXAM,2025-07-26,,True,False
MOCK02203,DIAB_EYE_EXAM,2025-08-07,,True,False
MOCK02209,DIAB_EYE_EXAM,2025-08-01,,True,True
MOCK02215,DIAB_EYE_EXAM,2025-07-22,2025-11-23,True,True
MOCK02221,DIAB_EYE_EXAM,2025-07-01,,True,True
MOCK02227,DIAB_EYE_EXAM,2025-08-07,2026-04-24,True,True
MOCK02233,DIAB_EYE_EXAM,2025-07-17,,True,False
MOCK02239,DIAB_EYE_EXAM,2025-07-11,,True,True
MOCK02245,DIAB_EYE_EXAM,2025-08-03,2026-02-22,True,False
MOCK02251,DIAB_EYE_EXAM,2025-07-29,,True,False
MOCK02257,DIAB_EYE_EXAM,2025-07-29,,True,False
MOCK02263,DIAB_EYE_EXAM,2025-07-10,,True,False
MOCK02269,DIAB_EYE_EXAM,2025-08-07,,True,True
MOCK02275,DIAB_EYE_EXAM,2025-07-17,,True,True
MOCK02281,DIAB_EYE_EXAM,2025-07-20,,True,True
MOCK02287,DIAB_EYE_EXAM,2025-07-29,2026-02-21,True,False
MOCK02293,DIAB_EYE_EXAM,2025-07-25,,True,True
MOCK02299,DIAB_EYE_EXAM,2025-07-06,,True,True
MOCK02305,DIAB_EYE_EXAM,2025-07-11,,True,True
MOCK02311,DIAB_EYE_EXAM,2025-07-14,,True,True
MOCK02317,DIAB_EYE_EXAM,2025-08-05,,True,False
MOCK02323,DIAB_EYE_EXAM,2025-07-27,,True,False
MOCK02329,DIAB_EYE_EXAM,2025-07-14,2026-01-30,True,False
MOCK02335,DIAB_EYE_EXAM,2025-07-28,2026-04-27,True,False
MOCK02341,DIAB_EYE_EXAM,2025-07-28,2026-05-06,True,True
MOCK02347,DIAB_EYE_EXAM,2025-07-15,,True,True
MOCK02353,DIAB_EYE_EXAM,2025-07-15,2026-05-01,True,True
MOCK02359,DIAB_EYE_EXAM,2025-08-03,,True,False
MOCK02365,DIAB_EYE_EXAM,2025-07-21,,True,False
MOCK02371,DIAB_EYE_EXAM,2025-07-05,2025-11-05,True,True
MOCK02377,DIAB_EYE_EXAM,2025-07-28,,True,False
MOCK02383,DIAB_EYE_EXAM,2025-07-22,,True,True
MOCK02389,DIAB_EYE_EXAM,2025-07-19,,True,True
MOCK02395,DIAB_EYE_EXAM,2025-07-28,,True,False
MOCK02401,DIAB_EYE_EXAM,2025-08-04,,True,False
MOCK02407,DIAB_EYE_EXAM,2025-07-12,,True,False
MOCK02413,DIAB_EYE_EXAM,2025-07-16,,True,False
MOCK02419,DIAB_EYE_EXAM,2025-07-07,,True,True
MOCK02425,DIAB_EYE_EXAM,2025-07-25,,True,False
MOCK02431,DIAB_EYE_EXAM,2025-07-15,2026-02-25,True,False
MOCK02437,DIAB_EYE_EXAM,2025-07-13,,True,False
MOCK02443,DIAB_EYE_EXAM,2025-07-27,,True,True
MOCK02449,DIAB_EYE_EXAM,2025-07-15,,True,False
MOCK02455,DIAB_EYE_EXAM,2025-07-18,2026-04-09,True,True
MOCK02461,DIAB_EYE_EXAM,2025-07-17,,True,True
MOCK02467,DIAB_EYE_EXAM,2025-07-10,2026-05-13,True,False
MOCK02473,DIAB_EYE_EXAM,2025-07-04,,True,False
MOCK02479,DIAB_EYE_EXAM,2025-08-01,,True,False
MOCK02485,DIAB_EYE_EXAM,2025-07-03,2026-02-26,True,False
MOCK02491,DIAB_EYE_EXAM,2025-07-12,,True,True
MOCK02497,DIAB_EYE_EXAM,2025-07-26,,True,False
MOCK02503,DIAB_EYE_EXAM,2025-07-05,,True,True
MOCK02509,DIAB_EYE_EXAM,2025-07-25,,True,False
MOCK02515,DIAB_EYE_EXAM,2025-07-28,,True,True
MOCK02521,DIAB_EYE_EXAM,2025-07-25,,True,False
MOCK02527,DIAB_EYE_EXAM,2025-07-11,2025-12-05,True,False
MOCK02533,DIAB_EYE_EXAM,2025-06-30,2026-02-16,True,False
MOCK02539,DIAB_EYE_EXAM,2025-08-03,,True,True
MOCK02545,DIAB_EYE_EXAM,2025-07-12,,True,True
MOCK02551,DIAB_EYE_EXAM,2025-07-31,,True,True
MOCK02557,DIAB_EYE_EXAM,2025-07-07,,True,True
MOCK02563,DIAB_EYE_EXAM,2025-07-06,,True,False
MOCK02569,DIAB_EYE_EXAM,2025-07-30,,True,True
MOCK02575,DIAB_EYE_EXAM,2025-08-05,,True,False
MOCK02581,DIAB_EYE_EXAM,2025-08-02,2026-02-15,True,True
MOCK02587,DIAB_EYE_EXAM,2025-07-29,2026-03-15,True,True
MOCK02593,DIAB_EYE_EXAM,2025-07-09,,True,False
MOCK02599,DIAB_EYE_EXAM,2025-08-04,,True,True
MOCK02605,DIAB_EYE_EXAM,2025-07-26,,True,True
MOCK02611,DIAB_EYE_EXAM,2025-07-06,2025-11-12,True,True
MOCK02617,DIAB_EYE_EXAM,2025-07-05,,True,True
MOCK02623,DIAB_EYE_EXAM,2025-08-02,,True,False
MOCK02629,DIAB_EYE_EXAM,2025-07-10,2025-11-30,True,True
MOCK02635,DIAB_EYE_EXAM,2025-07-29,2026-01-21,True,True
MOCK02641,DIAB_EYE_EXAM,2025-07-05,,True,False
MOCK02647,DIAB_EYE_EXAM,2025-07-10,,True,False
MOCK02653,DIAB_EYE_EXAM,2025-07-11,,True,False
MOCK02659,DIAB_EYE_EXAM,2025-07-10,2025-12-29,True,True
MOCK02665,DIAB_EYE_EXAM,2025-07-26,,True,False
MOCK02671,DIAB_EYE_EXAM,2025-08-04,,True,True
MOCK02677,DIAB_EYE_EXAM,2025-08-04,,True,True
MOCK02683,DIAB_EYE_EXAM,2025-07-28,,True,False
MOCK02689,DIAB_EYE_EXAM,2025-07-07,,True,False
MOCK02695,DIAB_EYE_EXAM,2025-08-06,,True,False
MOCK02701,DIAB_EYE_EXAM,2025-07-21,,True,False
MOCK02707,DIAB_EYE_EXAM,2025-07-21,,True,True
MOCK02713,DIAB_EYE_EXAM,2025-07-27,,True,False
MOCK02719,DIAB_EYE_EXAM,2025-07-29,,True,False
MOCK02725,DIAB_EYE_EXAM,2025-08-06,,True,True
MOCK02731,DIAB_EYE_EXAM,2025-07-22,2026-01-31,True,True
MOCK02737,DIAB_EYE_EXAM,2025-07-23,2025-11-10,True,True
MOCK02743,DIAB_EYE_EXAM,2025-07-29,,True,False
MOCK02749,DIAB_EYE_EXAM,2025-07-09,,True,True
MOCK02755,DIAB_EYE_EXAM,2025-07-12,,True,True
MOCK02761,DIAB_EYE_EXAM,2025-07-24,,True,False
MOCK02767,DIAB_EYE_EXAM,2025-07-02,,True,False
MOCK02773,DIAB_EYE_EXAM,2025-07-12,2025-12-20,True,True
MOCK02779,DIAB_EYE_EXAM,2025-07-28,,True,False
MOCK02785,DIAB_EYE_EXAM,2025-08-07,2026-04-28,True,False
MOCK02791,DIAB_EYE_EXAM,2025-07-20,,True,False
MOCK02797,DIAB_EYE_EXAM,2025-07-15,,True,True
MOCK02803,DIAB_EYE_EXAM,2025-07-17,2026-04-09,True,True
MOCK02809,DIAB_EYE_EXAM,2025-07-26,,True,False
MOCK02815,DIAB_EYE_EXAM,2025-07-21,,True,True
MOCK02821,DIAB_EYE_EXAM,2025-06-30,,True,False
MOCK02827,DIAB_EYE_EXAM,2025-07-21,,True,True
MOCK02833,DIAB_EYE_EXAM,2025-07-15,2026-05-07,True,False
MOCK02839,DIAB_EYE_EXAM,2025-07-27,,True,False
MOCK02845,DIAB_EYE_EXAM,2025-08-03,,True,False
MOCK02851,DIAB_EYE_EXAM,2025-08-06,,True,False
MOCK02857,DIAB_EYE_EXAM,2025-07-23,2025-11-03,True,False
MOCK02863,DIAB_EYE_EXAM,2025-07-14,2025-11-26,True,True
MOCK02869,DIAB_EYE_EXAM,2025-07-17,,True,True
MOCK02875,DIAB_EYE_EXAM,2025-07-06,2026-03-27,True,False
MOCK02881,DIAB_EYE_EXAM,2025-08-05,,True,False
MOCK02887,DIAB_EYE_EXAM,2025-08-02,,True,False
MOCK02893,DIAB_EYE_EXAM,2025-08-02,,True,False
MOCK02899,DIAB_EYE_EXAM,2025-07-12,,True,True
MOCK02905,DIAB_EYE_EXAM,2025-07-12,2026-01-10,True,False
MOCK02911,DIAB_EYE_EXAM,2025-08-02,2026-03-07,True,False
MOCK02917,DIAB_EYE_EXAM,2025-07-21,2025-11-04,True,False
MOCK02923,DIAB_EYE_EXAM,2025-07-27,,True,False
MOCK02929,DIAB_EYE_EXAM,2025-07-19,,True,False
MOCK02935,DIAB_EYE_EXAM,2025-07-17,2025-10-31,True,False
MOCK02941,DIAB_EYE_EXAM,2025-07-24,,True,True
MOCK02947,DIAB_EYE_EXAM,2025-07-31,,True,False
MOCK02953,DIAB_EYE_EXAM,2025-07-13,2025-12-04,True,True
MOCK02959,DIAB_EYE_EXAM,2025-07-31,2026-02-23,True,True
MOCK02965,DIAB_EYE_EXAM,2025-07-09,,True,True
MOCK02971,DIAB_EYE_EXAM,2025-07-15,,True,False
MOCK02977,DIAB_EYE_EXAM,2025-08-04,,True,True
MOCK02983,DIAB_EYE_EXAM,2025-08-06,,True,False
MOCK02989,DIAB_EYE_EXAM,2025-08-05,,True,False
MOCK02995,DIAB_EYE_EXAM,2025-07-12,2025-11-15,True,False
MOCK03001,DIAB_EYE_EXAM,2025-08-01,,True,True
MOCK03007,DIAB_EYE_EXAM,2025-08-05,2026-01-24,True,True
MOCK03013,DIAB_EYE_EXAM,2025-08-07,2026-01-30,True,False
MOCK03019,DIAB_EYE_EXAM,2025-06-30,,True,False
MOCK03025,DIAB_EYE_EXAM,2025-07-29,,True,False
MOCK03031,DIAB_EYE_EXAM,2025-08-07,,True,False
MOCK03037,DIAB_EYE_EXAM,2025-07-29,2026-02-22,True,False
MOCK03043,DIAB_EYE_EXAM,2025-07-09,,True,False
MOCK03049,DIAB_EYE_EXAM,2025-07-29,,True,False
MOCK03055,DIAB_EYE_EXAM,2025-07-04,2026-03-10,True,False
MOCK03061,DIAB_EYE_EXAM,2025-07-18,,True,False
MOCK03067,DIAB_EYE_EXAM,2025-07-24,,True,True
MOCK03073,DIAB_EYE_EXAM,2025-07-17,,True,True
MOCK03079,DIAB_EYE_EXAM,2025-07-27,,True,True
MOCK03085,DIAB_EYE_EXAM,2025-07-09,,True,False
MOCK03091,DIAB_EYE_EXAM,2025-07-23,,True,False
MOCK03097,DIAB_EYE_EXAM,2025-07-25,,True,True
MOCK03103,DIAB_EYE_EXAM,2025-07-24,,True,False
MOCK03109,DIAB_EYE_EXAM,2025-07-11,2025-12-26,True,True
MOCK03115,DIAB_EYE_EXAM,2025-07-11,,True,True
MOCK03121,DIAB_EYE_EXAM,2025-07-10,,True,False
MOCK03127,DIAB_EYE_EXAM,2025-07-18,,True,True
MOCK03133,DIAB_EYE_EXAM,2025-07-22,,True,True
MOCK03139,DIAB_EYE_EXAM,2025-07-14,,True,False
MOCK03145,DIAB_EYE_EXAM,2025-07-15,,True,True
MOCK03151,DIAB_EYE_EXAM,2025-07-11,,True,False
MOCK03157,DIAB_EYE_EXAM,2025-07-08,,True,False
MOCK03163,DIAB_EYE_EXAM,2025-07-25,,True,False
MOCK03169,DIAB_EYE_EXAM,2025-07-31,,True,False
MOCK03175,DIAB_EYE_EXAM,2025-07-11,,True,True
MOCK03181,DIAB_EYE_EXAM,2025-08-02,,True,False
MOCK03187,DIAB_EYE_EXAM,2025-07-22,,True,True
MOCK03193,DIAB_EYE_EXAM,2025-07-06,2026-04-12,True,True
MOCK03199,DIAB_EYE_EXAM,2025-07-14,2026-01-16,True,False
MOCK03205,DIAB_EYE_EXAM,2025-06-30,,True,True
MOCK03211,DIAB_EYE_EXAM,2025-07-01,2026-03-25,True,False
MOCK03217,DIAB_EYE_EXAM,2025-07-13,,True,True
MOCK03223,DIAB_EYE_EXAM,2025-07-17,,True,False
MOCK03229,DIAB_EYE_EXAM,2025-07-31,,True,True
MOCK03235,DIAB_EYE_EXAM,2025-07-05,2026-01-28,True,True
MOCK03241,DIAB_EYE_EXAM,2025-08-01,,True,False
MOCK03247,DIAB_EYE_EXAM,2025-07-09,2026-03-01,True,False
MOCK03253,DIAB_EYE_EXAM,2025-07-05,,True,False
MOCK03259,DIAB_EYE_EXAM,2025-07-27,2025-11-02,True,True
MOCK03265,DIAB_EYE_EXAM,2025-07-30,2026-04-24,True,False
MOCK03271,DIAB_EYE_EXAM,2025-07-23,2026-03-16,True,False
MOCK03277,DIAB_EYE_EXAM,2025-07-04,,True,False
MOCK03283,DIAB_EYE_EXAM,2025-07-04,2026-03-01,True,False
MOCK03289,DIAB_EYE_EXAM,2025-07-15,2025-11-25,True,True
MOCK03295,DIAB_EYE_EXAM,2025-07-17,,True,False
MOCK03301,DIAB_EYE_EXAM,2025-08-07,,True,False
MOCK03307,DIAB_EYE_EXAM,2025-07-11,2026-02-10,True,False
MOCK03313,DIAB_EYE_EXAM,2025-07-07,,True,False
MOCK03319,DIAB_EYE_EXAM,2025-08-05,2025-12-08,True,False
MOCK03325,DIAB_EYE_EXAM,2025-07-06,,True,False
MOCK03331,DIAB_EYE_EXAM,2025-07-01,,True,True
MOCK03337,DIAB_EYE_EXAM,2025-07-16,,True,False
MOCK03343,DIAB_EYE_EXAM,2025-07-15,,True,False
MOCK03349,DIAB_EYE_EXAM,2025-07-24,2026-01-30,True,False
MOCK03355,DIAB_EYE_EXAM,2025-08-03,2025-12-10,True,True
MOCK03361,DIAB_EYE_EXAM,2025-08-05,2025-11-30,True,False
MOCK03367,DIAB_EYE_EXAM,2025-07-11,,True,False
MOCK03373,DIAB_EYE_EXAM,2025-08-07,,True,False
MOCK03379,DIAB_EYE_EXAM,2025-07-24,,True,True
MOCK03385,DIAB_EYE_EXAM,2025-07-02,,True,True
MOCK03391,DIAB_EYE_EXAM,2025-08-05,,True,True
MOCK03397,DIAB_EYE_EXAM,2025-07-05,,True,True
MOCK03403,DIAB_EYE_EXAM,2025-07-22,2026-01-04,True,False
MOCK03409,DIAB_EYE_EXAM,2025-07-30,,True,True
MOCK03415,DIAB_EYE_EXAM,2025-07-09,,True,False
MOCK03421,DIAB_EYE_EXAM,2025-07-10,,True,True
MOCK03427,DIAB_EYE_EXAM,2025-07-18,,True,True
MOCK03433,DIAB_EYE_EXAM,2025-08-03,,True,False
MOCK03439,DIAB_EYE_EXAM,2025-07-08,,True,False
MOCK03445,DIAB_EYE_EXAM,2025-07-25,,True,True
MOCK03451,DIAB_EYE_EXAM,2025-07-17,,True,True
MOCK03457,DIAB_EYE_EXAM,2025-07-04,2026-04-04,True,False
MOCK03463,DIAB_EYE_EXAM,2025-07-27,,True,False
MOCK03469,DIAB_EYE_EXAM,2025-08-01,2025-11-11,True,True
MOCK03475,DIAB_EYE_EXAM,2025-07-22,2025-12-30,True,False
MOCK03481,DIAB_EYE_EXAM,2025-07-06,,True,True
MOCK03487,DIAB_EYE_EXAM,2025-07-06,,True,False
MOCK03493,DIAB_EYE_EXAM,2025-07-16,,True,True
MOCK03499,DIAB_EYE_EXAM,2025-07-19,,True,False
MOCK03505,DIAB_EYE_EXAM,2025-07-21,,True,False
MOCK03511,DIAB_EYE_EXAM,2025-07-09,2026-01-19,True,True
MOCK03517,DIAB_EYE_EXAM,2025-07-19,2026-01-10,True,False
MOCK03523,DIAB_EYE_EXAM,2025-07-11,,True,True
MOCK03529,DIAB_EYE_EXAM,2025-07-26,,True,True
MOCK03535,DIAB_EYE_EXAM,2025-07-31,,True,True
MOCK03541,DIAB_EYE_EXAM,2025-07-25,,True,True
MOCK03547,DIAB_EYE_EXAM,2025-06-30,,True,False
MOCK03553,DIAB_EYE_EXAM,2025-08-07,,True,True
MOCK03559,DIAB_EYE_EXAM,2025-06-30,,True,False
MOCK03565,DIAB_EYE_EXAM,2025-08-07,2026-05-10,True,True
MOCK03571,DIAB_EYE_EXAM,2025-07-01,,True,False
MOCK03577,DIAB_EYE_EXAM,2025-07-20,2026-05-02,True,False
MOCK03583,DIAB_EYE_EXAM,2025-07-04,2026-02-12,True,False
MOCK03589,DIAB_EYE_EXAM,2025-07-03,,True,True
MOCK03595,DIAB_EYE_EXAM,2025-07-26,,True,True
MOCK03601,DIAB_EYE_EXAM,2025-07-28,,True,False
MOCK03607,DIAB_EYE_EXAM,2025-07-04,2025-12-15,True,False
MOCK03613,DIAB_EYE_EXAM,2025-08-07,,True,False
MOCK03619,DIAB_EYE_EXAM,2025-07-12,,True,True
MOCK03625,DIAB_EYE_EXAM,2025-07-12,2026-02-11,True,True
MOCK03631,DIAB_EYE_EXAM,2025-07-11,,True,False
MOCK03637,DIAB_EYE_EXAM,2025-07-17,,True,False
MOCK03643,DIAB_EYE_EXAM,2025-07-06,,True,False
MOCK03649,DIAB_EYE_EXAM,2025-07-16,,True,True
MOCK03655,DIAB_EYE_EXAM,2025-07-08,,True,True
MOCK03661,DIAB_EYE_EXAM,2025-07-02,,True,False
MOCK03667,DIAB_EYE_EXAM,2025-07-14,2026-04-12,True,False
MOCK03673,DIAB_EYE_EXAM,2025-07-26,,True,True
MOCK03679,DIAB_EYE_EXAM,2025-07-29,,True,False
MOCK03685,DIAB_EYE_EXAM,2025-07-13,,True,False
MOCK03691,DIAB_EYE_EXAM,2025-07-12,,True,True
MOCK03697,DIAB_EYE_EXAM,2025-07-30,,True,True
MOCK03703,DIAB_EYE_EXAM,2025-07-26,,True,False
MOCK03709,DIAB_EYE_EXAM,2025-08-01,,True,True
MOCK03715,DIAB_EYE_EXAM,2025-08-04,,True,False
MOCK03721,DIAB_EYE_EXAM,2025-08-01,,True,False
MOCK03727,DIAB_EYE_EXAM,2025-08-05,,True,True
MOCK03733,DIAB_EYE_EXAM,2025-07-16,2026-04-09,True,False
MOCK03739,DIAB_EYE_EXAM,2025-07-15,,True,True
MOCK03745,DIAB_EYE_EXAM,2025-07-12,2026-05-21,True,True
MOCK03751,DIAB_EYE_EXAM,2025-07-09,,True,False
MOCK03757,DIAB_EYE_EXAM,2025-07-29,,True,False
MOCK03763,DIAB_EYE_EXAM,2025-07-27,,True,True
MOCK03769,DIAB_EYE_EXAM,2025-07-31,,True,False
MOCK03775,DIAB_EYE_EXAM,2025-07-06,,True,False
MOCK03781,DIAB_EYE_EXAM,2025-07-19,2025-11-26,True,False
MOCK03787,DIAB_EYE_EXAM,2025-07-08,,True,False
MOCK03793,DIAB_EYE_EXAM,2025-08-03,2026-05-10,True,True
MOCK03799,DIAB_EYE_EXAM,2025-07-10,2025-11-21,True,True
MOCK03805,DIAB_EYE_EXAM,2025-07-05,2026-05-13,True,False
MOCK03811,DIAB_EYE_EXAM,2025-07-22,,True,True
MOCK03817,DIAB_EYE_EXAM,2025-08-03,2025-11-14,True,False
MOCK03823,DIAB_EYE_EXAM,2025-08-04,,True,True
MOCK03829,DIAB_EYE_EXAM,2025-07-03,,True,True
MOCK03835,DIAB_EYE_EXAM,2025-07-12,,True,True
MOCK03841,DIAB_EYE_EXAM,2025-07-05,,True,True
MOCK03847,DIAB_EYE_EXAM,2025-07-12,,True,True
MOCK03853,DIAB_EYE_EXAM,2025-07-20,,True,False
MOCK03859,DIAB_EYE_EXAM,2025-07-10,,True,False
MOCK03865,DIAB_EYE_EXAM,2025-07-02,,True,True
MOCK03871,DIAB_EYE_EXAM,2025-07-19,,True,True
MOCK03877,DIAB_EYE_EXAM,2025-07-02,,True,False
MOCK03883,DIAB_EYE_EXAM,2025-07-08,,True,True
MOCK03889,DIAB_EYE_EXAM,2025-06-30,,True,False
MOCK03895,DIAB_EYE_EXAM,2025-07-03,2026-01-03,True,False
MOCK03901,DIAB_EYE_EXAM,2025-07-17,,True,False
MOCK03907,DIAB_EYE_EXAM,2025-08-02,,True,False
MOCK03913,DIAB_EYE_EXAM,2025-07-30,2026-05-24,True,False
MOCK03919,DIAB_EYE_EXAM,2025-07-03,2026-05-16,True,False
MOCK03925,DIAB_EYE_EXAM,2025-07-01,,True,False
MOCK03931,DIAB_EYE_EXAM,2025-07-13,,True,True
MOCK03937,DIAB_EYE_EXAM,2025-07-25,2026-02-09,True,True
MOCK03943,DIAB_EYE_EXAM,2025-07-29,,True,True
MOCK03949,DIAB_EYE_EXAM,2025-08-01,,True,True
MOCK03955,DIAB_EYE_EXAM,2025-07-13,,True,False
MOCK03961,DIAB_EYE_EXAM,2025-07-06,,True,True
MOCK03967,DIAB_EYE_EXAM,2025-07-01,,True,True
MOCK03973,DIAB_EYE_EXAM,2025-07-05,,True,True
MOCK03979,DIAB_EYE_EXAM,2025-07-02,,True,False
MOCK03985,DIAB_EYE_EXAM,2025-08-02,2025-12-08,True,False
MOCK03991,DIAB_EYE_EXAM,2025-07-10,,True,False
MOCK03997,DIAB_EYE_EXAM,2025-08-01,,True,True
MOCK04003,DIAB_EYE_EXAM,2025-07-21,,True,True
MOCK04009,DIAB_EYE_EXAM,2025-07-21,2026-01-24,True,False
MOCK04015,DIAB_EYE_EXAM,2025-07-17,,True,False
MOCK04021,DIAB_EYE_EXAM,2025-07-31,,True,False
MOCK04027,DIAB_EYE_EXAM,2025-07-01,2026-05-14,True,False
MOCK04033,DIAB_EYE_EXAM,2025-07-03,2025-12-18,True,True
MOCK04039,DIAB_EYE_EXAM,2025-07-16,,True,False
MOCK04045,DIAB_EYE_EXAM,2025-07-15,2025-11-02,True,False
MOCK04051,DIAB_EYE_EXAM,2025-07-21,2026-02-08,True,False
MOCK04057,DIAB_EYE_EXAM,2025-07-28,,True,False
MOCK04063,DIAB_EYE_EXAM,2025-07-22,,True,True
MOCK04069,DIAB_EYE_EXAM,2025-07-10,,True,True
MOCK04075,DIAB_EYE_EXAM,2025-07-12,2025-12-23,True,False
MOCK04081,DIAB_EYE_EXAM,2025-07-29,2026-03-15,True,False
MOCK04087,DIAB_EYE_EXAM,2025-07-07,,True,True
MOCK04093,DIAB_EYE_EXAM,2025-07-19,,True,True
MOCK04099,DIAB_EYE_EXAM,2025-07-21,,True,False
MOCK04105,DIAB_EYE_EXAM,2025-07-29,,True,True
MOCK04111,DIAB_EYE_EXAM,2025-07-27,,True,True
MOCK04117,DIAB_EYE_EXAM,2025-07-18,2026-01-06,True,False
MOCK04123,DIAB_EYE_EXAM,2025-07-12,,True,False
MOCK04129,DIAB_EYE_EXAM,2025-07-14,,True,False
MOCK04135,DIAB_EYE_EXAM,2025-07-16,,True,False
MOCK04141,DIAB_EYE_EXAM,2025-07-08,,True,True
MOCK04147,DIAB_EYE_EXAM,2025-07-24,2026-05-24,True,False
MOCK04153,DIAB_EYE_EXAM,2025-07-08,,True,False
MOCK04159,DIAB_EYE_EXAM,2025-07-25,,True,False
MOCK04165,DIAB_EYE_EXAM,2025-07-29,2025-11-27,True,False
MOCK04171,DIAB_EYE_EXAM,2025-08-06,2025-12-08,True,True
MOCK04177,DIAB_EYE_EXAM,2025-07-04,,True,True
MOCK04183,DIAB_EYE_EXAM,2025-07-29,,True,True
MOCK04189,DIAB_EYE_EXAM,2025-07-03,2026-04-01,True,True
MOCK04195,DIAB_EYE_EXAM,2025-07-13,,True,False
MOCK04201,DIAB_EYE_EXAM,2025-07-06,,True,True
MOCK04207,DIAB_EYE_EXAM,2025-07-06,2025-11-04,True,False
MOCK04213,DIAB_EYE_EXAM,2025-07-06,,True,True
MOCK04219,DIAB_EYE_EXAM,2025-07-01,,True,True
MOCK04225,DIAB_EYE_EXAM,2025-08-01,,True,True
MOCK04231,DIAB_EYE_EXAM,2025-07-02,,True,True
MOCK04237,DIAB_EYE_EXAM,2025-07-15,,True,False
MOCK04243,DIAB_EYE_EXAM,2025-07-27,2026-04-06,True,False
MOCK04249,DIAB_EYE_EXAM,2025-08-07,,True,True
MOCK04255,DIAB_EYE_EXAM,2025-08-02,,True,False
MOCK04261,DIAB_EYE_EXAM,2025-07-05,2026-02-12,True,False
MOCK04267,DIAB_EYE_EXAM,2025-08-07,2026-05-09,True,False
MOCK04273,DIAB_EYE_EXAM,2025-07-25,,True,True
MOCK04279,DIAB_EYE_EXAM,2025-07-07,,True,True
MOCK04285,DIAB_EYE_EXAM,2025-07-17,,True,False
MOCK04291,DIAB_EYE_EXAM,2025-08-04,2026-01-03,True,False
MOCK04297,DIAB_EYE_EXAM,2025-07-15,,True,True
MOCK04303,DIAB_EYE_EXAM,2025-07-07,2026-05-09,True,False
MOCK04309,DIAB_EYE_EXAM,2025-08-03,,True,True
MOCK04315,DIAB_EYE_EXAM,2025-08-06,,True,False
MOCK04321,DIAB_EYE_EXAM,2025-08-07,2026-03-12,True,True
MOCK04327,DIAB_EYE_EXAM,2025-08-06,,True,False
MOCK04333,DIAB_EYE_EXAM,2025-08-03,,True,True
MOCK04339,DIAB_EYE_EXAM,2025-07-17,,True,True
MOCK04345,DIAB_EYE_EXAM,2025-07-07,,True,False
MOCK04351,DIAB_EYE_EXAM,2025-07-24,,True,True
MOCK04357,DIAB_EYE_EXAM,2025-07-08,,True,False
MOCK04363,DIAB_EYE_EXAM,2025-07-18,,True,False
MOCK04369,DIAB_EYE_EXAM,2025-07-25,2026-05-26,True,True
MOCK04375,DIAB_EYE_EXAM,2025-08-05,,True,True
MOCK04381,DIAB_EYE_EXAM,2025-07-11,2025-12-05,True,False
MOCK04387,DIAB_EYE_EXAM,2025-07-09,,True,False
MOCK04393,DIAB_EYE_EXAM,2025-07-28,,True,False
MOCK04399,DIAB_EYE_EXAM,2025-06-30,,True,True
MOCK04405,DIAB_EYE_EXAM,2025-07-22,,True,False
MOCK04411,DIAB_EYE_EXAM,2025-07-29,,True,False
MOCK04417,DIAB_EYE_EXAM,2025-07-21,,True,False
MOCK04423,DIAB_EYE_EXAM,2025-07-14,,True,True
MOCK04429,DIAB_EYE_EXAM,2025-08-01,2026-02-23,True,True
MOCK04435,DIAB_EYE_EXAM,2025-07-14,,True,False
MOCK04441,DIAB_EYE_EXAM,2025-07-27,,True,False
MOCK04447,DIAB_EYE_EXAM,2025-07-18,2026-05-21,True,True
MOCK04453,DIAB_EYE_EXAM,2025-07-01,,True,False
MOCK04459,DIAB_EYE_EXAM,2025-07-20,,True,True
MOCK04465,DIAB_EYE_EXAM,2025-07-01,,True,True
MOCK04471,DIAB_EYE_EXAM,2025-08-05,,True,True
MOCK04477,DIAB_EYE_EXAM,2025-07-23,,True,True
MOCK04483,DIAB_EYE_EXAM,2025-07-14,2026-02-06,True,True
MOCK04489,DIAB_EYE_EXAM,2025-07-18,,True,True
MOCK04495,DIAB_EYE_EXAM,2025-07-24,,True,True
MOCK04501,DIAB_EYE_EXAM,2025-07-10,,True,False
MOCK04507,DIAB_EYE_EXAM,2025-07-11,2025-11-05,True,False
MOCK04513,DIAB_EYE_EXAM,2025-07-16,,True,False
MOCK04519,DIAB_EYE_EXAM,2025-07-10,2026-01-18,True,True
MOCK04525,DIAB_EYE_EXAM,2025-07-29,,True,False
MOCK04531,DIAB_EYE_EXAM,2025-07-04,2025-12-04,True,True
MOCK04537,DIAB_EYE_EXAM,2025-08-01,,True,False
MOCK04543,DIAB_EYE_EXAM,2025-07-13,,True,False
MOCK04549,DIAB_EYE_EXAM,2025-07-21,,True,True
MOCK04555,DIAB_EYE_EXAM,2025-07-06,2025-12-10,True,True
MOCK04561,DIAB_EYE_EXAM,2025-07-15,2026-04-08,True,False
MOCK04567,DIAB_EYE_EXAM,2025-07-29,2026-02-06,True,False
MOCK04573,DIAB_EYE_EXAM,2025-07-10,,True,False
MOCK04579,DIAB_EYE_EXAM,2025-07-05,,True,False
MOCK04585,DIAB_EYE_EXAM,2025-07-20,2025-12-05,True,False
MOCK04591,DIAB_EYE_EXAM,2025-07-06,,True,True
MOCK04597,DIAB_EYE_EXAM,2025-07-12,,True,False
MOCK04603,DIAB_EYE_EXAM,2025-07-17,,True,True
MOCK04609,DIAB_EYE_EXAM,2025-07-21,,True,False
MOCK04615,DIAB_EYE_EXAM,2025-07-24,,True,True
MOCK04621,DIAB_EYE_EXAM,2025-07-26,,True,False
MOCK04627,DIAB_EYE_EXAM,2025-08-01,,True,False
MOCK04633,DIAB_EYE_EXAM,2025-07-02,,True,True
MOCK04639,DIAB_EYE_EXAM,2025-07-14,,True,True
MOCK04645,DIAB_EYE_EXAM,2025-06-30,,True,True
MOCK04651,DIAB_EYE_EXAM,2025-06-30,,True,False
MOCK04657,DIAB_EYE_EXAM,2025-07-08,,True,False
MOCK04663,DIAB_EYE_EXAM,2025-07-23,2026-05-20,True,True
MOCK04669,DIAB_EYE_EXAM,2025-08-03,,True,False
MOCK04675,DIAB_EYE_EXAM,2025-07-30,,True,False
MOCK04681,DIAB_EYE_EXAM,2025-07-25,,True,True
MOCK04687,DIAB_EYE_EXAM,2025-07-30,2025-11-21,True,False
MOCK04693,DIAB_EYE_EXAM,2025-07-06,,True,True
MOCK04699,DIAB_EYE_EXAM,2025-08-01,2025-12-24,True,True
MOCK04705,DIAB_EYE_EXAM,2025-08-03,2025-12-06,True,True
MOCK04711,DIAB_EYE_EXAM,2025-07-03,2025-12-16,True,False
MOCK04717,DIAB_EYE_EXAM,2025-07-18,,True,True
MOCK04723,DIAB_EYE_EXAM,2025-08-01,,True,True
MOCK04729,DIAB_EYE_EXAM,2025-07-18,,True,False
MOCK04735,DIAB_EYE_EXAM,2025-08-01,,True,False
MOCK04741,DIAB_EYE_EXAM,2025-08-05,,True,False
MOCK04747,DIAB_EYE_EXAM,2025-07-18,,True,True
MOCK04753,DIAB_EYE_EXAM,2025-07-02,,True,False
MOCK04759,DIAB_EYE_EXAM,2025-07-13,2026-04-24,True,True
MOCK04765,DIAB_EYE_EXAM,2025-07-08,,True,False
MOCK04771,DIAB_EYE_EXAM,2025-07-18,,True,True
MOCK04777,DIAB_EYE_EXAM,2025-07-22,,True,True
MOCK04783,DIAB_EYE_EXAM,2025-07-18,2025-11-28,True,True
MOCK04789,DIAB_EYE_EXAM,2025-07-07,,True,False
MOCK04795,DIAB_EYE_EXAM,2025-07-11,,True,True
MOCK04801,DIAB_EYE_EXAM,2025-07-26,,True,True
MOCK04807,DIAB_EYE_EXAM,2025-07-01,,True,False
MOCK04813,DIAB_EYE_EXAM,2025-07-08,,True,False
MOCK04819,DIAB_EYE_EXAM,2025-08-03,,True,True
MOCK04825,DIAB_EYE_EXAM,2025-07-03,,True,False
MOCK04831,DIAB_EYE_EXAM,2025-07-16,2026-04-22,True,False
MOCK04837,DIAB_EYE_EXAM,2025-07-08,,True,True
MOCK04843,DIAB_EYE_EXAM,2025-07-04,,True,False
MOCK04849,DIAB_EYE_EXAM,2025-07-16,,True,False
MOCK04855,DIAB_EYE_EXAM,2025-07-20,,True,True
MOCK04861,DIAB_EYE_EXAM,2025-07-06,2025-11-28,True,True
MOCK04867,DIAB_EYE_EXAM,2025-07-03,,True,True
MOCK04873,DIAB_EYE_EXAM,2025-07-05,,True,True
MOCK04879,DIAB_EYE_EXAM,2025-07-25,2025-11-05,True,False
MOCK04885,DIAB_EYE_EXAM,2025-08-02,,True,False
MOCK04891,DIAB_EYE_EXAM,2025-07-07,,True,False
MOCK04897,DIAB_EYE_EXAM,2025-07-12,2026-03-24,True,True
MOCK04903,DIAB_EYE_EXAM,2025-07-13,,True,True
MOCK04909,DIAB_EYE_EXAM,2025-07-14,,True,True
MOCK04915,DIAB_EYE_EXAM,2025-07-09,,True,False
MOCK04921,DIAB_EYE_EXAM,2025-07-02,,True,True
MOCK04927,DIAB_EYE_EXAM,2025-07-20,,True,False
MOCK04933,DIAB_EYE_EXAM,2025-07-13,,True,False
MOCK04939,DIAB_EYE_EXAM,2025-07-13,2026-04-30,True,True
MOCK04945,DIAB_EYE_EXAM,2025-07-10,2025-11-29,True,False
MOCK04951,DIAB_EYE_EXAM,2025-08-05,,True,False
MOCK04957,DIAB_EYE_EXAM,2025-07-23,,True,False
MOCK04963,DIAB_EYE_EXAM,2025-07-16,2025-11-21,True,False
MOCK04969,DIAB_EYE_EXAM,2025-07-08,,True,True
MOCK04975,DIAB_EYE_EXAM,2025-07-31,,True,False
MOCK04981,DIAB_EYE_EXAM,2025-08-03,,True,True
MOCK04987,DIAB_EYE_EXAM,2025-07-01,,True,False
MOCK04993,DIAB_EYE_EXAM,2025-08-05,,True,True
MOCK04999,DIAB_EYE_EXAM,2025-07-27,,True,False
MOCK05005,DIAB_EYE_EXAM,2025-07-03,,True,False
MOCK05011,DIAB_EYE_EXAM,2025-07-29,2026-04-30,True,True
MOCK05017,DIAB_EYE_EXAM,2025-07-04,,True,True
MOCK05023,DIAB_EYE_EXAM,2025-07-01,,True,False
MOCK05029,DIAB_EYE_EXAM,2025-07-04,2026-01-13,True,True
MOCK05035,DIAB_EYE_EXAM,2025-07-17,2026-02-20,True,False
MOCK05041,DIAB_EYE_EXAM,2025-07-24,,True,False
MOCK05047,DIAB_EYE_EXAM,2025-07-15,,True,True
MOCK05053,DIAB_EYE_EXAM,2025-07-04,,True,False
MOCK05059,DIAB_EYE_EXAM,2025-07-07,,True,False
MOCK05065,DIAB_EYE_EXAM,2025-08-02,2025-11-10,True,False
MOCK05071,DIAB_EYE_EXAM,2025-08-06,,True,True
MOCK05077,DIAB_EYE_EXAM,2025-07-29,,True,True
MOCK05083,DIAB_EYE_EXAM,2025-07-04,,True,True
MOCK05089,DIAB_EYE_EXAM,2025-07-31,2025-11-30,True,False
MOCK05095,DIAB_EYE_EXAM,2025-07-26,,True,False
MOCK05101,DIAB_EYE_EXAM,2025-07-20,,True,False
MOCK05107,DIAB_EYE_EXAM,2025-07-05,2026-05-13,True,True
MOCK05113,DIAB_EYE_EXAM,2025-08-07,,True,False
MOCK05119,DIAB_EYE_EXAM,2025-07-17,,True,False
MOCK05125,DIAB_EYE_EXAM,2025-07-01,2026-03-12,True,False
MOCK05131,DIAB_EYE_EXAM,2025-07-08,2026-01-02,True,True
MOCK05137,DIAB_EYE_EXAM,2025-07-15,2026-01-05,True,False
MOCK05143,DIAB_EYE_EXAM,2025-07-02,2026-05-20,True,True
MOCK05149,DIAB_EYE_EXAM,2025-07-12,2026-01-30,True,True
MOCK05155,DIAB_EYE_EXAM,2025-07-18,,True,False
MOCK05161,DIAB_EYE_EXAM,2025-08-05,,True,False
MOCK05167,DIAB_EYE_EXAM,2025-07-03,,True,True
MOCK05173,DIAB_EYE_EXAM,2025-07-22,2025-11-10,True,False
MOCK05179,DIAB_EYE_EXAM,2025-08-04,,True,False
MOCK05185,DIAB_EYE_EXAM,2025-07-31,,True,True
MOCK05191,DIAB_EYE_EXAM,2025-08-05,2026-05-01,True,False
MOCK05197,DIAB_EYE_EXAM,2025-07-06,,True,True
MOCK05203,DIAB_EYE_EXAM,2025-07-31,,True,True
MOCK05209,DIAB_EYE_EXAM,2025-08-07,,True,True
MOCK05215,DIAB_EYE_EXAM,2025-07-12,,True,False
MOCK05221,DIAB_EYE_EXAM,2025-07-19,,True,True
MOCK05227,DIAB_EYE_EXAM,2025-07-20,,True,True
MOCK05233,DIAB_EYE_EXAM,2025-07-19,2026-01-17,True,False
MOCK05239,DIAB_EYE_EXAM,2025-07-11,,True,False
MOCK05245,DIAB_EYE_EXAM,2025-08-06,2026-05-17,True,False
MOCK05251,DIAB_EYE_EXAM,2025-08-06,,True,False
MOCK05257,DIAB_EYE_EXAM,2025-07-14,2025-12-16,True,True
MOCK05263,DIAB_EYE_EXAM,2025-07-31,2026-03-16,True,True
MOCK05269,DIAB_EYE_EXAM,2025-07-15,,True,False
MOCK05275,DIAB_EYE_EXAM,2025-07-30,2025-11-09,True,False
MOCK05281,DIAB_EYE_EXAM,2025-07-22,2025-12-06,True,True
MOCK05287,DIAB_EYE_EXAM,2025-07-18,,True,True
MOCK05293,DIAB_EYE_EXAM,2025-07-04,2026-01-06,True,True
MOCK05299,DIAB_EYE_EXAM,2025-07-25,,True,True
MOCK05305,DIAB_EYE_EXAM,2025-07-12,,True,False
MOCK05311,DIAB_EYE_EXAM,2025-07-08,,True,False
MOCK05317,DIAB_EYE_EXAM,2025-07-07,,True,True
MOCK05323,DIAB_EYE_EXAM,2025-08-07,2025-12-18,True,False
MOCK05329,DIAB_EYE_EXAM,2025-07-04,,True,False
MOCK05335,DIAB_EYE_EXAM,2025-07-31,,True,True
MOCK05341,DIAB_EYE_EXAM,2025-08-02,,True,True
MOCK05347,DIAB_EYE_EXAM,2025-07-01,,True,False
MOCK05353,DIAB_EYE_EXAM,2025-07-22,,True,True
MOCK05359,DIAB_EYE_EXAM,2025-07-22,,True,False
MOCK05365,DIAB_EYE_EXAM,2025-07-13,,True,False
MOCK05371,DIAB_EYE_EXAM,2025-07-26,,True,False
MOCK05377,DIAB_EYE_EXAM,2025-07-15,,True,False
MOCK05383,DIAB_EYE_EXAM,2025-07-17,2025-12-04,True,False
MOCK05389,DIAB_EYE_EXAM,2025-07-16,2025-12-03,True,False
MOCK05395,DIAB_EYE_EXAM,2025-07-31,2026-01-20,True,True
MOCK05401,DIAB_EYE_EXAM,2025-07-24,,True,False
MOCK05407,DIAB_EYE_EXAM,2025-07-14,2025-11-16,True,False
MOCK05413,DIAB_EYE_EXAM,2025-08-05,2026-04-03,True,False
MOCK05419,DIAB_EYE_EXAM,2025-07-31,2026-03-31,True,False
MOCK05425,DIAB_EYE_EXAM,2025-08-05,,True,True
MOCK05431,DIAB_EYE_EXAM,2025-07-28,2025-11-14,True,False
MOCK05437,DIAB_EYE_EXAM,2025-07-15,2026-05-10,True,False
MOCK05443,DIAB_EYE_EXAM,2025-07-30,,True,False
MOCK05449,DIAB_EYE_EXAM,2025-07-12,2025-11-17,True,False
MOCK05455,DIAB_EYE_EXAM,2025-07-10,,True,False
MOCK05461,DIAB_EYE_EXAM,2025-07-17,,True,False
MOCK05467,DIAB_EYE_EXAM,2025-08-06,,True,True
MOCK05473,DIAB_EYE_EXAM,2025-07-22,2026-05-04,True,True
MOCK05479,DIAB_EYE_EXAM,2025-07-14,,True,False
MOCK05485,DIAB_EYE_EXAM,2025-07-18,,True,False
MOCK05491,DIAB_EYE_EXAM,2025-07-11,,True,False
MOCK05497,DIAB_EYE_EXAM,2025-07-25,2026-02-16,True,True
MOCK05503,DIAB_EYE_EXAM,2025-07-13,2026-05-12,True,True
MOCK05509,DIAB_EYE_EXAM,2025-07-21,,True,True
MOCK05515,DIAB_EYE_EXAM,2025-07-14,,True,False
MOCK05521,DIAB_EYE_EXAM,2025-07-12,,True,False
MOCK05527,DIAB_EYE_EXAM,2025-08-06,,True,False
MOCK05533,DIAB_EYE_EXAM,2025-07-13,,True,True
MOCK05539,DIAB_EYE_EXAM,2025-07-02,,True,False
MOCK05545,DIAB_EYE_EXAM,2025-07-14,,True,False
MOCK05551,DIAB_EYE_EXAM,2025-07-20,,True,True
MOCK05557,DIAB_EYE_EXAM,2025-07-03,,True,False
MOCK05563,DIAB_EYE_EXAM,2025-07-11,,True,False
MOCK05569,DIAB_EYE_EXAM,2025-07-06,,True,True
MOCK05575,DIAB_EYE_EXAM,2025-07-19,,True,True
MOCK05581,DIAB_EYE_EXAM,2025-07-28,,True,False
MOCK05587,DIAB_EYE_EXAM,2025-08-06,,True,False
MOCK05593,DIAB_EYE_EXAM,2025-07-15,,True,False
MOCK05599,DIAB_EYE_EXAM,2025-08-02,2026-05-05,True,False
MOCK05605,DIAB_EYE_EXAM,2025-07-08,,True,True
MOCK05611,DIAB_EYE_EXAM,2025-07-30,,True,False
MOCK05617,DIAB_EYE_EXAM,2025-07-21,,True,False
MOCK05623,DIAB_EYE_EXAM,2025-07-29,,True,True
MOCK05629,DIAB_EYE_EXAM,2025-07-29,,True,False
MOCK05635,DIAB_EYE_EXAM,2025-07-20,,True,True
MOCK05641,DIAB_EYE_EXAM,2025-07-10,2025-11-03,True,True
MOCK05647,DIAB_EYE_EXAM,2025-07-20,,True,True
MOCK05653,DIAB_EYE_EXAM,2025-08-01,2026-03-27,True,False
MOCK05659,DIAB_EYE_EXAM,2025-08-06,,True,True
MOCK05665,DIAB_EYE_EXAM,2025-08-05,,True,True
MOCK05671,DIAB_EYE_EXAM,2025-07-07,,True,False
MOCK05677,DIAB_EYE_EXAM,2025-07-23,,True,True
MOCK05683,DIAB_EYE_EXAM,2025-07-04,2025-11-19,True,False
MOCK05689,DIAB_EYE_EXAM,2025-07-26,,True,False
MOCK05695,DIAB_EYE_EXAM,2025-08-07,,True,True
MOCK05701,DIAB_EYE_EXAM,2025-07-02,2026-04-13,True,True
MOCK05707,DIAB_EYE_EXAM,2025-07-25,,True,False
MOCK05713,DIAB_EYE_EXAM,2025-08-05,2026-03-25,True,True
MOCK05719,DIAB_EYE_EXAM,2025-08-02,,True,True
MOCK05725,DIAB_EYE_EXAM,2025-07-15,,True,False
MOCK05731,DIAB_EYE_EXAM,2025-07-04,,True,False
MOCK05737,DIAB_EYE_EXAM,2025-08-05,2026-02-05,True,False
MOCK05743,DIAB_EYE_EXAM,2025-08-04,,True,False
MOCK05749,DIAB_EYE_EXAM,2025-07-22,2026-01-21,True,False
MOCK05755,DIAB_EYE_EXAM,2025-08-07,2025-12-25,True,False
MOCK05761,DIAB_EYE_EXAM,2025-06-30,,True,False
MOCK05767,DIAB_EYE_EXAM,2025-07-24,2026-03-13,True,False
MOCK05773,DIAB_EYE_EXAM,2025-07-01,,True,False
MOCK05779,DIAB_EYE_EXAM,2025-08-05,,True,False
MOCK05785,DIAB_EYE_EXAM,2025-07-26,,True,True
MOCK05791,DIAB_EYE_EXAM,2025-08-04,2026-05-25,True,False
MOCK05797,DIAB_EYE_EXAM,2025-07-21,2026-01-05,True,False
MOCK05803,DIAB_EYE_EXAM,2025-07-03,,True,True
MOCK05809,DIAB_EYE_EXAM,2025-07-01,2025-12-28,True,True
MOCK05815,DIAB_EYE_EXAM,2025-07-13,,True,False
MOCK05821,DIAB_EYE_EXAM,2025-07-28,,True,True
MOCK05827,DIAB_EYE_EXAM,2025-07-05,2026-04-25,True,True
MOCK05833,DIAB_EYE_EXAM,2025-08-02,,True,True
MOCK05839,DIAB_EYE_EXAM,2025-07-09,,True,True
MOCK05845,DIAB_EYE_EXAM,2025-07-19,,True,False
MOCK05851,DIAB_EYE_EXAM,2025-07-07,,True,True
MOCK05857,DIAB_EYE_EXAM,2025-07-18,,True,True
MOCK05863,DIAB_EYE_EXAM,2025-07-17,2026-01-09,True,False
MOCK05869,DIAB_EYE_EXAM,2025-06-30,,True,True
MOCK05875,DIAB_EYE_EXAM,2025-07-22,,True,True
MOCK05881,DIAB_EYE_EXAM,2025-07-30,,True,False
MOCK05887,DIAB_EYE_EXAM,2025-08-05,2025-11-23,True,False
MOCK05893,DIAB_EYE_EXAM,2025-07-12,,True,False
MOCK05899,DIAB_EYE_EXAM,2025-08-03,2025-11-17,True,False
MOCK05905,DIAB_EYE_EXAM,2025-08-03,,True,False
MOCK05911,DIAB_EYE_EXAM,2025-08-07,,True,True
MOCK05917,DIAB_EYE_EXAM,2025-07-14,,True,False
MOCK05923,DIAB_EYE_EXAM,2025-08-02,,True,False
MOCK05929,DIAB_EYE_EXAM,2025-07-22,,True,True
MOCK05935,DIAB_EYE_EXAM,2025-07-02,,True,False
MOCK05941,DIAB_EYE_EXAM,2025-07-10,2025-12-04,True,True
MOCK05947,DIAB_EYE_EXAM,2025-07-26,2026-04-14,True,False
MOCK05953,DIAB_EYE_EXAM,2025-07-06,2026-03-28,True,False
MOCK05959,DIAB_EYE_EXAM,2025-07-16,,True,False
MOCK05965,DIAB_EYE_EXAM,2025-07-30,,True,True
MOCK05971,DIAB_EYE_EXAM,2025-07-05,,True,False
MOCK05977,DIAB_EYE_EXAM,2025-07-19,,True,False
MOCK05983,DIAB_EYE_EXAM,2025-07-08,,True,True
MOCK05989,DIAB_EYE_EXAM,2025-07-20,,True,True
MOCK05995,DIAB_EYE_EXAM,2025-07-09,2026-03-25,True,False
MOCK06001,DIAB_EYE_EXAM,2025-08-06,,True,True
MOCK06007,DIAB_EYE_EXAM,2025-07-02,,True,False
MOCK06013,DIAB_EYE_EXAM,2025-08-06,2025-12-28,True,False
MOCK06019,DIAB_EYE_EXAM,2025-07-30,,True,True
MOCK06025,DIAB_EYE_EXAM,2025-08-02,,True,False
MOCK06031,DIAB_EYE_EXAM,2025-08-02,2025-11-10,True,True
MOCK06037,DIAB_EYE_EXAM,2025-07-07,2025-11-23,True,False
MOCK06043,DIAB_EYE_EXAM,2025-08-05,2025-11-08,True,False
MOCK06049,DIAB_EYE_EXAM,2025-07-23,,True,True
MOCK06055,DIAB_EYE_EXAM,2025-08-06,,True,False
MOCK06061,DIAB_EYE_EXAM,2025-08-03,,True,False
MOCK06067,DIAB_EYE_EXAM,2025-07-22,2026-02-23,True,False
MOCK06073,DIAB_EYE_EXAM,2025-07-14,,True,True
MOCK06079,DIAB_EYE_EXAM,2025-07-04,2025-12-17,True,False
MOCK06085,DIAB_EYE_EXAM,2025-07-03,2026-03-07,True,False
MOCK06091,DIAB_EYE_EXAM,2025-07-15,,True,True
MOCK06097,DIAB_EYE_EXAM,2025-07-31,2025-12-24,True,False
MOCK06103,DIAB_EYE_EXAM,2025-07-19,2026-04-25,True,True
MOCK06109,DIAB_EYE_EXAM,2025-07-18,,True,False
MOCK06115,DIAB_EYE_EXAM,2025-07-09,,True,True
MOCK06121,DIAB_EYE_EXAM,2025-07-22,2025-11-17,True,False
MOCK06127,DIAB_EYE_EXAM,2025-07-24,2026-01-16,True,True
MOCK06133,DIAB_EYE_EXAM,2025-08-07,,True,True
MOCK06139,DIAB_EYE_EXAM,2025-07-28,,True,False
MOCK06145,DIAB_EYE_EXAM,2025-07-23,,True,False
MOCK06151,DIAB_EYE_EXAM,2025-08-04,,True,False
MOCK06157,DIAB_EYE_EXAM,2025-07-16,,True,False
MOCK06163,DIAB_EYE_EXAM,2025-08-05,,True,True
MOCK06169,DIAB_EYE_EXAM,2025-07-14,,True,False
MOCK06175,DIAB_EYE_EXAM,2025-07-04,,True,True
MOCK06181,DIAB_EYE_EXAM,2025-07-16,,True,True
MOCK06187,DIAB_EYE_EXAM,2025-07-05,,True,False
MOCK06193,DIAB_EYE_EXAM,2025-07-04,,True,False
MOCK06199,DIAB_EYE_EXAM,2025-08-03,2026-01-08,True,True
MOCK06205,DIAB_EYE_EXAM,2025-07-30,,True,True
MOCK06211,DIAB_EYE_EXAM,2025-07-08,2026-03-16,True,False
MOCK06217,DIAB_EYE_EXAM,2025-08-01,,True,True
MOCK06223,DIAB_EYE_EXAM,2025-07-02,2026-01-31,True,True
MOCK06229,DIAB_EYE_EXAM,2025-07-11,,True,True
MOCK06235,DIAB_EYE_EXAM,2025-07-27,2026-01-02,True,True
MOCK06241,DIAB_EYE_EXAM,2025-07-11,,True,True
MOCK06247,DIAB_EYE_EXAM,2025-07-28,,True,False
MOCK06253,DIAB_EYE_EXAM,2025-08-03,,True,True
MOCK06259,DIAB_EYE_EXAM,2025-07-02,,True,False
MOCK06265,DIAB_EYE_EXAM,2025-06-30,2026-05-22,True,False
MOCK06271,DIAB_EYE_EXAM,2025-08-05,,True,False
MOCK06277,DIAB_EYE_EXAM,2025-07-20,,True,False
MOCK06283,DIAB_EYE_EXAM,2025-07-19,,True,False
MOCK06289,DIAB_EYE_EXAM,2025-07-18,2026-04-03,True,False
MOCK06295,DIAB_EYE_EXAM,2025-07-16,,True,False
MOCK06301,DIAB_EYE_EXAM,2025-07-26,,True,False
MOCK06307,DIAB_EYE_EXAM,2025-07-22,,True,False
MOCK06313,DIAB_EYE_EXAM,2025-07-06,2025-11-12,True,False
MOCK06319,DIAB_EYE_EXAM,2025-07-24,,True,True
MOCK06325,DIAB_EYE_EXAM,2025-07-26,,True,False
MOCK06331,DIAB_EYE_EXAM,2025-07-04,,True,False
MOCK06337,DIAB_EYE_EXAM,2025-07-14,,True,True
MOCK06343,DIAB_EYE_EXAM,2025-07-30,,True,False
MOCK06349,DIAB_EYE_EXAM,2025-07-24,,True,True
MOCK06355,DIAB_EYE_EXAM,2025-07-05,2026-03-01,True,True
MOCK06361,DIAB_EYE_EXAM,2025-07-01,2026-05-13,True,False
MOCK06367,DIAB_EYE_EXAM,2025-07-22,2025-11-01,True,True
MOCK06373,DIAB_EYE_EXAM,2025-07-18,,True,True
MOCK06379,DIAB_EYE_EXAM,2025-08-06,2026-01-20,True,True
MOCK06385,DIAB_EYE_EXAM,2025-07-20,2026-05-17,True,False
MOCK06391,DIAB_EYE_EXAM,2025-08-05,2025-11-15,True,False
MOCK06397,DIAB_EYE_EXAM,2025-07-08,2026-05-12,True,False
MOCK06403,DIAB_EYE_EXAM,2025-07-17,,True,False
MOCK06409,DIAB_EYE_EXAM,2025-07-05,,True,False
MOCK06415,DIAB_EYE_EXAM,2025-07-22,2025-11-26,True,False
MOCK06421,DIAB_EYE_EXAM,2025-07-07,,True,False
MOCK06427,DIAB_EYE_EXAM,2025-07-19,,True,True
MOCK06433,DIAB_EYE_EXAM,2025-07-13,,True,False
MOCK06439,DIAB_EYE_EXAM,2025-07-07,2026-05-12,True,False
MOCK06445,DIAB_EYE_EXAM,2025-07-03,,True,True
MOCK06451,DIAB_EYE_EXAM,2025-07-19,,True,True
MOCK06457,DIAB_EYE_EXAM,2025-08-05,2026-01-19,True,False
MOCK06463,DIAB_EYE_EXAM,2025-07-07,,True,True
MOCK06469,DIAB_EYE_EXAM,2025-07-15,,True,False
MOCK06475,DIAB_EYE_EXAM,2025-07-08,,True,True
MOCK06481,DIAB_EYE_EXAM,2025-07-31,,True,False
MOCK06487,DIAB_EYE_EXAM,2025-07-16,2025-12-17,True,True
MOCK06493,DIAB_EYE_EXAM,2025-08-07,2026-03-26,True,False
MOCK06499,DIAB_EYE_EXAM,2025-07-09,,True,True
MOCK06505,DIAB_EYE_EXAM,2025-07-03,,True,True
MOCK06511,DIAB_EYE_EXAM,2025-07-22,,True,True
MOCK06517,DIAB_EYE_EXAM,2025-07-25,2026-03-31,True,False
MOCK06523,DIAB_EYE_EXAM,2025-08-07,2025-12-30,True,False
MOCK06529,DIAB_EYE_EXAM,2025-08-02,,True,False
MOCK06535,DIAB_EYE_EXAM,2025-08-03,,True,True
MOCK06541,DIAB_EYE_EXAM,2025-07-24,,True,False
MOCK06547,DIAB_EYE_EXAM,2025-07-14,2026-05-21,True,False
MOCK06553,DIAB_EYE_EXAM,2025-07-16,,True,True
MOCK06559,DIAB_EYE_EXAM,2025-07-05,,True,False
MOCK06565,DIAB_EYE_EXAM,2025-07-16,,True,False
MOCK06571,DIAB_EYE_EXAM,2025-07-14,2026-02-12,True,False
MOCK06577,DIAB_EYE_EXAM,2025-07-01,2026-02-11,True,True
MOCK06583,DIAB_EYE_EXAM,2025-07-07,2025-11-30,True,True
MOCK06589,DIAB_EYE_EXAM,2025-07-20,2025-11-22,True,False
MOCK06595,DIAB_EYE_EXAM,2025-07-14,,True,True
MOCK06601,DIAB_EYE_EXAM,2025-08-07,2025-11-02,True,True
MOCK06607,DIAB_EYE_EXAM,2025-07-18,,True,False
MOCK06613,DIAB_EYE_EXAM,2025-08-06,,True,False
MOCK06619,DIAB_EYE_EXAM,2025-07-25,,True,True
MOCK06625,DIAB_EYE_EXAM,2025-07-01,2025-12-21,True,True
MOCK06631,DIAB_EYE_EXAM,2025-07-07,,True,False
MOCK06637,DIAB_EYE_EXAM,2025-07-27,2026-04-14,True,True
MOCK06643,DIAB_EYE_EXAM,2025-07-21,,True,True
MOCK06649,DIAB_EYE_EXAM,2025-07-11,,True,True
MOCK06655,DIAB_EYE_EXAM,2025-07-20,2025-11-23,True,False
MOCK06661,DIAB_EYE_EXAM,2025-08-04,,True,False
MOCK06667,DIAB_EYE_EXAM,2025-07-15,2025-11-12,True,True
MOCK06673,DIAB_EYE_EXAM,2025-07-01,,True,True
MOCK06679,DIAB_EYE_EXAM,2025-07-12,2026-05-06,True,False
MOCK06685,DIAB_EYE_EXAM,2025-08-05,,True,False
MOCK06691,DIAB_EYE_EXAM,2025-07-29,,True,False
MOCK06697,DIAB_EYE_EXAM,2025-08-01,,True,True
MOCK06703,DIAB_EYE_EXAM,2025-08-04,,True,False
MOCK06709,DIAB_EYE_EXAM,2025-07-04,,True,False
MOCK06715,DIAB_EYE_EXAM,2025-07-11,,True,False
MOCK06721,DIAB_EYE_EXAM,2025-07-02,,True,True
MOCK06727,DIAB_EYE_EXAM,2025-06-30,,True,False
MOCK06733,DIAB_EYE_EXAM,2025-08-01,,True,True
MOCK06739,DIAB_EYE_EXAM,2025-08-05,,True,True
MOCK06745,DIAB_EYE_EXAM,2025-07-06,,True,True
MOCK06751,DIAB_EYE_EXAM,2025-07-28,,True,False
MOCK06757,DIAB_EYE_EXAM,2025-07-20,,True,True
MOCK06763,DIAB_EYE_EXAM,2025-07-02,2025-11-26,True,False
MOCK06769,DIAB_EYE_EXAM,2025-08-04,2025-11-01,True,False
MOCK06775,DIAB_EYE_EXAM,2025-08-02,2025-11-19,True,False
MOCK06781,DIAB_EYE_EXAM,2025-07-22,,True,True
MOCK06787,DIAB_EYE_EXAM,2025-07-27,,True,False
MOCK06793,DIAB_EYE_EXAM,2025-07-15,2026-01-08,True,True
MOCK06799,DIAB_EYE_EXAM,2025-07-30,2025-11-18,True,False
MOCK06805,DIAB_EYE_EXAM,2025-07-17,,True,True
MOCK06811,DIAB_EYE_EXAM,2025-08-07,,True,True
MOCK06817,DIAB_EYE_EXAM,2025-07-02,,True,False
MOCK06823,DIAB_EYE_EXAM,2025-07-06,,True,True
MOCK06829,DIAB_EYE_EXAM,2025-08-06,2026-05-13,True,True
MOCK06835,DIAB_EYE_EXAM,2025-07-11,,True,False
MOCK06841,DIAB_EYE_EXAM,2025-07-12,,True,True
MOCK06847,DIAB_EYE_EXAM,2025-07-30,2025-11-26,True,True
MOCK06853,DIAB_EYE_EXAM,2025-07-07,2026-04-21,True,True
MOCK06859,DIAB_EYE_EXAM,2025-07-20,2026-03-07,True,True
MOCK06865,DIAB_EYE_EXAM,2025-07-11,2026-04-02,True,False
MOCK06871,DIAB_EYE_EXAM,2025-07-07,,True,True
MOCK06877,DIAB_EYE_EXAM,2025-08-06,,True,False
MOCK06883,DIAB_EYE_EXAM,2025-07-07,,True,False
MOCK06889,DIAB_EYE_EXAM,2025-07-03,,True,True
MOCK06895,DIAB_EYE_EXAM,2025-07-26,,True,False
MOCK06901,DIAB_EYE_EXAM,2025-08-02,,True,False
MOCK06907,DIAB_EYE_EXAM,2025-07-04,,True,True
MOCK06913,DIAB_EYE_EXAM,2025-07-27,,True,True
MOCK06919,DIAB_EYE_EXAM,2025-07-21,2025-12-11,True,True
MOCK06925,DIAB_EYE_EXAM,2025-08-01,,True,True
MOCK06931,DIAB_EYE_EXAM,2025-07-04,,True,False
MOCK06937,DIAB_EYE_EXAM,2025-08-07,,True,False
MOCK06943,DIAB_EYE_EXAM,2025-07-24,,True,True
MOCK06949,DIAB_EYE_EXAM,2025-08-01,2025-11-19,True,True
MOCK06955,DIAB_EYE_EXAM,2025-07-14,,True,True
MOCK06961,DIAB_EYE_EXAM,2025-08-05,,True,False
MOCK06967,DIAB_EYE_EXAM,2025-07-24,,True,False
MOCK06973,DIAB_EYE_EXAM,2025-07-04,,True,True
MOCK06979,DIAB_EYE_EXAM,2025-08-04,,True,False
MOCK06985,DIAB_EYE_EXAM,2025-07-31,,True,False
MOCK06991,DIAB_EYE_EXAM,2025-07-11,2026-02-21,True,False
MOCK06997,DIAB_EYE_EXAM,2025-07-21,2026-04-06,True,False
MOCK07003,DIAB_EYE_EXAM,2025-07-15,2026-04-26,True,False
MOCK07009,DIAB_EYE_EXAM,2025-07-21,2026-03-30,True,True
MOCK07015,DIAB_EYE_EXAM,2025-08-06,,True,True
MOCK07021,DIAB_EYE_EXAM,2025-08-04,,True,False
MOCK07027,DIAB_EYE_EXAM,2025-07-08,2026-03-26,True,True
MOCK07033,DIAB_EYE_EXAM,2025-08-06,2026-03-27,True,True
MOCK07039,DIAB_EYE_EXAM,2025-07-17,2026-03-02,True,False
MOCK07045,DIAB_EYE_EXAM,2025-07-27,,True,False
MOCK07051,DIAB_EYE_EXAM,2025-07-29,,True,False
MOCK07057,DIAB_EYE_EXAM,2025-07-18,,True,False
MOCK07063,DIAB_EYE_EXAM,2025-07-17,,True,False
MOCK07069,DIAB_EYE_EXAM,2025-07-17,,True,True
MOCK07075,DIAB_EYE_EXAM,2025-08-02,2026-05-20,True,False
MOCK07081,DIAB_EYE_EXAM,2025-07-15,,True,False
MOCK07087,DIAB_EYE_EXAM,2025-07-10,2026-05-01,True,False
MOCK07093,DIAB_EYE_EXAM,2025-07-14,,True,True
MOCK07099,DIAB_EYE_EXAM,2025-07-07,,True,True
MOCK07105,DIAB_EYE_EXAM,2025-07-15,,True,False
MOCK07111,DIAB_EYE_EXAM,2025-07-04,,True,True
MOCK07117,DIAB_EYE_EXAM,2025-07-03,2025-12-24,True,True
MOCK07123,DIAB_EYE_EXAM,2025-07-28,,True,False
MOCK07129,DIAB_EYE_EXAM,2025-07-03,,True,False
MOCK07135,DIAB_EYE_EXAM,2025-07-22,2026-02-25,True,True
MOCK07141,DIAB_EYE_EXAM,2025-07-30,2025-12-25,True,True
MOCK07147,DIAB_EYE_EXAM,2025-07-28,,True,True
MOCK07153,DIAB_EYE_EXAM,2025-07-17,,True,False
MOCK07159,DIAB_EYE_EXAM,2025-07-07,,True,False
MOCK07165,DIAB_EYE_EXAM,2025-08-05,,True,True
MOCK07171,DIAB_EYE_EXAM,2025-08-01,,True,True
MOCK07177,DIAB_EYE_EXAM,2025-07-23,,True,True
MOCK07183,DIAB_EYE_EXAM,2025-07-03,,True,True
MOCK07189,DIAB_EYE_EXAM,2025-07-01,2026-05-17,True,True
MOCK07195,DIAB_EYE_EXAM,2025-07-12,2026-03-13,True,False
MOCK07201,DIAB_EYE_EXAM,2025-07-06,2026-01-01,True,True
MOCK07207,DIAB_EYE_EXAM,2025-08-02,2026-05-18,True,True
MOCK07213,DIAB_EYE_EXAM,2025-07-08,,True,False
MOCK07219,DIAB_EYE_EXAM,2025-07-11,,True,True
MOCK07225,DIAB_EYE_EXAM,2025-08-07,,True,True
MOCK07231,DIAB_EYE_EXAM,2025-07-31,,True,True
MOCK07237,DIAB_EYE_EXAM,2025-07-08,,True,True
MOCK07243,DIAB_EYE_EXAM,2025-07-14,2026-03-14,True,True
MOCK07249,DIAB_EYE_EXAM,2025-07-20,,True,False
MOCK07255,DIAB_EYE_EXAM,2025-07-25,,True,True
MOCK07261,DIAB_EYE_EXAM,2025-08-05,,True,False
MOCK07267,DIAB_EYE_EXAM,2025-08-02,,True,False
MOCK07273,DIAB_EYE_EXAM,2025-08-07,,True,True
MOCK07279,DIAB_EYE_EXAM,2025-07-01,2026-04-30,True,True
MOCK07285,DIAB_EYE_EXAM,2025-07-09,,True,True
MOCK07291,DIAB_EYE_EXAM,2025-07-21,,True,True
MOCK07297,DIAB_EYE_EXAM,2025-07-01,2026-02-27,True,False
MOCK07303,DIAB_EYE_EXAM,2025-07-13,,True,True
MOCK07309,DIAB_EYE_EXAM,2025-07-05,,True,False
MOCK07315,DIAB_EYE_EXAM,2025-08-05,,True,False
MOCK07321,DIAB_EYE_EXAM,2025-07-02,,True,False
MOCK07327,DIAB_EYE_EXAM,2025-07-05,,True,False
MOCK07333,DIAB_EYE_EXAM,2025-07-07,2026-03-17,True,False
MOCK07339,DIAB_EYE_EXAM,2025-07-05,,True,False
MOCK07345,DIAB_EYE_EXAM,2025-07-22,,True,False
MOCK07351,DIAB_EYE_EXAM,2025-07-14,2025-11-15,True,True
MOCK07357,DIAB_EYE_EXAM,2025-08-04,,True,True
MOCK07363,DIAB_EYE_EXAM,2025-07-10,2025-12-04,True,True
MOCK07369,DIAB_EYE_EXAM,2025-07-20,,True,True
MOCK07375,DIAB_EYE_EXAM,2025-07-25,2026-01-18,True,False
MOCK07381,DIAB_EYE_EXAM,2025-07-24,,True,True
MOCK07387,DIAB_EYE_EXAM,2025-07-31,2026-05-04,True,False
MOCK07393,DIAB_EYE_EXAM,2025-07-07,2026-02-19,True,False
MOCK07399,DIAB_EYE_EXAM,2025-07-19,,True,True
MOCK07405,DIAB_EYE_EXAM,2025-07-31,,True,False
MOCK07411,DIAB_EYE_EXAM,2025-08-02,2026-04-19,True,True
MOCK07417,DIAB_EYE_EXAM,2025-07-24,,True,False
MOCK07423,DIAB_EYE_EXAM,2025-07-25,,True,False
MOCK07429,DIAB_EYE_EXAM,2025-08-02,,True,True
MOCK07435,DIAB_EYE_EXAM,2025-07-24,,True,False
MOCK07441,DIAB_EYE_EXAM,2025-08-06,,True,True
MOCK07447,DIAB_EYE_EXAM,2025-07-04,2026-03-01,True,False
MOCK07453,DIAB_EYE_EXAM,2025-07-13,2026-04-20,True,False
MOCK07459,DIAB_EYE_EXAM,2025-07-04,2026-03-21,True,True
MOCK07465,DIAB_EYE_EXAM,2025-07-03,2025-12-27,True,False
MOCK07471,DIAB_EYE_EXAM,2025-07-18,,True,False
MOCK07477,DIAB_EYE_EXAM,2025-07-08,,True,False
MOCK07483,DIAB_EYE_EXAM,2025-07-15,,True,False
MOCK07489,DIAB_EYE_EXAM,2025-07-17,,True,False
MOCK07495,DIAB_EYE_EXAM,2025-07-24,,True,True
MOCK07501,DIAB_EYE_EXAM,2025-08-05,,True,False
MOCK07507,DIAB_EYE_EXAM,2025-08-02,,True,False
MOCK07513,DIAB_EYE_EXAM,2025-07-14,,True,True
MOCK07519,DIAB_EYE_EXAM,2025-07-12,,True,True
MOCK07525,DIAB_EYE_EXAM,2025-07-30,,True,True
MOCK07531,DIAB_EYE_EXAM,2025-07-04,,True,True
MOCK07537,DIAB_EYE_EXAM,2025-07-21,,True,True
MOCK07543,DIAB_EYE_EXAM,2025-07-16,,True,True
MOCK07549,DIAB_EYE_EXAM,2025-07-07,,True,False
MOCK07555,DIAB_EYE_EXAM,2025-07-24,2026-04-09,True,True
MOCK07561,DIAB_EYE_EXAM,2025-07-12,,True,True
MOCK07567,DIAB_EYE_EXAM,2025-07-07,,True,False
MOCK07573,DIAB_EYE_EXAM,2025-07-25,,True,True
MOCK07579,DIAB_EYE_EXAM,2025-07-06,2026-01-03,True,True
MOCK07585,DIAB_EYE_EXAM,2025-07-26,,True,False
MOCK07591,DIAB_EYE_EXAM,2025-07-06,2026-04-15,True,False
MOCK07597,DIAB_EYE_EXAM,2025-07-16,2026-01-02,True,False
MOCK07603,DIAB_EYE_EXAM,2025-07-31,,True,True
MOCK07609,DIAB_EYE_EXAM,2025-07-08,2026-05-25,True,True
MOCK07615,DIAB_EYE_EXAM,2025-07-29,,True,False
MOCK07621,DIAB_EYE_EXAM,2025-07-28,,True,False
MOCK07627,DIAB_EYE_EXAM,2025-08-04,,True,False
MOCK07633,DIAB_EYE_EXAM,2025-07-06,,True,False
MOCK07639,DIAB_EYE_EXAM,2025-07-27,2025-12-15,True,True
MOCK07645,DIAB_EYE_EXAM,2025-08-05,2026-05-11,True,True
MOCK07651,DIAB_EYE_EXAM,2025-07-29,,True,False
MOCK07657,DIAB_EYE_EXAM,2025-07-07,2025-11-29,True,False
MOCK07663,DIAB_EYE_EXAM,2025-08-01,,True,True
MOCK07669,DIAB_EYE_EXAM,2025-07-04,,True,False
MOCK07675,DIAB_EYE_EXAM,2025-07-22,,True,True
MOCK07681,DIAB_EYE_EXAM,2025-07-19,2026-05-03,True,False
MOCK07687,DIAB_EYE_EXAM,2025-07-20,,True,True
MOCK07693,DIAB_EYE_EXAM,2025-07-20,,True,False
MOCK07699,DIAB_EYE_EXAM,2025-07-01,,True,True
MOCK07705,DIAB_EYE_EXAM,2025-07-19,,True,False
MOCK07711,DIAB_EYE_EXAM,2025-08-05,,True,False
MOCK07717,DIAB_EYE_EXAM,2025-07-17,,True,True
MOCK07723,DIAB_EYE_EXAM,2025-07-10,,True,False
MOCK07729,DIAB_EYE_EXAM,2025-08-07,,True,False
MOCK07735,DIAB_EYE_EXAM,2025-07-03,,True,False
MOCK07741,DIAB_EYE_EXAM,2025-07-18,,True,True
MOCK07747,DIAB_EYE_EXAM,2025-07-19,,True,False
MOCK07753,DIAB_EYE_EXAM,2025-07-18,,True,False
MOCK07759,DIAB_EYE_EXAM,2025-08-04,,True,False
MOCK07765,DIAB_EYE_EXAM,2025-07-16,,True,False
MOCK07771,DIAB_EYE_EXAM,2025-08-06,,True,False
MOCK07777,DIAB_EYE_EXAM,2025-07-02,,True,True
MOCK07783,DIAB_EYE_EXAM,2025-07-28,,True,True
MOCK07789,DIAB_EYE_EXAM,2025-07-23,,True,True
MOCK07795,DIAB_EYE_EXAM,2025-07-09,,True,True
MOCK07801,DIAB_EYE_EXAM,2025-07-08,,True,True
MOCK07807,DIAB_EYE_EXAM,2025-07-28,2026-03-11,True,True
MOCK07813,DIAB_EYE_EXAM,2025-07-24,2026-03-17,True,False
MOCK07819,DIAB_EYE_EXAM,2025-07-23,,True,False
MOCK07825,DIAB_EYE_EXAM,2025-07-01,2026-01-23,True,True
MOCK07831,DIAB_EYE_EXAM,2025-07-23,,True,False
MOCK07837,DIAB_EYE_EXAM,2025-08-07,,True,False
MOCK07843,DIAB_EYE_EXAM,2025-06-30,,True,False
MOCK07849,DIAB_EYE_EXAM,2025-07-18,2026-04-21,True,False
MOCK07855,DIAB_EYE_EXAM,2025-07-19,,True,False
MOCK07861,DIAB_EYE_EXAM,2025-08-03,2026-03-30,True,False
MOCK07867,DIAB_EYE_EXAM,2025-07-11,2025-12-07,True,False
MOCK07873,DIAB_EYE_EXAM,2025-07-18,,True,False
MOCK07879,DIAB_EYE_EXAM,2025-07-27,,True,True
MOCK07885,DIAB_EYE_EXAM,2025-07-02,,True,False
MOCK07891,DIAB_EYE_EXAM,2025-07-31,,True,False
MOCK07897,DIAB_EYE_EXAM,2025-08-01,2026-05-13,True,False
MOCK07903,DIAB_EYE_EXAM,2025-07-28,2026-03-15,True,False
MOCK07909,DIAB_EYE_EXAM,2025-07-25,2026-03-19,True,True
MOCK07915,DIAB_EYE_EXAM,2025-07-29,,True,True
MOCK07921,DIAB_EYE_EXAM,2025-07-30,,True,False
MOCK07927,DIAB_EYE_EXAM,2025-08-04,,True,False
MOCK07933,DIAB_EYE_EXAM,2025-07-16,,True,False
MOCK07939,DIAB_EYE_EXAM,2025-07-17,2025-12-24,True,False
MOCK07945,DIAB_EYE_EXAM,2025-07-24,,True,False
MOCK07951,DIAB_EYE_EXAM,2025-07-07,,True,False
MOCK07957,DIAB_EYE_EXAM,2025-08-02,2026-03-23,True,True
MOCK07963,DIAB_EYE_EXAM,2025-07-30,,True,False
MOCK07969,DIAB_EYE_EXAM,2025-07-24,,True,True
MOCK07975,DIAB_EYE_EXAM,2025-07-11,,True,False
MOCK07981,DIAB_EYE_EXAM,2025-07-13,2026-01-07,True,True
MOCK07987,DIAB_EYE_EXAM,2025-07-16,,True,False
MOCK07993,DIAB_EYE_EXAM,2025-07-25,,True,True
MOCK07999,DIAB_EYE_EXAM,2025-07-30,2026-02-15,True,True
MOCK08005,DIAB_EYE_EXAM,2025-07-26,2026-05-17,True,False
MOCK08011,DIAB_EYE_EXAM,2025-08-05,,True,False
MOCK08017,DIAB_EYE_EXAM,2025-08-06,,True,True
MOCK08023,DIAB_EYE_EXAM,2025-07-27,,True,False
MOCK08029,DIAB_EYE_EXAM,2025-07-14,,True,True
MOCK08035,DIAB_EYE_EXAM,2025-07-23,2025-12-01,True,True
MOCK08041,DIAB_EYE_EXAM,2025-07-16,2025-12-02,True,True
MOCK08047,DIAB_EYE_EXAM,2025-07-24,,True,False
MOCK08053,DIAB_EYE_EXAM,2025-07-31,,True,False
MOCK08059,DIAB_EYE_EXAM,2025-07-14,,True,False
MOCK08065,DIAB_EYE_EXAM,2025-07-19,,True,False
MOCK08071,DIAB_EYE_EXAM,2025-07-01,,True,False
MOCK08077,DIAB_EYE_EXAM,2025-07-28,,True,False
MOCK08083,DIAB_EYE_EXAM,2025-07-19,,True,False
MOCK08089,DIAB_EYE_EXAM,2025-07-17,2025-11-26,True,True
MOCK08095,DIAB_EYE_EXAM,2025-07-20,,True,True
MOCK08101,DIAB_EYE_EXAM,2025-07-08,2026-04-21,True,True
MOCK08107,DIAB_EYE_EXAM,2025-07-23,,True,False
MOCK08113,DIAB_EYE_EXAM,2025-07-29,,True,False
MOCK08119,DIAB_EYE_EXAM,2025-07-13,2026-02-28,True,True
MOCK08125,DIAB_EYE_EXAM,2025-07-05,,True,False
MOCK08131,DIAB_EYE_EXAM,2025-07-15,,True,False
MOCK08137,DIAB_EYE_EXAM,2025-07-07,,True,True
MOCK08143,DIAB_EYE_EXAM,2025-07-14,2025-12-01,True,True
MOCK08149,DIAB_EYE_EXAM,2025-07-24,,True,True
MOCK08155,DIAB_EYE_EXAM,2025-07-04,,True,True
MOCK08161,DIAB_EYE_EXAM,2025-07-29,,True,False
MOCK08167,DIAB_EYE_EXAM,2025-07-08,,True,False
MOCK08173,DIAB_EYE_EXAM,2025-08-03,,True,True
MOCK08179,DIAB_EYE_EXAM,2025-07-28,2026-04-16,True,False
MOCK08185,DIAB_EYE_EXAM,2025-07-10,2025-11-27,True,True
MOCK08191,DIAB_EYE_EXAM,2025-07-21,,True,True
MOCK08197,DIAB_EYE_EXAM,2025-07-04,,True,True
MOCK08203,DIAB_EYE_EXAM,2025-07-03,2026-01-14,True,False
MOCK08209,DIAB_EYE_EXAM,2025-08-06,,True,False
MOCK08215,DIAB_EYE_EXAM,2025-07-31,2026-05-16,True,False
MOCK08221,DIAB_EYE_EXAM,2025-07-06,,True,True
MOCK08227,DIAB_EYE_EXAM,2025-07-11,,True,False
MOCK08233,DIAB_EYE_EXAM,2025-07-07,,True,True
MOCK08239,DIAB_EYE_EXAM,2025-07-15,,True,True
MOCK08245,DIAB_EYE_EXAM,2025-07-11,2025-12-05,True,False
MOCK08251,DIAB_EYE_EXAM,2025-07-12,,True,False
MOCK08257,DIAB_EYE_EXAM,2025-07-20,,True,True
MOCK08263,DIAB_EYE_EXAM,2025-07-07,2025-12-09,True,False
MOCK08269,DIAB_EYE_EXAM,2025-08-03,2026-03-17,True,False
MOCK08275,DIAB_EYE_EXAM,2025-07-28,,True,False
MOCK08281,DIAB_EYE_EXAM,2025-07-29,,True,False
MOCK08287,DIAB_EYE_EXAM,2025-07-06,,True,True
MOCK08293,DIAB_EYE_EXAM,2025-07-27,,True,False
MOCK08299,DIAB_EYE_EXAM,2025-08-01,2026-05-06,True,True
MOCK08305,DIAB_EYE_EXAM,2025-07-06,,True,True
MOCK08311,DIAB_EYE_EXAM,2025-07-29,,True,False
MOCK08317,DIAB_EYE_EXAM,2025-07-13,,True,False
MOCK08323,DIAB_EYE_EXAM,2025-07-30,,True,True
MOCK08329,DIAB_EYE_EXAM,2025-07-18,,True,False
MOCK08335,DIAB_EYE_EXAM,2025-07-31,,True,False
MOCK08341,DIAB_EYE_EXAM,2025-07-05,2025-11-24,True,False
MOCK08347,DIAB_EYE_EXAM,2025-07-15,2026-05-10,True,True
MOCK08353,DIAB_EYE_EXAM,2025-07-10,,True,True
MOCK08359,DIAB_EYE_EXAM,2025-07-09,2025-12-20,True,True
MOCK08365,DIAB_EYE_EXAM,2025-07-12,,True,True
MOCK08371,DIAB_EYE_EXAM,2025-07-14,,True,True
MOCK08377,DIAB_EYE_EXAM,2025-07-04,,True,True
MOCK08383,DIAB_EYE_EXAM,2025-07-27,,True,True
MOCK08389,DIAB_EYE_EXAM,2025-07-21,2026-02-26,True,True
MOCK08395,DIAB_EYE_EXAM,2025-08-01,,True,False
MOCK08401,DIAB_EYE_EXAM,2025-07-27,,True,False
MOCK08407,DIAB_EYE_EXAM,2025-07-05,,True,True
MOCK08413,DIAB_EYE_EXAM,2025-07-02,,True,False
MOCK08419,DIAB_EYE_EXAM,2025-07-16,,True,True
MOCK08425,DIAB_EYE_EXAM,2025-07-18,2026-02-26,True,True
MOCK08431,DIAB_EYE_EXAM,2025-07-09,,True,False
MOCK08437,DIAB_EYE_EXAM,2025-07-30,,True,True
MOCK08443,DIAB_EYE_EXAM,2025-07-22,2026-02-16,True,True
MOCK08449,DIAB_EYE_EXAM,2025-07-29,2025-11-05,True,True
MOCK08455,DIAB_EYE_EXAM,2025-07-04,,True,False
MOCK08461,DIAB_EYE_EXAM,2025-07-31,2026-01-28,True,False
MOCK08467,DIAB_EYE_EXAM,2025-07-08,2025-12-06,True,True
MOCK08473,DIAB_EYE_EXAM,2025-07-17,,True,True
MOCK08479,DIAB_EYE_EXAM,2025-07-17,,True,True
MOCK08485,DIAB_EYE_EXAM,2025-08-01,,True,False
MOCK08491,DIAB_EYE_EXAM,2025-07-10,2026-03-18,True,True
MOCK08497,DIAB_EYE_EXAM,2025-07-09,,True,False
MOCK08503,DIAB_EYE_EXAM,2025-07-13,,True,False
MOCK08509,DIAB_EYE_EXAM,2025-07-14,,True,True
MOCK08515,DIAB_EYE_EXAM,2025-07-07,,True,False
MOCK08521,DIAB_EYE_EXAM,2025-07-06,,True,True
MOCK08527,DIAB_EYE_EXAM,2025-07-09,,True,True
MOCK08533,DIAB_EYE_EXAM,2025-07-18,,True,True
MOCK08539,DIAB_EYE_EXAM,2025-07-13,,True,False
MOCK08545,DIAB_EYE_EXAM,2025-07-15,,True,False
MOCK08551,DIAB_EYE_EXAM,2025-07-28,2026-02-22,True,False
MOCK08557,DIAB_EYE_EXAM,2025-07-09,2026-01-01,True,True
MOCK08563,DIAB_EYE_EXAM,2025-08-04,2026-02-13,True,True
MOCK08569,DIAB_EYE_EXAM,2025-07-29,,True,False
MOCK08575,DIAB_EYE_EXAM,2025-07-06,2026-01-07,True,True
MOCK08581,DIAB_EYE_EXAM,2025-07-12,2025-11-25,True,True
MOCK08587,DIAB_EYE_EXAM,2025-07-07,,True,False
MOCK08593,DIAB_EYE_EXAM,2025-07-10,2025-12-07,True,False
MOCK08599,DIAB_EYE_EXAM,2025-07-14,,True,False
MOCK08605,DIAB_EYE_EXAM,2025-07-05,,True,True
MOCK08611,DIAB_EYE_EXAM,2025-06-30,,True,True
MOCK08617,DIAB_EYE_EXAM,2025-07-17,,True,True
MOCK08623,DIAB_EYE_EXAM,2025-07-27,,True,False
MOCK08629,DIAB_EYE_EXAM,2025-07-11,,True,True
MOCK08635,DIAB_EYE_EXAM,2025-08-02,,True,True
MOCK08641,DIAB_EYE_EXAM,2025-07-14,2025-11-17,True,True
MOCK08647,DIAB_EYE_EXAM,2025-08-04,,True,False
MOCK08653,DIAB_EYE_EXAM,2025-07-09,,True,False
MOCK08659,DIAB_EYE_EXAM,2025-07-21,,True,False
MOCK08665,DIAB_EYE_EXAM,2025-07-29,,True,True
MOCK08671,DIAB_EYE_EXAM,2025-07-02,2026-03-12,True,False
MOCK08677,DIAB_EYE_EXAM,2025-08-05,2026-04-05,True,True
MOCK08683,DIAB_EYE_EXAM,2025-07-14,,True,True
MOCK08689,DIAB_EYE_EXAM,2025-07-19,2026-01-18,True,True
MOCK08695,DIAB_EYE_EXAM,2025-07-24,2025-12-26,True,False
MOCK08701,DIAB_EYE_EXAM,2025-07-25,,True,True
MOCK08707,DIAB_EYE_EXAM,2025-06-30,,True,False
MOCK08713,DIAB_EYE_EXAM,2025-08-02,,True,False
MOCK08719,DIAB_EYE_EXAM,2025-07-24,,True,True
MOCK08725,DIAB_EYE_EXAM,2025-08-07,,True,False
MOCK08731,DIAB_EYE_EXAM,2025-07-18,,True,False
MOCK08737,DIAB_EYE_EXAM,2025-07-23,,True,True
MOCK08743,DIAB_EYE_EXAM,2025-07-17,2025-11-04,True,False
MOCK08749,DIAB_EYE_EXAM,2025-08-03,2026-01-15,True,True
MOCK08755,DIAB_EYE_EXAM,2025-08-01,,True,True
MOCK08761,DIAB_EYE_EXAM,2025-08-04,,True,False
MOCK08767,DIAB_EYE_EXAM,2025-07-19,,True,False
MOCK08773,DIAB_EYE_EXAM,2025-07-30,,True,True
MOCK08779,DIAB_EYE_EXAM,2025-07-13,,True,True
MOCK08785,DIAB_EYE_EXAM,2025-07-17,,True,False
MOCK08791,DIAB_EYE_EXAM,2025-07-29,,True,True
MOCK08797,DIAB_EYE_EXAM,2025-07-03,,True,False
MOCK08803,DIAB_EYE_EXAM,2025-07-27,2026-03-11,True,False
MOCK08809,DIAB_EYE_EXAM,2025-06-30,,True,False
MOCK08815,DIAB_EYE_EXAM,2025-07-22,,True,True
MOCK08821,DIAB_EYE_EXAM,2025-07-18,,True,False
MOCK08827,DIAB_EYE_EXAM,2025-07-18,,True,True
MOCK08833,DIAB_EYE_EXAM,2025-07-19,,True,True
MOCK08839,DIAB_EYE_EXAM,2025-07-19,,True,True
MOCK08845,DIAB_EYE_EXAM,2025-07-15,,True,True
MOCK08851,DIAB_EYE_EXAM,2025-07-17,,True,False
MOCK08857,DIAB_EYE_EXAM,2025-07-22,,True,False
MOCK08863,DIAB_EYE_EXAM,2025-07-29,,True,False
MOCK08869,DIAB_EYE_EXAM,2025-07-21,,True,False
MOCK08875,DIAB_EYE_EXAM,2025-07-25,,True,False
MOCK08881,DIAB_EYE_EXAM,2025-08-01,,True,False
MOCK08887,DIAB_EYE_EXAM,2025-08-07,,True,False
MOCK08893,DIAB_EYE_EXAM,2025-07-04,,True,False
MOCK08899,DIAB_EYE_EXAM,2025-07-27,,True,False
MOCK08905,DIAB_EYE_EXAM,2025-07-08,,True,True
MOCK08911,DIAB_EYE_EXAM,2025-07-07,2026-04-18,True,False
MOCK08917,DIAB_EYE_EXAM,2025-07-30,,True,True
MOCK08923,DIAB_EYE_EXAM,2025-07-02,,True,True
MOCK08929,DIAB_EYE_EXAM,2025-08-02,2026-02-12,True,False
MOCK08935,DIAB_EYE_EXAM,2025-07-30,,True,True
MOCK08941,DIAB_EYE_EXAM,2025-08-07,,True,True
MOCK08947,DIAB_EYE_EXAM,2025-07-26,,True,True
MOCK08953,DIAB_EYE_EXAM,2025-08-03,,True,True
MOCK08959,DIAB_EYE_EXAM,2025-07-04,,True,False
MOCK08965,DIAB_EYE_EXAM,2025-08-03,,True,False
MOCK08971,DIAB_EYE_EXAM,2025-07-06,,True,False
MOCK08977,DIAB_EYE_EXAM,2025-07-12,,True,False
MOCK08983,DIAB_EYE_EXAM,2025-07-04,2026-03-15,True,False
MOCK08989,DIAB_EYE_EXAM,2025-07-15,,True,False
MOCK08995,DIAB_EYE_EXAM,2025-07-29,,True,True
MOCK09001,DIAB_EYE_EXAM,2025-07-10,2026-05-03,True,False
MOCK09007,DIAB_EYE_EXAM,2025-08-01,,True,True
MOCK09013,DIAB_EYE_EXAM,2025-07-23,2026-03-05,True,True
MOCK09019,DIAB_EYE_EXAM,2025-07-24,,True,False
MOCK09025,DIAB_EYE_EXAM,2025-08-05,2025-12-19,True,True
MOCK09031,DIAB_EYE_EXAM,2025-07-16,,True,False
MOCK09037,DIAB_EYE_EXAM,2025-07-13,,True,False
MOCK09043,DIAB_EYE_EXAM,2025-08-07,2026-05-06,True,True
MOCK09049,DIAB_EYE_EXAM,2025-07-21,,True,True
MOCK09055,DIAB_EYE_EXAM,2025-07-23,2026-04-20,True,False
MOCK09061,DIAB_EYE_EXAM,2025-07-11,,True,False
MOCK09067,DIAB_EYE_EXAM,2025-07-08,,True,True
MOCK09073,DIAB_EYE_EXAM,2025-07-06,,True,False
MOCK09079,DIAB_EYE_EXAM,2025-07-08,,True,False
MOCK09085,DIAB_EYE_EXAM,2025-07-07,2025-11-10,True,False
MOCK09091,DIAB_EYE_EXAM,2025-07-29,,True,True
MOCK09097,DIAB_EYE_EXAM,2025-07-02,2026-04-29,True,False
MOCK09103,DIAB_EYE_EXAM,2025-07-24,2026-03-14,True,False
MOCK09109,DIAB_EYE_EXAM,2025-08-06,2026-02-10,True,True
MOCK09115,DIAB_EYE_EXAM,2025-07-29,,True,False
MOCK09121,DIAB_EYE_EXAM,2025-07-15,2026-02-16,True,False
MOCK09127,DIAB_EYE_EXAM,2025-07-02,,True,False
MOCK09133,DIAB_EYE_EXAM,2025-08-01,,True,False
MOCK09139,DIAB_EYE_EXAM,2025-06-30,,True,False
MOCK09145,DIAB_EYE_EXAM,2025-07-26,,True,False
MOCK09151,DIAB_EYE_EXAM,2025-07-26,,True,False
MOCK09157,DIAB_EYE_EXAM,2025-07-07,,True,True
MOCK09163,DIAB_EYE_EXAM,2025-07-28,2026-05-22,True,True
MOCK09169,DIAB_EYE_EXAM,2025-07-06,2026-03-03,True,True
MOCK09175,DIAB_EYE_EXAM,2025-07-08,,True,False
MOCK09181,DIAB_EYE_EXAM,2025-07-31,,True,True
MOCK09187,DIAB_EYE_EXAM,2025-08-07,2025-12-22,True,False
MOCK09193,DIAB_EYE_EXAM,2025-07-10,,True,False
MOCK09199,DIAB_EYE_EXAM,2025-08-04,,True,True
MOCK09205,DIAB_EYE_EXAM,2025-08-04,,True,False
MOCK09211,DIAB_EYE_EXAM,2025-07-30,,True,False
MOCK09217,DIAB_EYE_EXAM,2025-07-05,,True,True
MOCK09223,DIAB_EYE_EXAM,2025-07-11,2026-02-12,True,True
MOCK09229,DIAB_EYE_EXAM,2025-07-26,,True,True
MOCK09235,DIAB_EYE_EXAM,2025-08-07,,True,True
MOCK09241,DIAB_EYE_EXAM,2025-07-31,,True,True
MOCK09247,DIAB_EYE_EXAM,2025-07-16,2026-01-16,True,False
MOCK09253,DIAB_EYE_EXAM,2025-07-09,,True,True
MOCK09259,DIAB_EYE_EXAM,2025-08-06,,True,True
MOCK09265,DIAB_EYE_EXAM,2025-07-10,,True,True
MOCK09271,DIAB_EYE_EXAM,2025-07-13,2026-04-05,True,True
MOCK09277,DIAB_EYE_EXAM,2025-08-06,,True,False
MOCK09283,DIAB_EYE_EXAM,2025-07-21,,True,True
MOCK09289,DIAB_EYE_EXAM,2025-07-10,,True,True
MOCK09295,DIAB_EYE_EXAM,2025-06-30,,True,False
MOCK09301,DIAB_EYE_EXAM,2025-07-16,,True,False
MOCK09307,DIAB_EYE_EXAM,2025-08-07,2025-12-11,True,False
MOCK09313,DIAB_EYE_EXAM,2025-07-16,2026-05-23,True,False
MOCK09319,DIAB_EYE_EXAM,2025-07-27,2026-04-11,True,False
MOCK09325,DIAB_EYE_EXAM,2025-07-09,,True,False
MOCK09331,DIAB_EYE_EXAM,2025-07-30,,True,False
MOCK09337,DIAB_EYE_EXAM,2025-07-30,2026-05-10,True,True
MOCK09343,DIAB_EYE_EXAM,2025-07-23,,True,False
MOCK09349,DIAB_EYE_EXAM,2025-07-30,2026-05-10,True,False
MOCK09355,DIAB_EYE_EXAM,2025-07-22,,True,False
MOCK09361,DIAB_EYE_EXAM,2025-07-14,2026-05-04,True,False
MOCK09367,DIAB_EYE_EXAM,2025-07-28,,True,False
MOCK09373,DIAB_EYE_EXAM,2025-08-01,,True,True
MOCK09379,DIAB_EYE_EXAM,2025-08-01,,True,False
MOCK09385,DIAB_EYE_EXAM,2025-07-08,2026-05-25,True,True
MOCK09391,DIAB_EYE_EXAM,2025-07-26,2025-11-19,True,False
MOCK09397,DIAB_EYE_EXAM,2025-06-30,2026-05-10,True,False
MOCK09403,DIAB_EYE_EXAM,2025-07-22,2026-01-02,True,True
MOCK09409,DIAB_EYE_EXAM,2025-07-22,,True,True
MOCK09415,DIAB_EYE_EXAM,2025-07-14,2026-05-01,True,True
MOCK09421,DIAB_EYE_EXAM,2025-08-07,2025-11-24,True,False
MOCK09427,DIAB_EYE_EXAM,2025-08-03,2025-12-01,True,False
MOCK09433,DIAB_EYE_EXAM,2025-07-01,,True,False
MOCK09439,DIAB_EYE_EXAM,2025-07-08,,True,True
MOCK09445,DIAB_EYE_EXAM,2025-07-08,2026-05-24,True,False
MOCK09451,DIAB_EYE_EXAM,2025-08-04,2025-11-05,True,False
MOCK09457,DIAB_EYE_EXAM,2025-07-20,,True,True
MOCK09463,DIAB_EYE_EXAM,2025-07-28,,True,True
MOCK09469,DIAB_EYE_EXAM,2025-07-31,,True,False
MOCK09475,DIAB_EYE_EXAM,2025-07-29,,True,True
MOCK09481,DIAB_EYE_EXAM,2025-07-03,,True,True
MOCK09487,DIAB_EYE_EXAM,2025-07-05,,True,True
MOCK09493,DIAB_EYE_EXAM,2025-07-15,2026-04-13,True,True
MOCK09499,DIAB_EYE_EXAM,2025-07-13,,True,True
MOCK09505,DIAB_EYE_EXAM,2025-07-29,,True,True
MOCK09511,DIAB_EYE_EXAM,2025-07-06,2026-04-14,True,False
MOCK09517,DIAB_EYE_EXAM,2025-07-14,,True,False
MOCK09523,DIAB_EYE_EXAM,2025-07-09,,True,True
MOCK09529,DIAB_EYE_EXAM,2025-07-07,,True,False
MOCK09535,DIAB_EYE_EXAM,2025-07-06,,True,False
MOCK09541,DIAB_EYE_EXAM,2025-07-07,2026-03-11,True,True
MOCK09547,DIAB_EYE_EXAM,2025-07-22,,True,True
MOCK09553,DIAB_EYE_EXAM,2025-07-15,,True,True
MOCK09559,DIAB_EYE_EXAM,2025-07-16,,True,False
MOCK09565,DIAB_EYE_EXAM,2025-07-18,,True,False
MOCK09571,DIAB_EYE_EXAM,2025-07-28,,True,True
MOCK09577,DIAB_EYE_EXAM,2025-08-02,,True,False
MOCK09583,DIAB_EYE_EXAM,2025-07-20,,True,False
MOCK09589,DIAB_EYE_EXAM,2025-07-25,,True,True
MOCK09595,DIAB_EYE_EXAM,2025-07-28,,True,False
MOCK09601,DIAB_EYE_EXAM,2025-07-26,,True,False
MOCK09607,DIAB_EYE_EXAM,2025-07-05,,True,False
MOCK09613,DIAB_EYE_EXAM,2025-08-07,,True,False
MOCK09619,DIAB_EYE_EXAM,2025-07-06,2026-04-07,True,False
MOCK09625,DIAB_EYE_EXAM,2025-07-16,,True,True
MOCK09631,DIAB_EYE_EXAM,2025-07-25,,True,True
MOCK09637,DIAB_EYE_EXAM,2025-07-15,,True,False
MOCK09643,DIAB_EYE_EXAM,2025-07-09,,True,True
MOCK09649,DIAB_EYE_EXAM,2025-08-05,2026-01-16,True,False
MOCK09655,DIAB_EYE_EXAM,2025-07-02,,True,True
MOCK09661,DIAB_EYE_EXAM,2025-07-09,,True,False
MOCK09667,DIAB_EYE_EXAM,2025-08-07,,True,False
MOCK09673,DIAB_EYE_EXAM,2025-07-28,,True,True
MOCK09679,DIAB_EYE_EXAM,2025-07-03,,True,False
MOCK09685,DIAB_EYE_EXAM,2025-07-29,,True,True
MOCK09691,DIAB_EYE_EXAM,2025-08-06,,True,False
MOCK09697,DIAB_EYE_EXAM,2025-07-03,,True,False
MOCK09703,DIAB_EYE_EXAM,2025-07-16,2026-03-01,True,False
MOCK09709,DIAB_EYE_EXAM,2025-07-18,,True,False
MOCK09715,DIAB_EYE_EXAM,2025-07-05,,True,False
MOCK09721,DIAB_EYE_EXAM,2025-07-07,2025-11-28,True,False
MOCK09727,DIAB_EYE_EXAM,2025-07-06,,True,True
MOCK09733,DIAB_EYE_EXAM,2025-07-07,,True,False
MOCK09739,DIAB_EYE_EXAM,2025-07-15,2026-01-12,True,False
MOCK09745,DIAB_EYE_EXAM,2025-07-18,,True,True
MOCK09751,DIAB_EYE_EXAM,2025-07-09,,True,False
MOCK09757,DIAB_EYE_EXAM,2025-07-11,,True,True
MOCK09763,DIAB_EYE_EXAM,2025-07-07,2025-12-14,True,False
MOCK09769,DIAB_EYE_EXAM,2025-07-31,,True,True
MOCK09775,DIAB_EYE_EXAM,2025-07-08,,True,False
MOCK09781,DIAB_EYE_EXAM,2025-08-04,2026-03-19,True,True
MOCK09787,DIAB_EYE_EXAM,2025-07-21,,True,False
MOCK09793,DIAB_EYE_EXAM,2025-07-31,2025-10-31,True,True
MOCK09799,DIAB_EYE_EXAM,2025-07-24,,True,False
MOCK09805,DIAB_EYE_EXAM,2025-07-10,2026-02-22,True,False
MOCK09811,DIAB_EYE_EXAM,2025-07-23,2026-03-19,True,False
MOCK09817,DIAB_EYE_EXAM,2025-07-10,,True,True
MOCK09823,DIAB_EYE_EXAM,2025-07-04,,True,True
MOCK09829,DIAB_EYE_EXAM,2025-07-09,2026-04-03,True,True
MOCK09835,DIAB_EYE_EXAM,2025-07-10,,True,False
MOCK09841,DIAB_EYE_EXAM,2025-07-05,2026-04-10,True,True
MOCK09847,DIAB_EYE_EXAM,2025-06-30,2026-02-07,True,False
MOCK09853,DIAB_EYE_EXAM,2025-08-05,,True,True
MOCK09859,DIAB_EYE_EXAM,2025-07-20,2026-03-09,True,False
MOCK09865,DIAB_EYE_EXAM,2025-07-15,2025-12-09,True,True
MOCK09871,DIAB_EYE_EXAM,2025-08-05,,True,False
MOCK09877,DIAB_EYE_EXAM,2025-07-08,,True,True
MOCK09883,DIAB_EYE_EXAM,2025-07-15,,True,True
MOCK09889,DIAB_EYE_EXAM,2025-08-02,,True,True
MOCK09895,DIAB_EYE_EXAM,2025-07-24,,True,True
MOCK09901,DIAB_EYE_EXAM,2025-07-15,2026-03-31,True,False
MOCK09907,DIAB_EYE_EXAM,2025-07-09,,True,False
MOCK09913,DIAB_EYE_EXAM,2025-07-01,2026-03-07,True,False
MOCK09919,DIAB_EYE_EXAM,2025-07-03,2025-11-10,True,False
MOCK09925,DIAB_EYE_EXAM,2025-07-06,,True,False
MOCK09931,DIAB_EYE_EXAM,2025-07-30,,True,True
MOCK09937,DIAB_EYE_EXAM,2025-07-24,,True,True
MOCK09943,DIAB_EYE_EXAM,2025-07-16,,True,True
MOCK09949,DIAB_EYE_EXAM,2025-07-30,,True,True
MOCK09955,DIAB_EYE_EXAM,2025-07-06,2025-12-09,True,False
MOCK09961,DIAB_EYE_EXAM,2025-07-08,,True,False
MOCK09967,DIAB_EYE_EXAM,2025-07-15,,True,False
MOCK09973,DIAB_EYE_EXAM,2025-08-04,,True,False
MOCK09979,DIAB_EYE_EXAM,2025-07-23,,True,True
MOCK09985,DIAB_EYE_EXAM,2025-08-02,2026-01-12,True,False
MOCK09991,DIAB_EYE_EXAM,2025-07-09,,True,True
MOCK09997,DIAB_EYE_EXAM,2025-08-02,,True,True
MOCK00001,DIAB_NEPHRO_SCREEN,2025-07-02,,True,True
MOCK00007,DIAB_NEPHRO_SCREEN,2025-07-08,,True,True
MOCK00013,DIAB_NEPHRO_SCREEN,2025-07-20,2026-04-07,True,False
MOCK00019,DIAB_NEPHRO_SCREEN,2025-07-01,2025-11-06,True,True
MOCK00025,DIAB_NEPHRO_SCREEN,2025-08-02,2026-04-27,True,True
MOCK00031,DIAB_NEPHRO_SCREEN,2025-08-02,,True,False
MOCK00037,DIAB_NEPHRO_SCREEN,2025-07-21,2026-03-05,True,False
MOCK00043,DIAB_NEPHRO_SCREEN,2025-07-11,2026-02-01,True,False
MOCK00049,DIAB_NEPHRO_SCREEN,2025-07-03,,True,False
MOCK00055,DIAB_NEPHRO_SCREEN,2025-07-24,,True,False
MOCK00061,DIAB_NEPHRO_SCREEN,2025-07-20,2026-04-22,True,True
MOCK00067,DIAB_NEPHRO_SCREEN,2025-07-29,,True,True
MOCK00073,DIAB_NEPHRO_SCREEN,2025-07-23,,True,True
MOCK00079,DIAB_NEPHRO_SCREEN,2025-07-05,2025-11-27,True,True
MOCK00085,DIAB_NEPHRO_SCREEN,2025-07-04,2026-02-05,True,False
MOCK00091,DIAB_NEPHRO_SCREEN,2025-07-30,2025-10-31,True,False
MOCK00097,DIAB_NEPHRO_SCREEN,2025-07-06,,True,False
MOCK00103,DIAB_NEPHRO_SCREEN,2025-08-05,,True,False
MOCK00109,DIAB_NEPHRO_SCREEN,2025-07-04,,True,False
MOCK00115,DIAB_NEPHRO_SCREEN,2025-07-28,2026-02-06,True,False
MOCK00121,DIAB_NEPHRO_SCREEN,2025-08-07,,True,False
MOCK00127,DIAB_NEPHRO_SCREEN,2025-07-17,,True,False
MOCK00133,DIAB_NEPHRO_SCREEN,2025-07-02,2026-03-08,True,True
MOCK00139,DIAB_NEPHRO_SCREEN,2025-08-03,2026-04-05,True,False
MOCK00145,DIAB_NEPHRO_SCREEN,2025-07-07,,True,True
MOCK00151,DIAB_NEPHRO_SCREEN,2025-07-20,,True,False
MOCK00157,DIAB_NEPHRO_SCREEN,2025-08-07,2026-03-08,True,True
MOCK00163,DIAB_NEPHRO_SCREEN,2025-07-29,,True,False
MOCK00169,DIAB_NEPHRO_SCREEN,2025-07-01,,True,True
MOCK00175,DIAB_NEPHRO_SCREEN,2025-07-31,,True,True
MOCK00181,DIAB_NEPHRO_SCREEN,2025-07-06,,True,False
MOCK00187,DIAB_NEPHRO_SCREEN,2025-07-29,2026-01-24,True,True
MOCK00193,DIAB_NEPHRO_SCREEN,2025-07-24,,True,False
MOCK00199,DIAB_NEPHRO_SCREEN,2025-07-11,,True,True
MOCK00205,DIAB_NEPHRO_SCREEN,2025-07-16,,True,True
MOCK00211,DIAB_NEPHRO_SCREEN,2025-07-04,,True,True
MOCK00217,DIAB_NEPHRO_SCREEN,2025-08-07,,True,False
MOCK00223,DIAB_NEPHRO_SCREEN,2025-07-09,,True,False
MOCK00229,DIAB_NEPHRO_SCREEN,2025-07-12,,True,True
MOCK00235,DIAB_NEPHRO_SCREEN,2025-07-19,,True,True
MOCK00241,DIAB_NEPHRO_SCREEN,2025-07-26,,True,False
MOCK00247,DIAB_NEPHRO_SCREEN,2025-07-19,2025-12-19,True,False
MOCK00253,DIAB_NEPHRO_SCREEN,2025-07-19,,True,True
MOCK00259,DIAB_NEPHRO_SCREEN,2025-07-22,,True,True
MOCK00265,DIAB_NEPHRO_SCREEN,2025-08-02,,True,True
MOCK00271,DIAB_NEPHRO_SCREEN,2025-07-15,2025-12-01,True,True
MOCK00277,DIAB_NEPHRO_SCREEN,2025-08-01,,True,False
MOCK00283,DIAB_NEPHRO_SCREEN,2025-07-30,,True,False
MOCK00289,DIAB_NEPHRO_SCREEN,2025-08-06,,True,False
MOCK00295,DIAB_NEPHRO_SCREEN,2025-08-04,,True,False
MOCK00301,DIAB_NEPHRO_SCREEN,2025-07-31,,True,True
MOCK00307,DIAB_NEPHRO_SCREEN,2025-07-09,,True,False
MOCK00313,DIAB_NEPHRO_SCREEN,2025-07-30,2025-12-12,True,True
MOCK00319,DIAB_NEPHRO_SCREEN,2025-07-28,,True,True
MOCK00325,DIAB_NEPHRO_SCREEN,2025-07-11,,True,False
MOCK00331,DIAB_NEPHRO_SCREEN,2025-07-26,2025-11-28,True,True
MOCK00337,DIAB_NEPHRO_SCREEN,2025-07-09,2025-11-21,True,False
MOCK00343,DIAB_NEPHRO_SCREEN,2025-07-20,2026-03-06,True,False
MOCK00349,DIAB_NEPHRO_SCREEN,2025-07-31,2025-11-04,True,False
MOCK00355,DIAB_NEPHRO_SCREEN,2025-07-07,,True,False
MOCK00361,DIAB_NEPHRO_SCREEN,2025-07-13,2026-04-21,True,True
MOCK00367,DIAB_NEPHRO_SCREEN,2025-07-31,,True,True
MOCK00373,DIAB_NEPHRO_SCREEN,2025-07-17,2026-05-21,True,False
MOCK00379,DIAB_NEPHRO_SCREEN,2025-08-06,,True,False
MOCK00385,DIAB_NEPHRO_SCREEN,2025-06-30,,True,False
MOCK00391,DIAB_NEPHRO_SCREEN,2025-07-28,,True,True
MOCK00397,DIAB_NEPHRO_SCREEN,2025-07-31,,True,True
MOCK00403,DIAB_NEPHRO_SCREEN,2025-08-04,,True,True
MOCK00409,DIAB_NEPHRO_SCREEN,2025-07-06,,True,False
MOCK00415,DIAB_NEPHRO_SCREEN,2025-08-07,,True,False
MOCK00421,DIAB_NEPHRO_SCREEN,2025-07-15,2026-05-19,True,False
MOCK00427,DIAB_NEPHRO_SCREEN,2025-07-13,2026-01-20,True,True
MOCK00433,DIAB_NEPHRO_SCREEN,2025-07-13,,True,False
MOCK00439,DIAB_NEPHRO_SCREEN,2025-07-24,,True,True
MOCK00445,DIAB_NEPHRO_SCREEN,2025-07-25,2026-04-09,True,True
MOCK00451,DIAB_NEPHRO_SCREEN,2025-07-18,2025-12-16,True,True
MOCK00457,DIAB_NEPHRO_SCREEN,2025-07-02,,True,False
MOCK00463,DIAB_NEPHRO_SCREEN,2025-08-07,2026-05-02,True,False
MOCK00469,DIAB_NEPHRO_SCREEN,2025-07-08,,True,True
MOCK00475,DIAB_NEPHRO_SCREEN,2025-07-03,2026-01-21,True,False
MOCK00481,DIAB_NEPHRO_SCREEN,2025-07-23,,True,False
MOCK00487,DIAB_NEPHRO_SCREEN,2025-07-16,,True,True
MOCK00493,DIAB_NEPHRO_SCREEN,2025-07-24,,True,True
MOCK00499,DIAB_NEPHRO_SCREEN,2025-08-03,,True,False
MOCK00505,DIAB_NEPHRO_SCREEN,2025-07-03,,True,False
MOCK00511,DIAB_NEPHRO_SCREEN,2025-07-11,2025-11-23,True,False
MOCK00517,DIAB_NEPHRO_SCREEN,2025-07-20,2025-11-29,True,True
MOCK00523,DIAB_NEPHRO_SCREEN,2025-07-30,2026-02-19,True,False
MOCK00529,DIAB_NEPHRO_SCREEN,2025-07-23,2026-01-20,True,False
MOCK00535,DIAB_NEPHRO_SCREEN,2025-07-14,,True,True
MOCK00541,DIAB_NEPHRO_SCREEN,2025-07-23,,True,True
MOCK00547,DIAB_NEPHRO_SCREEN,2025-08-07,2026-04-02,True,False
MOCK00553,DIAB_NEPHRO_SCREEN,2025-07-18,,True,True
MOCK00559,DIAB_NEPHRO_SCREEN,2025-08-03,2026-01-17,True,False
MOCK00565,DIAB_NEPHRO_SCREEN,2025-07-30,2026-05-25,True,False
MOCK00571,DIAB_NEPHRO_SCREEN,2025-07-11,,True,True
MOCK00577,DIAB_NEPHRO_SCREEN,2025-07-09,,True,False
MOCK00583,DIAB_NEPHRO_SCREEN,2025-07-30,2026-03-19,True,False
MOCK00589,DIAB_NEPHRO_SCREEN,2025-07-08,,True,False
MOCK00595,DIAB_NEPHRO_SCREEN,2025-07-13,,True,False
MOCK00601,DIAB_NEPHRO_SCREEN,2025-07-09,,True,False
MOCK00607,DIAB_NEPHRO_SCREEN,2025-07-23,,True,True
MOCK00613,DIAB_NEPHRO_SCREEN,2025-07-11,,True,False
MOCK00619,DIAB_NEPHRO_SCREEN,2025-07-25,2026-01-04,True,False
MOCK00625,DIAB_NEPHRO_SCREEN,2025-08-05,,True,False
MOCK00631,DIAB_NEPHRO_SCREEN,2025-08-01,,True,False
MOCK00637,DIAB_NEPHRO_SCREEN,2025-08-05,,True,True
MOCK00643,DIAB_NEPHRO_SCREEN,2025-06-30,,True,False
MOCK00649,DIAB_NEPHRO_SCREEN,2025-07-17,2026-01-08,True,True
MOCK00655,DIAB_NEPHRO_SCREEN,2025-07-08,,True,True
MOCK00661,DIAB_NEPHRO_SCREEN,2025-08-04,,True,False
MOCK00667,DIAB_NEPHRO_SCREEN,2025-07-27,2026-04-03,True,False
MOCK00673,DIAB_NEPHRO_SCREEN,2025-07-12,,True,False
MOCK00679,DIAB_NEPHRO_SCREEN,2025-07-21,,True,False
MOCK00685,DIAB_NEPHRO_SCREEN,2025-07-23,,True,True
MOCK00691,DIAB_NEPHRO_SCREEN,2025-07-19,2025-11-24,True,False
MOCK00697,DIAB_NEPHRO_SCREEN,2025-07-18,2026-02-15,True,True
MOCK00703,DIAB_NEPHRO_SCREEN,2025-07-02,,True,False
MOCK00709,DIAB_NEPHRO_SCREEN,2025-07-17,,True,False
MOCK00715,DIAB_NEPHRO_SCREEN,2025-07-13,,True,True
MOCK00721,DIAB_NEPHRO_SCREEN,2025-07-31,,True,True
MOCK00727,DIAB_NEPHRO_SCREEN,2025-08-02,,True,True
MOCK00733,DIAB_NEPHRO_SCREEN,2025-07-29,,True,False
MOCK00739,DIAB_NEPHRO_SCREEN,2025-07-01,,True,False
MOCK00745,DIAB_NEPHRO_SCREEN,2025-08-01,,True,True
MOCK00751,DIAB_NEPHRO_SCREEN,2025-07-15,,True,True
MOCK00757,DIAB_NEPHRO_SCREEN,2025-07-16,2026-01-13,True,True
MOCK00763,DIAB_NEPHRO_SCREEN,2025-08-05,2026-02-18,True,True
MOCK00769,DIAB_NEPHRO_SCREEN,2025-08-02,2026-04-14,True,False
MOCK00775,DIAB_NEPHRO_SCREEN,2025-07-01,2026-05-26,True,False
MOCK00781,DIAB_NEPHRO_SCREEN,2025-07-14,,True,True
MOCK00787,DIAB_NEPHRO_SCREEN,2025-07-29,,True,False
MOCK00793,DIAB_NEPHRO_SCREEN,2025-07-21,,True,True
MOCK00799,DIAB_NEPHRO_SCREEN,2025-07-10,2026-03-23,True,True
MOCK00805,DIAB_NEPHRO_SCREEN,2025-07-20,,True,False
MOCK00811,DIAB_NEPHRO_SCREEN,2025-08-02,,True,True
MOCK00817,DIAB_NEPHRO_SCREEN,2025-07-08,,True,False
MOCK00823,DIAB_NEPHRO_SCREEN,2025-07-29,,True,False
MOCK00829,DIAB_NEPHRO_SCREEN,2025-07-28,,True,False
MOCK00835,DIAB_NEPHRO_SCREEN,2025-08-03,,True,True
MOCK00841,DIAB_NEPHRO_SCREEN,2025-07-11,2026-05-08,True,False
MOCK00847,DIAB_NEPHRO_SCREEN,2025-07-08,2026-05-16,True,True
MOCK00853,DIAB_NEPHRO_SCREEN,2025-07-21,,True,False
MOCK00859,DIAB_NEPHRO_SCREEN,2025-07-20,,True,True
MOCK00865,DIAB_NEPHRO_SCREEN,2025-07-15,2026-04-03,True,False
MOCK00871,DIAB_NEPHRO_SCREEN,2025-07-30,,True,True
MOCK00877,DIAB_NEPHRO_SCREEN,2025-07-31,,True,False
MOCK00883,DIAB_NEPHRO_SCREEN,2025-07-09,,True,False
MOCK00889,DIAB_NEPHRO_SCREEN,2025-07-31,2026-03-21,True,True
MOCK00895,DIAB_NEPHRO_SCREEN,2025-07-08,,True,False
MOCK00901,DIAB_NEPHRO_SCREEN,2025-07-15,2026-05-04,True,True
MOCK00907,DIAB_NEPHRO_SCREEN,2025-07-01,,True,False
MOCK00913,DIAB_NEPHRO_SCREEN,2025-07-13,2025-12-09,True,True
MOCK00919,DIAB_NEPHRO_SCREEN,2025-08-06,2026-02-13,True,True
MOCK00925,DIAB_NEPHRO_SCREEN,2025-07-17,,True,False
MOCK00931,DIAB_NEPHRO_SCREEN,2025-07-27,,True,False
MOCK00937,DIAB_NEPHRO_SCREEN,2025-07-04,,True,False
MOCK00943,DIAB_NEPHRO_SCREEN,2025-07-24,,True,False
MOCK00949,DIAB_NEPHRO_SCREEN,2025-07-14,,True,True
MOCK00955,DIAB_NEPHRO_SCREEN,2025-07-29,,True,True
MOCK00961,DIAB_NEPHRO_SCREEN,2025-08-05,2026-01-14,True,False
MOCK00967,DIAB_NEPHRO_SCREEN,2025-07-20,,True,False
MOCK00973,DIAB_NEPHRO_SCREEN,2025-07-04,2025-12-22,True,True
MOCK00979,DIAB_NEPHRO_SCREEN,2025-07-18,,True,True
MOCK00985,DIAB_NEPHRO_SCREEN,2025-07-04,,True,False
MOCK00991,DIAB_NEPHRO_SCREEN,2025-07-17,,True,False
MOCK00997,DIAB_NEPHRO_SCREEN,2025-07-02,,True,False
MOCK01003,DIAB_NEPHRO_SCREEN,2025-07-24,2026-04-09,True,True
MOCK01009,DIAB_NEPHRO_SCREEN,2025-07-12,,True,False
MOCK01015,DIAB_NEPHRO_SCREEN,2025-07-07,,True,False
MOCK01021,DIAB_NEPHRO_SCREEN,2025-06-30,,True,True
MOCK01027,DIAB_NEPHRO_SCREEN,2025-08-03,2026-02-27,True,True
MOCK01033,DIAB_NEPHRO_SCREEN,2025-08-01,,True,True
MOCK01039,DIAB_NEPHRO_SCREEN,2025-07-31,,True,False
MOCK01045,DIAB_NEPHRO_SCREEN,2025-07-02,,True,True
MOCK01051,DIAB_NEPHRO_SCREEN,2025-07-13,,True,False
MOCK01057,DIAB_NEPHRO_SCREEN,2025-08-06,2026-04-26,True,False
MOCK01063,DIAB_NEPHRO_SCREEN,2025-07-22,,True,True
MOCK01069,DIAB_NEPHRO_SCREEN,2025-07-05,,True,False
MOCK01075,DIAB_NEPHRO_SCREEN,2025-07-05,,True,False
MOCK01081,DIAB_NEPHRO_SCREEN,2025-07-10,,True,True
MOCK01087,DIAB_NEPHRO_SCREEN,2025-08-06,,True,False
MOCK01093,DIAB_NEPHRO_SCREEN,2025-07-06,,True,False
MOCK01099,DIAB_NEPHRO_SCREEN,2025-08-04,,True,True
MOCK01105,DIAB_NEPHRO_SCREEN,2025-07-26,,True,False
MOCK01111,DIAB_NEPHRO_SCREEN,2025-08-04,,True,False
MOCK01117,DIAB_NEPHRO_SCREEN,2025-08-01,,True,True
MOCK01123,DIAB_NEPHRO_SCREEN,2025-07-12,2026-04-23,True,False
MOCK01129,DIAB_NEPHRO_SCREEN,2025-08-01,,True,False
MOCK01135,DIAB_NEPHRO_SCREEN,2025-07-06,,True,False
MOCK01141,DIAB_NEPHRO_SCREEN,2025-07-11,,True,True
MOCK01147,DIAB_NEPHRO_SCREEN,2025-07-08,,True,True
MOCK01153,DIAB_NEPHRO_SCREEN,2025-07-05,2026-01-22,True,True
MOCK01159,DIAB_NEPHRO_SCREEN,2025-07-03,,True,False
MOCK01165,DIAB_NEPHRO_SCREEN,2025-07-07,2025-12-29,True,False
MOCK01171,DIAB_NEPHRO_SCREEN,2025-07-04,,True,False
MOCK01177,DIAB_NEPHRO_SCREEN,2025-07-14,,True,True
MOCK01183,DIAB_NEPHRO_SCREEN,2025-07-02,2025-12-30,True,False
MOCK01189,DIAB_NEPHRO_SCREEN,2025-07-02,,True,False
MOCK01195,DIAB_NEPHRO_SCREEN,2025-08-07,,True,False
MOCK01201,DIAB_NEPHRO_SCREEN,2025-07-03,,True,False
MOCK01207,DIAB_NEPHRO_SCREEN,2025-07-02,2026-05-02,True,False
MOCK01213,DIAB_NEPHRO_SCREEN,2025-07-01,,True,True
MOCK01219,DIAB_NEPHRO_SCREEN,2025-07-05,,True,False
MOCK01225,DIAB_NEPHRO_SCREEN,2025-07-20,,True,False
MOCK01231,DIAB_NEPHRO_SCREEN,2025-08-01,,True,False
MOCK01237,DIAB_NEPHRO_SCREEN,2025-07-28,,True,True
MOCK01243,DIAB_NEPHRO_SCREEN,2025-07-22,,True,False
MOCK01249,DIAB_NEPHRO_SCREEN,2025-07-03,,True,True
MOCK01255,DIAB_NEPHRO_SCREEN,2025-07-30,,True,True
MOCK01261,DIAB_NEPHRO_SCREEN,2025-07-01,,True,True
MOCK01267,DIAB_NEPHRO_SCREEN,2025-07-24,,True,False
MOCK01273,DIAB_NEPHRO_SCREEN,2025-07-15,,True,True
MOCK01279,DIAB_NEPHRO_SCREEN,2025-08-03,,True,False
MOCK01285,DIAB_NEPHRO_SCREEN,2025-07-11,2026-04-11,True,False
MOCK01291,DIAB_NEPHRO_SCREEN,2025-07-24,,True,False
MOCK01297,DIAB_NEPHRO_SCREEN,2025-07-17,,True,False
MOCK01303,DIAB_NEPHRO_SCREEN,2025-07-20,,True,False
MOCK01309,DIAB_NEPHRO_SCREEN,2025-08-05,2026-01-14,True,False
MOCK01315,DIAB_NEPHRO_SCREEN,2025-07-27,2026-01-16,True,True
MOCK01321,DIAB_NEPHRO_SCREEN,2025-07-16,,True,True
MOCK01327,DIAB_NEPHRO_SCREEN,2025-07-17,,True,False
MOCK01333,DIAB_NEPHRO_SCREEN,2025-07-27,,True,False
MOCK01339,DIAB_NEPHRO_SCREEN,2025-07-13,2026-03-19,True,False
MOCK01345,DIAB_NEPHRO_SCREEN,2025-07-06,,True,True
MOCK01351,DIAB_NEPHRO_SCREEN,2025-07-18,,True,False
MOCK01357,DIAB_NEPHRO_SCREEN,2025-07-02,,True,False
MOCK01363,DIAB_NEPHRO_SCREEN,2025-07-06,,True,False
MOCK01369,DIAB_NEPHRO_SCREEN,2025-07-16,,True,False
MOCK01375,DIAB_NEPHRO_SCREEN,2025-07-31,2025-12-28,True,False
MOCK01381,DIAB_NEPHRO_SCREEN,2025-07-30,2025-11-28,True,False
MOCK01387,DIAB_NEPHRO_SCREEN,2025-07-10,2025-12-09,True,False
MOCK01393,DIAB_NEPHRO_SCREEN,2025-07-16,,True,False
MOCK01399,DIAB_NEPHRO_SCREEN,2025-07-05,,True,False
MOCK01405,DIAB_NEPHRO_SCREEN,2025-07-29,,True,False
MOCK01411,DIAB_NEPHRO_SCREEN,2025-07-09,,True,False
MOCK01417,DIAB_NEPHRO_SCREEN,2025-07-31,2026-05-13,True,False
MOCK01423,DIAB_NEPHRO_SCREEN,2025-08-01,,True,False
MOCK01429,DIAB_NEPHRO_SCREEN,2025-07-26,2026-04-02,True,True
MOCK01435,DIAB_NEPHRO_SCREEN,2025-07-12,,True,False
MOCK01441,DIAB_NEPHRO_SCREEN,2025-08-06,,True,False
MOCK01447,DIAB_NEPHRO_SCREEN,2025-07-26,,True,True
MOCK01453,DIAB_NEPHRO_SCREEN,2025-07-25,,True,True
MOCK01459,DIAB_NEPHRO_SCREEN,2025-08-02,2026-01-06,True,True
MOCK01465,DIAB_NEPHRO_SCREEN,2025-08-03,2026-01-25,True,False
MOCK01471,DIAB_NEPHRO_SCREEN,2025-07-03,,True,False
MOCK01477,DIAB_NEPHRO_SCREEN,2025-08-03,2026-03-09,True,False
MOCK01483,DIAB_NEPHRO_SCREEN,2025-07-29,,True,True
MOCK01489,DIAB_NEPHRO_SCREEN,2025-07-08,,True,False
MOCK01495,DIAB_NEPHRO_SCREEN,2025-07-11,,True,False
MOCK01501,DIAB_NEPHRO_SCREEN,2025-07-29,,True,False
MOCK01507,DIAB_NEPHRO_SCREEN,2025-07-08,,True,True
MOCK01513,DIAB_NEPHRO_SCREEN,2025-07-17,,True,True
MOCK01519,DIAB_NEPHRO_SCREEN,2025-07-26,,True,False
MOCK01525,DIAB_NEPHRO_SCREEN,2025-07-25,,True,True
MOCK01531,DIAB_NEPHRO_SCREEN,2025-08-04,,True,False
MOCK01537,DIAB_NEPHRO_SCREEN,2025-07-04,2026-02-08,True,False
MOCK01543,DIAB_NEPHRO_SCREEN,2025-07-11,2025-12-29,True,True
MOCK01549,DIAB_NEPHRO_SCREEN,2025-08-07,,True,True
MOCK01555,DIAB_NEPHRO_SCREEN,2025-07-22,2025-11-24,True,False
MOCK01561,DIAB_NEPHRO_SCREEN,2025-07-09,,True,False
MOCK01567,DIAB_NEPHRO_SCREEN,2025-07-11,,True,False
MOCK01573,DIAB_NEPHRO_SCREEN,2025-07-13,,True,True
MOCK01579,DIAB_NEPHRO_SCREEN,2025-07-21,2025-12-23,True,False
MOCK01585,DIAB_NEPHRO_SCREEN,2025-07-11,2026-01-27,True,False
MOCK01591,DIAB_NEPHRO_SCREEN,2025-07-24,2026-01-16,True,False
MOCK01597,DIAB_NEPHRO_SCREEN,2025-07-17,,True,False
MOCK01603,DIAB_NEPHRO_SCREEN,2025-07-23,,True,True
MOCK01609,DIAB_NEPHRO_SCREEN,2025-07-06,,True,False
MOCK01615,DIAB_NEPHRO_SCREEN,2025-07-24,,True,False
MOCK01621,DIAB_NEPHRO_SCREEN,2025-08-05,2026-03-11,True,True
MOCK01627,DIAB_NEPHRO_SCREEN,2025-07-05,,True,False
MOCK01633,DIAB_NEPHRO_SCREEN,2025-07-12,2025-11-29,True,False
MOCK01639,DIAB_NEPHRO_SCREEN,2025-07-27,2025-11-21,True,False
MOCK01645,DIAB_NEPHRO_SCREEN,2025-07-24,,True,True
MOCK01651,DIAB_NEPHRO_SCREEN,2025-07-26,,True,False
MOCK01657,DIAB_NEPHRO_SCREEN,2025-07-21,,True,True
MOCK01663,DIAB_NEPHRO_SCREEN,2025-07-26,,True,False
MOCK01669,DIAB_NEPHRO_SCREEN,2025-07-23,2025-10-29,True,False
MOCK01675,DIAB_NEPHRO_SCREEN,2025-07-02,,True,True
MOCK01681,DIAB_NEPHRO_SCREEN,2025-07-29,,True,True
MOCK01687,DIAB_NEPHRO_SCREEN,2025-07-17,,True,False
MOCK01693,DIAB_NEPHRO_SCREEN,2025-07-02,,True,True
MOCK01699,DIAB_NEPHRO_SCREEN,2025-07-15,,True,False
MOCK01705,DIAB_NEPHRO_SCREEN,2025-07-16,2025-12-25,True,False
MOCK01711,DIAB_NEPHRO_SCREEN,2025-07-03,,True,False
MOCK01717,DIAB_NEPHRO_SCREEN,2025-08-07,,True,True
MOCK01723,DIAB_NEPHRO_SCREEN,2025-07-08,2026-01-24,True,True
MOCK01729,DIAB_NEPHRO_SCREEN,2025-07-12,,True,True
MOCK01735,DIAB_NEPHRO_SCREEN,2025-07-17,,True,False
MOCK01741,DIAB_NEPHRO_SCREEN,2025-08-01,,True,False
MOCK01747,DIAB_NEPHRO_SCREEN,2025-07-28,2026-04-13,True,False
MOCK01753,DIAB_NEPHRO_SCREEN,2025-07-30,2026-03-29,True,True
MOCK01759,DIAB_NEPHRO_SCREEN,2025-07-09,2025-12-25,True,True
MOCK01765,DIAB_NEPHRO_SCREEN,2025-08-01,,True,True
MOCK01771,DIAB_NEPHRO_SCREEN,2025-08-01,,True,False
MOCK01777,DIAB_NEPHRO_SCREEN,2025-07-18,,True,True
MOCK01783,DIAB_NEPHRO_SCREEN,2025-07-21,2025-11-01,True,True
MOCK01789,DIAB_NEPHRO_SCREEN,2025-07-01,,True,False
MOCK01795,DIAB_NEPHRO_SCREEN,2025-07-29,,True,False
MOCK01801,DIAB_NEPHRO_SCREEN,2025-08-06,,True,True
MOCK01807,DIAB_NEPHRO_SCREEN,2025-07-18,,True,False
MOCK01813,DIAB_NEPHRO_SCREEN,2025-07-21,2026-01-25,True,True
MOCK01819,DIAB_NEPHRO_SCREEN,2025-07-19,2025-12-07,True,True
MOCK01825,DIAB_NEPHRO_SCREEN,2025-07-03,,True,True
MOCK01831,DIAB_NEPHRO_SCREEN,2025-07-24,,True,True
MOCK01837,DIAB_NEPHRO_SCREEN,2025-07-28,,True,False
MOCK01843,DIAB_NEPHRO_SCREEN,2025-08-05,,True,False
MOCK01849,DIAB_NEPHRO_SCREEN,2025-08-05,,True,False
MOCK01855,DIAB_NEPHRO_SCREEN,2025-07-19,2026-01-29,True,True
MOCK01861,DIAB_NEPHRO_SCREEN,2025-08-06,,True,False
MOCK01867,DIAB_NEPHRO_SCREEN,2025-07-20,,True,False
MOCK01873,DIAB_NEPHRO_SCREEN,2025-07-25,,True,True
MOCK01879,DIAB_NEPHRO_SCREEN,2025-07-23,,True,False
MOCK01885,DIAB_NEPHRO_SCREEN,2025-08-07,2025-11-06,True,False
MOCK01891,DIAB_NEPHRO_SCREEN,2025-07-28,,True,False
MOCK01897,DIAB_NEPHRO_SCREEN,2025-07-04,2026-05-14,True,True
MOCK01903,DIAB_NEPHRO_SCREEN,2025-07-02,,True,False
MOCK01909,DIAB_NEPHRO_SCREEN,2025-07-15,,True,False
MOCK01915,DIAB_NEPHRO_SCREEN,2025-07-20,,True,False
MOCK01921,DIAB_NEPHRO_SCREEN,2025-07-26,2026-02-08,True,False
MOCK01927,DIAB_NEPHRO_SCREEN,2025-07-18,2025-11-08,True,True
MOCK01933,DIAB_NEPHRO_SCREEN,2025-07-20,,True,False
MOCK01939,DIAB_NEPHRO_SCREEN,2025-08-04,,True,False
MOCK01945,DIAB_NEPHRO_SCREEN,2025-07-13,,True,False
MOCK01951,DIAB_NEPHRO_SCREEN,2025-07-19,2026-04-10,True,True
MOCK01957,DIAB_NEPHRO_SCREEN,2025-07-21,,True,True
MOCK01963,DIAB_NEPHRO_SCREEN,2025-07-18,,True,True
MOCK01969,DIAB_NEPHRO_SCREEN,2025-08-06,2026-03-31,True,True
MOCK01975,DIAB_NEPHRO_SCREEN,2025-08-06,,True,False
MOCK01981,DIAB_NEPHRO_SCREEN,2025-07-20,,True,True
MOCK01987,DIAB_NEPHRO_SCREEN,2025-07-17,,True,False
MOCK01993,DIAB_NEPHRO_SCREEN,2025-07-22,2025-12-13,True,False
MOCK01999,DIAB_NEPHRO_SCREEN,2025-07-07,,True,False
MOCK02005,DIAB_NEPHRO_SCREEN,2025-07-16,,True,True
MOCK02011,DIAB_NEPHRO_SCREEN,2025-07-08,,True,False
MOCK02017,DIAB_NEPHRO_SCREEN,2025-07-05,,True,False
MOCK02023,DIAB_NEPHRO_SCREEN,2025-07-03,,True,False
MOCK02029,DIAB_NEPHRO_SCREEN,2025-07-22,2026-02-28,True,True
MOCK02035,DIAB_NEPHRO_SCREEN,2025-06-30,,True,False
MOCK02041,DIAB_NEPHRO_SCREEN,2025-07-25,,True,True
MOCK02047,DIAB_NEPHRO_SCREEN,2025-07-16,,True,False
MOCK02053,DIAB_NEPHRO_SCREEN,2025-07-14,,True,True
MOCK02059,DIAB_NEPHRO_SCREEN,2025-07-30,2025-12-29,True,True
MOCK02065,DIAB_NEPHRO_SCREEN,2025-07-21,2025-11-12,True,False
MOCK02071,DIAB_NEPHRO_SCREEN,2025-07-28,,True,True
MOCK02077,DIAB_NEPHRO_SCREEN,2025-07-27,2026-05-04,True,False
MOCK02083,DIAB_NEPHRO_SCREEN,2025-07-01,,True,False
MOCK02089,DIAB_NEPHRO_SCREEN,2025-07-08,2026-03-23,True,True
MOCK02095,DIAB_NEPHRO_SCREEN,2025-07-22,,True,True
MOCK02101,DIAB_NEPHRO_SCREEN,2025-08-07,,True,True
MOCK02107,DIAB_NEPHRO_SCREEN,2025-07-06,,True,False
MOCK02113,DIAB_NEPHRO_SCREEN,2025-07-04,,True,False
MOCK02119,DIAB_NEPHRO_SCREEN,2025-08-05,2025-11-22,True,True
MOCK02125,DIAB_NEPHRO_SCREEN,2025-08-06,,True,False
MOCK02131,DIAB_NEPHRO_SCREEN,2025-07-06,,True,True
MOCK02137,DIAB_NEPHRO_SCREEN,2025-07-15,2026-02-03,True,False
MOCK02143,DIAB_NEPHRO_SCREEN,2025-07-24,,True,False
MOCK02149,DIAB_NEPHRO_SCREEN,2025-07-07,,True,True
MOCK02155,DIAB_NEPHRO_SCREEN,2025-07-12,,True,False
MOCK02161,DIAB_NEPHRO_SCREEN,2025-07-15,2025-12-06,True,True
MOCK02167,DIAB_NEPHRO_SCREEN,2025-07-25,2025-10-31,True,False
MOCK02173,DIAB_NEPHRO_SCREEN,2025-07-12,,True,False
MOCK02179,DIAB_NEPHRO_SCREEN,2025-07-16,2026-01-08,True,False
MOCK02185,DIAB_NEPHRO_SCREEN,2025-07-11,2026-04-03,True,False
MOCK02191,DIAB_NEPHRO_SCREEN,2025-07-29,,True,False
MOCK02197,DIAB_NEPHRO_SCREEN,2025-07-05,,True,True
MOCK02203,DIAB_NEPHRO_SCREEN,2025-07-08,2026-01-11,True,False
MOCK02209,DIAB_NEPHRO_SCREEN,2025-07-09,2026-05-20,True,True
MOCK02215,DIAB_NEPHRO_SCREEN,2025-08-04,,True,False
MOCK02221,DIAB_NEPHRO_SCREEN,2025-08-05,2026-04-16,True,True
MOCK02227,DIAB_NEPHRO_SCREEN,2025-07-19,,True,False
MOCK02233,DIAB_NEPHRO_SCREEN,2025-07-06,,True,False
MOCK02239,DIAB_NEPHRO_SCREEN,2025-07-29,,True,True
MOCK02245,DIAB_NEPHRO_SCREEN,2025-07-19,,True,False
MOCK02251,DIAB_NEPHRO_SCREEN,2025-08-02,,True,False
MOCK02257,DIAB_NEPHRO_SCREEN,2025-07-14,,True,True
MOCK02263,DIAB_NEPHRO_SCREEN,2025-08-07,,True,False
MOCK02269,DIAB_NEPHRO_SCREEN,2025-07-31,,True,False
MOCK02275,DIAB_NEPHRO_SCREEN,2025-07-08,2026-03-03,True,False
MOCK02281,DIAB_NEPHRO_SCREEN,2025-07-28,2026-03-01,True,True
MOCK02287,DIAB_NEPHRO_SCREEN,2025-07-11,,True,False
MOCK02293,DIAB_NEPHRO_SCREEN,2025-07-13,,True,True
MOCK02299,DIAB_NEPHRO_SCREEN,2025-07-09,,True,False
MOCK02305,DIAB_NEPHRO_SCREEN,2025-07-26,2026-02-05,True,True
MOCK02311,DIAB_NEPHRO_SCREEN,2025-07-10,,True,True
MOCK02317,DIAB_NEPHRO_SCREEN,2025-07-24,2025-12-24,True,True
MOCK02323,DIAB_NEPHRO_SCREEN,2025-07-22,,True,True
MOCK02329,DIAB_NEPHRO_SCREEN,2025-07-29,,True,False
MOCK02335,DIAB_NEPHRO_SCREEN,2025-08-07,,True,False
MOCK02341,DIAB_NEPHRO_SCREEN,2025-06-30,,True,False
MOCK02347,DIAB_NEPHRO_SCREEN,2025-08-07,2026-04-01,True,False
MOCK02353,DIAB_NEPHRO_SCREEN,2025-07-04,,True,True
MOCK02359,DIAB_NEPHRO_SCREEN,2025-07-20,,True,True
MOCK02365,DIAB_NEPHRO_SCREEN,2025-07-13,2026-03-01,True,False
MOCK02371,DIAB_NEPHRO_SCREEN,2025-07-24,,True,False
MOCK02377,DIAB_NEPHRO_SCREEN,2025-07-28,2026-05-21,True,False
MOCK02383,DIAB_NEPHRO_SCREEN,2025-08-02,2026-02-27,True,True
MOCK02389,DIAB_NEPHRO_SCREEN,2025-07-15,,True,False
MOCK02395,DIAB_NEPHRO_SCREEN,2025-08-05,2026-01-30,True,True
MOCK02401,DIAB_NEPHRO_SCREEN,2025-07-12,2026-02-21,True,False
MOCK02407,DIAB_NEPHRO_SCREEN,2025-07-07,,True,True
MOCK02413,DIAB_NEPHRO_SCREEN,2025-07-14,2026-02-24,True,False
MOCK02419,DIAB_NEPHRO_SCREEN,2025-07-20,2026-01-10,True,True
MOCK02425,DIAB_NEPHRO_SCREEN,2025-07-26,2026-05-18,True,False
MOCK02431,DIAB_NEPHRO_SCREEN,2025-08-01,,True,True
MOCK02437,DIAB_NEPHRO_SCREEN,2025-07-08,,True,False
MOCK02443,DIAB_NEPHRO_SCREEN,2025-07-11,2025-12-21,True,True
MOCK02449,DIAB_NEPHRO_SCREEN,2025-08-05,,True,False
MOCK02455,DIAB_NEPHRO_SCREEN,2025-07-17,,True,True
MOCK02461,DIAB_NEPHRO_SCREEN,2025-07-09,2026-05-04,True,True
MOCK02467,DIAB_NEPHRO_SCREEN,2025-08-07,,True,False
MOCK02473,DIAB_NEPHRO_SCREEN,2025-07-17,2025-12-24,True,True
MOCK02479,DIAB_NEPHRO_SCREEN,2025-08-07,2025-11-23,True,True
MOCK02485,DIAB_NEPHRO_SCREEN,2025-08-04,,True,False
MOCK02491,DIAB_NEPHRO_SCREEN,2025-08-04,,True,False
MOCK02497,DIAB_NEPHRO_SCREEN,2025-07-22,2026-04-10,True,False
MOCK02503,DIAB_NEPHRO_SCREEN,2025-07-31,2026-03-10,True,True
MOCK02509,DIAB_NEPHRO_SCREEN,2025-08-06,,True,False
MOCK02515,DIAB_NEPHRO_SCREEN,2025-07-10,,True,False
MOCK02521,DIAB_NEPHRO_SCREEN,2025-07-01,,True,True
MOCK02527,DIAB_NEPHRO_SCREEN,2025-07-12,,True,False
MOCK02533,DIAB_NEPHRO_SCREEN,2025-07-24,,True,True
MOCK02539,DIAB_NEPHRO_SCREEN,2025-07-21,,True,False
MOCK02545,DIAB_NEPHRO_SCREEN,2025-07-03,2025-11-30,True,False
MOCK02551,DIAB_NEPHRO_SCREEN,2025-07-21,,True,False
MOCK02557,DIAB_NEPHRO_SCREEN,2025-07-06,,True,False
MOCK02563,DIAB_NEPHRO_SCREEN,2025-07-19,2026-04-07,True,True
MOCK02569,DIAB_NEPHRO_SCREEN,2025-07-22,2025-12-26,True,True
MOCK02575,DIAB_NEPHRO_SCREEN,2025-07-24,,True,False
MOCK02581,DIAB_NEPHRO_SCREEN,2025-07-16,,True,False
MOCK02587,DIAB_NEPHRO_SCREEN,2025-07-15,,True,False
MOCK02593,DIAB_NEPHRO_SCREEN,2025-07-26,,True,True
MOCK02599,DIAB_NEPHRO_SCREEN,2025-07-29,,True,False
MOCK02605,DIAB_NEPHRO_SCREEN,2025-07-31,,True,True
MOCK02611,DIAB_NEPHRO_SCREEN,2025-07-13,,True,True
MOCK02617,DIAB_NEPHRO_SCREEN,2025-07-16,,True,False
MOCK02623,DIAB_NEPHRO_SCREEN,2025-07-12,2026-05-26,True,False
MOCK02629,DIAB_NEPHRO_SCREEN,2025-07-20,,True,False
MOCK02635,DIAB_NEPHRO_SCREEN,2025-07-04,,True,False
MOCK02641,DIAB_NEPHRO_SCREEN,2025-07-16,2025-12-13,True,True
MOCK02647,DIAB_NEPHRO_SCREEN,2025-07-07,,True,False
MOCK02653,DIAB_NEPHRO_SCREEN,2025-07-20,,True,False
MOCK02659,DIAB_NEPHRO_SCREEN,2025-08-02,,True,False
MOCK02665,DIAB_NEPHRO_SCREEN,2025-08-07,2026-04-29,True,True
MOCK02671,DIAB_NEPHRO_SCREEN,2025-07-17,2025-12-03,True,True
MOCK02677,DIAB_NEPHRO_SCREEN,2025-07-02,,True,True
MOCK02683,DIAB_NEPHRO_SCREEN,2025-07-08,2026-03-18,True,True
MOCK02689,DIAB_NEPHRO_SCREEN,2025-07-04,2025-12-21,True,True
MOCK02695,DIAB_NEPHRO_SCREEN,2025-07-29,,True,False
MOCK02701,DIAB_NEPHRO_SCREEN,2025-08-07,,True,False
MOCK02707,DIAB_NEPHRO_SCREEN,2025-07-21,,True,True
MOCK02713,DIAB_NEPHRO_SCREEN,2025-07-06,2026-03-06,True,False
MOCK02719,DIAB_NEPHRO_SCREEN,2025-06-30,,True,False
MOCK02725,DIAB_NEPHRO_SCREEN,2025-08-07,2026-01-19,True,False
MOCK02731,DIAB_NEPHRO_SCREEN,2025-07-12,,True,False
MOCK02737,DIAB_NEPHRO_SCREEN,2025-07-04,,True,False
MOCK02743,DIAB_NEPHRO_SCREEN,2025-07-06,,True,True
MOCK02749,DIAB_NEPHRO_SCREEN,2025-07-09,,True,True
MOCK02755,DIAB_NEPHRO_SCREEN,2025-07-25,,True,False
MOCK02761,DIAB_NEPHRO_SCREEN,2025-08-03,2025-11-05,True,False
MOCK02767,DIAB_NEPHRO_SCREEN,2025-07-10,,True,False
MOCK02773,DIAB_NEPHRO_SCREEN,2025-07-26,,True,False
MOCK02779,DIAB_NEPHRO_SCREEN,2025-07-02,2025-11-28,True,True
MOCK02785,DIAB_NEPHRO_SCREEN,2025-06-30,,True,True
MOCK02791,DIAB_NEPHRO_SCREEN,2025-07-02,2026-03-14,True,False
MOCK02797,DIAB_NEPHRO_SCREEN,2025-08-05,,True,True
MOCK02803,DIAB_NEPHRO_SCREEN,2025-07-22,,True,False
MOCK02809,DIAB_NEPHRO_SCREEN,2025-07-31,,True,False
MOCK02815,DIAB_NEPHRO_SCREEN,2025-06-30,2026-04-01,True,False
MOCK02821,DIAB_NEPHRO_SCREEN,2025-06-30,,True,True
MOCK02827,DIAB_NEPHRO_SCREEN,2025-08-02,2026-02-02,True,False
MOCK02833,DIAB_NEPHRO_SCREEN,2025-07-04,,True,True
MOCK02839,DIAB_NEPHRO_SCREEN,2025-07-06,2026-04-10,True,False
MOCK02845,DIAB_NEPHRO_SCREEN,2025-07-20,,True,True
MOCK02851,DIAB_NEPHRO_SCREEN,2025-07-23,2026-03-22,True,False
MOCK02857,DIAB_NEPHRO_SCREEN,2025-07-08,,True,False
MOCK02863,DIAB_NEPHRO_SCREEN,2025-07-17,,True,True
MOCK02869,DIAB_NEPHRO_SCREEN,2025-07-26,2026-03-18,True,False
MOCK02875,DIAB_NEPHRO_SCREEN,2025-07-17,,True,True
MOCK02881,DIAB_NEPHRO_SCREEN,2025-07-14,2025-12-02,True,False
MOCK02887,DIAB_NEPHRO_SCREEN,2025-07-02,,True,False
MOCK02893,DIAB_NEPHRO_SCREEN,2025-07-17,,True,False
MOCK02899,DIAB_NEPHRO_SCREEN,2025-07-31,,True,True
MOCK02905,DIAB_NEPHRO_SCREEN,2025-07-24,,True,False
MOCK02911,DIAB_NEPHRO_SCREEN,2025-08-03,,True,False
MOCK02917,DIAB_NEPHRO_SCREEN,2025-07-04,,True,False
MOCK02923,DIAB_NEPHRO_SCREEN,2025-06-30,2026-02-01,True,True
MOCK02929,DIAB_NEPHRO_SCREEN,2025-07-21,,True,True
MOCK02935,DIAB_NEPHRO_SCREEN,2025-07-06,,True,False
MOCK02941,DIAB_NEPHRO_SCREEN,2025-07-23,,True,True
MOCK02947,DIAB_NEPHRO_SCREEN,2025-08-04,,True,True
MOCK02953,DIAB_NEPHRO_SCREEN,2025-07-13,,True,False
MOCK02959,DIAB_NEPHRO_SCREEN,2025-07-21,,True,True
MOCK02965,DIAB_NEPHRO_SCREEN,2025-07-26,2026-03-31,True,False
MOCK02971,DIAB_NEPHRO_SCREEN,2025-07-05,,True,True
MOCK02977,DIAB_NEPHRO_SCREEN,2025-08-03,2026-03-14,True,False
MOCK02983,DIAB_NEPHRO_SCREEN,2025-07-07,2026-03-29,True,False
MOCK02989,DIAB_NEPHRO_SCREEN,2025-07-31,2026-05-25,True,False
MOCK02995,DIAB_NEPHRO_SCREEN,2025-07-25,,True,False
MOCK03001,DIAB_NEPHRO_SCREEN,2025-07-05,,True,False
MOCK03007,DIAB_NEPHRO_SCREEN,2025-07-28,,True,True
MOCK03013,DIAB_NEPHRO_SCREEN,2025-07-07,,True,False
MOCK03019,DIAB_NEPHRO_SCREEN,2025-07-23,,True,False
MOCK03025,DIAB_NEPHRO_SCREEN,2025-08-06,,True,False
MOCK03031,DIAB_NEPHRO_SCREEN,2025-08-06,,True,True
MOCK03037,DIAB_NEPHRO_SCREEN,2025-08-02,,True,True
MOCK03043,DIAB_NEPHRO_SCREEN,2025-07-19,,True,False
MOCK03049,DIAB_NEPHRO_SCREEN,2025-07-21,2026-05-06,True,False
MOCK03055,DIAB_NEPHRO_SCREEN,2025-07-11,,True,True
MOCK03061,DIAB_NEPHRO_SCREEN,2025-08-04,,True,True
MOCK03067,DIAB_NEPHRO_SCREEN,2025-07-18,2026-05-26,True,False
MOCK03073,DIAB_NEPHRO_SCREEN,2025-07-30,,True,True
MOCK03079,DIAB_NEPHRO_SCREEN,2025-07-14,,True,False
MOCK03085,DIAB_NEPHRO_SCREEN,2025-07-28,2026-02-06,True,True
MOCK03091,DIAB_NEPHRO_SCREEN,2025-07-08,2026-04-19,True,True
MOCK03097,DIAB_NEPHRO_SCREEN,2025-07-28,,True,True
MOCK03103,DIAB_NEPHRO_SCREEN,2025-07-01,2025-11-24,True,False
MOCK03109,DIAB_NEPHRO_SCREEN,2025-07-04,,True,False
MOCK03115,DIAB_NEPHRO_SCREEN,2025-07-13,,True,True
MOCK03121,DIAB_NEPHRO_SCREEN,2025-07-18,,True,True
MOCK03127,DIAB_NEPHRO_SCREEN,2025-07-27,2026-04-02,True,True
MOCK03133,DIAB_NEPHRO_SCREEN,2025-07-14,,True,True
MOCK03139,DIAB_NEPHRO_SCREEN,2025-06-30,,True,False
MOCK03145,DIAB_NEPHRO_SCREEN,2025-07-12,,True,True
MOCK03151,DIAB_NEPHRO_SCREEN,2025-07-17,2026-04-10,True,False
MOCK03157,DIAB_NEPHRO_SCREEN,2025-07-21,2025-12-29,True,True
MOCK03163,DIAB_NEPHRO_SCREEN,2025-07-25,2026-02-03,True,False
MOCK03169,DIAB_NEPHRO_SCREEN,2025-07-09,,True,True
MOCK03175,DIAB_NEPHRO_SCREEN,2025-07-23,,True,True
MOCK03181,DIAB_NEPHRO_SCREEN,2025-07-24,2025-12-13,True,True
MOCK03187,DIAB_NEPHRO_SCREEN,2025-07-30,,True,True
MOCK03193,DIAB_NEPHRO_SCREEN,2025-07-20,,True,True
MOCK03199,DIAB_NEPHRO_SCREEN,2025-07-31,,True,False
MOCK03205,DIAB_NEPHRO_SCREEN,2025-07-08,,True,True
MOCK03211,DIAB_NEPHRO_SCREEN,2025-07-27,,True,True
MOCK03217,DIAB_NEPHRO_SCREEN,2025-07-01,2026-03-05,True,True
MOCK03223,DIAB_NEPHRO_SCREEN,2025-07-04,2026-02-09,True,False
MOCK03229,DIAB_NEPHRO_SCREEN,2025-08-02,,True,False
MOCK03235,DIAB_NEPHRO_SCREEN,2025-07-18,,True,False
MOCK03241,DIAB_NEPHRO_SCREEN,2025-07-24,,True,False
MOCK03247,DIAB_NEPHRO_SCREEN,2025-07-23,,True,False
MOCK03253,DIAB_NEPHRO_SCREEN,2025-07-27,,True,True
MOCK03259,DIAB_NEPHRO_SCREEN,2025-07-09,,True,False
MOCK03265,DIAB_NEPHRO_SCREEN,2025-07-06,,True,False
MOCK03271,DIAB_NEPHRO_SCREEN,2025-07-01,,True,True
MOCK03277,DIAB_NEPHRO_SCREEN,2025-08-02,,True,False
MOCK03283,DIAB_NEPHRO_SCREEN,2025-07-08,,True,True
MOCK03289,DIAB_NEPHRO_SCREEN,2025-07-22,,True,True
MOCK03295,DIAB_NEPHRO_SCREEN,2025-07-17,,True,False
MOCK03301,DIAB_NEPHRO_SCREEN,2025-07-06,,True,True
MOCK03307,DIAB_NEPHRO_SCREEN,2025-07-16,,True,False
MOCK03313,DIAB_NEPHRO_SCREEN,2025-07-03,,True,False
MOCK03319,DIAB_NEPHRO_SCREEN,2025-07-06,,True,False
MOCK03325,DIAB_NEPHRO_SCREEN,2025-07-05,2026-01-31,True,True
MOCK03331,DIAB_NEPHRO_SCREEN,2025-08-01,2026-03-05,True,False
MOCK03337,DIAB_NEPHRO_SCREEN,2025-07-22,2026-01-05,True,False
MOCK03343,DIAB_NEPHRO_SCREEN,2025-08-05,,True,True
MOCK03349,DIAB_NEPHRO_SCREEN,2025-07-17,,True,True
MOCK03355,DIAB_NEPHRO_SCREEN,2025-07-07,,True,False
MOCK03361,DIAB_NEPHRO_SCREEN,2025-07-23,,True,False
MOCK03367,DIAB_NEPHRO_SCREEN,2025-08-05,2026-03-10,True,True
MOCK03373,DIAB_NEPHRO_SCREEN,2025-07-20,2026-02-08,True,True
MOCK03379,DIAB_NEPHRO_SCREEN,2025-06-30,2026-05-18,True,False
MOCK03385,DIAB_NEPHRO_SCREEN,2025-07-11,,True,True
MOCK03391,DIAB_NEPHRO_SCREEN,2025-08-05,2026-03-12,True,True
MOCK03397,DIAB_NEPHRO_SCREEN,2025-07-20,,True,False
MOCK03403,DIAB_NEPHRO_SCREEN,2025-08-06,,True,True
MOCK03409,DIAB_NEPHRO_SCREEN,2025-07-19,,True,True
MOCK03415,DIAB_NEPHRO_SCREEN,2025-06-30,,True,False
MOCK03421,DIAB_NEPHRO_SCREEN,2025-08-03,,True,False
MOCK03427,DIAB_NEPHRO_SCREEN,2025-07-29,2025-11-05,True,False
MOCK03433,DIAB_NEPHRO_SCREEN,2025-07-27,,True,True
MOCK03439,DIAB_NEPHRO_SCREEN,2025-08-06,,True,False
MOCK03445,DIAB_NEPHRO_SCREEN,2025-07-07,,True,False
MOCK03451,DIAB_NEPHRO_SCREEN,2025-08-04,,True,False
MOCK03457,DIAB_NEPHRO_SCREEN,2025-07-09,,True,False
MOCK03463,DIAB_NEPHRO_SCREEN,2025-08-06,2026-02-04,True,False
MOCK03469,DIAB_NEPHRO_SCREEN,2025-07-07,,True,False
MOCK03475,DIAB_NEPHRO_SCREEN,2025-07-21,,True,False
MOCK03481,DIAB_NEPHRO_SCREEN,2025-07-30,,True,True
MOCK03487,DIAB_NEPHRO_SCREEN,2025-07-03,2026-03-31,True,False
MOCK03493,DIAB_NEPHRO_SCREEN,2025-07-02,,True,False
MOCK03499,DIAB_NEPHRO_SCREEN,2025-08-02,2025-11-26,True,True
MOCK03505,DIAB_NEPHRO_SCREEN,2025-07-02,2026-04-15,True,True
MOCK03511,DIAB_NEPHRO_SCREEN,2025-07-23,,True,False
MOCK03517,DIAB_NEPHRO_SCREEN,2025-08-05,,True,True
MOCK03523,DIAB_NEPHRO_SCREEN,2025-07-23,2025-11-28,True,False
MOCK03529,DIAB_NEPHRO_SCREEN,2025-07-18,,True,False
MOCK03535,DIAB_NEPHRO_SCREEN,2025-07-16,,True,True
MOCK03541,DIAB_NEPHRO_SCREEN,2025-07-24,,True,True
MOCK03547,DIAB_NEPHRO_SCREEN,2025-07-22,2026-01-08,True,False
MOCK03553,DIAB_NEPHRO_SCREEN,2025-07-19,,True,True
MOCK03559,DIAB_NEPHRO_SCREEN,2025-07-05,2025-12-04,True,False
MOCK03565,DIAB_NEPHRO_SCREEN,2025-07-25,,True,True
MOCK03571,DIAB_NEPHRO_SCREEN,2025-07-28,,True,False
MOCK03577,DIAB_NEPHRO_SCREEN,2025-07-27,,True,False
MOCK03583,DIAB_NEPHRO_SCREEN,2025-07-02,,True,True
MOCK03589,DIAB_NEPHRO_SCREEN,2025-07-27,,True,False
MOCK03595,DIAB_NEPHRO_SCREEN,2025-07-28,2025-12-26,True,False
MOCK03601,DIAB_NEPHRO_SCREEN,2025-07-07,2025-11-24,True,True
MOCK03607,DIAB_NEPHRO_SCREEN,2025-08-02,,True,True
MOCK03613,DIAB_NEPHRO_SCREEN,2025-07-20,,True,False
MOCK03619,DIAB_NEPHRO_SCREEN,2025-07-18,2026-04-19,True,False
MOCK03625,DIAB_NEPHRO_SCREEN,2025-07-28,,True,False
MOCK03631,DIAB_NEPHRO_SCREEN,2025-07-19,,True,False
MOCK03637,DIAB_NEPHRO_SCREEN,2025-07-21,,True,True
MOCK03643,DIAB_NEPHRO_SCREEN,2025-07-12,2025-12-02,True,True
MOCK03649,DIAB_NEPHRO_SCREEN,2025-08-05,,True,False
MOCK03655,DIAB_NEPHRO_SCREEN,2025-08-06,2026-02-14,True,False
MOCK03661,DIAB_NEPHRO_SCREEN,2025-07-05,2026-02-13,True,False
MOCK03667,DIAB_NEPHRO_SCREEN,2025-07-28,,True,True
MOCK03673,DIAB_NEPHRO_SCREEN,2025-06-30,,True,False
MOCK03679,DIAB_NEPHRO_SCREEN,2025-07-14,,True,False
MOCK03685,DIAB_NEPHRO_SCREEN,2025-08-06,2026-04-08,True,True
MOCK03691,DIAB_NEPHRO_SCREEN,2025-07-06,,True,False
MOCK03697,DIAB_NEPHRO_SCREEN,2025-07-14,,True,False
MOCK03703,DIAB_NEPHRO_SCREEN,2025-07-08,,True,True
MOCK03709,DIAB_NEPHRO_SCREEN,2025-07-28,,True,True
MOCK03715,DIAB_NEPHRO_SCREEN,2025-07-18,2025-12-25,True,True
MOCK03721,DIAB_NEPHRO_SCREEN,2025-07-23,,True,False
MOCK03727,DIAB_NEPHRO_SCREEN,2025-08-05,2025-12-19,True,True
MOCK03733,DIAB_NEPHRO_SCREEN,2025-07-20,,True,True
MOCK03739,DIAB_NEPHRO_SCREEN,2025-07-28,2026-02-13,True,True
MOCK03745,DIAB_NEPHRO_SCREEN,2025-07-03,,True,True
MOCK03751,DIAB_NEPHRO_SCREEN,2025-07-08,,True,True
MOCK03757,DIAB_NEPHRO_SCREEN,2025-08-05,,True,False
MOCK03763,DIAB_NEPHRO_SCREEN,2025-08-02,,True,True
MOCK03769,DIAB_NEPHRO_SCREEN,2025-07-25,2025-11-24,True,True
MOCK03775,DIAB_NEPHRO_SCREEN,2025-07-14,,True,True
MOCK03781,DIAB_NEPHRO_SCREEN,2025-07-07,,True,True
MOCK03787,DIAB_NEPHRO_SCREEN,2025-08-02,2026-04-15,True,True
MOCK03793,DIAB_NEPHRO_SCREEN,2025-07-30,,True,False
MOCK03799,DIAB_NEPHRO_SCREEN,2025-07-09,,True,False
MOCK03805,DIAB_NEPHRO_SCREEN,2025-07-23,,True,False
MOCK03811,DIAB_NEPHRO_SCREEN,2025-07-24,,True,True
MOCK03817,DIAB_NEPHRO_SCREEN,2025-07-18,,True,False
MOCK03823,DIAB_NEPHRO_SCREEN,2025-08-05,,True,False
MOCK03829,DIAB_NEPHRO_SCREEN,2025-07-04,,True,True
MOCK03835,DIAB_NEPHRO_SCREEN,2025-07-10,,True,True
MOCK03841,DIAB_NEPHRO_SCREEN,2025-07-03,,True,False
MOCK03847,DIAB_NEPHRO_SCREEN,2025-07-27,2026-04-15,True,True
MOCK03853,DIAB_NEPHRO_SCREEN,2025-07-25,2026-02-24,True,True
MOCK03859,DIAB_NEPHRO_SCREEN,2025-08-07,2025-12-07,True,False
MOCK03865,DIAB_NEPHRO_SCREEN,2025-07-21,2026-02-04,True,True
MOCK03871,DIAB_NEPHRO_SCREEN,2025-07-05,,True,False
MOCK03877,DIAB_NEPHRO_SCREEN,2025-07-17,2026-03-10,True,True
MOCK03883,DIAB_NEPHRO_SCREEN,2025-07-03,,True,True
MOCK03889,DIAB_NEPHRO_SCREEN,2025-07-26,,True,True
MOCK03895,DIAB_NEPHRO_SCREEN,2025-07-26,,True,True
MOCK03901,DIAB_NEPHRO_SCREEN,2025-08-02,2025-10-30,True,False
MOCK03907,DIAB_NEPHRO_SCREEN,2025-07-13,2026-05-02,True,False
MOCK03913,DIAB_NEPHRO_SCREEN,2025-07-12,,True,False
MOCK03919,DIAB_NEPHRO_SCREEN,2025-07-02,,True,False
MOCK03925,DIAB_NEPHRO_SCREEN,2025-07-16,,True,True
MOCK03931,DIAB_NEPHRO_SCREEN,2025-07-18,,True,True
MOCK03937,DIAB_NEPHRO_SCREEN,2025-07-29,,True,True
MOCK03943,DIAB_NEPHRO_SCREEN,2025-07-29,2026-04-25,True,False
MOCK03949,DIAB_NEPHRO_SCREEN,2025-07-05,,True,False
MOCK03955,DIAB_NEPHRO_SCREEN,2025-07-11,,True,False
MOCK03961,DIAB_NEPHRO_SCREEN,2025-07-19,,True,False
MOCK03967,DIAB_NEPHRO_SCREEN,2025-07-13,2026-03-19,True,False
MOCK03973,DIAB_NEPHRO_SCREEN,2025-06-30,2025-12-07,True,True
MOCK03979,DIAB_NEPHRO_SCREEN,2025-08-01,2026-03-25,True,False
MOCK03985,DIAB_NEPHRO_SCREEN,2025-07-28,,True,False
MOCK03991,DIAB_NEPHRO_SCREEN,2025-07-20,2026-05-15,True,False
MOCK03997,DIAB_NEPHRO_SCREEN,2025-07-12,,True,True
MOCK04003,DIAB_NEPHRO_SCREEN,2025-08-01,2025-12-14,True,True
MOCK04009,DIAB_NEPHRO_SCREEN,2025-07-01,,True,False
MOCK04015,DIAB_NEPHRO_SCREEN,2025-07-17,2026-01-30,True,False
MOCK04021,DIAB_NEPHRO_SCREEN,2025-07-31,,True,False
MOCK04027,DIAB_NEPHRO_SCREEN,2025-08-06,,True,False
MOCK04033,DIAB_NEPHRO_SCREEN,2025-07-09,,True,True
MOCK04039,DIAB_NEPHRO_SCREEN,2025-07-25,,True,True
MOCK04045,DIAB_NEPHRO_SCREEN,2025-07-07,,True,False
MOCK04051,DIAB_NEPHRO_SCREEN,2025-07-04,,True,True
MOCK04057,DIAB_NEPHRO_SCREEN,2025-07-13,,True,False
MOCK04063,DIAB_NEPHRO_SCREEN,2025-08-03,,True,False
MOCK04069,DIAB_NEPHRO_SCREEN,2025-07-26,2025-12-28,True,True
MOCK04075,DIAB_NEPHRO_SCREEN,2025-07-19,,True,True
MOCK04081,DIAB_NEPHRO_SCREEN,2025-07-11,,True,True
MOCK04087,DIAB_NEPHRO_SCREEN,2025-07-05,2025-12-12,True,True
MOCK04093,DIAB_NEPHRO_SCREEN,2025-07-10,,True,False
MOCK04099,DIAB_NEPHRO_SCREEN,2025-07-05,2026-02-23,True,True
MOCK04105,DIAB_NEPHRO_SCREEN,2025-07-07,,True,True
MOCK04111,DIAB_NEPHRO_SCREEN,2025-07-26,,True,True
MOCK04117,DIAB_NEPHRO_SCREEN,2025-07-05,,True,True
MOCK04123,DIAB_NEPHRO_SCREEN,2025-07-01,2026-03-14,True,False
MOCK04129,DIAB_NEPHRO_SCREEN,2025-07-21,,True,False
MOCK04135,DIAB_NEPHRO_SCREEN,2025-07-11,,True,False
MOCK04141,DIAB_NEPHRO_SCREEN,2025-07-17,,True,False
MOCK04147,DIAB_NEPHRO_SCREEN,2025-07-05,,True,True
MOCK04153,DIAB_NEPHRO_SCREEN,2025-07-08,2025-12-07,True,False
MOCK04159,DIAB_NEPHRO_SCREEN,2025-07-17,,True,True
MOCK04165,DIAB_NEPHRO_SCREEN,2025-07-26,,True,False
MOCK04171,DIAB_NEPHRO_SCREEN,2025-07-16,,True,True
MOCK04177,DIAB_NEPHRO_SCREEN,2025-07-21,,True,True
MOCK04183,DIAB_NEPHRO_SCREEN,2025-07-20,2026-05-10,True,True
MOCK04189,DIAB_NEPHRO_SCREEN,2025-07-10,,True,False
MOCK04195,DIAB_NEPHRO_SCREEN,2025-07-10,,True,True
MOCK04201,DIAB_NEPHRO_SCREEN,2025-07-16,,True,False
MOCK04207,DIAB_NEPHRO_SCREEN,2025-07-01,,True,True
MOCK04213,DIAB_NEPHRO_SCREEN,2025-07-26,,True,False
MOCK04219,DIAB_NEPHRO_SCREEN,2025-07-23,,True,False
MOCK04225,DIAB_NEPHRO_SCREEN,2025-07-11,2026-01-14,True,True
MOCK04231,DIAB_NEPHRO_SCREEN,2025-07-14,,True,True
MOCK04237,DIAB_NEPHRO_SCREEN,2025-07-12,,True,True
MOCK04243,DIAB_NEPHRO_SCREEN,2025-07-25,,True,False
MOCK04249,DIAB_NEPHRO_SCREEN,2025-07-29,2026-04-07,True,False
MOCK04255,DIAB_NEPHRO_SCREEN,2025-07-04,2026-01-15,True,True
MOCK04261,DIAB_NEPHRO_SCREEN,2025-07-16,,True,True
MOCK04267,DIAB_NEPHRO_SCREEN,2025-06-30,,True,True
MOCK04273,DIAB_NEPHRO_SCREEN,2025-07-17,2025-12-05,True,True
MOCK04279,DIAB_NEPHRO_SCREEN,2025-07-09,,True,False
MOCK04285,DIAB_NEPHRO_SCREEN,2025-07-13,,True,True
MOCK04291,DIAB_NEPHRO_SCREEN,2025-07-17,,True,True
MOCK04297,DIAB_NEPHRO_SCREEN,2025-07-12,2025-11-20,True,False
MOCK04303,DIAB_NEPHRO_SCREEN,2025-07-15,,True,False
MOCK04309,DIAB_NEPHRO_SCREEN,2025-07-29,,True,False
MOCK04315,DIAB_NEPHRO_SCREEN,2025-07-31,2026-02-11,True,True
MOCK04321,DIAB_NEPHRO_SCREEN,2025-06-30,,True,False
MOCK04327,DIAB_NEPHRO_SCREEN,2025-07-14,,True,False
MOCK04333,DIAB_NEPHRO_SCREEN,2025-08-02,,True,False
MOCK04339,DIAB_NEPHRO_SCREEN,2025-07-20,2026-04-06,True,True
MOCK04345,DIAB_NEPHRO_SCREEN,2025-07-08,,True,False
MOCK04351,DIAB_NEPHRO_SCREEN,2025-07-23,2026-05-13,True,False
MOCK04357,DIAB_NEPHRO_SCREEN,2025-07-05,2026-03-16,True,False
MOCK04363,DIAB_NEPHRO_SCREEN,2025-06-30,2026-01-03,True,False
MOCK04369,DIAB_NEPHRO_SCREEN,2025-07-24,,True,False
MOCK04375,DIAB_NEPHRO_SCREEN,2025-07-20,,True,False
MOCK04381,DIAB_NEPHRO_SCREEN,2025-07-29,,True,False
MOCK04387,DIAB_NEPHRO_SCREEN,2025-07-13,,True,True
MOCK04393,DIAB_NEPHRO_SCREEN,2025-08-02,2026-01-02,True,True
MOCK04399,DIAB_NEPHRO_SCREEN,2025-07-16,,True,False
MOCK04405,DIAB_NEPHRO_SCREEN,2025-07-28,2025-11-23,True,False
MOCK04411,DIAB_NEPHRO_SCREEN,2025-07-03,2025-12-01,True,False
MOCK04417,DIAB_NEPHRO_SCREEN,2025-07-03,,True,False
MOCK04423,DIAB_NEPHRO_SCREEN,2025-07-30,2025-11-03,True,False
MOCK04429,DIAB_NEPHRO_SCREEN,2025-08-01,,True,False
MOCK04435,DIAB_NEPHRO_SCREEN,2025-08-05,,True,True
MOCK04441,DIAB_NEPHRO_SCREEN,2025-07-12,,True,False
MOCK04447,DIAB_NEPHRO_SCREEN,2025-06-30,,True,True
MOCK04453,DIAB_NEPHRO_SCREEN,2025-08-07,,True,False
MOCK04459,DIAB_NEPHRO_SCREEN,2025-07-23,,True,False
MOCK04465,DIAB_NEPHRO_SCREEN,2025-07-09,,True,True
MOCK04471,DIAB_NEPHRO_SCREEN,2025-07-29,2026-05-16,True,True
MOCK04477,DIAB_NEPHRO_SCREEN,2025-08-04,,True,True
MOCK04483,DIAB_NEPHRO_SCREEN,2025-07-11,,True,False
MOCK04489,DIAB_NEPHRO_SCREEN,2025-07-30,,True,True
MOCK04495,DIAB_NEPHRO_SCREEN,2025-07-30,,True,True
MOCK04501,DIAB_NEPHRO_SCREEN,2025-07-19,,True,False
MOCK04507,DIAB_NEPHRO_SCREEN,2025-07-24,,True,True
MOCK04513,DIAB_NEPHRO_SCREEN,2025-07-10,2026-02-15,True,False
MOCK04519,DIAB_NEPHRO_SCREEN,2025-08-05,,True,False
MOCK04525,DIAB_NEPHRO_SCREEN,2025-08-07,2026-05-04,True,True
MOCK04531,DIAB_NEPHRO_SCREEN,2025-08-07,,True,True
MOCK04537,DIAB_NEPHRO_SCREEN,2025-07-28,,True,False
MOCK04543,DIAB_NEPHRO_SCREEN,2025-07-01,2026-04-28,True,False
MOCK04549,DIAB_NEPHRO_SCREEN,2025-07-14,2026-05-08,True,True
MOCK04555,DIAB_NEPHRO_SCREEN,2025-07-17,,True,False
MOCK04561,DIAB_NEPHRO_SCREEN,2025-08-06,,True,False
MOCK04567,DIAB_NEPHRO_SCREEN,2025-07-21,,True,True
MOCK04573,DIAB_NEPHRO_SCREEN,2025-07-20,2025-11-24,True,False
MOCK04579,DIAB_NEPHRO_SCREEN,2025-07-05,2026-02-22,True,False
MOCK04585,DIAB_NEPHRO_SCREEN,2025-07-30,,True,True
MOCK04591,DIAB_NEPHRO_SCREEN,2025-07-13,,True,False
MOCK04597,DIAB_NEPHRO_SCREEN,2025-07-03,2025-11-16,True,True
MOCK04603,DIAB_NEPHRO_SCREEN,2025-08-07,2025-12-31,True,True
MOCK04609,DIAB_NEPHRO_SCREEN,2025-07-07,2026-02-15,True,True
MOCK04615,DIAB_NEPHRO_SCREEN,2025-06-30,2025-11-20,True,False
MOCK04621,DIAB_NEPHRO_SCREEN,2025-07-03,,True,False
MOCK04627,DIAB_NEPHRO_SCREEN,2025-07-17,,True,False
MOCK04633,DIAB_NEPHRO_SCREEN,2025-07-04,,True,True
MOCK04639,DIAB_NEPHRO_SCREEN,2025-08-01,,True,False
MOCK04645,DIAB_NEPHRO_SCREEN,2025-07-19,,True,False
MOCK04651,DIAB_NEPHRO_SCREEN,2025-07-12,2025-11-13,True,True
MOCK04657,DIAB_NEPHRO_SCREEN,2025-06-30,,True,True
MOCK04663,DIAB_NEPHRO_SCREEN,2025-07-18,,True,False
MOCK04669,DIAB_NEPHRO_SCREEN,2025-07-05,,True,True
MOCK04675,DIAB_NEPHRO_SCREEN,2025-08-07,2026-03-26,True,False
MOCK04681,DIAB_NEPHRO_SCREEN,2025-07-11,2025-12-06,True,False
MOCK04687,DIAB_NEPHRO_SCREEN,2025-07-18,,True,True
MOCK04693,DIAB_NEPHRO_SCREEN,2025-06-30,2026-01-05,True,False
MOCK04699,DIAB_NEPHRO_SCREEN,2025-07-05,,True,False
MOCK04705,DIAB_NEPHRO_SCREEN,2025-07-08,,True,False
MOCK04711,DIAB_NEPHRO_SCREEN,2025-07-02,,True,False
MOCK04717,DIAB_NEPHRO_SCREEN,2025-07-28,,True,False
MOCK04723,DIAB_NEPHRO_SCREEN,2025-08-05,,True,False
MOCK04729,DIAB_NEPHRO_SCREEN,2025-08-07,,True,True
MOCK04735,DIAB_NEPHRO_SCREEN,2025-07-10,2026-04-01,True,True
MOCK04741,DIAB_NEPHRO_SCREEN,2025-07-30,,True,True
MOCK04747,DIAB_NEPHRO_SCREEN,2025-07-19,2026-05-26,True,False
MOCK04753,DIAB_NEPHRO_SCREEN,2025-07-01,2025-12-07,True,False
MOCK04759,DIAB_NEPHRO_SCREEN,2025-07-03,,True,True
MOCK04765,DIAB_NEPHRO_SCREEN,2025-07-21,2026-04-27,True,False
MOCK04771,DIAB_NEPHRO_SCREEN,2025-07-16,2025-11-30,True,True
MOCK04777,DIAB_NEPHRO_SCREEN,2025-06-30,,True,True
MOCK04783,DIAB_NEPHRO_SCREEN,2025-08-05,,True,True
MOCK04789,DIAB_NEPHRO_SCREEN,2025-07-28,2025-11-23,True,False
MOCK04795,DIAB_NEPHRO_SCREEN,2025-07-19,2026-03-07,True,True
MOCK04801,DIAB_NEPHRO_SCREEN,2025-08-07,,True,False
MOCK04807,DIAB_NEPHRO_SCREEN,2025-08-06,2026-04-10,True,False
MOCK04813,DIAB_NEPHRO_SCREEN,2025-08-06,2026-03-17,True,True
MOCK04819,DIAB_NEPHRO_SCREEN,2025-07-10,,True,False
MOCK04825,DIAB_NEPHRO_SCREEN,2025-08-03,2026-01-10,True,True
MOCK04831,DIAB_NEPHRO_SCREEN,2025-07-19,,True,False
MOCK04837,DIAB_NEPHRO_SCREEN,2025-07-28,,True,True
MOCK04843,DIAB_NEPHRO_SCREEN,2025-08-02,,True,False
MOCK04849,DIAB_NEPHRO_SCREEN,2025-07-06,2026-03-08,True,False
MOCK04855,DIAB_NEPHRO_SCREEN,2025-07-17,,True,True
MOCK04861,DIAB_NEPHRO_SCREEN,2025-07-05,,True,True
MOCK04867,DIAB_NEPHRO_SCREEN,2025-07-10,2026-01-02,True,True
MOCK04873,DIAB_NEPHRO_SCREEN,2025-07-16,,True,True
MOCK04879,DIAB_NEPHRO_SCREEN,2025-08-02,,True,False
MOCK04885,DIAB_NEPHRO_SCREEN,2025-08-02,,True,False
MOCK04891,DIAB_NEPHRO_SCREEN,2025-07-15,,True,False
MOCK04897,DIAB_NEPHRO_SCREEN,2025-07-12,,True,False
MOCK04903,DIAB_NEPHRO_SCREEN,2025-07-20,,True,False
MOCK04909,DIAB_NEPHRO_SCREEN,2025-08-04,2026-05-07,True,False
MOCK04915,DIAB_NEPHRO_SCREEN,2025-08-07,2026-01-31,True,True
MOCK04921,DIAB_NEPHRO_SCREEN,2025-07-08,2026-04-17,True,True
MOCK04927,DIAB_NEPHRO_SCREEN,2025-07-07,2026-03-26,True,True
MOCK04933,DIAB_NEPHRO_SCREEN,2025-07-27,,True,True
MOCK04939,DIAB_NEPHRO_SCREEN,2025-07-11,,True,True
MOCK04945,DIAB_NEPHRO_SCREEN,2025-07-07,,True,True
MOCK04951,DIAB_NEPHRO_SCREEN,2025-07-01,,True,True
MOCK04957,DIAB_NEPHRO_SCREEN,2025-07-15,2026-04-05,True,True
MOCK04963,DIAB_NEPHRO_SCREEN,2025-07-15,,True,True
MOCK04969,DIAB_NEPHRO_SCREEN,2025-07-21,2026-03-09,True,True
MOCK04975,DIAB_NEPHRO_SCREEN,2025-07-07,2026-01-25,True,True
MOCK04981,DIAB_NEPHRO_SCREEN,2025-07-27,2026-03-15,True,False
MOCK04987,DIAB_NEPHRO_SCREEN,2025-07-26,,True,False
MOCK04993,DIAB_NEPHRO_SCREEN,2025-07-18,,True,False
MOCK04999,DIAB_NEPHRO_SCREEN,2025-07-07,,True,True
MOCK05005,DIAB_NEPHRO_SCREEN,2025-07-19,,True,True
MOCK05011,DIAB_NEPHRO_SCREEN,2025-07-26,,True,True
MOCK05017,DIAB_NEPHRO_SCREEN,2025-07-14,2026-05-22,True,True
MOCK05023,DIAB_NEPHRO_SCREEN,2025-07-10,,True,True
MOCK05029,DIAB_NEPHRO_SCREEN,2025-07-19,,True,False
MOCK05035,DIAB_NEPHRO_SCREEN,2025-07-13,,True,True
MOCK05041,DIAB_NEPHRO_SCREEN,2025-07-15,,True,True
MOCK05047,DIAB_NEPHRO_SCREEN,2025-07-13,,True,False
MOCK05053,DIAB_NEPHRO_SCREEN,2025-07-11,,True,False
MOCK05059,DIAB_NEPHRO_SCREEN,2025-07-27,,True,True
MOCK05065,DIAB_NEPHRO_SCREEN,2025-07-17,,True,True
MOCK05071,DIAB_NEPHRO_SCREEN,2025-07-18,2026-02-04,True,False
MOCK05077,DIAB_NEPHRO_SCREEN,2025-07-25,,True,True
MOCK05083,DIAB_NEPHRO_SCREEN,2025-07-14,2025-12-07,True,False
MOCK05089,DIAB_NEPHRO_SCREEN,2025-07-03,,True,False
MOCK05095,DIAB_NEPHRO_SCREEN,2025-08-02,2025-11-21,True,True
MOCK05101,DIAB_NEPHRO_SCREEN,2025-07-02,2025-11-14,True,False
MOCK05107,DIAB_NEPHRO_SCREEN,2025-07-22,,True,True
MOCK05113,DIAB_NEPHRO_SCREEN,2025-07-10,2025-11-06,True,True
MOCK05119,DIAB_NEPHRO_SCREEN,2025-07-08,2026-05-22,True,True
MOCK05125,DIAB_NEPHRO_SCREEN,2025-07-01,,True,False
MOCK05131,DIAB_NEPHRO_SCREEN,2025-08-04,,True,True
MOCK05137,DIAB_NEPHRO_SCREEN,2025-07-16,,True,True
MOCK05143,DIAB_NEPHRO_SCREEN,2025-07-13,,True,False
MOCK05149,DIAB_NEPHRO_SCREEN,2025-07-28,,True,True
MOCK05155,DIAB_NEPHRO_SCREEN,2025-07-01,,True,False
MOCK05161,DIAB_NEPHRO_SCREEN,2025-07-22,2026-02-04,True,False
MOCK05167,DIAB_NEPHRO_SCREEN,2025-07-19,,True,False
MOCK05173,DIAB_NEPHRO_SCREEN,2025-07-21,,True,False
MOCK05179,DIAB_NEPHRO_SCREEN,2025-07-04,,True,False
MOCK05185,DIAB_NEPHRO_SCREEN,2025-08-06,2025-12-27,True,True
MOCK05191,DIAB_NEPHRO_SCREEN,2025-07-09,,True,False
MOCK05197,DIAB_NEPHRO_SCREEN,2025-07-26,,True,False
MOCK05203,DIAB_NEPHRO_SCREEN,2025-07-29,,True,False
MOCK05209,DIAB_NEPHRO_SCREEN,2025-07-13,,True,False
MOCK05215,DIAB_NEPHRO_SCREEN,2025-07-05,,True,False
MOCK05221,DIAB_NEPHRO_SCREEN,2025-07-11,2026-01-08,True,False
MOCK05227,DIAB_NEPHRO_SCREEN,2025-07-31,2025-12-23,True,True
MOCK05233,DIAB_NEPHRO_SCREEN,2025-08-04,,True,False
MOCK05239,DIAB_NEPHRO_SCREEN,2025-08-05,2026-02-17,True,False
MOCK05245,DIAB_NEPHRO_SCREEN,2025-07-08,,True,False
MOCK05251,DIAB_NEPHRO_SCREEN,2025-07-23,,True,True
MOCK05257,DIAB_NEPHRO_SCREEN,2025-07-05,,True,False
MOCK05263,DIAB_NEPHRO_SCREEN,2025-07-27,,True,False
MOCK05269,DIAB_NEPHRO_SCREEN,2025-07-16,,True,True
MOCK05275,DIAB_NEPHRO_SCREEN,2025-07-27,,True,False
MOCK05281,DIAB_NEPHRO_SCREEN,2025-07-26,,True,False
MOCK05287,DIAB_NEPHRO_SCREEN,2025-08-07,2026-05-04,True,True
MOCK05293,DIAB_NEPHRO_SCREEN,2025-07-19,,True,True
MOCK05299,DIAB_NEPHRO_SCREEN,2025-07-13,2026-04-25,True,False
MOCK05305,DIAB_NEPHRO_SCREEN,2025-07-20,2025-12-22,True,True
MOCK05311,DIAB_NEPHRO_SCREEN,2025-07-06,,True,False
MOCK05317,DIAB_NEPHRO_SCREEN,2025-07-04,,True,True
MOCK05323,DIAB_NEPHRO_SCREEN,2025-07-20,,True,True
MOCK05329,DIAB_NEPHRO_SCREEN,2025-08-01,,True,True
MOCK05335,DIAB_NEPHRO_SCREEN,2025-07-20,,True,False
MOCK05341,DIAB_NEPHRO_SCREEN,2025-07-30,,True,False
MOCK05347,DIAB_NEPHRO_SCREEN,2025-07-06,,True,False
MOCK05353,DIAB_NEPHRO_SCREEN,2025-07-17,,True,False
MOCK05359,DIAB_NEPHRO_SCREEN,2025-07-23,,True,False
MOCK05365,DIAB_NEPHRO_SCREEN,2025-07-13,,True,True
MOCK05371,DIAB_NEPHRO_SCREEN,2025-06-30,,True,False
MOCK05377,DIAB_NEPHRO_SCREEN,2025-07-02,,True,False
MOCK05383,DIAB_NEPHRO_SCREEN,2025-08-05,,True,True
MOCK05389,DIAB_NEPHRO_SCREEN,2025-07-23,,True,False
MOCK05395,DIAB_NEPHRO_SCREEN,2025-07-10,,True,True
MOCK05401,DIAB_NEPHRO_SCREEN,2025-07-10,2026-03-06,True,True
MOCK05407,DIAB_NEPHRO_SCREEN,2025-07-01,,True,False
MOCK05413,DIAB_NEPHRO_SCREEN,2025-08-05,,True,False
MOCK05419,DIAB_NEPHRO_SCREEN,2025-07-04,,True,True
MOCK05425,DIAB_NEPHRO_SCREEN,2025-07-29,,True,False
MOCK05431,DIAB_NEPHRO_SCREEN,2025-07-09,,True,True
MOCK05437,DIAB_NEPHRO_SCREEN,2025-07-13,,True,False
MOCK05443,DIAB_NEPHRO_SCREEN,2025-07-10,,True,False
MOCK05449,DIAB_NEPHRO_SCREEN,2025-08-01,,True,True
MOCK05455,DIAB_NEPHRO_SCREEN,2025-07-01,2026-02-03,True,False
MOCK05461,DIAB_NEPHRO_SCREEN,2025-07-13,2026-05-20,True,False
MOCK05467,DIAB_NEPHRO_SCREEN,2025-07-10,2026-02-09,True,False
MOCK05473,DIAB_NEPHRO_SCREEN,2025-07-10,,True,True
MOCK05479,DIAB_NEPHRO_SCREEN,2025-07-07,,True,True
MOCK05485,DIAB_NEPHRO_SCREEN,2025-08-04,,True,False
MOCK05491,DIAB_NEPHRO_SCREEN,2025-07-14,,True,False
MOCK05497,DIAB_NEPHRO_SCREEN,2025-07-16,,True,False
MOCK05503,DIAB_NEPHRO_SCREEN,2025-07-15,,True,False
MOCK05509,DIAB_NEPHRO_SCREEN,2025-08-07,2026-04-28,True,False
MOCK05515,DIAB_NEPHRO_SCREEN,2025-07-13,2026-05-04,True,True
MOCK05521,DIAB_NEPHRO_SCREEN,2025-07-13,,True,False
MOCK05527,DIAB_NEPHRO_SCREEN,2025-07-12,,True,False
MOCK05533,DIAB_NEPHRO_SCREEN,2025-07-12,,True,True
MOCK05539,DIAB_NEPHRO_SCREEN,2025-07-03,,True,True
MOCK05545,DIAB_NEPHRO_SCREEN,2025-07-23,,True,False
MOCK05551,DIAB_NEPHRO_SCREEN,2025-06-30,,True,False
MOCK05557,DIAB_NEPHRO_SCREEN,2025-07-08,2026-03-05,True,False
MOCK05563,DIAB_NEPHRO_SCREEN,2025-07-07,2025-11-15,True,True
MOCK05569,DIAB_NEPHRO_SCREEN,2025-07-11,,True,False
MOCK05575,DIAB_NEPHRO_SCREEN,2025-07-29,2026-03-01,True,True
MOCK05581,DIAB_NEPHRO_SCREEN,2025-07-23,,True,True
MOCK05587,DIAB_NEPHRO_SCREEN,2025-08-07,,True,False
MOCK05593,DIAB_NEPHRO_SCREEN,2025-07-13,,True,False
MOCK05599,DIAB_NEPHRO_SCREEN,2025-08-05,,True,False
MOCK05605,DIAB_NEPHRO_SCREEN,2025-07-01,2026-04-16,True,False
MOCK05611,DIAB_NEPHRO_SCREEN,2025-07-19,,True,False
MOCK05617,DIAB_NEPHRO_SCREEN,2025-07-31,,True,True
MOCK05623,DIAB_NEPHRO_SCREEN,2025-07-20,2026-01-14,True,True
MOCK05629,DIAB_NEPHRO_SCREEN,2025-08-05,,True,False
MOCK05635,DIAB_NEPHRO_SCREEN,2025-07-12,,True,False
MOCK05641,DIAB_NEPHRO_SCREEN,2025-07-01,,True,True
MOCK05647,DIAB_NEPHRO_SCREEN,2025-07-30,,True,True
MOCK05653,DIAB_NEPHRO_SCREEN,2025-07-02,,True,True
MOCK05659,DIAB_NEPHRO_SCREEN,2025-07-29,2026-01-11,True,True
MOCK05665,DIAB_NEPHRO_SCREEN,2025-07-28,2026-01-05,True,False
MOCK05671,DIAB_NEPHRO_SCREEN,2025-08-01,,True,True
MOCK05677,DIAB_NEPHRO_SCREEN,2025-07-18,,True,True
MOCK05683,DIAB_NEPHRO_SCREEN,2025-08-03,,True,False
MOCK05689,DIAB_NEPHRO_SCREEN,2025-07-06,2025-12-11,True,False
MOCK05695,DIAB_NEPHRO_SCREEN,2025-07-16,,True,False
MOCK05701,DIAB_NEPHRO_SCREEN,2025-07-04,,True,True
MOCK05707,DIAB_NEPHRO_SCREEN,2025-07-29,,True,True
MOCK05713,DIAB_NEPHRO_SCREEN,2025-07-27,,True,True
MOCK05719,DIAB_NEPHRO_SCREEN,2025-07-31,2025-12-11,True,True
MOCK05725,DIAB_NEPHRO_SCREEN,2025-07-29,,True,True
MOCK05731,DIAB_NEPHRO_SCREEN,2025-07-12,,True,True
MOCK05737,DIAB_NEPHRO_SCREEN,2025-07-02,,True,True
MOCK05743,DIAB_NEPHRO_SCREEN,2025-08-05,,True,True
MOCK05749,DIAB_NEPHRO_SCREEN,2025-07-19,,True,False
MOCK05755,DIAB_NEPHRO_SCREEN,2025-07-03,,True,True
MOCK05761,DIAB_NEPHRO_SCREEN,2025-08-05,,True,True
MOCK05767,DIAB_NEPHRO_SCREEN,2025-08-07,,True,False
MOCK05773,DIAB_NEPHRO_SCREEN,2025-07-17,2025-12-24,True,True
MOCK05779,DIAB_NEPHRO_SCREEN,2025-07-30,,True,False
MOCK05785,DIAB_NEPHRO_SCREEN,2025-07-01,,True,False
MOCK05791,DIAB_NEPHRO_SCREEN,2025-07-03,,True,False
MOCK05797,DIAB_NEPHRO_SCREEN,2025-07-10,,True,True
MOCK05803,DIAB_NEPHRO_SCREEN,2025-07-25,2026-03-11,True,False
MOCK05809,DIAB_NEPHRO_SCREEN,2025-07-05,,True,False
MOCK05815,DIAB_NEPHRO_SCREEN,2025-07-01,2026-02-23,True,True
MOCK05821,DIAB_NEPHRO_SCREEN,2025-07-26,,True,True
MOCK05827,DIAB_NEPHRO_SCREEN,2025-07-30,,True,True
MOCK05833,DIAB_NEPHRO_SCREEN,2025-07-28,2026-03-31,True,False
MOCK05839,DIAB_NEPHRO_SCREEN,2025-07-31,2025-11-12,True,True
MOCK05845,DIAB_NEPHRO_SCREEN,2025-07-31,2026-02-09,True,True
MOCK05851,DIAB_NEPHRO_SCREEN,2025-07-23,2026-05-23,True,False
MOCK05857,DIAB_NEPHRO_SCREEN,2025-07-20,,True,False
MOCK05863,DIAB_NEPHRO_SCREEN,2025-08-02,,True,True
MOCK05869,DIAB_NEPHRO_SCREEN,2025-07-13,,True,True
MOCK05875,DIAB_NEPHRO_SCREEN,2025-07-03,2026-04-19,True,True
MOCK05881,DIAB_NEPHRO_SCREEN,2025-07-29,,True,False
MOCK05887,DIAB_NEPHRO_SCREEN,2025-07-10,,True,False
MOCK05893,DIAB_NEPHRO_SCREEN,2025-08-07,,True,False
MOCK05899,DIAB_NEPHRO_SCREEN,2025-07-16,,True,True
MOCK05905,DIAB_NEPHRO_SCREEN,2025-08-02,,True,True
MOCK05911,DIAB_NEPHRO_SCREEN,2025-07-01,2026-03-01,True,True
MOCK05917,DIAB_NEPHRO_SCREEN,2025-07-25,,True,True
MOCK05923,DIAB_NEPHRO_SCREEN,2025-07-17,,True,False
MOCK05929,DIAB_NEPHRO_SCREEN,2025-07-18,2026-05-16,True,False
MOCK05935,DIAB_NEPHRO_SCREEN,2025-07-10,2025-11-13,True,True
MOCK05941,DIAB_NEPHRO_SCREEN,2025-08-06,,True,False
MOCK05947,DIAB_NEPHRO_SCREEN,2025-07-15,,True,True
MOCK05953,DIAB_NEPHRO_SCREEN,2025-08-02,,True,False
MOCK05959,DIAB_NEPHRO_SCREEN,2025-07-16,2025-12-12,True,True
MOCK05965,DIAB_NEPHRO_SCREEN,2025-07-01,,True,False
MOCK05971,DIAB_NEPHRO_SCREEN,2025-08-03,,True,True
MOCK05977,DIAB_NEPHRO_SCREEN,2025-07-07,,True,False
MOCK05983,DIAB_NEPHRO_SCREEN,2025-07-10,2025-12-22,True,False
MOCK05989,DIAB_NEPHRO_SCREEN,2025-08-02,2026-04-24,True,False
MOCK05995,DIAB_NEPHRO_SCREEN,2025-08-03,,True,False
MOCK06001,DIAB_NEPHRO_SCREEN,2025-08-04,,True,True
MOCK06007,DIAB_NEPHRO_SCREEN,2025-07-16,2025-12-30,True,False
MOCK06013,DIAB_NEPHRO_SCREEN,2025-07-29,,True,True
MOCK06019,DIAB_NEPHRO_SCREEN,2025-07-12,2026-05-12,True,False
MOCK06025,DIAB_NEPHRO_SCREEN,2025-07-28,2026-01-22,True,True
MOCK06031,DIAB_NEPHRO_SCREEN,2025-07-19,,True,True
MOCK06037,DIAB_NEPHRO_SCREEN,2025-07-02,,True,False
MOCK06043,DIAB_NEPHRO_SCREEN,2025-07-16,,True,True
MOCK06049,DIAB_NEPHRO_SCREEN,2025-07-18,,True,False
MOCK06055,DIAB_NEPHRO_SCREEN,2025-07-10,2025-12-06,True,True
MOCK06061,DIAB_NEPHRO_SCREEN,2025-07-14,2026-05-06,True,False
MOCK06067,DIAB_NEPHRO_SCREEN,2025-07-19,,True,False
MOCK06073,DIAB_NEPHRO_SCREEN,2025-07-01,2026-01-24,True,False
MOCK06079,DIAB_NEPHRO_SCREEN,2025-07-05,,True,True
MOCK06085,DIAB_NEPHRO_SCREEN,2025-07-29,,True,True
MOCK06091,DIAB_NEPHRO_SCREEN,2025-07-13,,True,True
MOCK06097,DIAB_NEPHRO_SCREEN,2025-07-23,,True,True
MOCK06103,DIAB_NEPHRO_SCREEN,2025-07-22,,True,False
MOCK06109,DIAB_NEPHRO_SCREEN,2025-07-21,,True,True
MOCK06115,DIAB_NEPHRO_SCREEN,2025-07-16,2026-02-12,True,True
MOCK06121,DIAB_NEPHRO_SCREEN,2025-07-18,,True,True
MOCK06127,DIAB_NEPHRO_SCREEN,2025-08-01,,True,False
MOCK06133,DIAB_NEPHRO_SCREEN,2025-08-06,2026-03-03,True,True
MOCK06139,DIAB_NEPHRO_SCREEN,2025-07-10,,True,True
MOCK06145,DIAB_NEPHRO_SCREEN,2025-07-26,,True,False
MOCK06151,DIAB_NEPHRO_SCREEN,2025-08-06,,True,True
MOCK06157,DIAB_NEPHRO_SCREEN,2025-06-30,,True,False
MOCK06163,DIAB_NEPHRO_SCREEN,2025-07-30,2025-11-22,True,True
MOCK06169,DIAB_NEPHRO_SCREEN,2025-07-19,2025-11-11,True,False
MOCK06175,DIAB_NEPHRO_SCREEN,2025-08-06,,True,False
MOCK06181,DIAB_NEPHRO_SCREEN,2025-07-22,2026-01-08,True,False
MOCK06187,DIAB_NEPHRO_SCREEN,2025-08-01,,True,False
MOCK06193,DIAB_NEPHRO_SCREEN,2025-07-06,2026-01-24,True,False
MOCK06199,DIAB_NEPHRO_SCREEN,2025-07-05,,True,True
MOCK06205,DIAB_NEPHRO_SCREEN,2025-08-05,,True,False
MOCK06211,DIAB_NEPHRO_SCREEN,2025-07-20,,True,False
MOCK06217,DIAB_NEPHRO_SCREEN,2025-07-21,,True,False
MOCK06223,DIAB_NEPHRO_SCREEN,2025-07-06,,True,False
MOCK06229,DIAB_NEPHRO_SCREEN,2025-07-08,2026-02-25,True,True
MOCK06235,DIAB_NEPHRO_SCREEN,2025-07-31,,True,True
MOCK06241,DIAB_NEPHRO_SCREEN,2025-07-11,,True,True
MOCK06247,DIAB_NEPHRO_SCREEN,2025-07-22,2026-01-04,True,True
MOCK06253,DIAB_NEPHRO_SCREEN,2025-07-12,,True,True
MOCK06259,DIAB_NEPHRO_SCREEN,2025-07-10,,True,True
MOCK06265,DIAB_NEPHRO_SCREEN,2025-07-06,,True,False
MOCK06271,DIAB_NEPHRO_SCREEN,2025-08-05,,True,False
MOCK06277,DIAB_NEPHRO_SCREEN,2025-08-05,,True,False
MOCK06283,DIAB_NEPHRO_SCREEN,2025-07-04,,True,False
MOCK06289,DIAB_NEPHRO_SCREEN,2025-07-13,,True,True
MOCK06295,DIAB_NEPHRO_SCREEN,2025-07-21,2025-12-15,True,True
MOCK06301,DIAB_NEPHRO_SCREEN,2025-07-14,2026-01-23,True,False
MOCK06307,DIAB_NEPHRO_SCREEN,2025-07-28,,True,False
MOCK06313,DIAB_NEPHRO_SCREEN,2025-07-10,,True,False
MOCK06319,DIAB_NEPHRO_SCREEN,2025-07-02,,True,False
MOCK06325,DIAB_NEPHRO_SCREEN,2025-07-13,,True,False
MOCK06331,DIAB_NEPHRO_SCREEN,2025-07-23,2026-05-22,True,False
MOCK06337,DIAB_NEPHRO_SCREEN,2025-07-07,2026-03-08,True,False
MOCK06343,DIAB_NEPHRO_SCREEN,2025-07-31,,True,False
MOCK06349,DIAB_NEPHRO_SCREEN,2025-06-30,,True,True
MOCK06355,DIAB_NEPHRO_SCREEN,2025-07-02,,True,True
MOCK06361,DIAB_NEPHRO_SCREEN,2025-07-19,,True,True
MOCK06367,DIAB_NEPHRO_SCREEN,2025-07-19,,True,False
MOCK06373,DIAB_NEPHRO_SCREEN,2025-07-11,2026-04-20,True,False
MOCK06379,DIAB_NEPHRO_SCREEN,2025-07-10,,True,True
MOCK06385,DIAB_NEPHRO_SCREEN,2025-07-02,,True,True
MOCK06391,DIAB_NEPHRO_SCREEN,2025-07-25,,True,False
MOCK06397,DIAB_NEPHRO_SCREEN,2025-07-14,,True,True
MOCK06403,DIAB_NEPHRO_SCREEN,2025-07-04,,True,False
MOCK06409,DIAB_NEPHRO_SCREEN,2025-07-15,2026-02-04,True,True
MOCK06415,DIAB_NEPHRO_SCREEN,2025-08-05,,True,True
MOCK06421,DIAB_NEPHRO_SCREEN,2025-07-10,,True,True
MOCK06427,DIAB_NEPHRO_SCREEN,2025-08-03,,True,True
MOCK06433,DIAB_NEPHRO_SCREEN,2025-07-10,,True,True
MOCK06439,DIAB_NEPHRO_SCREEN,2025-07-07,,True,True
MOCK06445,DIAB_NEPHRO_SCREEN,2025-07-10,,True,True
MOCK06451,DIAB_NEPHRO_SCREEN,2025-07-12,,True,True
MOCK06457,DIAB_NEPHRO_SCREEN,2025-07-04,,True,False
MOCK06463,DIAB_NEPHRO_SCREEN,2025-07-22,,True,True
MOCK06469,DIAB_NEPHRO_SCREEN,2025-07-13,,True,True
MOCK06475,DIAB_NEPHRO_SCREEN,2025-07-28,2025-11-19,True,True
MOCK06481,DIAB_NEPHRO_SCREEN,2025-07-19,2026-03-21,True,False
MOCK06487,DIAB_NEPHRO_SCREEN,2025-07-17,,True,False
MOCK06493,DIAB_NEPHRO_SCREEN,2025-07-18,,True,False
MOCK06499,DIAB_NEPHRO_SCREEN,2025-07-06,2025-12-09,True,False
MOCK06505,DIAB_NEPHRO_SCREEN,2025-07-27,2026-01-06,True,True
MOCK06511,DIAB_NEPHRO_SCREEN,2025-07-04,2026-01-29,True,False
MOCK06517,DIAB_NEPHRO_SCREEN,2025-07-28,,True,True
MOCK06523,DIAB_NEPHRO_SCREEN,2025-08-07,,True,False
MOCK06529,DIAB_NEPHRO_SCREEN,2025-07-29,,True,True
MOCK06535,DIAB_NEPHRO_SCREEN,2025-07-17,2026-02-04,True,True
MOCK06541,DIAB_NEPHRO_SCREEN,2025-07-12,,True,False
MOCK06547,DIAB_NEPHRO_SCREEN,2025-08-03,,True,False
MOCK06553,DIAB_NEPHRO_SCREEN,2025-07-10,2026-04-29,True,False
MOCK06559,DIAB_NEPHRO_SCREEN,2025-07-18,,True,True
MOCK06565,DIAB_NEPHRO_SCREEN,2025-07-30,,True,True
MOCK06571,DIAB_NEPHRO_SCREEN,2025-08-04,,True,True
MOCK06577,DIAB_NEPHRO_SCREEN,2025-08-04,,True,True
MOCK06583,DIAB_NEPHRO_SCREEN,2025-07-03,,True,False
MOCK06589,DIAB_NEPHRO_SCREEN,2025-08-04,,True,True
MOCK06595,DIAB_NEPHRO_SCREEN,2025-07-04,2025-12-18,True,False
MOCK06601,DIAB_NEPHRO_SCREEN,2025-07-22,,True,True
MOCK06607,DIAB_NEPHRO_SCREEN,2025-08-05,,True,False
MOCK06613,DIAB_NEPHRO_SCREEN,2025-07-25,2025-12-31,True,False
MOCK06619,DIAB_NEPHRO_SCREEN,2025-08-05,,True,False
MOCK06625,DIAB_NEPHRO_SCREEN,2025-07-13,,True,True
MOCK06631,DIAB_NEPHRO_SCREEN,2025-07-12,,True,True
MOCK06637,DIAB_NEPHRO_SCREEN,2025-07-12,,True,True
MOCK06643,DIAB_NEPHRO_SCREEN,2025-07-13,,True,False
MOCK06649,DIAB_NEPHRO_SCREEN,2025-07-26,,True,False
MOCK06655,DIAB_NEPHRO_SCREEN,2025-07-17,,True,True
MOCK06661,DIAB_NEPHRO_SCREEN,2025-07-28,2026-05-15,True,False
MOCK06667,DIAB_NEPHRO_SCREEN,2025-07-16,,True,False
MOCK06673,DIAB_NEPHRO_SCREEN,2025-07-12,2026-05-25,True,False
MOCK06679,DIAB_NEPHRO_SCREEN,2025-07-07,,True,True
MOCK06685,DIAB_NEPHRO_SCREEN,2025-07-21,,True,False
MOCK06691,DIAB_NEPHRO_SCREEN,2025-08-04,2026-03-07,True,True
MOCK06697,DIAB_NEPHRO_SCREEN,2025-08-02,,True,True
MOCK06703,DIAB_NEPHRO_SCREEN,2025-07-09,,True,False
MOCK06709,DIAB_NEPHRO_SCREEN,2025-07-18,2026-04-26,True,False
MOCK06715,DIAB_NEPHRO_SCREEN,2025-07-27,,True,False
MOCK06721,DIAB_NEPHRO_SCREEN,2025-07-23,2026-04-29,True,True
MOCK06727,DIAB_NEPHRO_SCREEN,2025-07-02,,True,True
MOCK06733,DIAB_NEPHRO_SCREEN,2025-07-23,2026-03-21,True,False
MOCK06739,DIAB_NEPHRO_SCREEN,2025-07-01,2025-11-20,True,False
MOCK06745,DIAB_NEPHRO_SCREEN,2025-07-04,2026-01-19,True,True
MOCK06751,DIAB_NEPHRO_SCREEN,2025-07-25,,True,True
MOCK06757,DIAB_NEPHRO_SCREEN,2025-07-03,2026-03-06,True,False
MOCK06763,DIAB_NEPHRO_SCREEN,2025-07-13,,True,False
MOCK06769,DIAB_NEPHRO_SCREEN,2025-07-22,,True,True
MOCK06775,DIAB_NEPHRO_SCREEN,2025-07-25,,True,False
MOCK06781,DIAB_NEPHRO_SCREEN,2025-07-17,,True,False
MOCK06787,DIAB_NEPHRO_SCREEN,2025-07-03,,True,True
MOCK06793,DIAB_NEPHRO_SCREEN,2025-07-31,,True,False
MOCK06799,DIAB_NEPHRO_SCREEN,2025-08-06,,True,False
MOCK06805,DIAB_NEPHRO_SCREEN,2025-08-03,2026-03-30,True,False
MOCK06811,DIAB_NEPHRO_SCREEN,2025-07-29,2026-04-07,True,False
MOCK06817,DIAB_NEPHRO_SCREEN,2025-07-15,,True,False
MOCK06823,DIAB_NEPHRO_SCREEN,2025-08-03,,True,False
MOCK06829,DIAB_NEPHRO_SCREEN,2025-07-19,,True,True
MOCK06835,DIAB_NEPHRO_SCREEN,2025-07-05,2026-05-20,True,False
MOCK06841,DIAB_NEPHRO_SCREEN,2025-08-02,,True,True
MOCK06847,DIAB_NEPHRO_SCREEN,2025-07-12,,True,True
MOCK06853,DIAB_NEPHRO_SCREEN,2025-08-05,,True,False
MOCK06859,DIAB_NEPHRO_SCREEN,2025-07-14,,True,False
MOCK06865,DIAB_NEPHRO_SCREEN,2025-08-02,,True,False
MOCK06871,DIAB_NEPHRO_SCREEN,2025-07-20,,True,False
MOCK06877,DIAB_NEPHRO_SCREEN,2025-07-18,2026-05-15,True,False
MOCK06883,DIAB_NEPHRO_SCREEN,2025-07-11,2025-11-16,True,True
MOCK06889,DIAB_NEPHRO_SCREEN,2025-08-01,,True,False
MOCK06895,DIAB_NEPHRO_SCREEN,2025-07-02,,True,False
MOCK06901,DIAB_NEPHRO_SCREEN,2025-07-18,2025-12-04,True,True
MOCK06907,DIAB_NEPHRO_SCREEN,2025-07-14,2025-12-18,True,False
MOCK06913,DIAB_NEPHRO_SCREEN,2025-07-21,,True,False
MOCK06919,DIAB_NEPHRO_SCREEN,2025-07-09,,True,True
MOCK06925,DIAB_NEPHRO_SCREEN,2025-07-25,2026-02-25,True,False
MOCK06931,DIAB_NEPHRO_SCREEN,2025-07-15,,True,True
MOCK06937,DIAB_NEPHRO_SCREEN,2025-07-07,,True,True
MOCK06943,DIAB_NEPHRO_SCREEN,2025-07-07,,True,True
MOCK06949,DIAB_NEPHRO_SCREEN,2025-07-27,,True,True
MOCK06955,DIAB_NEPHRO_SCREEN,2025-07-10,2025-12-01,True,True
MOCK06961,DIAB_NEPHRO_SCREEN,2025-07-11,,True,False
MOCK06967,DIAB_NEPHRO_SCREEN,2025-07-24,,True,True
MOCK06973,DIAB_NEPHRO_SCREEN,2025-07-12,,True,False
MOCK06979,DIAB_NEPHRO_SCREEN,2025-07-15,,True,False
MOCK06985,DIAB_NEPHRO_SCREEN,2025-07-09,,True,True
MOCK06991,DIAB_NEPHRO_SCREEN,2025-07-13,,True,True
MOCK06997,DIAB_NEPHRO_SCREEN,2025-07-27,,True,False
MOCK07003,DIAB_NEPHRO_SCREEN,2025-07-20,,True,False
MOCK07009,DIAB_NEPHRO_SCREEN,2025-08-07,,True,False
MOCK07015,DIAB_NEPHRO_SCREEN,2025-07-30,2025-11-17,True,True
MOCK07021,DIAB_NEPHRO_SCREEN,2025-06-30,2026-04-15,True,False
MOCK07027,DIAB_NEPHRO_SCREEN,2025-07-14,,True,False
MOCK07033,DIAB_NEPHRO_SCREEN,2025-07-11,,True,False
MOCK07039,DIAB_NEPHRO_SCREEN,2025-07-22,,True,True
MOCK07045,DIAB_NEPHRO_SCREEN,2025-07-10,2025-11-23,True,False
MOCK07051,DIAB_NEPHRO_SCREEN,2025-08-06,2026-05-21,True,True
MOCK07057,DIAB_NEPHRO_SCREEN,2025-07-11,,True,False
MOCK07063,DIAB_NEPHRO_SCREEN,2025-07-20,,True,False
MOCK07069,DIAB_NEPHRO_SCREEN,2025-07-04,2025-11-02,True,False
MOCK07075,DIAB_NEPHRO_SCREEN,2025-08-04,,True,True
MOCK07081,DIAB_NEPHRO_SCREEN,2025-08-04,,True,False
MOCK07087,DIAB_NEPHRO_SCREEN,2025-07-30,,True,True
MOCK07093,DIAB_NEPHRO_SCREEN,2025-07-13,2025-11-23,True,False
MOCK07099,DIAB_NEPHRO_SCREEN,2025-07-02,,True,False
MOCK07105,DIAB_NEPHRO_SCREEN,2025-07-27,,True,False
MOCK07111,DIAB_NEPHRO_SCREEN,2025-07-16,,True,False
MOCK07117,DIAB_NEPHRO_SCREEN,2025-08-07,,True,False
MOCK07123,DIAB_NEPHRO_SCREEN,2025-07-27,2026-05-25,True,False
MOCK07129,DIAB_NEPHRO_SCREEN,2025-07-21,,True,False
MOCK07135,DIAB_NEPHRO_SCREEN,2025-08-07,,True,False
MOCK07141,DIAB_NEPHRO_SCREEN,2025-07-31,,True,False
MOCK07147,DIAB_NEPHRO_SCREEN,2025-07-17,,True,False
MOCK07153,DIAB_NEPHRO_SCREEN,2025-06-30,2025-11-14,True,False
MOCK07159,DIAB_NEPHRO_SCREEN,2025-07-03,,True,True
MOCK07165,DIAB_NEPHRO_SCREEN,2025-07-17,,True,False
MOCK07171,DIAB_NEPHRO_SCREEN,2025-07-21,,True,True
MOCK07177,DIAB_NEPHRO_SCREEN,2025-07-01,,True,True
MOCK07183,DIAB_NEPHRO_SCREEN,2025-07-04,2025-11-23,True,False
MOCK07189,DIAB_NEPHRO_SCREEN,2025-07-27,,True,True
MOCK07195,DIAB_NEPHRO_SCREEN,2025-07-29,,True,False
MOCK07201,DIAB_NEPHRO_SCREEN,2025-07-01,,True,False
MOCK07207,DIAB_NEPHRO_SCREEN,2025-07-19,,True,True
MOCK07213,DIAB_NEPHRO_SCREEN,2025-07-03,2026-05-18,True,True
MOCK07219,DIAB_NEPHRO_SCREEN,2025-07-28,,True,True
MOCK07225,DIAB_NEPHRO_SCREEN,2025-08-01,2026-02-11,True,True
MOCK07231,DIAB_NEPHRO_SCREEN,2025-08-02,2025-12-20,True,False
MOCK07237,DIAB_NEPHRO_SCREEN,2025-07-23,,True,False
MOCK07243,DIAB_NEPHRO_SCREEN,2025-07-24,,True,False
MOCK07249,DIAB_NEPHRO_SCREEN,2025-08-05,2025-12-15,True,True
MOCK07255,DIAB_NEPHRO_SCREEN,2025-07-23,,True,False
MOCK07261,DIAB_NEPHRO_SCREEN,2025-07-17,2026-03-13,True,True
MOCK07267,DIAB_NEPHRO_SCREEN,2025-07-29,,True,False
MOCK07273,DIAB_NEPHRO_SCREEN,2025-07-23,,True,False
MOCK07279,DIAB_NEPHRO_SCREEN,2025-08-01,,True,True
MOCK07285,DIAB_NEPHRO_SCREEN,2025-07-20,,True,False
MOCK07291,DIAB_NEPHRO_SCREEN,2025-08-02,,True,False
MOCK07297,DIAB_NEPHRO_SCREEN,2025-07-01,,True,True
MOCK07303,DIAB_NEPHRO_SCREEN,2025-07-01,2025-12-29,True,False
MOCK07309,DIAB_NEPHRO_SCREEN,2025-07-03,2026-01-07,True,False
MOCK07315,DIAB_NEPHRO_SCREEN,2025-07-21,2026-05-22,True,True
MOCK07321,DIAB_NEPHRO_SCREEN,2025-07-27,2026-05-25,True,True
MOCK07327,DIAB_NEPHRO_SCREEN,2025-07-08,2025-12-26,True,False
MOCK07333,DIAB_NEPHRO_SCREEN,2025-07-06,,True,False
MOCK07339,DIAB_NEPHRO_SCREEN,2025-08-02,2026-02-09,True,False
MOCK07345,DIAB_NEPHRO_SCREEN,2025-07-29,,True,False
MOCK07351,DIAB_NEPHRO_SCREEN,2025-07-25,,True,False
MOCK07357,DIAB_NEPHRO_SCREEN,2025-07-19,,True,True
MOCK07363,DIAB_NEPHRO_SCREEN,2025-07-16,,True,True
MOCK07369,DIAB_NEPHRO_SCREEN,2025-06-30,,True,True
MOCK07375,DIAB_NEPHRO_SCREEN,2025-07-07,,True,False
MOCK07381,DIAB_NEPHRO_SCREEN,2025-08-03,2026-05-11,True,False
MOCK07387,DIAB_NEPHRO_SCREEN,2025-07-13,,True,False
MOCK07393,DIAB_NEPHRO_SCREEN,2025-07-27,,True,True
MOCK07399,DIAB_NEPHRO_SCREEN,2025-07-27,2026-05-04,True,False
MOCK07405,DIAB_NEPHRO_SCREEN,2025-07-12,2026-01-12,True,False
MOCK07411,DIAB_NEPHRO_SCREEN,2025-07-07,,True,True
MOCK07417,DIAB_NEPHRO_SCREEN,2025-07-26,,True,True
MOCK07423,DIAB_NEPHRO_SCREEN,2025-07-03,,True,False
MOCK07429,DIAB_NEPHRO_SCREEN,2025-07-19,2026-03-17,True,False
MOCK07435,DIAB_NEPHRO_SCREEN,2025-08-03,,True,False
MOCK07441,DIAB_NEPHRO_SCREEN,2025-07-27,,True,True
MOCK07447,DIAB_NEPHRO_SCREEN,2025-07-29,,True,False
MOCK07453,DIAB_NEPHRO_SCREEN,2025-07-03,,True,True
MOCK07459,DIAB_NEPHRO_SCREEN,2025-07-07,,True,True
MOCK07465,DIAB_NEPHRO_SCREEN,2025-07-10,,True,False
MOCK07471,DIAB_NEPHRO_SCREEN,2025-07-11,2026-03-23,True,True
MOCK07477,DIAB_NEPHRO_SCREEN,2025-07-07,,True,False
MOCK07483,DIAB_NEPHRO_SCREEN,2025-08-06,2026-03-04,True,False
MOCK07489,DIAB_NEPHRO_SCREEN,2025-07-06,,True,True
MOCK07495,DIAB_NEPHRO_SCREEN,2025-07-27,,True,True
MOCK07501,DIAB_NEPHRO_SCREEN,2025-07-22,,True,False
MOCK07507,DIAB_NEPHRO_SCREEN,2025-07-23,,True,True
MOCK07513,DIAB_NEPHRO_SCREEN,2025-07-08,,True,True
MOCK07519,DIAB_NEPHRO_SCREEN,2025-07-11,2026-03-16,True,True
MOCK07525,DIAB_NEPHRO_SCREEN,2025-07-23,,True,True
MOCK07531,DIAB_NEPHRO_SCREEN,2025-07-11,,True,False
MOCK07537,DIAB_NEPHRO_SCREEN,2025-07-27,,True,False
MOCK07543,DIAB_NEPHRO_SCREEN,2025-07-01,,True,True
MOCK07549,DIAB_NEPHRO_SCREEN,2025-07-02,,True,False
MOCK07555,DIAB_NEPHRO_SCREEN,2025-07-28,,True,True
MOCK07561,DIAB_NEPHRO_SCREEN,2025-07-24,2026-02-19,True,False
MOCK07567,DIAB_NEPHRO_SCREEN,2025-07-01,,True,True
MOCK07573,DIAB_NEPHRO_SCREEN,2025-08-04,,True,False
MOCK07579,DIAB_NEPHRO_SCREEN,2025-06-30,,True,True
MOCK07585,DIAB_NEPHRO_SCREEN,2025-08-06,,True,False
MOCK07591,DIAB_NEPHRO_SCREEN,2025-07-28,,True,True
MOCK07597,DIAB_NEPHRO_SCREEN,2025-08-07,,True,False
MOCK07603,DIAB_NEPHRO_SCREEN,2025-08-06,2025-11-29,True,True
MOCK07609,DIAB_NEPHRO_SCREEN,2025-07-12,,True,False
MOCK07615,DIAB_NEPHRO_SCREEN,2025-07-29,,True,False
MOCK07621,DIAB_NEPHRO_SCREEN,2025-07-08,2026-05-22,True,True
MOCK07627,DIAB_NEPHRO_SCREEN,2025-07-18,2026-02-03,True,True
MOCK07633,DIAB_NEPHRO_SCREEN,2025-07-09,2026-01-20,True,True
MOCK07639,DIAB_NEPHRO_SCREEN,2025-07-18,,True,False
MOCK07645,DIAB_NEPHRO_SCREEN,2025-08-03,,True,False
MOCK07651,DIAB_NEPHRO_SCREEN,2025-07-17,,True,False
MOCK07657,DIAB_NEPHRO_SCREEN,2025-07-03,,True,True
MOCK07663,DIAB_NEPHRO_SCREEN,2025-07-12,,True,False
MOCK07669,DIAB_NEPHRO_SCREEN,2025-07-30,2025-12-24,True,True
MOCK07675,DIAB_NEPHRO_SCREEN,2025-07-20,,True,True
MOCK07681,DIAB_NEPHRO_SCREEN,2025-07-21,,True,True
MOCK07687,DIAB_NEPHRO_SCREEN,2025-07-16,,True,False
MOCK07693,DIAB_NEPHRO_SCREEN,2025-07-11,,True,False
MOCK07699,DIAB_NEPHRO_SCREEN,2025-07-23,,True,False
MOCK07705,DIAB_NEPHRO_SCREEN,2025-07-24,,True,True
MOCK07711,DIAB_NEPHRO_SCREEN,2025-08-04,,True,True
MOCK07717,DIAB_NEPHRO_SCREEN,2025-07-24,2026-03-27,True,False
MOCK07723,DIAB_NEPHRO_SCREEN,2025-08-07,,True,False
MOCK07729,DIAB_NEPHRO_SCREEN,2025-08-01,,True,True
MOCK07735,DIAB_NEPHRO_SCREEN,2025-07-03,,True,True
MOCK07741,DIAB_NEPHRO_SCREEN,2025-07-15,,True,False
MOCK07747,DIAB_NEPHRO_SCREEN,2025-07-15,2026-04-14,True,False
MOCK07753,DIAB_NEPHRO_SCREEN,2025-06-30,,True,False
MOCK07759,DIAB_NEPHRO_SCREEN,2025-07-07,,True,True
MOCK07765,DIAB_NEPHRO_SCREEN,2025-07-29,,True,False
MOCK07771,DIAB_NEPHRO_SCREEN,2025-07-13,,True,True
MOCK07777,DIAB_NEPHRO_SCREEN,2025-07-05,,True,False
MOCK07783,DIAB_NEPHRO_SCREEN,2025-07-11,2026-04-18,True,True
MOCK07789,DIAB_NEPHRO_SCREEN,2025-07-10,2025-12-12,True,True
MOCK07795,DIAB_NEPHRO_SCREEN,2025-07-06,2026-04-11,True,False
MOCK07801,DIAB_NEPHRO_SCREEN,2025-07-03,2026-03-27,True,True
MOCK07807,DIAB_NEPHRO_SCREEN,2025-07-29,,True,True
MOCK07813,DIAB_NEPHRO_SCREEN,2025-08-01,,True,False
MOCK07819,DIAB_NEPHRO_SCREEN,2025-07-19,2026-01-13,True,False
MOCK07825,DIAB_NEPHRO_SCREEN,2025-07-24,,True,False
MOCK07831,DIAB_NEPHRO_SCREEN,2025-08-04,,True,True
MOCK07837,DIAB_NEPHRO_SCREEN,2025-08-01,,True,True
MOCK07843,DIAB_NEPHRO_SCREEN,2025-07-01,2026-03-01,True,False
MOCK07849,DIAB_NEPHRO_SCREEN,2025-08-06,,True,True
MOCK07855,DIAB_NEPHRO_SCREEN,2025-07-02,2026-04-25,True,True
MOCK07861,DIAB_NEPHRO_SCREEN,2025-07-01,,True,False
MOCK07867,DIAB_NEPHRO_SCREEN,2025-07-15,,True,False
MOCK07873,DIAB_NEPHRO_SCREEN,2025-07-29,,True,True
MOCK07879,DIAB_NEPHRO_SCREEN,2025-07-03,,True,False
MOCK07885,DIAB_NEPHRO_SCREEN,2025-07-11,,True,False
MOCK07891,DIAB_NEPHRO_SCREEN,2025-07-10,,True,True
MOCK07897,DIAB_NEPHRO_SCREEN,2025-07-15,,True,False
MOCK07903,DIAB_NEPHRO_SCREEN,2025-08-07,,True,True
MOCK07909,DIAB_NEPHRO_SCREEN,2025-07-12,,True,True
MOCK07915,DIAB_NEPHRO_SCREEN,2025-07-08,,True,False
MOCK07921,DIAB_NEPHRO_SCREEN,2025-07-04,,True,False
MOCK07927,DIAB_NEPHRO_SCREEN,2025-07-07,,True,True
MOCK07933,DIAB_NEPHRO_SCREEN,2025-07-05,2026-02-05,True,False
MOCK07939,DIAB_NEPHRO_SCREEN,2025-07-22,,True,False
MOCK07945,DIAB_NEPHRO_SCREEN,2025-07-16,2025-12-15,True,True
MOCK07951,DIAB_NEPHRO_SCREEN,2025-07-19,,True,False
MOCK07957,DIAB_NEPHRO_SCREEN,2025-08-01,,True,False
MOCK07963,DIAB_NEPHRO_SCREEN,2025-07-22,2026-05-26,True,True
MOCK07969,DIAB_NEPHRO_SCREEN,2025-07-06,2026-03-12,True,False
MOCK07975,DIAB_NEPHRO_SCREEN,2025-07-14,,True,False
MOCK07981,DIAB_NEPHRO_SCREEN,2025-07-12,,True,False
MOCK07987,DIAB_NEPHRO_SCREEN,2025-08-01,2025-11-14,True,True
MOCK07993,DIAB_NEPHRO_SCREEN,2025-07-11,2026-01-21,True,True
MOCK07999,DIAB_NEPHRO_SCREEN,2025-07-05,,True,True
MOCK08005,DIAB_NEPHRO_SCREEN,2025-07-28,,True,False
MOCK08011,DIAB_NEPHRO_SCREEN,2025-07-16,2025-12-12,True,False
MOCK08017,DIAB_NEPHRO_SCREEN,2025-07-03,,True,False
MOCK08023,DIAB_NEPHRO_SCREEN,2025-07-26,,True,False
MOCK08029,DIAB_NEPHRO_SCREEN,2025-07-08,,True,True
MOCK08035,DIAB_NEPHRO_SCREEN,2025-08-02,,True,True
MOCK08041,DIAB_NEPHRO_SCREEN,2025-08-01,,True,False
MOCK08047,DIAB_NEPHRO_SCREEN,2025-07-14,,True,False
MOCK08053,DIAB_NEPHRO_SCREEN,2025-07-21,,True,False
MOCK08059,DIAB_NEPHRO_SCREEN,2025-07-22,,True,True
MOCK08065,DIAB_NEPHRO_SCREEN,2025-07-25,,True,True
MOCK08071,DIAB_NEPHRO_SCREEN,2025-07-02,,True,False
MOCK08077,DIAB_NEPHRO_SCREEN,2025-07-12,,True,True
MOCK08083,DIAB_NEPHRO_SCREEN,2025-07-06,,True,True
MOCK08089,DIAB_NEPHRO_SCREEN,2025-07-27,,True,False
MOCK08095,DIAB_NEPHRO_SCREEN,2025-07-02,2026-03-07,True,False
MOCK08101,DIAB_NEPHRO_SCREEN,2025-07-20,,True,False
MOCK08107,DIAB_NEPHRO_SCREEN,2025-07-28,2026-03-15,True,False
MOCK08113,DIAB_NEPHRO_SCREEN,2025-08-05,,True,False
MOCK08119,DIAB_NEPHRO_SCREEN,2025-07-11,,True,True
MOCK08125,DIAB_NEPHRO_SCREEN,2025-06-30,2025-12-10,True,False
MOCK08131,DIAB_NEPHRO_SCREEN,2025-07-28,2025-12-05,True,False
MOCK08137,DIAB_NEPHRO_SCREEN,2025-06-30,,True,True
MOCK08143,DIAB_NEPHRO_SCREEN,2025-07-02,,True,False
MOCK08149,DIAB_NEPHRO_SCREEN,2025-08-07,2026-01-24,True,False
MOCK08155,DIAB_NEPHRO_SCREEN,2025-08-02,,True,True
MOCK08161,DIAB_NEPHRO_SCREEN,2025-07-27,,True,False
MOCK08167,DIAB_NEPHRO_SCREEN,2025-08-01,2026-05-06,True,False
MOCK08173,DIAB_NEPHRO_SCREEN,2025-07-02,,True,True
MOCK08179,DIAB_NEPHRO_SCREEN,2025-07-03,,True,True
MOCK08185,DIAB_NEPHRO_SCREEN,2025-07-11,,True,False
MOCK08191,DIAB_NEPHRO_SCREEN,2025-06-30,,True,True
MOCK08197,DIAB_NEPHRO_SCREEN,2025-08-03,2025-12-23,True,True
MOCK08203,DIAB_NEPHRO_SCREEN,2025-07-02,,True,False
MOCK08209,DIAB_NEPHRO_SCREEN,2025-07-21,2026-01-07,True,False
MOCK08215,DIAB_NEPHRO_SCREEN,2025-08-02,,True,False
MOCK08221,DIAB_NEPHRO_SCREEN,2025-07-28,,True,False
MOCK08227,DIAB_NEPHRO_SCREEN,2025-07-09,2026-03-01,True,False
MOCK08233,DIAB_NEPHRO_SCREEN,2025-07-18,2025-12-02,True,False
MOCK08239,DIAB_NEPHRO_SCREEN,2025-07-21,2026-03-16,True,True
MOCK08245,DIAB_NEPHRO_SCREEN,2025-07-29,,True,False
MOCK08251,DIAB_NEPHRO_SCREEN,2025-07-16,,True,True
MOCK08257,DIAB_NEPHRO_SCREEN,2025-07-11,,True,False
MOCK08263,DIAB_NEPHRO_SCREEN,2025-07-31,,True,False
MOCK08269,DIAB_NEPHRO_SCREEN,2025-08-03,,True,True
MOCK08275,DIAB_NEPHRO_SCREEN,2025-07-19,2025-12-02,True,False
MOCK08281,DIAB_NEPHRO_SCREEN,2025-07-01,,True,False
MOCK08287,DIAB_NEPHRO_SCREEN,2025-07-19,,True,False
MOCK08293,DIAB_NEPHRO_SCREEN,2025-08-03,,True,True
MOCK08299,DIAB_NEPHRO_SCREEN,2025-08-07,,True,False
MOCK08305,DIAB_NEPHRO_SCREEN,2025-07-15,2026-03-23,True,True
MOCK08311,DIAB_NEPHRO_SCREEN,2025-07-05,,True,False
MOCK08317,DIAB_NEPHRO_SCREEN,2025-07-22,2026-03-10,True,False
MOCK08323,DIAB_NEPHRO_SCREEN,2025-08-01,,True,True
MOCK08329,DIAB_NEPHRO_SCREEN,2025-08-05,2026-01-28,True,True
MOCK08335,DIAB_NEPHRO_SCREEN,2025-07-02,,True,False
MOCK08341,DIAB_NEPHRO_SCREEN,2025-07-11,,True,False
MOCK08347,DIAB_NEPHRO_SCREEN,2025-07-18,,True,True
MOCK08353,DIAB_NEPHRO_SCREEN,2025-07-03,,True,False
MOCK08359,DIAB_NEPHRO_SCREEN,2025-08-03,,True,False
MOCK08365,DIAB_NEPHRO_SCREEN,2025-07-04,2026-02-18,True,True
MOCK08371,DIAB_NEPHRO_SCREEN,2025-07-25,,True,False
MOCK08377,DIAB_NEPHRO_SCREEN,2025-08-04,,True,True
MOCK08383,DIAB_NEPHRO_SCREEN,2025-07-26,,True,True
MOCK08389,DIAB_NEPHRO_SCREEN,2025-07-29,,True,False
MOCK08395,DIAB_NEPHRO_SCREEN,2025-07-10,2026-01-24,True,True
MOCK08401,DIAB_NEPHRO_SCREEN,2025-08-01,,True,False
MOCK08407,DIAB_NEPHRO_SCREEN,2025-07-16,,True,False
MOCK08413,DIAB_NEPHRO_SCREEN,2025-07-02,2026-04-05,True,False
MOCK08419,DIAB_NEPHRO_SCREEN,2025-07-14,2026-05-13,True,True
MOCK08425,DIAB_NEPHRO_SCREEN,2025-07-13,,True,True
MOCK08431,DIAB_NEPHRO_SCREEN,2025-07-20,,True,False
MOCK08437,DIAB_NEPHRO_SCREEN,2025-07-10,,True,False
MOCK08443,DIAB_NEPHRO_SCREEN,2025-07-18,,True,False
MOCK08449,DIAB_NEPHRO_SCREEN,2025-07-16,,True,True
MOCK08455,DIAB_NEPHRO_SCREEN,2025-07-12,,True,True
MOCK08461,DIAB_NEPHRO_SCREEN,2025-07-27,,True,True
MOCK08467,DIAB_NEPHRO_SCREEN,2025-07-11,,True,False
MOCK08473,DIAB_NEPHRO_SCREEN,2025-07-29,2026-01-26,True,True
MOCK08479,DIAB_NEPHRO_SCREEN,2025-07-09,2026-01-26,True,False
MOCK08485,DIAB_NEPHRO_SCREEN,2025-08-02,,True,False
MOCK08491,DIAB_NEPHRO_SCREEN,2025-07-14,,True,True
MOCK08497,DIAB_NEPHRO_SCREEN,2025-07-01,2026-02-14,True,False
MOCK08503,DIAB_NEPHRO_SCREEN,2025-07-05,,True,False
MOCK08509,DIAB_NEPHRO_SCREEN,2025-07-31,,True,False
MOCK08515,DIAB_NEPHRO_SCREEN,2025-08-03,2025-11-24,True,True
MOCK08521,DIAB_NEPHRO_SCREEN,2025-07-08,2025-12-11,True,False
MOCK08527,DIAB_NEPHRO_SCREEN,2025-07-23,2026-02-17,True,True
MOCK08533,DIAB_NEPHRO_SCREEN,2025-07-22,,True,False
MOCK08539,DIAB_NEPHRO_SCREEN,2025-07-05,,True,False
MOCK08545,DIAB_NEPHRO_SCREEN,2025-07-17,2026-03-31,True,True
MOCK08551,DIAB_NEPHRO_SCREEN,2025-07-27,,True,False
MOCK08557,DIAB_NEPHRO_SCREEN,2025-08-06,,True,False
MOCK08563,DIAB_NEPHRO_SCREEN,2025-08-02,,True,True
MOCK08569,DIAB_NEPHRO_SCREEN,2025-07-03,,True,False
MOCK08575,DIAB_NEPHRO_SCREEN,2025-07-09,,True,True
MOCK08581,DIAB_NEPHRO_SCREEN,2025-07-17,,True,False
MOCK08587,DIAB_NEPHRO_SCREEN,2025-07-05,2026-02-01,True,False
MOCK08593,DIAB_NEPHRO_SCREEN,2025-07-22,,True,False
MOCK08599,DIAB_NEPHRO_SCREEN,2025-06-30,,True,False
MOCK08605,DIAB_NEPHRO_SCREEN,2025-07-04,,True,False
MOCK08611,DIAB_NEPHRO_SCREEN,2025-07-01,,True,True
MOCK08617,DIAB_NEPHRO_SCREEN,2025-07-11,2026-02-15,True,True
MOCK08623,DIAB_NEPHRO_SCREEN,2025-07-29,2026-04-26,True,True
MOCK08629,DIAB_NEPHRO_SCREEN,2025-07-06,2026-03-20,True,False
MOCK08635,DIAB_NEPHRO_SCREEN,2025-08-07,,True,False
MOCK08641,DIAB_NEPHRO_SCREEN,2025-07-10,,True,False
MOCK08647,DIAB_NEPHRO_SCREEN,2025-07-01,,True,True
MOCK08653,DIAB_NEPHRO_SCREEN,2025-07-13,,True,True
MOCK08659,DIAB_NEPHRO_SCREEN,2025-07-29,,True,False
MOCK08665,DIAB_NEPHRO_SCREEN,2025-07-04,2026-01-12,True,True
MOCK08671,DIAB_NEPHRO_SCREEN,2025-07-02,,True,False
MOCK08677,DIAB_NEPHRO_SCREEN,2025-08-02,,True,True
MOCK08683,DIAB_NEPHRO_SCREEN,2025-07-23,,True,True
MOCK08689,DIAB_NEPHRO_SCREEN,2025-07-13,,True,False
MOCK08695,DIAB_NEPHRO_SCREEN,2025-07-29,,True,False
MOCK08701,DIAB_NEPHRO_SCREEN,2025-08-01,,True,False
MOCK08707,DIAB_NEPHRO_SCREEN,2025-07-14,,True,False
MOCK08713,DIAB_NEPHRO_SCREEN,2025-07-21,,True,True
MOCK08719,DIAB_NEPHRO_SCREEN,2025-06-30,,True,False
MOCK08725,DIAB_NEPHRO_SCREEN,2025-07-11,,True,False
MOCK08731,DIAB_NEPHRO_SCREEN,2025-07-23,2025-11-18,True,False
MOCK08737,DIAB_NEPHRO_SCREEN,2025-07-07,,True,False
MOCK08743,DIAB_NEPHRO_SCREEN,2025-08-07,,True,True
MOCK08749,DIAB_NEPHRO_SCREEN,2025-08-06,,True,True
MOCK08755,DIAB_NEPHRO_SCREEN,2025-07-10,,True,False
MOCK08761,DIAB_NEPHRO_SCREEN,2025-07-15,,True,False
MOCK08767,DIAB_NEPHRO_SCREEN,2025-07-07,,True,True
MOCK08773,DIAB_NEPHRO_SCREEN,2025-07-19,2026-03-03,True,True
MOCK08779,DIAB_NEPHRO_SCREEN,2025-07-04,,True,False
MOCK08785,DIAB_NEPHRO_SCREEN,2025-07-15,,True,False
MOCK08791,DIAB_NEPHRO_SCREEN,2025-07-21,,True,False
MOCK08797,DIAB_NEPHRO_SCREEN,2025-07-23,2025-12-25,True,True
MOCK08803,DIAB_NEPHRO_SCREEN,2025-07-23,,True,False
MOCK08809,DIAB_NEPHRO_SCREEN,2025-07-08,,True,False
MOCK08815,DIAB_NEPHRO_SCREEN,2025-07-30,,True,False
MOCK08821,DIAB_NEPHRO_SCREEN,2025-07-26,,True,True
MOCK08827,DIAB_NEPHRO_SCREEN,2025-07-29,2026-03-16,True,False
MOCK08833,DIAB_NEPHRO_SCREEN,2025-07-18,2026-03-22,True,False
MOCK08839,DIAB_NEPHRO_SCREEN,2025-08-03,2026-02-01,True,False
MOCK08845,DIAB_NEPHRO_SCREEN,2025-07-15,,True,False
MOCK08851,DIAB_NEPHRO_SCREEN,2025-07-31,,True,False
MOCK08857,DIAB_NEPHRO_SCREEN,2025-07-07,,True,True
MOCK08863,DIAB_NEPHRO_SCREEN,2025-07-09,2026-03-02,True,False
MOCK08869,DIAB_NEPHRO_SCREEN,2025-07-20,,True,False
MOCK08875,DIAB_NEPHRO_SCREEN,2025-07-21,,True,True
MOCK08881,DIAB_NEPHRO_SCREEN,2025-07-29,,True,True
MOCK08887,DIAB_NEPHRO_SCREEN,2025-07-11,2026-04-26,True,False
MOCK08893,DIAB_NEPHRO_SCREEN,2025-08-03,2026-02-06,True,True
MOCK08899,DIAB_NEPHRO_SCREEN,2025-07-12,,True,False
MOCK08905,DIAB_NEPHRO_SCREEN,2025-07-20,,True,True
MOCK08911,DIAB_NEPHRO_SCREEN,2025-08-05,,True,True
MOCK08917,DIAB_NEPHRO_SCREEN,2025-07-21,2026-01-08,True,True
MOCK08923,DIAB_NEPHRO_SCREEN,2025-07-26,,True,False
MOCK08929,DIAB_NEPHRO_SCREEN,2025-08-04,,True,False
MOCK08935,DIAB_NEPHRO_SCREEN,2025-08-07,,True,False
MOCK08941,DIAB_NEPHRO_SCREEN,2025-07-19,2026-01-15,True,False
MOCK08947,DIAB_NEPHRO_SCREEN,2025-07-16,,True,True
MOCK08953,DIAB_NEPHRO_SCREEN,2025-07-07,2025-12-28,True,False
MOCK08959,DIAB_NEPHRO_SCREEN,2025-07-20,2025-12-29,True,False
MOCK08965,DIAB_NEPHRO_SCREEN,2025-08-04,,True,False
MOCK08971,DIAB_NEPHRO_SCREEN,2025-07-18,,True,True
MOCK08977,DIAB_NEPHRO_SCREEN,2025-07-13,,True,False
MOCK08983,DIAB_NEPHRO_SCREEN,2025-07-04,,True,True
MOCK08989,DIAB_NEPHRO_SCREEN,2025-07-15,,True,True
MOCK08995,DIAB_NEPHRO_SCREEN,2025-07-09,,True,True
MOCK09001,DIAB_NEPHRO_SCREEN,2025-08-07,,True,True
MOCK09007,DIAB_NEPHRO_SCREEN,2025-07-20,,True,True
MOCK09013,DIAB_NEPHRO_SCREEN,2025-07-05,,True,False
MOCK09019,DIAB_NEPHRO_SCREEN,2025-07-02,,True,True
MOCK09025,DIAB_NEPHRO_SCREEN,2025-08-02,,True,False
MOCK09031,DIAB_NEPHRO_SCREEN,2025-08-05,,True,False
MOCK09037,DIAB_NEPHRO_SCREEN,2025-07-29,,True,False
MOCK09043,DIAB_NEPHRO_SCREEN,2025-07-04,,True,False
MOCK09049,DIAB_NEPHRO_SCREEN,2025-07-03,,True,False
MOCK09055,DIAB_NEPHRO_SCREEN,2025-07-07,,True,True
MOCK09061,DIAB_NEPHRO_SCREEN,2025-07-29,2025-11-30,True,True
MOCK09067,DIAB_NEPHRO_SCREEN,2025-07-29,,True,False
MOCK09073,DIAB_NEPHRO_SCREEN,2025-08-01,,True,False
MOCK09079,DIAB_NEPHRO_SCREEN,2025-07-03,,True,False
MOCK09085,DIAB_NEPHRO_SCREEN,2025-07-05,,True,False
MOCK09091,DIAB_NEPHRO_SCREEN,2025-08-04,2025-11-07,True,False
MOCK09097,DIAB_NEPHRO_SCREEN,2025-08-05,,True,False
MOCK09103,DIAB_NEPHRO_SCREEN,2025-07-28,,True,False
MOCK09109,DIAB_NEPHRO_SCREEN,2025-07-04,,True,False
MOCK09115,DIAB_NEPHRO_SCREEN,2025-07-02,,True,False
MOCK09121,DIAB_NEPHRO_SCREEN,2025-07-02,,True,False
MOCK09127,DIAB_NEPHRO_SCREEN,2025-07-26,,True,False
MOCK09133,DIAB_NEPHRO_SCREEN,2025-08-01,,True,False
MOCK09139,DIAB_NEPHRO_SCREEN,2025-07-24,,True,True
MOCK09145,DIAB_NEPHRO_SCREEN,2025-07-10,2026-04-08,True,True
MOCK09151,DIAB_NEPHRO_SCREEN,2025-07-29,2026-04-26,True,False
MOCK09157,DIAB_NEPHRO_SCREEN,2025-07-02,,True,True
MOCK09163,DIAB_NEPHRO_SCREEN,2025-08-01,,True,False
MOCK09169,DIAB_NEPHRO_SCREEN,2025-08-03,,True,False
MOCK09175,DIAB_NEPHRO_SCREEN,2025-07-28,,True,False
MOCK09181,DIAB_NEPHRO_SCREEN,2025-08-03,2026-02-19,True,False
MOCK09187,DIAB_NEPHRO_SCREEN,2025-07-22,,True,False
MOCK09193,DIAB_NEPHRO_SCREEN,2025-07-18,,True,True
MOCK09199,DIAB_NEPHRO_SCREEN,2025-07-12,,True,True
MOCK09205,DIAB_NEPHRO_SCREEN,2025-08-04,2026-03-22,True,False
MOCK09211,DIAB_NEPHRO_SCREEN,2025-07-27,,True,True
MOCK09217,DIAB_NEPHRO_SCREEN,2025-07-07,,True,False
MOCK09223,DIAB_NEPHRO_SCREEN,2025-08-06,,True,False
MOCK09229,DIAB_NEPHRO_SCREEN,2025-07-02,2026-04-29,True,False
MOCK09235,DIAB_NEPHRO_SCREEN,2025-07-22,,True,False
MOCK09241,DIAB_NEPHRO_SCREEN,2025-07-07,,True,False
MOCK09247,DIAB_NEPHRO_SCREEN,2025-07-25,,True,False
MOCK09253,DIAB_NEPHRO_SCREEN,2025-07-16,2026-04-14,True,True
MOCK09259,DIAB_NEPHRO_SCREEN,2025-07-17,,True,False
MOCK09265,DIAB_NEPHRO_SCREEN,2025-07-26,2026-02-10,True,True
MOCK09271,DIAB_NEPHRO_SCREEN,2025-07-29,,True,False
MOCK09277,DIAB_NEPHRO_SCREEN,2025-07-14,2026-03-17,True,True
MOCK09283,DIAB_NEPHRO_SCREEN,2025-08-07,2025-12-18,True,False
MOCK09289,DIAB_NEPHRO_SCREEN,2025-07-19,2026-02-14,True,False
MOCK09295,DIAB_NEPHRO_SCREEN,2025-07-06,2026-05-02,True,True
MOCK09301,DIAB_NEPHRO_SCREEN,2025-06-30,2026-04-20,True,False
MOCK09307,DIAB_NEPHRO_SCREEN,2025-07-07,,True,True
MOCK09313,DIAB_NEPHRO_SCREEN,2025-07-26,,True,True
MOCK09319,DIAB_NEPHRO_SCREEN,2025-07-21,,True,True
MOCK09325,DIAB_NEPHRO_SCREEN,2025-07-13,,True,True
MOCK09331,DIAB_NEPHRO_SCREEN,2025-07-18,2026-04-16,True,False
MOCK09337,DIAB_NEPHRO_SCREEN,2025-08-01,,True,False
MOCK09343,DIAB_NEPHRO_SCREEN,2025-07-22,,True,False
MOCK09349,DIAB_NEPHRO_SCREEN,2025-07-02,,True,False
MOCK09355,DIAB_NEPHRO_SCREEN,2025-07-01,2026-04-18,True,False
MOCK09361,DIAB_NEPHRO_SCREEN,2025-07-18,,True,False
MOCK09367,DIAB_NEPHRO_SCREEN,2025-07-15,,True,False
MOCK09373,DIAB_NEPHRO_SCREEN,2025-08-02,2025-12-30,True,True
MOCK09379,DIAB_NEPHRO_SCREEN,2025-07-22,2026-03-07,True,False
MOCK09385,DIAB_NEPHRO_SCREEN,2025-07-29,,True,False
MOCK09391,DIAB_NEPHRO_SCREEN,2025-07-22,,True,True
MOCK09397,DIAB_NEPHRO_SCREEN,2025-07-13,,True,False
MOCK09403,DIAB_NEPHRO_SCREEN,2025-07-25,,True,True
MOCK09409,DIAB_NEPHRO_SCREEN,2025-07-24,2025-12-17,True,True
MOCK09415,DIAB_NEPHRO_SCREEN,2025-07-28,,True,False
MOCK09421,DIAB_NEPHRO_SCREEN,2025-07-07,,True,True
MOCK09427,DIAB_NEPHRO_SCREEN,2025-07-25,,True,False
MOCK09433,DIAB_NEPHRO_SCREEN,2025-07-11,,True,False
MOCK09439,DIAB_NEPHRO_SCREEN,2025-07-30,2026-02-09,True,True
MOCK09445,DIAB_NEPHRO_SCREEN,2025-07-31,,True,False
MOCK09451,DIAB_NEPHRO_SCREEN,2025-07-24,,True,False
MOCK09457,DIAB_NEPHRO_SCREEN,2025-08-05,2025-11-25,True,False
MOCK09463,DIAB_NEPHRO_SCREEN,2025-07-20,2026-02-01,True,False
MOCK09469,DIAB_NEPHRO_SCREEN,2025-06-30,,True,False
MOCK09475,DIAB_NEPHRO_SCREEN,2025-07-23,,True,True
MOCK09481,DIAB_NEPHRO_SCREEN,2025-07-30,2025-11-06,True,True
MOCK09487,DIAB_NEPHRO_SCREEN,2025-07-03,,True,True
MOCK09493,DIAB_NEPHRO_SCREEN,2025-07-04,,True,True
MOCK09499,DIAB_NEPHRO_SCREEN,2025-07-10,2025-11-04,True,False
MOCK09505,DIAB_NEPHRO_SCREEN,2025-08-01,,True,True
MOCK09511,DIAB_NEPHRO_SCREEN,2025-07-20,,True,False
MOCK09517,DIAB_NEPHRO_SCREEN,2025-08-07,2026-01-21,True,False
MOCK09523,DIAB_NEPHRO_SCREEN,2025-08-03,2026-04-16,True,False
MOCK09529,DIAB_NEPHRO_SCREEN,2025-07-21,,True,False
MOCK09535,DIAB_NEPHRO_SCREEN,2025-07-26,,True,False
MOCK09541,DIAB_NEPHRO_SCREEN,2025-07-12,,True,False
MOCK09547,DIAB_NEPHRO_SCREEN,2025-07-03,,True,True
MOCK09553,DIAB_NEPHRO_SCREEN,2025-07-15,2026-03-28,True,False
MOCK09559,DIAB_NEPHRO_SCREEN,2025-07-23,2026-05-06,True,True
MOCK09565,DIAB_NEPHRO_SCREEN,2025-07-07,,True,False
MOCK09571,DIAB_NEPHRO_SCREEN,2025-07-08,2026-04-03,True,False
MOCK09577,DIAB_NEPHRO_SCREEN,2025-06-30,2026-01-30,True,True
MOCK09583,DIAB_NEPHRO_SCREEN,2025-07-28,2026-01-28,True,True
MOCK09589,DIAB_NEPHRO_SCREEN,2025-08-04,2025-12-13,True,True
MOCK09595,DIAB_NEPHRO_SCREEN,2025-08-01,,True,False
MOCK09601,DIAB_NEPHRO_SCREEN,2025-07-14,,True,False
MOCK09607,DIAB_NEPHRO_SCREEN,2025-07-23,,True,True
MOCK09613,DIAB_NEPHRO_SCREEN,2025-08-06,,True,True
MOCK09619,DIAB_NEPHRO_SCREEN,2025-07-23,,True,True
MOCK09625,DIAB_NEPHRO_SCREEN,2025-07-11,,True,False
MOCK09631,DIAB_NEPHRO_SCREEN,2025-07-13,,True,True
MOCK09637,DIAB_NEPHRO_SCREEN,2025-07-28,,True,True
MOCK09643,DIAB_NEPHRO_SCREEN,2025-07-17,,True,False
MOCK09649,DIAB_NEPHRO_SCREEN,2025-08-01,,True,False
MOCK09655,DIAB_NEPHRO_SCREEN,2025-08-02,2026-03-04,True,False
MOCK09661,DIAB_NEPHRO_SCREEN,2025-07-01,2026-04-03,True,False
MOCK09667,DIAB_NEPHRO_SCREEN,2025-07-28,,True,False
MOCK09673,DIAB_NEPHRO_SCREEN,2025-07-14,,True,False
MOCK09679,DIAB_NEPHRO_SCREEN,2025-07-20,,True,True
MOCK09685,DIAB_NEPHRO_SCREEN,2025-07-10,2025-12-02,True,True
MOCK09691,DIAB_NEPHRO_SCREEN,2025-07-14,,True,False
MOCK09697,DIAB_NEPHRO_SCREEN,2025-07-12,,True,False
MOCK09703,DIAB_NEPHRO_SCREEN,2025-07-01,,True,False
MOCK09709,DIAB_NEPHRO_SCREEN,2025-07-30,2026-05-19,True,True
MOCK09715,DIAB_NEPHRO_SCREEN,2025-07-05,,True,True
MOCK09721,DIAB_NEPHRO_SCREEN,2025-07-14,,True,True
MOCK09727,DIAB_NEPHRO_SCREEN,2025-07-07,2026-02-20,True,False
MOCK09733,DIAB_NEPHRO_SCREEN,2025-07-06,,True,False
MOCK09739,DIAB_NEPHRO_SCREEN,2025-07-14,,True,False
MOCK09745,DIAB_NEPHRO_SCREEN,2025-08-04,2026-05-12,True,False
MOCK09751,DIAB_NEPHRO_SCREEN,2025-08-05,,True,True
MOCK09757,DIAB_NEPHRO_SCREEN,2025-07-14,,True,False
MOCK09763,DIAB_NEPHRO_SCREEN,2025-07-19,,True,True
MOCK09769,DIAB_NEPHRO_SCREEN,2025-08-07,,True,True
MOCK09775,DIAB_NEPHRO_SCREEN,2025-07-09,,True,False
MOCK09781,DIAB_NEPHRO_SCREEN,2025-08-05,,True,False
MOCK09787,DIAB_NEPHRO_SCREEN,2025-07-04,2026-02-07,True,True
MOCK09793,DIAB_NEPHRO_SCREEN,2025-07-08,,True,True
MOCK09799,DIAB_NEPHRO_SCREEN,2025-07-13,,True,False
MOCK09805,DIAB_NEPHRO_SCREEN,2025-07-01,,True,True
MOCK09811,DIAB_NEPHRO_SCREEN,2025-07-31,,True,False
MOCK09817,DIAB_NEPHRO_SCREEN,2025-08-02,2026-05-20,True,False
MOCK09823,DIAB_NEPHRO_SCREEN,2025-07-14,,True,True
MOCK09829,DIAB_NEPHRO_SCREEN,2025-08-01,,True,True
MOCK09835,DIAB_NEPHRO_SCREEN,2025-07-30,2026-03-15,True,True
MOCK09841,DIAB_NEPHRO_SCREEN,2025-07-31,,True,False
MOCK09847,DIAB_NEPHRO_SCREEN,2025-07-31,,True,True
MOCK09853,DIAB_NEPHRO_SCREEN,2025-07-22,,True,False
MOCK09859,DIAB_NEPHRO_SCREEN,2025-07-04,,True,True
MOCK09865,DIAB_NEPHRO_SCREEN,2025-08-05,,True,False
MOCK09871,DIAB_NEPHRO_SCREEN,2025-07-23,2026-05-14,True,True
MOCK09877,DIAB_NEPHRO_SCREEN,2025-08-04,,True,True
MOCK09883,DIAB_NEPHRO_SCREEN,2025-08-06,,True,False
MOCK09889,DIAB_NEPHRO_SCREEN,2025-07-07,2026-03-02,True,False
MOCK09895,DIAB_NEPHRO_SCREEN,2025-07-15,2025-11-05,True,True
MOCK09901,DIAB_NEPHRO_SCREEN,2025-07-07,,True,True
MOCK09907,DIAB_NEPHRO_SCREEN,2025-07-01,,True,False
MOCK09913,DIAB_NEPHRO_SCREEN,2025-08-06,,True,True
MOCK09919,DIAB_NEPHRO_SCREEN,2025-08-05,,True,True
MOCK09925,DIAB_NEPHRO_SCREEN,2025-08-05,,True,True
MOCK09931,DIAB_NEPHRO_SCREEN,2025-08-03,,True,True
MOCK09937,DIAB_NEPHRO_SCREEN,2025-07-25,,True,False
MOCK09943,DIAB_NEPHRO_SCREEN,2025-07-20,2026-03-25,True,False
MOCK09949,DIAB_NEPHRO_SCREEN,2025-08-07,2026-05-12,True,False
MOCK09955,DIAB_NEPHRO_SCREEN,2025-07-21,,True,False
MOCK09961,DIAB_NEPHRO_SCREEN,2025-07-25,,True,True
MOCK09967,DIAB_NEPHRO_SCREEN,2025-07-08,,True,False
MOCK09973,DIAB_NEPHRO_SCREEN,2025-07-29,,True,True
MOCK09979,DIAB_NEPHRO_SCREEN,2025-07-31,,True,True
MOCK09985,DIAB_NEPHRO_SCREEN,2025-07-26,,True,False
MOCK09991,DIAB_NEPHRO_SCREEN,2025-07-19,,True,True
MOCK09997,DIAB_NEPHRO_SCREEN,2025-07-07,,True,True
MOCK00002,HTN_PCP_FOLLOWUP,2025-12-31,2026-02-28,True,True
MOCK00008,HTN_PCP_FOLLOWUP,2026-01-23,2026-04-08,True,False
MOCK00014,HTN_PCP_FOLLOWUP,2026-01-25,,True,True
MOCK00020,HTN_PCP_FOLLOWUP,2026-01-29,2026-04-08,True,False
MOCK00026,HTN_PCP_FOLLOWUP,2026-02-05,,True,False
MOCK00032,HTN_PCP_FOLLOWUP,2026-01-18,,True,False
MOCK00038,HTN_PCP_FOLLOWUP,2026-01-31,2026-05-02,True,True
MOCK00044,HTN_PCP_FOLLOWUP,2026-01-26,2026-04-25,True,False
MOCK00050,HTN_PCP_FOLLOWUP,2026-01-09,,True,True
MOCK00056,HTN_PCP_FOLLOWUP,2026-01-31,,True,False
MOCK00062,HTN_PCP_FOLLOWUP,2026-01-01,,True,False
MOCK00068,HTN_PCP_FOLLOWUP,2026-01-22,,True,True
MOCK00074,HTN_PCP_FOLLOWUP,2026-02-04,2026-04-22,True,False
MOCK00080,HTN_PCP_FOLLOWUP,2026-01-24,,True,False
MOCK00086,HTN_PCP_FOLLOWUP,2026-02-04,,True,False
MOCK00092,HTN_PCP_FOLLOWUP,2026-01-01,2026-05-19,True,True
MOCK00098,HTN_PCP_FOLLOWUP,2026-01-19,,True,False
MOCK00104,HTN_PCP_FOLLOWUP,2026-01-29,,True,False
MOCK00110,HTN_PCP_FOLLOWUP,2026-01-24,,True,False
MOCK00116,HTN_PCP_FOLLOWUP,2026-02-02,,True,True
MOCK00122,HTN_PCP_FOLLOWUP,2026-01-17,,True,False
MOCK00128,HTN_PCP_FOLLOWUP,2026-01-25,2026-05-21,True,False
MOCK00134,HTN_PCP_FOLLOWUP,2026-01-15,,True,False
MOCK00140,HTN_PCP_FOLLOWUP,2026-02-02,,True,False
MOCK00146,HTN_PCP_FOLLOWUP,2026-01-03,,True,True
MOCK00152,HTN_PCP_FOLLOWUP,2026-01-08,,True,False
MOCK00158,HTN_PCP_FOLLOWUP,2026-01-02,,True,True
MOCK00164,HTN_PCP_FOLLOWUP,2026-01-26,,True,True
MOCK00170,HTN_PCP_FOLLOWUP,2026-01-08,,True,False
MOCK00176,HTN_PCP_FOLLOWUP,2026-01-11,2026-03-02,True,True
MOCK00182,HTN_PCP_FOLLOWUP,2026-01-31,,True,True
MOCK00188,HTN_PCP_FOLLOWUP,2026-01-13,,True,True
MOCK00194,HTN_PCP_FOLLOWUP,2026-01-04,2026-04-26,True,False
MOCK00200,HTN_PCP_FOLLOWUP,2025-12-30,,True,False
MOCK00206,HTN_PCP_FOLLOWUP,2026-01-07,,True,False
MOCK00212,HTN_PCP_FOLLOWUP,2026-02-03,2026-04-15,True,True
MOCK00218,HTN_PCP_FOLLOWUP,2026-01-20,,True,False
MOCK00224,HTN_PCP_FOLLOWUP,2026-02-06,,True,True
MOCK00230,HTN_PCP_FOLLOWUP,2026-01-07,,True,False
MOCK00236,HTN_PCP_FOLLOWUP,2026-01-12,,True,False
MOCK00242,HTN_PCP_FOLLOWUP,2026-01-05,,True,True
MOCK00248,HTN_PCP_FOLLOWUP,2026-01-14,2026-02-27,True,False
MOCK00254,HTN_PCP_FOLLOWUP,2026-01-20,,True,True
MOCK00260,HTN_PCP_FOLLOWUP,2026-01-30,,True,False
MOCK00266,HTN_PCP_FOLLOWUP,2026-01-13,2026-04-03,True,True
MOCK00272,HTN_PCP_FOLLOWUP,2026-01-29,2026-04-30,True,False
MOCK00278,HTN_PCP_FOLLOWUP,2026-01-23,,True,False
MOCK00284,HTN_PCP_FOLLOWUP,2026-01-10,2026-03-10,True,False
MOCK00290,HTN_PCP_FOLLOWUP,2026-02-03,2026-03-28,True,False
MOCK00296,HTN_PCP_FOLLOWUP,2026-01-15,,True,True
MOCK00302,HTN_PCP_FOLLOWUP,2026-01-04,,True,False
MOCK00308,HTN_PCP_FOLLOWUP,2026-02-05,2026-04-27,True,False
MOCK00314,HTN_PCP_FOLLOWUP,2026-02-03,,True,True
MOCK00320,HTN_PCP_FOLLOWUP,2025-12-31,,True,True
MOCK00326,HTN_PCP_FOLLOWUP,2026-02-03,,True,True
MOCK00332,HTN_PCP_FOLLOWUP,2026-02-04,,True,True
MOCK00338,HTN_PCP_FOLLOWUP,2026-01-31,,True,False
MOCK00344,HTN_PCP_FOLLOWUP,2026-01-08,,True,False
MOCK00350,HTN_PCP_FOLLOWUP,2026-01-23,,True,False
MOCK00356,HTN_PCP_FOLLOWUP,2026-01-19,,True,False
MOCK00362,HTN_PCP_FOLLOWUP,2026-01-23,,True,True
MOCK00368,HTN_PCP_FOLLOWUP,2026-01-23,,True,False
MOCK00374,HTN_PCP_FOLLOWUP,2026-01-23,,True,True
MOCK00380,HTN_PCP_FOLLOWUP,2026-01-19,2026-03-23,True,True
MOCK00386,HTN_PCP_FOLLOWUP,2026-01-25,,True,True
MOCK00392,HTN_PCP_FOLLOWUP,2026-01-19,,True,True
MOCK00398,HTN_PCP_FOLLOWUP,2025-12-30,2026-04-29,True,True
MOCK00404,HTN_PCP_FOLLOWUP,2025-12-31,,True,False
MOCK00410,HTN_PCP_FOLLOWUP,2026-02-05,2026-03-05,True,True
MOCK00416,HTN_PCP_FOLLOWUP,2026-02-03,2026-04-12,True,True
MOCK00422,HTN_PCP_FOLLOWUP,2026-01-21,,True,False
MOCK00428,HTN_PCP_FOLLOWUP,2026-01-05,2026-02-24,True,True
MOCK00434,HTN_PCP_FOLLOWUP,2026-01-29,,True,False
MOCK00440,HTN_PCP_FOLLOWUP,2026-01-04,2026-04-26,True,False
MOCK00446,HTN_PCP_FOLLOWUP,2026-01-13,,True,False
MOCK00452,HTN_PCP_FOLLOWUP,2026-01-11,,True,False
MOCK00458,HTN_PCP_FOLLOWUP,2025-12-30,,True,False
MOCK00464,HTN_PCP_FOLLOWUP,2026-01-30,,True,False
MOCK00470,HTN_PCP_FOLLOWUP,2026-01-18,2026-04-11,True,False
MOCK00476,HTN_PCP_FOLLOWUP,2026-01-11,,True,False
MOCK00482,HTN_PCP_FOLLOWUP,2026-01-18,,True,True
MOCK00488,HTN_PCP_FOLLOWUP,2025-12-30,2026-05-26,True,False
MOCK00494,HTN_PCP_FOLLOWUP,2026-01-16,,True,False
MOCK00500,HTN_PCP_FOLLOWUP,2026-01-19,,True,True
MOCK00506,HTN_PCP_FOLLOWUP,2026-01-12,,True,False
MOCK00512,HTN_PCP_FOLLOWUP,2026-01-31,2026-05-04,True,False
MOCK00518,HTN_PCP_FOLLOWUP,2026-01-08,,True,False
MOCK00524,HTN_PCP_FOLLOWUP,2026-01-04,,True,True
MOCK00530,HTN_PCP_FOLLOWUP,2026-01-19,,True,True
MOCK00536,HTN_PCP_FOLLOWUP,2026-02-02,2026-03-09,True,True
MOCK00542,HTN_PCP_FOLLOWUP,2026-01-13,,True,False
MOCK00548,HTN_PCP_FOLLOWUP,2025-12-31,,True,False
MOCK00554,HTN_PCP_FOLLOWUP,2026-02-05,,True,False
MOCK00560,HTN_PCP_FOLLOWUP,2026-01-16,,True,True
MOCK00566,HTN_PCP_FOLLOWUP,2026-01-05,,True,True
MOCK00572,HTN_PCP_FOLLOWUP,2026-01-23,2026-03-29,True,False
MOCK00578,HTN_PCP_FOLLOWUP,2026-01-11,2026-04-08,True,False
MOCK00584,HTN_PCP_FOLLOWUP,2026-02-04,,True,False
MOCK00590,HTN_PCP_FOLLOWUP,2026-01-10,,True,True
MOCK00596,HTN_PCP_FOLLOWUP,2026-01-20,,True,True
MOCK00602,HTN_PCP_FOLLOWUP,2026-01-20,,True,False
MOCK00608,HTN_PCP_FOLLOWUP,2026-01-08,2026-04-18,True,False
MOCK00614,HTN_PCP_FOLLOWUP,2026-01-18,,True,True
MOCK00620,HTN_PCP_FOLLOWUP,2026-01-03,,True,False
MOCK00626,HTN_PCP_FOLLOWUP,2026-01-24,2026-03-28,True,False
MOCK00632,HTN_PCP_FOLLOWUP,2026-01-28,2026-04-12,True,False
MOCK00638,HTN_PCP_FOLLOWUP,2026-02-05,,True,False
MOCK00644,HTN_PCP_FOLLOWUP,2026-01-11,2026-05-01,True,False
MOCK00650,HTN_PCP_FOLLOWUP,2026-01-10,,True,False
MOCK00656,HTN_PCP_FOLLOWUP,2026-01-20,,True,False
MOCK00662,HTN_PCP_FOLLOWUP,2026-01-26,,True,False
MOCK00668,HTN_PCP_FOLLOWUP,2026-02-06,,True,False
MOCK00674,HTN_PCP_FOLLOWUP,2025-12-30,,True,False
MOCK00680,HTN_PCP_FOLLOWUP,2026-01-08,2026-04-14,True,True
MOCK00686,HTN_PCP_FOLLOWUP,2026-01-09,,True,True
MOCK00692,HTN_PCP_FOLLOWUP,2026-01-08,,True,False
MOCK00698,HTN_PCP_FOLLOWUP,2026-01-17,2026-03-28,True,True
MOCK00704,HTN_PCP_FOLLOWUP,2026-02-02,2026-04-13,True,False
MOCK00710,HTN_PCP_FOLLOWUP,2025-12-31,2026-04-14,True,False
MOCK00716,HTN_PCP_FOLLOWUP,2026-01-30,,True,False
MOCK00722,HTN_PCP_FOLLOWUP,2026-01-23,,True,False
MOCK00728,HTN_PCP_FOLLOWUP,2026-01-22,,True,False
MOCK00734,HTN_PCP_FOLLOWUP,2026-01-25,2026-04-14,True,False
MOCK00740,HTN_PCP_FOLLOWUP,2026-01-03,,True,False
MOCK00746,HTN_PCP_FOLLOWUP,2026-01-28,,True,True
MOCK00752,HTN_PCP_FOLLOWUP,2026-01-08,,True,True
MOCK00758,HTN_PCP_FOLLOWUP,2026-01-19,,True,False
MOCK00764,HTN_PCP_FOLLOWUP,2026-01-25,2026-05-25,True,False
MOCK00770,HTN_PCP_FOLLOWUP,2026-01-22,,True,False
MOCK00776,HTN_PCP_FOLLOWUP,2026-01-11,,True,True
MOCK00782,HTN_PCP_FOLLOWUP,2026-01-14,,True,False
MOCK00788,HTN_PCP_FOLLOWUP,2026-01-17,,True,False
MOCK00794,HTN_PCP_FOLLOWUP,2025-12-31,2026-05-23,True,False
MOCK00800,HTN_PCP_FOLLOWUP,2026-01-27,,True,True
MOCK00806,HTN_PCP_FOLLOWUP,2026-01-02,,True,False
MOCK00812,HTN_PCP_FOLLOWUP,2026-01-16,,True,False
MOCK00818,HTN_PCP_FOLLOWUP,2026-01-24,2026-04-21,True,False
MOCK00824,HTN_PCP_FOLLOWUP,2026-01-02,,True,True
MOCK00830,HTN_PCP_FOLLOWUP,2026-02-06,,True,False
MOCK00836,HTN_PCP_FOLLOWUP,2026-01-13,2026-02-23,True,True
MOCK00842,HTN_PCP_FOLLOWUP,2025-12-30,2026-04-17,True,False
MOCK00848,HTN_PCP_FOLLOWUP,2026-01-24,,True,True
MOCK00854,HTN_PCP_FOLLOWUP,2026-01-20,2026-04-09,True,False
MOCK00860,HTN_PCP_FOLLOWUP,2026-01-23,,True,False
MOCK00866,HTN_PCP_FOLLOWUP,2026-01-28,,True,True
MOCK00872,HTN_PCP_FOLLOWUP,2026-01-17,,True,True
MOCK00878,HTN_PCP_FOLLOWUP,2026-01-31,2026-04-03,True,True
MOCK00884,HTN_PCP_FOLLOWUP,2026-01-13,,True,True
MOCK00890,HTN_PCP_FOLLOWUP,2026-01-20,,True,False
MOCK00896,HTN_PCP_FOLLOWUP,2026-01-05,,True,True
MOCK00902,HTN_PCP_FOLLOWUP,2026-01-23,2026-04-04,True,True
MOCK00908,HTN_PCP_FOLLOWUP,2026-01-09,,True,False
MOCK00914,HTN_PCP_FOLLOWUP,2026-01-26,,True,True
MOCK00920,HTN_PCP_FOLLOWUP,2026-01-30,,True,False
MOCK00926,HTN_PCP_FOLLOWUP,2026-02-01,,True,False
MOCK00932,HTN_PCP_FOLLOWUP,2026-02-04,2026-04-29,True,False
MOCK00938,HTN_PCP_FOLLOWUP,2026-01-03,2026-04-16,True,False
MOCK00944,HTN_PCP_FOLLOWUP,2026-01-04,,True,True
MOCK00950,HTN_PCP_FOLLOWUP,2026-02-04,,True,False
MOCK00956,HTN_PCP_FOLLOWUP,2026-01-13,,True,False
MOCK00962,HTN_PCP_FOLLOWUP,2025-12-31,2026-03-05,True,True
MOCK00968,HTN_PCP_FOLLOWUP,2026-01-10,,True,False
MOCK00974,HTN_PCP_FOLLOWUP,2026-01-31,,True,False
MOCK00980,HTN_PCP_FOLLOWUP,2026-01-12,2026-04-16,True,False
MOCK00986,HTN_PCP_FOLLOWUP,2026-01-01,,True,False
MOCK00992,HTN_PCP_FOLLOWUP,2026-01-27,,True,True
MOCK00998,HTN_PCP_FOLLOWUP,2026-01-06,2026-03-23,True,False
MOCK01004,HTN_PCP_FOLLOWUP,2026-01-12,,True,False
MOCK01010,HTN_PCP_FOLLOWUP,2025-12-30,,True,False
MOCK01016,HTN_PCP_FOLLOWUP,2026-01-22,,True,True
MOCK01022,HTN_PCP_FOLLOWUP,2026-01-16,,True,False
MOCK01028,HTN_PCP_FOLLOWUP,2026-02-01,,True,False
MOCK01034,HTN_PCP_FOLLOWUP,2026-01-12,,True,True
MOCK01040,HTN_PCP_FOLLOWUP,2026-01-06,2026-04-01,True,False
MOCK01046,HTN_PCP_FOLLOWUP,2026-01-05,,True,False
MOCK01052,HTN_PCP_FOLLOWUP,2026-01-06,,True,False
MOCK01058,HTN_PCP_FOLLOWUP,2026-01-16,,True,False
MOCK01064,HTN_PCP_FOLLOWUP,2026-01-02,2026-02-25,True,True
MOCK01070,HTN_PCP_FOLLOWUP,2026-01-14,,True,False
MOCK01076,HTN_PCP_FOLLOWUP,2026-02-01,2026-02-15,True,False
MOCK01082,HTN_PCP_FOLLOWUP,2026-01-28,,True,False
MOCK01088,HTN_PCP_FOLLOWUP,2026-01-23,2026-03-30,True,True
MOCK01094,HTN_PCP_FOLLOWUP,2026-02-02,2026-03-20,True,True
MOCK01100,HTN_PCP_FOLLOWUP,2026-01-29,2026-03-04,True,False
MOCK01106,HTN_PCP_FOLLOWUP,2026-01-24,,True,True
MOCK01112,HTN_PCP_FOLLOWUP,2026-02-01,,True,False
MOCK01118,HTN_PCP_FOLLOWUP,2026-01-03,,True,False
MOCK01124,HTN_PCP_FOLLOWUP,2026-01-30,,True,False
MOCK01130,HTN_PCP_FOLLOWUP,2026-01-10,2026-03-01,True,True
MOCK01136,HTN_PCP_FOLLOWUP,2026-01-27,,True,False
MOCK01142,HTN_PCP_FOLLOWUP,2026-02-03,,True,True
MOCK01148,HTN_PCP_FOLLOWUP,2026-01-18,,True,False
MOCK01154,HTN_PCP_FOLLOWUP,2026-01-02,,True,False
MOCK01160,HTN_PCP_FOLLOWUP,2026-01-13,,True,False
MOCK01166,HTN_PCP_FOLLOWUP,2026-01-14,,True,True
MOCK01172,HTN_PCP_FOLLOWUP,2026-02-04,,True,True
MOCK01178,HTN_PCP_FOLLOWUP,2026-02-04,,True,False
MOCK01184,HTN_PCP_FOLLOWUP,2026-01-21,,True,False
MOCK01190,HTN_PCP_FOLLOWUP,2026-02-05,,True,False
MOCK01196,HTN_PCP_FOLLOWUP,2026-01-16,,True,False
MOCK01202,HTN_PCP_FOLLOWUP,2026-01-15,,True,False
MOCK01208,HTN_PCP_FOLLOWUP,2026-01-31,,True,False
MOCK01214,HTN_PCP_FOLLOWUP,2026-01-25,,True,False
MOCK01220,HTN_PCP_FOLLOWUP,2026-01-19,2026-02-27,True,False
MOCK01226,HTN_PCP_FOLLOWUP,2026-01-16,,True,False
MOCK01232,HTN_PCP_FOLLOWUP,2026-01-26,2026-05-19,True,True
MOCK01238,HTN_PCP_FOLLOWUP,2026-01-28,2026-05-26,True,False
MOCK01244,HTN_PCP_FOLLOWUP,2026-01-18,,True,True
MOCK01250,HTN_PCP_FOLLOWUP,2025-12-31,,True,False
MOCK01256,HTN_PCP_FOLLOWUP,2026-01-02,,True,False
MOCK01262,HTN_PCP_FOLLOWUP,2026-01-04,,True,False
MOCK01268,HTN_PCP_FOLLOWUP,2026-01-17,,True,True
MOCK01274,HTN_PCP_FOLLOWUP,2026-01-22,,True,True
MOCK01280,HTN_PCP_FOLLOWUP,2026-01-30,,True,True
MOCK01286,HTN_PCP_FOLLOWUP,2026-01-08,,True,True
MOCK01292,HTN_PCP_FOLLOWUP,2026-01-29,,True,True
MOCK01298,HTN_PCP_FOLLOWUP,2026-01-24,,True,False
MOCK01304,HTN_PCP_FOLLOWUP,2026-01-01,,True,True
MOCK01310,HTN_PCP_FOLLOWUP,2026-01-12,2026-03-09,True,True
MOCK01316,HTN_PCP_FOLLOWUP,2026-01-10,,True,False
MOCK01322,HTN_PCP_FOLLOWUP,2026-02-02,,True,True
MOCK01328,HTN_PCP_FOLLOWUP,2026-02-03,,True,True
MOCK01334,HTN_PCP_FOLLOWUP,2026-01-30,,True,False
MOCK01340,HTN_PCP_FOLLOWUP,2026-01-19,,True,True
MOCK01346,HTN_PCP_FOLLOWUP,2026-01-18,,True,True
MOCK01352,HTN_PCP_FOLLOWUP,2026-01-11,,True,False
MOCK01358,HTN_PCP_FOLLOWUP,2026-01-29,,True,True
MOCK01364,HTN_PCP_FOLLOWUP,2026-01-02,2026-03-03,True,True
MOCK01370,HTN_PCP_FOLLOWUP,2026-01-09,2026-04-10,True,True
MOCK01376,HTN_PCP_FOLLOWUP,2026-01-04,,True,True
MOCK01382,HTN_PCP_FOLLOWUP,2026-01-18,,True,False
MOCK01388,HTN_PCP_FOLLOWUP,2026-01-10,,True,True
MOCK01394,HTN_PCP_FOLLOWUP,2026-01-06,,True,True
MOCK01400,HTN_PCP_FOLLOWUP,2026-01-13,,True,True
MOCK01406,HTN_PCP_FOLLOWUP,2026-02-01,,True,False
MOCK01412,HTN_PCP_FOLLOWUP,2026-01-20,,True,True
MOCK01418,HTN_PCP_FOLLOWUP,2026-01-31,,True,False
MOCK01424,HTN_PCP_FOLLOWUP,2026-02-03,,True,True
MOCK01430,HTN_PCP_FOLLOWUP,2026-02-03,,True,False
MOCK01436,HTN_PCP_FOLLOWUP,2026-01-12,,True,True
MOCK01442,HTN_PCP_FOLLOWUP,2026-02-02,,True,True
MOCK01448,HTN_PCP_FOLLOWUP,2026-02-03,,True,False
MOCK01454,HTN_PCP_FOLLOWUP,2026-02-05,,True,True
MOCK01460,HTN_PCP_FOLLOWUP,2026-01-12,,True,False
MOCK01466,HTN_PCP_FOLLOWUP,2026-01-07,2026-04-30,True,False
MOCK01472,HTN_PCP_FOLLOWUP,2026-01-21,2026-05-05,True,False
MOCK01478,HTN_PCP_FOLLOWUP,2026-02-04,2026-05-08,True,True
MOCK01484,HTN_PCP_FOLLOWUP,2026-02-03,2026-02-24,True,False
MOCK01490,HTN_PCP_FOLLOWUP,2026-01-21,,True,True
MOCK01496,HTN_PCP_FOLLOWUP,2026-01-04,,True,False
MOCK01502,HTN_PCP_FOLLOWUP,2026-01-15,,True,False
MOCK01508,HTN_PCP_FOLLOWUP,2026-01-26,,True,False
MOCK01514,HTN_PCP_FOLLOWUP,2026-01-20,,True,False
MOCK01520,HTN_PCP_FOLLOWUP,2026-01-12,,True,False
MOCK01526,HTN_PCP_FOLLOWUP,2026-01-12,,True,False
MOCK01532,HTN_PCP_FOLLOWUP,2026-01-01,,True,True
MOCK01538,HTN_PCP_FOLLOWUP,2026-01-10,,True,False
MOCK01544,HTN_PCP_FOLLOWUP,2026-01-25,2026-05-02,True,True
MOCK01550,HTN_PCP_FOLLOWUP,2026-01-08,,True,True
MOCK01556,HTN_PCP_FOLLOWUP,2026-02-06,,True,False
MOCK01562,HTN_PCP_FOLLOWUP,2026-01-02,,True,True
MOCK01568,HTN_PCP_FOLLOWUP,2026-01-21,,True,False
MOCK01574,HTN_PCP_FOLLOWUP,2026-01-18,,True,True
MOCK01580,HTN_PCP_FOLLOWUP,2026-01-31,,True,True
MOCK01586,HTN_PCP_FOLLOWUP,2026-02-02,,True,False
MOCK01592,HTN_PCP_FOLLOWUP,2026-01-20,,True,True
MOCK01598,HTN_PCP_FOLLOWUP,2026-01-23,,True,False
MOCK01604,HTN_PCP_FOLLOWUP,2026-01-26,2026-03-22,True,False
MOCK01610,HTN_PCP_FOLLOWUP,2026-01-19,2026-04-03,True,False
MOCK01616,HTN_PCP_FOLLOWUP,2026-01-06,,True,True
MOCK01622,HTN_PCP_FOLLOWUP,2026-01-15,,True,False
MOCK01628,HTN_PCP_FOLLOWUP,2026-01-08,,True,False
MOCK01634,HTN_PCP_FOLLOWUP,2026-01-17,,True,True
MOCK01640,HTN_PCP_FOLLOWUP,2026-01-22,2026-05-26,True,True
MOCK01646,HTN_PCP_FOLLOWUP,2026-01-07,2026-05-05,True,True
MOCK01652,HTN_PCP_FOLLOWUP,2026-01-08,,True,False
MOCK01658,HTN_PCP_FOLLOWUP,2026-01-31,,True,True
MOCK01664,HTN_PCP_FOLLOWUP,2026-01-13,,True,True
MOCK01670,HTN_PCP_FOLLOWUP,2026-01-06,,True,False
MOCK01676,HTN_PCP_FOLLOWUP,2026-01-26,2026-03-10,True,False
MOCK01682,HTN_PCP_FOLLOWUP,2026-01-26,,True,True
MOCK01688,HTN_PCP_FOLLOWUP,2026-01-31,,True,True
MOCK01694,HTN_PCP_FOLLOWUP,2026-01-28,2026-05-17,True,True
MOCK01700,HTN_PCP_FOLLOWUP,2026-02-06,,True,False
MOCK01706,HTN_PCP_FOLLOWUP,2026-01-21,,True,False
MOCK01712,HTN_PCP_FOLLOWUP,2026-01-10,2026-04-28,True,False
MOCK01718,HTN_PCP_FOLLOWUP,2026-02-01,,True,False
MOCK01724,HTN_PCP_FOLLOWUP,2026-01-09,,True,True
MOCK01730,HTN_PCP_FOLLOWUP,2026-01-10,,True,False
MOCK01736,HTN_PCP_FOLLOWUP,2026-01-31,,True,True
MOCK01742,HTN_PCP_FOLLOWUP,2026-02-02,,True,True
MOCK01748,HTN_PCP_FOLLOWUP,2026-01-12,,True,True
MOCK01754,HTN_PCP_FOLLOWUP,2026-01-27,,True,True
MOCK01760,HTN_PCP_FOLLOWUP,2026-02-03,,True,False
MOCK01766,HTN_PCP_FOLLOWUP,2026-01-30,,True,True
MOCK01772,HTN_PCP_FOLLOWUP,2025-12-30,,True,True
MOCK01778,HTN_PCP_FOLLOWUP,2026-01-24,,True,True
MOCK01784,HTN_PCP_FOLLOWUP,2026-01-05,,True,False
MOCK01790,HTN_PCP_FOLLOWUP,2026-02-01,,True,False
MOCK01796,HTN_PCP_FOLLOWUP,2026-01-01,,True,False
MOCK01802,HTN_PCP_FOLLOWUP,2026-02-06,,True,False
MOCK01808,HTN_PCP_FOLLOWUP,2026-01-05,2026-04-03,True,False
MOCK01814,HTN_PCP_FOLLOWUP,2026-01-15,,True,False
MOCK01820,HTN_PCP_FOLLOWUP,2026-01-08,,True,True
MOCK01826,HTN_PCP_FOLLOWUP,2026-01-30,,True,True
MOCK01832,HTN_PCP_FOLLOWUP,2026-01-14,2026-03-31,True,True
MOCK01838,HTN_PCP_FOLLOWUP,2026-01-28,,True,False
MOCK01844,HTN_PCP_FOLLOWUP,2026-01-01,,True,True
MOCK01850,HTN_PCP_FOLLOWUP,2026-01-16,2026-05-26,True,True
MOCK01856,HTN_PCP_FOLLOWUP,2026-02-03,2026-04-21,True,False
MOCK01862,HTN_PCP_FOLLOWUP,2026-02-04,,True,True
MOCK01868,HTN_PCP_FOLLOWUP,2026-01-07,2026-04-04,True,True
MOCK01874,HTN_PCP_FOLLOWUP,2026-01-14,,True,True
MOCK01880,HTN_PCP_FOLLOWUP,2026-01-14,2026-05-04,True,False
MOCK01886,HTN_PCP_FOLLOWUP,2026-01-21,,True,True
MOCK01892,HTN_PCP_FOLLOWUP,2026-01-19,,True,True
MOCK01898,HTN_PCP_FOLLOWUP,2026-01-03,,True,True
MOCK01904,HTN_PCP_FOLLOWUP,2026-01-28,,True,False
MOCK01910,HTN_PCP_FOLLOWUP,2026-01-07,,True,True
MOCK01916,HTN_PCP_FOLLOWUP,2026-01-11,,True,True
MOCK01922,HTN_PCP_FOLLOWUP,2026-01-31,,True,False
MOCK01928,HTN_PCP_FOLLOWUP,2026-01-25,,True,False
MOCK01934,HTN_PCP_FOLLOWUP,2026-01-14,2026-05-09,True,True
MOCK01940,HTN_PCP_FOLLOWUP,2026-02-03,2026-05-12,True,True
MOCK01946,HTN_PCP_FOLLOWUP,2026-01-14,,True,True
MOCK01952,HTN_PCP_FOLLOWUP,2026-01-21,2026-05-18,True,False
MOCK01958,HTN_PCP_FOLLOWUP,2026-01-08,,True,True
MOCK01964,HTN_PCP_FOLLOWUP,2026-01-06,2026-03-02,True,False
MOCK01970,HTN_PCP_FOLLOWUP,2026-01-18,,True,False
MOCK01976,HTN_PCP_FOLLOWUP,2026-01-20,,True,False
MOCK01982,HTN_PCP_FOLLOWUP,2026-01-30,,True,True
MOCK01988,HTN_PCP_FOLLOWUP,2026-01-14,,True,False
MOCK01994,HTN_PCP_FOLLOWUP,2026-02-02,,True,False
MOCK02000,HTN_PCP_FOLLOWUP,2026-01-22,,True,False
MOCK02006,HTN_PCP_FOLLOWUP,2026-01-01,2026-03-24,True,True
MOCK02012,HTN_PCP_FOLLOWUP,2026-01-27,,True,False
MOCK02018,HTN_PCP_FOLLOWUP,2026-01-21,,True,False
MOCK02024,HTN_PCP_FOLLOWUP,2026-01-14,2026-05-23,True,False
MOCK02030,HTN_PCP_FOLLOWUP,2026-01-17,,True,False
MOCK02036,HTN_PCP_FOLLOWUP,2026-01-10,,True,False
MOCK02042,HTN_PCP_FOLLOWUP,2026-01-22,2026-05-15,True,True
MOCK02048,HTN_PCP_FOLLOWUP,2026-01-21,,True,False
MOCK02054,HTN_PCP_FOLLOWUP,2026-01-16,,True,False
MOCK02060,HTN_PCP_FOLLOWUP,2026-01-10,2026-03-18,True,False
MOCK02066,HTN_PCP_FOLLOWUP,2026-01-14,2026-03-23,True,True
MOCK02072,HTN_PCP_FOLLOWUP,2026-01-18,2026-03-08,True,True
MOCK02078,HTN_PCP_FOLLOWUP,2026-01-17,,True,False
MOCK02084,HTN_PCP_FOLLOWUP,2026-01-11,,True,False
MOCK02090,HTN_PCP_FOLLOWUP,2026-01-21,,True,True
MOCK02096,HTN_PCP_FOLLOWUP,2026-01-07,,True,True
MOCK02102,HTN_PCP_FOLLOWUP,2026-01-18,,True,False
MOCK02108,HTN_PCP_FOLLOWUP,2026-01-03,,True,False
MOCK02114,HTN_PCP_FOLLOWUP,2026-01-17,,True,True
MOCK02120,HTN_PCP_FOLLOWUP,2026-01-29,,True,True
MOCK02126,HTN_PCP_FOLLOWUP,2026-01-30,2026-05-02,True,True
MOCK02132,HTN_PCP_FOLLOWUP,2026-01-26,,True,True
MOCK02138,HTN_PCP_FOLLOWUP,2026-01-28,,True,False
MOCK02144,HTN_PCP_FOLLOWUP,2026-01-01,,True,False
MOCK02150,HTN_PCP_FOLLOWUP,2026-01-12,,True,False
MOCK02156,HTN_PCP_FOLLOWUP,2026-01-24,,True,False
MOCK02162,HTN_PCP_FOLLOWUP,2026-01-30,2026-04-21,True,True
MOCK02168,HTN_PCP_FOLLOWUP,2026-01-21,,True,True
MOCK02174,HTN_PCP_FOLLOWUP,2026-02-01,,True,True
MOCK02180,HTN_PCP_FOLLOWUP,2026-01-09,,True,True
MOCK02186,HTN_PCP_FOLLOWUP,2026-01-04,,True,False
MOCK02192,HTN_PCP_FOLLOWUP,2026-01-02,,True,True
MOCK02198,HTN_PCP_FOLLOWUP,2026-01-21,,True,False
MOCK02204,HTN_PCP_FOLLOWUP,2026-01-24,,True,True
MOCK02210,HTN_PCP_FOLLOWUP,2026-01-10,,True,True
MOCK02216,HTN_PCP_FOLLOWUP,2026-01-29,,True,True
MOCK02222,HTN_PCP_FOLLOWUP,2026-01-27,,True,False
MOCK02228,HTN_PCP_FOLLOWUP,2026-01-13,2026-05-09,True,False
MOCK02234,HTN_PCP_FOLLOWUP,2026-01-08,,True,False
MOCK02240,HTN_PCP_FOLLOWUP,2026-01-27,,True,True
MOCK02246,HTN_PCP_FOLLOWUP,2026-01-25,,True,False
MOCK02252,HTN_PCP_FOLLOWUP,2026-01-05,,True,False
MOCK02258,HTN_PCP_FOLLOWUP,2026-01-08,,True,True
MOCK02264,HTN_PCP_FOLLOWUP,2026-01-17,2026-04-20,True,True
MOCK02270,HTN_PCP_FOLLOWUP,2026-01-18,,True,True
MOCK02276,HTN_PCP_FOLLOWUP,2026-01-05,,True,True
MOCK02282,HTN_PCP_FOLLOWUP,2026-02-04,,True,False
MOCK02288,HTN_PCP_FOLLOWUP,2026-01-14,,True,True
MOCK02294,HTN_PCP_FOLLOWUP,2026-01-13,,True,False
MOCK02300,HTN_PCP_FOLLOWUP,2026-01-01,,True,False
MOCK02306,HTN_PCP_FOLLOWUP,2026-02-02,,True,True
MOCK02312,HTN_PCP_FOLLOWUP,2026-01-08,,True,False
MOCK02318,HTN_PCP_FOLLOWUP,2026-02-06,,True,True
MOCK02324,HTN_PCP_FOLLOWUP,2026-01-18,,True,False
MOCK02330,HTN_PCP_FOLLOWUP,2026-02-02,,True,True
MOCK02336,HTN_PCP_FOLLOWUP,2026-01-05,,True,True
MOCK02342,HTN_PCP_FOLLOWUP,2026-01-05,,True,True
MOCK02348,HTN_PCP_FOLLOWUP,2026-01-30,,True,False
MOCK02354,HTN_PCP_FOLLOWUP,2026-01-30,,True,False
MOCK02360,HTN_PCP_FOLLOWUP,2026-01-20,,True,False
MOCK02366,HTN_PCP_FOLLOWUP,2025-12-31,,True,True
MOCK02372,HTN_PCP_FOLLOWUP,2026-02-04,,True,False
MOCK02378,HTN_PCP_FOLLOWUP,2026-01-14,,True,True
MOCK02384,HTN_PCP_FOLLOWUP,2026-02-04,,True,False
MOCK02390,HTN_PCP_FOLLOWUP,2026-02-01,2026-04-15,True,False
MOCK02396,HTN_PCP_FOLLOWUP,2026-02-01,,True,False
MOCK02402,HTN_PCP_FOLLOWUP,2026-01-25,,True,True
MOCK02408,HTN_PCP_FOLLOWUP,2026-01-25,,True,False
MOCK02414,HTN_PCP_FOLLOWUP,2026-01-19,,True,False
MOCK02420,HTN_PCP_FOLLOWUP,2025-12-30,,True,True
MOCK02426,HTN_PCP_FOLLOWUP,2026-01-14,,True,False
MOCK02432,HTN_PCP_FOLLOWUP,2026-01-27,,True,True
MOCK02438,HTN_PCP_FOLLOWUP,2026-01-30,,True,False
MOCK02444,HTN_PCP_FOLLOWUP,2026-01-20,,True,False
MOCK02450,HTN_PCP_FOLLOWUP,2026-01-26,,True,False
MOCK02456,HTN_PCP_FOLLOWUP,2025-12-30,,True,False
MOCK02462,HTN_PCP_FOLLOWUP,2026-01-17,,True,True
MOCK02468,HTN_PCP_FOLLOWUP,2026-01-18,,True,False
MOCK02474,HTN_PCP_FOLLOWUP,2026-02-02,,True,True
MOCK02480,HTN_PCP_FOLLOWUP,2026-01-11,2026-05-23,True,False
MOCK02486,HTN_PCP_FOLLOWUP,2026-01-07,,True,False
MOCK02492,HTN_PCP_FOLLOWUP,2026-01-12,2026-05-06,True,False
MOCK02498,HTN_PCP_FOLLOWUP,2026-01-05,,True,True
MOCK02504,HTN_PCP_FOLLOWUP,2026-01-20,,True,True
MOCK02510,HTN_PCP_FOLLOWUP,2026-01-24,,True,False
MOCK02516,HTN_PCP_FOLLOWUP,2026-01-30,,True,True
MOCK02522,HTN_PCP_FOLLOWUP,2026-02-05,,True,True
MOCK02528,HTN_PCP_FOLLOWUP,2026-01-01,2026-03-15,True,True
MOCK02534,HTN_PCP_FOLLOWUP,2026-01-08,,True,False
MOCK02540,HTN_PCP_FOLLOWUP,2026-01-10,2026-02-25,True,True
MOCK02546,HTN_PCP_FOLLOWUP,2026-01-08,,True,False
MOCK02552,HTN_PCP_FOLLOWUP,2026-01-31,,True,False
MOCK02558,HTN_PCP_FOLLOWUP,2026-01-04,,True,False
MOCK02564,HTN_PCP_FOLLOWUP,2025-12-31,,True,True
MOCK02570,HTN_PCP_FOLLOWUP,2026-02-01,,True,True
MOCK02576,HTN_PCP_FOLLOWUP,2026-02-05,,True,True
MOCK02582,HTN_PCP_FOLLOWUP,2026-01-07,,True,False
MOCK02588,HTN_PCP_FOLLOWUP,2026-01-11,,True,False
MOCK02594,HTN_PCP_FOLLOWUP,2026-01-18,,True,True
MOCK02600,HTN_PCP_FOLLOWUP,2026-01-19,,True,True
MOCK02606,HTN_PCP_FOLLOWUP,2026-02-06,,True,True
MOCK02612,HTN_PCP_FOLLOWUP,2026-01-14,,True,True
MOCK02618,HTN_PCP_FOLLOWUP,2025-12-30,2026-04-17,True,False
MOCK02624,HTN_PCP_FOLLOWUP,2026-01-15,,True,True
MOCK02630,HTN_PCP_FOLLOWUP,2026-01-20,,True,True
MOCK02636,HTN_PCP_FOLLOWUP,2026-01-19,,True,True
MOCK02642,HTN_PCP_FOLLOWUP,2026-01-18,,True,True
MOCK02648,HTN_PCP_FOLLOWUP,2026-02-03,,True,True
MOCK02654,HTN_PCP_FOLLOWUP,2026-01-30,,True,True
MOCK02660,HTN_PCP_FOLLOWUP,2026-01-08,,True,True
MOCK02666,HTN_PCP_FOLLOWUP,2026-01-12,,True,True
MOCK02672,HTN_PCP_FOLLOWUP,2026-01-25,,True,False
MOCK02678,HTN_PCP_FOLLOWUP,2026-01-15,,True,False
MOCK02684,HTN_PCP_FOLLOWUP,2026-01-15,,True,True
MOCK02690,HTN_PCP_FOLLOWUP,2026-01-05,2026-05-11,True,False
MOCK02696,HTN_PCP_FOLLOWUP,2026-01-08,2026-05-15,True,True
MOCK02702,HTN_PCP_FOLLOWUP,2026-01-27,,True,False
MOCK02708,HTN_PCP_FOLLOWUP,2026-01-31,,True,False
MOCK02714,HTN_PCP_FOLLOWUP,2026-01-29,,True,True
MOCK02720,HTN_PCP_FOLLOWUP,2026-01-11,,True,True
MOCK02726,HTN_PCP_FOLLOWUP,2026-01-04,,True,False
MOCK02732,HTN_PCP_FOLLOWUP,2026-01-05,,True,True
MOCK02738,HTN_PCP_FOLLOWUP,2026-01-14,2026-05-20,True,True
MOCK02744,HTN_PCP_FOLLOWUP,2026-01-19,,True,False
MOCK02750,HTN_PCP_FOLLOWUP,2026-02-02,,True,False
MOCK02756,HTN_PCP_FOLLOWUP,2026-02-03,,True,False
MOCK02762,HTN_PCP_FOLLOWUP,2025-12-30,2026-03-06,True,False
MOCK02768,HTN_PCP_FOLLOWUP,2026-01-26,2026-04-30,True,False
MOCK02774,HTN_PCP_FOLLOWUP,2026-01-10,2026-04-03,True,False
MOCK02780,HTN_PCP_FOLLOWUP,2026-01-06,,True,False
MOCK02786,HTN_PCP_FOLLOWUP,2026-01-20,,True,False
MOCK02792,HTN_PCP_FOLLOWUP,2025-12-31,,True,False
MOCK02798,HTN_PCP_FOLLOWUP,2026-01-12,,True,False
MOCK02804,HTN_PCP_FOLLOWUP,2026-01-20,,True,False
MOCK02810,HTN_PCP_FOLLOWUP,2026-01-09,,True,False
MOCK02816,HTN_PCP_FOLLOWUP,2026-01-22,,True,False
MOCK02822,HTN_PCP_FOLLOWUP,2026-01-16,,True,True
MOCK02828,HTN_PCP_FOLLOWUP,2026-01-30,,True,False
MOCK02834,HTN_PCP_FOLLOWUP,2026-01-06,,True,True
MOCK02840,HTN_PCP_FOLLOWUP,2026-01-01,,True,True
MOCK02846,HTN_PCP_FOLLOWUP,2026-01-19,,True,True
MOCK02852,HTN_PCP_FOLLOWUP,2026-01-09,,True,False
MOCK02858,HTN_PCP_FOLLOWUP,2026-01-26,,True,False
MOCK02864,HTN_PCP_FOLLOWUP,2026-01-02,,True,True
MOCK02870,HTN_PCP_FOLLOWUP,2026-01-21,,True,True
MOCK02876,HTN_PCP_FOLLOWUP,2026-02-06,,True,True
MOCK02882,HTN_PCP_FOLLOWUP,2026-01-02,2026-04-10,True,True
MOCK02888,HTN_PCP_FOLLOWUP,2026-01-10,,True,True
MOCK02894,HTN_PCP_FOLLOWUP,2026-01-31,,True,False
MOCK02900,HTN_PCP_FOLLOWUP,2026-01-19,,True,True
MOCK02906,HTN_PCP_FOLLOWUP,2026-01-05,2026-05-19,True,True
MOCK02912,HTN_PCP_FOLLOWUP,2026-01-07,,True,True
MOCK02918,HTN_PCP_FOLLOWUP,2026-01-28,2026-04-21,True,False
MOCK02924,HTN_PCP_FOLLOWUP,2026-02-01,,True,False
MOCK02930,HTN_PCP_FOLLOWUP,2026-01-13,,True,True
MOCK02936,HTN_PCP_FOLLOWUP,2026-01-17,,True,True
MOCK02942,HTN_PCP_FOLLOWUP,2026-01-29,,True,False
MOCK02948,HTN_PCP_FOLLOWUP,2026-01-05,2026-03-06,True,True
MOCK02954,HTN_PCP_FOLLOWUP,2026-01-07,,True,False
MOCK02960,HTN_PCP_FOLLOWUP,2026-01-29,,True,False
MOCK02966,HTN_PCP_FOLLOWUP,2026-01-06,,True,False
MOCK02972,HTN_PCP_FOLLOWUP,2026-01-29,,True,False
MOCK02978,HTN_PCP_FOLLOWUP,2026-01-18,2026-03-06,True,True
MOCK02984,HTN_PCP_FOLLOWUP,2026-02-06,,True,True
MOCK02990,HTN_PCP_FOLLOWUP,2025-12-31,,True,True
MOCK02996,HTN_PCP_FOLLOWUP,2026-02-04,2026-03-12,True,True
MOCK03002,HTN_PCP_FOLLOWUP,2026-01-07,,True,True
MOCK03008,HTN_PCP_FOLLOWUP,2025-12-31,,True,False
MOCK03014,HTN_PCP_FOLLOWUP,2026-01-27,,True,False
MOCK03020,HTN_PCP_FOLLOWUP,2026-01-19,,True,True
MOCK03026,HTN_PCP_FOLLOWUP,2026-01-31,2026-04-18,True,False
MOCK03032,HTN_PCP_FOLLOWUP,2026-01-03,,True,True
MOCK03038,HTN_PCP_FOLLOWUP,2026-01-02,2026-05-04,True,True
MOCK03044,HTN_PCP_FOLLOWUP,2026-01-21,,True,True
MOCK03050,HTN_PCP_FOLLOWUP,2026-02-02,,True,False
MOCK03056,HTN_PCP_FOLLOWUP,2026-01-14,,True,False
MOCK03062,HTN_PCP_FOLLOWUP,2026-01-30,2026-03-17,True,False
MOCK03068,HTN_PCP_FOLLOWUP,2026-02-03,2026-02-23,True,True
MOCK03074,HTN_PCP_FOLLOWUP,2026-02-01,,True,True
MOCK03080,HTN_PCP_FOLLOWUP,2026-01-18,,True,False
MOCK03086,HTN_PCP_FOLLOWUP,2026-01-26,2026-03-05,True,True
MOCK03092,HTN_PCP_FOLLOWUP,2026-01-19,2026-02-28,True,True
MOCK03098,HTN_PCP_FOLLOWUP,2026-01-25,2026-05-16,True,True
MOCK03104,HTN_PCP_FOLLOWUP,2026-01-21,,True,True
MOCK03110,HTN_PCP_FOLLOWUP,2026-01-19,,True,False
MOCK03116,HTN_PCP_FOLLOWUP,2026-01-16,,True,True
MOCK03122,HTN_PCP_FOLLOWUP,2026-01-24,2026-05-12,True,False
MOCK03128,HTN_PCP_FOLLOWUP,2026-01-28,,True,False
MOCK03134,HTN_PCP_FOLLOWUP,2026-02-03,,True,True
MOCK03140,HTN_PCP_FOLLOWUP,2026-01-22,,True,True
MOCK03146,HTN_PCP_FOLLOWUP,2026-01-02,,True,False
MOCK03152,HTN_PCP_FOLLOWUP,2026-01-21,,True,False
MOCK03158,HTN_PCP_FOLLOWUP,2026-01-11,2026-02-25,True,False
MOCK03164,HTN_PCP_FOLLOWUP,2025-12-31,,True,True
MOCK03170,HTN_PCP_FOLLOWUP,2026-01-01,,True,False
MOCK03176,HTN_PCP_FOLLOWUP,2026-01-22,,True,False
MOCK03182,HTN_PCP_FOLLOWUP,2026-02-04,2026-02-26,True,True
MOCK03188,HTN_PCP_FOLLOWUP,2026-01-18,,True,False
MOCK03194,HTN_PCP_FOLLOWUP,2026-01-16,2026-05-11,True,False
MOCK03200,HTN_PCP_FOLLOWUP,2026-01-02,,True,False
MOCK03206,HTN_PCP_FOLLOWUP,2026-01-25,2026-03-01,True,True
MOCK03212,HTN_PCP_FOLLOWUP,2026-01-01,,True,True
MOCK03218,HTN_PCP_FOLLOWUP,2026-01-31,,True,True
MOCK03224,HTN_PCP_FOLLOWUP,2026-01-30,,True,False
MOCK03230,HTN_PCP_FOLLOWUP,2026-02-06,,True,True
MOCK03236,HTN_PCP_FOLLOWUP,2026-01-10,,True,True
MOCK03242,HTN_PCP_FOLLOWUP,2026-01-05,,True,False
MOCK03248,HTN_PCP_FOLLOWUP,2026-01-10,2026-03-04,True,True
MOCK03254,HTN_PCP_FOLLOWUP,2026-01-30,2026-02-24,True,False
MOCK03260,HTN_PCP_FOLLOWUP,2026-01-07,,True,True
MOCK03266,HTN_PCP_FOLLOWUP,2026-02-02,,True,False
MOCK03272,HTN_PCP_FOLLOWUP,2026-01-05,2026-05-22,True,True
MOCK03278,HTN_PCP_FOLLOWUP,2025-12-31,2026-05-26,True,False
MOCK03284,HTN_PCP_FOLLOWUP,2026-01-07,,True,False
MOCK03290,HTN_PCP_FOLLOWUP,2026-01-28,,True,True
MOCK03296,HTN_PCP_FOLLOWUP,2026-01-22,2026-03-27,True,True
MOCK03302,HTN_PCP_FOLLOWUP,2026-01-12,,True,True
MOCK03308,HTN_PCP_FOLLOWUP,2026-01-24,2026-02-13,True,False
MOCK03314,HTN_PCP_FOLLOWUP,2026-01-24,,True,True
MOCK03320,HTN_PCP_FOLLOWUP,2026-01-20,,True,True
MOCK03326,HTN_PCP_FOLLOWUP,2026-01-19,,True,True
MOCK03332,HTN_PCP_FOLLOWUP,2026-01-02,,True,False
MOCK03338,HTN_PCP_FOLLOWUP,2026-01-09,2026-04-30,True,False
MOCK03344,HTN_PCP_FOLLOWUP,2026-01-19,,True,True
MOCK03350,HTN_PCP_FOLLOWUP,2026-01-04,2026-05-04,True,False
MOCK03356,HTN_PCP_FOLLOWUP,2026-01-17,2026-02-22,True,False
MOCK03362,HTN_PCP_FOLLOWUP,2026-01-03,,True,False
MOCK03368,HTN_PCP_FOLLOWUP,2026-01-29,,True,False
MOCK03374,HTN_PCP_FOLLOWUP,2026-01-03,,True,True
MOCK03380,HTN_PCP_FOLLOWUP,2026-01-02,,True,False
MOCK03386,HTN_PCP_FOLLOWUP,2026-01-23,,True,False
MOCK03392,HTN_PCP_FOLLOWUP,2026-01-07,,True,False
MOCK03398,HTN_PCP_FOLLOWUP,2026-01-12,,True,True
MOCK03404,HTN_PCP_FOLLOWUP,2026-01-11,,True,True
MOCK03410,HTN_PCP_FOLLOWUP,2026-01-07,2026-02-16,True,False
MOCK03416,HTN_PCP_FOLLOWUP,2026-01-28,,True,True
MOCK03422,HTN_PCP_FOLLOWUP,2026-01-25,,True,False
MOCK03428,HTN_PCP_FOLLOWUP,2026-01-08,2026-02-28,True,True
MOCK03434,HTN_PCP_FOLLOWUP,2026-01-25,,True,False
MOCK03440,HTN_PCP_FOLLOWUP,2026-01-26,,True,True
MOCK03446,HTN_PCP_FOLLOWUP,2026-01-20,,True,True
MOCK03452,HTN_PCP_FOLLOWUP,2026-01-21,,True,True
MOCK03458,HTN_PCP_FOLLOWUP,2026-02-04,,True,False
MOCK03464,HTN_PCP_FOLLOWUP,2026-01-16,,True,False
MOCK03470,HTN_PCP_FOLLOWUP,2026-01-14,,True,False
MOCK03476,HTN_PCP_FOLLOWUP,2026-01-20,,True,False
MOCK03482,HTN_PCP_FOLLOWUP,2026-01-31,,True,False
MOCK03488,HTN_PCP_FOLLOWUP,2026-01-26,2026-02-20,True,False
MOCK03494,HTN_PCP_FOLLOWUP,2026-01-01,2026-05-14,True,False
MOCK03500,HTN_PCP_FOLLOWUP,2026-01-16,,True,False
MOCK03506,HTN_PCP_FOLLOWUP,2026-01-27,,True,False
MOCK03512,HTN_PCP_FOLLOWUP,2026-01-07,,True,True
MOCK03518,HTN_PCP_FOLLOWUP,2026-02-06,,True,False
MOCK03524,HTN_PCP_FOLLOWUP,2026-01-30,,True,True
MOCK03530,HTN_PCP_FOLLOWUP,2026-02-01,,True,True
MOCK03536,HTN_PCP_FOLLOWUP,2026-01-02,,True,False
MOCK03542,HTN_PCP_FOLLOWUP,2026-01-21,,True,False
MOCK03548,HTN_PCP_FOLLOWUP,2026-01-19,2026-05-22,True,True
MOCK03554,HTN_PCP_FOLLOWUP,2026-01-23,,True,True
MOCK03560,HTN_PCP_FOLLOWUP,2026-02-01,2026-04-20,True,False
MOCK03566,HTN_PCP_FOLLOWUP,2026-01-12,,True,True
MOCK03572,HTN_PCP_FOLLOWUP,2026-01-19,,True,True
MOCK03578,HTN_PCP_FOLLOWUP,2026-01-25,,True,False
MOCK03584,HTN_PCP_FOLLOWUP,2026-01-28,,True,False
MOCK03590,HTN_PCP_FOLLOWUP,2026-01-29,2026-03-20,True,False
MOCK03596,HTN_PCP_FOLLOWUP,2026-01-12,,True,False
MOCK03602,HTN_PCP_FOLLOWUP,2026-02-06,2026-03-20,True,True
MOCK03608,HTN_PCP_FOLLOWUP,2025-12-30,,True,True
MOCK03614,HTN_PCP_FOLLOWUP,2026-01-18,2026-05-01,True,False
MOCK03620,HTN_PCP_FOLLOWUP,2026-01-22,2026-05-05,True,False
MOCK03626,HTN_PCP_FOLLOWUP,2026-01-01,2026-05-05,True,True
MOCK03632,HTN_PCP_FOLLOWUP,2026-01-16,,True,True
MOCK03638,HTN_PCP_FOLLOWUP,2026-01-22,,True,True
MOCK03644,HTN_PCP_FOLLOWUP,2026-01-22,,True,True
MOCK03650,HTN_PCP_FOLLOWUP,2026-01-03,,True,True
MOCK03656,HTN_PCP_FOLLOWUP,2026-01-09,,True,True
MOCK03662,HTN_PCP_FOLLOWUP,2026-01-08,,True,False
MOCK03668,HTN_PCP_FOLLOWUP,2026-01-23,2026-05-22,True,True
MOCK03674,HTN_PCP_FOLLOWUP,2026-01-11,,True,False
MOCK03680,HTN_PCP_FOLLOWUP,2026-01-21,,True,False
MOCK03686,HTN_PCP_FOLLOWUP,2026-01-27,2026-02-25,True,False
MOCK03692,HTN_PCP_FOLLOWUP,2026-01-30,2026-03-03,True,False
MOCK03698,HTN_PCP_FOLLOWUP,2026-01-06,,True,True
MOCK03704,HTN_PCP_FOLLOWUP,2026-02-03,,True,True
MOCK03710,HTN_PCP_FOLLOWUP,2026-01-05,,True,False
MOCK03716,HTN_PCP_FOLLOWUP,2025-12-30,,True,True
MOCK03722,HTN_PCP_FOLLOWUP,2025-12-31,2026-04-09,True,True
MOCK03728,HTN_PCP_FOLLOWUP,2026-01-06,,True,True
MOCK03734,HTN_PCP_FOLLOWUP,2026-02-02,,True,False
MOCK03740,HTN_PCP_FOLLOWUP,2026-01-07,2026-05-07,True,True
MOCK03746,HTN_PCP_FOLLOWUP,2026-01-26,2026-04-30,True,False
MOCK03752,HTN_PCP_FOLLOWUP,2026-01-15,,True,True
MOCK03758,HTN_PCP_FOLLOWUP,2025-12-31,2026-04-12,True,False
MOCK03764,HTN_PCP_FOLLOWUP,2026-01-16,2026-05-07,True,True
MOCK03770,HTN_PCP_FOLLOWUP,2025-12-31,,True,False
MOCK03776,HTN_PCP_FOLLOWUP,2026-01-17,,True,False
MOCK03782,HTN_PCP_FOLLOWUP,2026-01-20,,True,True
MOCK03788,HTN_PCP_FOLLOWUP,2026-01-19,2026-03-09,True,True
MOCK03794,HTN_PCP_FOLLOWUP,2026-01-10,,True,False
MOCK03800,HTN_PCP_FOLLOWUP,2026-01-28,2026-03-17,True,False
MOCK03806,HTN_PCP_FOLLOWUP,2026-01-22,,True,True
MOCK03812,HTN_PCP_FOLLOWUP,2026-01-08,,True,True
MOCK03818,HTN_PCP_FOLLOWUP,2026-01-15,2026-03-22,True,True
MOCK03824,HTN_PCP_FOLLOWUP,2026-01-03,,True,True
MOCK03830,HTN_PCP_FOLLOWUP,2026-02-04,,True,True
MOCK03836,HTN_PCP_FOLLOWUP,2026-01-28,,True,True
MOCK03842,HTN_PCP_FOLLOWUP,2026-01-10,,True,True
MOCK03848,HTN_PCP_FOLLOWUP,2026-01-25,,True,False
MOCK03854,HTN_PCP_FOLLOWUP,2026-01-25,,True,False
MOCK03860,HTN_PCP_FOLLOWUP,2026-01-22,2026-05-15,True,False
MOCK03866,HTN_PCP_FOLLOWUP,2026-01-01,2026-04-14,True,False
MOCK03872,HTN_PCP_FOLLOWUP,2026-02-02,,True,False
MOCK03878,HTN_PCP_FOLLOWUP,2026-02-05,,True,True
MOCK03884,HTN_PCP_FOLLOWUP,2026-02-05,,True,False
MOCK03890,HTN_PCP_FOLLOWUP,2026-02-06,,True,True
MOCK03896,HTN_PCP_FOLLOWUP,2026-02-04,2026-04-15,True,False
MOCK03902,HTN_PCP_FOLLOWUP,2026-01-27,2026-04-26,True,False
MOCK03908,HTN_PCP_FOLLOWUP,2026-01-01,,True,False
MOCK03914,HTN_PCP_FOLLOWUP,2026-01-17,2026-05-01,True,True
MOCK03920,HTN_PCP_FOLLOWUP,2026-01-08,2026-03-27,True,False
MOCK03926,HTN_PCP_FOLLOWUP,2026-01-07,2026-02-21,True,True
MOCK03932,HTN_PCP_FOLLOWUP,2026-01-31,,True,True
MOCK03938,HTN_PCP_FOLLOWUP,2026-01-30,,True,True
MOCK03944,HTN_PCP_FOLLOWUP,2026-01-19,,True,True
MOCK03950,HTN_PCP_FOLLOWUP,2026-01-27,,True,False
MOCK03956,HTN_PCP_FOLLOWUP,2026-01-04,2026-03-12,True,True
MOCK03962,HTN_PCP_FOLLOWUP,2026-01-07,,True,True
MOCK03968,HTN_PCP_FOLLOWUP,2026-02-01,,True,False
MOCK03974,HTN_PCP_FOLLOWUP,2026-01-16,,True,False
MOCK03980,HTN_PCP_FOLLOWUP,2026-01-20,,True,True
MOCK03986,HTN_PCP_FOLLOWUP,2026-01-17,2026-02-19,True,False
MOCK03992,HTN_PCP_FOLLOWUP,2026-01-06,,True,False
MOCK03998,HTN_PCP_FOLLOWUP,2026-01-31,,True,False
MOCK04004,HTN_PCP_FOLLOWUP,2026-01-28,2026-04-10,True,False
MOCK04010,HTN_PCP_FOLLOWUP,2026-01-25,,True,False
MOCK04016,HTN_PCP_FOLLOWUP,2026-01-12,,True,True
MOCK04022,HTN_PCP_FOLLOWUP,2026-01-24,2026-03-12,True,False
MOCK04028,HTN_PCP_FOLLOWUP,2026-02-05,,True,True
MOCK04034,HTN_PCP_FOLLOWUP,2026-01-24,,True,False
MOCK04040,HTN_PCP_FOLLOWUP,2026-01-18,,True,True
MOCK04046,HTN_PCP_FOLLOWUP,2026-01-09,,True,True
MOCK04052,HTN_PCP_FOLLOWUP,2026-01-19,,True,False
MOCK04058,HTN_PCP_FOLLOWUP,2026-01-13,,True,False
MOCK04064,HTN_PCP_FOLLOWUP,2026-01-22,,True,True
MOCK04070,HTN_PCP_FOLLOWUP,2025-12-31,,True,True
MOCK04076,HTN_PCP_FOLLOWUP,2026-01-06,2026-05-23,True,True
MOCK04082,HTN_PCP_FOLLOWUP,2026-01-29,2026-03-27,True,False
MOCK04088,HTN_PCP_FOLLOWUP,2026-01-13,,True,True
MOCK04094,HTN_PCP_FOLLOWUP,2026-01-15,,True,True
MOCK04100,HTN_PCP_FOLLOWUP,2026-01-20,,True,False
MOCK04106,HTN_PCP_FOLLOWUP,2026-01-16,,True,True
MOCK04112,HTN_PCP_FOLLOWUP,2026-01-28,,True,True
MOCK04118,HTN_PCP_FOLLOWUP,2026-01-08,,True,False
MOCK04124,HTN_PCP_FOLLOWUP,2026-01-28,,True,True
MOCK04130,HTN_PCP_FOLLOWUP,2026-01-07,,True,False
MOCK04136,HTN_PCP_FOLLOWUP,2026-01-13,2026-05-11,True,False
MOCK04142,HTN_PCP_FOLLOWUP,2026-01-21,,True,True
MOCK04148,HTN_PCP_FOLLOWUP,2026-02-02,2026-03-21,True,False
MOCK04154,HTN_PCP_FOLLOWUP,2026-01-08,,True,False
MOCK04160,HTN_PCP_FOLLOWUP,2026-01-21,,True,False
MOCK04166,HTN_PCP_FOLLOWUP,2026-01-01,,True,False
MOCK04172,HTN_PCP_FOLLOWUP,2026-01-01,,True,True
MOCK04178,HTN_PCP_FOLLOWUP,2026-01-28,,True,True
MOCK04184,HTN_PCP_FOLLOWUP,2026-01-27,,True,False
MOCK04190,HTN_PCP_FOLLOWUP,2026-01-13,,True,True
MOCK04196,HTN_PCP_FOLLOWUP,2026-01-23,,True,True
MOCK04202,HTN_PCP_FOLLOWUP,2026-01-13,2026-04-29,True,False
MOCK04208,HTN_PCP_FOLLOWUP,2026-01-09,,True,True
MOCK04214,HTN_PCP_FOLLOWUP,2026-01-15,2026-04-21,True,False
MOCK04220,HTN_PCP_FOLLOWUP,2026-01-11,,True,False
MOCK04226,HTN_PCP_FOLLOWUP,2026-01-30,2026-03-21,True,False
MOCK04232,HTN_PCP_FOLLOWUP,2026-01-15,,True,True
MOCK04238,HTN_PCP_FOLLOWUP,2026-01-11,,True,True
MOCK04244,HTN_PCP_FOLLOWUP,2026-01-19,,True,False
MOCK04250,HTN_PCP_FOLLOWUP,2026-01-28,2026-02-26,True,True
MOCK04256,HTN_PCP_FOLLOWUP,2026-01-09,,True,False
MOCK04262,HTN_PCP_FOLLOWUP,2026-02-04,,True,False
MOCK04268,HTN_PCP_FOLLOWUP,2026-01-17,2026-05-02,True,True
MOCK04274,HTN_PCP_FOLLOWUP,2026-01-24,,True,True
MOCK04280,HTN_PCP_FOLLOWUP,2026-02-05,,True,False
MOCK04286,HTN_PCP_FOLLOWUP,2026-01-15,,True,True
MOCK04292,HTN_PCP_FOLLOWUP,2026-01-06,,True,False
MOCK04298,HTN_PCP_FOLLOWUP,2026-01-28,2026-04-03,True,False
MOCK04304,HTN_PCP_FOLLOWUP,2025-12-30,,True,True
MOCK04310,HTN_PCP_FOLLOWUP,2026-01-16,,True,False
MOCK04316,HTN_PCP_FOLLOWUP,2026-02-06,,True,True
MOCK04322,HTN_PCP_FOLLOWUP,2026-01-15,,True,True
MOCK04328,HTN_PCP_FOLLOWUP,2026-01-25,2026-04-10,True,False
MOCK04334,HTN_PCP_FOLLOWUP,2026-01-19,2026-02-13,True,False
MOCK04340,HTN_PCP_FOLLOWUP,2026-01-07,2026-04-27,True,False
MOCK04346,HTN_PCP_FOLLOWUP,2026-01-11,,True,False
MOCK04352,HTN_PCP_FOLLOWUP,2026-01-19,,True,False
MOCK04358,HTN_PCP_FOLLOWUP,2026-01-03,,True,True
MOCK04364,HTN_PCP_FOLLOWUP,2026-01-15,2026-04-05,True,True
MOCK04370,HTN_PCP_FOLLOWUP,2026-01-15,,True,True
MOCK04376,HTN_PCP_FOLLOWUP,2026-01-31,,True,True
MOCK04382,HTN_PCP_FOLLOWUP,2026-01-03,,True,False
MOCK04388,HTN_PCP_FOLLOWUP,2026-01-31,,True,False
MOCK04394,HTN_PCP_FOLLOWUP,2026-01-15,,True,True
MOCK04400,HTN_PCP_FOLLOWUP,2026-01-24,,True,False
MOCK04406,HTN_PCP_FOLLOWUP,2026-01-20,,True,False
MOCK04412,HTN_PCP_FOLLOWUP,2026-01-10,2026-03-17,True,False
MOCK04418,HTN_PCP_FOLLOWUP,2026-02-04,,True,True
MOCK04424,HTN_PCP_FOLLOWUP,2026-01-07,,True,False
MOCK04430,HTN_PCP_FOLLOWUP,2025-12-31,2026-05-20,True,False
MOCK04436,HTN_PCP_FOLLOWUP,2026-01-28,,True,True
MOCK04442,HTN_PCP_FOLLOWUP,2026-01-23,,True,True
MOCK04448,HTN_PCP_FOLLOWUP,2026-02-02,,True,True
MOCK04454,HTN_PCP_FOLLOWUP,2026-01-16,,True,False
MOCK04460,HTN_PCP_FOLLOWUP,2025-12-30,,True,False
MOCK04466,HTN_PCP_FOLLOWUP,2025-12-30,,True,False
MOCK04472,HTN_PCP_FOLLOWUP,2026-01-15,2026-05-09,True,False
MOCK04478,HTN_PCP_FOLLOWUP,2026-01-08,,True,True
MOCK04484,HTN_PCP_FOLLOWUP,2026-02-03,,True,True
MOCK04490,HTN_PCP_FOLLOWUP,2026-01-03,2026-05-22,True,False
MOCK04496,HTN_PCP_FOLLOWUP,2026-02-02,,True,False
MOCK04502,HTN_PCP_FOLLOWUP,2026-01-07,,True,False
MOCK04508,HTN_PCP_FOLLOWUP,2026-01-03,,True,True
MOCK04514,HTN_PCP_FOLLOWUP,2026-01-09,,True,True
MOCK04520,HTN_PCP_FOLLOWUP,2026-01-04,,True,True
MOCK04526,HTN_PCP_FOLLOWUP,2026-01-14,2026-04-20,True,True
MOCK04532,HTN_PCP_FOLLOWUP,2026-01-11,2026-03-09,True,True
MOCK04538,HTN_PCP_FOLLOWUP,2026-01-19,,True,False
MOCK04544,HTN_PCP_FOLLOWUP,2026-01-19,,True,False
MOCK04550,HTN_PCP_FOLLOWUP,2025-12-30,2026-04-01,True,True
MOCK04556,HTN_PCP_FOLLOWUP,2026-01-03,,True,True
MOCK04562,HTN_PCP_FOLLOWUP,2026-01-05,,True,True
MOCK04568,HTN_PCP_FOLLOWUP,2026-01-06,,True,False
MOCK04574,HTN_PCP_FOLLOWUP,2026-01-02,,True,False
MOCK04580,HTN_PCP_FOLLOWUP,2026-01-11,,True,True
MOCK04586,HTN_PCP_FOLLOWUP,2026-01-20,,True,False
MOCK04592,HTN_PCP_FOLLOWUP,2026-01-11,2026-04-20,True,True
MOCK04598,HTN_PCP_FOLLOWUP,2026-01-11,,True,True
MOCK04604,HTN_PCP_FOLLOWUP,2026-01-17,,True,False
MOCK04610,HTN_PCP_FOLLOWUP,2026-01-20,,True,True
MOCK04616,HTN_PCP_FOLLOWUP,2026-01-11,,True,True
MOCK04622,HTN_PCP_FOLLOWUP,2026-01-07,,True,False
MOCK04628,HTN_PCP_FOLLOWUP,2026-01-14,,True,True
MOCK04634,HTN_PCP_FOLLOWUP,2025-12-30,,True,True
MOCK04640,HTN_PCP_FOLLOWUP,2026-01-18,,True,True
MOCK04646,HTN_PCP_FOLLOWUP,2026-02-04,,True,True
MOCK04652,HTN_PCP_FOLLOWUP,2026-01-14,,True,False
MOCK04658,HTN_PCP_FOLLOWUP,2026-01-03,2026-05-03,True,True
MOCK04664,HTN_PCP_FOLLOWUP,2026-01-26,,True,False
MOCK04670,HTN_PCP_FOLLOWUP,2026-01-03,2026-05-07,True,False
MOCK04676,HTN_PCP_FOLLOWUP,2026-01-06,,True,True
MOCK04682,HTN_PCP_FOLLOWUP,2026-01-04,,True,True
MOCK04688,HTN_PCP_FOLLOWUP,2026-02-02,2026-05-01,True,True
MOCK04694,HTN_PCP_FOLLOWUP,2026-02-06,2026-04-28,True,True
MOCK04700,HTN_PCP_FOLLOWUP,2026-01-21,,True,True
MOCK04706,HTN_PCP_FOLLOWUP,2026-01-23,,True,False
MOCK04712,HTN_PCP_FOLLOWUP,2026-01-24,,True,True
MOCK04718,HTN_PCP_FOLLOWUP,2026-01-22,,True,False
MOCK04724,HTN_PCP_FOLLOWUP,2026-01-20,,True,False
MOCK04730,HTN_PCP_FOLLOWUP,2026-02-06,,True,False
MOCK04736,HTN_PCP_FOLLOWUP,2026-01-27,2026-04-07,True,True
MOCK04742,HTN_PCP_FOLLOWUP,2026-01-02,2026-05-03,True,True
MOCK04748,HTN_PCP_FOLLOWUP,2026-01-14,,True,False
MOCK04754,HTN_PCP_FOLLOWUP,2026-02-06,,True,True
MOCK04760,HTN_PCP_FOLLOWUP,2026-01-14,,True,False
MOCK04766,HTN_PCP_FOLLOWUP,2026-01-06,,True,False
MOCK04772,HTN_PCP_FOLLOWUP,2026-02-01,2026-02-26,True,False
MOCK04778,HTN_PCP_FOLLOWUP,2026-01-23,,True,True
MOCK04784,HTN_PCP_FOLLOWUP,2026-01-20,,True,True
MOCK04790,HTN_PCP_FOLLOWUP,2026-01-15,2026-03-16,True,False
MOCK04796,HTN_PCP_FOLLOWUP,2026-01-03,,True,False
MOCK04802,HTN_PCP_FOLLOWUP,2026-01-13,,True,False
MOCK04808,HTN_PCP_FOLLOWUP,2026-01-16,,True,False
MOCK04814,HTN_PCP_FOLLOWUP,2026-02-04,,True,False
MOCK04820,HTN_PCP_FOLLOWUP,2026-01-10,,True,False
MOCK04826,HTN_PCP_FOLLOWUP,2026-01-04,,True,False
MOCK04832,HTN_PCP_FOLLOWUP,2026-01-15,2026-02-26,True,True
MOCK04838,HTN_PCP_FOLLOWUP,2026-02-06,2026-05-07,True,True
MOCK04844,HTN_PCP_FOLLOWUP,2026-01-17,,True,False
MOCK04850,HTN_PCP_FOLLOWUP,2026-01-13,,True,False
MOCK04856,HTN_PCP_FOLLOWUP,2026-01-25,,True,True
MOCK04862,HTN_PCP_FOLLOWUP,2026-01-24,2026-03-08,True,False
MOCK04868,HTN_PCP_FOLLOWUP,2026-01-10,,True,True
MOCK04874,HTN_PCP_FOLLOWUP,2026-02-05,,True,True
MOCK04880,HTN_PCP_FOLLOWUP,2026-01-22,,True,False
MOCK04886,HTN_PCP_FOLLOWUP,2026-01-01,2026-03-28,True,True
MOCK04892,HTN_PCP_FOLLOWUP,2026-01-14,,True,False
MOCK04898,HTN_PCP_FOLLOWUP,2026-02-03,,True,False
MOCK04904,HTN_PCP_FOLLOWUP,2026-01-14,2026-05-17,True,False
MOCK04910,HTN_PCP_FOLLOWUP,2026-01-21,,True,True
MOCK04916,HTN_PCP_FOLLOWUP,2026-01-22,2026-04-11,True,False
MOCK04922,HTN_PCP_FOLLOWUP,2026-01-26,,True,True
MOCK04928,HTN_PCP_FOLLOWUP,2026-02-02,,True,False
MOCK04934,HTN_PCP_FOLLOWUP,2026-01-04,,True,True
MOCK04940,HTN_PCP_FOLLOWUP,2026-01-19,,True,False
MOCK04946,HTN_PCP_FOLLOWUP,2026-01-19,,True,False
MOCK04952,HTN_PCP_FOLLOWUP,2026-01-04,2026-02-25,True,True
MOCK04958,HTN_PCP_FOLLOWUP,2026-01-25,2026-04-19,True,True
MOCK04964,HTN_PCP_FOLLOWUP,2026-01-03,2026-04-20,True,True
MOCK04970,HTN_PCP_FOLLOWUP,2026-01-16,,True,False
MOCK04976,HTN_PCP_FOLLOWUP,2026-01-11,,True,False
MOCK04982,HTN_PCP_FOLLOWUP,2026-01-05,2026-05-21,True,False
MOCK04988,HTN_PCP_FOLLOWUP,2026-01-31,,True,False
MOCK04994,HTN_PCP_FOLLOWUP,2026-01-08,2026-05-16,True,False
MOCK05000,HTN_PCP_FOLLOWUP,2026-01-08,2026-04-10,True,False
MOCK05006,HTN_PCP_FOLLOWUP,2026-02-01,,True,True
MOCK05012,HTN_PCP_FOLLOWUP,2026-02-02,,True,False
MOCK05018,HTN_PCP_FOLLOWUP,2025-12-31,,True,False
MOCK05024,HTN_PCP_FOLLOWUP,2026-01-09,,True,False
MOCK05030,HTN_PCP_FOLLOWUP,2026-01-26,,True,True
MOCK05036,HTN_PCP_FOLLOWUP,2026-01-29,,True,True
MOCK05042,HTN_PCP_FOLLOWUP,2026-02-06,2026-03-17,True,True
MOCK05048,HTN_PCP_FOLLOWUP,2026-01-20,2026-04-28,True,False
MOCK05054,HTN_PCP_FOLLOWUP,2025-12-30,,True,False
MOCK05060,HTN_PCP_FOLLOWUP,2026-02-02,2026-05-12,True,True
MOCK05066,HTN_PCP_FOLLOWUP,2026-01-05,2026-03-31,True,True
MOCK05072,HTN_PCP_FOLLOWUP,2026-01-03,,True,False
MOCK05078,HTN_PCP_FOLLOWUP,2026-01-25,,True,False
MOCK05084,HTN_PCP_FOLLOWUP,2026-01-22,,True,False
MOCK05090,HTN_PCP_FOLLOWUP,2026-01-01,,True,False
MOCK05096,HTN_PCP_FOLLOWUP,2026-01-05,,True,False
MOCK05102,HTN_PCP_FOLLOWUP,2026-01-22,,True,True
MOCK05108,HTN_PCP_FOLLOWUP,2026-01-08,,True,True
MOCK05114,HTN_PCP_FOLLOWUP,2026-01-25,2026-05-04,True,False
MOCK05120,HTN_PCP_FOLLOWUP,2026-01-15,,True,False
MOCK05126,HTN_PCP_FOLLOWUP,2026-01-21,,True,True
MOCK05132,HTN_PCP_FOLLOWUP,2026-01-17,,True,False
MOCK05138,HTN_PCP_FOLLOWUP,2026-01-13,,True,True
MOCK05144,HTN_PCP_FOLLOWUP,2026-01-12,,True,True
MOCK05150,HTN_PCP_FOLLOWUP,2026-01-26,,True,True
MOCK05156,HTN_PCP_FOLLOWUP,2026-01-19,,True,False
MOCK05162,HTN_PCP_FOLLOWUP,2026-01-22,,True,False
MOCK05168,HTN_PCP_FOLLOWUP,2026-01-21,,True,False
MOCK05174,HTN_PCP_FOLLOWUP,2026-01-07,2026-04-20,True,False
MOCK05180,HTN_PCP_FOLLOWUP,2026-02-03,,True,False
MOCK05186,HTN_PCP_FOLLOWUP,2026-01-20,,True,True
MOCK05192,HTN_PCP_FOLLOWUP,2026-01-27,,True,False
MOCK05198,HTN_PCP_FOLLOWUP,2026-02-02,,True,True
MOCK05204,HTN_PCP_FOLLOWUP,2026-02-04,,True,False
MOCK05210,HTN_PCP_FOLLOWUP,2026-01-25,,True,True
MOCK05216,HTN_PCP_FOLLOWUP,2026-01-29,,True,True
MOCK05222,HTN_PCP_FOLLOWUP,2026-01-17,,True,False
MOCK05228,HTN_PCP_FOLLOWUP,2026-01-27,,True,True
MOCK05234,HTN_PCP_FOLLOWUP,2026-01-11,,True,False
MOCK05240,HTN_PCP_FOLLOWUP,2026-01-26,,True,False
MOCK05246,HTN_PCP_FOLLOWUP,2026-01-02,,True,False
MOCK05252,HTN_PCP_FOLLOWUP,2026-02-03,,True,True
MOCK05258,HTN_PCP_FOLLOWUP,2026-01-08,,True,True
MOCK05264,HTN_PCP_FOLLOWUP,2026-01-24,,True,True
MOCK05270,HTN_PCP_FOLLOWUP,2025-12-30,,True,False
MOCK05276,HTN_PCP_FOLLOWUP,2026-01-05,2026-05-08,True,False
MOCK05282,HTN_PCP_FOLLOWUP,2026-02-06,,True,True
MOCK05288,HTN_PCP_FOLLOWUP,2026-01-31,,True,False
MOCK05294,HTN_PCP_FOLLOWUP,2026-01-07,,True,False
MOCK05300,HTN_PCP_FOLLOWUP,2026-01-04,,True,False
MOCK05306,HTN_PCP_FOLLOWUP,2026-01-30,,True,True
MOCK05312,HTN_PCP_FOLLOWUP,2026-02-06,,True,False
MOCK05318,HTN_PCP_FOLLOWUP,2026-01-05,,True,False
MOCK05324,HTN_PCP_FOLLOWUP,2026-01-24,,True,True
MOCK05330,HTN_PCP_FOLLOWUP,2026-01-10,,True,True
MOCK05336,HTN_PCP_FOLLOWUP,2026-01-28,,True,True
MOCK05342,HTN_PCP_FOLLOWUP,2026-01-15,,True,False
MOCK05348,HTN_PCP_FOLLOWUP,2026-01-03,2026-02-22,True,False
MOCK05354,HTN_PCP_FOLLOWUP,2026-01-11,2026-03-10,True,False
MOCK05360,HTN_PCP_FOLLOWUP,2026-01-20,2026-05-20,True,True
MOCK05366,HTN_PCP_FOLLOWUP,2026-01-30,,True,False
MOCK05372,HTN_PCP_FOLLOWUP,2025-12-30,,True,True
MOCK05378,HTN_PCP_FOLLOWUP,2026-02-05,2026-02-13,True,False
MOCK05384,HTN_PCP_FOLLOWUP,2026-01-24,,True,True
MOCK05390,HTN_PCP_FOLLOWUP,2026-02-02,,True,False
MOCK05396,HTN_PCP_FOLLOWUP,2026-02-04,,True,False
MOCK05402,HTN_PCP_FOLLOWUP,2026-01-04,,True,False
MOCK05408,HTN_PCP_FOLLOWUP,2026-01-02,,True,False
MOCK05414,HTN_PCP_FOLLOWUP,2026-01-29,,True,True
MOCK05420,HTN_PCP_FOLLOWUP,2026-01-06,,True,False
MOCK05426,HTN_PCP_FOLLOWUP,2026-01-04,,True,False
MOCK05432,HTN_PCP_FOLLOWUP,2026-01-17,,True,True
MOCK05438,HTN_PCP_FOLLOWUP,2026-02-03,,True,False
MOCK05444,HTN_PCP_FOLLOWUP,2026-01-30,2026-04-11,True,True
MOCK05450,HTN_PCP_FOLLOWUP,2026-01-19,2026-02-25,True,True
MOCK05456,HTN_PCP_FOLLOWUP,2026-01-06,,True,False
MOCK05462,HTN_PCP_FOLLOWUP,2026-01-12,,True,True
MOCK05468,HTN_PCP_FOLLOWUP,2026-01-25,,True,True
MOCK05474,HTN_PCP_FOLLOWUP,2026-01-05,,True,True
MOCK05480,HTN_PCP_FOLLOWUP,2026-01-19,,True,False
MOCK05486,HTN_PCP_FOLLOWUP,2025-12-30,,True,False
MOCK05492,HTN_PCP_FOLLOWUP,2026-01-11,,True,True
MOCK05498,HTN_PCP_FOLLOWUP,2026-01-08,,True,False
MOCK05504,HTN_PCP_FOLLOWUP,2026-01-25,2026-03-08,True,False
MOCK05510,HTN_PCP_FOLLOWUP,2026-02-03,2026-05-23,True,False
MOCK05516,HTN_PCP_FOLLOWUP,2026-01-04,,True,False
MOCK05522,HTN_PCP_FOLLOWUP,2026-01-30,,True,False
MOCK05528,HTN_PCP_FOLLOWUP,2026-01-24,,True,True
MOCK05534,HTN_PCP_FOLLOWUP,2026-02-05,,True,True
MOCK05540,HTN_PCP_FOLLOWUP,2026-02-03,2026-05-25,True,False
MOCK05546,HTN_PCP_FOLLOWUP,2026-01-02,,True,True
MOCK05552,HTN_PCP_FOLLOWUP,2026-01-27,,True,False
MOCK05558,HTN_PCP_FOLLOWUP,2026-01-22,,True,True
MOCK05564,HTN_PCP_FOLLOWUP,2026-01-03,2026-02-22,True,True
MOCK05570,HTN_PCP_FOLLOWUP,2026-01-09,2026-04-28,True,False
MOCK05576,HTN_PCP_FOLLOWUP,2026-02-04,,True,True
MOCK05582,HTN_PCP_FOLLOWUP,2026-01-20,,True,False
MOCK05588,HTN_PCP_FOLLOWUP,2026-01-12,,True,False
MOCK05594,HTN_PCP_FOLLOWUP,2026-01-11,,True,True
MOCK05600,HTN_PCP_FOLLOWUP,2026-01-31,,True,True
MOCK05606,HTN_PCP_FOLLOWUP,2026-01-10,,True,True
MOCK05612,HTN_PCP_FOLLOWUP,2026-01-05,,True,False
MOCK05618,HTN_PCP_FOLLOWUP,2026-01-21,2026-05-20,True,True
MOCK05624,HTN_PCP_FOLLOWUP,2026-02-06,,True,False
MOCK05630,HTN_PCP_FOLLOWUP,2026-01-06,,True,True
MOCK05636,HTN_PCP_FOLLOWUP,2026-01-08,2026-04-10,True,True
MOCK05642,HTN_PCP_FOLLOWUP,2026-01-17,2026-03-03,True,True
MOCK05648,HTN_PCP_FOLLOWUP,2026-01-06,,True,True
MOCK05654,HTN_PCP_FOLLOWUP,2026-01-24,,True,True
MOCK05660,HTN_PCP_FOLLOWUP,2026-01-08,,True,False
MOCK05666,HTN_PCP_FOLLOWUP,2026-01-03,2026-05-19,True,True
MOCK05672,HTN_PCP_FOLLOWUP,2026-01-09,,True,False
MOCK05678,HTN_PCP_FOLLOWUP,2026-02-04,,True,False
MOCK05684,HTN_PCP_FOLLOWUP,2026-02-04,,True,False
MOCK05690,HTN_PCP_FOLLOWUP,2026-01-18,,True,False
MOCK05696,HTN_PCP_FOLLOWUP,2026-01-14,,True,True
MOCK05702,HTN_PCP_FOLLOWUP,2026-01-30,2026-04-13,True,False
MOCK05708,HTN_PCP_FOLLOWUP,2026-01-06,,True,True
MOCK05714,HTN_PCP_FOLLOWUP,2026-01-24,,True,False
MOCK05720,HTN_PCP_FOLLOWUP,2026-01-25,,True,True
MOCK05726,HTN_PCP_FOLLOWUP,2026-01-26,,True,False
MOCK05732,HTN_PCP_FOLLOWUP,2026-01-07,,True,False
MOCK05738,HTN_PCP_FOLLOWUP,2026-01-26,2026-04-17,True,False
MOCK05744,HTN_PCP_FOLLOWUP,2026-01-22,,True,True
MOCK05750,HTN_PCP_FOLLOWUP,2026-02-02,2026-03-16,True,False
MOCK05756,HTN_PCP_FOLLOWUP,2026-01-05,,True,False
MOCK05762,HTN_PCP_FOLLOWUP,2026-01-22,,True,False
MOCK05768,HTN_PCP_FOLLOWUP,2026-01-31,,True,True
MOCK05774,HTN_PCP_FOLLOWUP,2026-01-09,2026-03-29,True,True
MOCK05780,HTN_PCP_FOLLOWUP,2026-01-28,,True,True
MOCK05786,HTN_PCP_FOLLOWUP,2026-01-02,2026-04-14,True,False
MOCK05792,HTN_PCP_FOLLOWUP,2026-01-27,,True,True
MOCK05798,HTN_PCP_FOLLOWUP,2026-01-22,,True,False
MOCK05804,HTN_PCP_FOLLOWUP,2026-01-06,,True,False
MOCK05810,HTN_PCP_FOLLOWUP,2026-01-01,2026-05-08,True,False
MOCK05816,HTN_PCP_FOLLOWUP,2026-01-28,,True,False
MOCK05822,HTN_PCP_FOLLOWUP,2026-01-08,,True,False
MOCK05828,HTN_PCP_FOLLOWUP,2026-01-18,2026-04-01,True,False
MOCK05834,HTN_PCP_FOLLOWUP,2026-01-01,,True,True
MOCK05840,HTN_PCP_FOLLOWUP,2026-02-05,,True,False
MOCK05846,HTN_PCP_FOLLOWUP,2026-01-20,,True,False
MOCK05852,HTN_PCP_FOLLOWUP,2026-02-04,2026-04-23,True,False
MOCK05858,HTN_PCP_FOLLOWUP,2026-01-05,,True,False
MOCK05864,HTN_PCP_FOLLOWUP,2026-01-07,2026-05-21,True,False
MOCK05870,HTN_PCP_FOLLOWUP,2026-01-22,,True,False
MOCK05876,HTN_PCP_FOLLOWUP,2026-01-22,,True,False
MOCK05882,HTN_PCP_FOLLOWUP,2026-01-29,2026-03-04,True,False
MOCK05888,HTN_PCP_FOLLOWUP,2026-02-04,,True,True
MOCK05894,HTN_PCP_FOLLOWUP,2026-01-31,2026-05-17,True,True
MOCK05900,HTN_PCP_FOLLOWUP,2026-01-04,,True,False
MOCK05906,HTN_PCP_FOLLOWUP,2026-01-11,,True,False
MOCK05912,HTN_PCP_FOLLOWUP,2026-02-03,,True,True
MOCK05918,HTN_PCP_FOLLOWUP,2026-01-20,,True,False
MOCK05924,HTN_PCP_FOLLOWUP,2026-02-01,,True,False
MOCK05930,HTN_PCP_FOLLOWUP,2026-01-20,,True,False
MOCK05936,HTN_PCP_FOLLOWUP,2025-12-31,2026-04-28,True,True
MOCK05942,HTN_PCP_FOLLOWUP,2026-01-17,,True,False
MOCK05948,HTN_PCP_FOLLOWUP,2026-01-31,,True,True
MOCK05954,HTN_PCP_FOLLOWUP,2026-01-24,,True,True
MOCK05960,HTN_PCP_FOLLOWUP,2026-01-04,,True,True
MOCK05966,HTN_PCP_FOLLOWUP,2026-01-07,,True,True
MOCK05972,HTN_PCP_FOLLOWUP,2026-02-01,,True,True
MOCK05978,HTN_PCP_FOLLOWUP,2026-02-06,,True,False
MOCK05984,HTN_PCP_FOLLOWUP,2026-01-28,,True,True
MOCK05990,HTN_PCP_FOLLOWUP,2026-01-02,2026-04-18,True,True
MOCK05996,HTN_PCP_FOLLOWUP,2026-01-23,,True,False
MOCK06002,HTN_PCP_FOLLOWUP,2026-01-31,,True,False
MOCK06008,HTN_PCP_FOLLOWUP,2026-01-23,,True,False
MOCK06014,HTN_PCP_FOLLOWUP,2026-01-22,,True,False
MOCK06020,HTN_PCP_FOLLOWUP,2026-01-17,2026-03-31,True,True
MOCK06026,HTN_PCP_FOLLOWUP,2026-01-08,,True,False
MOCK06032,HTN_PCP_FOLLOWUP,2026-01-09,,True,False
MOCK06038,HTN_PCP_FOLLOWUP,2026-01-28,,True,False
MOCK06044,HTN_PCP_FOLLOWUP,2026-01-01,2026-02-13,True,False
MOCK06050,HTN_PCP_FOLLOWUP,2026-01-02,,True,False
MOCK06056,HTN_PCP_FOLLOWUP,2026-01-14,2026-04-29,True,False
MOCK06062,HTN_PCP_FOLLOWUP,2026-01-29,,True,False
MOCK06068,HTN_PCP_FOLLOWUP,2026-01-24,,True,False
MOCK06074,HTN_PCP_FOLLOWUP,2026-01-22,,True,True
MOCK06080,HTN_PCP_FOLLOWUP,2026-01-19,,True,True
MOCK06086,HTN_PCP_FOLLOWUP,2026-01-03,,True,True
MOCK06092,HTN_PCP_FOLLOWUP,2026-01-11,,True,True
MOCK06098,HTN_PCP_FOLLOWUP,2026-01-02,,True,True
MOCK06104,HTN_PCP_FOLLOWUP,2026-01-28,2026-04-25,True,False
MOCK06110,HTN_PCP_FOLLOWUP,2026-01-28,,True,True
MOCK06116,HTN_PCP_FOLLOWUP,2026-01-09,,True,True
MOCK06122,HTN_PCP_FOLLOWUP,2026-01-10,,True,True
MOCK06128,HTN_PCP_FOLLOWUP,2026-01-11,,True,False
MOCK06134,HTN_PCP_FOLLOWUP,2026-02-02,,True,False
MOCK06140,HTN_PCP_FOLLOWUP,2026-01-18,2026-04-18,True,False
MOCK06146,HTN_PCP_FOLLOWUP,2026-01-28,,True,False
MOCK06152,HTN_PCP_FOLLOWUP,2026-01-16,,True,False
MOCK06158,HTN_PCP_FOLLOWUP,2026-01-26,,True,False
MOCK06164,HTN_PCP_FOLLOWUP,2026-01-19,,True,False
MOCK06170,HTN_PCP_FOLLOWUP,2026-01-09,,True,True
MOCK06176,HTN_PCP_FOLLOWUP,2026-02-02,2026-05-09,True,False
MOCK06182,HTN_PCP_FOLLOWUP,2026-01-26,,True,True
MOCK06188,HTN_PCP_FOLLOWUP,2026-01-29,2026-03-08,True,False
MOCK06194,HTN_PCP_FOLLOWUP,2026-02-04,,True,True
MOCK06200,HTN_PCP_FOLLOWUP,2026-01-08,,True,True
MOCK06206,HTN_PCP_FOLLOWUP,2026-01-02,,True,True
MOCK06212,HTN_PCP_FOLLOWUP,2026-01-21,,True,False
MOCK06218,HTN_PCP_FOLLOWUP,2026-01-11,,True,False
MOCK06224,HTN_PCP_FOLLOWUP,2026-01-15,2026-04-23,True,True
MOCK06230,HTN_PCP_FOLLOWUP,2026-01-08,,True,False
MOCK06236,HTN_PCP_FOLLOWUP,2026-01-14,,True,True
MOCK06242,HTN_PCP_FOLLOWUP,2026-01-14,2026-05-26,True,False
MOCK06248,HTN_PCP_FOLLOWUP,2026-01-12,,True,True
MOCK06254,HTN_PCP_FOLLOWUP,2026-01-27,,True,True
MOCK06260,HTN_PCP_FOLLOWUP,2026-01-22,2026-02-26,True,False
MOCK06266,HTN_PCP_FOLLOWUP,2026-01-17,,True,False
MOCK06272,HTN_PCP_FOLLOWUP,2026-01-03,,True,False
MOCK06278,HTN_PCP_FOLLOWUP,2026-01-21,2026-04-15,True,False
MOCK06284,HTN_PCP_FOLLOWUP,2026-01-05,,True,False
MOCK06290,HTN_PCP_FOLLOWUP,2026-01-11,2026-03-03,True,True
MOCK06296,HTN_PCP_FOLLOWUP,2026-01-15,2026-03-02,True,True
MOCK06302,HTN_PCP_FOLLOWUP,2026-01-04,2026-04-29,True,False
MOCK06308,HTN_PCP_FOLLOWUP,2026-01-14,,True,True
MOCK06314,HTN_PCP_FOLLOWUP,2026-01-09,,True,False
MOCK06320,HTN_PCP_FOLLOWUP,2026-02-01,2026-03-28,True,True
MOCK06326,HTN_PCP_FOLLOWUP,2026-02-01,,True,False
MOCK06332,HTN_PCP_FOLLOWUP,2025-12-30,,True,True
MOCK06338,HTN_PCP_FOLLOWUP,2026-01-22,,True,False
MOCK06344,HTN_PCP_FOLLOWUP,2026-01-23,,True,False
MOCK06350,HTN_PCP_FOLLOWUP,2026-01-13,2026-04-16,True,True
MOCK06356,HTN_PCP_FOLLOWUP,2026-01-17,2026-04-16,True,True
MOCK06362,HTN_PCP_FOLLOWUP,2026-01-29,2026-02-17,True,True
MOCK06368,HTN_PCP_FOLLOWUP,2026-01-13,,True,True
MOCK06374,HTN_PCP_FOLLOWUP,2026-01-01,,True,True
MOCK06380,HTN_PCP_FOLLOWUP,2026-01-13,2026-03-17,True,False
MOCK06386,HTN_PCP_FOLLOWUP,2026-01-08,,True,True
MOCK06392,HTN_PCP_FOLLOWUP,2026-01-13,,True,True
MOCK06398,HTN_PCP_FOLLOWUP,2026-01-07,2026-03-13,True,False
MOCK06404,HTN_PCP_FOLLOWUP,2026-01-04,2026-05-11,True,True
MOCK06410,HTN_PCP_FOLLOWUP,2026-02-06,,True,True
MOCK06416,HTN_PCP_FOLLOWUP,2026-01-04,,True,False
MOCK06422,HTN_PCP_FOLLOWUP,2026-01-26,,True,False
MOCK06428,HTN_PCP_FOLLOWUP,2026-01-26,,True,False
MOCK06434,HTN_PCP_FOLLOWUP,2026-01-23,2026-02-19,True,True
MOCK06440,HTN_PCP_FOLLOWUP,2026-02-03,,True,False
MOCK06446,HTN_PCP_FOLLOWUP,2025-12-30,,True,False
MOCK06452,HTN_PCP_FOLLOWUP,2026-01-10,,True,False
MOCK06458,HTN_PCP_FOLLOWUP,2026-01-06,,True,False
MOCK06464,HTN_PCP_FOLLOWUP,2026-01-21,,True,True
MOCK06470,HTN_PCP_FOLLOWUP,2026-01-23,,True,False
MOCK06476,HTN_PCP_FOLLOWUP,2026-02-03,2026-05-19,True,False
MOCK06482,HTN_PCP_FOLLOWUP,2026-01-13,,True,False
MOCK06488,HTN_PCP_FOLLOWUP,2026-01-08,,True,False
MOCK06494,HTN_PCP_FOLLOWUP,2026-02-04,,True,False
MOCK06500,HTN_PCP_FOLLOWUP,2026-01-25,2026-04-15,True,True
MOCK06506,HTN_PCP_FOLLOWUP,2026-01-28,,True,False
MOCK06512,HTN_PCP_FOLLOWUP,2026-01-16,,True,False
MOCK06518,HTN_PCP_FOLLOWUP,2026-01-16,,True,False
MOCK06524,HTN_PCP_FOLLOWUP,2026-01-14,,True,False
MOCK06530,HTN_PCP_FOLLOWUP,2026-01-28,,True,True
MOCK06536,HTN_PCP_FOLLOWUP,2026-01-07,,True,True
MOCK06542,HTN_PCP_FOLLOWUP,2026-02-06,2026-03-15,True,True
MOCK06548,HTN_PCP_FOLLOWUP,2026-01-05,,True,False
MOCK06554,HTN_PCP_FOLLOWUP,2026-01-16,,True,False
MOCK06560,HTN_PCP_FOLLOWUP,2026-01-11,2026-03-12,True,False
MOCK06566,HTN_PCP_FOLLOWUP,2026-01-24,,True,False
MOCK06572,HTN_PCP_FOLLOWUP,2026-01-25,,True,False
MOCK06578,HTN_PCP_FOLLOWUP,2026-02-03,,True,True
MOCK06584,HTN_PCP_FOLLOWUP,2026-01-29,2026-04-06,True,False
MOCK06590,HTN_PCP_FOLLOWUP,2026-01-08,,True,False
MOCK06596,HTN_PCP_FOLLOWUP,2026-01-07,2026-04-22,True,False
MOCK06602,HTN_PCP_FOLLOWUP,2026-02-02,,True,False
MOCK06608,HTN_PCP_FOLLOWUP,2026-01-18,,True,False
MOCK06614,HTN_PCP_FOLLOWUP,2026-01-02,2026-05-09,True,True
MOCK06620,HTN_PCP_FOLLOWUP,2026-01-31,,True,False
MOCK06626,HTN_PCP_FOLLOWUP,2026-01-24,,True,False
MOCK06632,HTN_PCP_FOLLOWUP,2025-12-30,2026-04-24,True,False
MOCK06638,HTN_PCP_FOLLOWUP,2026-01-29,2026-03-08,True,True
MOCK06644,HTN_PCP_FOLLOWUP,2026-01-22,,True,True
MOCK06650,HTN_PCP_FOLLOWUP,2026-01-22,,True,True
MOCK06656,HTN_PCP_FOLLOWUP,2026-02-01,,True,False
MOCK06662,HTN_PCP_FOLLOWUP,2026-01-18,2026-05-21,True,True
MOCK06668,HTN_PCP_FOLLOWUP,2026-01-16,2026-04-15,True,True
MOCK06674,HTN_PCP_FOLLOWUP,2026-01-23,,True,False
MOCK06680,HTN_PCP_FOLLOWUP,2026-01-06,,True,True
MOCK06686,HTN_PCP_FOLLOWUP,2026-01-04,,True,False
MOCK06692,HTN_PCP_FOLLOWUP,2026-01-31,2026-04-26,True,True
MOCK06698,HTN_PCP_FOLLOWUP,2026-01-07,,True,True
MOCK06704,HTN_PCP_FOLLOWUP,2026-01-18,,True,False
MOCK06710,HTN_PCP_FOLLOWUP,2026-01-09,,True,False
MOCK06716,HTN_PCP_FOLLOWUP,2026-01-07,,True,False
MOCK06722,HTN_PCP_FOLLOWUP,2026-01-22,2026-03-30,True,False
MOCK06728,HTN_PCP_FOLLOWUP,2026-01-30,,True,True
MOCK06734,HTN_PCP_FOLLOWUP,2026-01-16,2026-04-26,True,False
MOCK06740,HTN_PCP_FOLLOWUP,2026-01-04,2026-05-10,True,True
MOCK06746,HTN_PCP_FOLLOWUP,2026-01-08,2026-04-17,True,False
MOCK06752,HTN_PCP_FOLLOWUP,2026-01-05,,True,True
MOCK06758,HTN_PCP_FOLLOWUP,2026-02-02,,True,False
MOCK06764,HTN_PCP_FOLLOWUP,2026-01-11,2026-05-19,True,True
MOCK06770,HTN_PCP_FOLLOWUP,2026-01-13,,True,True
MOCK06776,HTN_PCP_FOLLOWUP,2026-01-01,2026-05-15,True,True
MOCK06782,HTN_PCP_FOLLOWUP,2026-01-16,,True,False
MOCK06788,HTN_PCP_FOLLOWUP,2026-02-03,,True,True
MOCK06794,HTN_PCP_FOLLOWUP,2026-01-14,2026-03-16,True,False
MOCK06800,HTN_PCP_FOLLOWUP,2026-01-24,,True,True
MOCK06806,HTN_PCP_FOLLOWUP,2026-01-06,,True,False
MOCK06812,HTN_PCP_FOLLOWUP,2026-01-04,,True,True
MOCK06818,HTN_PCP_FOLLOWUP,2026-01-27,2026-05-03,True,False
MOCK06824,HTN_PCP_FOLLOWUP,2026-01-01,2026-05-10,True,True
MOCK06830,HTN_PCP_FOLLOWUP,2026-01-16,,True,True
MOCK06836,HTN_PCP_FOLLOWUP,2026-01-11,,True,True
MOCK06842,HTN_PCP_FOLLOWUP,2025-12-30,,True,True
MOCK06848,HTN_PCP_FOLLOWUP,2026-01-19,,True,False
MOCK06854,HTN_PCP_FOLLOWUP,2026-02-05,,True,True
MOCK06860,HTN_PCP_FOLLOWUP,2026-01-01,,True,False
MOCK06866,HTN_PCP_FOLLOWUP,2026-01-30,,True,False
MOCK06872,HTN_PCP_FOLLOWUP,2026-01-20,,True,True
MOCK06878,HTN_PCP_FOLLOWUP,2026-01-27,,True,False
MOCK06884,HTN_PCP_FOLLOWUP,2026-01-02,,True,True
MOCK06890,HTN_PCP_FOLLOWUP,2026-02-01,,True,True
MOCK06896,HTN_PCP_FOLLOWUP,2025-12-30,,True,True
MOCK06902,HTN_PCP_FOLLOWUP,2026-02-03,,True,True
MOCK06908,HTN_PCP_FOLLOWUP,2026-01-24,,True,True
MOCK06914,HTN_PCP_FOLLOWUP,2026-01-12,,True,False
MOCK06920,HTN_PCP_FOLLOWUP,2025-12-30,,True,False
MOCK06926,HTN_PCP_FOLLOWUP,2026-01-22,,True,False
MOCK06932,HTN_PCP_FOLLOWUP,2026-01-02,2026-03-20,True,True
MOCK06938,HTN_PCP_FOLLOWUP,2026-01-22,,True,False
MOCK06944,HTN_PCP_FOLLOWUP,2026-01-29,,True,True
MOCK06950,HTN_PCP_FOLLOWUP,2026-01-09,,True,True
MOCK06956,HTN_PCP_FOLLOWUP,2026-01-08,,True,False
MOCK06962,HTN_PCP_FOLLOWUP,2026-01-07,,True,True
MOCK06968,HTN_PCP_FOLLOWUP,2026-01-07,,True,True
MOCK06974,HTN_PCP_FOLLOWUP,2026-01-03,,True,False
MOCK06980,HTN_PCP_FOLLOWUP,2026-01-08,,True,False
MOCK06986,HTN_PCP_FOLLOWUP,2026-01-24,2026-03-31,True,False
MOCK06992,HTN_PCP_FOLLOWUP,2026-01-10,2026-03-16,True,True
MOCK06998,HTN_PCP_FOLLOWUP,2026-01-29,2026-05-07,True,True
MOCK07004,HTN_PCP_FOLLOWUP,2026-01-30,2026-03-20,True,False
MOCK07010,HTN_PCP_FOLLOWUP,2026-01-28,,True,True
MOCK07016,HTN_PCP_FOLLOWUP,2026-01-20,,True,True
MOCK07022,HTN_PCP_FOLLOWUP,2026-01-11,,True,True
MOCK07028,HTN_PCP_FOLLOWUP,2026-02-04,,True,False
MOCK07034,HTN_PCP_FOLLOWUP,2026-01-07,2026-02-18,True,False
MOCK07040,HTN_PCP_FOLLOWUP,2026-01-17,2026-04-26,True,False
MOCK07046,HTN_PCP_FOLLOWUP,2026-01-16,,True,False
MOCK07052,HTN_PCP_FOLLOWUP,2026-01-28,2026-02-28,True,True
MOCK07058,HTN_PCP_FOLLOWUP,2026-01-20,,True,False
MOCK07064,HTN_PCP_FOLLOWUP,2026-01-30,,True,True
MOCK07070,HTN_PCP_FOLLOWUP,2026-02-03,,True,True
MOCK07076,HTN_PCP_FOLLOWUP,2026-01-14,,True,True
MOCK07082,HTN_PCP_FOLLOWUP,2026-02-02,,True,False
MOCK07088,HTN_PCP_FOLLOWUP,2026-01-05,,True,False
MOCK07094,HTN_PCP_FOLLOWUP,2026-02-03,,True,False
MOCK07100,HTN_PCP_FOLLOWUP,2026-01-05,,True,True
MOCK07106,HTN_PCP_FOLLOWUP,2026-02-01,,True,True
MOCK07112,HTN_PCP_FOLLOWUP,2026-01-14,,True,True
MOCK07118,HTN_PCP_FOLLOWUP,2026-02-05,2026-05-15,True,True
MOCK07124,HTN_PCP_FOLLOWUP,2026-01-04,,True,True
MOCK07130,HTN_PCP_FOLLOWUP,2026-01-17,,True,False
MOCK07136,HTN_PCP_FOLLOWUP,2026-02-03,,True,False
MOCK07142,HTN_PCP_FOLLOWUP,2025-12-31,,True,False
MOCK07148,HTN_PCP_FOLLOWUP,2026-01-09,2026-02-17,True,False
MOCK07154,HTN_PCP_FOLLOWUP,2026-01-02,,True,True
MOCK07160,HTN_PCP_FOLLOWUP,2026-01-11,2026-03-03,True,False
MOCK07166,HTN_PCP_FOLLOWUP,2026-01-14,,True,True
MOCK07172,HTN_PCP_FOLLOWUP,2026-01-23,,True,False
MOCK07178,HTN_PCP_FOLLOWUP,2026-01-09,,True,False
MOCK07184,HTN_PCP_FOLLOWUP,2026-01-05,,True,True
MOCK07190,HTN_PCP_FOLLOWUP,2026-01-05,2026-05-11,True,True
MOCK07196,HTN_PCP_FOLLOWUP,2026-02-04,,True,False
MOCK07202,HTN_PCP_FOLLOWUP,2026-02-05,2026-02-22,True,False
MOCK07208,HTN_PCP_FOLLOWUP,2026-01-07,,True,False
MOCK07214,HTN_PCP_FOLLOWUP,2026-01-06,,True,False
MOCK07220,HTN_PCP_FOLLOWUP,2026-01-01,2026-04-18,True,False
MOCK07226,HTN_PCP_FOLLOWUP,2026-02-05,,True,True
MOCK07232,HTN_PCP_FOLLOWUP,2026-01-26,,True,False
MOCK07238,HTN_PCP_FOLLOWUP,2026-01-28,2026-03-29,True,False
MOCK07244,HTN_PCP_FOLLOWUP,2026-01-10,2026-05-03,True,True
MOCK07250,HTN_PCP_FOLLOWUP,2026-01-23,2026-04-23,True,True
MOCK07256,HTN_PCP_FOLLOWUP,2026-01-01,,True,False
MOCK07262,HTN_PCP_FOLLOWUP,2026-01-25,2026-03-13,True,False
MOCK07268,HTN_PCP_FOLLOWUP,2026-01-21,,True,True
MOCK07274,HTN_PCP_FOLLOWUP,2026-01-11,2026-04-06,True,False
MOCK07280,HTN_PCP_FOLLOWUP,2026-01-26,2026-04-25,True,False
MOCK07286,HTN_PCP_FOLLOWUP,2026-01-24,,True,False
MOCK07292,HTN_PCP_FOLLOWUP,2026-01-16,2026-05-07,True,True
MOCK07298,HTN_PCP_FOLLOWUP,2026-01-06,,True,True
MOCK07304,HTN_PCP_FOLLOWUP,2025-12-30,,True,True
MOCK07310,HTN_PCP_FOLLOWUP,2026-02-04,2026-05-04,True,False
MOCK07316,HTN_PCP_FOLLOWUP,2026-01-09,,True,False
MOCK07322,HTN_PCP_FOLLOWUP,2026-01-10,2026-03-21,True,True
MOCK07328,HTN_PCP_FOLLOWUP,2026-01-25,2026-04-06,True,False
MOCK07334,HTN_PCP_FOLLOWUP,2026-01-08,,True,True
MOCK07340,HTN_PCP_FOLLOWUP,2026-01-13,,True,False
MOCK07346,HTN_PCP_FOLLOWUP,2026-01-26,,True,True
MOCK07352,HTN_PCP_FOLLOWUP,2026-01-22,,True,False
MOCK07358,HTN_PCP_FOLLOWUP,2026-01-24,,True,False
MOCK07364,HTN_PCP_FOLLOWUP,2025-12-30,,True,False
MOCK07370,HTN_PCP_FOLLOWUP,2026-01-16,,True,True
MOCK07376,HTN_PCP_FOLLOWUP,2026-01-17,,True,True
MOCK07382,HTN_PCP_FOLLOWUP,2026-01-23,,True,True
MOCK07388,HTN_PCP_FOLLOWUP,2026-01-04,2026-03-20,True,False
MOCK07394,HTN_PCP_FOLLOWUP,2026-01-05,2026-02-21,True,True
MOCK07400,HTN_PCP_FOLLOWUP,2026-01-28,,True,False
MOCK07406,HTN_PCP_FOLLOWUP,2026-01-25,,True,False
MOCK07412,HTN_PCP_FOLLOWUP,2026-01-30,,True,True
MOCK07418,HTN_PCP_FOLLOWUP,2026-01-09,,True,True
MOCK07424,HTN_PCP_FOLLOWUP,2026-02-06,,True,True
MOCK07430,HTN_PCP_FOLLOWUP,2026-01-09,,True,False
MOCK07436,HTN_PCP_FOLLOWUP,2026-01-24,,True,False
MOCK07442,HTN_PCP_FOLLOWUP,2026-01-05,,True,True
MOCK07448,HTN_PCP_FOLLOWUP,2026-02-03,2026-03-23,True,False
MOCK07454,HTN_PCP_FOLLOWUP,2026-01-11,,True,True
MOCK07460,HTN_PCP_FOLLOWUP,2026-01-30,,True,True
MOCK07466,HTN_PCP_FOLLOWUP,2026-01-11,,True,False
MOCK07472,HTN_PCP_FOLLOWUP,2026-01-29,,True,False
MOCK07478,HTN_PCP_FOLLOWUP,2026-01-16,,True,True
MOCK07484,HTN_PCP_FOLLOWUP,2026-01-01,,True,False
MOCK07490,HTN_PCP_FOLLOWUP,2026-01-06,2026-05-08,True,False
MOCK07496,HTN_PCP_FOLLOWUP,2026-01-25,,True,False
MOCK07502,HTN_PCP_FOLLOWUP,2026-01-06,,True,False
MOCK07508,HTN_PCP_FOLLOWUP,2026-01-09,,True,True
MOCK07514,HTN_PCP_FOLLOWUP,2026-01-20,,True,True
MOCK07520,HTN_PCP_FOLLOWUP,2026-01-08,2026-05-22,True,False
MOCK07526,HTN_PCP_FOLLOWUP,2026-01-04,,True,False
MOCK07532,HTN_PCP_FOLLOWUP,2026-01-23,2026-05-15,True,True
MOCK07538,HTN_PCP_FOLLOWUP,2026-01-25,2026-02-22,True,True
MOCK07544,HTN_PCP_FOLLOWUP,2026-01-27,,True,True
MOCK07550,HTN_PCP_FOLLOWUP,2026-02-04,,True,False
MOCK07556,HTN_PCP_FOLLOWUP,2026-01-03,,True,True
MOCK07562,HTN_PCP_FOLLOWUP,2026-01-15,,True,True
MOCK07568,HTN_PCP_FOLLOWUP,2026-01-08,,True,True
MOCK07574,HTN_PCP_FOLLOWUP,2026-02-03,,True,False
MOCK07580,HTN_PCP_FOLLOWUP,2026-01-20,,True,False
MOCK07586,HTN_PCP_FOLLOWUP,2026-01-02,2026-04-11,True,True
MOCK07592,HTN_PCP_FOLLOWUP,2026-01-25,,True,True
MOCK07598,HTN_PCP_FOLLOWUP,2025-12-31,,True,True
MOCK07604,HTN_PCP_FOLLOWUP,2026-01-09,,True,False
MOCK07610,HTN_PCP_FOLLOWUP,2026-01-27,,True,False
MOCK07616,HTN_PCP_FOLLOWUP,2026-01-18,,True,False
MOCK07622,HTN_PCP_FOLLOWUP,2026-01-28,,True,False
MOCK07628,HTN_PCP_FOLLOWUP,2026-01-21,,True,True
MOCK07634,HTN_PCP_FOLLOWUP,2026-01-31,2026-02-18,True,True
MOCK07640,HTN_PCP_FOLLOWUP,2026-01-20,,True,True
MOCK07646,HTN_PCP_FOLLOWUP,2026-01-01,,True,False
MOCK07652,HTN_PCP_FOLLOWUP,2026-01-01,,True,True
MOCK07658,HTN_PCP_FOLLOWUP,2026-01-29,,True,False
MOCK07664,HTN_PCP_FOLLOWUP,2025-12-31,,True,True
MOCK07670,HTN_PCP_FOLLOWUP,2026-01-13,,True,False
MOCK07676,HTN_PCP_FOLLOWUP,2025-12-30,2026-05-13,True,True
MOCK07682,HTN_PCP_FOLLOWUP,2026-01-10,2026-02-20,True,True
MOCK07688,HTN_PCP_FOLLOWUP,2026-01-22,,True,False
MOCK07694,HTN_PCP_FOLLOWUP,2026-01-05,,True,True
MOCK07700,HTN_PCP_FOLLOWUP,2026-01-17,2026-04-12,True,True
MOCK07706,HTN_PCP_FOLLOWUP,2026-02-06,,True,True
MOCK07712,HTN_PCP_FOLLOWUP,2026-01-01,,True,False
MOCK07718,HTN_PCP_FOLLOWUP,2026-01-01,,True,True
MOCK07724,HTN_PCP_FOLLOWUP,2026-01-09,2026-04-25,True,False
MOCK07730,HTN_PCP_FOLLOWUP,2026-01-31,,True,False
MOCK07736,HTN_PCP_FOLLOWUP,2026-01-14,,True,False
MOCK07742,HTN_PCP_FOLLOWUP,2026-01-23,2026-02-22,True,True
MOCK07748,HTN_PCP_FOLLOWUP,2025-12-31,,True,False
MOCK07754,HTN_PCP_FOLLOWUP,2026-01-27,,True,True
MOCK07760,HTN_PCP_FOLLOWUP,2026-01-01,,True,False
MOCK07766,HTN_PCP_FOLLOWUP,2026-01-26,,True,False
MOCK07772,HTN_PCP_FOLLOWUP,2026-01-04,,True,True
MOCK07778,HTN_PCP_FOLLOWUP,2026-02-01,,True,True
MOCK07784,HTN_PCP_FOLLOWUP,2026-01-10,2026-05-26,True,False
MOCK07790,HTN_PCP_FOLLOWUP,2026-01-06,2026-02-21,True,False
MOCK07796,HTN_PCP_FOLLOWUP,2026-01-12,,True,False
MOCK07802,HTN_PCP_FOLLOWUP,2025-12-30,2026-03-12,True,False
MOCK07808,HTN_PCP_FOLLOWUP,2026-01-05,2026-03-07,True,False
MOCK07814,HTN_PCP_FOLLOWUP,2026-01-22,,True,False
MOCK07820,HTN_PCP_FOLLOWUP,2026-01-10,2026-04-14,True,False
MOCK07826,HTN_PCP_FOLLOWUP,2026-01-12,2026-04-19,True,True
MOCK07832,HTN_PCP_FOLLOWUP,2026-01-30,,True,False
MOCK07838,HTN_PCP_FOLLOWUP,2026-01-03,2026-04-14,True,False
MOCK07844,HTN_PCP_FOLLOWUP,2026-01-14,,True,True
MOCK07850,HTN_PCP_FOLLOWUP,2026-01-06,2026-05-22,True,True
MOCK07856,HTN_PCP_FOLLOWUP,2026-01-17,,True,True
MOCK07862,HTN_PCP_FOLLOWUP,2026-01-11,2026-03-14,True,True
MOCK07868,HTN_PCP_FOLLOWUP,2025-12-31,2026-04-21,True,False
MOCK07874,HTN_PCP_FOLLOWUP,2026-01-01,2026-03-01,True,True
MOCK07880,HTN_PCP_FOLLOWUP,2026-02-01,,True,False
MOCK07886,HTN_PCP_FOLLOWUP,2026-01-01,2026-03-13,True,True
MOCK07892,HTN_PCP_FOLLOWUP,2026-01-29,2026-03-06,True,False
MOCK07898,HTN_PCP_FOLLOWUP,2026-02-03,2026-04-02,True,False
MOCK07904,HTN_PCP_FOLLOWUP,2026-01-17,,True,False
MOCK07910,HTN_PCP_FOLLOWUP,2026-01-11,,True,False
MOCK07916,HTN_PCP_FOLLOWUP,2026-01-29,2026-02-14,True,True
MOCK07922,HTN_PCP_FOLLOWUP,2026-02-06,2026-04-27,True,False
MOCK07928,HTN_PCP_FOLLOWUP,2026-01-03,2026-04-06,True,False
MOCK07934,HTN_PCP_FOLLOWUP,2026-02-05,,True,True
MOCK07940,HTN_PCP_FOLLOWUP,2026-02-04,,True,False
MOCK07946,HTN_PCP_FOLLOWUP,2026-01-04,2026-04-30,True,True
MOCK07952,HTN_PCP_FOLLOWUP,2026-01-01,,True,False
MOCK07958,HTN_PCP_FOLLOWUP,2026-01-26,2026-04-06,True,True
MOCK07964,HTN_PCP_FOLLOWUP,2026-01-02,2026-05-06,True,False
MOCK07970,HTN_PCP_FOLLOWUP,2026-01-22,,True,True
MOCK07976,HTN_PCP_FOLLOWUP,2026-01-01,,True,True
MOCK07982,HTN_PCP_FOLLOWUP,2026-01-25,,True,False
MOCK07988,HTN_PCP_FOLLOWUP,2026-01-08,,True,False
MOCK07994,HTN_PCP_FOLLOWUP,2026-01-02,,True,True
MOCK08000,HTN_PCP_FOLLOWUP,2026-01-01,2026-04-28,True,False
MOCK08006,HTN_PCP_FOLLOWUP,2026-01-06,,True,False
MOCK08012,HTN_PCP_FOLLOWUP,2026-01-20,2026-03-26,True,False
MOCK08018,HTN_PCP_FOLLOWUP,2026-01-01,,True,True
MOCK08024,HTN_PCP_FOLLOWUP,2026-01-30,,True,False
MOCK08030,HTN_PCP_FOLLOWUP,2026-01-22,,True,False
MOCK08036,HTN_PCP_FOLLOWUP,2026-01-10,,True,True
MOCK08042,HTN_PCP_FOLLOWUP,2026-02-06,,True,True
MOCK08048,HTN_PCP_FOLLOWUP,2026-01-24,,True,False
MOCK08054,HTN_PCP_FOLLOWUP,2026-01-25,,True,True
MOCK08060,HTN_PCP_FOLLOWUP,2026-01-05,,True,True
MOCK08066,HTN_PCP_FOLLOWUP,2026-01-26,,True,True
MOCK08072,HTN_PCP_FOLLOWUP,2026-01-20,,True,False
MOCK08078,HTN_PCP_FOLLOWUP,2026-02-06,2026-03-01,True,False
MOCK08084,HTN_PCP_FOLLOWUP,2026-01-17,,True,False
MOCK08090,HTN_PCP_FOLLOWUP,2026-01-25,2026-03-19,True,False
MOCK08096,HTN_PCP_FOLLOWUP,2026-01-12,2026-02-24,True,True
MOCK08102,HTN_PCP_FOLLOWUP,2025-12-31,2026-04-23,True,True
MOCK08108,HTN_PCP_FOLLOWUP,2026-01-03,,True,True
MOCK08114,HTN_PCP_FOLLOWUP,2026-02-01,,True,True
MOCK08120,HTN_PCP_FOLLOWUP,2026-01-27,2026-03-04,True,True
MOCK08126,HTN_PCP_FOLLOWUP,2026-01-13,,True,False
MOCK08132,HTN_PCP_FOLLOWUP,2026-01-26,,True,True
MOCK08138,HTN_PCP_FOLLOWUP,2025-12-30,,True,True
MOCK08144,HTN_PCP_FOLLOWUP,2025-12-31,,True,True
MOCK08150,HTN_PCP_FOLLOWUP,2026-01-18,,True,True
MOCK08156,HTN_PCP_FOLLOWUP,2026-01-23,,True,True
MOCK08162,HTN_PCP_FOLLOWUP,2026-02-04,,True,True
MOCK08168,HTN_PCP_FOLLOWUP,2026-01-28,,True,True
MOCK08174,HTN_PCP_FOLLOWUP,2026-01-09,,True,False
MOCK08180,HTN_PCP_FOLLOWUP,2026-01-30,,True,False
MOCK08186,HTN_PCP_FOLLOWUP,2026-01-18,,True,False
MOCK08192,HTN_PCP_FOLLOWUP,2026-01-31,,True,False
MOCK08198,HTN_PCP_FOLLOWUP,2026-01-05,,True,False
MOCK08204,HTN_PCP_FOLLOWUP,2025-12-31,,True,False
MOCK08210,HTN_PCP_FOLLOWUP,2026-01-01,,True,False
MOCK08216,HTN_PCP_FOLLOWUP,2026-02-06,,True,False
MOCK08222,HTN_PCP_FOLLOWUP,2026-01-02,,True,True
MOCK08228,HTN_PCP_FOLLOWUP,2026-02-04,,True,True
MOCK08234,HTN_PCP_FOLLOWUP,2026-01-27,,True,True
MOCK08240,HTN_PCP_FOLLOWUP,2026-01-04,,True,True
MOCK08246,HTN_PCP_FOLLOWUP,2026-02-01,,True,False
MOCK08252,HTN_PCP_FOLLOWUP,2026-01-04,,True,True
MOCK08258,HTN_PCP_FOLLOWUP,2026-01-04,,True,False
MOCK08264,HTN_PCP_FOLLOWUP,2026-01-21,,True,False
MOCK08270,HTN_PCP_FOLLOWUP,2026-01-10,2026-03-03,True,False
MOCK08276,HTN_PCP_FOLLOWUP,2026-01-10,,True,True
MOCK08282,HTN_PCP_FOLLOWUP,2026-01-06,,True,True
MOCK08288,HTN_PCP_FOLLOWUP,2026-01-22,2026-04-15,True,True
MOCK08294,HTN_PCP_FOLLOWUP,2025-12-31,,True,False
MOCK08300,HTN_PCP_FOLLOWUP,2026-01-08,,True,False
MOCK08306,HTN_PCP_FOLLOWUP,2026-01-20,,True,False
MOCK08312,HTN_PCP_FOLLOWUP,2026-01-17,2026-04-21,True,False
MOCK08318,HTN_PCP_FOLLOWUP,2026-01-26,,True,False
MOCK08324,HTN_PCP_FOLLOWUP,2026-01-07,,True,False
MOCK08330,HTN_PCP_FOLLOWUP,2026-01-24,,True,True
MOCK08336,HTN_PCP_FOLLOWUP,2026-01-28,2026-03-17,True,True
MOCK08342,HTN_PCP_FOLLOWUP,2026-01-14,,True,True
MOCK08348,HTN_PCP_FOLLOWUP,2026-01-09,,True,False
MOCK08354,HTN_PCP_FOLLOWUP,2026-01-20,,True,False
MOCK08360,HTN_PCP_FOLLOWUP,2026-01-21,,True,False
MOCK08366,HTN_PCP_FOLLOWUP,2026-01-02,,True,False
MOCK08372,HTN_PCP_FOLLOWUP,2026-01-21,,True,False
MOCK08378,HTN_PCP_FOLLOWUP,2026-01-05,,True,True
MOCK08384,HTN_PCP_FOLLOWUP,2026-01-21,,True,True
MOCK08390,HTN_PCP_FOLLOWUP,2026-02-04,,True,False
MOCK08396,HTN_PCP_FOLLOWUP,2026-01-19,,True,False
MOCK08402,HTN_PCP_FOLLOWUP,2026-01-28,,True,False
MOCK08408,HTN_PCP_FOLLOWUP,2026-01-11,,True,True
MOCK08414,HTN_PCP_FOLLOWUP,2026-02-03,,True,False
MOCK08420,HTN_PCP_FOLLOWUP,2026-01-30,,True,False
MOCK08426,HTN_PCP_FOLLOWUP,2026-02-03,,True,False
MOCK08432,HTN_PCP_FOLLOWUP,2026-01-27,,True,True
MOCK08438,HTN_PCP_FOLLOWUP,2026-01-24,,True,False
MOCK08444,HTN_PCP_FOLLOWUP,2026-01-19,,True,False
MOCK08450,HTN_PCP_FOLLOWUP,2026-02-04,2026-03-11,True,False
MOCK08456,HTN_PCP_FOLLOWUP,2026-02-01,,True,False
MOCK08462,HTN_PCP_FOLLOWUP,2026-01-15,,True,False
MOCK08468,HTN_PCP_FOLLOWUP,2026-01-02,,True,False
MOCK08474,HTN_PCP_FOLLOWUP,2025-12-30,2026-02-20,True,False
MOCK08480,HTN_PCP_FOLLOWUP,2026-01-08,,True,True
MOCK08486,HTN_PCP_FOLLOWUP,2026-01-01,,True,True
MOCK08492,HTN_PCP_FOLLOWUP,2026-01-07,2026-04-28,True,True
MOCK08498,HTN_PCP_FOLLOWUP,2026-01-03,2026-04-15,True,False
MOCK08504,HTN_PCP_FOLLOWUP,2026-02-06,,True,True
MOCK08510,HTN_PCP_FOLLOWUP,2026-01-02,2026-05-11,True,True
MOCK08516,HTN_PCP_FOLLOWUP,2026-01-23,,True,False
MOCK08522,HTN_PCP_FOLLOWUP,2026-01-12,,True,False
MOCK08528,HTN_PCP_FOLLOWUP,2026-01-05,,True,True
MOCK08534,HTN_PCP_FOLLOWUP,2026-01-26,2026-03-15,True,True
MOCK08540,HTN_PCP_FOLLOWUP,2026-02-05,2026-02-15,True,False
MOCK08546,HTN_PCP_FOLLOWUP,2026-01-29,,True,True
MOCK08552,HTN_PCP_FOLLOWUP,2026-02-06,,True,False
MOCK08558,HTN_PCP_FOLLOWUP,2026-01-22,,True,False
MOCK08564,HTN_PCP_FOLLOWUP,2026-01-25,,True,True
MOCK08570,HTN_PCP_FOLLOWUP,2026-01-04,,True,False
MOCK08576,HTN_PCP_FOLLOWUP,2026-02-01,,True,True
MOCK08582,HTN_PCP_FOLLOWUP,2026-01-28,2026-02-23,True,False
MOCK08588,HTN_PCP_FOLLOWUP,2026-01-08,,True,True
MOCK08594,HTN_PCP_FOLLOWUP,2026-01-12,,True,True
MOCK08600,HTN_PCP_FOLLOWUP,2026-01-22,,True,True
MOCK08606,HTN_PCP_FOLLOWUP,2025-12-30,,True,False
MOCK08612,HTN_PCP_FOLLOWUP,2026-01-30,2026-05-02,True,True
MOCK08618,HTN_PCP_FOLLOWUP,2026-01-09,,True,True
MOCK08624,HTN_PCP_FOLLOWUP,2026-01-01,,True,True
MOCK08630,HTN_PCP_FOLLOWUP,2026-01-11,2026-03-29,True,False
MOCK08636,HTN_PCP_FOLLOWUP,2026-01-31,,True,True
MOCK08642,HTN_PCP_FOLLOWUP,2026-01-09,,True,False
MOCK08648,HTN_PCP_FOLLOWUP,2026-01-20,,True,False
MOCK08654,HTN_PCP_FOLLOWUP,2026-01-30,,True,False
MOCK08660,HTN_PCP_FOLLOWUP,2025-12-31,,True,False
MOCK08666,HTN_PCP_FOLLOWUP,2026-01-28,2026-05-19,True,True
MOCK08672,HTN_PCP_FOLLOWUP,2026-01-10,,True,False
MOCK08678,HTN_PCP_FOLLOWUP,2026-01-26,,True,False
MOCK08684,HTN_PCP_FOLLOWUP,2026-01-06,2026-02-14,True,True
MOCK08690,HTN_PCP_FOLLOWUP,2026-01-04,,True,False
MOCK08696,HTN_PCP_FOLLOWUP,2026-01-29,,True,True
MOCK08702,HTN_PCP_FOLLOWUP,2026-01-30,2026-02-19,True,False
MOCK08708,HTN_PCP_FOLLOWUP,2026-02-06,,True,False
MOCK08714,HTN_PCP_FOLLOWUP,2026-01-25,2026-03-22,True,False
MOCK08720,HTN_PCP_FOLLOWUP,2026-01-17,,True,True
MOCK08726,HTN_PCP_FOLLOWUP,2026-01-06,,True,False
MOCK08732,HTN_PCP_FOLLOWUP,2026-01-10,,True,False
MOCK08738,HTN_PCP_FOLLOWUP,2026-01-24,,True,True
MOCK08744,HTN_PCP_FOLLOWUP,2026-01-12,,True,False
MOCK08750,HTN_PCP_FOLLOWUP,2026-01-17,,True,False
MOCK08756,HTN_PCP_FOLLOWUP,2026-01-05,2026-03-10,True,False
MOCK08762,HTN_PCP_FOLLOWUP,2026-01-16,,True,False
MOCK08768,HTN_PCP_FOLLOWUP,2026-01-08,,True,True
MOCK08774,HTN_PCP_FOLLOWUP,2026-01-03,,True,True
MOCK08780,HTN_PCP_FOLLOWUP,2026-01-04,,True,True
MOCK08786,HTN_PCP_FOLLOWUP,2026-01-19,,True,True
MOCK08792,HTN_PCP_FOLLOWUP,2026-01-13,,True,False
MOCK08798,HTN_PCP_FOLLOWUP,2026-01-02,2026-02-21,True,False
MOCK08804,HTN_PCP_FOLLOWUP,2026-01-19,,True,True
MOCK08810,HTN_PCP_FOLLOWUP,2026-01-05,,True,False
MOCK08816,HTN_PCP_FOLLOWUP,2025-12-30,2026-03-18,True,True
MOCK08822,HTN_PCP_FOLLOWUP,2026-01-04,,True,True
MOCK08828,HTN_PCP_FOLLOWUP,2026-01-16,,True,False
MOCK08834,HTN_PCP_FOLLOWUP,2026-02-05,,True,False
MOCK08840,HTN_PCP_FOLLOWUP,2026-01-08,,True,True
MOCK08846,HTN_PCP_FOLLOWUP,2026-01-10,,True,False
MOCK08852,HTN_PCP_FOLLOWUP,2026-01-08,,True,False
MOCK08858,HTN_PCP_FOLLOWUP,2026-01-12,,True,True
MOCK08864,HTN_PCP_FOLLOWUP,2026-01-26,,True,False
MOCK08870,HTN_PCP_FOLLOWUP,2026-01-11,,True,False
MOCK08876,HTN_PCP_FOLLOWUP,2026-01-24,2026-05-12,True,True
MOCK08882,HTN_PCP_FOLLOWUP,2026-02-03,2026-03-25,True,False
MOCK08888,HTN_PCP_FOLLOWUP,2026-02-04,,True,False
MOCK08894,HTN_PCP_FOLLOWUP,2026-01-20,2026-05-04,True,False
MOCK08900,HTN_PCP_FOLLOWUP,2026-01-26,2026-04-23,True,False
MOCK08906,HTN_PCP_FOLLOWUP,2026-02-03,,True,False
MOCK08912,HTN_PCP_FOLLOWUP,2026-01-29,,True,True
MOCK08918,HTN_PCP_FOLLOWUP,2026-01-10,,True,True
MOCK08924,HTN_PCP_FOLLOWUP,2026-01-04,2026-02-17,True,True
MOCK08930,HTN_PCP_FOLLOWUP,2026-01-03,,True,True
MOCK08936,HTN_PCP_FOLLOWUP,2026-02-02,,True,True
MOCK08942,HTN_PCP_FOLLOWUP,2026-01-20,2026-05-01,True,False
MOCK08948,HTN_PCP_FOLLOWUP,2026-01-10,,True,True
MOCK08954,HTN_PCP_FOLLOWUP,2026-01-12,,True,True
MOCK08960,HTN_PCP_FOLLOWUP,2026-01-09,,True,False
MOCK08966,HTN_PCP_FOLLOWUP,2026-01-30,,True,True
MOCK08972,HTN_PCP_FOLLOWUP,2026-01-22,2026-03-17,True,False
MOCK08978,HTN_PCP_FOLLOWUP,2026-02-02,,True,False
MOCK08984,HTN_PCP_FOLLOWUP,2026-01-10,,True,True
MOCK08990,HTN_PCP_FOLLOWUP,2026-01-17,,True,True
MOCK08996,HTN_PCP_FOLLOWUP,2026-01-03,2026-02-24,True,False
MOCK09002,HTN_PCP_FOLLOWUP,2026-02-05,,True,True
MOCK09008,HTN_PCP_FOLLOWUP,2026-01-18,2026-05-13,True,False
MOCK09014,HTN_PCP_FOLLOWUP,2026-01-20,,True,False
MOCK09020,HTN_PCP_FOLLOWUP,2026-01-15,2026-03-06,True,False
MOCK09026,HTN_PCP_FOLLOWUP,2026-01-09,2026-04-08,True,True
MOCK09032,HTN_PCP_FOLLOWUP,2026-02-04,,True,False
MOCK09038,HTN_PCP_FOLLOWUP,2026-01-18,,True,True
MOCK09044,HTN_PCP_FOLLOWUP,2026-01-25,,True,False
MOCK09050,HTN_PCP_FOLLOWUP,2025-12-31,,True,False
MOCK09056,HTN_PCP_FOLLOWUP,2026-01-09,,True,True
MOCK09062,HTN_PCP_FOLLOWUP,2026-01-30,2026-05-09,True,True
MOCK09068,HTN_PCP_FOLLOWUP,2026-01-02,,True,True
MOCK09074,HTN_PCP_FOLLOWUP,2026-01-02,,True,False
MOCK09080,HTN_PCP_FOLLOWUP,2026-01-30,,True,True
MOCK09086,HTN_PCP_FOLLOWUP,2026-01-11,2026-05-11,True,False
MOCK09092,HTN_PCP_FOLLOWUP,2026-01-09,,True,False
MOCK09098,HTN_PCP_FOLLOWUP,2026-01-21,2026-03-09,True,False
MOCK09104,HTN_PCP_FOLLOWUP,2026-01-06,,True,False
MOCK09110,HTN_PCP_FOLLOWUP,2025-12-31,,True,True
MOCK09116,HTN_PCP_FOLLOWUP,2025-12-30,2026-05-17,True,True
MOCK09122,HTN_PCP_FOLLOWUP,2026-01-02,,True,False
MOCK09128,HTN_PCP_FOLLOWUP,2026-01-05,,True,True
MOCK09134,HTN_PCP_FOLLOWUP,2026-01-26,,True,False
MOCK09140,HTN_PCP_FOLLOWUP,2026-01-10,,True,False
MOCK09146,HTN_PCP_FOLLOWUP,2026-01-01,2026-05-06,True,True
MOCK09152,HTN_PCP_FOLLOWUP,2025-12-30,2026-05-16,True,False
MOCK09158,HTN_PCP_FOLLOWUP,2026-01-17,,True,True
MOCK09164,HTN_PCP_FOLLOWUP,2026-01-31,2026-04-21,True,False
MOCK09170,HTN_PCP_FOLLOWUP,2026-01-12,,True,False
MOCK09176,HTN_PCP_FOLLOWUP,2026-01-01,,True,False
MOCK09182,HTN_PCP_FOLLOWUP,2026-01-07,,True,False
MOCK09188,HTN_PCP_FOLLOWUP,2026-01-18,,True,True
MOCK09194,HTN_PCP_FOLLOWUP,2026-01-06,,True,False
MOCK09200,HTN_PCP_FOLLOWUP,2026-02-06,,True,True
MOCK09206,HTN_PCP_FOLLOWUP,2026-01-28,,True,False
MOCK09212,HTN_PCP_FOLLOWUP,2026-01-12,2026-04-03,True,True
MOCK09218,HTN_PCP_FOLLOWUP,2026-02-05,,True,True
MOCK09224,HTN_PCP_FOLLOWUP,2026-01-11,,True,True
MOCK09230,HTN_PCP_FOLLOWUP,2026-01-04,2026-04-21,True,True
MOCK09236,HTN_PCP_FOLLOWUP,2026-02-04,2026-05-05,True,True
MOCK09242,HTN_PCP_FOLLOWUP,2026-02-05,2026-05-05,True,True
MOCK09248,HTN_PCP_FOLLOWUP,2026-01-11,,True,False
MOCK09254,HTN_PCP_FOLLOWUP,2026-01-22,,True,False
MOCK09260,HTN_PCP_FOLLOWUP,2026-01-05,,True,True
MOCK09266,HTN_PCP_FOLLOWUP,2026-01-24,,True,False
MOCK09272,HTN_PCP_FOLLOWUP,2026-01-25,,True,True
MOCK09278,HTN_PCP_FOLLOWUP,2026-01-26,,True,False
MOCK09284,HTN_PCP_FOLLOWUP,2026-01-21,2026-04-01,True,True
MOCK09290,HTN_PCP_FOLLOWUP,2026-01-26,,True,False
MOCK09296,HTN_PCP_FOLLOWUP,2026-01-20,,True,True
MOCK09302,HTN_PCP_FOLLOWUP,2026-01-30,,True,True
MOCK09308,HTN_PCP_FOLLOWUP,2026-01-06,2026-04-21,True,False
MOCK09314,HTN_PCP_FOLLOWUP,2026-01-17,,True,False
MOCK09320,HTN_PCP_FOLLOWUP,2026-01-15,,True,False
MOCK09326,HTN_PCP_FOLLOWUP,2026-01-19,2026-05-12,True,True
MOCK09332,HTN_PCP_FOLLOWUP,2026-01-04,,True,False
MOCK09338,HTN_PCP_FOLLOWUP,2026-01-11,2026-03-20,True,False
MOCK09344,HTN_PCP_FOLLOWUP,2026-02-05,,True,True
MOCK09350,HTN_PCP_FOLLOWUP,2026-01-03,2026-04-20,True,True
MOCK09356,HTN_PCP_FOLLOWUP,2026-01-23,2026-05-23,True,True
MOCK09362,HTN_PCP_FOLLOWUP,2026-01-24,,True,True
MOCK09368,HTN_PCP_FOLLOWUP,2026-01-17,,True,True
MOCK09374,HTN_PCP_FOLLOWUP,2025-12-31,,True,True
MOCK09380,HTN_PCP_FOLLOWUP,2025-12-31,,True,False
MOCK09386,HTN_PCP_FOLLOWUP,2026-01-09,,True,False
MOCK09392,HTN_PCP_FOLLOWUP,2026-01-02,,True,False
MOCK09398,HTN_PCP_FOLLOWUP,2026-01-02,2026-04-20,True,False
MOCK09404,HTN_PCP_FOLLOWUP,2026-01-05,,True,True
MOCK09410,HTN_PCP_FOLLOWUP,2026-01-06,,True,False
MOCK09416,HTN_PCP_FOLLOWUP,2026-01-31,,True,False
MOCK09422,HTN_PCP_FOLLOWUP,2026-01-23,,True,False
MOCK09428,HTN_PCP_FOLLOWUP,2025-12-31,,True,True
MOCK09434,HTN_PCP_FOLLOWUP,2026-01-23,,True,False
MOCK09440,HTN_PCP_FOLLOWUP,2026-01-04,,True,False
MOCK09446,HTN_PCP_FOLLOWUP,2026-01-15,,True,False
MOCK09452,HTN_PCP_FOLLOWUP,2025-12-31,,True,False
MOCK09458,HTN_PCP_FOLLOWUP,2026-01-02,2026-03-15,True,False
MOCK09464,HTN_PCP_FOLLOWUP,2026-01-04,2026-04-26,True,False
MOCK09470,HTN_PCP_FOLLOWUP,2026-01-15,2026-03-03,True,False
MOCK09476,HTN_PCP_FOLLOWUP,2026-01-17,2026-03-05,True,False
MOCK09482,HTN_PCP_FOLLOWUP,2026-01-12,2026-03-24,True,False
MOCK09488,HTN_PCP_FOLLOWUP,2026-01-23,2026-04-07,True,True
MOCK09494,HTN_PCP_FOLLOWUP,2026-01-27,2026-05-08,True,False
MOCK09500,HTN_PCP_FOLLOWUP,2026-01-27,,True,True
MOCK09506,HTN_PCP_FOLLOWUP,2026-01-21,2026-04-11,True,True
MOCK09512,HTN_PCP_FOLLOWUP,2026-01-20,,True,True
MOCK09518,HTN_PCP_FOLLOWUP,2026-01-18,,True,False
MOCK09524,HTN_PCP_FOLLOWUP,2026-01-08,,True,True
MOCK09530,HTN_PCP_FOLLOWUP,2026-01-17,,True,True
MOCK09536,HTN_PCP_FOLLOWUP,2025-12-30,2026-02-25,True,True
MOCK09542,HTN_PCP_FOLLOWUP,2026-02-05,,True,False
MOCK09548,HTN_PCP_FOLLOWUP,2026-01-13,,True,False
MOCK09554,HTN_PCP_FOLLOWUP,2026-01-28,,True,False
MOCK09560,HTN_PCP_FOLLOWUP,2026-02-05,,True,True
MOCK09566,HTN_PCP_FOLLOWUP,2026-01-18,,True,True
MOCK09572,HTN_PCP_FOLLOWUP,2026-02-01,,True,False
MOCK09578,HTN_PCP_FOLLOWUP,2026-01-17,,True,True
MOCK09584,HTN_PCP_FOLLOWUP,2026-01-04,,True,False
MOCK09590,HTN_PCP_FOLLOWUP,2025-12-31,,True,False
MOCK09596,HTN_PCP_FOLLOWUP,2026-01-04,2026-03-22,True,False
MOCK09602,HTN_PCP_FOLLOWUP,2026-02-04,,True,True
MOCK09608,HTN_PCP_FOLLOWUP,2026-01-17,,True,True
MOCK09614,HTN_PCP_FOLLOWUP,2026-01-11,2026-05-23,True,False
MOCK09620,HTN_PCP_FOLLOWUP,2026-01-16,2026-04-21,True,True
MOCK09626,HTN_PCP_FOLLOWUP,2026-01-08,,True,False
MOCK09632,HTN_PCP_FOLLOWUP,2026-02-01,,True,False
MOCK09638,HTN_PCP_FOLLOWUP,2026-02-06,,True,True
MOCK09644,HTN_PCP_FOLLOWUP,2026-01-02,2026-02-17,True,True
MOCK09650,HTN_PCP_FOLLOWUP,2026-01-27,,True,False
MOCK09656,HTN_PCP_FOLLOWUP,2026-01-12,,True,True
MOCK09662,HTN_PCP_FOLLOWUP,2025-12-31,,True,False
MOCK09668,HTN_PCP_FOLLOWUP,2026-02-03,,True,False
MOCK09674,HTN_PCP_FOLLOWUP,2026-01-01,,True,False
MOCK09680,HTN_PCP_FOLLOWUP,2026-01-07,2026-04-16,True,True
MOCK09686,HTN_PCP_FOLLOWUP,2025-12-30,,True,True
MOCK09692,HTN_PCP_FOLLOWUP,2026-01-17,,True,False
MOCK09698,HTN_PCP_FOLLOWUP,2026-01-22,,True,False
MOCK09704,HTN_PCP_FOLLOWUP,2026-01-11,,True,False
MOCK09710,HTN_PCP_FOLLOWUP,2026-01-01,,True,False
MOCK09716,HTN_PCP_FOLLOWUP,2026-01-03,2026-04-24,True,False
MOCK09722,HTN_PCP_FOLLOWUP,2026-02-04,,True,True
MOCK09728,HTN_PCP_FOLLOWUP,2026-01-30,,True,True
MOCK09734,HTN_PCP_FOLLOWUP,2026-02-04,,True,False
MOCK09740,HTN_PCP_FOLLOWUP,2026-01-19,,True,True
MOCK09746,HTN_PCP_FOLLOWUP,2026-01-20,,True,False
MOCK09752,HTN_PCP_FOLLOWUP,2026-01-29,,True,True
MOCK09758,HTN_PCP_FOLLOWUP,2026-01-23,,True,True
MOCK09764,HTN_PCP_FOLLOWUP,2026-01-16,,True,True
MOCK09770,HTN_PCP_FOLLOWUP,2026-01-10,2026-04-29,True,False
MOCK09776,HTN_PCP_FOLLOWUP,2026-01-17,,True,False
MOCK09782,HTN_PCP_FOLLOWUP,2026-01-01,,True,True
MOCK09788,HTN_PCP_FOLLOWUP,2026-01-06,,True,True
MOCK09794,HTN_PCP_FOLLOWUP,2026-01-27,,True,True
MOCK09800,HTN_PCP_FOLLOWUP,2026-02-01,2026-04-01,True,True
MOCK09806,HTN_PCP_FOLLOWUP,2026-01-02,,True,False
MOCK09812,HTN_PCP_FOLLOWUP,2026-01-02,,True,True
MOCK09818,HTN_PCP_FOLLOWUP,2026-01-02,2026-02-22,True,True
MOCK09824,HTN_PCP_FOLLOWUP,2026-01-29,,True,True
MOCK09830,HTN_PCP_FOLLOWUP,2026-01-11,2026-03-19,True,False
MOCK09836,HTN_PCP_FOLLOWUP,2026-01-11,2026-03-08,True,False
MOCK09842,HTN_PCP_FOLLOWUP,2025-12-30,,True,False
MOCK09848,HTN_PCP_FOLLOWUP,2026-02-05,,True,False
MOCK09854,HTN_PCP_FOLLOWUP,2026-01-15,,True,False
MOCK09860,HTN_PCP_FOLLOWUP,2026-01-30,,True,False
MOCK09866,HTN_PCP_FOLLOWUP,2026-01-26,,True,False
MOCK09872,HTN_PCP_FOLLOWUP,2026-01-04,,True,False
MOCK09878,HTN_PCP_FOLLOWUP,2026-01-30,,True,True
MOCK09884,HTN_PCP_FOLLOWUP,2026-01-20,2026-04-29,True,False
MOCK09890,HTN_PCP_FOLLOWUP,2026-01-22,,True,False
MOCK09896,HTN_PCP_FOLLOWUP,2026-01-06,,True,False
MOCK09902,HTN_PCP_FOLLOWUP,2026-02-01,,True,True
MOCK09908,HTN_PCP_FOLLOWUP,2026-02-04,,True,True
MOCK09914,HTN_PCP_FOLLOWUP,2026-01-14,,True,False
MOCK09920,HTN_PCP_FOLLOWUP,2026-01-02,,True,True
MOCK09926,HTN_PCP_FOLLOWUP,2026-02-01,,True,True
MOCK09932,HTN_PCP_FOLLOWUP,2026-02-02,,True,True
MOCK09938,HTN_PCP_FOLLOWUP,2026-01-18,2026-05-13,True,False
MOCK09944,HTN_PCP_FOLLOWUP,2026-01-21,,True,False
MOCK09950,HTN_PCP_FOLLOWUP,2026-01-07,,True,False
MOCK09956,HTN_PCP_FOLLOWUP,2026-01-01,2026-03-17,True,False
MOCK09962,HTN_PCP_FOLLOWUP,2026-02-04,2026-05-15,True,False
MOCK09968,HTN_PCP_FOLLOWUP,2026-01-17,,True,True
MOCK09974,HTN_PCP_FOLLOWUP,2026-01-09,,True,True
MOCK09980,HTN_PCP_FOLLOWUP,2026-01-26,,True,True
MOCK09986,HTN_PCP_FOLLOWUP,2025-12-31,,True,False
MOCK09992,HTN_PCP_FOLLOWUP,2026-01-02,,True,True
MOCK09998,HTN_PCP_FOLLOWUP,2026-01-08,,True,True
MOCK00003,COPD_SPIROMETRY,2025-07-17,,True,False
MOCK00009,COPD_SPIROMETRY,2025-07-14,2026-04-06,True,False
MOCK00015,COPD_SPIROMETRY,2025-07-07,2026-02-02,True,True
MOCK00021,COPD_SPIROMETRY,2025-07-13,,True,False
MOCK00027,COPD_SPIROMETRY,2025-07-13,,True,False
MOCK00033,COPD_SPIROMETRY,2025-07-20,2026-03-22,True,False
MOCK00039,COPD_SPIROMETRY,2025-07-21,,True,False
MOCK00045,COPD_SPIROMETRY,2025-08-03,2026-03-15,True,True
MOCK00051,COPD_SPIROMETRY,2025-07-31,2026-04-24,True,True
MOCK00057,COPD_SPIROMETRY,2025-07-11,,True,True
MOCK00063,COPD_SPIROMETRY,2025-08-04,2025-10-30,True,False
MOCK00069,COPD_SPIROMETRY,2025-07-20,,True,False
MOCK00075,COPD_SPIROMETRY,2025-07-07,,True,False
MOCK00081,COPD_SPIROMETRY,2025-07-13,,True,False
MOCK00087,COPD_SPIROMETRY,2025-07-28,2026-05-26,True,True
MOCK00093,COPD_SPIROMETRY,2025-08-01,2025-12-05,True,True
MOCK00099,COPD_SPIROMETRY,2025-07-14,,True,True
MOCK00105,COPD_SPIROMETRY,2025-07-06,,True,True
MOCK00111,COPD_SPIROMETRY,2025-07-07,,True,False
MOCK00117,COPD_SPIROMETRY,2025-07-04,2026-03-21,True,False
MOCK00123,COPD_SPIROMETRY,2025-07-27,2025-12-17,True,True
MOCK00129,COPD_SPIROMETRY,2025-07-19,2026-02-07,True,False
MOCK00135,COPD_SPIROMETRY,2025-07-17,2025-12-29,True,True
MOCK00141,COPD_SPIROMETRY,2025-07-26,2026-05-13,True,False
MOCK00147,COPD_SPIROMETRY,2025-08-01,,True,True
MOCK00153,COPD_SPIROMETRY,2025-07-31,,True,False
MOCK00159,COPD_SPIROMETRY,2025-07-05,2026-03-16,True,True
MOCK00165,COPD_SPIROMETRY,2025-07-22,,True,True
MOCK00171,COPD_SPIROMETRY,2025-08-03,2025-12-17,True,False
MOCK00177,COPD_SPIROMETRY,2025-07-30,2026-05-26,True,True
MOCK00183,COPD_SPIROMETRY,2025-07-12,,True,False
MOCK00189,COPD_SPIROMETRY,2025-07-15,2026-05-02,True,True
MOCK00195,COPD_SPIROMETRY,2025-08-03,2026-03-16,True,False
MOCK00201,COPD_SPIROMETRY,2025-07-01,2026-03-23,True,True
MOCK00207,COPD_SPIROMETRY,2025-07-20,2026-01-11,True,False
MOCK00213,COPD_SPIROMETRY,2025-07-04,,True,False
MOCK00219,COPD_SPIROMETRY,2025-08-03,,True,False
MOCK00225,COPD_SPIROMETRY,2025-07-01,,True,True
MOCK00231,COPD_SPIROMETRY,2025-06-30,,True,False
MOCK00237,COPD_SPIROMETRY,2025-07-12,2025-11-04,True,True
MOCK00243,COPD_SPIROMETRY,2025-07-07,2026-04-26,True,False
MOCK00249,COPD_SPIROMETRY,2025-07-19,,True,True
MOCK00255,COPD_SPIROMETRY,2025-07-11,2026-02-11,True,False
MOCK00261,COPD_SPIROMETRY,2025-07-13,2025-11-25,True,False
MOCK00267,COPD_SPIROMETRY,2025-07-22,2026-01-26,True,True
MOCK00273,COPD_SPIROMETRY,2025-07-21,2026-01-29,True,True
MOCK00279,COPD_SPIROMETRY,2025-08-05,,True,True
MOCK00285,COPD_SPIROMETRY,2025-07-18,,True,False
MOCK00291,COPD_SPIROMETRY,2025-07-22,2026-04-29,True,True
MOCK00297,COPD_SPIROMETRY,2025-07-26,,True,False
MOCK00303,COPD_SPIROMETRY,2025-07-06,,True,False
MOCK00309,COPD_SPIROMETRY,2025-07-26,,True,False
MOCK00315,COPD_SPIROMETRY,2025-08-02,2026-05-06,True,True
MOCK00321,COPD_SPIROMETRY,2025-07-12,,True,True
MOCK00327,COPD_SPIROMETRY,2025-07-06,,True,True
MOCK00333,COPD_SPIROMETRY,2025-07-13,2026-03-03,True,False
MOCK00339,COPD_SPIROMETRY,2025-07-10,,True,True
MOCK00345,COPD_SPIROMETRY,2025-07-22,2025-11-19,True,True
MOCK00351,COPD_SPIROMETRY,2025-08-02,2026-03-11,True,True
MOCK00357,COPD_SPIROMETRY,2025-07-23,,True,False
MOCK00363,COPD_SPIROMETRY,2025-07-04,,True,False
MOCK00369,COPD_SPIROMETRY,2025-07-12,2025-11-09,True,True
MOCK00375,COPD_SPIROMETRY,2025-07-26,2026-05-15,True,True
MOCK00381,COPD_SPIROMETRY,2025-07-12,,True,True
MOCK00387,COPD_SPIROMETRY,2025-07-22,,True,True
MOCK00393,COPD_SPIROMETRY,2025-07-27,2026-05-03,True,False
MOCK00399,COPD_SPIROMETRY,2025-07-12,2025-12-19,True,False
MOCK00405,COPD_SPIROMETRY,2025-07-25,2026-01-28,True,False
MOCK00411,COPD_SPIROMETRY,2025-07-15,2026-01-16,True,False
MOCK00417,COPD_SPIROMETRY,2025-07-05,,True,False
MOCK00423,COPD_SPIROMETRY,2025-07-14,2026-02-01,True,True
MOCK00429,COPD_SPIROMETRY,2025-07-17,2026-02-11,True,False
MOCK00435,COPD_SPIROMETRY,2025-06-30,,True,True
MOCK00441,COPD_SPIROMETRY,2025-08-03,,True,True
MOCK00447,COPD_SPIROMETRY,2025-07-20,2025-12-11,True,False
MOCK00453,COPD_SPIROMETRY,2025-07-01,2026-03-15,True,True
MOCK00459,COPD_SPIROMETRY,2025-08-02,,True,False
MOCK00465,COPD_SPIROMETRY,2025-08-02,2026-02-11,True,True
MOCK00471,COPD_SPIROMETRY,2025-06-30,2026-03-09,True,True
MOCK00477,COPD_SPIROMETRY,2025-07-06,,True,False
MOCK00483,COPD_SPIROMETRY,2025-07-14,2026-03-18,True,False
MOCK00489,COPD_SPIROMETRY,2025-07-19,,True,False
MOCK00495,COPD_SPIROMETRY,2025-07-28,,True,True
MOCK00501,COPD_SPIROMETRY,2025-07-16,2026-03-12,True,True
MOCK00507,COPD_SPIROMETRY,2025-07-23,2026-04-01,True,False
MOCK00513,COPD_SPIROMETRY,2025-06-30,2026-01-14,True,False
MOCK00519,COPD_SPIROMETRY,2025-07-25,2026-04-16,True,False
MOCK00525,COPD_SPIROMETRY,2025-08-04,2026-05-06,True,False
MOCK00531,COPD_SPIROMETRY,2025-07-20,2026-01-27,True,False
MOCK00537,COPD_SPIROMETRY,2025-07-17,,True,False
MOCK00543,COPD_SPIROMETRY,2025-07-11,2026-04-29,True,True
MOCK00549,COPD_SPIROMETRY,2025-08-06,2026-02-05,True,False
MOCK00555,COPD_SPIROMETRY,2025-07-01,2026-02-12,True,False
MOCK00561,COPD_SPIROMETRY,2025-07-11,,True,False
MOCK00567,COPD_SPIROMETRY,2025-07-05,2026-05-21,True,True
MOCK00573,COPD_SPIROMETRY,2025-08-02,2026-02-02,True,False
MOCK00579,COPD_SPIROMETRY,2025-07-18,,True,True
MOCK00585,COPD_SPIROMETRY,2025-08-04,2026-03-29,True,False
MOCK00591,COPD_SPIROMETRY,2025-07-25,2026-04-16,True,False
MOCK00597,COPD_SPIROMETRY,2025-07-21,,True,False
MOCK00603,COPD_SPIROMETRY,2025-07-20,2025-11-07,True,True
MOCK00609,COPD_SPIROMETRY,2025-07-07,,True,True
MOCK00615,COPD_SPIROMETRY,2025-07-21,,True,False
MOCK00621,COPD_SPIROMETRY,2025-07-26,2026-03-04,True,False
MOCK00627,COPD_SPIROMETRY,2025-08-06,,True,False
MOCK00633,COPD_SPIROMETRY,2025-07-21,2025-12-23,True,True
MOCK00639,COPD_SPIROMETRY,2025-08-05,2026-03-04,True,False
MOCK00645,COPD_SPIROMETRY,2025-08-05,2026-01-23,True,False
MOCK00651,COPD_SPIROMETRY,2025-07-20,2026-01-05,True,True
MOCK00657,COPD_SPIROMETRY,2025-07-17,2026-04-09,True,True
MOCK00663,COPD_SPIROMETRY,2025-07-05,2026-03-20,True,False
MOCK00669,COPD_SPIROMETRY,2025-07-10,,True,True
MOCK00675,COPD_SPIROMETRY,2025-08-03,2025-12-24,True,False
MOCK00681,COPD_SPIROMETRY,2025-07-05,,True,False
MOCK00687,COPD_SPIROMETRY,2025-07-15,2026-03-07,True,False
MOCK00693,COPD_SPIROMETRY,2025-07-27,,True,True
MOCK00699,COPD_SPIROMETRY,2025-07-09,2026-01-28,True,False
MOCK00705,COPD_SPIROMETRY,2025-08-06,2026-02-13,True,False
MOCK00711,COPD_SPIROMETRY,2025-07-25,,True,False
MOCK00717,COPD_SPIROMETRY,2025-07-01,2026-03-23,True,False
MOCK00723,COPD_SPIROMETRY,2025-07-09,2026-05-18,True,False
MOCK00729,COPD_SPIROMETRY,2025-07-28,2026-02-21,True,False
MOCK00735,COPD_SPIROMETRY,2025-08-02,2026-04-13,True,False
MOCK00741,COPD_SPIROMETRY,2025-08-05,2026-02-02,True,False
MOCK00747,COPD_SPIROMETRY,2025-08-02,,True,True
MOCK00753,COPD_SPIROMETRY,2025-07-02,2025-12-24,True,True
MOCK00759,COPD_SPIROMETRY,2025-07-28,2026-05-08,True,False
MOCK00765,COPD_SPIROMETRY,2025-07-04,2026-01-13,True,True
MOCK00771,COPD_SPIROMETRY,2025-07-02,2026-01-30,True,False
MOCK00777,COPD_SPIROMETRY,2025-07-26,,True,False
MOCK00783,COPD_SPIROMETRY,2025-07-18,2026-05-18,True,True
MOCK00789,COPD_SPIROMETRY,2025-07-25,,True,True
MOCK00795,COPD_SPIROMETRY,2025-08-02,2026-01-04,True,False
MOCK00801,COPD_SPIROMETRY,2025-07-02,,True,True
MOCK00807,COPD_SPIROMETRY,2025-07-20,,True,False
MOCK00813,COPD_SPIROMETRY,2025-08-01,2026-04-28,True,False
MOCK00819,COPD_SPIROMETRY,2025-07-17,,True,False
MOCK00825,COPD_SPIROMETRY,2025-07-20,2025-12-19,True,False
MOCK00831,COPD_SPIROMETRY,2025-07-19,2026-01-24,True,False
MOCK00837,COPD_SPIROMETRY,2025-08-04,2026-01-14,True,True
MOCK00843,COPD_SPIROMETRY,2025-07-01,2025-12-09,True,True
MOCK00849,COPD_SPIROMETRY,2025-08-03,2026-03-26,True,True
MOCK00855,COPD_SPIROMETRY,2025-07-31,,True,False
MOCK00861,COPD_SPIROMETRY,2025-07-31,2025-11-07,True,True
MOCK00867,COPD_SPIROMETRY,2025-07-16,2025-11-12,True,True
MOCK00873,COPD_SPIROMETRY,2025-07-20,2025-12-26,True,True
MOCK00879,COPD_SPIROMETRY,2025-07-14,2026-02-10,True,True
MOCK00885,COPD_SPIROMETRY,2025-07-09,2026-03-29,True,True
MOCK00891,COPD_SPIROMETRY,2025-08-03,,True,False
MOCK00897,COPD_SPIROMETRY,2025-07-19,,True,True
MOCK00903,COPD_SPIROMETRY,2025-07-28,2026-04-22,True,False
MOCK00909,COPD_SPIROMETRY,2025-07-03,,True,True
MOCK00915,COPD_SPIROMETRY,2025-07-30,2026-01-25,True,False
MOCK00921,COPD_SPIROMETRY,2025-07-25,,True,True
MOCK00927,COPD_SPIROMETRY,2025-08-07,2026-03-05,True,False
MOCK00933,COPD_SPIROMETRY,2025-07-05,2025-12-21,True,False
MOCK00939,COPD_SPIROMETRY,2025-07-21,2025-11-30,True,True
MOCK00945,COPD_SPIROMETRY,2025-07-19,2026-03-19,True,False
MOCK00951,COPD_SPIROMETRY,2025-07-20,2026-03-04,True,True
MOCK00957,COPD_SPIROMETRY,2025-07-02,2026-03-21,True,False
MOCK00963,COPD_SPIROMETRY,2025-07-18,2026-02-20,True,False
MOCK00969,COPD_SPIROMETRY,2025-07-11,,True,True
MOCK00975,COPD_SPIROMETRY,2025-07-24,,True,True
MOCK00981,COPD_SPIROMETRY,2025-07-09,,True,True
MOCK00987,COPD_SPIROMETRY,2025-07-16,2026-03-22,True,False
MOCK00993,COPD_SPIROMETRY,2025-07-24,2026-01-29,True,True
MOCK00999,COPD_SPIROMETRY,2025-07-02,,True,False
MOCK01005,COPD_SPIROMETRY,2025-07-30,2026-03-02,True,True
MOCK01011,COPD_SPIROMETRY,2025-07-27,2026-04-15,True,False
MOCK01017,COPD_SPIROMETRY,2025-07-02,2025-11-19,True,True
MOCK01023,COPD_SPIROMETRY,2025-07-02,,True,False
MOCK01029,COPD_SPIROMETRY,2025-08-02,2026-01-02,True,True
MOCK01035,COPD_SPIROMETRY,2025-07-11,,True,True
MOCK01041,COPD_SPIROMETRY,2025-08-02,2026-04-08,True,True
MOCK01047,COPD_SPIROMETRY,2025-07-19,2026-05-03,True,False
MOCK01053,COPD_SPIROMETRY,2025-07-13,,True,True
MOCK01059,COPD_SPIROMETRY,2025-07-10,2026-04-08,True,False
MOCK01065,COPD_SPIROMETRY,2025-07-25,2026-04-25,True,False
MOCK01071,COPD_SPIROMETRY,2025-07-04,2025-11-25,True,True
MOCK01077,COPD_SPIROMETRY,2025-07-15,,True,True
MOCK01083,COPD_SPIROMETRY,2025-07-13,,True,True
MOCK01089,COPD_SPIROMETRY,2025-07-06,2025-12-12,True,True
MOCK01095,COPD_SPIROMETRY,2025-07-13,2026-02-11,True,False
MOCK01101,COPD_SPIROMETRY,2025-07-20,2026-03-30,True,False
MOCK01107,COPD_SPIROMETRY,2025-07-26,,True,True
MOCK01113,COPD_SPIROMETRY,2025-07-03,2026-04-08,True,True
MOCK01119,COPD_SPIROMETRY,2025-08-03,2025-12-12,True,False
MOCK01125,COPD_SPIROMETRY,2025-08-03,,True,True
MOCK01131,COPD_SPIROMETRY,2025-07-26,2025-11-13,True,False
MOCK01137,COPD_SPIROMETRY,2025-08-05,2025-12-02,True,False
MOCK01143,COPD_SPIROMETRY,2025-07-16,,True,True
MOCK01149,COPD_SPIROMETRY,2025-08-01,2026-05-09,True,False
MOCK01155,COPD_SPIROMETRY,2025-07-28,,True,False
MOCK01161,COPD_SPIROMETRY,2025-07-21,2026-02-22,True,False
MOCK01167,COPD_SPIROMETRY,2025-07-07,,True,False
MOCK01173,COPD_SPIROMETRY,2025-07-21,,True,False
MOCK01179,COPD_SPIROMETRY,2025-08-04,,True,False
MOCK01185,COPD_SPIROMETRY,2025-08-07,,True,False
MOCK01191,COPD_SPIROMETRY,2025-07-17,,True,False
MOCK01197,COPD_SPIROMETRY,2025-07-09,2026-05-18,True,False
MOCK01203,COPD_SPIROMETRY,2025-07-29,2026-05-18,True,False
MOCK01209,COPD_SPIROMETRY,2025-07-02,,True,True
MOCK01215,COPD_SPIROMETRY,2025-07-05,,True,False
MOCK01221,COPD_SPIROMETRY,2025-07-21,2026-03-26,True,True
MOCK01227,COPD_SPIROMETRY,2025-08-07,,True,True
MOCK01233,COPD_SPIROMETRY,2025-07-12,2025-11-16,True,True
MOCK01239,COPD_SPIROMETRY,2025-07-17,2025-12-17,True,True
MOCK01245,COPD_SPIROMETRY,2025-07-12,2026-04-05,True,False
MOCK01251,COPD_SPIROMETRY,2025-07-17,2026-02-19,True,True
MOCK01257,COPD_SPIROMETRY,2025-06-30,2026-05-03,True,False
MOCK01263,COPD_SPIROMETRY,2025-07-23,2026-03-17,True,False
MOCK01269,COPD_SPIROMETRY,2025-07-23,2026-02-28,True,True
MOCK01275,COPD_SPIROMETRY,2025-07-12,2026-05-25,True,True
MOCK01281,COPD_SPIROMETRY,2025-07-10,2026-05-24,True,False
MOCK01287,COPD_SPIROMETRY,2025-07-29,,True,False
MOCK01293,COPD_SPIROMETRY,2025-07-07,,True,True
MOCK01299,COPD_SPIROMETRY,2025-07-01,,True,True
MOCK01305,COPD_SPIROMETRY,2025-07-01,,True,True
MOCK01311,COPD_SPIROMETRY,2025-08-03,2026-02-22,True,True
MOCK01317,COPD_SPIROMETRY,2025-07-14,2026-04-01,True,True
MOCK01323,COPD_SPIROMETRY,2025-07-03,,True,False
MOCK01329,COPD_SPIROMETRY,2025-08-03,,True,True
MOCK01335,COPD_SPIROMETRY,2025-07-05,2026-05-11,True,True
MOCK01341,COPD_SPIROMETRY,2025-07-13,2025-11-10,True,False
MOCK01347,COPD_SPIROMETRY,2025-06-30,2026-05-17,True,False
MOCK01353,COPD_SPIROMETRY,2025-07-26,,True,True
MOCK01359,COPD_SPIROMETRY,2025-07-27,2026-04-30,True,False
MOCK01365,COPD_SPIROMETRY,2025-07-29,2026-02-24,True,False
MOCK01371,COPD_SPIROMETRY,2025-07-10,2026-04-26,True,True
MOCK01377,COPD_SPIROMETRY,2025-07-12,2026-01-05,True,True
MOCK01383,COPD_SPIROMETRY,2025-08-05,2026-05-07,True,False
MOCK01389,COPD_SPIROMETRY,2025-08-01,2026-01-15,True,False
MOCK01395,COPD_SPIROMETRY,2025-07-01,2026-01-24,True,False
MOCK01401,COPD_SPIROMETRY,2025-07-26,2025-11-29,True,True
MOCK01407,COPD_SPIROMETRY,2025-07-31,,True,False
MOCK01413,COPD_SPIROMETRY,2025-07-21,2025-12-14,True,True
MOCK01419,COPD_SPIROMETRY,2025-07-24,,True,False
MOCK01425,COPD_SPIROMETRY,2025-06-30,,True,False
MOCK01431,COPD_SPIROMETRY,2025-07-01,2025-11-02,True,True
MOCK01437,COPD_SPIROMETRY,2025-07-01,,True,True
MOCK01443,COPD_SPIROMETRY,2025-07-06,2026-01-14,True,False
MOCK01449,COPD_SPIROMETRY,2025-08-07,2026-01-01,True,False
MOCK01455,COPD_SPIROMETRY,2025-07-24,2026-03-26,True,True
MOCK01461,COPD_SPIROMETRY,2025-07-30,2025-12-02,True,False
MOCK01467,COPD_SPIROMETRY,2025-07-11,2026-04-28,True,True
MOCK01473,COPD_SPIROMETRY,2025-08-05,2026-03-19,True,True
MOCK01479,COPD_SPIROMETRY,2025-07-07,,True,True
MOCK01485,COPD_SPIROMETRY,2025-08-04,,True,False
MOCK01491,COPD_SPIROMETRY,2025-07-01,2026-04-20,True,True
MOCK01497,COPD_SPIROMETRY,2025-06-30,,True,False
MOCK01503,COPD_SPIROMETRY,2025-07-03,2026-02-28,True,True
MOCK01509,COPD_SPIROMETRY,2025-07-30,2026-04-21,True,False
MOCK01515,COPD_SPIROMETRY,2025-07-10,,True,False
MOCK01521,COPD_SPIROMETRY,2025-07-17,,True,True
MOCK01527,COPD_SPIROMETRY,2025-07-18,,True,True
MOCK01533,COPD_SPIROMETRY,2025-07-30,,True,True
MOCK01539,COPD_SPIROMETRY,2025-07-13,,True,True
MOCK01545,COPD_SPIROMETRY,2025-06-30,2026-03-05,True,False
MOCK01551,COPD_SPIROMETRY,2025-07-15,,True,False
MOCK01557,COPD_SPIROMETRY,2025-07-11,,True,True
MOCK01563,COPD_SPIROMETRY,2025-07-28,,True,False
MOCK01569,COPD_SPIROMETRY,2025-07-29,2026-05-21,True,False
MOCK01575,COPD_SPIROMETRY,2025-07-03,,True,True
MOCK01581,COPD_SPIROMETRY,2025-07-30,2026-01-08,True,True
MOCK01587,COPD_SPIROMETRY,2025-07-02,2025-11-09,True,True
MOCK01593,COPD_SPIROMETRY,2025-07-24,2025-11-26,True,False
MOCK01599,COPD_SPIROMETRY,2025-07-15,2025-11-30,True,True
MOCK01605,COPD_SPIROMETRY,2025-07-11,2025-12-05,True,False
MOCK01611,COPD_SPIROMETRY,2025-07-18,2026-01-04,True,True
MOCK01617,COPD_SPIROMETRY,2025-07-12,2026-02-28,True,False
MOCK01623,COPD_SPIROMETRY,2025-07-30,2025-11-17,True,True
MOCK01629,COPD_SPIROMETRY,2025-08-06,2026-01-04,True,False
MOCK01635,COPD_SPIROMETRY,2025-07-31,2026-02-14,True,True
MOCK01641,COPD_SPIROMETRY,2025-07-17,2025-11-17,True,True
MOCK01647,COPD_SPIROMETRY,2025-07-19,2026-01-17,True,True
MOCK01653,COPD_SPIROMETRY,2025-07-17,,True,False
MOCK01659,COPD_SPIROMETRY,2025-07-30,2026-03-08,True,False
MOCK01665,COPD_SPIROMETRY,2025-07-21,2025-12-06,True,True
MOCK01671,COPD_SPIROMETRY,2025-07-18,,True,False
MOCK01677,COPD_SPIROMETRY,2025-07-15,,True,False
MOCK01683,COPD_SPIROMETRY,2025-07-14,2025-11-21,True,False
MOCK01689,COPD_SPIROMETRY,2025-07-21,2026-04-26,True,False
MOCK01695,COPD_SPIROMETRY,2025-07-26,2026-02-26,True,True
MOCK01701,COPD_SPIROMETRY,2025-07-16,2026-01-22,True,False
MOCK01707,COPD_SPIROMETRY,2025-07-31,,True,False
MOCK01713,COPD_SPIROMETRY,2025-08-01,2025-12-18,True,False
MOCK01719,COPD_SPIROMETRY,2025-07-16,,True,True
MOCK01725,COPD_SPIROMETRY,2025-08-04,,True,False
MOCK01731,COPD_SPIROMETRY,2025-07-06,,True,True
MOCK01737,COPD_SPIROMETRY,2025-08-05,2026-03-28,True,False
MOCK01743,COPD_SPIROMETRY,2025-07-11,2026-04-22,True,True
MOCK01749,COPD_SPIROMETRY,2025-07-22,2026-05-17,True,True
MOCK01755,COPD_SPIROMETRY,2025-07-11,2026-03-25,True,False
MOCK01761,COPD_SPIROMETRY,2025-07-17,2026-02-07,True,False
MOCK01767,COPD_SPIROMETRY,2025-07-13,,True,True
MOCK01773,COPD_SPIROMETRY,2025-07-27,,True,False
MOCK01779,COPD_SPIROMETRY,2025-07-03,,True,False
MOCK01785,COPD_SPIROMETRY,2025-08-01,2025-11-19,True,False
MOCK01791,COPD_SPIROMETRY,2025-08-04,2025-11-06,True,False
MOCK01797,COPD_SPIROMETRY,2025-07-21,,True,True
MOCK01803,COPD_SPIROMETRY,2025-07-21,,True,True
MOCK01809,COPD_SPIROMETRY,2025-07-27,,True,False
MOCK01815,COPD_SPIROMETRY,2025-07-07,2026-03-21,True,True
MOCK01821,COPD_SPIROMETRY,2025-07-29,2026-05-01,True,False
MOCK01827,COPD_SPIROMETRY,2025-07-08,2026-03-21,True,False
MOCK01833,COPD_SPIROMETRY,2025-07-26,,True,False
MOCK01839,COPD_SPIROMETRY,2025-07-11,2026-04-07,True,True
MOCK01845,COPD_SPIROMETRY,2025-07-29,2026-01-30,True,False
MOCK01851,COPD_SPIROMETRY,2025-07-30,2025-12-17,True,False
MOCK01857,COPD_SPIROMETRY,2025-07-08,,True,True
MOCK01863,COPD_SPIROMETRY,2025-07-24,2026-02-24,True,True
MOCK01869,COPD_SPIROMETRY,2025-07-19,,True,True
MOCK01875,COPD_SPIROMETRY,2025-07-11,2026-01-20,True,True
MOCK01881,COPD_SPIROMETRY,2025-07-22,2025-12-27,True,False
MOCK01887,COPD_SPIROMETRY,2025-08-07,2026-05-13,True,False
MOCK01893,COPD_SPIROMETRY,2025-06-30,,True,True
MOCK01899,COPD_SPIROMETRY,2025-08-06,,True,False
MOCK01905,COPD_SPIROMETRY,2025-08-02,2025-12-31,True,True
MOCK01911,COPD_SPIROMETRY,2025-07-20,,True,True
MOCK01917,COPD_SPIROMETRY,2025-07-23,2026-03-07,True,True
MOCK01923,COPD_SPIROMETRY,2025-07-14,,True,False
MOCK01929,COPD_SPIROMETRY,2025-07-05,,True,False
MOCK01935,COPD_SPIROMETRY,2025-07-22,2026-01-10,True,False
MOCK01941,COPD_SPIROMETRY,2025-07-31,2026-02-22,True,False
MOCK01947,COPD_SPIROMETRY,2025-07-09,2025-11-27,True,True
MOCK01953,COPD_SPIROMETRY,2025-07-27,,True,False
MOCK01959,COPD_SPIROMETRY,2025-07-29,2025-11-30,True,True
MOCK01965,COPD_SPIROMETRY,2025-07-29,2025-11-21,True,True
MOCK01971,COPD_SPIROMETRY,2025-07-13,2025-12-10,True,False
MOCK01977,COPD_SPIROMETRY,2025-07-15,2026-02-18,True,True
MOCK01983,COPD_SPIROMETRY,2025-07-16,2025-12-26,True,True
MOCK01989,COPD_SPIROMETRY,2025-08-02,,True,True
MOCK01995,COPD_SPIROMETRY,2025-08-04,2026-05-13,True,True
MOCK02001,COPD_SPIROMETRY,2025-07-16,,True,False
MOCK02007,COPD_SPIROMETRY,2025-08-06,2026-03-08,True,True
MOCK02013,COPD_SPIROMETRY,2025-07-22,,True,False
MOCK02019,COPD_SPIROMETRY,2025-07-15,,True,False
MOCK02025,COPD_SPIROMETRY,2025-06-30,2026-05-25,True,False
MOCK02031,COPD_SPIROMETRY,2025-07-23,,True,True
MOCK02037,COPD_SPIROMETRY,2025-07-25,2025-12-22,True,False
MOCK02043,COPD_SPIROMETRY,2025-08-06,,True,True
MOCK02049,COPD_SPIROMETRY,2025-07-28,2026-03-01,True,True
MOCK02055,COPD_SPIROMETRY,2025-07-01,2026-04-13,True,False
MOCK02061,COPD_SPIROMETRY,2025-07-22,2025-12-01,True,True
MOCK02067,COPD_SPIROMETRY,2025-07-28,,True,False
MOCK02073,COPD_SPIROMETRY,2025-07-19,2026-03-24,True,True
MOCK02079,COPD_SPIROMETRY,2025-07-16,,True,False
MOCK02085,COPD_SPIROMETRY,2025-07-31,2026-05-19,True,False
MOCK02091,COPD_SPIROMETRY,2025-07-23,,True,False
MOCK02097,COPD_SPIROMETRY,2025-07-26,2025-11-30,True,True
MOCK02103,COPD_SPIROMETRY,2025-07-18,,True,True
MOCK02109,COPD_SPIROMETRY,2025-07-10,2025-12-23,True,False
MOCK02115,COPD_SPIROMETRY,2025-07-20,,True,False
MOCK02121,COPD_SPIROMETRY,2025-08-06,2026-04-19,True,True
MOCK02127,COPD_SPIROMETRY,2025-07-23,2026-02-15,True,True
MOCK02133,COPD_SPIROMETRY,2025-07-27,,True,False
MOCK02139,COPD_SPIROMETRY,2025-07-04,,True,False
MOCK02145,COPD_SPIROMETRY,2025-08-07,2026-04-19,True,False
MOCK02151,COPD_SPIROMETRY,2025-07-09,2026-04-23,True,False
MOCK02157,COPD_SPIROMETRY,2025-08-06,,True,True
MOCK02163,COPD_SPIROMETRY,2025-07-17,2025-11-25,True,True
MOCK02169,COPD_SPIROMETRY,2025-08-04,,True,False
MOCK02175,COPD_SPIROMETRY,2025-08-03,2026-05-13,True,False
MOCK02181,COPD_SPIROMETRY,2025-07-29,2026-03-25,True,True
MOCK02187,COPD_SPIROMETRY,2025-08-04,2025-11-17,True,False
MOCK02193,COPD_SPIROMETRY,2025-07-23,2026-05-18,True,True
MOCK02199,COPD_SPIROMETRY,2025-08-02,2026-02-28,True,True
MOCK02205,COPD_SPIROMETRY,2025-07-06,,True,False
MOCK02211,COPD_SPIROMETRY,2025-07-02,2025-12-01,True,True
MOCK02217,COPD_SPIROMETRY,2025-07-21,,True,True
MOCK02223,COPD_SPIROMETRY,2025-07-31,,True,False
MOCK02229,COPD_SPIROMETRY,2025-07-29,2025-12-13,True,True
MOCK02235,COPD_SPIROMETRY,2025-07-20,2026-02-03,True,True
MOCK02241,COPD_SPIROMETRY,2025-07-20,2025-12-09,True,False
MOCK02247,COPD_SPIROMETRY,2025-07-23,2026-02-27,True,True
MOCK02253,COPD_SPIROMETRY,2025-08-02,,True,False
MOCK02259,COPD_SPIROMETRY,2025-08-01,2026-01-03,True,True
MOCK02265,COPD_SPIROMETRY,2025-07-04,,True,True
MOCK02271,COPD_SPIROMETRY,2025-07-23,2026-03-15,True,False
MOCK02277,COPD_SPIROMETRY,2025-07-14,,True,True
MOCK02283,COPD_SPIROMETRY,2025-07-31,,True,False
MOCK02289,COPD_SPIROMETRY,2025-07-19,,True,False
MOCK02295,COPD_SPIROMETRY,2025-08-07,,True,False
MOCK02301,COPD_SPIROMETRY,2025-07-16,2026-05-20,True,True
MOCK02307,COPD_SPIROMETRY,2025-07-26,,True,True
MOCK02313,COPD_SPIROMETRY,2025-07-04,2025-11-13,True,False
MOCK02319,COPD_SPIROMETRY,2025-08-05,,True,False
MOCK02325,COPD_SPIROMETRY,2025-07-05,2025-12-25,True,False
MOCK02331,COPD_SPIROMETRY,2025-07-14,2026-04-02,True,False
MOCK02337,COPD_SPIROMETRY,2025-08-01,2025-12-22,True,True
MOCK02343,COPD_SPIROMETRY,2025-08-06,,True,True
MOCK02349,COPD_SPIROMETRY,2025-07-18,2026-04-26,True,False
MOCK02355,COPD_SPIROMETRY,2025-07-18,,True,False
MOCK02361,COPD_SPIROMETRY,2025-07-01,2026-01-15,True,True
MOCK02367,COPD_SPIROMETRY,2025-08-07,2026-01-27,True,False
MOCK02373,COPD_SPIROMETRY,2025-06-30,2026-03-06,True,False
MOCK02379,COPD_SPIROMETRY,2025-07-01,2026-04-05,True,True
MOCK02385,COPD_SPIROMETRY,2025-07-18,2025-11-06,True,True
MOCK02391,COPD_SPIROMETRY,2025-06-30,,True,False
MOCK02397,COPD_SPIROMETRY,2025-07-06,2026-01-13,True,False
MOCK02403,COPD_SPIROMETRY,2025-07-24,,True,False
MOCK02409,COPD_SPIROMETRY,2025-07-27,2026-03-23,True,True
MOCK02415,COPD_SPIROMETRY,2025-07-11,2026-04-12,True,False
MOCK02421,COPD_SPIROMETRY,2025-07-31,2025-12-27,True,False
MOCK02427,COPD_SPIROMETRY,2025-07-23,,True,False
MOCK02433,COPD_SPIROMETRY,2025-07-08,2026-01-04,True,True
MOCK02439,COPD_SPIROMETRY,2025-07-27,,True,True
MOCK02445,COPD_SPIROMETRY,2025-07-23,2026-01-23,True,False
MOCK02451,COPD_SPIROMETRY,2025-07-31,,True,True
MOCK02457,COPD_SPIROMETRY,2025-07-06,2025-12-19,True,True
MOCK02463,COPD_SPIROMETRY,2025-07-09,2026-03-11,True,False
MOCK02469,COPD_SPIROMETRY,2025-07-11,,True,True
MOCK02475,COPD_SPIROMETRY,2025-07-13,,True,False
MOCK02481,COPD_SPIROMETRY,2025-08-03,,True,False
MOCK02487,COPD_SPIROMETRY,2025-07-28,2025-11-18,True,False
MOCK02493,COPD_SPIROMETRY,2025-07-21,2025-12-11,True,True
MOCK02499,COPD_SPIROMETRY,2025-07-21,,True,False
MOCK02505,COPD_SPIROMETRY,2025-08-03,2026-04-20,True,False
MOCK02511,COPD_SPIROMETRY,2025-07-17,2026-01-30,True,False
MOCK02517,COPD_SPIROMETRY,2025-07-08,2026-04-19,True,True
MOCK02523,COPD_SPIROMETRY,2025-07-05,,True,True
MOCK02529,COPD_SPIROMETRY,2025-07-12,2025-12-26,True,False
MOCK02535,COPD_SPIROMETRY,2025-07-25,,True,True
MOCK02541,COPD_SPIROMETRY,2025-07-18,,True,False
MOCK02547,COPD_SPIROMETRY,2025-07-16,,True,True
MOCK02553,COPD_SPIROMETRY,2025-07-18,,True,True
MOCK02559,COPD_SPIROMETRY,2025-08-07,2026-05-17,True,False
MOCK02565,COPD_SPIROMETRY,2025-08-07,2025-11-29,True,False
MOCK02571,COPD_SPIROMETRY,2025-07-06,,True,False
MOCK02577,COPD_SPIROMETRY,2025-07-04,,True,False
MOCK02583,COPD_SPIROMETRY,2025-07-09,2026-01-01,True,False
MOCK02589,COPD_SPIROMETRY,2025-08-02,2026-04-08,True,False
MOCK02595,COPD_SPIROMETRY,2025-07-17,2026-05-06,True,True
MOCK02601,COPD_SPIROMETRY,2025-08-02,2026-04-01,True,True
MOCK02607,COPD_SPIROMETRY,2025-07-25,2026-04-22,True,True
MOCK02613,COPD_SPIROMETRY,2025-07-21,,True,False
MOCK02619,COPD_SPIROMETRY,2025-07-10,,True,True
MOCK02625,COPD_SPIROMETRY,2025-07-13,2025-11-28,True,False
MOCK02631,COPD_SPIROMETRY,2025-07-05,2026-01-14,True,True
MOCK02637,COPD_SPIROMETRY,2025-07-20,2026-03-20,True,False
MOCK02643,COPD_SPIROMETRY,2025-07-10,2026-03-06,True,False
MOCK02649,COPD_SPIROMETRY,2025-07-11,,True,False
MOCK02655,COPD_SPIROMETRY,2025-07-01,2026-04-03,True,False
MOCK02661,COPD_SPIROMETRY,2025-07-31,2026-01-13,True,True
MOCK02667,COPD_SPIROMETRY,2025-08-05,2025-11-15,True,False
MOCK02673,COPD_SPIROMETRY,2025-07-19,,True,True
MOCK02679,COPD_SPIROMETRY,2025-07-20,2026-04-12,True,False
MOCK02685,COPD_SPIROMETRY,2025-08-05,2026-03-27,True,True
MOCK02691,COPD_SPIROMETRY,2025-07-19,2025-12-04,True,True
MOCK02697,COPD_SPIROMETRY,2025-07-24,2026-01-10,True,True
MOCK02703,COPD_SPIROMETRY,2025-07-16,,True,False
MOCK02709,COPD_SPIROMETRY,2025-07-20,,True,False
MOCK02715,COPD_SPIROMETRY,2025-07-20,2026-05-13,True,True
MOCK02721,COPD_SPIROMETRY,2025-07-27,,True,True
MOCK02727,COPD_SPIROMETRY,2025-07-23,2026-04-01,True,True
MOCK02733,COPD_SPIROMETRY,2025-07-19,,True,False
MOCK02739,COPD_SPIROMETRY,2025-07-02,2026-03-08,True,False
MOCK02745,COPD_SPIROMETRY,2025-08-04,,True,True
MOCK02751,COPD_SPIROMETRY,2025-08-03,2026-02-06,True,False
MOCK02757,COPD_SPIROMETRY,2025-07-07,2026-03-17,True,False
MOCK02763,COPD_SPIROMETRY,2025-07-11,,True,False
MOCK02769,COPD_SPIROMETRY,2025-08-06,,True,False
MOCK02775,COPD_SPIROMETRY,2025-07-12,,True,False
MOCK02781,COPD_SPIROMETRY,2025-07-31,2026-03-03,True,False
MOCK02787,COPD_SPIROMETRY,2025-07-30,2025-11-10,True,True
MOCK02793,COPD_SPIROMETRY,2025-08-02,,True,True
MOCK02799,COPD_SPIROMETRY,2025-06-30,,True,True
MOCK02805,COPD_SPIROMETRY,2025-07-18,2025-11-28,True,True
MOCK02811,COPD_SPIROMETRY,2025-07-22,2026-01-23,True,True
MOCK02817,COPD_SPIROMETRY,2025-08-01,2026-04-27,True,False
MOCK02823,COPD_SPIROMETRY,2025-07-08,2025-11-10,True,False
MOCK02829,COPD_SPIROMETRY,2025-07-11,,True,True
MOCK02835,COPD_SPIROMETRY,2025-07-07,2026-03-08,True,True
MOCK02841,COPD_SPIROMETRY,2025-07-29,,True,False
MOCK02847,COPD_SPIROMETRY,2025-08-07,,True,False
MOCK02853,COPD_SPIROMETRY,2025-07-05,2026-03-06,True,True
MOCK02859,COPD_SPIROMETRY,2025-07-09,,True,False
MOCK02865,COPD_SPIROMETRY,2025-07-11,2026-01-17,True,True
MOCK02871,COPD_SPIROMETRY,2025-08-03,2026-01-06,True,True
MOCK02877,COPD_SPIROMETRY,2025-07-17,2026-05-01,True,False
MOCK02883,COPD_SPIROMETRY,2025-07-10,2025-12-28,True,False
MOCK02889,COPD_SPIROMETRY,2025-07-12,2026-04-19,True,True
MOCK02895,COPD_SPIROMETRY,2025-07-23,,True,False
MOCK02901,COPD_SPIROMETRY,2025-07-15,2026-03-28,True,False
MOCK02907,COPD_SPIROMETRY,2025-07-05,,True,True
MOCK02913,COPD_SPIROMETRY,2025-07-31,2026-05-04,True,False
MOCK02919,COPD_SPIROMETRY,2025-07-16,2026-05-06,True,True
MOCK02925,COPD_SPIROMETRY,2025-07-10,,True,False
MOCK02931,COPD_SPIROMETRY,2025-07-28,2025-11-13,True,True
MOCK02937,COPD_SPIROMETRY,2025-07-29,,True,True
MOCK02943,COPD_SPIROMETRY,2025-07-06,2025-11-11,True,True
MOCK02949,COPD_SPIROMETRY,2025-07-02,,True,False
MOCK02955,COPD_SPIROMETRY,2025-07-01,2026-04-25,True,True
MOCK02961,COPD_SPIROMETRY,2025-07-29,2026-03-26,True,False
MOCK02967,COPD_SPIROMETRY,2025-07-24,,True,True
MOCK02973,COPD_SPIROMETRY,2025-07-30,,True,False
MOCK02979,COPD_SPIROMETRY,2025-07-24,2026-02-06,True,False
MOCK02985,COPD_SPIROMETRY,2025-07-15,,True,True
MOCK02991,COPD_SPIROMETRY,2025-07-22,2026-05-24,True,False
MOCK02997,COPD_SPIROMETRY,2025-07-28,2026-04-20,True,False
MOCK03003,COPD_SPIROMETRY,2025-07-15,2026-03-03,True,False
MOCK03009,COPD_SPIROMETRY,2025-08-04,2026-01-27,True,True
MOCK03015,COPD_SPIROMETRY,2025-08-04,,True,False
MOCK03021,COPD_SPIROMETRY,2025-07-31,2026-05-22,True,False
MOCK03027,COPD_SPIROMETRY,2025-08-07,2026-05-24,True,True
MOCK03033,COPD_SPIROMETRY,2025-07-15,2026-02-24,True,False
MOCK03039,COPD_SPIROMETRY,2025-07-04,,True,True
MOCK03045,COPD_SPIROMETRY,2025-07-18,2026-04-18,True,False
MOCK03051,COPD_SPIROMETRY,2025-07-29,2025-11-18,True,False
MOCK03057,COPD_SPIROMETRY,2025-07-30,2026-03-13,True,False
MOCK03063,COPD_SPIROMETRY,2025-07-15,2026-04-04,True,True
MOCK03069,COPD_SPIROMETRY,2025-07-11,2025-11-06,True,True
MOCK03075,COPD_SPIROMETRY,2025-07-17,2026-01-20,True,True
MOCK03081,COPD_SPIROMETRY,2025-07-31,,True,False
MOCK03087,COPD_SPIROMETRY,2025-07-02,2025-11-19,True,True
MOCK03093,COPD_SPIROMETRY,2025-07-12,2025-10-30,True,True
MOCK03099,COPD_SPIROMETRY,2025-07-08,,True,True
MOCK03105,COPD_SPIROMETRY,2025-07-31,,True,False
MOCK03111,COPD_SPIROMETRY,2025-07-18,2026-02-23,True,True
MOCK03117,COPD_SPIROMETRY,2025-07-03,,True,False
MOCK03123,COPD_SPIROMETRY,2025-07-10,,True,True
MOCK03129,COPD_SPIROMETRY,2025-07-01,2026-02-01,True,True
MOCK03135,COPD_SPIROMETRY,2025-07-18,2026-02-12,True,True
MOCK03141,COPD_SPIROMETRY,2025-08-07,2026-02-10,True,True
MOCK03147,COPD_SPIROMETRY,2025-07-22,2026-05-04,True,False
MOCK03153,COPD_SPIROMETRY,2025-08-02,,True,True
MOCK03159,COPD_SPIROMETRY,2025-07-28,2026-05-02,True,True
MOCK03165,COPD_SPIROMETRY,2025-08-03,2026-01-11,True,True
MOCK03171,COPD_SPIROMETRY,2025-07-12,,True,True
MOCK03177,COPD_SPIROMETRY,2025-08-06,2026-04-23,True,True
MOCK03183,COPD_SPIROMETRY,2025-07-09,2026-05-07,True,True
MOCK03189,COPD_SPIROMETRY,2025-07-17,2026-04-26,True,True
MOCK03195,COPD_SPIROMETRY,2025-07-26,,True,False
MOCK03201,COPD_SPIROMETRY,2025-07-11,2026-04-20,True,False
MOCK03207,COPD_SPIROMETRY,2025-07-10,2025-11-11,True,False
MOCK03213,COPD_SPIROMETRY,2025-07-05,,True,True
MOCK03219,COPD_SPIROMETRY,2025-06-30,2026-01-06,True,False
MOCK03225,COPD_SPIROMETRY,2025-07-19,2026-05-11,True,False
MOCK03231,COPD_SPIROMETRY,2025-08-07,,True,False
MOCK03237,COPD_SPIROMETRY,2025-07-08,2026-03-27,True,True
MOCK03243,COPD_SPIROMETRY,2025-07-17,,True,False
MOCK03249,COPD_SPIROMETRY,2025-08-05,2026-05-02,True,False
MOCK03255,COPD_SPIROMETRY,2025-07-30,2025-12-23,True,False
MOCK03261,COPD_SPIROMETRY,2025-06-30,2026-02-21,True,False
MOCK03267,COPD_SPIROMETRY,2025-07-19,2026-02-10,True,False
MOCK03273,COPD_SPIROMETRY,2025-07-05,,True,False
MOCK03279,COPD_SPIROMETRY,2025-07-09,2026-05-03,True,True
MOCK03285,COPD_SPIROMETRY,2025-07-09,,True,True
MOCK03291,COPD_SPIROMETRY,2025-07-23,,True,False
MOCK03297,COPD_SPIROMETRY,2025-07-07,2026-03-19,True,True
MOCK03303,COPD_SPIROMETRY,2025-07-09,2026-03-28,True,True
MOCK03309,COPD_SPIROMETRY,2025-07-08,,True,True
MOCK03315,COPD_SPIROMETRY,2025-07-13,2026-01-02,True,True
MOCK03321,COPD_SPIROMETRY,2025-07-25,,True,True
MOCK03327,COPD_SPIROMETRY,2025-07-15,2025-11-24,True,False
MOCK03333,COPD_SPIROMETRY,2025-07-12,2025-10-30,True,True
MOCK03339,COPD_SPIROMETRY,2025-07-20,2025-11-10,True,False
MOCK03345,COPD_SPIROMETRY,2025-07-23,2026-01-23,True,True
MOCK03351,COPD_SPIROMETRY,2025-06-30,2025-11-14,True,False
MOCK03357,COPD_SPIROMETRY,2025-08-03,2025-11-18,True,False
MOCK03363,COPD_SPIROMETRY,2025-08-04,,True,False
MOCK03369,COPD_SPIROMETRY,2025-07-23,2026-03-26,True,True
MOCK03375,COPD_SPIROMETRY,2025-07-22,2026-03-09,True,True
MOCK03381,COPD_SPIROMETRY,2025-07-27,2025-12-16,True,False
MOCK03387,COPD_SPIROMETRY,2025-07-17,2026-05-17,True,False
MOCK03393,COPD_SPIROMETRY,2025-07-14,,True,True
MOCK03399,COPD_SPIROMETRY,2025-07-13,,True,False
MOCK03405,COPD_SPIROMETRY,2025-07-06,,True,False
MOCK03411,COPD_SPIROMETRY,2025-08-01,2026-02-02,True,True
MOCK03417,COPD_SPIROMETRY,2025-07-12,2025-11-05,True,False
MOCK03423,COPD_SPIROMETRY,2025-07-11,,True,True
MOCK03429,COPD_SPIROMETRY,2025-08-06,2026-04-25,True,True
MOCK03435,COPD_SPIROMETRY,2025-07-19,2025-11-06,True,False
MOCK03441,COPD_SPIROMETRY,2025-07-24,2025-11-15,True,False
MOCK03447,COPD_SPIROMETRY,2025-07-09,,True,False
MOCK03453,COPD_SPIROMETRY,2025-07-10,2026-04-18,True,False
MOCK03459,COPD_SPIROMETRY,2025-07-28,2026-04-20,True,False
MOCK03465,COPD_SPIROMETRY,2025-07-17,,True,True
MOCK03471,COPD_SPIROMETRY,2025-07-05,,True,True
MOCK03477,COPD_SPIROMETRY,2025-08-01,,True,True
MOCK03483,COPD_SPIROMETRY,2025-07-15,,True,False
MOCK03489,COPD_SPIROMETRY,2025-07-26,2026-02-12,True,False
MOCK03495,COPD_SPIROMETRY,2025-07-13,,True,False
MOCK03501,COPD_SPIROMETRY,2025-07-21,2026-03-02,True,True
MOCK03507,COPD_SPIROMETRY,2025-07-30,2026-01-03,True,True
MOCK03513,COPD_SPIROMETRY,2025-08-03,2026-03-14,True,False
MOCK03519,COPD_SPIROMETRY,2025-07-08,2025-12-29,True,False
MOCK03525,COPD_SPIROMETRY,2025-07-26,2026-03-02,True,True
MOCK03531,COPD_SPIROMETRY,2025-08-04,2025-12-12,True,False
MOCK03537,COPD_SPIROMETRY,2025-07-25,,True,False
MOCK03543,COPD_SPIROMETRY,2025-07-05,,True,False
MOCK03549,COPD_SPIROMETRY,2025-07-07,2025-12-24,True,True
MOCK03555,COPD_SPIROMETRY,2025-07-07,,True,False
MOCK03561,COPD_SPIROMETRY,2025-07-04,,True,True
MOCK03567,COPD_SPIROMETRY,2025-07-29,2026-02-28,True,True
MOCK03573,COPD_SPIROMETRY,2025-08-06,2026-01-16,True,False
MOCK03579,COPD_SPIROMETRY,2025-07-20,2026-04-28,True,True
MOCK03585,COPD_SPIROMETRY,2025-07-23,2026-04-05,True,True
MOCK03591,COPD_SPIROMETRY,2025-07-30,2026-04-05,True,True
MOCK03597,COPD_SPIROMETRY,2025-07-16,,True,True
MOCK03603,COPD_SPIROMETRY,2025-07-18,,True,False
MOCK03609,COPD_SPIROMETRY,2025-07-22,,True,True
MOCK03615,COPD_SPIROMETRY,2025-07-11,2026-02-02,True,False
MOCK03621,COPD_SPIROMETRY,2025-07-02,2026-03-27,True,False
MOCK03627,COPD_SPIROMETRY,2025-07-22,2026-04-29,True,True
MOCK03633,COPD_SPIROMETRY,2025-08-01,,True,False
MOCK03639,COPD_SPIROMETRY,2025-07-02,,True,True
MOCK03645,COPD_SPIROMETRY,2025-07-08,,True,True
MOCK03651,COPD_SPIROMETRY,2025-07-10,,True,True
MOCK03657,COPD_SPIROMETRY,2025-07-31,,True,True
MOCK03663,COPD_SPIROMETRY,2025-07-19,,True,True
MOCK03669,COPD_SPIROMETRY,2025-07-20,,True,True
MOCK03675,COPD_SPIROMETRY,2025-07-25,,True,False
MOCK03681,COPD_SPIROMETRY,2025-07-10,,True,False
MOCK03687,COPD_SPIROMETRY,2025-07-27,2026-03-23,True,False
MOCK03693,COPD_SPIROMETRY,2025-07-01,,True,False
MOCK03699,COPD_SPIROMETRY,2025-07-04,2025-12-15,True,False
MOCK03705,COPD_SPIROMETRY,2025-07-31,2025-11-17,True,True
MOCK03711,COPD_SPIROMETRY,2025-07-25,,True,False
MOCK03717,COPD_SPIROMETRY,2025-07-06,2025-12-14,True,True
MOCK03723,COPD_SPIROMETRY,2025-07-17,2025-12-20,True,False
MOCK03729,COPD_SPIROMETRY,2025-07-02,2025-12-10,True,False
MOCK03735,COPD_SPIROMETRY,2025-07-26,,True,True
MOCK03741,COPD_SPIROMETRY,2025-07-29,,True,False
MOCK03747,COPD_SPIROMETRY,2025-07-10,2026-05-03,True,False
MOCK03753,COPD_SPIROMETRY,2025-07-13,,True,False
MOCK03759,COPD_SPIROMETRY,2025-07-09,,True,True
MOCK03765,COPD_SPIROMETRY,2025-07-15,2026-04-17,True,False
MOCK03771,COPD_SPIROMETRY,2025-07-10,,True,False
MOCK03777,COPD_SPIROMETRY,2025-07-09,2026-04-10,True,True
MOCK03783,COPD_SPIROMETRY,2025-07-16,,True,False
MOCK03789,COPD_SPIROMETRY,2025-08-02,,True,True
MOCK03795,COPD_SPIROMETRY,2025-07-29,,True,False
MOCK03801,COPD_SPIROMETRY,2025-07-11,,True,True
MOCK03807,COPD_SPIROMETRY,2025-08-05,2025-11-10,True,True
MOCK03813,COPD_SPIROMETRY,2025-07-08,2026-02-16,True,True
MOCK03819,COPD_SPIROMETRY,2025-08-04,,True,False
MOCK03825,COPD_SPIROMETRY,2025-07-12,2026-04-21,True,False
MOCK03831,COPD_SPIROMETRY,2025-07-21,2026-05-22,True,True
MOCK03837,COPD_SPIROMETRY,2025-07-07,2026-01-07,True,True
MOCK03843,COPD_SPIROMETRY,2025-07-29,2026-01-25,True,False
MOCK03849,COPD_SPIROMETRY,2025-07-12,2026-02-12,True,True
MOCK03855,COPD_SPIROMETRY,2025-08-03,2025-12-08,True,True
MOCK03861,COPD_SPIROMETRY,2025-07-03,2026-04-23,True,False
MOCK03867,COPD_SPIROMETRY,2025-07-19,2026-04-08,True,True
MOCK03873,COPD_SPIROMETRY,2025-07-06,,True,False
MOCK03879,COPD_SPIROMETRY,2025-08-03,2026-02-09,True,True
MOCK03885,COPD_SPIROMETRY,2025-07-16,2025-12-21,True,False
MOCK03891,COPD_SPIROMETRY,2025-07-26,,True,False
MOCK03897,COPD_SPIROMETRY,2025-08-03,2026-03-19,True,True
MOCK03903,COPD_SPIROMETRY,2025-07-20,2025-12-31,True,False
MOCK03909,COPD_SPIROMETRY,2025-07-02,,True,False
MOCK03915,COPD_SPIROMETRY,2025-07-08,,True,False
MOCK03921,COPD_SPIROMETRY,2025-07-08,2025-11-05,True,True
MOCK03927,COPD_SPIROMETRY,2025-08-04,2025-12-11,True,True
MOCK03933,COPD_SPIROMETRY,2025-08-04,,True,False
MOCK03939,COPD_SPIROMETRY,2025-07-18,,True,True
MOCK03945,COPD_SPIROMETRY,2025-08-03,2026-03-22,True,True
MOCK03951,COPD_SPIROMETRY,2025-07-09,2026-02-23,True,True
MOCK03957,COPD_SPIROMETRY,2025-07-26,2026-03-24,True,False
MOCK03963,COPD_SPIROMETRY,2025-07-15,2025-11-22,True,True
MOCK03969,COPD_SPIROMETRY,2025-07-09,,True,True
MOCK03975,COPD_SPIROMETRY,2025-07-09,2025-12-25,True,False
MOCK03981,COPD_SPIROMETRY,2025-07-16,2026-03-10,True,True
MOCK03987,COPD_SPIROMETRY,2025-07-13,2025-11-29,True,True
MOCK03993,COPD_SPIROMETRY,2025-07-08,,True,False
MOCK03999,COPD_SPIROMETRY,2025-07-13,2026-02-20,True,True
MOCK04005,COPD_SPIROMETRY,2025-07-05,2026-01-09,True,False
MOCK04011,COPD_SPIROMETRY,2025-08-06,2026-03-18,True,True
MOCK04017,COPD_SPIROMETRY,2025-07-14,,True,False
MOCK04023,COPD_SPIROMETRY,2025-07-04,2025-12-08,True,False
MOCK04029,COPD_SPIROMETRY,2025-07-22,2025-12-17,True,True
MOCK04035,COPD_SPIROMETRY,2025-08-03,2026-03-16,True,True
MOCK04041,COPD_SPIROMETRY,2025-07-14,2025-12-04,True,False
MOCK04047,COPD_SPIROMETRY,2025-08-01,,True,True
MOCK04053,COPD_SPIROMETRY,2025-07-23,2026-03-22,True,True
MOCK04059,COPD_SPIROMETRY,2025-07-28,2025-12-29,True,False
MOCK04065,COPD_SPIROMETRY,2025-07-11,,True,False
MOCK04071,COPD_SPIROMETRY,2025-07-01,,True,False
MOCK04077,COPD_SPIROMETRY,2025-07-13,,True,True
MOCK04083,COPD_SPIROMETRY,2025-08-05,2026-04-25,True,True
MOCK04089,COPD_SPIROMETRY,2025-07-30,,True,False
MOCK04095,COPD_SPIROMETRY,2025-07-30,,True,True
MOCK04101,COPD_SPIROMETRY,2025-08-03,2026-04-12,True,True
MOCK04107,COPD_SPIROMETRY,2025-07-14,2026-02-23,True,True
MOCK04113,COPD_SPIROMETRY,2025-07-12,2026-03-07,True,True
MOCK04119,COPD_SPIROMETRY,2025-08-05,,True,False
MOCK04125,COPD_SPIROMETRY,2025-07-22,2026-02-28,True,True
MOCK04131,COPD_SPIROMETRY,2025-07-11,2026-05-07,True,False
MOCK04137,COPD_SPIROMETRY,2025-07-10,2026-01-12,True,True
MOCK04143,COPD_SPIROMETRY,2025-08-03,2026-03-26,True,True
MOCK04149,COPD_SPIROMETRY,2025-07-02,2026-04-14,True,True
MOCK04155,COPD_SPIROMETRY,2025-07-02,2026-02-03,True,False
MOCK04161,COPD_SPIROMETRY,2025-07-28,,True,False
MOCK04167,COPD_SPIROMETRY,2025-06-30,,True,False
MOCK04173,COPD_SPIROMETRY,2025-07-06,2026-01-26,True,True
MOCK04179,COPD_SPIROMETRY,2025-08-07,2026-02-26,True,True
MOCK04185,COPD_SPIROMETRY,2025-07-16,,True,False
MOCK04191,COPD_SPIROMETRY,2025-07-28,,True,True
MOCK04197,COPD_SPIROMETRY,2025-07-18,2026-02-25,True,False
MOCK04203,COPD_SPIROMETRY,2025-07-03,,True,True
MOCK04209,COPD_SPIROMETRY,2025-07-07,2026-03-02,True,True
MOCK04215,COPD_SPIROMETRY,2025-07-29,,True,True
MOCK04221,COPD_SPIROMETRY,2025-07-03,,True,True
MOCK04227,COPD_SPIROMETRY,2025-07-23,2026-04-16,True,False
MOCK04233,COPD_SPIROMETRY,2025-07-13,2026-02-10,True,False
MOCK04239,COPD_SPIROMETRY,2025-07-14,2026-01-03,True,False
MOCK04245,COPD_SPIROMETRY,2025-08-06,,True,False
MOCK04251,COPD_SPIROMETRY,2025-07-23,2026-04-18,True,True
MOCK04257,COPD_SPIROMETRY,2025-07-23,,True,False
MOCK04263,COPD_SPIROMETRY,2025-07-13,,True,True
MOCK04269,COPD_SPIROMETRY,2025-07-14,2026-01-26,True,False
MOCK04275,COPD_SPIROMETRY,2025-07-26,2025-12-31,True,True
MOCK04281,COPD_SPIROMETRY,2025-07-01,2026-04-27,True,False
MOCK04287,COPD_SPIROMETRY,2025-07-09,2025-12-16,True,False
MOCK04293,COPD_SPIROMETRY,2025-07-23,2026-03-08,True,False
MOCK04299,COPD_SPIROMETRY,2025-07-24,2025-12-21,True,False
MOCK04305,COPD_SPIROMETRY,2025-07-03,,True,False
MOCK04311,COPD_SPIROMETRY,2025-07-30,2026-04-11,True,False
MOCK04317,COPD_SPIROMETRY,2025-07-21,,True,False
MOCK04323,COPD_SPIROMETRY,2025-07-09,2026-03-17,True,True
MOCK04329,COPD_SPIROMETRY,2025-07-29,2026-02-09,True,False
MOCK04335,COPD_SPIROMETRY,2025-08-07,2026-02-27,True,True
MOCK04341,COPD_SPIROMETRY,2025-07-16,2026-03-26,True,False
MOCK04347,COPD_SPIROMETRY,2025-07-11,,True,False
MOCK04353,COPD_SPIROMETRY,2025-07-11,2026-05-25,True,True
MOCK04359,COPD_SPIROMETRY,2025-07-23,2025-12-02,True,False
MOCK04365,COPD_SPIROMETRY,2025-07-01,2026-03-26,True,False
MOCK04371,COPD_SPIROMETRY,2025-07-18,2026-05-03,True,False
MOCK04377,COPD_SPIROMETRY,2025-06-30,2026-02-16,True,False
MOCK04383,COPD_SPIROMETRY,2025-07-01,2025-12-22,True,False
MOCK04389,COPD_SPIROMETRY,2025-07-16,2026-02-09,True,False
MOCK04395,COPD_SPIROMETRY,2025-07-29,2026-04-13,True,True
MOCK04401,COPD_SPIROMETRY,2025-08-03,,True,True
MOCK04407,COPD_SPIROMETRY,2025-07-03,2026-03-08,True,False
MOCK04413,COPD_SPIROMETRY,2025-07-09,2026-05-20,True,True
MOCK04419,COPD_SPIROMETRY,2025-07-16,,True,True
MOCK04425,COPD_SPIROMETRY,2025-07-22,2026-02-25,True,True
MOCK04431,COPD_SPIROMETRY,2025-08-07,2026-03-10,True,True
MOCK04437,COPD_SPIROMETRY,2025-07-26,2025-12-08,True,False
MOCK04443,COPD_SPIROMETRY,2025-07-20,2026-01-15,True,True
MOCK04449,COPD_SPIROMETRY,2025-07-02,2025-12-11,True,True
MOCK04455,COPD_SPIROMETRY,2025-07-03,2025-12-24,True,False
MOCK04461,COPD_SPIROMETRY,2025-07-05,2026-04-06,True,False
MOCK04467,COPD_SPIROMETRY,2025-07-25,,True,True
MOCK04473,COPD_SPIROMETRY,2025-07-12,,True,False
MOCK04479,COPD_SPIROMETRY,2025-07-09,,True,True
MOCK04485,COPD_SPIROMETRY,2025-07-26,2026-04-05,True,False
MOCK04491,COPD_SPIROMETRY,2025-07-31,,True,True
MOCK04497,COPD_SPIROMETRY,2025-07-17,2026-04-24,True,True
MOCK04503,COPD_SPIROMETRY,2025-08-03,2026-05-24,True,True
MOCK04509,COPD_SPIROMETRY,2025-07-28,,True,False
MOCK04515,COPD_SPIROMETRY,2025-07-27,2026-02-20,True,True
MOCK04521,COPD_SPIROMETRY,2025-08-02,,True,False
MOCK04527,COPD_SPIROMETRY,2025-07-07,,True,False
MOCK04533,COPD_SPIROMETRY,2025-07-29,,True,True
MOCK04539,COPD_SPIROMETRY,2025-08-06,,True,False
MOCK04545,COPD_SPIROMETRY,2025-08-07,,True,True
MOCK04551,COPD_SPIROMETRY,2025-07-22,,True,True
MOCK04557,COPD_SPIROMETRY,2025-07-29,2026-02-01,True,True
MOCK04563,COPD_SPIROMETRY,2025-08-03,2025-11-12,True,True
MOCK04569,COPD_SPIROMETRY,2025-08-02,,True,True
MOCK04575,COPD_SPIROMETRY,2025-08-04,2026-02-22,True,False
MOCK04581,COPD_SPIROMETRY,2025-08-01,2025-11-09,True,False
MOCK04587,COPD_SPIROMETRY,2025-07-14,2025-11-13,True,True
MOCK04593,COPD_SPIROMETRY,2025-07-28,2026-02-17,True,True
MOCK04599,COPD_SPIROMETRY,2025-07-16,2026-05-05,True,False
MOCK04605,COPD_SPIROMETRY,2025-07-31,2026-01-06,True,True
MOCK04611,COPD_SPIROMETRY,2025-07-31,2026-02-20,True,False
MOCK04617,COPD_SPIROMETRY,2025-08-05,2026-03-23,True,False
MOCK04623,COPD_SPIROMETRY,2025-07-22,,True,True
MOCK04629,COPD_SPIROMETRY,2025-07-18,2025-12-11,True,False
MOCK04635,COPD_SPIROMETRY,2025-07-06,,True,False
MOCK04641,COPD_SPIROMETRY,2025-07-24,,True,False
MOCK04647,COPD_SPIROMETRY,2025-07-22,2026-04-24,True,False
MOCK04653,COPD_SPIROMETRY,2025-07-20,2026-04-09,True,True
MOCK04659,COPD_SPIROMETRY,2025-07-26,2025-12-08,True,False
MOCK04665,COPD_SPIROMETRY,2025-08-02,2026-04-27,True,True
MOCK04671,COPD_SPIROMETRY,2025-07-05,2026-01-02,True,True
MOCK04677,COPD_SPIROMETRY,2025-07-16,,True,False
MOCK04683,COPD_SPIROMETRY,2025-07-28,2026-05-25,True,True
MOCK04689,COPD_SPIROMETRY,2025-07-31,2026-04-10,True,False
MOCK04695,COPD_SPIROMETRY,2025-07-30,2025-11-30,True,False
MOCK04701,COPD_SPIROMETRY,2025-07-31,,True,False
MOCK04707,COPD_SPIROMETRY,2025-08-02,2026-02-20,True,False
MOCK04713,COPD_SPIROMETRY,2025-08-06,2026-02-20,True,False
MOCK04719,COPD_SPIROMETRY,2025-07-23,2025-11-24,True,False
MOCK04725,COPD_SPIROMETRY,2025-07-09,,True,False
MOCK04731,COPD_SPIROMETRY,2025-07-21,,True,False
MOCK04737,COPD_SPIROMETRY,2025-07-27,2026-05-15,True,False
MOCK04743,COPD_SPIROMETRY,2025-07-03,,True,True
MOCK04749,COPD_SPIROMETRY,2025-07-29,2025-12-09,True,True
MOCK04755,COPD_SPIROMETRY,2025-07-21,2026-05-15,True,True
MOCK04761,COPD_SPIROMETRY,2025-08-05,,True,True
MOCK04767,COPD_SPIROMETRY,2025-07-08,,True,True
MOCK04773,COPD_SPIROMETRY,2025-08-04,,True,False
MOCK04779,COPD_SPIROMETRY,2025-07-17,,True,False
MOCK04785,COPD_SPIROMETRY,2025-07-22,2026-02-26,True,False
MOCK04791,COPD_SPIROMETRY,2025-07-25,2026-04-07,True,False
MOCK04797,COPD_SPIROMETRY,2025-07-22,,True,False
MOCK04803,COPD_SPIROMETRY,2025-08-04,2025-11-17,True,False
MOCK04809,COPD_SPIROMETRY,2025-07-06,2026-05-26,True,False
MOCK04815,COPD_SPIROMETRY,2025-07-28,2026-02-27,True,True
MOCK04821,COPD_SPIROMETRY,2025-08-07,2026-04-02,True,False
MOCK04827,COPD_SPIROMETRY,2025-07-08,2026-02-14,True,True
MOCK04833,COPD_SPIROMETRY,2025-07-09,,True,True
MOCK04839,COPD_SPIROMETRY,2025-07-18,2026-02-03,True,True
MOCK04845,COPD_SPIROMETRY,2025-07-28,2026-03-26,True,False
MOCK04851,COPD_SPIROMETRY,2025-08-06,,True,False
MOCK04857,COPD_SPIROMETRY,2025-07-31,,True,True
MOCK04863,COPD_SPIROMETRY,2025-07-30,2026-01-07,True,False
MOCK04869,COPD_SPIROMETRY,2025-07-17,2025-12-12,True,True
MOCK04875,COPD_SPIROMETRY,2025-07-25,2026-01-03,True,True
MOCK04881,COPD_SPIROMETRY,2025-07-08,,True,True
MOCK04887,COPD_SPIROMETRY,2025-07-18,,True,True
MOCK04893,COPD_SPIROMETRY,2025-07-07,2026-05-09,True,False
MOCK04899,COPD_SPIROMETRY,2025-07-01,2026-02-06,True,True
MOCK04905,COPD_SPIROMETRY,2025-08-02,2025-12-03,True,True
MOCK04911,COPD_SPIROMETRY,2025-07-31,,True,True
MOCK04917,COPD_SPIROMETRY,2025-07-19,2026-04-06,True,False
MOCK04923,COPD_SPIROMETRY,2025-06-30,,True,False
MOCK04929,COPD_SPIROMETRY,2025-07-03,2026-02-20,True,False
MOCK04935,COPD_SPIROMETRY,2025-07-04,2025-12-15,True,False
MOCK04941,COPD_SPIROMETRY,2025-07-27,2025-12-21,True,False
MOCK04947,COPD_SPIROMETRY,2025-07-07,2026-04-25,True,True
MOCK04953,COPD_SPIROMETRY,2025-07-09,2026-01-07,True,True
MOCK04959,COPD_SPIROMETRY,2025-08-02,2025-12-18,True,False
MOCK04965,COPD_SPIROMETRY,2025-08-03,2026-05-26,True,True
MOCK04971,COPD_SPIROMETRY,2025-07-29,,True,False
MOCK04977,COPD_SPIROMETRY,2025-07-12,2025-12-10,True,False
MOCK04983,COPD_SPIROMETRY,2025-07-22,2025-11-27,True,True
MOCK04989,COPD_SPIROMETRY,2025-07-07,2026-05-08,True,False
MOCK04995,COPD_SPIROMETRY,2025-08-02,,True,True
MOCK05001,COPD_SPIROMETRY,2025-07-03,2026-01-31,True,True
MOCK05007,COPD_SPIROMETRY,2025-07-29,2025-12-29,True,False
MOCK05013,COPD_SPIROMETRY,2025-07-19,2025-11-06,True,False
MOCK05019,COPD_SPIROMETRY,2025-07-29,2026-02-21,True,True
MOCK05025,COPD_SPIROMETRY,2025-07-17,,True,True
MOCK05031,COPD_SPIROMETRY,2025-07-06,,True,True
MOCK05037,COPD_SPIROMETRY,2025-07-29,2026-03-12,True,True
MOCK05043,COPD_SPIROMETRY,2025-07-24,2026-05-21,True,True
MOCK05049,COPD_SPIROMETRY,2025-07-18,,True,True
MOCK05055,COPD_SPIROMETRY,2025-07-14,2026-03-26,True,False
MOCK05061,COPD_SPIROMETRY,2025-07-13,,True,False
MOCK05067,COPD_SPIROMETRY,2025-07-18,,True,False
MOCK05073,COPD_SPIROMETRY,2025-07-10,2026-02-26,True,False
MOCK05079,COPD_SPIROMETRY,2025-07-11,2026-01-11,True,False
MOCK05085,COPD_SPIROMETRY,2025-07-10,,True,False
MOCK05091,COPD_SPIROMETRY,2025-06-30,2025-11-17,True,False
MOCK05097,COPD_SPIROMETRY,2025-08-05,2026-02-11,True,False
MOCK05103,COPD_SPIROMETRY,2025-07-09,,True,False
MOCK05109,COPD_SPIROMETRY,2025-07-06,2026-03-25,True,False
MOCK05115,COPD_SPIROMETRY,2025-07-05,2026-04-10,True,False
MOCK05121,COPD_SPIROMETRY,2025-08-07,,True,True
MOCK05127,COPD_SPIROMETRY,2025-07-18,2026-05-06,True,True
MOCK05133,COPD_SPIROMETRY,2025-07-12,2025-12-22,True,True
MOCK05139,COPD_SPIROMETRY,2025-07-15,,True,True
MOCK05145,COPD_SPIROMETRY,2025-07-03,,True,True
MOCK05151,COPD_SPIROMETRY,2025-07-12,2026-03-18,True,True
MOCK05157,COPD_SPIROMETRY,2025-07-09,2026-01-07,True,True
MOCK05163,COPD_SPIROMETRY,2025-07-31,2026-01-15,True,False
MOCK05169,COPD_SPIROMETRY,2025-07-02,2026-02-08,True,True
MOCK05175,COPD_SPIROMETRY,2025-07-16,2025-12-24,True,True
MOCK05181,COPD_SPIROMETRY,2025-07-30,,True,True
MOCK05187,COPD_SPIROMETRY,2025-08-01,,True,True
MOCK05193,COPD_SPIROMETRY,2025-07-19,,True,False
MOCK05199,COPD_SPIROMETRY,2025-07-08,,True,False
MOCK05205,COPD_SPIROMETRY,2025-07-13,2026-05-13,True,True
MOCK05211,COPD_SPIROMETRY,2025-07-08,,True,False
MOCK05217,COPD_SPIROMETRY,2025-07-25,,True,True
MOCK05223,COPD_SPIROMETRY,2025-07-11,2025-11-01,True,False
MOCK05229,COPD_SPIROMETRY,2025-07-24,2026-04-18,True,False
MOCK05235,COPD_SPIROMETRY,2025-07-25,2025-11-08,True,False
MOCK05241,COPD_SPIROMETRY,2025-08-05,2026-02-19,True,True
MOCK05247,COPD_SPIROMETRY,2025-07-14,,True,False
MOCK05253,COPD_SPIROMETRY,2025-08-06,2026-02-10,True,False
MOCK05259,COPD_SPIROMETRY,2025-07-15,2025-12-15,True,False
MOCK05265,COPD_SPIROMETRY,2025-07-26,2026-05-25,True,True
MOCK05271,COPD_SPIROMETRY,2025-07-25,,True,False
MOCK05277,COPD_SPIROMETRY,2025-07-31,2026-01-11,True,True
MOCK05283,COPD_SPIROMETRY,2025-07-18,2026-01-02,True,True
MOCK05289,COPD_SPIROMETRY,2025-07-30,2026-04-15,True,False
MOCK05295,COPD_SPIROMETRY,2025-07-13,2026-03-27,True,True
MOCK05301,COPD_SPIROMETRY,2025-07-19,,True,True
MOCK05307,COPD_SPIROMETRY,2025-07-19,2025-12-18,True,False
MOCK05313,COPD_SPIROMETRY,2025-07-27,2026-05-02,True,False
MOCK05319,COPD_SPIROMETRY,2025-07-24,2025-12-21,True,False
MOCK05325,COPD_SPIROMETRY,2025-07-03,2025-11-24,True,False
MOCK05331,COPD_SPIROMETRY,2025-07-31,,True,False
MOCK05337,COPD_SPIROMETRY,2025-07-29,2026-02-08,True,False
MOCK05343,COPD_SPIROMETRY,2025-07-04,,True,True
MOCK05349,COPD_SPIROMETRY,2025-08-06,2026-01-14,True,True
MOCK05355,COPD_SPIROMETRY,2025-07-25,2026-03-01,True,False
MOCK05361,COPD_SPIROMETRY,2025-07-03,,True,True
MOCK05367,COPD_SPIROMETRY,2025-07-19,,True,True
MOCK05373,COPD_SPIROMETRY,2025-08-01,,True,False
MOCK05379,COPD_SPIROMETRY,2025-07-10,,True,True
MOCK05385,COPD_SPIROMETRY,2025-08-05,,True,True
MOCK05391,COPD_SPIROMETRY,2025-07-16,2026-04-23,True,False
MOCK05397,COPD_SPIROMETRY,2025-07-08,,True,True
MOCK05403,COPD_SPIROMETRY,2025-07-13,2025-11-30,True,False
MOCK05409,COPD_SPIROMETRY,2025-07-20,,True,True
MOCK05415,COPD_SPIROMETRY,2025-07-26,,True,False
MOCK05421,COPD_SPIROMETRY,2025-08-05,2026-04-27,True,True
MOCK05427,COPD_SPIROMETRY,2025-07-07,2025-12-05,True,False
MOCK05433,COPD_SPIROMETRY,2025-08-06,2026-04-21,True,True
MOCK05439,COPD_SPIROMETRY,2025-07-20,2026-01-07,True,True
MOCK05445,COPD_SPIROMETRY,2025-07-04,2025-12-30,True,False
MOCK05451,COPD_SPIROMETRY,2025-08-05,2026-05-23,True,True
MOCK05457,COPD_SPIROMETRY,2025-07-13,2025-12-01,True,False
MOCK05463,COPD_SPIROMETRY,2025-07-24,2026-01-17,True,True
MOCK05469,COPD_SPIROMETRY,2025-07-27,,True,True
MOCK05475,COPD_SPIROMETRY,2025-06-30,,True,True
MOCK05481,COPD_SPIROMETRY,2025-07-08,,True,False
MOCK05487,COPD_SPIROMETRY,2025-07-26,2025-12-06,True,True
MOCK05493,COPD_SPIROMETRY,2025-07-12,2026-03-01,True,True
MOCK05499,COPD_SPIROMETRY,2025-06-30,,True,False
MOCK05505,COPD_SPIROMETRY,2025-06-30,,True,True
MOCK05511,COPD_SPIROMETRY,2025-08-01,2026-03-03,True,False
MOCK05517,COPD_SPIROMETRY,2025-07-05,2026-02-14,True,False
MOCK05523,COPD_SPIROMETRY,2025-07-03,,True,False
MOCK05529,COPD_SPIROMETRY,2025-07-21,2026-01-10,True,False
MOCK05535,COPD_SPIROMETRY,2025-07-04,2025-11-13,True,True
MOCK05541,COPD_SPIROMETRY,2025-07-25,,True,False
MOCK05547,COPD_SPIROMETRY,2025-07-21,,True,False
MOCK05553,COPD_SPIROMETRY,2025-07-25,,True,True
MOCK05559,COPD_SPIROMETRY,2025-07-19,2026-05-21,True,False
MOCK05565,COPD_SPIROMETRY,2025-07-30,2026-02-12,True,False
MOCK05571,COPD_SPIROMETRY,2025-07-25,2025-12-16,True,True
MOCK05577,COPD_SPIROMETRY,2025-07-16,,True,True
MOCK05583,COPD_SPIROMETRY,2025-06-30,2026-05-04,True,False
MOCK05589,COPD_SPIROMETRY,2025-07-10,2026-02-10,True,False
MOCK05595,COPD_SPIROMETRY,2025-07-05,,True,False
MOCK05601,COPD_SPIROMETRY,2025-06-30,2025-12-20,True,True
MOCK05607,COPD_SPIROMETRY,2025-07-10,,True,True
MOCK05613,COPD_SPIROMETRY,2025-07-08,2026-02-03,True,True
MOCK05619,COPD_SPIROMETRY,2025-07-02,,True,True
MOCK05625,COPD_SPIROMETRY,2025-07-12,,True,False
MOCK05631,COPD_SPIROMETRY,2025-07-19,2025-11-06,True,True
MOCK05637,COPD_SPIROMETRY,2025-07-06,2026-05-03,True,True
MOCK05643,COPD_SPIROMETRY,2025-07-10,2026-02-06,True,False
MOCK05649,COPD_SPIROMETRY,2025-06-30,2026-03-13,True,True
MOCK05655,COPD_SPIROMETRY,2025-07-01,2025-12-24,True,True
MOCK05661,COPD_SPIROMETRY,2025-07-06,2025-11-10,True,False
MOCK05667,COPD_SPIROMETRY,2025-07-17,2026-04-14,True,True
MOCK05673,COPD_SPIROMETRY,2025-07-25,,True,False
MOCK05679,COPD_SPIROMETRY,2025-07-30,,True,True
MOCK05685,COPD_SPIROMETRY,2025-07-24,,True,True
MOCK05691,COPD_SPIROMETRY,2025-07-24,2026-03-03,True,False
MOCK05697,COPD_SPIROMETRY,2025-08-05,2026-03-16,True,True
MOCK05703,COPD_SPIROMETRY,2025-07-09,2025-12-19,True,False
MOCK05709,COPD_SPIROMETRY,2025-07-31,2025-12-24,True,True
MOCK05715,COPD_SPIROMETRY,2025-08-05,2026-02-01,True,False
MOCK05721,COPD_SPIROMETRY,2025-07-22,2026-01-31,True,True
MOCK05727,COPD_SPIROMETRY,2025-08-01,,True,False
MOCK05733,COPD_SPIROMETRY,2025-07-05,2025-12-12,True,False
MOCK05739,COPD_SPIROMETRY,2025-08-03,2026-01-16,True,False
MOCK05745,COPD_SPIROMETRY,2025-07-21,,True,True
MOCK05751,COPD_SPIROMETRY,2025-07-08,,True,False
MOCK05757,COPD_SPIROMETRY,2025-07-02,,True,False
MOCK05763,COPD_SPIROMETRY,2025-07-28,2026-01-09,True,True
MOCK05769,COPD_SPIROMETRY,2025-07-16,2026-04-12,True,False
MOCK05775,COPD_SPIROMETRY,2025-07-12,2026-05-18,True,True
MOCK05781,COPD_SPIROMETRY,2025-07-15,,True,True
MOCK05787,COPD_SPIROMETRY,2025-08-07,,True,False
MOCK05793,COPD_SPIROMETRY,2025-07-16,,True,True
MOCK05799,COPD_SPIROMETRY,2025-07-03,2026-03-20,True,True
MOCK05805,COPD_SPIROMETRY,2025-07-10,2026-04-18,True,False
MOCK05811,COPD_SPIROMETRY,2025-07-05,,True,False
MOCK05817,COPD_SPIROMETRY,2025-07-26,,True,True
MOCK05823,COPD_SPIROMETRY,2025-07-31,2026-05-09,True,True
MOCK05829,COPD_SPIROMETRY,2025-08-01,2025-12-20,True,True
MOCK05835,COPD_SPIROMETRY,2025-07-24,2026-01-01,True,False
MOCK05841,COPD_SPIROMETRY,2025-07-29,2026-01-13,True,False
MOCK05847,COPD_SPIROMETRY,2025-07-16,,True,False
MOCK05853,COPD_SPIROMETRY,2025-07-24,,True,False
MOCK05859,COPD_SPIROMETRY,2025-07-04,2026-02-16,True,False
MOCK05865,COPD_SPIROMETRY,2025-07-20,2026-02-07,True,True
MOCK05871,COPD_SPIROMETRY,2025-07-21,,True,True
MOCK05877,COPD_SPIROMETRY,2025-07-01,2026-04-24,True,True
MOCK05883,COPD_SPIROMETRY,2025-07-21,2025-11-17,True,True
MOCK05889,COPD_SPIROMETRY,2025-07-28,2025-12-19,True,True
MOCK05895,COPD_SPIROMETRY,2025-07-14,2026-03-23,True,False
MOCK05901,COPD_SPIROMETRY,2025-07-21,2025-12-15,True,True
MOCK05907,COPD_SPIROMETRY,2025-07-11,2026-03-24,True,True
MOCK05913,COPD_SPIROMETRY,2025-07-10,2026-04-26,True,False
MOCK05919,COPD_SPIROMETRY,2025-07-05,2026-01-30,True,False
MOCK05925,COPD_SPIROMETRY,2025-07-12,2026-05-05,True,True
MOCK05931,COPD_SPIROMETRY,2025-07-31,2026-03-23,True,False
MOCK05937,COPD_SPIROMETRY,2025-08-05,2026-02-02,True,False
MOCK05943,COPD_SPIROMETRY,2025-07-24,2025-11-16,True,True
MOCK05949,COPD_SPIROMETRY,2025-07-24,2026-05-03,True,False
MOCK05955,COPD_SPIROMETRY,2025-07-23,2026-02-01,True,True
MOCK05961,COPD_SPIROMETRY,2025-07-18,,True,True
MOCK05967,COPD_SPIROMETRY,2025-07-16,2025-12-11,True,True
MOCK05973,COPD_SPIROMETRY,2025-07-24,,True,True
MOCK05979,COPD_SPIROMETRY,2025-07-30,,True,False
MOCK05985,COPD_SPIROMETRY,2025-07-16,2025-11-21,True,False
MOCK05991,COPD_SPIROMETRY,2025-07-22,2026-03-02,True,True
MOCK05997,COPD_SPIROMETRY,2025-07-18,,True,False
MOCK06003,COPD_SPIROMETRY,2025-07-11,,True,True
MOCK06009,COPD_SPIROMETRY,2025-07-11,2026-02-28,True,True
MOCK06015,COPD_SPIROMETRY,2025-07-03,2025-11-15,True,False
MOCK06021,COPD_SPIROMETRY,2025-07-17,2026-03-19,True,True
MOCK06027,COPD_SPIROMETRY,2025-07-27,,True,False
MOCK06033,COPD_SPIROMETRY,2025-07-26,2026-04-28,True,True
MOCK06039,COPD_SPIROMETRY,2025-08-07,2026-01-01,True,False
MOCK06045,COPD_SPIROMETRY,2025-07-01,2025-12-04,True,True
MOCK06051,COPD_SPIROMETRY,2025-07-29,2026-02-23,True,True
MOCK06057,COPD_SPIROMETRY,2025-07-31,,True,False
MOCK06063,COPD_SPIROMETRY,2025-07-17,,True,False
MOCK06069,COPD_SPIROMETRY,2025-07-11,,True,True
MOCK06075,COPD_SPIROMETRY,2025-07-13,2026-04-27,True,False
MOCK06081,COPD_SPIROMETRY,2025-07-26,,True,True
MOCK06087,COPD_SPIROMETRY,2025-08-02,,True,True
MOCK06093,COPD_SPIROMETRY,2025-07-25,,True,True
MOCK06099,COPD_SPIROMETRY,2025-07-20,2026-04-06,True,False
MOCK06105,COPD_SPIROMETRY,2025-07-25,,True,False
MOCK06111,COPD_SPIROMETRY,2025-07-02,2025-11-03,True,False
MOCK06117,COPD_SPIROMETRY,2025-07-23,,True,False
MOCK06123,COPD_SPIROMETRY,2025-07-01,,True,True
MOCK06129,COPD_SPIROMETRY,2025-08-06,2026-04-29,True,True
MOCK06135,COPD_SPIROMETRY,2025-08-03,,True,True
MOCK06141,COPD_SPIROMETRY,2025-07-19,2026-03-28,True,False
MOCK06147,COPD_SPIROMETRY,2025-07-14,2025-12-27,True,True
MOCK06153,COPD_SPIROMETRY,2025-07-28,2026-04-19,True,False
MOCK06159,COPD_SPIROMETRY,2025-07-24,2026-03-12,True,False
MOCK06165,COPD_SPIROMETRY,2025-07-27,2025-11-07,True,False
MOCK06171,COPD_SPIROMETRY,2025-07-20,2025-11-26,True,True
MOCK06177,COPD_SPIROMETRY,2025-07-09,2026-04-04,True,True
MOCK06183,COPD_SPIROMETRY,2025-07-02,2026-01-24,True,False
MOCK06189,COPD_SPIROMETRY,2025-07-11,,True,False
MOCK06195,COPD_SPIROMETRY,2025-07-20,,True,False
MOCK06201,COPD_SPIROMETRY,2025-07-16,,True,False
MOCK06207,COPD_SPIROMETRY,2025-07-19,,True,False
MOCK06213,COPD_SPIROMETRY,2025-07-10,,True,True
MOCK06219,COPD_SPIROMETRY,2025-08-05,,True,False
MOCK06225,COPD_SPIROMETRY,2025-07-14,2026-04-15,True,True
MOCK06231,COPD_SPIROMETRY,2025-08-02,2026-03-27,True,False
MOCK06237,COPD_SPIROMETRY,2025-07-15,2026-05-07,True,True
MOCK06243,COPD_SPIROMETRY,2025-07-17,,True,True
MOCK06249,COPD_SPIROMETRY,2025-07-23,,True,True
MOCK06255,COPD_SPIROMETRY,2025-07-10,2025-11-20,True,False
MOCK06261,COPD_SPIROMETRY,2025-07-08,2026-04-30,True,False
MOCK06267,COPD_SPIROMETRY,2025-07-14,,True,True
MOCK06273,COPD_SPIROMETRY,2025-07-31,2025-11-18,True,True
MOCK06279,COPD_SPIROMETRY,2025-07-05,2026-03-01,True,True
MOCK06285,COPD_SPIROMETRY,2025-07-17,2025-11-18,True,True
MOCK06291,COPD_SPIROMETRY,2025-07-26,2025-11-14,True,False
MOCK06297,COPD_SPIROMETRY,2025-07-27,2026-01-03,True,True
MOCK06303,COPD_SPIROMETRY,2025-07-16,2026-01-19,True,False
MOCK06309,COPD_SPIROMETRY,2025-07-03,,True,False
MOCK06315,COPD_SPIROMETRY,2025-06-30,2026-01-17,True,True
MOCK06321,COPD_SPIROMETRY,2025-07-18,,True,False
MOCK06327,COPD_SPIROMETRY,2025-07-31,2026-03-07,True,False
MOCK06333,COPD_SPIROMETRY,2025-07-01,2025-11-29,True,False
MOCK06339,COPD_SPIROMETRY,2025-08-03,2025-12-24,True,False
MOCK06345,COPD_SPIROMETRY,2025-07-26,,True,True
MOCK06351,COPD_SPIROMETRY,2025-06-30,,True,True
MOCK06357,COPD_SPIROMETRY,2025-07-13,,True,False
MOCK06363,COPD_SPIROMETRY,2025-07-08,,True,True
MOCK06369,COPD_SPIROMETRY,2025-08-06,,True,False
MOCK06375,COPD_SPIROMETRY,2025-07-21,,True,False
MOCK06381,COPD_SPIROMETRY,2025-07-12,2025-12-10,True,True
MOCK06387,COPD_SPIROMETRY,2025-07-10,2025-11-01,True,True
MOCK06393,COPD_SPIROMETRY,2025-07-21,2026-02-09,True,True
MOCK06399,COPD_SPIROMETRY,2025-06-30,,True,False
MOCK06405,COPD_SPIROMETRY,2025-07-10,,True,True
MOCK06411,COPD_SPIROMETRY,2025-07-06,2025-12-18,True,True
MOCK06417,COPD_SPIROMETRY,2025-07-24,2025-12-18,True,False
MOCK06423,COPD_SPIROMETRY,2025-07-26,2026-01-17,True,False
MOCK06429,COPD_SPIROMETRY,2025-07-18,,True,False
MOCK06435,COPD_SPIROMETRY,2025-07-05,,True,False
MOCK06441,COPD_SPIROMETRY,2025-07-14,,True,True
MOCK06447,COPD_SPIROMETRY,2025-08-01,,True,False
MOCK06453,COPD_SPIROMETRY,2025-07-07,2026-04-07,True,False
MOCK06459,COPD_SPIROMETRY,2025-07-06,2026-04-04,True,True
MOCK06465,COPD_SPIROMETRY,2025-07-04,2026-02-11,True,True
MOCK06471,COPD_SPIROMETRY,2025-07-31,2026-02-23,True,True
MOCK06477,COPD_SPIROMETRY,2025-07-04,,True,False
MOCK06483,COPD_SPIROMETRY,2025-07-22,2026-01-28,True,False
MOCK06489,COPD_SPIROMETRY,2025-08-07,,True,False
MOCK06495,COPD_SPIROMETRY,2025-07-25,,True,False
MOCK06501,COPD_SPIROMETRY,2025-07-16,2026-04-11,True,False
MOCK06507,COPD_SPIROMETRY,2025-07-08,,True,False
MOCK06513,COPD_SPIROMETRY,2025-06-30,,True,False
MOCK06519,COPD_SPIROMETRY,2025-07-06,,True,False
MOCK06525,COPD_SPIROMETRY,2025-08-06,2026-04-14,True,True
MOCK06531,COPD_SPIROMETRY,2025-07-05,,True,False
MOCK06537,COPD_SPIROMETRY,2025-06-30,2025-12-05,True,False
MOCK06543,COPD_SPIROMETRY,2025-07-31,2026-02-13,True,True
MOCK06549,COPD_SPIROMETRY,2025-07-16,,True,False
MOCK06555,COPD_SPIROMETRY,2025-07-13,,True,False
MOCK06561,COPD_SPIROMETRY,2025-07-27,2025-11-23,True,True
MOCK06567,COPD_SPIROMETRY,2025-07-20,,True,False
MOCK06573,COPD_SPIROMETRY,2025-08-04,2025-12-13,True,True
MOCK06579,COPD_SPIROMETRY,2025-07-18,,True,False
MOCK06585,COPD_SPIROMETRY,2025-07-27,,True,False
MOCK06591,COPD_SPIROMETRY,2025-08-03,2026-04-23,True,True
MOCK06597,COPD_SPIROMETRY,2025-07-18,2025-12-07,True,True
MOCK06603,COPD_SPIROMETRY,2025-07-11,2026-03-24,True,True
MOCK06609,COPD_SPIROMETRY,2025-08-07,2025-12-21,True,True
MOCK06615,COPD_SPIROMETRY,2025-07-08,2025-12-13,True,False
MOCK06621,COPD_SPIROMETRY,2025-07-01,,True,True
MOCK06627,COPD_SPIROMETRY,2025-07-22,,True,False
MOCK06633,COPD_SPIROMETRY,2025-08-07,,True,True
MOCK06639,COPD_SPIROMETRY,2025-07-03,2025-12-07,True,True
MOCK06645,COPD_SPIROMETRY,2025-08-02,,True,False
MOCK06651,COPD_SPIROMETRY,2025-08-01,2026-05-05,True,False
MOCK06657,COPD_SPIROMETRY,2025-08-05,2025-12-21,True,False
MOCK06663,COPD_SPIROMETRY,2025-07-16,,True,False
MOCK06669,COPD_SPIROMETRY,2025-07-09,,True,False
MOCK06675,COPD_SPIROMETRY,2025-07-19,2026-02-20,True,True
MOCK06681,COPD_SPIROMETRY,2025-07-05,,True,True
MOCK06687,COPD_SPIROMETRY,2025-08-01,,True,False
MOCK06693,COPD_SPIROMETRY,2025-07-25,,True,True
MOCK06699,COPD_SPIROMETRY,2025-07-18,2025-12-27,True,False
MOCK06705,COPD_SPIROMETRY,2025-07-20,2026-05-15,True,False
MOCK06711,COPD_SPIROMETRY,2025-07-27,,True,False
MOCK06717,COPD_SPIROMETRY,2025-07-20,,True,False
MOCK06723,COPD_SPIROMETRY,2025-08-01,2025-11-01,True,False
MOCK06729,COPD_SPIROMETRY,2025-08-05,2026-04-09,True,True
MOCK06735,COPD_SPIROMETRY,2025-08-06,,True,False
MOCK06741,COPD_SPIROMETRY,2025-07-24,,True,False
MOCK06747,COPD_SPIROMETRY,2025-07-28,,True,True
MOCK06753,COPD_SPIROMETRY,2025-07-12,,True,False
MOCK06759,COPD_SPIROMETRY,2025-07-01,2026-02-05,True,False
MOCK06765,COPD_SPIROMETRY,2025-07-15,2025-11-27,True,True
MOCK06771,COPD_SPIROMETRY,2025-08-02,2026-03-07,True,False
MOCK06777,COPD_SPIROMETRY,2025-07-05,,True,False
MOCK06783,COPD_SPIROMETRY,2025-07-21,2026-05-02,True,True
MOCK06789,COPD_SPIROMETRY,2025-07-07,,True,False
MOCK06795,COPD_SPIROMETRY,2025-07-16,,True,True
MOCK06801,COPD_SPIROMETRY,2025-07-05,2025-11-20,True,True
MOCK06807,COPD_SPIROMETRY,2025-07-28,2026-02-02,True,True
MOCK06813,COPD_SPIROMETRY,2025-07-31,2026-04-02,True,False
MOCK06819,COPD_SPIROMETRY,2025-07-29,2026-01-21,True,True
MOCK06825,COPD_SPIROMETRY,2025-07-27,2026-01-05,True,True
MOCK06831,COPD_SPIROMETRY,2025-07-09,2026-04-22,True,False
MOCK06837,COPD_SPIROMETRY,2025-07-20,,True,True
MOCK06843,COPD_SPIROMETRY,2025-07-04,,True,True
MOCK06849,COPD_SPIROMETRY,2025-07-14,2026-02-07,True,True
MOCK06855,COPD_SPIROMETRY,2025-07-19,,True,False
MOCK06861,COPD_SPIROMETRY,2025-07-26,,True,False
MOCK06867,COPD_SPIROMETRY,2025-07-03,2026-02-15,True,False
MOCK06873,COPD_SPIROMETRY,2025-07-31,2026-03-13,True,True
MOCK06879,COPD_SPIROMETRY,2025-07-17,2026-04-12,True,False
MOCK06885,COPD_SPIROMETRY,2025-08-03,2026-02-23,True,False
MOCK06891,COPD_SPIROMETRY,2025-07-20,,True,True
MOCK06897,COPD_SPIROMETRY,2025-07-21,2025-11-19,True,True
MOCK06903,COPD_SPIROMETRY,2025-07-27,,True,True
MOCK06909,COPD_SPIROMETRY,2025-07-31,2025-12-22,True,True
MOCK06915,COPD_SPIROMETRY,2025-07-06,2026-02-13,True,True
MOCK06921,COPD_SPIROMETRY,2025-07-19,2026-05-01,True,False
MOCK06927,COPD_SPIROMETRY,2025-07-01,,True,False
MOCK06933,COPD_SPIROMETRY,2025-07-18,2025-12-23,True,False
MOCK06939,COPD_SPIROMETRY,2025-07-31,,True,True
MOCK06945,COPD_SPIROMETRY,2025-08-02,2025-11-20,True,False
MOCK06951,COPD_SPIROMETRY,2025-07-11,2026-04-08,True,False
MOCK06957,COPD_SPIROMETRY,2025-07-15,2025-12-15,True,False
MOCK06963,COPD_SPIROMETRY,2025-07-21,2026-01-29,True,True
MOCK06969,COPD_SPIROMETRY,2025-07-15,2025-12-17,True,False
MOCK06975,COPD_SPIROMETRY,2025-07-06,,True,True
MOCK06981,COPD_SPIROMETRY,2025-07-11,2026-02-02,True,False
MOCK06987,COPD_SPIROMETRY,2025-07-15,,True,False
MOCK06993,COPD_SPIROMETRY,2025-07-20,2026-02-20,True,False
MOCK06999,COPD_SPIROMETRY,2025-08-04,2026-04-26,True,False
MOCK07005,COPD_SPIROMETRY,2025-07-21,,True,False
MOCK07011,COPD_SPIROMETRY,2025-07-15,,True,False
MOCK07017,COPD_SPIROMETRY,2025-07-25,,True,True
MOCK07023,COPD_SPIROMETRY,2025-07-30,2026-05-02,True,True
MOCK07029,COPD_SPIROMETRY,2025-07-16,2025-11-21,True,False
MOCK07035,COPD_SPIROMETRY,2025-07-19,,True,False
MOCK07041,COPD_SPIROMETRY,2025-07-08,2026-05-16,True,False
MOCK07047,COPD_SPIROMETRY,2025-08-02,2026-05-22,True,True
MOCK07053,COPD_SPIROMETRY,2025-08-02,,True,False
MOCK07059,COPD_SPIROMETRY,2025-07-06,,True,True
MOCK07065,COPD_SPIROMETRY,2025-07-13,2025-12-17,True,True
MOCK07071,COPD_SPIROMETRY,2025-07-10,2026-05-05,True,True
MOCK07077,COPD_SPIROMETRY,2025-08-04,2025-11-17,True,True
MOCK07083,COPD_SPIROMETRY,2025-07-02,2025-12-23,True,False
MOCK07089,COPD_SPIROMETRY,2025-07-08,2026-03-13,True,True
MOCK07095,COPD_SPIROMETRY,2025-07-12,,True,True
MOCK07101,COPD_SPIROMETRY,2025-07-21,,True,False
MOCK07107,COPD_SPIROMETRY,2025-07-09,2025-11-15,True,True
MOCK07113,COPD_SPIROMETRY,2025-07-20,,True,True
MOCK07119,COPD_SPIROMETRY,2025-07-29,2026-01-08,True,True
MOCK07125,COPD_SPIROMETRY,2025-08-01,2025-11-23,True,True
MOCK07131,COPD_SPIROMETRY,2025-07-03,2026-04-15,True,False
MOCK07137,COPD_SPIROMETRY,2025-07-05,2026-03-02,True,True
MOCK07143,COPD_SPIROMETRY,2025-07-03,2026-04-10,True,True
MOCK07149,COPD_SPIROMETRY,2025-08-04,2026-01-16,True,True
MOCK07155,COPD_SPIROMETRY,2025-07-25,2026-02-18,True,True
MOCK07161,COPD_SPIROMETRY,2025-07-20,2026-01-14,True,True
MOCK07167,COPD_SPIROMETRY,2025-07-30,,True,True
MOCK07173,COPD_SPIROMETRY,2025-07-22,2026-05-23,True,True
MOCK07179,COPD_SPIROMETRY,2025-07-09,2026-01-11,True,True
MOCK07185,COPD_SPIROMETRY,2025-07-19,2025-11-21,True,False
MOCK07191,COPD_SPIROMETRY,2025-07-27,,True,True
MOCK07197,COPD_SPIROMETRY,2025-07-01,2026-02-17,True,True
MOCK07203,COPD_SPIROMETRY,2025-07-23,,True,False
MOCK07209,COPD_SPIROMETRY,2025-07-19,,True,True
MOCK07215,COPD_SPIROMETRY,2025-07-02,2026-02-13,True,False
MOCK07221,COPD_SPIROMETRY,2025-07-10,,True,True
MOCK07227,COPD_SPIROMETRY,2025-07-17,2025-12-16,True,False
MOCK07233,COPD_SPIROMETRY,2025-07-13,,True,False
MOCK07239,COPD_SPIROMETRY,2025-07-11,2026-04-24,True,True
MOCK07245,COPD_SPIROMETRY,2025-07-25,,True,True
MOCK07251,COPD_SPIROMETRY,2025-07-15,2025-12-26,True,False
MOCK07257,COPD_SPIROMETRY,2025-07-19,,True,False
MOCK07263,COPD_SPIROMETRY,2025-07-31,2025-11-16,True,True
MOCK07269,COPD_SPIROMETRY,2025-07-03,,True,False
MOCK07275,COPD_SPIROMETRY,2025-07-14,2026-04-29,True,True
MOCK07281,COPD_SPIROMETRY,2025-07-02,2026-05-26,True,False
MOCK07287,COPD_SPIROMETRY,2025-08-05,2026-04-26,True,True
MOCK07293,COPD_SPIROMETRY,2025-07-07,2026-02-09,True,False
MOCK07299,COPD_SPIROMETRY,2025-07-31,,True,True
MOCK07305,COPD_SPIROMETRY,2025-07-07,2026-05-18,True,False
MOCK07311,COPD_SPIROMETRY,2025-07-12,2026-01-18,True,True
MOCK07317,COPD_SPIROMETRY,2025-07-23,2026-01-26,True,False
MOCK07323,COPD_SPIROMETRY,2025-08-01,2025-12-29,True,False
MOCK07329,COPD_SPIROMETRY,2025-07-06,,True,False
MOCK07335,COPD_SPIROMETRY,2025-07-08,2026-03-17,True,False
MOCK07341,COPD_SPIROMETRY,2025-08-03,,True,False
MOCK07347,COPD_SPIROMETRY,2025-07-12,,True,False
MOCK07353,COPD_SPIROMETRY,2025-07-08,,True,True
MOCK07359,COPD_SPIROMETRY,2025-07-28,,True,False
MOCK07365,COPD_SPIROMETRY,2025-07-03,2026-05-19,True,False
MOCK07371,COPD_SPIROMETRY,2025-08-02,,True,True
MOCK07377,COPD_SPIROMETRY,2025-08-03,2026-03-14,True,True
MOCK07383,COPD_SPIROMETRY,2025-08-02,,True,False
MOCK07389,COPD_SPIROMETRY,2025-07-11,2026-03-28,True,False
MOCK07395,COPD_SPIROMETRY,2025-07-04,2026-03-01,True,False
MOCK07401,COPD_SPIROMETRY,2025-07-16,2025-12-12,True,False
MOCK07407,COPD_SPIROMETRY,2025-07-13,,True,True
MOCK07413,COPD_SPIROMETRY,2025-08-06,2026-04-27,True,False
MOCK07419,COPD_SPIROMETRY,2025-07-24,,True,False
MOCK07425,COPD_SPIROMETRY,2025-08-05,2026-03-08,True,False
MOCK07431,COPD_SPIROMETRY,2025-07-29,2025-12-02,True,False
MOCK07437,COPD_SPIROMETRY,2025-07-27,,True,False
MOCK07443,COPD_SPIROMETRY,2025-07-04,2026-01-18,True,False
MOCK07449,COPD_SPIROMETRY,2025-07-02,,True,False
MOCK07455,COPD_SPIROMETRY,2025-07-01,2025-12-31,True,False
MOCK07461,COPD_SPIROMETRY,2025-07-23,,True,False
MOCK07467,COPD_SPIROMETRY,2025-07-07,,True,True
MOCK07473,COPD_SPIROMETRY,2025-08-07,2025-12-08,True,True
MOCK07479,COPD_SPIROMETRY,2025-07-05,2026-04-13,True,False
MOCK07485,COPD_SPIROMETRY,2025-08-05,2026-03-12,True,False
MOCK07491,COPD_SPIROMETRY,2025-07-26,,True,False
MOCK07497,COPD_SPIROMETRY,2025-07-04,2026-01-22,True,False
MOCK07503,COPD_SPIROMETRY,2025-07-02,2026-04-18,True,True
MOCK07509,COPD_SPIROMETRY,2025-07-15,,True,True
MOCK07515,COPD_SPIROMETRY,2025-07-13,2026-02-19,True,False
MOCK07521,COPD_SPIROMETRY,2025-07-12,,True,False
MOCK07527,COPD_SPIROMETRY,2025-07-20,,True,True
MOCK07533,COPD_SPIROMETRY,2025-07-05,,True,True
MOCK07539,COPD_SPIROMETRY,2025-07-05,2026-03-05,True,True
MOCK07545,COPD_SPIROMETRY,2025-07-27,2026-01-05,True,False
MOCK07551,COPD_SPIROMETRY,2025-08-07,2026-03-04,True,False
MOCK07557,COPD_SPIROMETRY,2025-07-10,2025-11-08,True,True
MOCK07563,COPD_SPIROMETRY,2025-08-05,,True,True
MOCK07569,COPD_SPIROMETRY,2025-07-13,2026-05-02,True,False
MOCK07575,COPD_SPIROMETRY,2025-07-13,2026-04-13,True,False
MOCK07581,COPD_SPIROMETRY,2025-07-03,2026-04-09,True,False
MOCK07587,COPD_SPIROMETRY,2025-07-16,,True,True
MOCK07593,COPD_SPIROMETRY,2025-07-19,2026-03-29,True,True
MOCK07599,COPD_SPIROMETRY,2025-07-25,,True,True
MOCK07605,COPD_SPIROMETRY,2025-07-06,2026-04-07,True,False
MOCK07611,COPD_SPIROMETRY,2025-07-07,2025-12-22,True,True
MOCK07617,COPD_SPIROMETRY,2025-07-16,,True,False
MOCK07623,COPD_SPIROMETRY,2025-07-02,,True,False
MOCK07629,COPD_SPIROMETRY,2025-07-05,2026-03-03,True,False
MOCK07635,COPD_SPIROMETRY,2025-07-24,2026-05-05,True,True
MOCK07641,COPD_SPIROMETRY,2025-08-06,2026-04-30,True,True
MOCK07647,COPD_SPIROMETRY,2025-07-22,2026-01-09,True,False
MOCK07653,COPD_SPIROMETRY,2025-07-05,2026-01-24,True,True
MOCK07659,COPD_SPIROMETRY,2025-08-07,,True,False
MOCK07665,COPD_SPIROMETRY,2025-07-20,2026-03-16,True,True
MOCK07671,COPD_SPIROMETRY,2025-07-27,2026-02-15,True,False
MOCK07677,COPD_SPIROMETRY,2025-07-07,,True,False
MOCK07683,COPD_SPIROMETRY,2025-07-22,,True,True
MOCK07689,COPD_SPIROMETRY,2025-07-02,2026-04-09,True,False
MOCK07695,COPD_SPIROMETRY,2025-07-24,,True,False
MOCK07701,COPD_SPIROMETRY,2025-07-07,,True,False
MOCK07707,COPD_SPIROMETRY,2025-08-04,2026-04-16,True,True
MOCK07713,COPD_SPIROMETRY,2025-07-02,,True,True
MOCK07719,COPD_SPIROMETRY,2025-07-25,,True,False
MOCK07725,COPD_SPIROMETRY,2025-07-05,,True,True
MOCK07731,COPD_SPIROMETRY,2025-07-26,,True,False
MOCK07737,COPD_SPIROMETRY,2025-07-19,2025-12-23,True,True
MOCK07743,COPD_SPIROMETRY,2025-08-06,,True,False
MOCK07749,COPD_SPIROMETRY,2025-07-25,2026-03-17,True,True
MOCK07755,COPD_SPIROMETRY,2025-07-14,2025-11-14,True,False
MOCK07761,COPD_SPIROMETRY,2025-07-03,2025-12-06,True,True
MOCK07767,COPD_SPIROMETRY,2025-07-23,2026-02-13,True,True
MOCK07773,COPD_SPIROMETRY,2025-07-17,2025-10-29,True,True
MOCK07779,COPD_SPIROMETRY,2025-07-02,2026-05-17,True,False
MOCK07785,COPD_SPIROMETRY,2025-07-22,,True,True
MOCK07791,COPD_SPIROMETRY,2025-07-08,2025-11-06,True,False
MOCK07797,COPD_SPIROMETRY,2025-07-09,2026-03-23,True,True
MOCK07803,COPD_SPIROMETRY,2025-06-30,2025-12-30,True,False
MOCK07809,COPD_SPIROMETRY,2025-07-14,2026-04-17,True,False
MOCK07815,COPD_SPIROMETRY,2025-07-08,,True,True
MOCK07821,COPD_SPIROMETRY,2025-07-02,2026-05-25,True,True
MOCK07827,COPD_SPIROMETRY,2025-07-16,,True,True
MOCK07833,COPD_SPIROMETRY,2025-07-08,,True,False
MOCK07839,COPD_SPIROMETRY,2025-07-05,2025-12-06,True,False
MOCK07845,COPD_SPIROMETRY,2025-07-18,2026-01-25,True,True
MOCK07851,COPD_SPIROMETRY,2025-07-02,2026-03-20,True,False
MOCK07857,COPD_SPIROMETRY,2025-08-07,2026-02-02,True,False
MOCK07863,COPD_SPIROMETRY,2025-07-18,,True,False
MOCK07869,COPD_SPIROMETRY,2025-08-07,2025-12-02,True,False
MOCK07875,COPD_SPIROMETRY,2025-08-03,,True,False
MOCK07881,COPD_SPIROMETRY,2025-08-07,2026-03-29,True,False
MOCK07887,COPD_SPIROMETRY,2025-07-21,,True,False
MOCK07893,COPD_SPIROMETRY,2025-07-16,2026-04-19,True,True
MOCK07899,COPD_SPIROMETRY,2025-07-28,,True,False
MOCK07905,COPD_SPIROMETRY,2025-07-03,2025-12-15,True,False
MOCK07911,COPD_SPIROMETRY,2025-08-01,2026-03-03,True,False
MOCK07917,COPD_SPIROMETRY,2025-07-12,,True,True
MOCK07923,COPD_SPIROMETRY,2025-06-30,2025-12-12,True,False
MOCK07929,COPD_SPIROMETRY,2025-07-09,2026-01-28,True,True
MOCK07935,COPD_SPIROMETRY,2025-07-09,2025-12-06,True,False
MOCK07941,COPD_SPIROMETRY,2025-06-30,,True,True
MOCK07947,COPD_SPIROMETRY,2025-07-26,2025-11-16,True,False
MOCK07953,COPD_SPIROMETRY,2025-07-03,2025-12-14,True,True
MOCK07959,COPD_SPIROMETRY,2025-08-02,,True,True
MOCK07965,COPD_SPIROMETRY,2025-07-17,,True,True
MOCK07971,COPD_SPIROMETRY,2025-07-28,2026-01-14,True,True
MOCK07977,COPD_SPIROMETRY,2025-07-13,2026-04-02,True,True
MOCK07983,COPD_SPIROMETRY,2025-07-05,2025-12-20,True,False
MOCK07989,COPD_SPIROMETRY,2025-07-07,,True,False
MOCK07995,COPD_SPIROMETRY,2025-07-25,,True,False
MOCK08001,COPD_SPIROMETRY,2025-07-27,2026-01-03,True,False
MOCK08007,COPD_SPIROMETRY,2025-07-10,2026-05-01,True,True
MOCK08013,COPD_SPIROMETRY,2025-07-13,2026-04-22,True,False
MOCK08019,COPD_SPIROMETRY,2025-08-05,2026-02-24,True,False
MOCK08025,COPD_SPIROMETRY,2025-08-02,2025-11-13,True,True
MOCK08031,COPD_SPIROMETRY,2025-07-16,2026-01-20,True,False
MOCK08037,COPD_SPIROMETRY,2025-07-09,,True,False
MOCK08043,COPD_SPIROMETRY,2025-07-11,,True,False
MOCK08049,COPD_SPIROMETRY,2025-07-20,2025-11-11,True,False
MOCK08055,COPD_SPIROMETRY,2025-07-22,2026-05-19,True,True
MOCK08061,COPD_SPIROMETRY,2025-07-07,2026-01-21,True,False
MOCK08067,COPD_SPIROMETRY,2025-07-02,,True,True
MOCK08073,COPD_SPIROMETRY,2025-07-19,2025-12-02,True,False
MOCK08079,COPD_SPIROMETRY,2025-07-31,2026-02-28,True,True
MOCK08085,COPD_SPIROMETRY,2025-07-05,,True,False
MOCK08091,COPD_SPIROMETRY,2025-07-15,,True,False
MOCK08097,COPD_SPIROMETRY,2025-07-06,,True,True
MOCK08103,COPD_SPIROMETRY,2025-07-09,,True,True
MOCK08109,COPD_SPIROMETRY,2025-07-23,2025-12-25,True,True
MOCK08115,COPD_SPIROMETRY,2025-07-11,2026-02-22,True,False
MOCK08121,COPD_SPIROMETRY,2025-07-10,,True,False
MOCK08127,COPD_SPIROMETRY,2025-08-07,,True,True
MOCK08133,COPD_SPIROMETRY,2025-07-06,2025-11-18,True,False
MOCK08139,COPD_SPIROMETRY,2025-07-07,2026-05-10,True,False
MOCK08145,COPD_SPIROMETRY,2025-08-05,,True,False
MOCK08151,COPD_SPIROMETRY,2025-07-21,2025-12-09,True,False
MOCK08157,COPD_SPIROMETRY,2025-07-01,2026-04-15,True,True
MOCK08163,COPD_SPIROMETRY,2025-07-16,,True,True
MOCK08169,COPD_SPIROMETRY,2025-07-22,,True,True
MOCK08175,COPD_SPIROMETRY,2025-07-09,,True,True
MOCK08181,COPD_SPIROMETRY,2025-07-21,2026-04-08,True,False
MOCK08187,COPD_SPIROMETRY,2025-07-25,,True,False
MOCK08193,COPD_SPIROMETRY,2025-07-09,2025-11-24,True,True
MOCK08199,COPD_SPIROMETRY,2025-07-31,2026-03-21,True,False
MOCK08205,COPD_SPIROMETRY,2025-07-17,,True,True
MOCK08211,COPD_SPIROMETRY,2025-08-06,,True,True
MOCK08217,COPD_SPIROMETRY,2025-07-03,2026-03-21,True,False
MOCK08223,COPD_SPIROMETRY,2025-07-12,2026-05-05,True,False
MOCK08229,COPD_SPIROMETRY,2025-07-28,2025-12-07,True,False
MOCK08235,COPD_SPIROMETRY,2025-08-03,,True,True
MOCK08241,COPD_SPIROMETRY,2025-07-08,,True,True
MOCK08247,COPD_SPIROMETRY,2025-08-07,,True,True
MOCK08253,COPD_SPIROMETRY,2025-07-07,,True,False
MOCK08259,COPD_SPIROMETRY,2025-07-16,,True,True
MOCK08265,COPD_SPIROMETRY,2025-07-12,2025-11-04,True,False
MOCK08271,COPD_SPIROMETRY,2025-07-16,,True,True
MOCK08277,COPD_SPIROMETRY,2025-08-04,,True,False
MOCK08283,COPD_SPIROMETRY,2025-07-28,2026-04-24,True,True
MOCK08289,COPD_SPIROMETRY,2025-07-31,2025-11-28,True,False
MOCK08295,COPD_SPIROMETRY,2025-07-09,,True,False
MOCK08301,COPD_SPIROMETRY,2025-08-05,,True,False
MOCK08307,COPD_SPIROMETRY,2025-07-16,,True,False
MOCK08313,COPD_SPIROMETRY,2025-07-25,2026-03-31,True,False
MOCK08319,COPD_SPIROMETRY,2025-07-27,,True,True
MOCK08325,COPD_SPIROMETRY,2025-07-25,2025-11-06,True,False
MOCK08331,COPD_SPIROMETRY,2025-07-23,2026-02-11,True,False
MOCK08337,COPD_SPIROMETRY,2025-07-18,,True,False
MOCK08343,COPD_SPIROMETRY,2025-07-25,2026-03-29,True,False
MOCK08349,COPD_SPIROMETRY,2025-08-04,2026-05-12,True,True
MOCK08355,COPD_SPIROMETRY,2025-07-15,2025-12-13,True,False
MOCK08361,COPD_SPIROMETRY,2025-07-19,,True,True
MOCK08367,COPD_SPIROMETRY,2025-07-07,2026-05-25,True,True
MOCK08373,COPD_SPIROMETRY,2025-07-13,2026-04-19,True,True
MOCK08379,COPD_SPIROMETRY,2025-07-30,2025-12-28,True,False
MOCK08385,COPD_SPIROMETRY,2025-07-24,2026-02-03,True,True
MOCK08391,COPD_SPIROMETRY,2025-07-08,2026-02-11,True,False
MOCK08397,COPD_SPIROMETRY,2025-07-21,2025-11-13,True,False
MOCK08403,COPD_SPIROMETRY,2025-07-31,,True,False
MOCK08409,COPD_SPIROMETRY,2025-07-04,2026-03-09,True,True
MOCK08415,COPD_SPIROMETRY,2025-07-02,,True,False
MOCK08421,COPD_SPIROMETRY,2025-07-15,2026-04-26,True,True
MOCK08427,COPD_SPIROMETRY,2025-07-25,2025-10-31,True,True
MOCK08433,COPD_SPIROMETRY,2025-07-12,2026-03-13,True,False
MOCK08439,COPD_SPIROMETRY,2025-08-01,2025-12-31,True,True
MOCK08445,COPD_SPIROMETRY,2025-08-02,,True,False
MOCK08451,COPD_SPIROMETRY,2025-07-20,2025-12-19,True,True
MOCK08457,COPD_SPIROMETRY,2025-07-14,2026-03-16,True,False
MOCK08463,COPD_SPIROMETRY,2025-07-01,2025-12-02,True,True
MOCK08469,COPD_SPIROMETRY,2025-08-01,,True,False
MOCK08475,COPD_SPIROMETRY,2025-08-03,2026-05-04,True,False
MOCK08481,COPD_SPIROMETRY,2025-07-17,2026-04-29,True,True
MOCK08487,COPD_SPIROMETRY,2025-07-20,2025-11-05,True,False
MOCK08493,COPD_SPIROMETRY,2025-07-29,,True,True
MOCK08499,COPD_SPIROMETRY,2025-07-27,2026-02-12,True,False
MOCK08505,COPD_SPIROMETRY,2025-07-05,,True,False
MOCK08511,COPD_SPIROMETRY,2025-07-26,,True,False
MOCK08517,COPD_SPIROMETRY,2025-08-05,2025-12-18,True,True
MOCK08523,COPD_SPIROMETRY,2025-07-29,2026-04-28,True,False
MOCK08529,COPD_SPIROMETRY,2025-07-18,,True,False
MOCK08535,COPD_SPIROMETRY,2025-07-20,,True,False
MOCK08541,COPD_SPIROMETRY,2025-07-10,2026-01-31,True,True
MOCK08547,COPD_SPIROMETRY,2025-07-25,2025-12-07,True,True
MOCK08553,COPD_SPIROMETRY,2025-07-09,,True,False
MOCK08559,COPD_SPIROMETRY,2025-07-13,2025-12-21,True,False
MOCK08565,COPD_SPIROMETRY,2025-07-10,2026-03-09,True,False
MOCK08571,COPD_SPIROMETRY,2025-07-13,2025-11-06,True,False
MOCK08577,COPD_SPIROMETRY,2025-07-14,2025-12-03,True,False
MOCK08583,COPD_SPIROMETRY,2025-07-03,,True,False
MOCK08589,COPD_SPIROMETRY,2025-07-27,,True,False
MOCK08595,COPD_SPIROMETRY,2025-07-17,2025-12-13,True,True
MOCK08601,COPD_SPIROMETRY,2025-08-06,2025-12-21,True,False
MOCK08607,COPD_SPIROMETRY,2025-07-07,2026-04-13,True,True
MOCK08613,COPD_SPIROMETRY,2025-07-26,,True,False
MOCK08619,COPD_SPIROMETRY,2025-07-06,,True,False
MOCK08625,COPD_SPIROMETRY,2025-07-21,,True,False
MOCK08631,COPD_SPIROMETRY,2025-07-19,2025-11-25,True,True
MOCK08637,COPD_SPIROMETRY,2025-07-17,2026-03-18,True,False
MOCK08643,COPD_SPIROMETRY,2025-07-25,2026-02-18,True,True
MOCK08649,COPD_SPIROMETRY,2025-08-01,2026-02-17,True,True
MOCK08655,COPD_SPIROMETRY,2025-07-12,2026-03-27,True,False
MOCK08661,COPD_SPIROMETRY,2025-08-02,,True,False
MOCK08667,COPD_SPIROMETRY,2025-07-07,,True,True
MOCK08673,COPD_SPIROMETRY,2025-07-11,2026-02-22,True,False
MOCK08679,COPD_SPIROMETRY,2025-07-12,2026-03-17,True,True
MOCK08685,COPD_SPIROMETRY,2025-08-06,2025-11-28,True,False
MOCK08691,COPD_SPIROMETRY,2025-07-04,2026-05-17,True,False
MOCK08697,COPD_SPIROMETRY,2025-07-15,,True,False
MOCK08703,COPD_SPIROMETRY,2025-07-16,2026-04-21,True,False
MOCK08709,COPD_SPIROMETRY,2025-07-31,,True,False
MOCK08715,COPD_SPIROMETRY,2025-07-18,2026-04-08,True,False
MOCK08721,COPD_SPIROMETRY,2025-08-06,,True,True
MOCK08727,COPD_SPIROMETRY,2025-07-28,,True,True
MOCK08733,COPD_SPIROMETRY,2025-07-27,,True,False
MOCK08739,COPD_SPIROMETRY,2025-07-29,,True,True
MOCK08745,COPD_SPIROMETRY,2025-07-06,2025-11-05,True,False
MOCK08751,COPD_SPIROMETRY,2025-07-17,2026-02-21,True,True
MOCK08757,COPD_SPIROMETRY,2025-07-22,2026-04-01,True,False
MOCK08763,COPD_SPIROMETRY,2025-07-08,2026-04-05,True,False
MOCK08769,COPD_SPIROMETRY,2025-07-04,2026-04-14,True,False
MOCK08775,COPD_SPIROMETRY,2025-07-05,2026-03-14,True,False
MOCK08781,COPD_SPIROMETRY,2025-07-30,2026-04-06,True,True
MOCK08787,COPD_SPIROMETRY,2025-07-25,2025-12-08,True,False
MOCK08793,COPD_SPIROMETRY,2025-07-10,2026-04-02,True,True
MOCK08799,COPD_SPIROMETRY,2025-07-28,2025-12-10,True,False
MOCK08805,COPD_SPIROMETRY,2025-07-27,,True,False
MOCK08811,COPD_SPIROMETRY,2025-07-31,,True,True
MOCK08817,COPD_SPIROMETRY,2025-08-04,2026-03-19,True,True
MOCK08823,COPD_SPIROMETRY,2025-08-03,,True,True
MOCK08829,COPD_SPIROMETRY,2025-07-07,,True,True
MOCK08835,COPD_SPIROMETRY,2025-07-30,2026-04-18,True,False
MOCK08841,COPD_SPIROMETRY,2025-07-15,2025-11-28,True,True
MOCK08847,COPD_SPIROMETRY,2025-07-15,2026-04-19,True,False
MOCK08853,COPD_SPIROMETRY,2025-07-25,2026-03-06,True,False
MOCK08859,COPD_SPIROMETRY,2025-07-23,2025-12-22,True,False
MOCK08865,COPD_SPIROMETRY,2025-07-16,,True,False
MOCK08871,COPD_SPIROMETRY,2025-08-07,2026-03-23,True,True
MOCK08877,COPD_SPIROMETRY,2025-07-06,,True,False
MOCK08883,COPD_SPIROMETRY,2025-07-03,2026-04-23,True,False
MOCK08889,COPD_SPIROMETRY,2025-07-01,2025-11-07,True,False
MOCK08895,COPD_SPIROMETRY,2025-07-31,2026-04-04,True,True
MOCK08901,COPD_SPIROMETRY,2025-07-15,2026-05-15,True,True
MOCK08907,COPD_SPIROMETRY,2025-07-17,2026-02-14,True,False
MOCK08913,COPD_SPIROMETRY,2025-07-25,2026-05-20,True,False
MOCK08919,COPD_SPIROMETRY,2025-07-16,,True,True
MOCK08925,COPD_SPIROMETRY,2025-07-22,,True,False
MOCK08931,COPD_SPIROMETRY,2025-07-02,2026-05-07,True,True
MOCK08937,COPD_SPIROMETRY,2025-07-06,2026-05-08,True,False
MOCK08943,COPD_SPIROMETRY,2025-08-05,,True,True
MOCK08949,COPD_SPIROMETRY,2025-07-17,2025-12-13,True,True
MOCK08955,COPD_SPIROMETRY,2025-07-06,2026-01-21,True,True
MOCK08961,COPD_SPIROMETRY,2025-07-14,2026-01-29,True,True
MOCK08967,COPD_SPIROMETRY,2025-07-13,,True,False
MOCK08973,COPD_SPIROMETRY,2025-07-10,2026-02-05,True,True
MOCK08979,COPD_SPIROMETRY,2025-07-11,,True,False
MOCK08985,COPD_SPIROMETRY,2025-07-28,2025-12-13,True,False
MOCK08991,COPD_SPIROMETRY,2025-07-04,2026-03-17,True,False
MOCK08997,COPD_SPIROMETRY,2025-07-12,,True,False
MOCK09003,COPD_SPIROMETRY,2025-07-18,,True,True
MOCK09009,COPD_SPIROMETRY,2025-07-21,,True,True
MOCK09015,COPD_SPIROMETRY,2025-08-03,,True,False
MOCK09021,COPD_SPIROMETRY,2025-08-05,2026-05-12,True,False
MOCK09027,COPD_SPIROMETRY,2025-07-11,2026-05-21,True,False
MOCK09033,COPD_SPIROMETRY,2025-07-21,2026-03-13,True,False
MOCK09039,COPD_SPIROMETRY,2025-06-30,2026-04-07,True,False
MOCK09045,COPD_SPIROMETRY,2025-07-24,2026-05-16,True,False
MOCK09051,COPD_SPIROMETRY,2025-07-05,,True,True
MOCK09057,COPD_SPIROMETRY,2025-07-02,2026-02-11,True,False
MOCK09063,COPD_SPIROMETRY,2025-07-26,2026-02-08,True,False
MOCK09069,COPD_SPIROMETRY,2025-07-06,2025-11-08,True,False
MOCK09075,COPD_SPIROMETRY,2025-07-18,,True,True
MOCK09081,COPD_SPIROMETRY,2025-07-03,2026-01-14,True,True
MOCK09087,COPD_SPIROMETRY,2025-07-29,,True,True
MOCK09093,COPD_SPIROMETRY,2025-07-29,,True,True
MOCK09099,COPD_SPIROMETRY,2025-07-22,2026-03-15,True,False
MOCK09105,COPD_SPIROMETRY,2025-08-01,2026-04-14,True,False
MOCK09111,COPD_SPIROMETRY,2025-07-17,2025-11-18,True,True
MOCK09117,COPD_SPIROMETRY,2025-07-07,2025-11-20,True,False
MOCK09123,COPD_SPIROMETRY,2025-07-05,2026-04-06,True,True
MOCK09129,COPD_SPIROMETRY,2025-07-08,2026-01-18,True,False
MOCK09135,COPD_SPIROMETRY,2025-07-07,,True,True
MOCK09141,COPD_SPIROMETRY,2025-07-12,2026-02-27,True,False
MOCK09147,COPD_SPIROMETRY,2025-07-08,2026-02-18,True,False
MOCK09153,COPD_SPIROMETRY,2025-07-23,2026-04-04,True,False
MOCK09159,COPD_SPIROMETRY,2025-07-05,2025-11-23,True,False
MOCK09165,COPD_SPIROMETRY,2025-07-24,2026-03-31,True,True
MOCK09171,COPD_SPIROMETRY,2025-07-13,,True,False
MOCK09177,COPD_SPIROMETRY,2025-07-26,2025-12-04,True,True
MOCK09183,COPD_SPIROMETRY,2025-07-20,,True,False
MOCK09189,COPD_SPIROMETRY,2025-08-04,,True,False
MOCK09195,COPD_SPIROMETRY,2025-07-17,2026-03-09,True,False
MOCK09201,COPD_SPIROMETRY,2025-07-11,,True,False
MOCK09207,COPD_SPIROMETRY,2025-07-22,2025-12-01,True,True
MOCK09213,COPD_SPIROMETRY,2025-07-25,2025-11-27,True,False
MOCK09219,COPD_SPIROMETRY,2025-07-17,,True,True
MOCK09225,COPD_SPIROMETRY,2025-07-21,,True,False
MOCK09231,COPD_SPIROMETRY,2025-07-18,2026-03-21,True,False
MOCK09237,COPD_SPIROMETRY,2025-07-11,2026-01-01,True,False
MOCK09243,COPD_SPIROMETRY,2025-07-12,,True,False
MOCK09249,COPD_SPIROMETRY,2025-08-04,,True,False
MOCK09255,COPD_SPIROMETRY,2025-07-26,2026-04-24,True,True
MOCK09261,COPD_SPIROMETRY,2025-07-03,,True,False
MOCK09267,COPD_SPIROMETRY,2025-08-06,2026-04-10,True,False
MOCK09273,COPD_SPIROMETRY,2025-07-27,,True,True
MOCK09279,COPD_SPIROMETRY,2025-07-01,,True,True
MOCK09285,COPD_SPIROMETRY,2025-07-28,2025-12-16,True,True
MOCK09291,COPD_SPIROMETRY,2025-07-22,,True,False
MOCK09297,COPD_SPIROMETRY,2025-08-04,,True,False
MOCK09303,COPD_SPIROMETRY,2025-07-19,2026-05-05,True,False
MOCK09309,COPD_SPIROMETRY,2025-07-20,,True,True
MOCK09315,COPD_SPIROMETRY,2025-07-12,2026-02-03,True,True
MOCK09321,COPD_SPIROMETRY,2025-07-12,,True,False
MOCK09327,COPD_SPIROMETRY,2025-07-24,,True,True
MOCK09333,COPD_SPIROMETRY,2025-08-01,,True,True
MOCK09339,COPD_SPIROMETRY,2025-08-03,2025-11-26,True,True
MOCK09345,COPD_SPIROMETRY,2025-07-30,,True,True
MOCK09351,COPD_SPIROMETRY,2025-07-23,,True,True
MOCK09357,COPD_SPIROMETRY,2025-07-19,2025-12-06,True,False
MOCK09363,COPD_SPIROMETRY,2025-07-13,,True,True
MOCK09369,COPD_SPIROMETRY,2025-07-29,2026-03-03,True,True
MOCK09375,COPD_SPIROMETRY,2025-07-12,2026-03-10,True,False
MOCK09381,COPD_SPIROMETRY,2025-07-10,2026-04-28,True,False
MOCK09387,COPD_SPIROMETRY,2025-08-02,2025-11-05,True,False
MOCK09393,COPD_SPIROMETRY,2025-07-22,,True,False
MOCK09399,COPD_SPIROMETRY,2025-07-13,2026-04-04,True,False
MOCK09405,COPD_SPIROMETRY,2025-08-02,,True,False
MOCK09411,COPD_SPIROMETRY,2025-08-06,2026-05-04,True,False
MOCK09417,COPD_SPIROMETRY,2025-07-12,2026-01-03,True,False
MOCK09423,COPD_SPIROMETRY,2025-07-20,2026-04-05,True,False
MOCK09429,COPD_SPIROMETRY,2025-07-18,2026-04-29,True,False
MOCK09435,COPD_SPIROMETRY,2025-07-27,2026-05-05,True,True
MOCK09441,COPD_SPIROMETRY,2025-08-06,2026-03-03,True,True
MOCK09447,COPD_SPIROMETRY,2025-07-21,,True,True
MOCK09453,COPD_SPIROMETRY,2025-07-31,2026-04-13,True,True
MOCK09459,COPD_SPIROMETRY,2025-07-23,,True,False
MOCK09465,COPD_SPIROMETRY,2025-08-03,,True,False
MOCK09471,COPD_SPIROMETRY,2025-07-15,,True,True
MOCK09477,COPD_SPIROMETRY,2025-07-15,,True,True
MOCK09483,COPD_SPIROMETRY,2025-07-16,2025-11-05,True,True
MOCK09489,COPD_SPIROMETRY,2025-08-07,,True,False
MOCK09495,COPD_SPIROMETRY,2025-07-23,2026-05-07,True,True
MOCK09501,COPD_SPIROMETRY,2025-07-05,2026-01-15,True,True
MOCK09507,COPD_SPIROMETRY,2025-07-01,2026-05-24,True,True
MOCK09513,COPD_SPIROMETRY,2025-07-20,,True,False
MOCK09519,COPD_SPIROMETRY,2025-07-31,2025-11-22,True,True
MOCK09525,COPD_SPIROMETRY,2025-07-18,,True,False
MOCK09531,COPD_SPIROMETRY,2025-07-21,2025-11-23,True,False
MOCK09537,COPD_SPIROMETRY,2025-07-31,,True,False
MOCK09543,COPD_SPIROMETRY,2025-07-20,,True,False
MOCK09549,COPD_SPIROMETRY,2025-08-04,2025-12-14,True,True
MOCK09555,COPD_SPIROMETRY,2025-07-24,2025-12-03,True,True
MOCK09561,COPD_SPIROMETRY,2025-07-28,2026-05-10,True,False
MOCK09567,COPD_SPIROMETRY,2025-07-30,2026-05-19,True,True
MOCK09573,COPD_SPIROMETRY,2025-07-24,,True,False
MOCK09579,COPD_SPIROMETRY,2025-07-01,2025-11-27,True,False
MOCK09585,COPD_SPIROMETRY,2025-07-16,,True,True
MOCK09591,COPD_SPIROMETRY,2025-07-05,,True,True
MOCK09597,COPD_SPIROMETRY,2025-07-19,2025-11-28,True,False
MOCK09603,COPD_SPIROMETRY,2025-07-05,2026-05-19,True,False
MOCK09609,COPD_SPIROMETRY,2025-07-19,,True,False
MOCK09615,COPD_SPIROMETRY,2025-07-13,2026-04-09,True,True
MOCK09621,COPD_SPIROMETRY,2025-06-30,,True,False
MOCK09627,COPD_SPIROMETRY,2025-07-04,2026-02-11,True,True
MOCK09633,COPD_SPIROMETRY,2025-07-19,2026-05-08,True,True
MOCK09639,COPD_SPIROMETRY,2025-07-03,2026-03-01,True,False
MOCK09645,COPD_SPIROMETRY,2025-08-02,2026-02-23,True,False
MOCK09651,COPD_SPIROMETRY,2025-07-29,,True,True
MOCK09657,COPD_SPIROMETRY,2025-07-27,2025-12-07,True,False
MOCK09663,COPD_SPIROMETRY,2025-07-06,,True,True
MOCK09669,COPD_SPIROMETRY,2025-07-31,2026-02-10,True,True
MOCK09675,COPD_SPIROMETRY,2025-07-24,2026-03-13,True,True
MOCK09681,COPD_SPIROMETRY,2025-07-15,,True,False
MOCK09687,COPD_SPIROMETRY,2025-06-30,2026-02-18,True,True
MOCK09693,COPD_SPIROMETRY,2025-07-20,,True,False
MOCK09699,COPD_SPIROMETRY,2025-07-31,2025-11-05,True,True
MOCK09705,COPD_SPIROMETRY,2025-07-01,,True,False
MOCK09711,COPD_SPIROMETRY,2025-07-02,2025-11-09,True,True
MOCK09717,COPD_SPIROMETRY,2025-07-14,2025-11-10,True,True
MOCK09723,COPD_SPIROMETRY,2025-07-19,2026-03-27,True,False
MOCK09729,COPD_SPIROMETRY,2025-07-18,,True,False
MOCK09735,COPD_SPIROMETRY,2025-07-16,,True,False
MOCK09741,COPD_SPIROMETRY,2025-07-09,,True,True
MOCK09747,COPD_SPIROMETRY,2025-07-02,2026-01-25,True,False
MOCK09753,COPD_SPIROMETRY,2025-07-01,2025-11-03,True,False
MOCK09759,COPD_SPIROMETRY,2025-07-03,,True,True
MOCK09765,COPD_SPIROMETRY,2025-07-26,,True,False
MOCK09771,COPD_SPIROMETRY,2025-07-30,2026-02-05,True,False
MOCK09777,COPD_SPIROMETRY,2025-07-16,2026-04-05,True,False
MOCK09783,COPD_SPIROMETRY,2025-07-03,2026-02-24,True,False
MOCK09789,COPD_SPIROMETRY,2025-07-16,,True,False
MOCK09795,COPD_SPIROMETRY,2025-08-07,2026-03-02,True,False
MOCK09801,COPD_SPIROMETRY,2025-07-09,,True,False
MOCK09807,COPD_SPIROMETRY,2025-07-19,,True,False
MOCK09813,COPD_SPIROMETRY,2025-07-20,2026-02-21,True,True
MOCK09819,COPD_SPIROMETRY,2025-07-12,2026-01-19,True,False
MOCK09825,COPD_SPIROMETRY,2025-07-17,,True,False
MOCK09831,COPD_SPIROMETRY,2025-07-18,,True,True
MOCK09837,COPD_SPIROMETRY,2025-07-18,,True,False
MOCK09843,COPD_SPIROMETRY,2025-07-27,2026-01-24,True,False
MOCK09849,COPD_SPIROMETRY,2025-07-22,2025-10-31,True,False
MOCK09855,COPD_SPIROMETRY,2025-07-02,2025-12-17,True,False
MOCK09861,COPD_SPIROMETRY,2025-06-30,2025-11-08,True,True
MOCK09867,COPD_SPIROMETRY,2025-07-16,2026-03-12,True,False
MOCK09873,COPD_SPIROMETRY,2025-08-04,2025-12-30,True,False
MOCK09879,COPD_SPIROMETRY,2025-07-01,,True,False
MOCK09885,COPD_SPIROMETRY,2025-07-02,2026-04-27,True,True
MOCK09891,COPD_SPIROMETRY,2025-07-26,2026-03-03,True,True
MOCK09897,COPD_SPIROMETRY,2025-07-17,2026-04-29,True,False
MOCK09903,COPD_SPIROMETRY,2025-07-08,2026-02-13,True,True
MOCK09909,COPD_SPIROMETRY,2025-07-08,2025-11-21,True,True
MOCK09915,COPD_SPIROMETRY,2025-07-25,2026-04-23,True,False
MOCK09921,COPD_SPIROMETRY,2025-07-20,,True,False
MOCK09927,COPD_SPIROMETRY,2025-07-24,,True,False
MOCK09933,COPD_SPIROMETRY,2025-07-10,2026-02-22,True,False
MOCK09939,COPD_SPIROMETRY,2025-07-20,,True,False
MOCK09945,COPD_SPIROMETRY,2025-08-02,,True,False
MOCK09951,COPD_SPIROMETRY,2025-07-12,,True,False
MOCK09957,COPD_SPIROMETRY,2025-07-15,,True,False
MOCK09963,COPD_SPIROMETRY,2025-07-06,2026-03-24,True,False
MOCK09969,COPD_SPIROMETRY,2025-07-24,,True,True
MOCK09975,COPD_SPIROMETRY,2025-07-01,2026-02-22,True,True
MOCK09981,COPD_SPIROMETRY,2025-07-09,2026-05-01,True,False
MOCK09987,COPD_SPIROMETRY,2025-07-27,2026-04-21,True,False
MOCK09993,COPD_SPIROMETRY,2025-06-30,2026-04-18,True,False
MOCK09999,COPD_SPIROMETRY,2025-08-07,,True,False
MOCK00004,BH_POST_DISCHARGE_7D,2025-07-15,2026-02-05,True,False
MOCK00010,BH_POST_DISCHARGE_7D,2025-07-15,2025-11-02,True,True
MOCK00016,BH_POST_DISCHARGE_7D,2025-07-20,2025-11-28,True,False
MOCK00022,BH_POST_DISCHARGE_7D,2025-07-24,2026-03-18,True,False
MOCK00028,BH_POST_DISCHARGE_7D,2025-07-17,2026-03-22,True,True
MOCK00034,BH_POST_DISCHARGE_7D,2025-08-03,2025-11-26,True,False
MOCK00040,BH_POST_DISCHARGE_7D,2025-08-06,2026-04-20,True,False
MOCK00046,BH_POST_DISCHARGE_7D,2025-07-07,,True,False
MOCK00052,BH_POST_DISCHARGE_7D,2025-07-27,2026-05-02,True,False
MOCK00058,BH_POST_DISCHARGE_7D,2025-07-11,2026-01-05,True,True
MOCK00064,BH_POST_DISCHARGE_7D,2025-08-07,2026-04-28,True,False
MOCK00070,BH_POST_DISCHARGE_7D,2025-07-09,2025-11-25,True,False
MOCK00076,BH_POST_DISCHARGE_7D,2025-07-11,2026-02-07,True,False
MOCK00082,BH_POST_DISCHARGE_7D,2025-07-27,2026-03-24,True,True
MOCK00088,BH_POST_DISCHARGE_7D,2025-07-30,2025-12-04,True,False
MOCK00094,BH_POST_DISCHARGE_7D,2025-07-05,2026-04-19,True,True
MOCK00100,BH_POST_DISCHARGE_7D,2025-07-21,2025-11-10,True,True
MOCK00106,BH_POST_DISCHARGE_7D,2025-07-13,2026-01-19,True,True
MOCK00112,BH_POST_DISCHARGE_7D,2025-07-23,2026-01-18,True,False
MOCK00118,BH_POST_DISCHARGE_7D,2025-07-21,,True,False
MOCK00124,BH_POST_DISCHARGE_7D,2025-08-07,2026-05-24,True,True
MOCK00130,BH_POST_DISCHARGE_7D,2025-08-05,2026-01-29,True,False
MOCK00136,BH_POST_DISCHARGE_7D,2025-07-25,,True,False
MOCK00142,BH_POST_DISCHARGE_7D,2025-07-26,2026-05-14,True,False
MOCK00148,BH_POST_DISCHARGE_7D,2025-08-04,2026-03-14,True,False
MOCK00154,BH_POST_DISCHARGE_7D,2025-07-07,2026-03-12,True,False
MOCK00160,BH_POST_DISCHARGE_7D,2025-07-28,2026-03-04,True,True
MOCK00166,BH_POST_DISCHARGE_7D,2025-07-30,2026-01-02,True,True
MOCK00172,BH_POST_DISCHARGE_7D,2025-07-04,2026-03-31,True,False
MOCK00178,BH_POST_DISCHARGE_7D,2025-08-03,2026-02-07,True,False
MOCK00184,BH_POST_DISCHARGE_7D,2025-07-27,2025-11-21,True,False
MOCK00190,BH_POST_DISCHARGE_7D,2025-07-13,2026-04-11,True,False
MOCK00196,BH_POST_DISCHARGE_7D,2025-07-18,,True,False
MOCK00202,BH_POST_DISCHARGE_7D,2025-07-19,2026-03-01,True,False
MOCK00208,BH_POST_DISCHARGE_7D,2025-08-04,2026-01-19,True,False
MOCK00214,BH_POST_DISCHARGE_7D,2025-08-06,2026-01-22,True,True
MOCK00220,BH_POST_DISCHARGE_7D,2025-07-31,,True,False
MOCK00226,BH_POST_DISCHARGE_7D,2025-07-25,,True,False
MOCK00232,BH_POST_DISCHARGE_7D,2025-07-04,2026-03-31,True,True
MOCK00238,BH_POST_DISCHARGE_7D,2025-08-04,2025-12-18,True,True
MOCK00244,BH_POST_DISCHARGE_7D,2025-07-05,2025-11-23,True,False
MOCK00250,BH_POST_DISCHARGE_7D,2025-07-06,,True,False
MOCK00256,BH_POST_DISCHARGE_7D,2025-07-02,2026-01-21,True,True
MOCK00262,BH_POST_DISCHARGE_7D,2025-08-05,2025-11-14,True,True
MOCK00268,BH_POST_DISCHARGE_7D,2025-07-19,2026-04-09,True,True
MOCK00274,BH_POST_DISCHARGE_7D,2025-07-09,2026-05-26,True,True
MOCK00280,BH_POST_DISCHARGE_7D,2025-07-03,2026-02-22,True,False
MOCK00286,BH_POST_DISCHARGE_7D,2025-07-16,,True,False
MOCK00292,BH_POST_DISCHARGE_7D,2025-07-28,2026-03-04,True,False
MOCK00298,BH_POST_DISCHARGE_7D,2025-08-07,2026-04-26,True,True
MOCK00304,BH_POST_DISCHARGE_7D,2025-07-21,2026-04-09,True,True
MOCK00310,BH_POST_DISCHARGE_7D,2025-07-23,2026-05-21,True,True
MOCK00316,BH_POST_DISCHARGE_7D,2025-08-01,,True,False
MOCK00322,BH_POST_DISCHARGE_7D,2025-08-04,2026-05-25,True,False
MOCK00328,BH_POST_DISCHARGE_7D,2025-07-10,2025-11-18,True,True
MOCK00334,BH_POST_DISCHARGE_7D,2025-08-07,2026-02-14,True,False
MOCK00340,BH_POST_DISCHARGE_7D,2025-07-20,2025-12-18,True,True
MOCK00346,BH_POST_DISCHARGE_7D,2025-08-05,,True,True
MOCK00352,BH_POST_DISCHARGE_7D,2025-07-04,2025-11-14,True,False
MOCK00358,BH_POST_DISCHARGE_7D,2025-07-03,2026-02-15,True,True
MOCK00364,BH_POST_DISCHARGE_7D,2025-08-03,2026-04-05,True,False
MOCK00370,BH_POST_DISCHARGE_7D,2025-07-26,,True,True
MOCK00376,BH_POST_DISCHARGE_7D,2025-07-06,2026-05-11,True,False
MOCK00382,BH_POST_DISCHARGE_7D,2025-08-03,2026-01-03,True,True
MOCK00388,BH_POST_DISCHARGE_7D,2025-07-03,2026-02-25,True,True
MOCK00394,BH_POST_DISCHARGE_7D,2025-07-26,,True,True
MOCK00400,BH_POST_DISCHARGE_7D,2025-07-07,2025-12-20,True,False
MOCK00406,BH_POST_DISCHARGE_7D,2025-07-02,2025-11-04,True,False
MOCK00412,BH_POST_DISCHARGE_7D,2025-07-31,,True,False
MOCK00418,BH_POST_DISCHARGE_7D,2025-08-02,2026-05-16,True,True
MOCK00424,BH_POST_DISCHARGE_7D,2025-07-04,2026-03-18,True,True
MOCK00430,BH_POST_DISCHARGE_7D,2025-07-03,2025-11-05,True,True
MOCK00436,BH_POST_DISCHARGE_7D,2025-07-23,2026-02-10,True,False
MOCK00442,BH_POST_DISCHARGE_7D,2025-07-01,,True,True
MOCK00448,BH_POST_DISCHARGE_7D,2025-07-29,2026-04-16,True,True
MOCK00454,BH_POST_DISCHARGE_7D,2025-08-04,2025-12-13,True,False
MOCK00460,BH_POST_DISCHARGE_7D,2025-07-29,2026-04-16,True,False
MOCK00466,BH_POST_DISCHARGE_7D,2025-07-08,2026-04-26,True,True
MOCK00472,BH_POST_DISCHARGE_7D,2025-07-07,2026-05-21,True,True
MOCK00478,BH_POST_DISCHARGE_7D,2025-07-26,2025-11-12,True,True
MOCK00484,BH_POST_DISCHARGE_7D,2025-07-02,,True,False
MOCK00490,BH_POST_DISCHARGE_7D,2025-07-20,,True,True
MOCK00496,BH_POST_DISCHARGE_7D,2025-07-17,2026-01-30,True,False
MOCK00502,BH_POST_DISCHARGE_7D,2025-07-29,,True,True
MOCK00508,BH_POST_DISCHARGE_7D,2025-07-07,2026-03-14,True,False
MOCK00514,BH_POST_DISCHARGE_7D,2025-07-29,2026-03-15,True,False
MOCK00520,BH_POST_DISCHARGE_7D,2025-07-27,2025-11-16,True,True
MOCK00526,BH_POST_DISCHARGE_7D,2025-07-09,2026-05-10,True,False
MOCK00532,BH_POST_DISCHARGE_7D,2025-07-13,2026-02-13,True,True
MOCK00538,BH_POST_DISCHARGE_7D,2025-07-02,2026-01-03,True,False
MOCK00544,BH_POST_DISCHARGE_7D,2025-07-17,2025-10-29,True,False
MOCK00550,BH_POST_DISCHARGE_7D,2025-07-10,,True,False
MOCK00556,BH_POST_DISCHARGE_7D,2025-07-04,,True,True
MOCK00562,BH_POST_DISCHARGE_7D,2025-07-21,,True,True
MOCK00568,BH_POST_DISCHARGE_7D,2025-07-22,2025-12-19,True,False
MOCK00574,BH_POST_DISCHARGE_7D,2025-07-03,2025-11-15,True,False
MOCK00580,BH_POST_DISCHARGE_7D,2025-07-07,2026-01-09,True,False
MOCK00586,BH_POST_DISCHARGE_7D,2025-07-03,,True,False
MOCK00592,BH_POST_DISCHARGE_7D,2025-07-26,2026-04-06,True,False
MOCK00598,BH_POST_DISCHARGE_7D,2025-07-13,2026-05-18,True,False
MOCK00604,BH_POST_DISCHARGE_7D,2025-07-02,,True,False
MOCK00610,BH_POST_DISCHARGE_7D,2025-07-07,,True,False
MOCK00616,BH_POST_DISCHARGE_7D,2025-08-07,,True,False
MOCK00622,BH_POST_DISCHARGE_7D,2025-07-09,2025-12-14,True,False
MOCK00628,BH_POST_DISCHARGE_7D,2025-07-26,,True,True
MOCK00634,BH_POST_DISCHARGE_7D,2025-07-18,,True,False
MOCK00640,BH_POST_DISCHARGE_7D,2025-07-07,2026-04-03,True,False
MOCK00646,BH_POST_DISCHARGE_7D,2025-07-11,2026-05-14,True,True
MOCK00652,BH_POST_DISCHARGE_7D,2025-06-30,2026-04-11,True,False
MOCK00658,BH_POST_DISCHARGE_7D,2025-07-29,,True,True
MOCK00664,BH_POST_DISCHARGE_7D,2025-07-13,,True,False
MOCK00670,BH_POST_DISCHARGE_7D,2025-07-19,2025-11-13,True,True
MOCK00676,BH_POST_DISCHARGE_7D,2025-07-05,2026-03-15,True,False
MOCK00682,BH_POST_DISCHARGE_7D,2025-08-01,2026-03-03,True,False
MOCK00688,BH_POST_DISCHARGE_7D,2025-07-08,,True,False
MOCK00694,BH_POST_DISCHARGE_7D,2025-07-22,2025-12-14,True,True
MOCK00700,BH_POST_DISCHARGE_7D,2025-08-03,2026-03-27,True,False
MOCK00706,BH_POST_DISCHARGE_7D,2025-07-27,,True,True
MOCK00712,BH_POST_DISCHARGE_7D,2025-07-23,2026-03-05,True,True
MOCK00718,BH_POST_DISCHARGE_7D,2025-08-03,2026-01-09,True,True
MOCK00724,BH_POST_DISCHARGE_7D,2025-07-06,2026-03-10,True,False
MOCK00730,BH_POST_DISCHARGE_7D,2025-08-06,,True,True
MOCK00736,BH_POST_DISCHARGE_7D,2025-07-21,2026-03-23,True,False
MOCK00742,BH_POST_DISCHARGE_7D,2025-07-15,2025-12-08,True,False
MOCK00748,BH_POST_DISCHARGE_7D,2025-07-09,2025-12-28,True,True
MOCK00754,BH_POST_DISCHARGE_7D,2025-07-29,2026-04-27,True,False
MOCK00760,BH_POST_DISCHARGE_7D,2025-08-07,2025-12-12,True,True
MOCK00766,BH_POST_DISCHARGE_7D,2025-07-26,2025-10-29,True,True
MOCK00772,BH_POST_DISCHARGE_7D,2025-07-01,2025-12-16,True,True
MOCK00778,BH_POST_DISCHARGE_7D,2025-07-18,,True,False
MOCK00784,BH_POST_DISCHARGE_7D,2025-07-28,2025-10-31,True,False
MOCK00790,BH_POST_DISCHARGE_7D,2025-07-15,2026-04-10,True,False
MOCK00796,BH_POST_DISCHARGE_7D,2025-07-30,2025-12-06,True,False
MOCK00802,BH_POST_DISCHARGE_7D,2025-07-27,2026-04-07,True,True
MOCK00808,BH_POST_DISCHARGE_7D,2025-07-02,,True,False
MOCK00814,BH_POST_DISCHARGE_7D,2025-07-21,2026-03-13,True,False
MOCK00820,BH_POST_DISCHARGE_7D,2025-07-06,,True,True
MOCK00826,BH_POST_DISCHARGE_7D,2025-07-18,,True,False
MOCK00832,BH_POST_DISCHARGE_7D,2025-07-14,2026-05-01,True,True
MOCK00838,BH_POST_DISCHARGE_7D,2025-07-31,2026-02-08,True,True
MOCK00844,BH_POST_DISCHARGE_7D,2025-08-02,,True,True
MOCK00850,BH_POST_DISCHARGE_7D,2025-07-17,2026-05-15,True,True
MOCK00856,BH_POST_DISCHARGE_7D,2025-07-20,2026-05-25,True,False
MOCK00862,BH_POST_DISCHARGE_7D,2025-07-24,2025-12-11,True,False
MOCK00868,BH_POST_DISCHARGE_7D,2025-07-25,2026-01-27,True,False
MOCK00874,BH_POST_DISCHARGE_7D,2025-07-24,2025-12-11,True,True
MOCK00880,BH_POST_DISCHARGE_7D,2025-07-30,,True,False
MOCK00886,BH_POST_DISCHARGE_7D,2025-08-07,2026-04-10,True,False
MOCK00892,BH_POST_DISCHARGE_7D,2025-08-01,,True,False
MOCK00898,BH_POST_DISCHARGE_7D,2025-07-05,2025-12-06,True,False
MOCK00904,BH_POST_DISCHARGE_7D,2025-07-18,,True,False
MOCK00910,BH_POST_DISCHARGE_7D,2025-07-17,2026-03-12,True,False
MOCK00916,BH_POST_DISCHARGE_7D,2025-07-19,2026-05-22,True,False
MOCK00922,BH_POST_DISCHARGE_7D,2025-07-20,2026-03-25,True,True
MOCK00928,BH_POST_DISCHARGE_7D,2025-07-28,,True,False
MOCK00934,BH_POST_DISCHARGE_7D,2025-07-16,2026-04-14,True,False
MOCK00940,BH_POST_DISCHARGE_7D,2025-07-10,2026-02-02,True,True
MOCK00946,BH_POST_DISCHARGE_7D,2025-07-17,2026-01-01,True,True
MOCK00952,BH_POST_DISCHARGE_7D,2025-08-02,2026-03-13,True,False
MOCK00958,BH_POST_DISCHARGE_7D,2025-07-12,2026-02-15,True,True
MOCK00964,BH_POST_DISCHARGE_7D,2025-06-30,,True,True
MOCK00970,BH_POST_DISCHARGE_7D,2025-08-07,2026-05-18,True,False
MOCK00976,BH_POST_DISCHARGE_7D,2025-07-07,,True,True
MOCK00982,BH_POST_DISCHARGE_7D,2025-07-23,,True,True
MOCK00988,BH_POST_DISCHARGE_7D,2025-07-31,2025-12-02,True,True
MOCK00994,BH_POST_DISCHARGE_7D,2025-07-10,2026-03-02,True,True
MOCK01000,BH_POST_DISCHARGE_7D,2025-07-13,2025-12-24,True,True
MOCK01006,BH_POST_DISCHARGE_7D,2025-07-10,2026-01-08,True,False
MOCK01012,BH_POST_DISCHARGE_7D,2025-07-05,2026-02-06,True,True
MOCK01018,BH_POST_DISCHARGE_7D,2025-07-05,,True,True
MOCK01024,BH_POST_DISCHARGE_7D,2025-07-07,2026-02-27,True,False
MOCK01030,BH_POST_DISCHARGE_7D,2025-07-17,2026-05-11,True,True
MOCK01036,BH_POST_DISCHARGE_7D,2025-07-20,2026-04-08,True,True
MOCK01042,BH_POST_DISCHARGE_7D,2025-06-30,2025-12-23,True,True
MOCK01048,BH_POST_DISCHARGE_7D,2025-08-02,2025-11-10,True,True
MOCK01054,BH_POST_DISCHARGE_7D,2025-07-26,2025-11-06,True,True
MOCK01060,BH_POST_DISCHARGE_7D,2025-07-02,2026-05-09,True,True
MOCK01066,BH_POST_DISCHARGE_7D,2025-08-01,,True,False
MOCK01072,BH_POST_DISCHARGE_7D,2025-07-01,2026-01-29,True,False
MOCK01078,BH_POST_DISCHARGE_7D,2025-07-21,2025-12-05,True,False
MOCK01084,BH_POST_DISCHARGE_7D,2025-07-18,2026-04-18,True,True
MOCK01090,BH_POST_DISCHARGE_7D,2025-07-19,,True,False
MOCK01096,BH_POST_DISCHARGE_7D,2025-08-06,2026-04-17,True,False
MOCK01102,BH_POST_DISCHARGE_7D,2025-08-05,2026-05-26,True,True
MOCK01108,BH_POST_DISCHARGE_7D,2025-07-10,2026-04-16,True,False
MOCK01114,BH_POST_DISCHARGE_7D,2025-07-22,2026-04-26,True,False
MOCK01120,BH_POST_DISCHARGE_7D,2025-08-06,,True,True
MOCK01126,BH_POST_DISCHARGE_7D,2025-07-28,2026-02-28,True,False
MOCK01132,BH_POST_DISCHARGE_7D,2025-08-03,2026-02-19,True,True
MOCK01138,BH_POST_DISCHARGE_7D,2025-07-16,2025-12-22,True,False
MOCK01144,BH_POST_DISCHARGE_7D,2025-07-11,,True,True
MOCK01150,BH_POST_DISCHARGE_7D,2025-07-19,2026-01-09,True,True
MOCK01156,BH_POST_DISCHARGE_7D,2025-07-31,2025-11-19,True,False
MOCK01162,BH_POST_DISCHARGE_7D,2025-08-05,,True,False
MOCK01168,BH_POST_DISCHARGE_7D,2025-07-26,2025-12-07,True,True
MOCK01174,BH_POST_DISCHARGE_7D,2025-07-27,2025-11-29,True,False
MOCK01180,BH_POST_DISCHARGE_7D,2025-07-19,,True,False
MOCK01186,BH_POST_DISCHARGE_7D,2025-07-12,2026-04-07,True,False
MOCK01192,BH_POST_DISCHARGE_7D,2025-07-16,,True,False
MOCK01198,BH_POST_DISCHARGE_7D,2025-07-19,2025-10-29,True,False
MOCK01204,BH_POST_DISCHARGE_7D,2025-07-31,2026-01-22,True,False
MOCK01210,BH_POST_DISCHARGE_7D,2025-07-21,2026-04-01,True,True
MOCK01216,BH_POST_DISCHARGE_7D,2025-07-30,2026-03-08,True,False
MOCK01222,BH_POST_DISCHARGE_7D,2025-07-01,2026-02-06,True,True
MOCK01228,BH_POST_DISCHARGE_7D,2025-07-29,2025-12-27,True,True
MOCK01234,BH_POST_DISCHARGE_7D,2025-07-19,2025-12-22,True,True
MOCK01240,BH_POST_DISCHARGE_7D,2025-08-07,2026-02-12,True,True
MOCK01246,BH_POST_DISCHARGE_7D,2025-07-18,2025-12-27,True,False
MOCK01252,BH_POST_DISCHARGE_7D,2025-07-18,2025-11-01,True,False
MOCK01258,BH_POST_DISCHARGE_7D,2025-07-04,,True,False
MOCK01264,BH_POST_DISCHARGE_7D,2025-07-31,2026-01-06,True,False
MOCK01270,BH_POST_DISCHARGE_7D,2025-07-27,2025-12-06,True,True
MOCK01276,BH_POST_DISCHARGE_7D,2025-08-02,2026-02-14,True,False
MOCK01282,BH_POST_DISCHARGE_7D,2025-07-03,,True,True
MOCK01288,BH_POST_DISCHARGE_7D,2025-07-08,2026-01-28,True,True
MOCK01294,BH_POST_DISCHARGE_7D,2025-08-03,2025-11-08,True,False
MOCK01300,BH_POST_DISCHARGE_7D,2025-07-01,2025-11-02,True,False
MOCK01306,BH_POST_DISCHARGE_7D,2025-07-19,,True,True
MOCK01312,BH_POST_DISCHARGE_7D,2025-07-15,2026-05-26,True,True
MOCK01318,BH_POST_DISCHARGE_7D,2025-08-05,2026-03-24,True,True
MOCK01324,BH_POST_DISCHARGE_7D,2025-08-02,2026-05-08,True,False
MOCK01330,BH_POST_DISCHARGE_7D,2025-08-03,2025-12-07,True,True
MOCK01336,BH_POST_DISCHARGE_7D,2025-07-11,2026-04-02,True,True
MOCK01342,BH_POST_DISCHARGE_7D,2025-07-22,2026-01-04,True,False
MOCK01348,BH_POST_DISCHARGE_7D,2025-07-27,,True,False
MOCK01354,BH_POST_DISCHARGE_7D,2025-08-06,2026-01-30,True,True
MOCK01360,BH_POST_DISCHARGE_7D,2025-06-30,,True,False
MOCK01366,BH_POST_DISCHARGE_7D,2025-08-07,2026-04-30,True,True
MOCK01372,BH_POST_DISCHARGE_7D,2025-07-13,2026-01-22,True,True
MOCK01378,BH_POST_DISCHARGE_7D,2025-07-05,,True,False
MOCK01384,BH_POST_DISCHARGE_7D,2025-07-24,2025-12-22,True,True
MOCK01390,BH_POST_DISCHARGE_7D,2025-07-30,2026-02-13,True,True
MOCK01396,BH_POST_DISCHARGE_7D,2025-07-05,2026-03-02,True,False
MOCK01402,BH_POST_DISCHARGE_7D,2025-07-01,2026-01-17,True,False
MOCK01408,BH_POST_DISCHARGE_7D,2025-08-03,2025-12-29,True,False
MOCK01414,BH_POST_DISCHARGE_7D,2025-08-05,,True,False
MOCK01420,BH_POST_DISCHARGE_7D,2025-07-06,,True,True
MOCK01426,BH_POST_DISCHARGE_7D,2025-08-04,,True,False
MOCK01432,BH_POST_DISCHARGE_7D,2025-08-04,2026-02-27,True,True
MOCK01438,BH_POST_DISCHARGE_7D,2025-08-07,,True,False
MOCK01444,BH_POST_DISCHARGE_7D,2025-07-08,2025-12-06,True,True
MOCK01450,BH_POST_DISCHARGE_7D,2025-07-22,2026-03-25,True,True
MOCK01456,BH_POST_DISCHARGE_7D,2025-08-07,2026-03-06,True,True
MOCK01462,BH_POST_DISCHARGE_7D,2025-08-04,2025-12-05,True,False
MOCK01468,BH_POST_DISCHARGE_7D,2025-07-23,,True,True
MOCK01474,BH_POST_DISCHARGE_7D,2025-07-07,,True,False
MOCK01480,BH_POST_DISCHARGE_7D,2025-07-03,2026-05-05,True,False
MOCK01486,BH_POST_DISCHARGE_7D,2025-07-10,,True,False
MOCK01492,BH_POST_DISCHARGE_7D,2025-07-02,,True,True
MOCK01498,BH_POST_DISCHARGE_7D,2025-07-07,2025-12-01,True,True
MOCK01504,BH_POST_DISCHARGE_7D,2025-07-02,2026-04-12,True,False
MOCK01510,BH_POST_DISCHARGE_7D,2025-07-29,2026-01-05,True,False
MOCK01516,BH_POST_DISCHARGE_7D,2025-07-23,,True,True
MOCK01522,BH_POST_DISCHARGE_7D,2025-07-20,,True,False
MOCK01528,BH_POST_DISCHARGE_7D,2025-07-31,2026-05-09,True,True
MOCK01534,BH_POST_DISCHARGE_7D,2025-07-16,,True,True
MOCK01540,BH_POST_DISCHARGE_7D,2025-07-15,2026-02-02,True,True
MOCK01546,BH_POST_DISCHARGE_7D,2025-07-08,2026-02-07,True,True
MOCK01552,BH_POST_DISCHARGE_7D,2025-07-17,,True,True
MOCK01558,BH_POST_DISCHARGE_7D,2025-07-06,2025-12-18,True,False
MOCK01564,BH_POST_DISCHARGE_7D,2025-07-22,2025-10-31,True,True
MOCK01570,BH_POST_DISCHARGE_7D,2025-08-07,,True,False
MOCK01576,BH_POST_DISCHARGE_7D,2025-07-20,2025-12-10,True,False
MOCK01582,BH_POST_DISCHARGE_7D,2025-07-11,,True,False
MOCK01588,BH_POST_DISCHARGE_7D,2025-07-26,,True,True
MOCK01594,BH_POST_DISCHARGE_7D,2025-07-31,2026-04-26,True,False
MOCK01600,BH_POST_DISCHARGE_7D,2025-07-18,2025-12-09,True,True
MOCK01606,BH_POST_DISCHARGE_7D,2025-07-09,2026-03-16,True,False
MOCK01612,BH_POST_DISCHARGE_7D,2025-07-27,2025-12-13,True,True
MOCK01618,BH_POST_DISCHARGE_7D,2025-07-07,,True,False
MOCK01624,BH_POST_DISCHARGE_7D,2025-08-07,2025-10-31,True,True
MOCK01630,BH_POST_DISCHARGE_7D,2025-07-12,2026-05-13,True,False
MOCK01636,BH_POST_DISCHARGE_7D,2025-07-13,,True,True
MOCK01642,BH_POST_DISCHARGE_7D,2025-07-28,2026-02-08,True,True
MOCK01648,BH_POST_DISCHARGE_7D,2025-06-30,2026-03-09,True,False
MOCK01654,BH_POST_DISCHARGE_7D,2025-07-07,2025-11-22,True,True
MOCK01660,BH_POST_DISCHARGE_7D,2025-07-04,2026-01-03,True,False
MOCK01666,BH_POST_DISCHARGE_7D,2025-07-15,2026-04-18,True,False
MOCK01672,BH_POST_DISCHARGE_7D,2025-07-21,,True,False
MOCK01678,BH_POST_DISCHARGE_7D,2025-07-07,2026-05-18,True,False
MOCK01684,BH_POST_DISCHARGE_7D,2025-07-13,2026-03-08,True,False
MOCK01690,BH_POST_DISCHARGE_7D,2025-07-30,2026-01-14,True,False
MOCK01696,BH_POST_DISCHARGE_7D,2025-08-05,2026-02-10,True,True
MOCK01702,BH_POST_DISCHARGE_7D,2025-06-30,2025-11-22,True,False
MOCK01708,BH_POST_DISCHARGE_7D,2025-07-24,2025-11-11,True,False
MOCK01714,BH_POST_DISCHARGE_7D,2025-07-01,2026-01-17,True,True
MOCK01720,BH_POST_DISCHARGE_7D,2025-07-20,,True,True
MOCK01726,BH_POST_DISCHARGE_7D,2025-08-03,2026-03-06,True,True
MOCK01732,BH_POST_DISCHARGE_7D,2025-07-31,,True,False
MOCK01738,BH_POST_DISCHARGE_7D,2025-07-09,2026-03-31,True,True
MOCK01744,BH_POST_DISCHARGE_7D,2025-07-10,2026-05-23,True,False
MOCK01750,BH_POST_DISCHARGE_7D,2025-07-30,2025-11-01,True,False
MOCK01756,BH_POST_DISCHARGE_7D,2025-07-31,2025-11-12,True,False
MOCK01762,BH_POST_DISCHARGE_7D,2025-07-10,2025-11-24,True,True
MOCK01768,BH_POST_DISCHARGE_7D,2025-06-30,2025-11-21,True,False
MOCK01774,BH_POST_DISCHARGE_7D,2025-07-17,2026-02-25,True,False
MOCK01780,BH_POST_DISCHARGE_7D,2025-07-24,,True,True
MOCK01786,BH_POST_DISCHARGE_7D,2025-07-17,2026-03-16,True,True
MOCK01792,BH_POST_DISCHARGE_7D,2025-08-05,2026-03-03,True,True
MOCK01798,BH_POST_DISCHARGE_7D,2025-07-31,2025-12-23,True,False
MOCK01804,BH_POST_DISCHARGE_7D,2025-07-30,2025-12-31,True,True
MOCK01810,BH_POST_DISCHARGE_7D,2025-06-30,2026-05-01,True,True
MOCK01816,BH_POST_DISCHARGE_7D,2025-08-02,2025-12-27,True,True
MOCK01822,BH_POST_DISCHARGE_7D,2025-07-29,,True,True
MOCK01828,BH_POST_DISCHARGE_7D,2025-07-15,,True,True
MOCK01834,BH_POST_DISCHARGE_7D,2025-07-22,,True,False
MOCK01840,BH_POST_DISCHARGE_7D,2025-08-01,2026-05-04,True,False
MOCK01846,BH_POST_DISCHARGE_7D,2025-08-04,,True,False
MOCK01852,BH_POST_DISCHARGE_7D,2025-07-21,2026-04-01,True,True
MOCK01858,BH_POST_DISCHARGE_7D,2025-07-01,2026-04-27,True,False
MOCK01864,BH_POST_DISCHARGE_7D,2025-07-24,2026-01-27,True,False
MOCK01870,BH_POST_DISCHARGE_7D,2025-07-26,2025-12-10,True,False
MOCK01876,BH_POST_DISCHARGE_7D,2025-07-02,2026-05-04,True,False
MOCK01882,BH_POST_DISCHARGE_7D,2025-07-31,2026-03-24,True,True
MOCK01888,BH_POST_DISCHARGE_7D,2025-07-07,,True,False
MOCK01894,BH_POST_DISCHARGE_7D,2025-08-03,,True,False
MOCK01900,BH_POST_DISCHARGE_7D,2025-07-21,2026-03-08,True,True
MOCK01906,BH_POST_DISCHARGE_7D,2025-07-12,,True,False
MOCK01912,BH_POST_DISCHARGE_7D,2025-07-02,2025-11-12,True,True
MOCK01918,BH_POST_DISCHARGE_7D,2025-06-30,,True,True
MOCK01924,BH_POST_DISCHARGE_7D,2025-07-28,,True,False
MOCK01930,BH_POST_DISCHARGE_7D,2025-07-14,2026-02-21,True,False
MOCK01936,BH_POST_DISCHARGE_7D,2025-08-01,2026-02-17,True,False
MOCK01942,BH_POST_DISCHARGE_7D,2025-07-08,2025-12-14,True,False
MOCK01948,BH_POST_DISCHARGE_7D,2025-08-04,2026-03-05,True,True
MOCK01954,BH_POST_DISCHARGE_7D,2025-08-05,,True,False
MOCK01960,BH_POST_DISCHARGE_7D,2025-07-03,2026-05-17,True,False
MOCK01966,BH_POST_DISCHARGE_7D,2025-07-25,2026-01-31,True,True
MOCK01972,BH_POST_DISCHARGE_7D,2025-08-05,2026-01-06,True,False
MOCK01978,BH_POST_DISCHARGE_7D,2025-07-12,2025-12-14,True,False
MOCK01984,BH_POST_DISCHARGE_7D,2025-07-02,,True,True
MOCK01990,BH_POST_DISCHARGE_7D,2025-08-03,2026-04-19,True,False
MOCK01996,BH_POST_DISCHARGE_7D,2025-07-18,,True,False
MOCK02002,BH_POST_DISCHARGE_7D,2025-07-01,2026-05-23,True,False
MOCK02008,BH_POST_DISCHARGE_7D,2025-08-01,2026-03-26,True,False
MOCK02014,BH_POST_DISCHARGE_7D,2025-07-26,,True,False
MOCK02020,BH_POST_DISCHARGE_7D,2025-07-02,2026-01-18,True,False
MOCK02026,BH_POST_DISCHARGE_7D,2025-07-10,2026-02-23,True,True
MOCK02032,BH_POST_DISCHARGE_7D,2025-06-30,,True,False
MOCK02038,BH_POST_DISCHARGE_7D,2025-08-06,2026-02-04,True,False
MOCK02044,BH_POST_DISCHARGE_7D,2025-06-30,2026-04-11,True,False
MOCK02050,BH_POST_DISCHARGE_7D,2025-07-31,,True,False
MOCK02056,BH_POST_DISCHARGE_7D,2025-07-19,2026-02-02,True,False
MOCK02062,BH_POST_DISCHARGE_7D,2025-07-22,2026-05-02,True,False
MOCK02068,BH_POST_DISCHARGE_7D,2025-07-31,2026-01-18,True,False
MOCK02074,BH_POST_DISCHARGE_7D,2025-08-03,2026-02-14,True,False
MOCK02080,BH_POST_DISCHARGE_7D,2025-07-04,,True,False
MOCK02086,BH_POST_DISCHARGE_7D,2025-06-30,2026-01-21,True,True
MOCK02092,BH_POST_DISCHARGE_7D,2025-07-04,,True,True
MOCK02098,BH_POST_DISCHARGE_7D,2025-07-26,2025-12-07,True,False
MOCK02104,BH_POST_DISCHARGE_7D,2025-07-22,2025-12-04,True,True
MOCK02110,BH_POST_DISCHARGE_7D,2025-07-03,2026-01-18,True,True
MOCK02116,BH_POST_DISCHARGE_7D,2025-07-09,,True,True
MOCK02122,BH_POST_DISCHARGE_7D,2025-07-20,,True,False
MOCK02128,BH_POST_DISCHARGE_7D,2025-07-28,,True,False
MOCK02134,BH_POST_DISCHARGE_7D,2025-07-13,,True,False
MOCK02140,BH_POST_DISCHARGE_7D,2025-08-06,,True,False
MOCK02146,BH_POST_DISCHARGE_7D,2025-08-07,2026-04-30,True,False
MOCK02152,BH_POST_DISCHARGE_7D,2025-07-29,2026-01-20,True,True
MOCK02158,BH_POST_DISCHARGE_7D,2025-07-17,2025-12-12,True,True
MOCK02164,BH_POST_DISCHARGE_7D,2025-08-03,,True,True
MOCK02170,BH_POST_DISCHARGE_7D,2025-07-28,,True,True
MOCK02176,BH_POST_DISCHARGE_7D,2025-07-20,2026-05-03,True,False
MOCK02182,BH_POST_DISCHARGE_7D,2025-07-17,2026-03-08,True,True
MOCK02188,BH_POST_DISCHARGE_7D,2025-08-01,2025-12-28,True,False
MOCK02194,BH_POST_DISCHARGE_7D,2025-07-21,2026-04-16,True,False
MOCK02200,BH_POST_DISCHARGE_7D,2025-07-07,2026-03-19,True,True
MOCK02206,BH_POST_DISCHARGE_7D,2025-08-07,2026-03-24,True,False
MOCK02212,BH_POST_DISCHARGE_7D,2025-07-02,2026-02-27,True,False
MOCK02218,BH_POST_DISCHARGE_7D,2025-07-27,2026-01-12,True,False
MOCK02224,BH_POST_DISCHARGE_7D,2025-07-25,2026-01-24,True,False
MOCK02230,BH_POST_DISCHARGE_7D,2025-07-22,2026-01-17,True,False
MOCK02236,BH_POST_DISCHARGE_7D,2025-07-02,2025-12-15,True,False
MOCK02242,BH_POST_DISCHARGE_7D,2025-07-19,,True,False
MOCK02248,BH_POST_DISCHARGE_7D,2025-08-03,2026-03-13,True,True
MOCK02254,BH_POST_DISCHARGE_7D,2025-07-09,2026-03-12,True,False
MOCK02260,BH_POST_DISCHARGE_7D,2025-07-26,,True,False
MOCK02266,BH_POST_DISCHARGE_7D,2025-08-02,2026-05-08,True,True
MOCK02272,BH_POST_DISCHARGE_7D,2025-08-06,2025-12-20,True,True
MOCK02278,BH_POST_DISCHARGE_7D,2025-07-20,2026-03-18,True,True
MOCK02284,BH_POST_DISCHARGE_7D,2025-07-12,2026-05-25,True,True
MOCK02290,BH_POST_DISCHARGE_7D,2025-07-27,,True,True
MOCK02296,BH_POST_DISCHARGE_7D,2025-07-18,2026-01-06,True,True
MOCK02302,BH_POST_DISCHARGE_7D,2025-07-24,2026-02-14,True,False
MOCK02308,BH_POST_DISCHARGE_7D,2025-07-28,2025-11-15,True,False
MOCK02314,BH_POST_DISCHARGE_7D,2025-07-27,,True,False
MOCK02320,BH_POST_DISCHARGE_7D,2025-07-09,2026-02-17,True,True
MOCK02326,BH_POST_DISCHARGE_7D,2025-07-29,,True,False
MOCK02332,BH_POST_DISCHARGE_7D,2025-07-21,2026-02-04,True,True
MOCK02338,BH_POST_DISCHARGE_7D,2025-08-05,2026-02-08,True,True
MOCK02344,BH_POST_DISCHARGE_7D,2025-07-25,,True,False
MOCK02350,BH_POST_DISCHARGE_7D,2025-08-03,2026-03-08,True,False
MOCK02356,BH_POST_DISCHARGE_7D,2025-08-07,2025-12-19,True,False
MOCK02362,BH_POST_DISCHARGE_7D,2025-08-07,2026-03-08,True,False
MOCK02368,BH_POST_DISCHARGE_7D,2025-07-29,2026-04-13,True,False
MOCK02374,BH_POST_DISCHARGE_7D,2025-07-23,2025-12-15,True,False
MOCK02380,BH_POST_DISCHARGE_7D,2025-07-04,2026-02-04,True,False
MOCK02386,BH_POST_DISCHARGE_7D,2025-07-15,2025-12-19,True,True
MOCK02392,BH_POST_DISCHARGE_7D,2025-07-18,2026-03-28,True,True
MOCK02398,BH_POST_DISCHARGE_7D,2025-07-30,,True,False
MOCK02404,BH_POST_DISCHARGE_7D,2025-07-22,,True,False
MOCK02410,BH_POST_DISCHARGE_7D,2025-07-17,2026-02-02,True,True
MOCK02416,BH_POST_DISCHARGE_7D,2025-07-05,2026-01-30,True,True
MOCK02422,BH_POST_DISCHARGE_7D,2025-07-27,2025-11-15,True,True
MOCK02428,BH_POST_DISCHARGE_7D,2025-07-16,2025-12-22,True,False
MOCK02434,BH_POST_DISCHARGE_7D,2025-07-01,2026-03-23,True,True
MOCK02440,BH_POST_DISCHARGE_7D,2025-07-11,2025-11-16,True,False
MOCK02446,BH_POST_DISCHARGE_7D,2025-08-03,,True,True
MOCK02452,BH_POST_DISCHARGE_7D,2025-07-04,2026-01-19,True,True
MOCK02458,BH_POST_DISCHARGE_7D,2025-07-15,2026-01-13,True,True
MOCK02464,BH_POST_DISCHARGE_7D,2025-07-19,,True,False
MOCK02470,BH_POST_DISCHARGE_7D,2025-07-03,2026-03-08,True,True
MOCK02476,BH_POST_DISCHARGE_7D,2025-07-06,2026-02-15,True,False
MOCK02482,BH_POST_DISCHARGE_7D,2025-08-05,2026-05-18,True,False
MOCK02488,BH_POST_DISCHARGE_7D,2025-07-23,2025-11-17,True,False
MOCK02494,BH_POST_DISCHARGE_7D,2025-07-08,2026-05-03,True,True
MOCK02500,BH_POST_DISCHARGE_7D,2025-07-06,2025-12-24,True,False
MOCK02506,BH_POST_DISCHARGE_7D,2025-07-16,,True,True
MOCK02512,BH_POST_DISCHARGE_7D,2025-07-28,,True,False
MOCK02518,BH_POST_DISCHARGE_7D,2025-07-28,,True,False
MOCK02524,BH_POST_DISCHARGE_7D,2025-07-07,2026-01-17,True,False
MOCK02530,BH_POST_DISCHARGE_7D,2025-07-28,2025-11-21,True,False
MOCK02536,BH_POST_DISCHARGE_7D,2025-08-03,2026-05-09,True,False
MOCK02542,BH_POST_DISCHARGE_7D,2025-07-08,2026-03-28,True,False
MOCK02548,BH_POST_DISCHARGE_7D,2025-07-01,2025-11-24,True,True
MOCK02554,BH_POST_DISCHARGE_7D,2025-08-06,2026-04-02,True,False
MOCK02560,BH_POST_DISCHARGE_7D,2025-07-20,2026-05-06,True,True
MOCK02566,BH_POST_DISCHARGE_7D,2025-07-30,,True,True
MOCK02572,BH_POST_DISCHARGE_7D,2025-07-12,2025-12-27,True,False
MOCK02578,BH_POST_DISCHARGE_7D,2025-07-11,2026-05-13,True,False
MOCK02584,BH_POST_DISCHARGE_7D,2025-07-08,2025-11-21,True,False
MOCK02590,BH_POST_DISCHARGE_7D,2025-07-08,2025-11-29,True,False
MOCK02596,BH_POST_DISCHARGE_7D,2025-07-18,2026-05-04,True,False
MOCK02602,BH_POST_DISCHARGE_7D,2025-07-04,2026-05-10,True,False
MOCK02608,BH_POST_DISCHARGE_7D,2025-08-01,2026-05-11,True,False
MOCK02614,BH_POST_DISCHARGE_7D,2025-07-19,2026-04-27,True,False
MOCK02620,BH_POST_DISCHARGE_7D,2025-08-04,,True,True
MOCK02626,BH_POST_DISCHARGE_7D,2025-07-19,2026-01-13,True,False
MOCK02632,BH_POST_DISCHARGE_7D,2025-07-11,2025-12-08,True,False
MOCK02638,BH_POST_DISCHARGE_7D,2025-07-20,2026-01-03,True,False
MOCK02644,BH_POST_DISCHARGE_7D,2025-07-06,2026-02-12,True,True
MOCK02650,BH_POST_DISCHARGE_7D,2025-08-01,2026-04-06,True,True
MOCK02656,BH_POST_DISCHARGE_7D,2025-07-28,2026-01-19,True,True
MOCK02662,BH_POST_DISCHARGE_7D,2025-07-05,2026-05-13,True,True
MOCK02668,BH_POST_DISCHARGE_7D,2025-07-22,2025-12-22,True,False
MOCK02674,BH_POST_DISCHARGE_7D,2025-07-20,,True,True
MOCK02680,BH_POST_DISCHARGE_7D,2025-07-07,,True,True
MOCK02686,BH_POST_DISCHARGE_7D,2025-07-04,,True,False
MOCK02692,BH_POST_DISCHARGE_7D,2025-07-29,,True,True
MOCK02698,BH_POST_DISCHARGE_7D,2025-07-10,,True,True
MOCK02704,BH_POST_DISCHARGE_7D,2025-07-20,2026-03-26,True,False
MOCK02710,BH_POST_DISCHARGE_7D,2025-07-09,2026-03-17,True,False
MOCK02716,BH_POST_DISCHARGE_7D,2025-07-25,,True,False
MOCK02722,BH_POST_DISCHARGE_7D,2025-07-01,,True,False
MOCK02728,BH_POST_DISCHARGE_7D,2025-07-14,2026-05-07,True,False
MOCK02734,BH_POST_DISCHARGE_7D,2025-07-21,2026-05-21,True,True
MOCK02740,BH_POST_DISCHARGE_7D,2025-07-17,,True,False
MOCK02746,BH_POST_DISCHARGE_7D,2025-07-23,2025-11-27,True,False
MOCK02752,BH_POST_DISCHARGE_7D,2025-07-07,2026-03-08,True,False
MOCK02758,BH_POST_DISCHARGE_7D,2025-07-17,,True,False
MOCK02764,BH_POST_DISCHARGE_7D,2025-07-29,2026-05-24,True,True
MOCK02770,BH_POST_DISCHARGE_7D,2025-07-13,2026-04-04,True,True
MOCK02776,BH_POST_DISCHARGE_7D,2025-07-06,2026-05-12,True,False
MOCK02782,BH_POST_DISCHARGE_7D,2025-08-02,,True,False
MOCK02788,BH_POST_DISCHARGE_7D,2025-07-30,2026-01-25,True,True
MOCK02794,BH_POST_DISCHARGE_7D,2025-07-26,2026-02-16,True,False
MOCK02800,BH_POST_DISCHARGE_7D,2025-07-31,,True,False
MOCK02806,BH_POST_DISCHARGE_7D,2025-07-30,2026-01-02,True,False
MOCK02812,BH_POST_DISCHARGE_7D,2025-07-29,,True,True
MOCK02818,BH_POST_DISCHARGE_7D,2025-07-19,2025-11-04,True,False
MOCK02824,BH_POST_DISCHARGE_7D,2025-06-30,2026-02-17,True,False
MOCK02830,BH_POST_DISCHARGE_7D,2025-07-23,2025-11-29,True,False
MOCK02836,BH_POST_DISCHARGE_7D,2025-07-10,2025-12-15,True,False
MOCK02842,BH_POST_DISCHARGE_7D,2025-07-30,,True,False
MOCK02848,BH_POST_DISCHARGE_7D,2025-07-18,,True,True
MOCK02854,BH_POST_DISCHARGE_7D,2025-08-04,,True,False
MOCK02860,BH_POST_DISCHARGE_7D,2025-07-23,2025-12-24,True,True
MOCK02866,BH_POST_DISCHARGE_7D,2025-07-21,,True,False
MOCK02872,BH_POST_DISCHARGE_7D,2025-08-04,,True,False
MOCK02878,BH_POST_DISCHARGE_7D,2025-07-18,2026-04-24,True,False
MOCK02884,BH_POST_DISCHARGE_7D,2025-07-14,,True,False
MOCK02890,BH_POST_DISCHARGE_7D,2025-07-14,,True,True
MOCK02896,BH_POST_DISCHARGE_7D,2025-08-03,,True,True
MOCK02902,BH_POST_DISCHARGE_7D,2025-07-29,2026-01-26,True,False
MOCK02908,BH_POST_DISCHARGE_7D,2025-07-06,,True,True
MOCK02914,BH_POST_DISCHARGE_7D,2025-07-19,,True,True
MOCK02920,BH_POST_DISCHARGE_7D,2025-07-14,2026-02-12,True,False
MOCK02926,BH_POST_DISCHARGE_7D,2025-07-25,,True,True
MOCK02932,BH_POST_DISCHARGE_7D,2025-07-02,2025-11-16,True,True
MOCK02938,BH_POST_DISCHARGE_7D,2025-07-27,2026-03-05,True,True
MOCK02944,BH_POST_DISCHARGE_7D,2025-07-28,2025-12-21,True,False
MOCK02950,BH_POST_DISCHARGE_7D,2025-07-08,2026-03-30,True,False
MOCK02956,BH_POST_DISCHARGE_7D,2025-07-05,,True,False
MOCK02962,BH_POST_DISCHARGE_7D,2025-07-24,2026-03-09,True,False
MOCK02968,BH_POST_DISCHARGE_7D,2025-07-10,2026-02-13,True,True
MOCK02974,BH_POST_DISCHARGE_7D,2025-08-05,2026-03-03,True,False
MOCK02980,BH_POST_DISCHARGE_7D,2025-07-30,2026-04-18,True,True
MOCK02986,BH_POST_DISCHARGE_7D,2025-08-06,2026-02-01,True,False
MOCK02992,BH_POST_DISCHARGE_7D,2025-07-20,,True,True
MOCK02998,BH_POST_DISCHARGE_7D,2025-08-05,2026-02-01,True,True
MOCK03004,BH_POST_DISCHARGE_7D,2025-06-30,2026-01-01,True,False
MOCK03010,BH_POST_DISCHARGE_7D,2025-07-11,,True,True
MOCK03016,BH_POST_DISCHARGE_7D,2025-06-30,,True,False
MOCK03022,BH_POST_DISCHARGE_7D,2025-07-26,2026-01-24,True,False
MOCK03028,BH_POST_DISCHARGE_7D,2025-07-19,2026-02-23,True,False
MOCK03034,BH_POST_DISCHARGE_7D,2025-07-11,2025-11-13,True,True
MOCK03040,BH_POST_DISCHARGE_7D,2025-07-11,2026-05-02,True,False
MOCK03046,BH_POST_DISCHARGE_7D,2025-07-25,2026-04-29,True,False
MOCK03052,BH_POST_DISCHARGE_7D,2025-07-07,,True,True
MOCK03058,BH_POST_DISCHARGE_7D,2025-07-20,2026-03-12,True,False
MOCK03064,BH_POST_DISCHARGE_7D,2025-07-23,2026-02-08,True,False
MOCK03070,BH_POST_DISCHARGE_7D,2025-07-09,2026-01-30,True,False
MOCK03076,BH_POST_DISCHARGE_7D,2025-07-08,2026-04-17,True,False
MOCK03082,BH_POST_DISCHARGE_7D,2025-07-13,2026-04-21,True,False
MOCK03088,BH_POST_DISCHARGE_7D,2025-07-23,2025-12-08,True,True
MOCK03094,BH_POST_DISCHARGE_7D,2025-07-09,2026-01-13,True,False
MOCK03100,BH_POST_DISCHARGE_7D,2025-07-14,2026-05-23,True,True
MOCK03106,BH_POST_DISCHARGE_7D,2025-07-21,,True,False
MOCK03112,BH_POST_DISCHARGE_7D,2025-07-07,2026-04-10,True,False
MOCK03118,BH_POST_DISCHARGE_7D,2025-07-22,2025-12-10,True,False
MOCK03124,BH_POST_DISCHARGE_7D,2025-07-05,,True,False
MOCK03130,BH_POST_DISCHARGE_7D,2025-07-05,2026-01-27,True,True
MOCK03136,BH_POST_DISCHARGE_7D,2025-07-09,,True,False
MOCK03142,BH_POST_DISCHARGE_7D,2025-07-11,,True,True
MOCK03148,BH_POST_DISCHARGE_7D,2025-07-01,2025-11-19,True,False
MOCK03154,BH_POST_DISCHARGE_7D,2025-08-06,2025-12-12,True,False
MOCK03160,BH_POST_DISCHARGE_7D,2025-07-12,2025-12-25,True,True
MOCK03166,BH_POST_DISCHARGE_7D,2025-07-31,2026-01-06,True,False
MOCK03172,BH_POST_DISCHARGE_7D,2025-08-04,2026-05-25,True,False
MOCK03178,BH_POST_DISCHARGE_7D,2025-07-31,2026-01-17,True,False
MOCK03184,BH_POST_DISCHARGE_7D,2025-08-01,2026-01-03,True,False
MOCK03190,BH_POST_DISCHARGE_7D,2025-07-03,2026-05-09,True,False
MOCK03196,BH_POST_DISCHARGE_7D,2025-07-14,2026-03-22,True,False
MOCK03202,BH_POST_DISCHARGE_7D,2025-07-29,2026-01-14,True,True
MOCK03208,BH_POST_DISCHARGE_7D,2025-07-22,,True,True
MOCK03214,BH_POST_DISCHARGE_7D,2025-06-30,,True,True
MOCK03220,BH_POST_DISCHARGE_7D,2025-07-22,2026-04-21,True,True
MOCK03226,BH_POST_DISCHARGE_7D,2025-07-31,2026-05-11,True,True
MOCK03232,BH_POST_DISCHARGE_7D,2025-08-01,2026-05-07,True,False
MOCK03238,BH_POST_DISCHARGE_7D,2025-07-14,2026-04-16,True,False
MOCK03244,BH_POST_DISCHARGE_7D,2025-07-09,2026-05-24,True,True
MOCK03250,BH_POST_DISCHARGE_7D,2025-07-12,2026-05-19,True,False
MOCK03256,BH_POST_DISCHARGE_7D,2025-07-11,2026-02-13,True,False
MOCK03262,BH_POST_DISCHARGE_7D,2025-07-13,2026-01-29,True,True
MOCK03268,BH_POST_DISCHARGE_7D,2025-07-11,2026-05-16,True,False
MOCK03274,BH_POST_DISCHARGE_7D,2025-07-17,2025-12-09,True,True
MOCK03280,BH_POST_DISCHARGE_7D,2025-07-01,,True,False
MOCK03286,BH_POST_DISCHARGE_7D,2025-07-10,,True,False
MOCK03292,BH_POST_DISCHARGE_7D,2025-07-12,,True,True
MOCK03298,BH_POST_DISCHARGE_7D,2025-07-05,2026-01-04,True,True
MOCK03304,BH_POST_DISCHARGE_7D,2025-08-03,2026-02-06,True,False
MOCK03310,BH_POST_DISCHARGE_7D,2025-07-26,2025-10-29,True,True
MOCK03316,BH_POST_DISCHARGE_7D,2025-08-04,2026-02-16,True,False
MOCK03322,BH_POST_DISCHARGE_7D,2025-07-21,2025-11-23,True,False
MOCK03328,BH_POST_DISCHARGE_7D,2025-07-04,2026-01-06,True,True
MOCK03334,BH_POST_DISCHARGE_7D,2025-08-04,2025-11-06,True,False
MOCK03340,BH_POST_DISCHARGE_7D,2025-07-17,2026-05-18,True,False
MOCK03346,BH_POST_DISCHARGE_7D,2025-07-26,,True,True
MOCK03352,BH_POST_DISCHARGE_7D,2025-07-14,,True,False
MOCK03358,BH_POST_DISCHARGE_7D,2025-07-19,2026-05-13,True,False
MOCK03364,BH_POST_DISCHARGE_7D,2025-07-19,2026-04-09,True,False
MOCK03370,BH_POST_DISCHARGE_7D,2025-07-11,2026-03-08,True,True
MOCK03376,BH_POST_DISCHARGE_7D,2025-07-21,2026-01-08,True,True
MOCK03382,BH_POST_DISCHARGE_7D,2025-07-28,2026-04-08,True,False
MOCK03388,BH_POST_DISCHARGE_7D,2025-06-30,2026-02-25,True,False
MOCK03394,BH_POST_DISCHARGE_7D,2025-07-05,,True,True
MOCK03400,BH_POST_DISCHARGE_7D,2025-08-01,2025-12-06,True,False
MOCK03406,BH_POST_DISCHARGE_7D,2025-07-22,2025-12-03,True,False
MOCK03412,BH_POST_DISCHARGE_7D,2025-08-06,2025-12-28,True,True
MOCK03418,BH_POST_DISCHARGE_7D,2025-07-23,,True,False
MOCK03424,BH_POST_DISCHARGE_7D,2025-07-25,2026-05-19,True,False
MOCK03430,BH_POST_DISCHARGE_7D,2025-08-04,2025-12-15,True,False
MOCK03436,BH_POST_DISCHARGE_7D,2025-07-25,,True,False
MOCK03442,BH_POST_DISCHARGE_7D,2025-07-12,2025-11-23,True,False
MOCK03448,BH_POST_DISCHARGE_7D,2025-07-20,2026-05-06,True,False
MOCK03454,BH_POST_DISCHARGE_7D,2025-07-09,,True,False
MOCK03460,BH_POST_DISCHARGE_7D,2025-07-13,2026-03-30,True,True
MOCK03466,BH_POST_DISCHARGE_7D,2025-07-26,2026-03-15,True,False
MOCK03472,BH_POST_DISCHARGE_7D,2025-07-05,,True,False
MOCK03478,BH_POST_DISCHARGE_7D,2025-07-26,2026-05-16,True,False
MOCK03484,BH_POST_DISCHARGE_7D,2025-07-22,,True,True
MOCK03490,BH_POST_DISCHARGE_7D,2025-07-12,2026-03-14,True,True
MOCK03496,BH_POST_DISCHARGE_7D,2025-07-01,2026-02-22,True,True
MOCK03502,BH_POST_DISCHARGE_7D,2025-07-27,2026-03-12,True,False
MOCK03508,BH_POST_DISCHARGE_7D,2025-08-01,,True,False
MOCK03514,BH_POST_DISCHARGE_7D,2025-07-28,2026-03-22,True,False
MOCK03520,BH_POST_DISCHARGE_7D,2025-07-16,2025-12-20,True,True
MOCK03526,BH_POST_DISCHARGE_7D,2025-07-25,2026-04-23,True,False
MOCK03532,BH_POST_DISCHARGE_7D,2025-07-16,,True,True
MOCK03538,BH_POST_DISCHARGE_7D,2025-07-13,2026-03-24,True,True
MOCK03544,BH_POST_DISCHARGE_7D,2025-07-12,2026-02-28,True,True
MOCK03550,BH_POST_DISCHARGE_7D,2025-07-08,2025-10-29,True,False
MOCK03556,BH_POST_DISCHARGE_7D,2025-08-06,2025-11-14,True,False
MOCK03562,BH_POST_DISCHARGE_7D,2025-07-25,2026-01-25,True,True
MOCK03568,BH_POST_DISCHARGE_7D,2025-07-06,2026-04-02,True,True
MOCK03574,BH_POST_DISCHARGE_7D,2025-08-02,,True,False
MOCK03580,BH_POST_DISCHARGE_7D,2025-07-05,2025-11-01,True,True
MOCK03586,BH_POST_DISCHARGE_7D,2025-07-23,2026-04-04,True,False
MOCK03592,BH_POST_DISCHARGE_7D,2025-07-06,2025-12-03,True,True
MOCK03598,BH_POST_DISCHARGE_7D,2025-07-14,,True,True
MOCK03604,BH_POST_DISCHARGE_7D,2025-07-25,2026-02-11,True,True
MOCK03610,BH_POST_DISCHARGE_7D,2025-08-07,,True,False
MOCK03616,BH_POST_DISCHARGE_7D,2025-08-07,2026-01-01,True,False
MOCK03622,BH_POST_DISCHARGE_7D,2025-08-03,2026-01-10,True,True
MOCK03628,BH_POST_DISCHARGE_7D,2025-07-09,,True,False
MOCK03634,BH_POST_DISCHARGE_7D,2025-07-03,2026-02-14,True,True
MOCK03640,BH_POST_DISCHARGE_7D,2025-08-04,2025-10-30,True,False
MOCK03646,BH_POST_DISCHARGE_7D,2025-08-05,2025-11-10,True,True
MOCK03652,BH_POST_DISCHARGE_7D,2025-07-10,2026-03-05,True,False
MOCK03658,BH_POST_DISCHARGE_7D,2025-06-30,2025-10-29,True,True
MOCK03664,BH_POST_DISCHARGE_7D,2025-07-25,,True,False
MOCK03670,BH_POST_DISCHARGE_7D,2025-07-02,2026-05-14,True,False
MOCK03676,BH_POST_DISCHARGE_7D,2025-07-01,2025-12-08,True,False
MOCK03682,BH_POST_DISCHARGE_7D,2025-08-05,2025-11-01,True,False
MOCK03688,BH_POST_DISCHARGE_7D,2025-07-19,2025-11-18,True,True
MOCK03694,BH_POST_DISCHARGE_7D,2025-07-04,2026-05-08,True,True
MOCK03700,BH_POST_DISCHARGE_7D,2025-07-25,,True,False
MOCK03706,BH_POST_DISCHARGE_7D,2025-07-14,,True,False
MOCK03712,BH_POST_DISCHARGE_7D,2025-07-20,2026-03-29,True,False
MOCK03718,BH_POST_DISCHARGE_7D,2025-08-04,2026-03-25,True,False
MOCK03724,BH_POST_DISCHARGE_7D,2025-07-09,2026-05-22,True,False
MOCK03730,BH_POST_DISCHARGE_7D,2025-07-25,2025-12-26,True,False
MOCK03736,BH_POST_DISCHARGE_7D,2025-08-01,2026-02-15,True,False
MOCK03742,BH_POST_DISCHARGE_7D,2025-07-16,,True,False
MOCK03748,BH_POST_DISCHARGE_7D,2025-08-06,2026-03-16,True,True
MOCK03754,BH_POST_DISCHARGE_7D,2025-07-17,2026-01-11,True,False
MOCK03760,BH_POST_DISCHARGE_7D,2025-07-17,2025-12-10,True,False
MOCK03766,BH_POST_DISCHARGE_7D,2025-08-03,2025-11-12,True,True
MOCK03772,BH_POST_DISCHARGE_7D,2025-07-24,2025-11-14,True,False
MOCK03778,BH_POST_DISCHARGE_7D,2025-08-02,2026-01-27,True,False
MOCK03784,BH_POST_DISCHARGE_7D,2025-07-30,2026-01-27,True,True
MOCK03790,BH_POST_DISCHARGE_7D,2025-07-27,2025-10-29,True,False
MOCK03796,BH_POST_DISCHARGE_7D,2025-07-09,2026-02-11,True,True
MOCK03802,BH_POST_DISCHARGE_7D,2025-07-15,,True,True
MOCK03808,BH_POST_DISCHARGE_7D,2025-08-02,2026-05-12,True,False
MOCK03814,BH_POST_DISCHARGE_7D,2025-07-24,2025-11-20,True,False
MOCK03820,BH_POST_DISCHARGE_7D,2025-07-10,2025-11-13,True,False
MOCK03826,BH_POST_DISCHARGE_7D,2025-07-12,2025-11-20,True,True
MOCK03832,BH_POST_DISCHARGE_7D,2025-07-30,2026-04-16,True,False
MOCK03838,BH_POST_DISCHARGE_7D,2025-07-06,,True,True
MOCK03844,BH_POST_DISCHARGE_7D,2025-07-04,2026-04-29,True,False
MOCK03850,BH_POST_DISCHARGE_7D,2025-07-29,2026-02-17,True,True
MOCK03856,BH_POST_DISCHARGE_7D,2025-07-11,2026-01-28,True,False
MOCK03862,BH_POST_DISCHARGE_7D,2025-07-29,,True,True
MOCK03868,BH_POST_DISCHARGE_7D,2025-07-20,2025-11-06,True,True
MOCK03874,BH_POST_DISCHARGE_7D,2025-08-07,,True,False
MOCK03880,BH_POST_DISCHARGE_7D,2025-07-20,2026-03-28,True,False
MOCK03886,BH_POST_DISCHARGE_7D,2025-08-02,2025-11-05,True,False
MOCK03892,BH_POST_DISCHARGE_7D,2025-08-02,2026-02-28,True,False
MOCK03898,BH_POST_DISCHARGE_7D,2025-07-08,2026-05-03,True,True
MOCK03904,BH_POST_DISCHARGE_7D,2025-08-07,2026-04-10,True,True
MOCK03910,BH_POST_DISCHARGE_7D,2025-07-29,2025-10-30,True,False
MOCK03916,BH_POST_DISCHARGE_7D,2025-07-04,,True,True
MOCK03922,BH_POST_DISCHARGE_7D,2025-06-30,,True,False
MOCK03928,BH_POST_DISCHARGE_7D,2025-07-10,,True,False
MOCK03934,BH_POST_DISCHARGE_7D,2025-06-30,2025-11-29,True,False
MOCK03940,BH_POST_DISCHARGE_7D,2025-07-13,2025-11-16,True,False
MOCK03946,BH_POST_DISCHARGE_7D,2025-08-07,2026-03-23,True,True
MOCK03952,BH_POST_DISCHARGE_7D,2025-07-18,2025-12-28,True,True
MOCK03958,BH_POST_DISCHARGE_7D,2025-06-30,,True,False
MOCK03964,BH_POST_DISCHARGE_7D,2025-07-19,2025-12-12,True,True
MOCK03970,BH_POST_DISCHARGE_7D,2025-07-08,2026-05-19,True,False
MOCK03976,BH_POST_DISCHARGE_7D,2025-08-02,2026-01-12,True,False
MOCK03982,BH_POST_DISCHARGE_7D,2025-07-03,,True,True
MOCK03988,BH_POST_DISCHARGE_7D,2025-07-30,,True,False
MOCK03994,BH_POST_DISCHARGE_7D,2025-07-17,2025-12-19,True,True
MOCK04000,BH_POST_DISCHARGE_7D,2025-06-30,2025-11-04,True,False
MOCK04006,BH_POST_DISCHARGE_7D,2025-07-26,2026-01-27,True,True
MOCK04012,BH_POST_DISCHARGE_7D,2025-07-17,2026-01-22,True,False
MOCK04018,BH_POST_DISCHARGE_7D,2025-07-30,,True,True
MOCK04024,BH_POST_DISCHARGE_7D,2025-07-24,2026-03-17,True,True
MOCK04030,BH_POST_DISCHARGE_7D,2025-07-30,2026-02-20,True,True
MOCK04036,BH_POST_DISCHARGE_7D,2025-07-17,2026-03-30,True,True
MOCK04042,BH_POST_DISCHARGE_7D,2025-06-30,2026-01-30,True,False
MOCK04048,BH_POST_DISCHARGE_7D,2025-07-05,2026-03-20,True,True
MOCK04054,BH_POST_DISCHARGE_7D,2025-07-17,2026-01-23,True,True
MOCK04060,BH_POST_DISCHARGE_7D,2025-07-15,2026-03-22,True,True
MOCK04066,BH_POST_DISCHARGE_7D,2025-07-30,2025-10-29,True,True
MOCK04072,BH_POST_DISCHARGE_7D,2025-07-16,2026-03-02,True,True
MOCK04078,BH_POST_DISCHARGE_7D,2025-08-02,2026-03-27,True,True
MOCK04084,BH_POST_DISCHARGE_7D,2025-07-07,,True,False
MOCK04090,BH_POST_DISCHARGE_7D,2025-07-15,2026-01-09,True,False
MOCK04096,BH_POST_DISCHARGE_7D,2025-07-29,,True,False
MOCK04102,BH_POST_DISCHARGE_7D,2025-07-04,2026-01-13,True,True
MOCK04108,BH_POST_DISCHARGE_7D,2025-07-12,2026-02-22,True,False
MOCK04114,BH_POST_DISCHARGE_7D,2025-07-29,2026-04-19,True,False
MOCK04120,BH_POST_DISCHARGE_7D,2025-07-22,,True,False
MOCK04126,BH_POST_DISCHARGE_7D,2025-07-30,2026-05-10,True,True
MOCK04132,BH_POST_DISCHARGE_7D,2025-07-20,2026-04-20,True,True
MOCK04138,BH_POST_DISCHARGE_7D,2025-08-02,,True,False
MOCK04144,BH_POST_DISCHARGE_7D,2025-08-03,2026-04-30,True,True
MOCK04150,BH_POST_DISCHARGE_7D,2025-08-07,2026-01-20,True,False
MOCK04156,BH_POST_DISCHARGE_7D,2025-07-04,2026-01-28,True,True
MOCK04162,BH_POST_DISCHARGE_7D,2025-07-23,2025-12-20,True,True
MOCK04168,BH_POST_DISCHARGE_7D,2025-07-04,2025-11-16,True,True
MOCK04174,BH_POST_DISCHARGE_7D,2025-07-08,,True,True
MOCK04180,BH_POST_DISCHARGE_7D,2025-07-11,2025-12-27,True,True
MOCK04186,BH_POST_DISCHARGE_7D,2025-07-25,,True,True
MOCK04192,BH_POST_DISCHARGE_7D,2025-07-16,,True,False
MOCK04198,BH_POST_DISCHARGE_7D,2025-08-02,,True,True
MOCK04204,BH_POST_DISCHARGE_7D,2025-07-11,,True,False
MOCK04210,BH_POST_DISCHARGE_7D,2025-07-24,2025-11-10,True,False
MOCK04216,BH_POST_DISCHARGE_7D,2025-07-29,,True,False
MOCK04222,BH_POST_DISCHARGE_7D,2025-08-07,2026-05-04,True,False
MOCK04228,BH_POST_DISCHARGE_7D,2025-07-09,,True,True
MOCK04234,BH_POST_DISCHARGE_7D,2025-07-28,,True,False
MOCK04240,BH_POST_DISCHARGE_7D,2025-07-03,2025-11-17,True,False
MOCK04246,BH_POST_DISCHARGE_7D,2025-07-21,2026-04-02,True,False
MOCK04252,BH_POST_DISCHARGE_7D,2025-07-16,2026-05-06,True,True
MOCK04258,BH_POST_DISCHARGE_7D,2025-08-06,2026-02-17,True,False
MOCK04264,BH_POST_DISCHARGE_7D,2025-07-30,2026-02-27,True,True
MOCK04270,BH_POST_DISCHARGE_7D,2025-08-05,2025-10-30,True,False
MOCK04276,BH_POST_DISCHARGE_7D,2025-08-02,,True,True
MOCK04282,BH_POST_DISCHARGE_7D,2025-07-16,2026-03-27,True,True
MOCK04288,BH_POST_DISCHARGE_7D,2025-07-28,2026-04-06,True,False
MOCK04294,BH_POST_DISCHARGE_7D,2025-07-01,,True,False
MOCK04300,BH_POST_DISCHARGE_7D,2025-07-21,2026-05-26,True,False
MOCK04306,BH_POST_DISCHARGE_7D,2025-07-01,,True,False
MOCK04312,BH_POST_DISCHARGE_7D,2025-07-28,,True,False
MOCK04318,BH_POST_DISCHARGE_7D,2025-08-06,,True,False
MOCK04324,BH_POST_DISCHARGE_7D,2025-07-26,,True,False
MOCK04330,BH_POST_DISCHARGE_7D,2025-08-01,2025-11-25,True,True
MOCK04336,BH_POST_DISCHARGE_7D,2025-07-09,,True,True
MOCK04342,BH_POST_DISCHARGE_7D,2025-08-07,,True,False
MOCK04348,BH_POST_DISCHARGE_7D,2025-07-21,2026-02-06,True,True
MOCK04354,BH_POST_DISCHARGE_7D,2025-07-26,,True,False
MOCK04360,BH_POST_DISCHARGE_7D,2025-07-30,2026-05-20,True,True
MOCK04366,BH_POST_DISCHARGE_7D,2025-07-24,2026-03-02,True,True
MOCK04372,BH_POST_DISCHARGE_7D,2025-07-12,2025-11-29,True,True
MOCK04378,BH_POST_DISCHARGE_7D,2025-07-23,2025-12-29,True,False
MOCK04384,BH_POST_DISCHARGE_7D,2025-07-25,2026-02-09,True,False
MOCK04390,BH_POST_DISCHARGE_7D,2025-08-02,2026-02-05,True,True
MOCK04396,BH_POST_DISCHARGE_7D,2025-07-18,,True,True
MOCK04402,BH_POST_DISCHARGE_7D,2025-07-19,2026-05-24,True,True
MOCK04408,BH_POST_DISCHARGE_7D,2025-07-19,2026-05-15,True,True
MOCK04414,BH_POST_DISCHARGE_7D,2025-07-04,,True,False
MOCK04420,BH_POST_DISCHARGE_7D,2025-07-03,2026-01-29,True,False
MOCK04426,BH_POST_DISCHARGE_7D,2025-06-30,2026-03-29,True,True
MOCK04432,BH_POST_DISCHARGE_7D,2025-07-25,2025-11-04,True,True
MOCK04438,BH_POST_DISCHARGE_7D,2025-07-16,2026-05-04,True,False
MOCK04444,BH_POST_DISCHARGE_7D,2025-08-02,,True,True
MOCK04450,BH_POST_DISCHARGE_7D,2025-07-27,2026-05-04,True,True
MOCK04456,BH_POST_DISCHARGE_7D,2025-07-05,2026-04-17,True,False
MOCK04462,BH_POST_DISCHARGE_7D,2025-07-03,2026-02-04,True,True
MOCK04468,BH_POST_DISCHARGE_7D,2025-07-14,2026-01-20,True,True
MOCK04474,BH_POST_DISCHARGE_7D,2025-08-04,2026-04-17,True,True
MOCK04480,BH_POST_DISCHARGE_7D,2025-07-01,,True,False
MOCK04486,BH_POST_DISCHARGE_7D,2025-07-07,,True,True
MOCK04492,BH_POST_DISCHARGE_7D,2025-07-01,2026-01-13,True,False
MOCK04498,BH_POST_DISCHARGE_7D,2025-07-16,2025-11-02,True,False
MOCK04504,BH_POST_DISCHARGE_7D,2025-08-07,2026-04-10,True,False
MOCK04510,BH_POST_DISCHARGE_7D,2025-07-26,2026-05-04,True,False
MOCK04516,BH_POST_DISCHARGE_7D,2025-07-19,2026-03-22,True,True
MOCK04522,BH_POST_DISCHARGE_7D,2025-07-05,2026-04-12,True,True
MOCK04528,BH_POST_DISCHARGE_7D,2025-07-13,,True,True
MOCK04534,BH_POST_DISCHARGE_7D,2025-07-20,2025-12-28,True,False
MOCK04540,BH_POST_DISCHARGE_7D,2025-07-10,2026-02-26,True,False
MOCK04546,BH_POST_DISCHARGE_7D,2025-07-27,,True,False
MOCK04552,BH_POST_DISCHARGE_7D,2025-08-07,2026-02-07,True,False
MOCK04558,BH_POST_DISCHARGE_7D,2025-07-08,2026-04-07,True,True
MOCK04564,BH_POST_DISCHARGE_7D,2025-07-09,2026-04-08,True,True
MOCK04570,BH_POST_DISCHARGE_7D,2025-07-04,2026-03-17,True,True
MOCK04576,BH_POST_DISCHARGE_7D,2025-07-28,2026-03-26,True,False
MOCK04582,BH_POST_DISCHARGE_7D,2025-07-18,2026-04-26,True,True
MOCK04588,BH_POST_DISCHARGE_7D,2025-07-11,2026-05-12,True,False
MOCK04594,BH_POST_DISCHARGE_7D,2025-07-08,2025-12-28,True,True
MOCK04600,BH_POST_DISCHARGE_7D,2025-07-02,2025-11-25,True,False
MOCK04606,BH_POST_DISCHARGE_7D,2025-07-18,,True,True
MOCK04612,BH_POST_DISCHARGE_7D,2025-07-26,2026-03-03,True,False
MOCK04618,BH_POST_DISCHARGE_7D,2025-07-09,2025-12-27,True,True
MOCK04624,BH_POST_DISCHARGE_7D,2025-06-30,2025-12-01,True,False
MOCK04630,BH_POST_DISCHARGE_7D,2025-07-18,2026-01-07,True,False
MOCK04636,BH_POST_DISCHARGE_7D,2025-07-26,2026-04-09,True,False
MOCK04642,BH_POST_DISCHARGE_7D,2025-07-13,2025-11-29,True,True
MOCK04648,BH_POST_DISCHARGE_7D,2025-07-09,2026-04-30,True,False
MOCK04654,BH_POST_DISCHARGE_7D,2025-07-06,2026-01-29,True,True
MOCK04660,BH_POST_DISCHARGE_7D,2025-07-29,2026-04-03,True,True
MOCK04666,BH_POST_DISCHARGE_7D,2025-08-02,2025-11-11,True,False
MOCK04672,BH_POST_DISCHARGE_7D,2025-07-30,,True,False
MOCK04678,BH_POST_DISCHARGE_7D,2025-07-20,2025-11-01,True,True
MOCK04684,BH_POST_DISCHARGE_7D,2025-07-28,,True,False
MOCK04690,BH_POST_DISCHARGE_7D,2025-07-15,2025-12-05,True,False
MOCK04696,BH_POST_DISCHARGE_7D,2025-06-30,2026-02-18,True,False
MOCK04702,BH_POST_DISCHARGE_7D,2025-07-14,2025-12-06,True,True
MOCK04708,BH_POST_DISCHARGE_7D,2025-07-27,2026-01-14,True,False
MOCK04714,BH_POST_DISCHARGE_7D,2025-07-25,2025-12-18,True,True
MOCK04720,BH_POST_DISCHARGE_7D,2025-08-07,2025-12-17,True,True
MOCK04726,BH_POST_DISCHARGE_7D,2025-08-07,2025-11-20,True,True
MOCK04732,BH_POST_DISCHARGE_7D,2025-07-09,2025-11-15,True,False
MOCK04738,BH_POST_DISCHARGE_7D,2025-06-30,2026-01-25,True,True
MOCK04744,BH_POST_DISCHARGE_7D,2025-07-10,2025-11-14,True,True
MOCK04750,BH_POST_DISCHARGE_7D,2025-08-03,,True,True
MOCK04756,BH_POST_DISCHARGE_7D,2025-07-31,2025-11-30,True,True
MOCK04762,BH_POST_DISCHARGE_7D,2025-07-03,2026-05-09,True,False
MOCK04768,BH_POST_DISCHARGE_7D,2025-07-06,2026-01-31,True,False
MOCK04774,BH_POST_DISCHARGE_7D,2025-07-21,2025-11-17,True,False
MOCK04780,BH_POST_DISCHARGE_7D,2025-07-25,2025-12-25,True,False
MOCK04786,BH_POST_DISCHARGE_7D,2025-08-07,2025-10-31,True,True
MOCK04792,BH_POST_DISCHARGE_7D,2025-07-29,2026-05-16,True,False
MOCK04798,BH_POST_DISCHARGE_7D,2025-07-08,2025-11-14,True,False
MOCK04804,BH_POST_DISCHARGE_7D,2025-07-01,2025-12-15,True,False
MOCK04810,BH_POST_DISCHARGE_7D,2025-07-24,2026-01-18,True,False
MOCK04816,BH_POST_DISCHARGE_7D,2025-07-21,2025-12-04,True,True
MOCK04822,BH_POST_DISCHARGE_7D,2025-08-04,2026-01-25,True,False
MOCK04828,BH_POST_DISCHARGE_7D,2025-07-22,2026-02-19,True,True
MOCK04834,BH_POST_DISCHARGE_7D,2025-07-19,2025-12-09,True,False
MOCK04840,BH_POST_DISCHARGE_7D,2025-07-11,,True,True
MOCK04846,BH_POST_DISCHARGE_7D,2025-07-03,2025-11-26,True,False
MOCK04852,BH_POST_DISCHARGE_7D,2025-08-03,2025-12-27,True,False
MOCK04858,BH_POST_DISCHARGE_7D,2025-08-01,2025-12-27,True,False
MOCK04864,BH_POST_DISCHARGE_7D,2025-07-06,2026-02-01,True,True
MOCK04870,BH_POST_DISCHARGE_7D,2025-07-27,2026-03-30,True,False
MOCK04876,BH_POST_DISCHARGE_7D,2025-07-14,2026-05-19,True,False
MOCK04882,BH_POST_DISCHARGE_7D,2025-07-17,2026-03-06,True,False
MOCK04888,BH_POST_DISCHARGE_7D,2025-08-02,2026-03-23,True,False
MOCK04894,BH_POST_DISCHARGE_7D,2025-08-01,2026-02-05,True,False
MOCK04900,BH_POST_DISCHARGE_7D,2025-07-07,,True,False
MOCK04906,BH_POST_DISCHARGE_7D,2025-07-11,2026-03-24,True,True
MOCK04912,BH_POST_DISCHARGE_7D,2025-08-01,2025-12-26,True,False
MOCK04918,BH_POST_DISCHARGE_7D,2025-08-04,2026-03-18,True,False
MOCK04924,BH_POST_DISCHARGE_7D,2025-07-03,2025-11-17,True,False
MOCK04930,BH_POST_DISCHARGE_7D,2025-08-01,,True,True
MOCK04936,BH_POST_DISCHARGE_7D,2025-07-19,,True,True
MOCK04942,BH_POST_DISCHARGE_7D,2025-07-23,2026-05-05,True,True
MOCK04948,BH_POST_DISCHARGE_7D,2025-07-02,2026-03-30,True,False
MOCK04954,BH_POST_DISCHARGE_7D,2025-07-26,2026-03-17,True,False
MOCK04960,BH_POST_DISCHARGE_7D,2025-07-26,,True,False
MOCK04966,BH_POST_DISCHARGE_7D,2025-07-25,2026-03-26,True,True
MOCK04972,BH_POST_DISCHARGE_7D,2025-07-30,,True,True
MOCK04978,BH_POST_DISCHARGE_7D,2025-08-05,2026-05-14,True,False
MOCK04984,BH_POST_DISCHARGE_7D,2025-08-02,,True,True
MOCK04990,BH_POST_DISCHARGE_7D,2025-07-29,2026-02-10,True,True
MOCK04996,BH_POST_DISCHARGE_7D,2025-08-07,2026-05-05,True,True
MOCK05002,BH_POST_DISCHARGE_7D,2025-07-26,,True,False
MOCK05008,BH_POST_DISCHARGE_7D,2025-07-26,2026-03-13,True,False
MOCK05014,BH_POST_DISCHARGE_7D,2025-07-21,2026-01-30,True,True
MOCK05020,BH_POST_DISCHARGE_7D,2025-07-29,2025-12-31,True,True
MOCK05026,BH_POST_DISCHARGE_7D,2025-07-02,2026-03-09,True,False
MOCK05032,BH_POST_DISCHARGE_7D,2025-07-19,,True,True
MOCK05038,BH_POST_DISCHARGE_7D,2025-07-16,2025-11-04,True,True
MOCK05044,BH_POST_DISCHARGE_7D,2025-08-04,2025-12-05,True,True
MOCK05050,BH_POST_DISCHARGE_7D,2025-07-02,2026-03-09,True,True
MOCK05056,BH_POST_DISCHARGE_7D,2025-07-25,2026-05-04,True,False
MOCK05062,BH_POST_DISCHARGE_7D,2025-07-07,2025-12-11,True,False
MOCK05068,BH_POST_DISCHARGE_7D,2025-08-03,,True,True
MOCK05074,BH_POST_DISCHARGE_7D,2025-08-02,2026-05-23,True,False
MOCK05080,BH_POST_DISCHARGE_7D,2025-07-09,2026-05-13,True,True
MOCK05086,BH_POST_DISCHARGE_7D,2025-08-02,2026-02-10,True,False
MOCK05092,BH_POST_DISCHARGE_7D,2025-07-19,2025-12-21,True,True
MOCK05098,BH_POST_DISCHARGE_7D,2025-08-06,2025-11-29,True,True
MOCK05104,BH_POST_DISCHARGE_7D,2025-07-28,2026-01-27,True,False
MOCK05110,BH_POST_DISCHARGE_7D,2025-07-01,,True,False
MOCK05116,BH_POST_DISCHARGE_7D,2025-07-07,2026-03-04,True,False
MOCK05122,BH_POST_DISCHARGE_7D,2025-07-15,2026-02-24,True,False
MOCK05128,BH_POST_DISCHARGE_7D,2025-07-08,,True,False
MOCK05134,BH_POST_DISCHARGE_7D,2025-07-05,2025-11-21,True,False
MOCK05140,BH_POST_DISCHARGE_7D,2025-08-07,,True,True
MOCK05146,BH_POST_DISCHARGE_7D,2025-08-02,,True,False
MOCK05152,BH_POST_DISCHARGE_7D,2025-07-16,,True,False
MOCK05158,BH_POST_DISCHARGE_7D,2025-07-08,,True,False
MOCK05164,BH_POST_DISCHARGE_7D,2025-07-07,2026-02-16,True,False
MOCK05170,BH_POST_DISCHARGE_7D,2025-08-04,,True,False
MOCK05176,BH_POST_DISCHARGE_7D,2025-07-12,,True,True
MOCK05182,BH_POST_DISCHARGE_7D,2025-06-30,2026-04-23,True,True
MOCK05188,BH_POST_DISCHARGE_7D,2025-07-15,2025-11-29,True,False
MOCK05194,BH_POST_DISCHARGE_7D,2025-07-17,2026-03-18,True,True
MOCK05200,BH_POST_DISCHARGE_7D,2025-07-24,2026-02-01,True,False
MOCK05206,BH_POST_DISCHARGE_7D,2025-07-13,2026-05-08,True,True
MOCK05212,BH_POST_DISCHARGE_7D,2025-08-04,2026-04-07,True,True
MOCK05218,BH_POST_DISCHARGE_7D,2025-07-25,2026-01-10,True,False
MOCK05224,BH_POST_DISCHARGE_7D,2025-08-07,2026-05-04,True,True
MOCK05230,BH_POST_DISCHARGE_7D,2025-07-14,,True,False
MOCK05236,BH_POST_DISCHARGE_7D,2025-07-25,,True,True
MOCK05242,BH_POST_DISCHARGE_7D,2025-07-14,2026-05-20,True,False
MOCK05248,BH_POST_DISCHARGE_7D,2025-07-27,,True,False
MOCK05254,BH_POST_DISCHARGE_7D,2025-07-29,2025-10-31,True,False
MOCK05260,BH_POST_DISCHARGE_7D,2025-07-12,2026-01-06,True,True
MOCK05266,BH_POST_DISCHARGE_7D,2025-08-05,2026-03-16,True,True
MOCK05272,BH_POST_DISCHARGE_7D,2025-08-02,2025-11-08,True,False
MOCK05278,BH_POST_DISCHARGE_7D,2025-08-03,,True,False
MOCK05284,BH_POST_DISCHARGE_7D,2025-07-08,2026-02-23,True,False
MOCK05290,BH_POST_DISCHARGE_7D,2025-07-27,2026-01-09,True,False
MOCK05296,BH_POST_DISCHARGE_7D,2025-07-04,2025-11-22,True,False
MOCK05302,BH_POST_DISCHARGE_7D,2025-07-04,2026-02-20,True,False
MOCK05308,BH_POST_DISCHARGE_7D,2025-08-06,2025-12-29,True,False
MOCK05314,BH_POST_DISCHARGE_7D,2025-07-05,2026-03-30,True,False
MOCK05320,BH_POST_DISCHARGE_7D,2025-08-02,2026-03-13,True,False
MOCK05326,BH_POST_DISCHARGE_7D,2025-07-16,2025-10-31,True,False
MOCK05332,BH_POST_DISCHARGE_7D,2025-07-11,2025-11-11,True,False
MOCK05338,BH_POST_DISCHARGE_7D,2025-07-02,,True,True
MOCK05344,BH_POST_DISCHARGE_7D,2025-07-26,2026-04-03,True,True
MOCK05350,BH_POST_DISCHARGE_7D,2025-07-28,2026-02-26,True,False
MOCK05356,BH_POST_DISCHARGE_7D,2025-07-18,2026-05-07,True,False
MOCK05362,BH_POST_DISCHARGE_7D,2025-07-31,,True,True
MOCK05368,BH_POST_DISCHARGE_7D,2025-07-12,2026-02-18,True,False
MOCK05374,BH_POST_DISCHARGE_7D,2025-07-21,2026-03-25,True,False
MOCK05380,BH_POST_DISCHARGE_7D,2025-07-11,,True,False
MOCK05386,BH_POST_DISCHARGE_7D,2025-07-22,,True,False
MOCK05392,BH_POST_DISCHARGE_7D,2025-07-05,,True,True
MOCK05398,BH_POST_DISCHARGE_7D,2025-07-18,2026-03-24,True,False
MOCK05404,BH_POST_DISCHARGE_7D,2025-07-21,,True,True
MOCK05410,BH_POST_DISCHARGE_7D,2025-07-21,2026-05-22,True,False
MOCK05416,BH_POST_DISCHARGE_7D,2025-07-17,2025-11-13,True,True
MOCK05422,BH_POST_DISCHARGE_7D,2025-07-25,2026-04-05,True,False
MOCK05428,BH_POST_DISCHARGE_7D,2025-07-19,2025-11-27,True,False
MOCK05434,BH_POST_DISCHARGE_7D,2025-07-11,2026-04-22,True,False
MOCK05440,BH_POST_DISCHARGE_7D,2025-07-08,,True,False
MOCK05446,BH_POST_DISCHARGE_7D,2025-07-25,2026-04-11,True,False
MOCK05452,BH_POST_DISCHARGE_7D,2025-08-05,2026-03-26,True,False
MOCK05458,BH_POST_DISCHARGE_7D,2025-07-29,2025-11-20,True,True
MOCK05464,BH_POST_DISCHARGE_7D,2025-07-24,2025-11-22,True,True
MOCK05470,BH_POST_DISCHARGE_7D,2025-08-04,2025-11-17,True,False
MOCK05476,BH_POST_DISCHARGE_7D,2025-08-04,2026-04-23,True,True
MOCK05482,BH_POST_DISCHARGE_7D,2025-07-19,2026-01-15,True,False
MOCK05488,BH_POST_DISCHARGE_7D,2025-07-04,2026-05-14,True,True
MOCK05494,BH_POST_DISCHARGE_7D,2025-07-24,2026-01-03,True,False
MOCK05500,BH_POST_DISCHARGE_7D,2025-07-24,2026-02-09,True,True
MOCK05506,BH_POST_DISCHARGE_7D,2025-07-10,,True,False
MOCK05512,BH_POST_DISCHARGE_7D,2025-08-02,2026-01-30,True,True
MOCK05518,BH_POST_DISCHARGE_7D,2025-08-02,2026-03-06,True,False
MOCK05524,BH_POST_DISCHARGE_7D,2025-07-12,2026-05-05,True,True
MOCK05530,BH_POST_DISCHARGE_7D,2025-07-18,2026-05-19,True,False
MOCK05536,BH_POST_DISCHARGE_7D,2025-07-07,2025-10-30,True,True
MOCK05542,BH_POST_DISCHARGE_7D,2025-07-06,2026-04-17,True,False
MOCK05548,BH_POST_DISCHARGE_7D,2025-07-10,,True,False
MOCK05554,BH_POST_DISCHARGE_7D,2025-07-14,2026-04-14,True,False
MOCK05560,BH_POST_DISCHARGE_7D,2025-07-10,,True,False
MOCK05566,BH_POST_DISCHARGE_7D,2025-07-05,,True,False
MOCK05572,BH_POST_DISCHARGE_7D,2025-07-17,2026-02-17,True,False
MOCK05578,BH_POST_DISCHARGE_7D,2025-07-24,2026-04-28,True,True
MOCK05584,BH_POST_DISCHARGE_7D,2025-07-12,2026-01-15,True,False
MOCK05590,BH_POST_DISCHARGE_7D,2025-07-20,2025-12-30,True,True
MOCK05596,BH_POST_DISCHARGE_7D,2025-07-10,,True,False
MOCK05602,BH_POST_DISCHARGE_7D,2025-07-27,,True,True
MOCK05608,BH_POST_DISCHARGE_7D,2025-07-25,2026-05-08,True,True
MOCK05614,BH_POST_DISCHARGE_7D,2025-08-06,2026-01-10,True,False
MOCK05620,BH_POST_DISCHARGE_7D,2025-07-02,2026-02-27,True,False
MOCK05626,BH_POST_DISCHARGE_7D,2025-08-02,2026-04-14,True,True
MOCK05632,BH_POST_DISCHARGE_7D,2025-07-13,2026-05-01,True,False
MOCK05638,BH_POST_DISCHARGE_7D,2025-07-02,2026-03-17,True,False
MOCK05644,BH_POST_DISCHARGE_7D,2025-07-26,,True,True
MOCK05650,BH_POST_DISCHARGE_7D,2025-07-06,,True,True
MOCK05656,BH_POST_DISCHARGE_7D,2025-07-06,2025-10-31,True,False
MOCK05662,BH_POST_DISCHARGE_7D,2025-08-07,,True,False
MOCK05668,BH_POST_DISCHARGE_7D,2025-07-08,2025-12-08,True,True
MOCK05674,BH_POST_DISCHARGE_7D,2025-07-21,2026-04-08,True,False
MOCK05680,BH_POST_DISCHARGE_7D,2025-07-07,2026-01-18,True,True
MOCK05686,BH_POST_DISCHARGE_7D,2025-07-04,2025-11-19,True,False
MOCK05692,BH_POST_DISCHARGE_7D,2025-06-30,2026-01-02,True,True
MOCK05698,BH_POST_DISCHARGE_7D,2025-06-30,2025-11-18,True,True
MOCK05704,BH_POST_DISCHARGE_7D,2025-07-18,2026-04-05,True,True
MOCK05710,BH_POST_DISCHARGE_7D,2025-07-16,,True,False
MOCK05716,BH_POST_DISCHARGE_7D,2025-07-01,,True,True
MOCK05722,BH_POST_DISCHARGE_7D,2025-07-13,2025-12-28,True,False
MOCK05728,BH_POST_DISCHARGE_7D,2025-07-10,2026-02-17,True,False
MOCK05734,BH_POST_DISCHARGE_7D,2025-07-22,,True,False
MOCK05740,BH_POST_DISCHARGE_7D,2025-08-07,,True,False
MOCK05746,BH_POST_DISCHARGE_7D,2025-07-26,,True,True
MOCK05752,BH_POST_DISCHARGE_7D,2025-08-04,2026-02-01,True,True
MOCK05758,BH_POST_DISCHARGE_7D,2025-07-07,2026-02-11,True,True
MOCK05764,BH_POST_DISCHARGE_7D,2025-07-08,,True,False
MOCK05770,BH_POST_DISCHARGE_7D,2025-07-29,2025-12-24,True,True
MOCK05776,BH_POST_DISCHARGE_7D,2025-07-12,,True,False
MOCK05782,BH_POST_DISCHARGE_7D,2025-08-02,2025-11-07,True,False
MOCK05788,BH_POST_DISCHARGE_7D,2025-07-18,2026-04-24,True,False
MOCK05794,BH_POST_DISCHARGE_7D,2025-07-07,2026-04-15,True,False
MOCK05800,BH_POST_DISCHARGE_7D,2025-08-01,2026-01-20,True,True
MOCK05806,BH_POST_DISCHARGE_7D,2025-07-21,2026-01-01,True,True
MOCK05812,BH_POST_DISCHARGE_7D,2025-07-31,2025-12-28,True,False
MOCK05818,BH_POST_DISCHARGE_7D,2025-07-17,2025-11-10,True,True
MOCK05824,BH_POST_DISCHARGE_7D,2025-07-04,2026-02-16,True,False
MOCK05830,BH_POST_DISCHARGE_7D,2025-07-26,2025-11-11,True,False
MOCK05836,BH_POST_DISCHARGE_7D,2025-07-04,2026-05-03,True,True
MOCK05842,BH_POST_DISCHARGE_7D,2025-07-25,,True,True
MOCK05848,BH_POST_DISCHARGE_7D,2025-07-16,2026-04-13,True,True
MOCK05854,BH_POST_DISCHARGE_7D,2025-07-30,2026-01-04,True,True
MOCK05860,BH_POST_DISCHARGE_7D,2025-08-02,2026-02-04,True,False
MOCK05866,BH_POST_DISCHARGE_7D,2025-07-15,2025-12-22,True,False
MOCK05872,BH_POST_DISCHARGE_7D,2025-08-03,2026-04-12,True,True
MOCK05878,BH_POST_DISCHARGE_7D,2025-07-04,,True,False
MOCK05884,BH_POST_DISCHARGE_7D,2025-07-04,,True,True
MOCK05890,BH_POST_DISCHARGE_7D,2025-08-07,,True,False
MOCK05896,BH_POST_DISCHARGE_7D,2025-07-22,2025-12-07,True,False
MOCK05902,BH_POST_DISCHARGE_7D,2025-07-17,2026-02-17,True,True
MOCK05908,BH_POST_DISCHARGE_7D,2025-07-06,2025-11-23,True,False
MOCK05914,BH_POST_DISCHARGE_7D,2025-07-11,2025-12-13,True,False
MOCK05920,BH_POST_DISCHARGE_7D,2025-07-26,2026-03-26,True,True
MOCK05926,BH_POST_DISCHARGE_7D,2025-08-01,2025-12-07,True,True
MOCK05932,BH_POST_DISCHARGE_7D,2025-08-04,2026-01-26,True,False
MOCK05938,BH_POST_DISCHARGE_7D,2025-07-15,2026-01-04,True,True
MOCK05944,BH_POST_DISCHARGE_7D,2025-07-17,2025-11-29,True,True
MOCK05950,BH_POST_DISCHARGE_7D,2025-07-06,2025-12-20,True,True
MOCK05956,BH_POST_DISCHARGE_7D,2025-07-03,,True,False
MOCK05962,BH_POST_DISCHARGE_7D,2025-07-17,2026-04-27,True,True
MOCK05968,BH_POST_DISCHARGE_7D,2025-07-22,2026-05-19,True,False
MOCK05974,BH_POST_DISCHARGE_7D,2025-07-04,,True,True
MOCK05980,BH_POST_DISCHARGE_7D,2025-07-15,,True,True
MOCK05986,BH_POST_DISCHARGE_7D,2025-07-25,2026-01-20,True,False
MOCK05992,BH_POST_DISCHARGE_7D,2025-07-31,2026-05-26,True,True
MOCK05998,BH_POST_DISCHARGE_7D,2025-08-05,2025-12-10,True,False
MOCK06004,BH_POST_DISCHARGE_7D,2025-07-13,2025-11-19,True,True
MOCK06010,BH_POST_DISCHARGE_7D,2025-07-15,,True,False
MOCK06016,BH_POST_DISCHARGE_7D,2025-08-03,2026-05-24,True,True
MOCK06022,BH_POST_DISCHARGE_7D,2025-07-27,,True,False
MOCK06028,BH_POST_DISCHARGE_7D,2025-07-10,2025-12-07,True,True
MOCK06034,BH_POST_DISCHARGE_7D,2025-07-26,,True,False
MOCK06040,BH_POST_DISCHARGE_7D,2025-07-06,,True,True
MOCK06046,BH_POST_DISCHARGE_7D,2025-07-17,,True,True
MOCK06052,BH_POST_DISCHARGE_7D,2025-07-11,2025-11-07,True,False
MOCK06058,BH_POST_DISCHARGE_7D,2025-08-07,2026-05-06,True,True
MOCK06064,BH_POST_DISCHARGE_7D,2025-07-01,2026-02-08,True,False
MOCK06070,BH_POST_DISCHARGE_7D,2025-08-02,2026-03-10,True,False
MOCK06076,BH_POST_DISCHARGE_7D,2025-07-10,2025-11-16,True,False
MOCK06082,BH_POST_DISCHARGE_7D,2025-07-01,2026-01-28,True,False
MOCK06088,BH_POST_DISCHARGE_7D,2025-07-25,,True,False
MOCK06094,BH_POST_DISCHARGE_7D,2025-07-26,2025-11-05,True,False
MOCK06100,BH_POST_DISCHARGE_7D,2025-07-05,2026-02-05,True,True
MOCK06106,BH_POST_DISCHARGE_7D,2025-07-01,2026-05-26,True,False
MOCK06112,BH_POST_DISCHARGE_7D,2025-07-04,2025-11-05,True,True
MOCK06118,BH_POST_DISCHARGE_7D,2025-07-15,,True,True
MOCK06124,BH_POST_DISCHARGE_7D,2025-07-05,2026-03-19,True,True
MOCK06130,BH_POST_DISCHARGE_7D,2025-07-27,2025-12-27,True,True
MOCK06136,BH_POST_DISCHARGE_7D,2025-07-03,2026-04-29,True,True
MOCK06142,BH_POST_DISCHARGE_7D,2025-07-30,2026-04-06,True,True
MOCK06148,BH_POST_DISCHARGE_7D,2025-08-03,,True,False
MOCK06154,BH_POST_DISCHARGE_7D,2025-07-27,2025-12-20,True,False
MOCK06160,BH_POST_DISCHARGE_7D,2025-08-05,2025-12-03,True,False
MOCK06166,BH_POST_DISCHARGE_7D,2025-08-05,2025-11-13,True,True
MOCK06172,BH_POST_DISCHARGE_7D,2025-07-01,2026-04-17,True,True
MOCK06178,BH_POST_DISCHARGE_7D,2025-07-13,2025-11-06,True,False
MOCK06184,BH_POST_DISCHARGE_7D,2025-07-29,2026-03-09,True,True
MOCK06190,BH_POST_DISCHARGE_7D,2025-07-13,,True,True
MOCK06196,BH_POST_DISCHARGE_7D,2025-07-28,2025-11-14,True,False
MOCK06202,BH_POST_DISCHARGE_7D,2025-07-30,,True,False
MOCK06208,BH_POST_DISCHARGE_7D,2025-08-07,,True,True
MOCK06214,BH_POST_DISCHARGE_7D,2025-07-12,,True,False
MOCK06220,BH_POST_DISCHARGE_7D,2025-07-13,,True,False
MOCK06226,BH_POST_DISCHARGE_7D,2025-06-30,2025-10-30,True,False
MOCK06232,BH_POST_DISCHARGE_7D,2025-07-11,2025-10-29,True,True
MOCK06238,BH_POST_DISCHARGE_7D,2025-07-10,,True,False
MOCK06244,BH_POST_DISCHARGE_7D,2025-07-17,2026-01-07,True,False
MOCK06250,BH_POST_DISCHARGE_7D,2025-07-16,,True,True
MOCK06256,BH_POST_DISCHARGE_7D,2025-08-02,2026-05-11,True,False
MOCK06262,BH_POST_DISCHARGE_7D,2025-07-30,2026-01-22,True,False
MOCK06268,BH_POST_DISCHARGE_7D,2025-07-28,2025-11-10,True,True
MOCK06274,BH_POST_DISCHARGE_7D,2025-06-30,,True,False
MOCK06280,BH_POST_DISCHARGE_7D,2025-07-18,2026-04-25,True,True
MOCK06286,BH_POST_DISCHARGE_7D,2025-07-28,2026-05-09,True,False
MOCK06292,BH_POST_DISCHARGE_7D,2025-07-09,2026-05-04,True,True
MOCK06298,BH_POST_DISCHARGE_7D,2025-07-16,,True,False
MOCK06304,BH_POST_DISCHARGE_7D,2025-07-28,2026-05-16,True,True
MOCK06310,BH_POST_DISCHARGE_7D,2025-07-30,2026-03-08,True,False
MOCK06316,BH_POST_DISCHARGE_7D,2025-08-02,,True,False
MOCK06322,BH_POST_DISCHARGE_7D,2025-07-16,2025-11-24,True,False
MOCK06328,BH_POST_DISCHARGE_7D,2025-07-15,2026-01-01,True,False
MOCK06334,BH_POST_DISCHARGE_7D,2025-07-14,,True,True
MOCK06340,BH_POST_DISCHARGE_7D,2025-07-26,,True,True
MOCK06346,BH_POST_DISCHARGE_7D,2025-07-16,2026-02-07,True,False
MOCK06352,BH_POST_DISCHARGE_7D,2025-07-15,2025-12-20,True,True
MOCK06358,BH_POST_DISCHARGE_7D,2025-07-06,2026-01-10,True,False
MOCK06364,BH_POST_DISCHARGE_7D,2025-07-18,,True,False
MOCK06370,BH_POST_DISCHARGE_7D,2025-07-09,2026-01-02,True,False
MOCK06376,BH_POST_DISCHARGE_7D,2025-07-20,,True,True
MOCK06382,BH_POST_DISCHARGE_7D,2025-08-03,2026-04-09,True,False
MOCK06388,BH_POST_DISCHARGE_7D,2025-07-30,,True,True
MOCK06394,BH_POST_DISCHARGE_7D,2025-07-18,2026-02-05,True,False
MOCK06400,BH_POST_DISCHARGE_7D,2025-08-07,2026-02-21,True,False
MOCK06406,BH_POST_DISCHARGE_7D,2025-08-07,2025-11-13,True,False
MOCK06412,BH_POST_DISCHARGE_7D,2025-07-17,2025-12-23,True,False
MOCK06418,BH_POST_DISCHARGE_7D,2025-07-29,2026-04-28,True,True
MOCK06424,BH_POST_DISCHARGE_7D,2025-07-13,,True,False
MOCK06430,BH_POST_DISCHARGE_7D,2025-08-03,2026-01-09,True,False
MOCK06436,BH_POST_DISCHARGE_7D,2025-07-14,2026-01-24,True,True
MOCK06442,BH_POST_DISCHARGE_7D,2025-07-10,2026-05-14,True,False
MOCK06448,BH_POST_DISCHARGE_7D,2025-07-05,,True,False
MOCK06454,BH_POST_DISCHARGE_7D,2025-08-01,2026-02-21,True,False
MOCK06460,BH_POST_DISCHARGE_7D,2025-07-11,2025-12-26,True,False
MOCK06466,BH_POST_DISCHARGE_7D,2025-07-31,2026-03-31,True,True
MOCK06472,BH_POST_DISCHARGE_7D,2025-07-03,2026-01-25,True,False
MOCK06478,BH_POST_DISCHARGE_7D,2025-07-19,2026-04-01,True,True
MOCK06484,BH_POST_DISCHARGE_7D,2025-07-16,,True,False
MOCK06490,BH_POST_DISCHARGE_7D,2025-07-17,2025-11-26,True,True
MOCK06496,BH_POST_DISCHARGE_7D,2025-07-06,2025-12-31,True,False
MOCK06502,BH_POST_DISCHARGE_7D,2025-07-02,2026-04-14,True,True
MOCK06508,BH_POST_DISCHARGE_7D,2025-07-13,2026-02-02,True,True
MOCK06514,BH_POST_DISCHARGE_7D,2025-07-18,2026-04-01,True,True
MOCK06520,BH_POST_DISCHARGE_7D,2025-07-30,2025-12-25,True,False
MOCK06526,BH_POST_DISCHARGE_7D,2025-07-18,,True,True
MOCK06532,BH_POST_DISCHARGE_7D,2025-07-09,2026-04-05,True,True
MOCK06538,BH_POST_DISCHARGE_7D,2025-07-10,2026-01-21,True,True
MOCK06544,BH_POST_DISCHARGE_7D,2025-07-23,2025-12-30,True,True
MOCK06550,BH_POST_DISCHARGE_7D,2025-07-16,2026-02-07,True,False
MOCK06556,BH_POST_DISCHARGE_7D,2025-08-04,2025-11-05,True,False
MOCK06562,BH_POST_DISCHARGE_7D,2025-07-17,2025-10-30,True,True
MOCK06568,BH_POST_DISCHARGE_7D,2025-07-22,,True,True
MOCK06574,BH_POST_DISCHARGE_7D,2025-07-02,,True,True
MOCK06580,BH_POST_DISCHARGE_7D,2025-07-07,2026-04-11,True,True
MOCK06586,BH_POST_DISCHARGE_7D,2025-08-02,2025-11-09,True,True
MOCK06592,BH_POST_DISCHARGE_7D,2025-07-13,,True,True
MOCK06598,BH_POST_DISCHARGE_7D,2025-07-16,,True,True
MOCK06604,BH_POST_DISCHARGE_7D,2025-07-23,2025-11-09,True,True
MOCK06610,BH_POST_DISCHARGE_7D,2025-07-02,2025-11-20,True,False
MOCK06616,BH_POST_DISCHARGE_7D,2025-07-19,2026-02-25,True,True
MOCK06622,BH_POST_DISCHARGE_7D,2025-07-13,2026-03-02,True,False
MOCK06628,BH_POST_DISCHARGE_7D,2025-07-05,2025-12-18,True,False
MOCK06634,BH_POST_DISCHARGE_7D,2025-07-16,,True,False
MOCK06640,BH_POST_DISCHARGE_7D,2025-07-17,2026-01-12,True,True
MOCK06646,BH_POST_DISCHARGE_7D,2025-07-07,2025-12-14,True,False
MOCK06652,BH_POST_DISCHARGE_7D,2025-07-21,2026-02-22,True,False
MOCK06658,BH_POST_DISCHARGE_7D,2025-07-29,2025-12-05,True,False
MOCK06664,BH_POST_DISCHARGE_7D,2025-07-10,2025-11-03,True,False
MOCK06670,BH_POST_DISCHARGE_7D,2025-08-06,,True,True
MOCK06676,BH_POST_DISCHARGE_7D,2025-07-23,2026-03-02,True,False
MOCK06682,BH_POST_DISCHARGE_7D,2025-07-30,,True,False
MOCK06688,BH_POST_DISCHARGE_7D,2025-07-02,2026-04-13,True,True
MOCK06694,BH_POST_DISCHARGE_7D,2025-07-29,2026-01-27,True,True
MOCK06700,BH_POST_DISCHARGE_7D,2025-07-13,,True,False
MOCK06706,BH_POST_DISCHARGE_7D,2025-07-27,2026-05-08,True,True
MOCK06712,BH_POST_DISCHARGE_7D,2025-07-31,,True,False
MOCK06718,BH_POST_DISCHARGE_7D,2025-07-09,2026-02-11,True,True
MOCK06724,BH_POST_DISCHARGE_7D,2025-07-10,2026-01-30,True,False
MOCK06730,BH_POST_DISCHARGE_7D,2025-07-02,2026-03-12,True,True
MOCK06736,BH_POST_DISCHARGE_7D,2025-07-23,2026-01-14,True,False
MOCK06742,BH_POST_DISCHARGE_7D,2025-07-30,,True,False
MOCK06748,BH_POST_DISCHARGE_7D,2025-07-15,2026-05-17,True,False
MOCK06754,BH_POST_DISCHARGE_7D,2025-07-06,2026-01-13,True,True
MOCK06760,BH_POST_DISCHARGE_7D,2025-07-12,,True,True
MOCK06766,BH_POST_DISCHARGE_7D,2025-07-15,2026-03-29,True,True
MOCK06772,BH_POST_DISCHARGE_7D,2025-08-04,2026-05-13,True,True
MOCK06778,BH_POST_DISCHARGE_7D,2025-07-04,2026-01-25,True,False
MOCK06784,BH_POST_DISCHARGE_7D,2025-07-13,2025-11-12,True,True
MOCK06790,BH_POST_DISCHARGE_7D,2025-07-24,2026-02-03,True,True
MOCK06796,BH_POST_DISCHARGE_7D,2025-07-09,2026-03-14,True,False
MOCK06802,BH_POST_DISCHARGE_7D,2025-08-03,,True,True
MOCK06808,BH_POST_DISCHARGE_7D,2025-08-04,2026-01-07,True,True
MOCK06814,BH_POST_DISCHARGE_7D,2025-07-14,2026-04-16,True,False
MOCK06820,BH_POST_DISCHARGE_7D,2025-07-29,2026-05-19,True,True
MOCK06826,BH_POST_DISCHARGE_7D,2025-07-29,2025-11-29,True,False
MOCK06832,BH_POST_DISCHARGE_7D,2025-07-26,2025-12-26,True,False
MOCK06838,BH_POST_DISCHARGE_7D,2025-07-07,2026-03-30,True,True
MOCK06844,BH_POST_DISCHARGE_7D,2025-07-01,2026-05-14,True,False
MOCK06850,BH_POST_DISCHARGE_7D,2025-07-13,2026-05-14,True,False
MOCK06856,BH_POST_DISCHARGE_7D,2025-07-05,2025-11-09,True,True
MOCK06862,BH_POST_DISCHARGE_7D,2025-07-11,,True,False
MOCK06868,BH_POST_DISCHARGE_7D,2025-07-24,2026-05-03,True,True
MOCK06874,BH_POST_DISCHARGE_7D,2025-07-22,2026-04-15,True,False
MOCK06880,BH_POST_DISCHARGE_7D,2025-07-08,,True,False
MOCK06886,BH_POST_DISCHARGE_7D,2025-06-30,2026-02-04,True,True
MOCK06892,BH_POST_DISCHARGE_7D,2025-07-08,,True,False
MOCK06898,BH_POST_DISCHARGE_7D,2025-07-17,2026-01-24,True,True
MOCK06904,BH_POST_DISCHARGE_7D,2025-07-30,2026-05-10,True,False
MOCK06910,BH_POST_DISCHARGE_7D,2025-07-14,2025-11-10,True,False
MOCK06916,BH_POST_DISCHARGE_7D,2025-07-11,2026-03-11,True,True
MOCK06922,BH_POST_DISCHARGE_7D,2025-07-21,2026-04-10,True,True
MOCK06928,BH_POST_DISCHARGE_7D,2025-07-02,,True,False
MOCK06934,BH_POST_DISCHARGE_7D,2025-07-08,2026-01-01,True,True
MOCK06940,BH_POST_DISCHARGE_7D,2025-07-01,2026-05-18,True,True
MOCK06946,BH_POST_DISCHARGE_7D,2025-07-20,2026-04-05,True,True
MOCK06952,BH_POST_DISCHARGE_7D,2025-07-17,2026-01-23,True,False
MOCK06958,BH_POST_DISCHARGE_7D,2025-07-22,2025-12-24,True,True
MOCK06964,BH_POST_DISCHARGE_7D,2025-07-24,,True,False
MOCK06970,BH_POST_DISCHARGE_7D,2025-07-15,2025-11-10,True,False
MOCK06976,BH_POST_DISCHARGE_7D,2025-08-02,2026-03-05,True,True
MOCK06982,BH_POST_DISCHARGE_7D,2025-08-04,2025-12-11,True,False
MOCK06988,BH_POST_DISCHARGE_7D,2025-07-04,2026-02-27,True,True
MOCK06994,BH_POST_DISCHARGE_7D,2025-08-04,2026-03-17,True,True
MOCK07000,BH_POST_DISCHARGE_7D,2025-07-07,2025-11-23,True,False
MOCK07006,BH_POST_DISCHARGE_7D,2025-07-09,2026-03-14,True,True
MOCK07012,BH_POST_DISCHARGE_7D,2025-07-20,2026-04-22,True,False
MOCK07018,BH_POST_DISCHARGE_7D,2025-07-01,2025-12-28,True,False
MOCK07024,BH_POST_DISCHARGE_7D,2025-07-14,2025-11-04,True,True
MOCK07030,BH_POST_DISCHARGE_7D,2025-07-07,2025-12-31,True,False
MOCK07036,BH_POST_DISCHARGE_7D,2025-07-18,2026-01-20,True,False
MOCK07042,BH_POST_DISCHARGE_7D,2025-07-31,2026-01-04,True,True
MOCK07048,BH_POST_DISCHARGE_7D,2025-08-05,,True,False
MOCK07054,BH_POST_DISCHARGE_7D,2025-07-08,2026-01-08,True,False
MOCK07060,BH_POST_DISCHARGE_7D,2025-07-21,2026-03-30,True,True
MOCK07066,BH_POST_DISCHARGE_7D,2025-07-18,2025-12-13,True,True
MOCK07072,BH_POST_DISCHARGE_7D,2025-07-16,2026-02-04,True,False
MOCK07078,BH_POST_DISCHARGE_7D,2025-07-24,2026-02-04,True,True
MOCK07084,BH_POST_DISCHARGE_7D,2025-08-07,,True,True
MOCK07090,BH_POST_DISCHARGE_7D,2025-07-15,2025-11-12,True,False
MOCK07096,BH_POST_DISCHARGE_7D,2025-07-02,,True,False
MOCK07102,BH_POST_DISCHARGE_7D,2025-08-04,,True,False
MOCK07108,BH_POST_DISCHARGE_7D,2025-08-05,2026-05-15,True,True
MOCK07114,BH_POST_DISCHARGE_7D,2025-07-12,2026-05-23,True,True
MOCK07120,BH_POST_DISCHARGE_7D,2025-07-19,2025-12-04,True,True
MOCK07126,BH_POST_DISCHARGE_7D,2025-08-02,2026-02-26,True,True
MOCK07132,BH_POST_DISCHARGE_7D,2025-07-19,2025-12-03,True,False
MOCK07138,BH_POST_DISCHARGE_7D,2025-07-18,2026-01-04,True,True
MOCK07144,BH_POST_DISCHARGE_7D,2025-08-04,2025-11-21,True,False
MOCK07150,BH_POST_DISCHARGE_7D,2025-08-01,2026-04-17,True,False
MOCK07156,BH_POST_DISCHARGE_7D,2025-07-19,,True,False
MOCK07162,BH_POST_DISCHARGE_7D,2025-07-06,2026-03-05,True,False
MOCK07168,BH_POST_DISCHARGE_7D,2025-07-17,2026-05-22,True,False
MOCK07174,BH_POST_DISCHARGE_7D,2025-07-26,2026-01-23,True,False
MOCK07180,BH_POST_DISCHARGE_7D,2025-07-10,2026-02-05,True,False
MOCK07186,BH_POST_DISCHARGE_7D,2025-07-20,2026-04-07,True,False
MOCK07192,BH_POST_DISCHARGE_7D,2025-07-25,2026-01-06,True,True
MOCK07198,BH_POST_DISCHARGE_7D,2025-07-03,2026-01-11,True,True
MOCK07204,BH_POST_DISCHARGE_7D,2025-07-22,2026-04-24,True,False
MOCK07210,BH_POST_DISCHARGE_7D,2025-07-28,,True,True
MOCK07216,BH_POST_DISCHARGE_7D,2025-07-08,2026-05-25,True,False
MOCK07222,BH_POST_DISCHARGE_7D,2025-07-21,2026-05-07,True,True
MOCK07228,BH_POST_DISCHARGE_7D,2025-07-27,2025-12-07,True,False
MOCK07234,BH_POST_DISCHARGE_7D,2025-07-01,2026-05-16,True,True
MOCK07240,BH_POST_DISCHARGE_7D,2025-07-25,2026-01-15,True,False
MOCK07246,BH_POST_DISCHARGE_7D,2025-07-10,,True,True
MOCK07252,BH_POST_DISCHARGE_7D,2025-07-15,2026-03-09,True,True
MOCK07258,BH_POST_DISCHARGE_7D,2025-07-25,2026-04-10,True,False
MOCK07264,BH_POST_DISCHARGE_7D,2025-06-30,,True,True
MOCK07270,BH_POST_DISCHARGE_7D,2025-06-30,2025-12-15,True,True
MOCK07276,BH_POST_DISCHARGE_7D,2025-07-17,2025-11-28,True,False
MOCK07282,BH_POST_DISCHARGE_7D,2025-08-06,2026-02-26,True,False
MOCK07288,BH_POST_DISCHARGE_7D,2025-06-30,2026-05-03,True,True
MOCK07294,BH_POST_DISCHARGE_7D,2025-07-30,2026-05-06,True,False
MOCK07300,BH_POST_DISCHARGE_7D,2025-07-02,,True,True
MOCK07306,BH_POST_DISCHARGE_7D,2025-07-19,2026-05-22,True,True
MOCK07312,BH_POST_DISCHARGE_7D,2025-07-16,2026-02-11,True,False
MOCK07318,BH_POST_DISCHARGE_7D,2025-07-18,,True,True
MOCK07324,BH_POST_DISCHARGE_7D,2025-07-03,,True,False
MOCK07330,BH_POST_DISCHARGE_7D,2025-07-29,2025-12-12,True,True
MOCK07336,BH_POST_DISCHARGE_7D,2025-07-10,2026-03-24,True,False
MOCK07342,BH_POST_DISCHARGE_7D,2025-07-30,,True,False
MOCK07348,BH_POST_DISCHARGE_7D,2025-07-25,2025-11-18,True,True
MOCK07354,BH_POST_DISCHARGE_7D,2025-07-21,2025-12-18,True,False
MOCK07360,BH_POST_DISCHARGE_7D,2025-07-12,2025-12-28,True,False
MOCK07366,BH_POST_DISCHARGE_7D,2025-07-25,2025-12-07,True,True
MOCK07372,BH_POST_DISCHARGE_7D,2025-08-07,2025-11-25,True,False
MOCK07378,BH_POST_DISCHARGE_7D,2025-08-05,2025-10-30,True,True
MOCK07384,BH_POST_DISCHARGE_7D,2025-08-04,2026-05-09,True,True
MOCK07390,BH_POST_DISCHARGE_7D,2025-07-08,2026-02-04,True,True
MOCK07396,BH_POST_DISCHARGE_7D,2025-07-22,2026-05-14,True,True
MOCK07402,BH_POST_DISCHARGE_7D,2025-07-15,2025-12-07,True,False
MOCK07408,BH_POST_DISCHARGE_7D,2025-08-06,2026-04-16,True,False
MOCK07414,BH_POST_DISCHARGE_7D,2025-08-06,,True,False
MOCK07420,BH_POST_DISCHARGE_7D,2025-08-02,2026-04-22,True,True
MOCK07426,BH_POST_DISCHARGE_7D,2025-07-06,2025-12-05,True,True
MOCK07432,BH_POST_DISCHARGE_7D,2025-07-12,2026-01-27,True,True
MOCK07438,BH_POST_DISCHARGE_7D,2025-07-27,,True,True
MOCK07444,BH_POST_DISCHARGE_7D,2025-07-29,,True,False
MOCK07450,BH_POST_DISCHARGE_7D,2025-07-13,2026-02-17,True,False
MOCK07456,BH_POST_DISCHARGE_7D,2025-07-05,2026-03-05,True,False
MOCK07462,BH_POST_DISCHARGE_7D,2025-07-05,2026-05-26,True,False
MOCK07468,BH_POST_DISCHARGE_7D,2025-07-26,2026-04-02,True,True
MOCK07474,BH_POST_DISCHARGE_7D,2025-07-17,2026-05-17,True,True
MOCK07480,BH_POST_DISCHARGE_7D,2025-07-19,2026-01-02,True,True
MOCK07486,BH_POST_DISCHARGE_7D,2025-07-31,2026-03-01,True,False
MOCK07492,BH_POST_DISCHARGE_7D,2025-06-30,2026-03-04,True,True
MOCK07498,BH_POST_DISCHARGE_7D,2025-07-29,2026-02-26,True,True
MOCK07504,BH_POST_DISCHARGE_7D,2025-07-10,2026-05-16,True,False
MOCK07510,BH_POST_DISCHARGE_7D,2025-08-05,,True,True
MOCK07516,BH_POST_DISCHARGE_7D,2025-08-06,2026-03-11,True,False
MOCK07522,BH_POST_DISCHARGE_7D,2025-07-19,2026-05-22,True,True
MOCK07528,BH_POST_DISCHARGE_7D,2025-07-12,,True,False
MOCK07534,BH_POST_DISCHARGE_7D,2025-07-09,2026-05-24,True,True
MOCK07540,BH_POST_DISCHARGE_7D,2025-07-07,2026-05-24,True,False
MOCK07546,BH_POST_DISCHARGE_7D,2025-08-07,,True,False
MOCK07552,BH_POST_DISCHARGE_7D,2025-07-07,2026-05-07,True,True
MOCK07558,BH_POST_DISCHARGE_7D,2025-07-17,,True,False
MOCK07564,BH_POST_DISCHARGE_7D,2025-07-18,2026-04-03,True,False
MOCK07570,BH_POST_DISCHARGE_7D,2025-07-26,2025-11-13,True,False
MOCK07576,BH_POST_DISCHARGE_7D,2025-08-01,2025-12-30,True,False
MOCK07582,BH_POST_DISCHARGE_7D,2025-07-21,2026-03-11,True,False
MOCK07588,BH_POST_DISCHARGE_7D,2025-07-29,2026-02-01,True,True
MOCK07594,BH_POST_DISCHARGE_7D,2025-07-22,,True,True
MOCK07600,BH_POST_DISCHARGE_7D,2025-07-17,,True,True
MOCK07606,BH_POST_DISCHARGE_7D,2025-07-06,2025-11-13,True,False
MOCK07612,BH_POST_DISCHARGE_7D,2025-07-08,,True,False
MOCK07618,BH_POST_DISCHARGE_7D,2025-07-16,2026-03-17,True,False
MOCK07624,BH_POST_DISCHARGE_7D,2025-07-01,2026-03-22,True,True
MOCK07630,BH_POST_DISCHARGE_7D,2025-07-12,2026-05-03,True,False
MOCK07636,BH_POST_DISCHARGE_7D,2025-07-18,2025-11-07,True,False
MOCK07642,BH_POST_DISCHARGE_7D,2025-07-18,2026-02-15,True,True
MOCK07648,BH_POST_DISCHARGE_7D,2025-07-31,2026-05-25,True,False
MOCK07654,BH_POST_DISCHARGE_7D,2025-08-06,2026-03-15,True,True
MOCK07660,BH_POST_DISCHARGE_7D,2025-07-28,,True,False
MOCK07666,BH_POST_DISCHARGE_7D,2025-07-03,2026-05-25,True,False
MOCK07672,BH_POST_DISCHARGE_7D,2025-07-15,2026-04-17,True,False
MOCK07678,BH_POST_DISCHARGE_7D,2025-07-28,2026-04-29,True,True
MOCK07684,BH_POST_DISCHARGE_7D,2025-07-23,2025-12-16,True,True
MOCK07690,BH_POST_DISCHARGE_7D,2025-07-17,2026-04-08,True,False
MOCK07696,BH_POST_DISCHARGE_7D,2025-07-17,2025-12-04,True,False
MOCK07702,BH_POST_DISCHARGE_7D,2025-07-15,2025-11-10,True,True
MOCK07708,BH_POST_DISCHARGE_7D,2025-07-22,2025-12-20,True,True
MOCK07714,BH_POST_DISCHARGE_7D,2025-07-06,2026-01-20,True,False
MOCK07720,BH_POST_DISCHARGE_7D,2025-07-20,2025-11-28,True,False
MOCK07726,BH_POST_DISCHARGE_7D,2025-07-08,,True,True
MOCK07732,BH_POST_DISCHARGE_7D,2025-07-26,,True,True
MOCK07738,BH_POST_DISCHARGE_7D,2025-08-02,2026-05-05,True,False
MOCK07744,BH_POST_DISCHARGE_7D,2025-07-19,2026-03-18,True,False
MOCK07750,BH_POST_DISCHARGE_7D,2025-07-15,2025-12-21,True,False
MOCK07756,BH_POST_DISCHARGE_7D,2025-08-05,,True,False
MOCK07762,BH_POST_DISCHARGE_7D,2025-07-25,,True,True
MOCK07768,BH_POST_DISCHARGE_7D,2025-07-16,2026-01-27,True,False
MOCK07774,BH_POST_DISCHARGE_7D,2025-07-01,,True,True
MOCK07780,BH_POST_DISCHARGE_7D,2025-06-30,2025-11-29,True,False
MOCK07786,BH_POST_DISCHARGE_7D,2025-07-08,2026-01-25,True,True
MOCK07792,BH_POST_DISCHARGE_7D,2025-07-09,2025-11-24,True,True
MOCK07798,BH_POST_DISCHARGE_7D,2025-07-28,2026-01-08,True,True
MOCK07804,BH_POST_DISCHARGE_7D,2025-07-19,2025-10-30,True,True
MOCK07810,BH_POST_DISCHARGE_7D,2025-08-07,2026-01-03,True,True
MOCK07816,BH_POST_DISCHARGE_7D,2025-07-21,,True,False
MOCK07822,BH_POST_DISCHARGE_7D,2025-08-04,2026-01-19,True,False
MOCK07828,BH_POST_DISCHARGE_7D,2025-07-21,2025-12-29,True,False
MOCK07834,BH_POST_DISCHARGE_7D,2025-07-13,2025-11-04,True,False
MOCK07840,BH_POST_DISCHARGE_7D,2025-07-27,2025-12-04,True,True
MOCK07846,BH_POST_DISCHARGE_7D,2025-07-17,2026-04-02,True,False
MOCK07852,BH_POST_DISCHARGE_7D,2025-07-10,2026-03-22,True,True
MOCK07858,BH_POST_DISCHARGE_7D,2025-07-18,2025-12-09,True,True
MOCK07864,BH_POST_DISCHARGE_7D,2025-07-25,2026-02-24,True,True
MOCK07870,BH_POST_DISCHARGE_7D,2025-07-14,,True,True
MOCK07876,BH_POST_DISCHARGE_7D,2025-07-27,2026-03-22,True,False
MOCK07882,BH_POST_DISCHARGE_7D,2025-08-07,2025-11-19,True,True
MOCK07888,BH_POST_DISCHARGE_7D,2025-07-16,2025-10-30,True,True
MOCK07894,BH_POST_DISCHARGE_7D,2025-07-11,2025-12-01,True,False
MOCK07900,BH_POST_DISCHARGE_7D,2025-07-15,2025-12-29,True,True
MOCK07906,BH_POST_DISCHARGE_7D,2025-08-01,2026-05-25,True,False
MOCK07912,BH_POST_DISCHARGE_7D,2025-07-06,2026-01-10,True,True
MOCK07918,BH_POST_DISCHARGE_7D,2025-08-06,2025-11-20,True,False
MOCK07924,BH_POST_DISCHARGE_7D,2025-07-16,2025-11-17,True,False
MOCK07930,BH_POST_DISCHARGE_7D,2025-08-01,2026-04-23,True,True
MOCK07936,BH_POST_DISCHARGE_7D,2025-07-30,2026-04-06,True,False
MOCK07942,BH_POST_DISCHARGE_7D,2025-07-30,2026-05-01,True,True
MOCK07948,BH_POST_DISCHARGE_7D,2025-08-04,2026-02-10,True,True
MOCK07954,BH_POST_DISCHARGE_7D,2025-07-07,,True,False
MOCK07960,BH_POST_DISCHARGE_7D,2025-07-23,2026-03-02,True,False
MOCK07966,BH_POST_DISCHARGE_7D,2025-07-03,2026-01-01,True,True
MOCK07972,BH_POST_DISCHARGE_7D,2025-07-11,2026-05-19,True,True
MOCK07978,BH_POST_DISCHARGE_7D,2025-07-01,,True,True
MOCK07984,BH_POST_DISCHARGE_7D,2025-07-26,2026-05-04,True,False
MOCK07990,BH_POST_DISCHARGE_7D,2025-07-23,,True,False
MOCK07996,BH_POST_DISCHARGE_7D,2025-07-28,2026-02-07,True,True
MOCK08002,BH_POST_DISCHARGE_7D,2025-07-06,2026-02-12,True,False
MOCK08008,BH_POST_DISCHARGE_7D,2025-07-12,2025-11-12,True,True
MOCK08014,BH_POST_DISCHARGE_7D,2025-07-26,2025-12-17,True,False
MOCK08020,BH_POST_DISCHARGE_7D,2025-08-01,2026-02-17,True,False
MOCK08026,BH_POST_DISCHARGE_7D,2025-08-03,2026-02-12,True,False
MOCK08032,BH_POST_DISCHARGE_7D,2025-07-02,,True,True
MOCK08038,BH_POST_DISCHARGE_7D,2025-07-15,2025-11-16,True,True
MOCK08044,BH_POST_DISCHARGE_7D,2025-06-30,,True,True
MOCK08050,BH_POST_DISCHARGE_7D,2025-07-31,2025-12-15,True,False
MOCK08056,BH_POST_DISCHARGE_7D,2025-07-04,2025-12-04,True,False
MOCK08062,BH_POST_DISCHARGE_7D,2025-08-01,2026-02-06,True,True
MOCK08068,BH_POST_DISCHARGE_7D,2025-07-06,,True,True
MOCK08074,BH_POST_DISCHARGE_7D,2025-06-30,2026-02-18,True,True
MOCK08080,BH_POST_DISCHARGE_7D,2025-08-03,,True,False
MOCK08086,BH_POST_DISCHARGE_7D,2025-07-17,,True,False
MOCK08092,BH_POST_DISCHARGE_7D,2025-07-16,,True,True
MOCK08098,BH_POST_DISCHARGE_7D,2025-07-25,2025-12-16,True,False
MOCK08104,BH_POST_DISCHARGE_7D,2025-07-10,,True,True
MOCK08110,BH_POST_DISCHARGE_7D,2025-07-26,2026-03-30,True,False
MOCK08116,BH_POST_DISCHARGE_7D,2025-07-16,2025-12-31,True,True
MOCK08122,BH_POST_DISCHARGE_7D,2025-07-10,,True,True
MOCK08128,BH_POST_DISCHARGE_7D,2025-07-15,2025-11-28,True,False
MOCK08134,BH_POST_DISCHARGE_7D,2025-06-30,2025-12-27,True,False
MOCK08140,BH_POST_DISCHARGE_7D,2025-07-11,2025-11-15,True,True
MOCK08146,BH_POST_DISCHARGE_7D,2025-07-23,2026-03-12,True,False
MOCK08152,BH_POST_DISCHARGE_7D,2025-07-05,,True,False
MOCK08158,BH_POST_DISCHARGE_7D,2025-07-04,2025-12-26,True,True
MOCK08164,BH_POST_DISCHARGE_7D,2025-07-25,2026-04-11,True,False
MOCK08170,BH_POST_DISCHARGE_7D,2025-07-16,2026-04-03,True,False
MOCK08176,BH_POST_DISCHARGE_7D,2025-07-05,2026-04-18,True,True
MOCK08182,BH_POST_DISCHARGE_7D,2025-07-29,,True,False
MOCK08188,BH_POST_DISCHARGE_7D,2025-07-30,2026-01-30,True,False
MOCK08194,BH_POST_DISCHARGE_7D,2025-07-01,2025-12-27,True,True
MOCK08200,BH_POST_DISCHARGE_7D,2025-07-07,2026-02-15,True,False
MOCK08206,BH_POST_DISCHARGE_7D,2025-07-14,2026-05-20,True,True
MOCK08212,BH_POST_DISCHARGE_7D,2025-07-28,2026-02-28,True,False
MOCK08218,BH_POST_DISCHARGE_7D,2025-07-02,2025-11-10,True,False
MOCK08224,BH_POST_DISCHARGE_7D,2025-07-31,2025-12-19,True,True
MOCK08230,BH_POST_DISCHARGE_7D,2025-07-12,2026-05-24,True,False
MOCK08236,BH_POST_DISCHARGE_7D,2025-07-04,2026-02-04,True,True
MOCK08242,BH_POST_DISCHARGE_7D,2025-08-02,2026-05-03,True,False
MOCK08248,BH_POST_DISCHARGE_7D,2025-07-03,2026-01-14,True,False
MOCK08254,BH_POST_DISCHARGE_7D,2025-07-05,2025-11-05,True,True
MOCK08260,BH_POST_DISCHARGE_7D,2025-08-06,2026-03-05,True,False
MOCK08266,BH_POST_DISCHARGE_7D,2025-07-20,,True,True
MOCK08272,BH_POST_DISCHARGE_7D,2025-07-18,2026-03-29,True,False
MOCK08278,BH_POST_DISCHARGE_7D,2025-07-26,2026-04-15,True,False
MOCK08284,BH_POST_DISCHARGE_7D,2025-07-24,2025-12-27,True,False
MOCK08290,BH_POST_DISCHARGE_7D,2025-07-23,2026-04-06,True,True
MOCK08296,BH_POST_DISCHARGE_7D,2025-06-30,,True,False
MOCK08302,BH_POST_DISCHARGE_7D,2025-07-21,2026-05-20,True,False
MOCK08308,BH_POST_DISCHARGE_7D,2025-07-10,,True,False
MOCK08314,BH_POST_DISCHARGE_7D,2025-07-31,2026-01-08,True,False
MOCK08320,BH_POST_DISCHARGE_7D,2025-07-19,2026-04-01,True,False
MOCK08326,BH_POST_DISCHARGE_7D,2025-07-04,2026-05-19,True,True
MOCK08332,BH_POST_DISCHARGE_7D,2025-08-03,,True,True
MOCK08338,BH_POST_DISCHARGE_7D,2025-07-11,2025-11-21,True,False
MOCK08344,BH_POST_DISCHARGE_7D,2025-07-10,2025-11-08,True,True
MOCK08350,BH_POST_DISCHARGE_7D,2025-08-05,2025-12-05,True,False
MOCK08356,BH_POST_DISCHARGE_7D,2025-07-30,,True,False
MOCK08362,BH_POST_DISCHARGE_7D,2025-08-02,2025-10-30,True,False
MOCK08368,BH_POST_DISCHARGE_7D,2025-07-25,2026-05-19,True,False
MOCK08374,BH_POST_DISCHARGE_7D,2025-08-04,2026-02-08,True,False
MOCK08380,BH_POST_DISCHARGE_7D,2025-07-04,2025-12-16,True,False
MOCK08386,BH_POST_DISCHARGE_7D,2025-07-23,2026-01-06,True,False
MOCK08392,BH_POST_DISCHARGE_7D,2025-07-11,2025-10-31,True,True
MOCK08398,BH_POST_DISCHARGE_7D,2025-07-15,,True,True
MOCK08404,BH_POST_DISCHARGE_7D,2025-07-09,,True,True
MOCK08410,BH_POST_DISCHARGE_7D,2025-07-07,2025-12-02,True,False
MOCK08416,BH_POST_DISCHARGE_7D,2025-07-17,2026-05-26,True,True
MOCK08422,BH_POST_DISCHARGE_7D,2025-08-04,2026-02-16,True,False
MOCK08428,BH_POST_DISCHARGE_7D,2025-07-24,2026-01-05,True,False
MOCK08434,BH_POST_DISCHARGE_7D,2025-07-13,,True,True
MOCK08440,BH_POST_DISCHARGE_7D,2025-07-16,2025-12-19,True,False
MOCK08446,BH_POST_DISCHARGE_7D,2025-07-20,2026-03-23,True,True
MOCK08452,BH_POST_DISCHARGE_7D,2025-07-09,2025-12-06,True,False
MOCK08458,BH_POST_DISCHARGE_7D,2025-07-20,2026-03-31,True,False
MOCK08464,BH_POST_DISCHARGE_7D,2025-07-27,,True,True
MOCK08470,BH_POST_DISCHARGE_7D,2025-07-09,2026-01-18,True,True
MOCK08476,BH_POST_DISCHARGE_7D,2025-07-22,2026-05-01,True,False
MOCK08482,BH_POST_DISCHARGE_7D,2025-07-27,,True,True
MOCK08488,BH_POST_DISCHARGE_7D,2025-07-20,2026-01-25,True,False
MOCK08494,BH_POST_DISCHARGE_7D,2025-07-11,2026-04-25,True,False
MOCK08500,BH_POST_DISCHARGE_7D,2025-07-21,2026-03-25,True,True
MOCK08506,BH_POST_DISCHARGE_7D,2025-07-30,2025-11-06,True,True
MOCK08512,BH_POST_DISCHARGE_7D,2025-07-08,,True,True
MOCK08518,BH_POST_DISCHARGE_7D,2025-07-22,2026-03-11,True,False
MOCK08524,BH_POST_DISCHARGE_7D,2025-07-26,2026-01-07,True,False
MOCK08530,BH_POST_DISCHARGE_7D,2025-07-12,2026-03-13,True,True
MOCK08536,BH_POST_DISCHARGE_7D,2025-07-15,,True,False
MOCK08542,BH_POST_DISCHARGE_7D,2025-08-03,,True,False
MOCK08548,BH_POST_DISCHARGE_7D,2025-07-14,2025-11-20,True,False
MOCK08554,BH_POST_DISCHARGE_7D,2025-07-23,2026-01-13,True,True
MOCK08560,BH_POST_DISCHARGE_7D,2025-07-05,2026-02-25,True,True
MOCK08566,BH_POST_DISCHARGE_7D,2025-08-05,2025-12-08,True,True
MOCK08572,BH_POST_DISCHARGE_7D,2025-07-23,2026-05-09,True,False
MOCK08578,BH_POST_DISCHARGE_7D,2025-07-29,2026-01-11,True,False
MOCK08584,BH_POST_DISCHARGE_7D,2025-07-23,2025-11-14,True,True
MOCK08590,BH_POST_DISCHARGE_7D,2025-07-13,2026-01-05,True,True
MOCK08596,BH_POST_DISCHARGE_7D,2025-07-13,2026-03-01,True,False
MOCK08602,BH_POST_DISCHARGE_7D,2025-07-27,2026-03-14,True,True
MOCK08608,BH_POST_DISCHARGE_7D,2025-08-02,2026-05-19,True,False
MOCK08614,BH_POST_DISCHARGE_7D,2025-07-04,2026-01-19,True,True
MOCK08620,BH_POST_DISCHARGE_7D,2025-08-01,,True,True
MOCK08626,BH_POST_DISCHARGE_7D,2025-08-01,2026-02-19,True,False
MOCK08632,BH_POST_DISCHARGE_7D,2025-07-04,2026-04-24,True,True
MOCK08638,BH_POST_DISCHARGE_7D,2025-07-04,2026-01-20,True,False
MOCK08644,BH_POST_DISCHARGE_7D,2025-07-27,2025-12-25,True,True
MOCK08650,BH_POST_DISCHARGE_7D,2025-08-01,,True,True
MOCK08656,BH_POST_DISCHARGE_7D,2025-07-15,2025-11-10,True,False
MOCK08662,BH_POST_DISCHARGE_7D,2025-07-24,,True,True
MOCK08668,BH_POST_DISCHARGE_7D,2025-08-07,2026-05-05,True,False
MOCK08674,BH_POST_DISCHARGE_7D,2025-07-12,2026-05-17,True,False
MOCK08680,BH_POST_DISCHARGE_7D,2025-07-08,2025-11-13,True,False
MOCK08686,BH_POST_DISCHARGE_7D,2025-08-07,,True,True
MOCK08692,BH_POST_DISCHARGE_7D,2025-07-10,,True,True
MOCK08698,BH_POST_DISCHARGE_7D,2025-07-18,,True,True
MOCK08704,BH_POST_DISCHARGE_7D,2025-07-17,,True,False
MOCK08710,BH_POST_DISCHARGE_7D,2025-07-20,2025-11-18,True,True
MOCK08716,BH_POST_DISCHARGE_7D,2025-07-10,2026-01-19,True,True
MOCK08722,BH_POST_DISCHARGE_7D,2025-07-26,2025-12-29,True,False
MOCK08728,BH_POST_DISCHARGE_7D,2025-07-26,2025-10-31,True,True
MOCK08734,BH_POST_DISCHARGE_7D,2025-07-07,,True,False
MOCK08740,BH_POST_DISCHARGE_7D,2025-07-18,2026-03-16,True,False
MOCK08746,BH_POST_DISCHARGE_7D,2025-07-02,2026-01-24,True,False
MOCK08752,BH_POST_DISCHARGE_7D,2025-07-08,2025-12-21,True,False
MOCK08758,BH_POST_DISCHARGE_7D,2025-08-07,2026-03-13,True,True
MOCK08764,BH_POST_DISCHARGE_7D,2025-07-19,2026-05-24,True,False
MOCK08770,BH_POST_DISCHARGE_7D,2025-07-24,2026-04-19,True,False
MOCK08776,BH_POST_DISCHARGE_7D,2025-08-03,2026-01-22,True,True
MOCK08782,BH_POST_DISCHARGE_7D,2025-07-27,,True,False
MOCK08788,BH_POST_DISCHARGE_7D,2025-07-30,2026-01-21,True,False
MOCK08794,BH_POST_DISCHARGE_7D,2025-07-27,2026-02-18,True,False
MOCK08800,BH_POST_DISCHARGE_7D,2025-07-19,,True,False
MOCK08806,BH_POST_DISCHARGE_7D,2025-07-24,2026-01-06,True,True
MOCK08812,BH_POST_DISCHARGE_7D,2025-07-11,2026-03-29,True,True
MOCK08818,BH_POST_DISCHARGE_7D,2025-08-03,2025-12-10,True,True
MOCK08824,BH_POST_DISCHARGE_7D,2025-07-07,2026-01-11,True,True
MOCK08830,BH_POST_DISCHARGE_7D,2025-08-03,2026-04-09,True,True
MOCK08836,BH_POST_DISCHARGE_7D,2025-08-03,2026-03-26,True,True
MOCK08842,BH_POST_DISCHARGE_7D,2025-07-05,,True,True
MOCK08848,BH_POST_DISCHARGE_7D,2025-07-27,2026-05-02,True,False
MOCK08854,BH_POST_DISCHARGE_7D,2025-08-07,2026-01-18,True,True
MOCK08860,BH_POST_DISCHARGE_7D,2025-07-22,2026-05-13,True,False
MOCK08866,BH_POST_DISCHARGE_7D,2025-07-13,2026-04-26,True,False
MOCK08872,BH_POST_DISCHARGE_7D,2025-08-03,,True,False
MOCK08878,BH_POST_DISCHARGE_7D,2025-07-19,2025-12-20,True,True
MOCK08884,BH_POST_DISCHARGE_7D,2025-07-04,2026-02-04,True,False
MOCK08890,BH_POST_DISCHARGE_7D,2025-07-09,,True,False
MOCK08896,BH_POST_DISCHARGE_7D,2025-07-26,2026-03-17,True,False
MOCK08902,BH_POST_DISCHARGE_7D,2025-07-17,2026-04-12,True,True
MOCK08908,BH_POST_DISCHARGE_7D,2025-07-08,,True,True
MOCK08914,BH_POST_DISCHARGE_7D,2025-07-31,2026-02-25,True,False
MOCK08920,BH_POST_DISCHARGE_7D,2025-07-04,2025-11-23,True,True
MOCK08926,BH_POST_DISCHARGE_7D,2025-07-08,2025-12-10,True,False
MOCK08932,BH_POST_DISCHARGE_7D,2025-07-18,2026-05-21,True,False
MOCK08938,BH_POST_DISCHARGE_7D,2025-07-01,,True,False
MOCK08944,BH_POST_DISCHARGE_7D,2025-07-15,2026-02-23,True,False
MOCK08950,BH_POST_DISCHARGE_7D,2025-08-04,2026-02-14,True,False
MOCK08956,BH_POST_DISCHARGE_7D,2025-08-05,2026-03-16,True,False
MOCK08962,BH_POST_DISCHARGE_7D,2025-08-03,,True,False
MOCK08968,BH_POST_DISCHARGE_7D,2025-07-12,2026-02-10,True,True
MOCK08974,BH_POST_DISCHARGE_7D,2025-07-02,2025-12-12,True,False
MOCK08980,BH_POST_DISCHARGE_7D,2025-07-31,,True,False
MOCK08986,BH_POST_DISCHARGE_7D,2025-07-14,2026-01-14,True,False
MOCK08992,BH_POST_DISCHARGE_7D,2025-07-29,,True,True
MOCK08998,BH_POST_DISCHARGE_7D,2025-07-04,,True,True
MOCK09004,BH_POST_DISCHARGE_7D,2025-07-26,2026-05-24,True,False
MOCK09010,BH_POST_DISCHARGE_7D,2025-07-22,,True,True
MOCK09016,BH_POST_DISCHARGE_7D,2025-08-04,2025-12-10,True,False
MOCK09022,BH_POST_DISCHARGE_7D,2025-07-03,2025-12-04,True,False
MOCK09028,BH_POST_DISCHARGE_7D,2025-07-15,,True,True
MOCK09034,BH_POST_DISCHARGE_7D,2025-08-07,2025-11-26,True,True
MOCK09040,BH_POST_DISCHARGE_7D,2025-07-15,2026-03-21,True,False
MOCK09046,BH_POST_DISCHARGE_7D,2025-07-25,,True,True
MOCK09052,BH_POST_DISCHARGE_7D,2025-07-06,2026-02-02,True,False
MOCK09058,BH_POST_DISCHARGE_7D,2025-07-28,2026-05-22,True,False
MOCK09064,BH_POST_DISCHARGE_7D,2025-07-10,2025-10-29,True,False
MOCK09070,BH_POST_DISCHARGE_7D,2025-07-22,2026-01-13,True,True
MOCK09076,BH_POST_DISCHARGE_7D,2025-08-03,2026-01-14,True,True
MOCK09082,BH_POST_DISCHARGE_7D,2025-07-25,2026-02-28,True,False
MOCK09088,BH_POST_DISCHARGE_7D,2025-07-18,2026-03-14,True,True
MOCK09094,BH_POST_DISCHARGE_7D,2025-07-07,2025-12-24,True,True
MOCK09100,BH_POST_DISCHARGE_7D,2025-07-13,2025-11-22,True,False
MOCK09106,BH_POST_DISCHARGE_7D,2025-08-02,2026-05-11,True,True
MOCK09112,BH_POST_DISCHARGE_7D,2025-07-08,2025-11-28,True,True
MOCK09118,BH_POST_DISCHARGE_7D,2025-07-25,2026-04-29,True,False
MOCK09124,BH_POST_DISCHARGE_7D,2025-07-18,2026-02-16,True,True
MOCK09130,BH_POST_DISCHARGE_7D,2025-07-12,,True,True
MOCK09136,BH_POST_DISCHARGE_7D,2025-07-27,2026-01-02,True,True
MOCK09142,BH_POST_DISCHARGE_7D,2025-07-14,2026-05-25,True,False
MOCK09148,BH_POST_DISCHARGE_7D,2025-07-11,,True,False
MOCK09154,BH_POST_DISCHARGE_7D,2025-07-20,,True,False
MOCK09160,BH_POST_DISCHARGE_7D,2025-07-29,,True,False
MOCK09166,BH_POST_DISCHARGE_7D,2025-08-02,2026-05-17,True,True
MOCK09172,BH_POST_DISCHARGE_7D,2025-07-24,2026-01-26,True,False
MOCK09178,BH_POST_DISCHARGE_7D,2025-07-25,2026-02-14,True,True
MOCK09184,BH_POST_DISCHARGE_7D,2025-07-30,2026-04-12,True,False
MOCK09190,BH_POST_DISCHARGE_7D,2025-07-10,,True,False
MOCK09196,BH_POST_DISCHARGE_7D,2025-07-09,2026-05-16,True,True
MOCK09202,BH_POST_DISCHARGE_7D,2025-07-18,2026-05-14,True,False
MOCK09208,BH_POST_DISCHARGE_7D,2025-07-24,2025-11-07,True,False
MOCK09214,BH_POST_DISCHARGE_7D,2025-07-25,2026-03-05,True,True
MOCK09220,BH_POST_DISCHARGE_7D,2025-07-05,,True,False
MOCK09226,BH_POST_DISCHARGE_7D,2025-07-30,2026-04-23,True,False
MOCK09232,BH_POST_DISCHARGE_7D,2025-07-14,2026-05-21,True,True
MOCK09238,BH_POST_DISCHARGE_7D,2025-08-03,2026-01-13,True,True
MOCK09244,BH_POST_DISCHARGE_7D,2025-07-28,2026-03-28,True,False
MOCK09250,BH_POST_DISCHARGE_7D,2025-08-07,,True,True
MOCK09256,BH_POST_DISCHARGE_7D,2025-07-24,2026-03-23,True,True
MOCK09262,BH_POST_DISCHARGE_7D,2025-07-20,2025-12-04,True,False
MOCK09268,BH_POST_DISCHARGE_7D,2025-07-07,2026-01-04,True,False
MOCK09274,BH_POST_DISCHARGE_7D,2025-07-15,2026-02-08,True,True
MOCK09280,BH_POST_DISCHARGE_7D,2025-08-02,2025-11-24,True,True
MOCK09286,BH_POST_DISCHARGE_7D,2025-07-14,2026-04-22,True,False
MOCK09292,BH_POST_DISCHARGE_7D,2025-07-02,2025-12-26,True,False
MOCK09298,BH_POST_DISCHARGE_7D,2025-07-09,2025-11-09,True,False
MOCK09304,BH_POST_DISCHARGE_7D,2025-07-23,2026-03-14,True,False
MOCK09310,BH_POST_DISCHARGE_7D,2025-07-24,2026-03-22,True,True
MOCK09316,BH_POST_DISCHARGE_7D,2025-08-07,,True,False
MOCK09322,BH_POST_DISCHARGE_7D,2025-08-05,2026-03-07,True,False
MOCK09328,BH_POST_DISCHARGE_7D,2025-07-20,2026-01-22,True,False
MOCK09334,BH_POST_DISCHARGE_7D,2025-07-21,,True,True
MOCK09340,BH_POST_DISCHARGE_7D,2025-07-31,2025-11-11,True,True
MOCK09346,BH_POST_DISCHARGE_7D,2025-07-01,2026-02-13,True,False
MOCK09352,BH_POST_DISCHARGE_7D,2025-07-23,2026-04-23,True,False
MOCK09358,BH_POST_DISCHARGE_7D,2025-07-18,2025-12-19,True,False
MOCK09364,BH_POST_DISCHARGE_7D,2025-07-30,,True,True
MOCK09370,BH_POST_DISCHARGE_7D,2025-07-31,2025-11-13,True,False
MOCK09376,BH_POST_DISCHARGE_7D,2025-07-25,2026-02-22,True,True
MOCK09382,BH_POST_DISCHARGE_7D,2025-07-25,2025-11-09,True,False
MOCK09388,BH_POST_DISCHARGE_7D,2025-07-26,2026-04-25,True,False
MOCK09394,BH_POST_DISCHARGE_7D,2025-07-22,2026-01-23,True,False
MOCK09400,BH_POST_DISCHARGE_7D,2025-07-08,2026-01-24,True,True
MOCK09406,BH_POST_DISCHARGE_7D,2025-07-11,2026-04-09,True,False
MOCK09412,BH_POST_DISCHARGE_7D,2025-07-28,2025-11-22,True,True
MOCK09418,BH_POST_DISCHARGE_7D,2025-07-24,,True,False
MOCK09424,BH_POST_DISCHARGE_7D,2025-07-09,2025-12-14,True,False
MOCK09430,BH_POST_DISCHARGE_7D,2025-08-03,2026-01-13,True,False
MOCK09436,BH_POST_DISCHARGE_7D,2025-08-07,2026-03-13,True,False
MOCK09442,BH_POST_DISCHARGE_7D,2025-07-24,2026-03-27,True,False
MOCK09448,BH_POST_DISCHARGE_7D,2025-07-08,2026-04-07,True,True
MOCK09454,BH_POST_DISCHARGE_7D,2025-08-05,,True,True
MOCK09460,BH_POST_DISCHARGE_7D,2025-07-09,2025-12-04,True,False
MOCK09466,BH_POST_DISCHARGE_7D,2025-07-16,2026-04-17,True,False
MOCK09472,BH_POST_DISCHARGE_7D,2025-08-02,,True,False
MOCK09478,BH_POST_DISCHARGE_7D,2025-07-20,2025-12-24,True,True
MOCK09484,BH_POST_DISCHARGE_7D,2025-07-09,2025-11-09,True,True
MOCK09490,BH_POST_DISCHARGE_7D,2025-07-03,2026-03-03,True,False
MOCK09496,BH_POST_DISCHARGE_7D,2025-07-14,2026-03-01,True,False
MOCK09502,BH_POST_DISCHARGE_7D,2025-07-26,2025-11-23,True,False
MOCK09508,BH_POST_DISCHARGE_7D,2025-07-27,,True,False
MOCK09514,BH_POST_DISCHARGE_7D,2025-07-08,2026-05-18,True,True
MOCK09520,BH_POST_DISCHARGE_7D,2025-07-06,,True,True
MOCK09526,BH_POST_DISCHARGE_7D,2025-07-27,2026-04-28,True,True
MOCK09532,BH_POST_DISCHARGE_7D,2025-07-06,2026-01-19,True,False
MOCK09538,BH_POST_DISCHARGE_7D,2025-07-02,2026-02-14,True,True
MOCK09544,BH_POST_DISCHARGE_7D,2025-07-18,2026-04-18,True,True
MOCK09550,BH_POST_DISCHARGE_7D,2025-07-22,2026-01-15,True,False
MOCK09556,BH_POST_DISCHARGE_7D,2025-07-09,2025-12-10,True,True
MOCK09562,BH_POST_DISCHARGE_7D,2025-07-08,,True,False
MOCK09568,BH_POST_DISCHARGE_7D,2025-07-09,2026-05-12,True,True
MOCK09574,BH_POST_DISCHARGE_7D,2025-07-13,2025-12-15,True,True
MOCK09580,BH_POST_DISCHARGE_7D,2025-06-30,2026-01-16,True,True
MOCK09586,BH_POST_DISCHARGE_7D,2025-06-30,2025-11-30,True,False
MOCK09592,BH_POST_DISCHARGE_7D,2025-07-14,2026-04-30,True,False
MOCK09598,BH_POST_DISCHARGE_7D,2025-06-30,2026-04-25,True,False
MOCK09604,BH_POST_DISCHARGE_7D,2025-07-12,,True,False
MOCK09610,BH_POST_DISCHARGE_7D,2025-07-22,2026-05-14,True,True
MOCK09616,BH_POST_DISCHARGE_7D,2025-07-01,2025-11-20,True,False
MOCK09622,BH_POST_DISCHARGE_7D,2025-07-24,,True,True
MOCK09628,BH_POST_DISCHARGE_7D,2025-07-24,2026-02-06,True,False
MOCK09634,BH_POST_DISCHARGE_7D,2025-07-22,,True,False
MOCK09640,BH_POST_DISCHARGE_7D,2025-07-24,2025-11-09,True,True
MOCK09646,BH_POST_DISCHARGE_7D,2025-07-31,2026-04-14,True,False
MOCK09652,BH_POST_DISCHARGE_7D,2025-07-02,2025-12-18,True,False
MOCK09658,BH_POST_DISCHARGE_7D,2025-07-06,2026-05-07,True,True
MOCK09664,BH_POST_DISCHARGE_7D,2025-07-12,2026-04-05,True,True
MOCK09670,BH_POST_DISCHARGE_7D,2025-07-26,2026-04-05,True,False
MOCK09676,BH_POST_DISCHARGE_7D,2025-08-03,2026-01-28,True,False
MOCK09682,BH_POST_DISCHARGE_7D,2025-08-04,2026-03-18,True,True
MOCK09688,BH_POST_DISCHARGE_7D,2025-07-22,2026-01-12,True,False
MOCK09694,BH_POST_DISCHARGE_7D,2025-07-15,2026-01-26,True,True
MOCK09700,BH_POST_DISCHARGE_7D,2025-07-16,2026-01-25,True,False
MOCK09706,BH_POST_DISCHARGE_7D,2025-07-02,2026-02-04,True,True
MOCK09712,BH_POST_DISCHARGE_7D,2025-07-18,,True,False
MOCK09718,BH_POST_DISCHARGE_7D,2025-07-20,2026-05-03,True,False
MOCK09724,BH_POST_DISCHARGE_7D,2025-07-08,,True,False
MOCK09730,BH_POST_DISCHARGE_7D,2025-07-29,2026-02-05,True,False
MOCK09736,BH_POST_DISCHARGE_7D,2025-07-31,2026-03-26,True,False
MOCK09742,BH_POST_DISCHARGE_7D,2025-07-11,2026-01-30,True,True
MOCK09748,BH_POST_DISCHARGE_7D,2025-08-04,2026-04-01,True,True
MOCK09754,BH_POST_DISCHARGE_7D,2025-07-04,,True,False
MOCK09760,BH_POST_DISCHARGE_7D,2025-08-04,2026-03-01,True,True
MOCK09766,BH_POST_DISCHARGE_7D,2025-07-29,2025-12-22,True,False
MOCK09772,BH_POST_DISCHARGE_7D,2025-07-08,2026-03-20,True,True
MOCK09778,BH_POST_DISCHARGE_7D,2025-07-25,2025-11-17,True,False
MOCK09784,BH_POST_DISCHARGE_7D,2025-07-12,2025-12-06,True,False
MOCK09790,BH_POST_DISCHARGE_7D,2025-07-31,2026-02-15,True,False
MOCK09796,BH_POST_DISCHARGE_7D,2025-07-06,2025-12-13,True,True
MOCK09802,BH_POST_DISCHARGE_7D,2025-07-09,2026-02-14,True,False
MOCK09808,BH_POST_DISCHARGE_7D,2025-07-11,2026-02-20,True,False
MOCK09814,BH_POST_DISCHARGE_7D,2025-07-07,2026-04-18,True,False
MOCK09820,BH_POST_DISCHARGE_7D,2025-07-12,2026-01-08,True,False
MOCK09826,BH_POST_DISCHARGE_7D,2025-07-23,2026-02-22,True,True
MOCK09832,BH_POST_DISCHARGE_7D,2025-07-24,2025-12-14,True,True
MOCK09838,BH_POST_DISCHARGE_7D,2025-07-21,2025-11-06,True,True
MOCK09844,BH_POST_DISCHARGE_7D,2025-07-07,2026-01-31,True,False
MOCK09850,BH_POST_DISCHARGE_7D,2025-07-07,2026-02-23,True,False
MOCK09856,BH_POST_DISCHARGE_7D,2025-08-04,,True,True
MOCK09862,BH_POST_DISCHARGE_7D,2025-07-09,,True,False
MOCK09868,BH_POST_DISCHARGE_7D,2025-07-04,,True,True
MOCK09874,BH_POST_DISCHARGE_7D,2025-07-17,2026-04-06,True,False
MOCK09880,BH_POST_DISCHARGE_7D,2025-06-30,2026-05-24,True,False
MOCK09886,BH_POST_DISCHARGE_7D,2025-07-13,2026-04-20,True,True
MOCK09892,BH_POST_DISCHARGE_7D,2025-08-02,2026-03-21,True,True
MOCK09898,BH_POST_DISCHARGE_7D,2025-07-10,2026-05-05,True,False
MOCK09904,BH_POST_DISCHARGE_7D,2025-07-27,2026-04-17,True,False
MOCK09910,BH_POST_DISCHARGE_7D,2025-07-19,2026-04-04,True,True
MOCK09916,BH_POST_DISCHARGE_7D,2025-07-13,,True,False
MOCK09922,BH_POST_DISCHARGE_7D,2025-07-25,,True,False
MOCK09928,BH_POST_DISCHARGE_7D,2025-07-23,2026-01-16,True,True
MOCK09934,BH_POST_DISCHARGE_7D,2025-07-12,,True,False
MOCK09940,BH_POST_DISCHARGE_7D,2025-07-08,2026-02-18,True,True
MOCK09946,BH_POST_DISCHARGE_7D,2025-08-04,2026-03-24,True,False
MOCK09952,BH_POST_DISCHARGE_7D,2025-07-06,2025-12-02,True,False
MOCK09958,BH_POST_DISCHARGE_7D,2025-08-06,2026-04-23,True,True
MOCK09964,BH_POST_DISCHARGE_7D,2025-07-18,2026-04-23,True,False
MOCK09970,BH_POST_DISCHARGE_7D,2025-08-07,2026-05-02,True,True
MOCK09976,BH_POST_DISCHARGE_7D,2025-07-13,2025-11-21,True,False
MOCK09982,BH_POST_DISCHARGE_7D,2025-07-22,,True,False
MOCK09988,BH_POST_DISCHARGE_7D,2025-07-23,2026-02-23,True,True
MOCK09994,BH_POST_DISCHARGE_7D,2025-07-13,2025-11-18,True,False
MOCK10000,BH_POST_DISCHARGE_7D,2025-07-08,,True,True
MOCK00001,DIAB_BLOOD_SUGAR,2025-07-20,,True,False
MOCK00007,DIAB_BLOOD_SUGAR,2025-07-25,,True,False
MOCK00013,DIAB_BLOOD_SUGAR,2025-07-10,,True,False
MOCK00019,DIAB_BLOOD_SUGAR,2025-07-29,,True,False
MOCK00025,DIAB_BLOOD_SUGAR,2025-07-24,,True,False
MOCK00031,DIAB_BLOOD_SUGAR,2025-07-06,,True,True
MOCK00037,DIAB_BLOOD_SUGAR,2025-08-05,,True,True
MOCK00043,DIAB_BLOOD_SUGAR,2025-07-01,,True,False
MOCK00049,DIAB_BLOOD_SUGAR,2025-07-25,2025-11-22,True,True
MOCK00055,DIAB_BLOOD_SUGAR,2025-07-17,,True,True
MOCK00061,DIAB_BLOOD_SUGAR,2025-07-25,,True,True
MOCK00067,DIAB_BLOOD_SUGAR,2025-07-30,,True,False
MOCK00073,DIAB_BLOOD_SUGAR,2025-07-26,,True,False
MOCK00079,DIAB_BLOOD_SUGAR,2025-07-25,,True,True
MOCK00085,DIAB_BLOOD_SUGAR,2025-08-01,,True,True
MOCK00091,DIAB_BLOOD_SUGAR,2025-07-27,,True,False
MOCK00097,DIAB_BLOOD_SUGAR,2025-07-31,2026-03-12,True,True
MOCK00103,DIAB_BLOOD_SUGAR,2025-07-15,,True,False
MOCK00109,DIAB_BLOOD_SUGAR,2025-07-07,,True,False
MOCK00115,DIAB_BLOOD_SUGAR,2025-07-09,,True,False
MOCK00121,DIAB_BLOOD_SUGAR,2025-07-23,,True,True
MOCK00127,DIAB_BLOOD_SUGAR,2025-07-20,,True,False
MOCK00133,DIAB_BLOOD_SUGAR,2025-07-03,,True,False
MOCK00139,DIAB_BLOOD_SUGAR,2025-07-07,,True,True
MOCK00145,DIAB_BLOOD_SUGAR,2025-08-06,,True,False
MOCK00151,DIAB_BLOOD_SUGAR,2025-07-28,2026-01-06,True,True
MOCK00157,DIAB_BLOOD_SUGAR,2025-07-29,,True,False
MOCK00163,DIAB_BLOOD_SUGAR,2025-07-07,2026-04-10,True,False
MOCK00169,DIAB_BLOOD_SUGAR,2025-07-02,2026-04-10,True,True
MOCK00175,DIAB_BLOOD_SUGAR,2025-07-11,,True,False
MOCK00181,DIAB_BLOOD_SUGAR,2025-08-02,,True,True
MOCK00187,DIAB_BLOOD_SUGAR,2025-07-19,,True,True
MOCK00193,DIAB_BLOOD_SUGAR,2025-07-30,,True,False
MOCK00199,DIAB_BLOOD_SUGAR,2025-07-18,2026-04-26,True,True
MOCK00205,DIAB_BLOOD_SUGAR,2025-07-19,2025-11-08,True,False
MOCK00211,DIAB_BLOOD_SUGAR,2025-07-23,,True,True
MOCK00217,DIAB_BLOOD_SUGAR,2025-08-06,,True,False
MOCK00223,DIAB_BLOOD_SUGAR,2025-07-17,,True,False
MOCK00229,DIAB_BLOOD_SUGAR,2025-07-23,,True,False
MOCK00235,DIAB_BLOOD_SUGAR,2025-08-04,,True,False
MOCK00241,DIAB_BLOOD_SUGAR,2025-07-14,,True,False
MOCK00247,DIAB_BLOOD_SUGAR,2025-08-01,,True,False
MOCK00253,DIAB_BLOOD_SUGAR,2025-07-20,2026-01-01,True,False
MOCK00259,DIAB_BLOOD_SUGAR,2025-08-03,,True,True
MOCK00265,DIAB_BLOOD_SUGAR,2025-07-18,2025-11-01,True,True
MOCK00271,DIAB_BLOOD_SUGAR,2025-07-24,,True,True
MOCK00277,DIAB_BLOOD_SUGAR,2025-07-12,2026-04-11,True,False
MOCK00283,DIAB_BLOOD_SUGAR,2025-07-24,,True,False
MOCK00289,DIAB_BLOOD_SUGAR,2025-07-12,2025-12-30,True,False
MOCK00295,DIAB_BLOOD_SUGAR,2025-07-23,2025-12-24,True,False
MOCK00301,DIAB_BLOOD_SUGAR,2025-07-30,,True,True
MOCK00307,DIAB_BLOOD_SUGAR,2025-07-16,,True,False
MOCK00313,DIAB_BLOOD_SUGAR,2025-07-16,,True,True
MOCK00319,DIAB_BLOOD_SUGAR,2025-07-12,2026-04-10,True,True
MOCK00325,DIAB_BLOOD_SUGAR,2025-07-28,,True,False
MOCK00331,DIAB_BLOOD_SUGAR,2025-07-23,,True,True
MOCK00337,DIAB_BLOOD_SUGAR,2025-07-20,,True,False
MOCK00343,DIAB_BLOOD_SUGAR,2025-06-30,,True,False
MOCK00349,DIAB_BLOOD_SUGAR,2025-07-04,,True,False
MOCK00355,DIAB_BLOOD_SUGAR,2025-06-30,2026-03-27,True,True
MOCK00361,DIAB_BLOOD_SUGAR,2025-08-02,,True,True
MOCK00367,DIAB_BLOOD_SUGAR,2025-08-02,2026-01-03,True,True
MOCK00373,DIAB_BLOOD_SUGAR,2025-07-02,,True,False
MOCK00379,DIAB_BLOOD_SUGAR,2025-07-01,,True,True
MOCK00385,DIAB_BLOOD_SUGAR,2025-07-30,2026-01-05,True,True
MOCK00391,DIAB_BLOOD_SUGAR,2025-07-20,,True,False
MOCK00397,DIAB_BLOOD_SUGAR,2025-07-12,2025-11-16,True,False
MOCK00403,DIAB_BLOOD_SUGAR,2025-07-23,,True,False
MOCK00409,DIAB_BLOOD_SUGAR,2025-07-09,,True,True
MOCK00415,DIAB_BLOOD_SUGAR,2025-07-07,,True,False
MOCK00421,DIAB_BLOOD_SUGAR,2025-07-14,,True,True
MOCK00427,DIAB_BLOOD_SUGAR,2025-08-03,,True,True
MOCK00433,DIAB_BLOOD_SUGAR,2025-07-29,,True,True
MOCK00439,DIAB_BLOOD_SUGAR,2025-07-07,,True,False
MOCK00445,DIAB_BLOOD_SUGAR,2025-07-21,,True,False
MOCK00451,DIAB_BLOOD_SUGAR,2025-08-03,,True,True
MOCK00457,DIAB_BLOOD_SUGAR,2025-08-06,2025-11-17,True,False
MOCK00463,DIAB_BLOOD_SUGAR,2025-07-29,,True,False
MOCK00469,DIAB_BLOOD_SUGAR,2025-07-05,2026-03-19,True,True
MOCK00475,DIAB_BLOOD_SUGAR,2025-07-09,,True,False
MOCK00481,DIAB_BLOOD_SUGAR,2025-07-08,2025-11-03,True,True
MOCK00487,DIAB_BLOOD_SUGAR,2025-07-05,2025-11-21,True,True
MOCK00493,DIAB_BLOOD_SUGAR,2025-07-06,2026-01-29,True,False
MOCK00499,DIAB_BLOOD_SUGAR,2025-07-12,,True,True
MOCK00505,DIAB_BLOOD_SUGAR,2025-07-21,,True,False
MOCK00511,DIAB_BLOOD_SUGAR,2025-07-15,,True,True
MOCK00517,DIAB_BLOOD_SUGAR,2025-07-16,,True,False
MOCK00523,DIAB_BLOOD_SUGAR,2025-07-09,,True,False
MOCK00529,DIAB_BLOOD_SUGAR,2025-07-05,,True,False
MOCK00535,DIAB_BLOOD_SUGAR,2025-08-07,,True,False
MOCK00541,DIAB_BLOOD_SUGAR,2025-07-23,2025-11-14,True,False
MOCK00547,DIAB_BLOOD_SUGAR,2025-07-08,,True,True
MOCK00553,DIAB_BLOOD_SUGAR,2025-07-31,,True,True
MOCK00559,DIAB_BLOOD_SUGAR,2025-08-01,,True,False
MOCK00565,DIAB_BLOOD_SUGAR,2025-08-06,,True,False
MOCK00571,DIAB_BLOOD_SUGAR,2025-07-06,2026-04-22,True,True
MOCK00577,DIAB_BLOOD_SUGAR,2025-07-24,,True,False
MOCK00583,DIAB_BLOOD_SUGAR,2025-08-07,,True,True
MOCK00589,DIAB_BLOOD_SUGAR,2025-07-31,2026-02-28,True,True
MOCK00595,DIAB_BLOOD_SUGAR,2025-07-08,2026-04-04,True,False
MOCK00601,DIAB_BLOOD_SUGAR,2025-08-03,,True,False
MOCK00607,DIAB_BLOOD_SUGAR,2025-07-16,2026-03-01,True,False
MOCK00613,DIAB_BLOOD_SUGAR,2025-07-19,,True,True
MOCK00619,DIAB_BLOOD_SUGAR,2025-07-21,,True,True
MOCK00625,DIAB_BLOOD_SUGAR,2025-07-30,,True,False
MOCK00631,DIAB_BLOOD_SUGAR,2025-07-04,2026-01-05,True,True
MOCK00637,DIAB_BLOOD_SUGAR,2025-07-21,2026-02-22,True,False
MOCK00643,DIAB_BLOOD_SUGAR,2025-07-31,,True,True
MOCK00649,DIAB_BLOOD_SUGAR,2025-07-21,,True,True
MOCK00655,DIAB_BLOOD_SUGAR,2025-07-10,,True,True
MOCK00661,DIAB_BLOOD_SUGAR,2025-07-02,2025-12-28,True,True
MOCK00667,DIAB_BLOOD_SUGAR,2025-07-21,,True,True
MOCK00673,DIAB_BLOOD_SUGAR,2025-07-27,,True,False
MOCK00679,DIAB_BLOOD_SUGAR,2025-07-21,,True,False
MOCK00685,DIAB_BLOOD_SUGAR,2025-08-07,2026-05-25,True,True
MOCK00691,DIAB_BLOOD_SUGAR,2025-07-23,,True,False
MOCK00697,DIAB_BLOOD_SUGAR,2025-07-19,,True,True
MOCK00703,DIAB_BLOOD_SUGAR,2025-07-02,,True,True
MOCK00709,DIAB_BLOOD_SUGAR,2025-07-21,,True,False
MOCK00715,DIAB_BLOOD_SUGAR,2025-07-06,,True,False
MOCK00721,DIAB_BLOOD_SUGAR,2025-07-28,,True,False
MOCK00727,DIAB_BLOOD_SUGAR,2025-07-06,,True,True
MOCK00733,DIAB_BLOOD_SUGAR,2025-08-04,2026-01-15,True,True
MOCK00739,DIAB_BLOOD_SUGAR,2025-07-11,,True,False
MOCK00745,DIAB_BLOOD_SUGAR,2025-07-16,2026-04-29,True,False
MOCK00751,DIAB_BLOOD_SUGAR,2025-07-05,,True,False
MOCK00757,DIAB_BLOOD_SUGAR,2025-07-08,,True,False
MOCK00763,DIAB_BLOOD_SUGAR,2025-08-04,,True,True
MOCK00769,DIAB_BLOOD_SUGAR,2025-07-11,,True,False
MOCK00775,DIAB_BLOOD_SUGAR,2025-07-20,,True,False
MOCK00781,DIAB_BLOOD_SUGAR,2025-08-07,,True,True
MOCK00787,DIAB_BLOOD_SUGAR,2025-07-24,,True,True
MOCK00793,DIAB_BLOOD_SUGAR,2025-07-01,,True,False
MOCK00799,DIAB_BLOOD_SUGAR,2025-07-13,,True,True
MOCK00805,DIAB_BLOOD_SUGAR,2025-07-15,2025-11-02,True,False
MOCK00811,DIAB_BLOOD_SUGAR,2025-07-10,,True,False
MOCK00817,DIAB_BLOOD_SUGAR,2025-07-09,2025-11-29,True,False
MOCK00823,DIAB_BLOOD_SUGAR,2025-07-19,,True,False
MOCK00829,DIAB_BLOOD_SUGAR,2025-07-14,2026-03-14,True,False
MOCK00835,DIAB_BLOOD_SUGAR,2025-07-11,,True,False
MOCK00841,DIAB_BLOOD_SUGAR,2025-07-16,,True,False
MOCK00847,DIAB_BLOOD_SUGAR,2025-07-13,,True,True
MOCK00853,DIAB_BLOOD_SUGAR,2025-07-08,2026-03-27,True,False
MOCK00859,DIAB_BLOOD_SUGAR,2025-07-17,,True,True
MOCK00865,DIAB_BLOOD_SUGAR,2025-08-05,,True,True
MOCK00871,DIAB_BLOOD_SUGAR,2025-07-19,2026-03-16,True,False
MOCK00877,DIAB_BLOOD_SUGAR,2025-07-23,,True,True
MOCK00883,DIAB_BLOOD_SUGAR,2025-08-07,2026-03-02,True,True
MOCK00889,DIAB_BLOOD_SUGAR,2025-07-23,,True,True
MOCK00895,DIAB_BLOOD_SUGAR,2025-07-08,2025-12-16,True,False
MOCK00901,DIAB_BLOOD_SUGAR,2025-07-15,,True,False
MOCK00907,DIAB_BLOOD_SUGAR,2025-07-19,,True,True
MOCK00913,DIAB_BLOOD_SUGAR,2025-07-18,,True,False
MOCK00919,DIAB_BLOOD_SUGAR,2025-07-05,,True,True
MOCK00925,DIAB_BLOOD_SUGAR,2025-07-04,2025-11-13,True,False
MOCK00931,DIAB_BLOOD_SUGAR,2025-07-13,2026-02-05,True,True
MOCK00937,DIAB_BLOOD_SUGAR,2025-08-04,,True,False
MOCK00943,DIAB_BLOOD_SUGAR,2025-07-27,,True,False
MOCK00949,DIAB_BLOOD_SUGAR,2025-08-01,2026-03-16,True,False
MOCK00955,DIAB_BLOOD_SUGAR,2025-07-06,2026-02-05,True,False
MOCK00961,DIAB_BLOOD_SUGAR,2025-07-16,,True,True
MOCK00967,DIAB_BLOOD_SUGAR,2025-07-22,,True,False
MOCK00973,DIAB_BLOOD_SUGAR,2025-07-16,,True,True
MOCK00979,DIAB_BLOOD_SUGAR,2025-07-16,,True,False
MOCK00985,DIAB_BLOOD_SUGAR,2025-07-14,2026-03-12,True,True
MOCK00991,DIAB_BLOOD_SUGAR,2025-07-02,,True,True
MOCK00997,DIAB_BLOOD_SUGAR,2025-08-02,2026-05-05,True,True
MOCK01003,DIAB_BLOOD_SUGAR,2025-08-05,,True,True
MOCK01009,DIAB_BLOOD_SUGAR,2025-07-03,,True,False
MOCK01015,DIAB_BLOOD_SUGAR,2025-07-16,,True,False
MOCK01021,DIAB_BLOOD_SUGAR,2025-07-20,,True,True
MOCK01027,DIAB_BLOOD_SUGAR,2025-07-30,,True,False
MOCK01033,DIAB_BLOOD_SUGAR,2025-08-07,2025-12-20,True,False
MOCK01039,DIAB_BLOOD_SUGAR,2025-07-16,2026-04-20,True,True
MOCK01045,DIAB_BLOOD_SUGAR,2025-07-29,,True,True
MOCK01051,DIAB_BLOOD_SUGAR,2025-08-05,2026-02-12,True,False
MOCK01057,DIAB_BLOOD_SUGAR,2025-08-01,,True,True
MOCK01063,DIAB_BLOOD_SUGAR,2025-07-11,,True,False
MOCK01069,DIAB_BLOOD_SUGAR,2025-07-31,,True,True
MOCK01075,DIAB_BLOOD_SUGAR,2025-07-16,,True,True
MOCK01081,DIAB_BLOOD_SUGAR,2025-06-30,2026-02-16,True,False
MOCK01087,DIAB_BLOOD_SUGAR,2025-07-29,,True,False
MOCK01093,DIAB_BLOOD_SUGAR,2025-08-01,2026-01-26,True,False
MOCK01099,DIAB_BLOOD_SUGAR,2025-07-13,2025-12-17,True,True
MOCK01105,DIAB_BLOOD_SUGAR,2025-07-17,2026-04-06,True,False
MOCK01111,DIAB_BLOOD_SUGAR,2025-07-14,,True,False
MOCK01117,DIAB_BLOOD_SUGAR,2025-07-04,2025-12-08,True,False
MOCK01123,DIAB_BLOOD_SUGAR,2025-08-07,,True,False
MOCK01129,DIAB_BLOOD_SUGAR,2025-06-30,2025-12-30,True,False
MOCK01135,DIAB_BLOOD_SUGAR,2025-07-21,,True,False
MOCK01141,DIAB_BLOOD_SUGAR,2025-06-30,2026-02-16,True,False
MOCK01147,DIAB_BLOOD_SUGAR,2025-07-26,,True,False
MOCK01153,DIAB_BLOOD_SUGAR,2025-08-04,,True,False
MOCK01159,DIAB_BLOOD_SUGAR,2025-07-25,2026-02-02,True,False
MOCK01165,DIAB_BLOOD_SUGAR,2025-07-23,,True,False
MOCK01171,DIAB_BLOOD_SUGAR,2025-08-01,,True,True
MOCK01177,DIAB_BLOOD_SUGAR,2025-08-06,,True,True
MOCK01183,DIAB_BLOOD_SUGAR,2025-08-02,,True,True
MOCK01189,DIAB_BLOOD_SUGAR,2025-07-09,,True,False
MOCK01195,DIAB_BLOOD_SUGAR,2025-07-21,2026-05-21,True,True
MOCK01201,DIAB_BLOOD_SUGAR,2025-07-31,2025-11-18,True,True
MOCK01207,DIAB_BLOOD_SUGAR,2025-07-11,,True,False
MOCK01213,DIAB_BLOOD_SUGAR,2025-07-26,2026-03-21,True,True
MOCK01219,DIAB_BLOOD_SUGAR,2025-06-30,,True,False
MOCK01225,DIAB_BLOOD_SUGAR,2025-08-03,,True,False
MOCK01231,DIAB_BLOOD_SUGAR,2025-07-23,2025-12-02,True,True
MOCK01237,DIAB_BLOOD_SUGAR,2025-07-28,2026-03-30,True,True
MOCK01243,DIAB_BLOOD_SUGAR,2025-08-01,,True,False
MOCK01249,DIAB_BLOOD_SUGAR,2025-07-08,2026-02-05,True,False
MOCK01255,DIAB_BLOOD_SUGAR,2025-07-17,2026-02-14,True,False
MOCK01261,DIAB_BLOOD_SUGAR,2025-08-02,,True,True
MOCK01267,DIAB_BLOOD_SUGAR,2025-07-06,2025-12-02,True,False
MOCK01273,DIAB_BLOOD_SUGAR,2025-08-01,2026-01-18,True,False
MOCK01279,DIAB_BLOOD_SUGAR,2025-07-11,2026-05-16,True,False
MOCK01285,DIAB_BLOOD_SUGAR,2025-07-22,,True,True
MOCK01291,DIAB_BLOOD_SUGAR,2025-07-19,2025-12-11,True,False
MOCK01297,DIAB_BLOOD_SUGAR,2025-07-26,,True,False
MOCK01303,DIAB_BLOOD_SUGAR,2025-08-01,,True,True
MOCK01309,DIAB_BLOOD_SUGAR,2025-07-13,,True,False
MOCK01315,DIAB_BLOOD_SUGAR,2025-07-06,,True,False
MOCK01321,DIAB_BLOOD_SUGAR,2025-07-16,2026-02-19,True,False
MOCK01327,DIAB_BLOOD_SUGAR,2025-07-23,2026-05-09,True,False
MOCK01333,DIAB_BLOOD_SUGAR,2025-07-29,2026-01-11,True,True
MOCK01339,DIAB_BLOOD_SUGAR,2025-07-29,,True,False
MOCK01345,DIAB_BLOOD_SUGAR,2025-07-13,,True,True
MOCK01351,DIAB_BLOOD_SUGAR,2025-08-05,,True,False
MOCK01357,DIAB_BLOOD_SUGAR,2025-07-03,2026-04-29,True,True
MOCK01363,DIAB_BLOOD_SUGAR,2025-07-04,2026-05-07,True,True
MOCK01369,DIAB_BLOOD_SUGAR,2025-06-30,,True,False
MOCK01375,DIAB_BLOOD_SUGAR,2025-08-05,,True,True
MOCK01381,DIAB_BLOOD_SUGAR,2025-07-07,,True,False
MOCK01387,DIAB_BLOOD_SUGAR,2025-07-23,,True,True
MOCK01393,DIAB_BLOOD_SUGAR,2025-07-31,,True,True
MOCK01399,DIAB_BLOOD_SUGAR,2025-07-29,,True,True
MOCK01405,DIAB_BLOOD_SUGAR,2025-08-06,,True,True
MOCK01411,DIAB_BLOOD_SUGAR,2025-07-02,2026-02-23,True,False
MOCK01417,DIAB_BLOOD_SUGAR,2025-07-15,,True,True
MOCK01423,DIAB_BLOOD_SUGAR,2025-07-19,,True,False
MOCK01429,DIAB_BLOOD_SUGAR,2025-07-27,,True,False
MOCK01435,DIAB_BLOOD_SUGAR,2025-07-24,2025-11-25,True,True
MOCK01441,DIAB_BLOOD_SUGAR,2025-07-21,,True,True
MOCK01447,DIAB_BLOOD_SUGAR,2025-07-11,2026-03-12,True,True
MOCK01453,DIAB_BLOOD_SUGAR,2025-07-04,2025-12-28,True,True
MOCK01459,DIAB_BLOOD_SUGAR,2025-07-16,,True,True
MOCK01465,DIAB_BLOOD_SUGAR,2025-07-10,,True,False
MOCK01471,DIAB_BLOOD_SUGAR,2025-07-21,2026-01-21,True,False
MOCK01477,DIAB_BLOOD_SUGAR,2025-07-31,,True,False
MOCK01483,DIAB_BLOOD_SUGAR,2025-07-21,2026-04-03,True,False
MOCK01489,DIAB_BLOOD_SUGAR,2025-07-22,,True,False
MOCK01495,DIAB_BLOOD_SUGAR,2025-07-01,2026-02-09,True,True
MOCK01501,DIAB_BLOOD_SUGAR,2025-07-25,2026-05-22,True,True
MOCK01507,DIAB_BLOOD_SUGAR,2025-07-17,2026-04-14,True,False
MOCK01513,DIAB_BLOOD_SUGAR,2025-07-04,2025-12-17,True,True
MOCK01519,DIAB_BLOOD_SUGAR,2025-07-08,2025-12-02,True,True
MOCK01525,DIAB_BLOOD_SUGAR,2025-07-30,,True,False
MOCK01531,DIAB_BLOOD_SUGAR,2025-08-04,2025-12-31,True,True
MOCK01537,DIAB_BLOOD_SUGAR,2025-07-19,,True,True
MOCK01543,DIAB_BLOOD_SUGAR,2025-08-07,,True,False
MOCK01549,DIAB_BLOOD_SUGAR,2025-07-07,,True,True
MOCK01555,DIAB_BLOOD_SUGAR,2025-07-11,,True,True
MOCK01561,DIAB_BLOOD_SUGAR,2025-08-05,2026-04-01,True,True
MOCK01567,DIAB_BLOOD_SUGAR,2025-07-06,2026-01-22,True,True
MOCK01573,DIAB_BLOOD_SUGAR,2025-07-25,,True,False
MOCK01579,DIAB_BLOOD_SUGAR,2025-07-08,,True,False
MOCK01585,DIAB_BLOOD_SUGAR,2025-07-12,,True,False
MOCK01591,DIAB_BLOOD_SUGAR,2025-07-18,,True,True
MOCK01597,DIAB_BLOOD_SUGAR,2025-07-14,,True,True
MOCK01603,DIAB_BLOOD_SUGAR,2025-08-03,2026-03-09,True,False
MOCK01609,DIAB_BLOOD_SUGAR,2025-08-06,2025-10-30,True,True
MOCK01615,DIAB_BLOOD_SUGAR,2025-07-19,2026-03-12,True,True
MOCK01621,DIAB_BLOOD_SUGAR,2025-07-20,,True,False
MOCK01627,DIAB_BLOOD_SUGAR,2025-07-02,2026-04-06,True,False
MOCK01633,DIAB_BLOOD_SUGAR,2025-07-09,,True,False
MOCK01639,DIAB_BLOOD_SUGAR,2025-07-01,,True,False
MOCK01645,DIAB_BLOOD_SUGAR,2025-08-02,,True,False
MOCK01651,DIAB_BLOOD_SUGAR,2025-07-08,2026-03-06,True,False
MOCK01657,DIAB_BLOOD_SUGAR,2025-07-13,,True,False
MOCK01663,DIAB_BLOOD_SUGAR,2025-08-01,2026-05-02,True,True
MOCK01669,DIAB_BLOOD_SUGAR,2025-07-27,,True,True
MOCK01675,DIAB_BLOOD_SUGAR,2025-07-24,2026-02-09,True,True
MOCK01681,DIAB_BLOOD_SUGAR,2025-07-01,,True,False
MOCK01687,DIAB_BLOOD_SUGAR,2025-07-21,,True,False
MOCK01693,DIAB_BLOOD_SUGAR,2025-07-21,,True,False
MOCK01699,DIAB_BLOOD_SUGAR,2025-07-12,,True,True
MOCK01705,DIAB_BLOOD_SUGAR,2025-07-29,,True,False
MOCK01711,DIAB_BLOOD_SUGAR,2025-08-05,,True,True
MOCK01717,DIAB_BLOOD_SUGAR,2025-07-10,,True,True
MOCK01723,DIAB_BLOOD_SUGAR,2025-07-12,,True,False
MOCK01729,DIAB_BLOOD_SUGAR,2025-07-12,,True,False
MOCK01735,DIAB_BLOOD_SUGAR,2025-08-01,2025-12-22,True,False
MOCK01741,DIAB_BLOOD_SUGAR,2025-07-03,,True,True
MOCK01747,DIAB_BLOOD_SUGAR,2025-08-03,,True,True
MOCK01753,DIAB_BLOOD_SUGAR,2025-07-30,,True,False
MOCK01759,DIAB_BLOOD_SUGAR,2025-07-18,,True,True
MOCK01765,DIAB_BLOOD_SUGAR,2025-07-22,2026-03-02,True,False
MOCK01771,DIAB_BLOOD_SUGAR,2025-08-03,2026-01-08,True,True
MOCK01777,DIAB_BLOOD_SUGAR,2025-07-30,,True,True
MOCK01783,DIAB_BLOOD_SUGAR,2025-07-10,,True,True
MOCK01789,DIAB_BLOOD_SUGAR,2025-07-01,2026-02-28,True,False
MOCK01795,DIAB_BLOOD_SUGAR,2025-07-25,2026-02-02,True,False
MOCK01801,DIAB_BLOOD_SUGAR,2025-07-05,,True,True
MOCK01807,DIAB_BLOOD_SUGAR,2025-07-03,,True,True
MOCK01813,DIAB_BLOOD_SUGAR,2025-08-07,,True,False
MOCK01819,DIAB_BLOOD_SUGAR,2025-07-18,,True,False
MOCK01825,DIAB_BLOOD_SUGAR,2025-07-25,,True,True
MOCK01831,DIAB_BLOOD_SUGAR,2025-07-08,2026-05-02,True,True
MOCK01837,DIAB_BLOOD_SUGAR,2025-07-03,,True,False
MOCK01843,DIAB_BLOOD_SUGAR,2025-07-02,2025-11-20,True,False
MOCK01849,DIAB_BLOOD_SUGAR,2025-07-13,,True,True
MOCK01855,DIAB_BLOOD_SUGAR,2025-06-30,,True,True
MOCK01861,DIAB_BLOOD_SUGAR,2025-07-16,,True,True
MOCK01867,DIAB_BLOOD_SUGAR,2025-07-12,2026-04-14,True,True
MOCK01873,DIAB_BLOOD_SUGAR,2025-07-20,,True,True
MOCK01879,DIAB_BLOOD_SUGAR,2025-07-22,2026-05-22,True,True
MOCK01885,DIAB_BLOOD_SUGAR,2025-07-12,,True,True
MOCK01891,DIAB_BLOOD_SUGAR,2025-07-17,,True,True
MOCK01897,DIAB_BLOOD_SUGAR,2025-07-03,,True,False
MOCK01903,DIAB_BLOOD_SUGAR,2025-07-11,2026-02-17,True,False
MOCK01909,DIAB_BLOOD_SUGAR,2025-08-07,2026-04-23,True,False
MOCK01915,DIAB_BLOOD_SUGAR,2025-08-07,2026-01-10,True,True
MOCK01921,DIAB_BLOOD_SUGAR,2025-07-18,,True,False
MOCK01927,DIAB_BLOOD_SUGAR,2025-08-05,,True,False
MOCK01933,DIAB_BLOOD_SUGAR,2025-07-19,,True,False
MOCK01939,DIAB_BLOOD_SUGAR,2025-07-04,2025-12-29,True,True
MOCK01945,DIAB_BLOOD_SUGAR,2025-08-02,,True,True
MOCK01951,DIAB_BLOOD_SUGAR,2025-07-16,,True,False
MOCK01957,DIAB_BLOOD_SUGAR,2025-07-23,2025-11-08,True,True
MOCK01963,DIAB_BLOOD_SUGAR,2025-07-25,,True,True
MOCK01969,DIAB_BLOOD_SUGAR,2025-07-12,,True,True
MOCK01975,DIAB_BLOOD_SUGAR,2025-07-28,,True,False
MOCK01981,DIAB_BLOOD_SUGAR,2025-07-19,,True,False
MOCK01987,DIAB_BLOOD_SUGAR,2025-07-14,2026-03-16,True,True
MOCK01993,DIAB_BLOOD_SUGAR,2025-07-11,,True,False
MOCK01999,DIAB_BLOOD_SUGAR,2025-07-29,2025-11-15,True,False
MOCK02005,DIAB_BLOOD_SUGAR,2025-07-09,,True,True
MOCK02011,DIAB_BLOOD_SUGAR,2025-07-04,2025-12-10,True,True
MOCK02017,DIAB_BLOOD_SUGAR,2025-08-03,,True,True
MOCK02023,DIAB_BLOOD_SUGAR,2025-07-12,,True,False
MOCK02029,DIAB_BLOOD_SUGAR,2025-07-25,,True,False
MOCK02035,DIAB_BLOOD_SUGAR,2025-07-27,2025-12-31,True,False
MOCK02041,DIAB_BLOOD_SUGAR,2025-08-01,,True,False
MOCK02047,DIAB_BLOOD_SUGAR,2025-07-24,,True,True
MOCK02053,DIAB_BLOOD_SUGAR,2025-07-27,2025-12-24,True,False
MOCK02059,DIAB_BLOOD_SUGAR,2025-08-01,,True,False
MOCK02065,DIAB_BLOOD_SUGAR,2025-08-05,,True,False
MOCK02071,DIAB_BLOOD_SUGAR,2025-07-01,2026-03-12,True,False
MOCK02077,DIAB_BLOOD_SUGAR,2025-07-28,,True,True
MOCK02083,DIAB_BLOOD_SUGAR,2025-07-06,2026-02-22,True,True
MOCK02089,DIAB_BLOOD_SUGAR,2025-08-03,,True,True
MOCK02095,DIAB_BLOOD_SUGAR,2025-07-01,2026-02-09,True,False
MOCK02101,DIAB_BLOOD_SUGAR,2025-07-09,,True,False
MOCK02107,DIAB_BLOOD_SUGAR,2025-07-07,2025-11-18,True,False
MOCK02113,DIAB_BLOOD_SUGAR,2025-07-23,,True,True
MOCK02119,DIAB_BLOOD_SUGAR,2025-06-30,,True,True
MOCK02125,DIAB_BLOOD_SUGAR,2025-06-30,,True,True
MOCK02131,DIAB_BLOOD_SUGAR,2025-07-19,,True,False
MOCK02137,DIAB_BLOOD_SUGAR,2025-08-06,,True,False
MOCK02143,DIAB_BLOOD_SUGAR,2025-07-20,,True,False
MOCK02149,DIAB_BLOOD_SUGAR,2025-07-17,,True,False
MOCK02155,DIAB_BLOOD_SUGAR,2025-07-25,,True,False
MOCK02161,DIAB_BLOOD_SUGAR,2025-07-21,,True,True
MOCK02167,DIAB_BLOOD_SUGAR,2025-07-15,,True,True
MOCK02173,DIAB_BLOOD_SUGAR,2025-07-22,,True,True
MOCK02179,DIAB_BLOOD_SUGAR,2025-06-30,,True,True
MOCK02185,DIAB_BLOOD_SUGAR,2025-07-09,,True,False
MOCK02191,DIAB_BLOOD_SUGAR,2025-07-26,2025-12-26,True,True
MOCK02197,DIAB_BLOOD_SUGAR,2025-07-13,2025-11-28,True,False
MOCK02203,DIAB_BLOOD_SUGAR,2025-07-02,,True,False
MOCK02209,DIAB_BLOOD_SUGAR,2025-07-04,,True,False
MOCK02215,DIAB_BLOOD_SUGAR,2025-08-02,,True,False
MOCK02221,DIAB_BLOOD_SUGAR,2025-07-12,,True,True
MOCK02227,DIAB_BLOOD_SUGAR,2025-06-30,,True,False
MOCK02233,DIAB_BLOOD_SUGAR,2025-07-28,,True,True
MOCK02239,DIAB_BLOOD_SUGAR,2025-07-20,2026-01-21,True,False
MOCK02245,DIAB_BLOOD_SUGAR,2025-07-17,,True,False
MOCK02251,DIAB_BLOOD_SUGAR,2025-08-03,2026-05-12,True,True
MOCK02257,DIAB_BLOOD_SUGAR,2025-07-12,,True,True
MOCK02263,DIAB_BLOOD_SUGAR,2025-07-22,,True,False
MOCK02269,DIAB_BLOOD_SUGAR,2025-07-29,2026-03-14,True,False
MOCK02275,DIAB_BLOOD_SUGAR,2025-07-23,,True,False
MOCK02281,DIAB_BLOOD_SUGAR,2025-07-08,,True,True
MOCK02287,DIAB_BLOOD_SUGAR,2025-07-26,,True,False
MOCK02293,DIAB_BLOOD_SUGAR,2025-07-28,2026-03-21,True,False
MOCK02299,DIAB_BLOOD_SUGAR,2025-07-04,2026-01-06,True,True
MOCK02305,DIAB_BLOOD_SUGAR,2025-07-06,,True,False
MOCK02311,DIAB_BLOOD_SUGAR,2025-07-26,2026-05-06,True,False
MOCK02317,DIAB_BLOOD_SUGAR,2025-07-04,,True,False
MOCK02323,DIAB_BLOOD_SUGAR,2025-08-03,,True,True
MOCK02329,DIAB_BLOOD_SUGAR,2025-07-04,,True,True
MOCK02335,DIAB_BLOOD_SUGAR,2025-08-06,,True,False
MOCK02341,DIAB_BLOOD_SUGAR,2025-07-26,,True,False
MOCK02347,DIAB_BLOOD_SUGAR,2025-07-17,,True,True
MOCK02353,DIAB_BLOOD_SUGAR,2025-07-10,,True,False
MOCK02359,DIAB_BLOOD_SUGAR,2025-07-13,2026-01-31,True,True
MOCK02365,DIAB_BLOOD_SUGAR,2025-07-29,,True,False
MOCK02371,DIAB_BLOOD_SUGAR,2025-07-29,,True,True
MOCK02377,DIAB_BLOOD_SUGAR,2025-07-08,,True,True
MOCK02383,DIAB_BLOOD_SUGAR,2025-07-21,,True,False
MOCK02389,DIAB_BLOOD_SUGAR,2025-08-07,2026-04-02,True,True
MOCK02395,DIAB_BLOOD_SUGAR,2025-07-10,,True,False
MOCK02401,DIAB_BLOOD_SUGAR,2025-07-27,,True,False
MOCK02407,DIAB_BLOOD_SUGAR,2025-07-06,,True,True
MOCK02413,DIAB_BLOOD_SUGAR,2025-08-01,,True,False
MOCK02419,DIAB_BLOOD_SUGAR,2025-07-06,,True,False
MOCK02425,DIAB_BLOOD_SUGAR,2025-07-11,,True,False
MOCK02431,DIAB_BLOOD_SUGAR,2025-07-17,,True,False
MOCK02437,DIAB_BLOOD_SUGAR,2025-07-14,2026-03-16,True,True
MOCK02443,DIAB_BLOOD_SUGAR,2025-07-06,,True,True
MOCK02449,DIAB_BLOOD_SUGAR,2025-07-24,2025-12-15,True,True
MOCK02455,DIAB_BLOOD_SUGAR,2025-06-30,,True,False
MOCK02461,DIAB_BLOOD_SUGAR,2025-08-07,,True,True
MOCK02467,DIAB_BLOOD_SUGAR,2025-07-02,,True,True
MOCK02473,DIAB_BLOOD_SUGAR,2025-07-13,,True,False
MOCK02479,DIAB_BLOOD_SUGAR,2025-08-05,,True,True
MOCK02485,DIAB_BLOOD_SUGAR,2025-07-06,,True,False
MOCK02491,DIAB_BLOOD_SUGAR,2025-07-02,2026-02-18,True,False
MOCK02497,DIAB_BLOOD_SUGAR,2025-07-29,,True,True
MOCK02503,DIAB_BLOOD_SUGAR,2025-07-02,,True,True
MOCK02509,DIAB_BLOOD_SUGAR,2025-08-04,2026-05-01,True,True
MOCK02515,DIAB_BLOOD_SUGAR,2025-07-17,2025-11-21,True,False
MOCK02521,DIAB_BLOOD_SUGAR,2025-08-02,2026-05-01,True,True
MOCK02527,DIAB_BLOOD_SUGAR,2025-07-09,,True,False
MOCK02533,DIAB_BLOOD_SUGAR,2025-07-05,,True,False
MOCK02539,DIAB_BLOOD_SUGAR,2025-08-06,2026-01-06,True,True
MOCK02545,DIAB_BLOOD_SUGAR,2025-07-29,,True,False
MOCK02551,DIAB_BLOOD_SUGAR,2025-08-04,,True,False
MOCK02557,DIAB_BLOOD_SUGAR,2025-07-12,2026-01-22,True,True
MOCK02563,DIAB_BLOOD_SUGAR,2025-07-15,,True,False
MOCK02569,DIAB_BLOOD_SUGAR,2025-07-22,,True,True
MOCK02575,DIAB_BLOOD_SUGAR,2025-07-17,2026-03-03,True,False
MOCK02581,DIAB_BLOOD_SUGAR,2025-07-09,,True,True
MOCK02587,DIAB_BLOOD_SUGAR,2025-07-14,,True,False
MOCK02593,DIAB_BLOOD_SUGAR,2025-07-23,,True,False
MOCK02599,DIAB_BLOOD_SUGAR,2025-07-01,,True,False
MOCK02605,DIAB_BLOOD_SUGAR,2025-07-13,2026-02-14,True,False
MOCK02611,DIAB_BLOOD_SUGAR,2025-07-11,,True,True
MOCK02617,DIAB_BLOOD_SUGAR,2025-07-02,2026-04-22,True,False
MOCK02623,DIAB_BLOOD_SUGAR,2025-07-04,,True,True
MOCK02629,DIAB_BLOOD_SUGAR,2025-07-19,,True,True
MOCK02635,DIAB_BLOOD_SUGAR,2025-07-03,,True,True
MOCK02641,DIAB_BLOOD_SUGAR,2025-07-13,,True,False
MOCK02647,DIAB_BLOOD_SUGAR,2025-07-21,2026-01-05,True,False
MOCK02653,DIAB_BLOOD_SUGAR,2025-08-03,2025-11-22,True,True
MOCK02659,DIAB_BLOOD_SUGAR,2025-07-03,,True,False
MOCK02665,DIAB_BLOOD_SUGAR,2025-07-16,,True,False
MOCK02671,DIAB_BLOOD_SUGAR,2025-07-04,,True,True
MOCK02677,DIAB_BLOOD_SUGAR,2025-07-16,2026-01-13,True,False
MOCK02683,DIAB_BLOOD_SUGAR,2025-07-18,,True,False
MOCK02689,DIAB_BLOOD_SUGAR,2025-07-31,,True,False
MOCK02695,DIAB_BLOOD_SUGAR,2025-07-17,,True,False
MOCK02701,DIAB_BLOOD_SUGAR,2025-08-05,2025-12-02,True,False
MOCK02707,DIAB_BLOOD_SUGAR,2025-07-05,2026-02-16,True,True
MOCK02713,DIAB_BLOOD_SUGAR,2025-07-02,,True,False
MOCK02719,DIAB_BLOOD_SUGAR,2025-06-30,2025-12-07,True,True
MOCK02725,DIAB_BLOOD_SUGAR,2025-07-13,,True,True
MOCK02731,DIAB_BLOOD_SUGAR,2025-07-07,,True,True
MOCK02737,DIAB_BLOOD_SUGAR,2025-07-03,,True,False
MOCK02743,DIAB_BLOOD_SUGAR,2025-07-09,2026-01-25,True,True
MOCK02749,DIAB_BLOOD_SUGAR,2025-08-07,2026-03-20,True,True
MOCK02755,DIAB_BLOOD_SUGAR,2025-07-31,2025-12-16,True,True
MOCK02761,DIAB_BLOOD_SUGAR,2025-06-30,,True,False
MOCK02767,DIAB_BLOOD_SUGAR,2025-08-04,2025-12-30,True,True
MOCK02773,DIAB_BLOOD_SUGAR,2025-07-08,,True,True
MOCK02779,DIAB_BLOOD_SUGAR,2025-07-15,,True,True
MOCK02785,DIAB_BLOOD_SUGAR,2025-07-12,,True,False
MOCK02791,DIAB_BLOOD_SUGAR,2025-07-15,,True,True
MOCK02797,DIAB_BLOOD_SUGAR,2025-07-29,2026-02-21,True,True
MOCK02803,DIAB_BLOOD_SUGAR,2025-07-27,,True,False
MOCK02809,DIAB_BLOOD_SUGAR,2025-07-23,2025-12-23,True,False
MOCK02815,DIAB_BLOOD_SUGAR,2025-07-24,,True,False
MOCK02821,DIAB_BLOOD_SUGAR,2025-07-28,2026-05-18,True,False
MOCK02827,DIAB_BLOOD_SUGAR,2025-07-07,,True,False
MOCK02833,DIAB_BLOOD_SUGAR,2025-07-15,,True,False
MOCK02839,DIAB_BLOOD_SUGAR,2025-07-04,,True,False
MOCK02845,DIAB_BLOOD_SUGAR,2025-07-27,,True,False
MOCK02851,DIAB_BLOOD_SUGAR,2025-07-17,,True,False
MOCK02857,DIAB_BLOOD_SUGAR,2025-07-24,,True,False
MOCK02863,DIAB_BLOOD_SUGAR,2025-07-22,,True,True
MOCK02869,DIAB_BLOOD_SUGAR,2025-07-10,,True,False
MOCK02875,DIAB_BLOOD_SUGAR,2025-07-05,,True,False
MOCK02881,DIAB_BLOOD_SUGAR,2025-08-06,,True,False
MOCK02887,DIAB_BLOOD_SUGAR,2025-07-11,2026-02-25,True,True
MOCK02893,DIAB_BLOOD_SUGAR,2025-07-04,2025-12-26,True,True
MOCK02899,DIAB_BLOOD_SUGAR,2025-07-11,2026-01-02,True,False
MOCK02905,DIAB_BLOOD_SUGAR,2025-08-04,,True,False
MOCK02911,DIAB_BLOOD_SUGAR,2025-07-10,,True,True
MOCK02917,DIAB_BLOOD_SUGAR,2025-08-07,,True,False
MOCK02923,DIAB_BLOOD_SUGAR,2025-07-17,,True,True
MOCK02929,DIAB_BLOOD_SUGAR,2025-08-02,2026-05-24,True,False
MOCK02935,DIAB_BLOOD_SUGAR,2025-07-25,,True,False
MOCK02941,DIAB_BLOOD_SUGAR,2025-07-01,2026-05-09,True,False
MOCK02947,DIAB_BLOOD_SUGAR,2025-07-19,2026-03-27,True,True
MOCK02953,DIAB_BLOOD_SUGAR,2025-07-16,,True,True
MOCK02959,DIAB_BLOOD_SUGAR,2025-07-07,,True,True
MOCK02965,DIAB_BLOOD_SUGAR,2025-07-21,,True,False
MOCK02971,DIAB_BLOOD_SUGAR,2025-07-04,,True,False
MOCK02977,DIAB_BLOOD_SUGAR,2025-07-27,,True,False
MOCK02983,DIAB_BLOOD_SUGAR,2025-08-01,,True,False
MOCK02989,DIAB_BLOOD_SUGAR,2025-07-03,,True,True
MOCK02995,DIAB_BLOOD_SUGAR,2025-07-18,,True,True
MOCK03001,DIAB_BLOOD_SUGAR,2025-07-25,2026-04-25,True,False
MOCK03007,DIAB_BLOOD_SUGAR,2025-07-02,,True,False
MOCK03013,DIAB_BLOOD_SUGAR,2025-07-15,,True,True
MOCK03019,DIAB_BLOOD_SUGAR,2025-07-10,2026-03-02,True,False
MOCK03025,DIAB_BLOOD_SUGAR,2025-07-01,,True,False
MOCK03031,DIAB_BLOOD_SUGAR,2025-07-31,,True,True
MOCK03037,DIAB_BLOOD_SUGAR,2025-07-17,,True,True
MOCK03043,DIAB_BLOOD_SUGAR,2025-07-29,2026-05-23,True,False
MOCK03049,DIAB_BLOOD_SUGAR,2025-07-22,,True,True
MOCK03055,DIAB_BLOOD_SUGAR,2025-08-03,,True,True
MOCK03061,DIAB_BLOOD_SUGAR,2025-08-07,2026-03-19,True,False
MOCK03067,DIAB_BLOOD_SUGAR,2025-07-23,,True,False
MOCK03073,DIAB_BLOOD_SUGAR,2025-07-13,2026-02-23,True,True
MOCK03079,DIAB_BLOOD_SUGAR,2025-07-16,2026-02-10,True,True
MOCK03085,DIAB_BLOOD_SUGAR,2025-08-01,,True,False
MOCK03091,DIAB_BLOOD_SUGAR,2025-07-16,,True,True
MOCK03097,DIAB_BLOOD_SUGAR,2025-07-20,,True,False
MOCK03103,DIAB_BLOOD_SUGAR,2025-07-07,,True,False
MOCK03109,DIAB_BLOOD_SUGAR,2025-08-07,,True,True
MOCK03115,DIAB_BLOOD_SUGAR,2025-07-25,,True,False
MOCK03121,DIAB_BLOOD_SUGAR,2025-07-12,,True,True
MOCK03127,DIAB_BLOOD_SUGAR,2025-07-22,,True,False
MOCK03133,DIAB_BLOOD_SUGAR,2025-07-15,2026-03-01,True,False
MOCK03139,DIAB_BLOOD_SUGAR,2025-07-06,2026-03-13,True,True
MOCK03145,DIAB_BLOOD_SUGAR,2025-08-03,2026-04-06,True,True
MOCK03151,DIAB_BLOOD_SUGAR,2025-08-03,,True,False
MOCK03157,DIAB_BLOOD_SUGAR,2025-08-01,,True,False
MOCK03163,DIAB_BLOOD_SUGAR,2025-07-14,,True,True
MOCK03169,DIAB_BLOOD_SUGAR,2025-07-09,2025-12-27,True,True
MOCK03175,DIAB_BLOOD_SUGAR,2025-07-01,2026-01-23,True,True
MOCK03181,DIAB_BLOOD_SUGAR,2025-07-28,,True,False
MOCK03187,DIAB_BLOOD_SUGAR,2025-07-12,2026-01-21,True,True
MOCK03193,DIAB_BLOOD_SUGAR,2025-08-03,,True,True
MOCK03199,DIAB_BLOOD_SUGAR,2025-08-02,,True,True
MOCK03205,DIAB_BLOOD_SUGAR,2025-07-04,2025-12-15,True,False
MOCK03211,DIAB_BLOOD_SUGAR,2025-08-04,,True,False
MOCK03217,DIAB_BLOOD_SUGAR,2025-07-05,,True,False
MOCK03223,DIAB_BLOOD_SUGAR,2025-07-19,,True,False
MOCK03229,DIAB_BLOOD_SUGAR,2025-07-18,2025-12-18,True,False
MOCK03235,DIAB_BLOOD_SUGAR,2025-08-06,,True,True
MOCK03241,DIAB_BLOOD_SUGAR,2025-07-25,2026-01-18,True,True
MOCK03247,DIAB_BLOOD_SUGAR,2025-08-03,,True,True
MOCK03253,DIAB_BLOOD_SUGAR,2025-07-23,,True,True
MOCK03259,DIAB_BLOOD_SUGAR,2025-08-01,,True,False
MOCK03265,DIAB_BLOOD_SUGAR,2025-08-02,,True,True
MOCK03271,DIAB_BLOOD_SUGAR,2025-08-02,,True,False
MOCK03277,DIAB_BLOOD_SUGAR,2025-07-16,2026-03-23,True,True
MOCK03283,DIAB_BLOOD_SUGAR,2025-07-14,,True,False
MOCK03289,DIAB_BLOOD_SUGAR,2025-08-07,,True,True
MOCK03295,DIAB_BLOOD_SUGAR,2025-07-29,2026-04-07,True,True
MOCK03301,DIAB_BLOOD_SUGAR,2025-08-04,2026-04-04,True,True
MOCK03307,DIAB_BLOOD_SUGAR,2025-07-22,,True,False
MOCK03313,DIAB_BLOOD_SUGAR,2025-08-05,2026-02-01,True,False
MOCK03319,DIAB_BLOOD_SUGAR,2025-07-28,,True,False
MOCK03325,DIAB_BLOOD_SUGAR,2025-07-28,,True,False
MOCK03331,DIAB_BLOOD_SUGAR,2025-07-06,,True,False
MOCK03337,DIAB_BLOOD_SUGAR,2025-07-22,,True,False
MOCK03343,DIAB_BLOOD_SUGAR,2025-07-28,2026-03-16,True,True
MOCK03349,DIAB_BLOOD_SUGAR,2025-07-29,,True,True
MOCK03355,DIAB_BLOOD_SUGAR,2025-08-06,,True,True
MOCK03361,DIAB_BLOOD_SUGAR,2025-07-12,,True,False
MOCK03367,DIAB_BLOOD_SUGAR,2025-07-11,,True,False
MOCK03373,DIAB_BLOOD_SUGAR,2025-08-06,,True,False
MOCK03379,DIAB_BLOOD_SUGAR,2025-08-07,,True,False
MOCK03385,DIAB_BLOOD_SUGAR,2025-07-07,,True,True
MOCK03391,DIAB_BLOOD_SUGAR,2025-07-14,,True,False
MOCK03397,DIAB_BLOOD_SUGAR,2025-08-05,2025-12-27,True,False
MOCK03403,DIAB_BLOOD_SUGAR,2025-07-07,,True,False
MOCK03409,DIAB_BLOOD_SUGAR,2025-07-30,2026-02-17,True,True
MOCK03415,DIAB_BLOOD_SUGAR,2025-07-04,2026-05-01,True,True
MOCK03421,DIAB_BLOOD_SUGAR,2025-07-06,2025-11-09,True,True
MOCK03427,DIAB_BLOOD_SUGAR,2025-07-30,,True,False
MOCK03433,DIAB_BLOOD_SUGAR,2025-07-23,,True,False
MOCK03439,DIAB_BLOOD_SUGAR,2025-07-21,2026-01-16,True,True
MOCK03445,DIAB_BLOOD_SUGAR,2025-08-02,2025-12-03,True,False
MOCK03451,DIAB_BLOOD_SUGAR,2025-07-11,2025-11-28,True,False
MOCK03457,DIAB_BLOOD_SUGAR,2025-07-19,,True,False
MOCK03463,DIAB_BLOOD_SUGAR,2025-07-23,,True,False
MOCK03469,DIAB_BLOOD_SUGAR,2025-07-28,,True,False
MOCK03475,DIAB_BLOOD_SUGAR,2025-07-12,,True,False
MOCK03481,DIAB_BLOOD_SUGAR,2025-07-24,,True,False
MOCK03487,DIAB_BLOOD_SUGAR,2025-07-17,,True,True
MOCK03493,DIAB_BLOOD_SUGAR,2025-07-21,,True,True
MOCK03499,DIAB_BLOOD_SUGAR,2025-08-02,,True,False
MOCK03505,DIAB_BLOOD_SUGAR,2025-07-15,,True,False
MOCK03511,DIAB_BLOOD_SUGAR,2025-07-26,,True,False
MOCK03517,DIAB_BLOOD_SUGAR,2025-08-05,,True,False
MOCK03523,DIAB_BLOOD_SUGAR,2025-07-29,,True,False
MOCK03529,DIAB_BLOOD_SUGAR,2025-08-07,,True,True
MOCK03535,DIAB_BLOOD_SUGAR,2025-07-22,,True,True
MOCK03541,DIAB_BLOOD_SUGAR,2025-07-10,,True,True
MOCK03547,DIAB_BLOOD_SUGAR,2025-08-07,,True,True
MOCK03553,DIAB_BLOOD_SUGAR,2025-07-25,2026-02-23,True,True
MOCK03559,DIAB_BLOOD_SUGAR,2025-07-09,,True,False
MOCK03565,DIAB_BLOOD_SUGAR,2025-07-12,,True,True
MOCK03571,DIAB_BLOOD_SUGAR,2025-07-10,2026-01-16,True,False
MOCK03577,DIAB_BLOOD_SUGAR,2025-08-01,,True,False
MOCK03583,DIAB_BLOOD_SUGAR,2025-07-03,,True,True
MOCK03589,DIAB_BLOOD_SUGAR,2025-07-28,2026-04-27,True,False
MOCK03595,DIAB_BLOOD_SUGAR,2025-07-21,,True,False
MOCK03601,DIAB_BLOOD_SUGAR,2025-07-02,,True,False
MOCK03607,DIAB_BLOOD_SUGAR,2025-07-23,,True,False
MOCK03613,DIAB_BLOOD_SUGAR,2025-07-29,2025-12-05,True,True
MOCK03619,DIAB_BLOOD_SUGAR,2025-07-28,,True,True
MOCK03625,DIAB_BLOOD_SUGAR,2025-07-20,,True,False
MOCK03631,DIAB_BLOOD_SUGAR,2025-07-13,2026-02-24,True,True
MOCK03637,DIAB_BLOOD_SUGAR,2025-07-06,,True,False
MOCK03643,DIAB_BLOOD_SUGAR,2025-06-30,,True,True
MOCK03649,DIAB_BLOOD_SUGAR,2025-07-14,2026-01-26,True,False
MOCK03655,DIAB_BLOOD_SUGAR,2025-07-24,,True,False
MOCK03661,DIAB_BLOOD_SUGAR,2025-07-01,,True,True
MOCK03667,DIAB_BLOOD_SUGAR,2025-08-07,,True,True
MOCK03673,DIAB_BLOOD_SUGAR,2025-07-22,2026-02-13,True,True
MOCK03679,DIAB_BLOOD_SUGAR,2025-07-11,2026-04-06,True,False
MOCK03685,DIAB_BLOOD_SUGAR,2025-08-06,,True,False
MOCK03691,DIAB_BLOOD_SUGAR,2025-07-07,,True,True
MOCK03697,DIAB_BLOOD_SUGAR,2025-08-06,,True,False
MOCK03703,DIAB_BLOOD_SUGAR,2025-07-10,2026-01-01,True,True
MOCK03709,DIAB_BLOOD_SUGAR,2025-07-14,,True,False
MOCK03715,DIAB_BLOOD_SUGAR,2025-07-16,,True,False
MOCK03721,DIAB_BLOOD_SUGAR,2025-08-07,2026-04-24,True,False
MOCK03727,DIAB_BLOOD_SUGAR,2025-07-09,,True,False
MOCK03733,DIAB_BLOOD_SUGAR,2025-08-06,,True,True
MOCK03739,DIAB_BLOOD_SUGAR,2025-07-13,,True,True
MOCK03745,DIAB_BLOOD_SUGAR,2025-07-11,,True,False
MOCK03751,DIAB_BLOOD_SUGAR,2025-07-24,2025-12-30,True,True
MOCK03757,DIAB_BLOOD_SUGAR,2025-07-27,2026-05-05,True,True
MOCK03763,DIAB_BLOOD_SUGAR,2025-07-13,,True,True
MOCK03769,DIAB_BLOOD_SUGAR,2025-07-05,,True,False
MOCK03775,DIAB_BLOOD_SUGAR,2025-07-15,2026-05-23,True,False
MOCK03781,DIAB_BLOOD_SUGAR,2025-07-21,,True,False
MOCK03787,DIAB_BLOOD_SUGAR,2025-07-01,,True,True
MOCK03793,DIAB_BLOOD_SUGAR,2025-07-03,,True,True
MOCK03799,DIAB_BLOOD_SUGAR,2025-08-04,,True,True
MOCK03805,DIAB_BLOOD_SUGAR,2025-07-01,,True,False
MOCK03811,DIAB_BLOOD_SUGAR,2025-07-15,2025-12-16,True,True
MOCK03817,DIAB_BLOOD_SUGAR,2025-07-29,,True,False
MOCK03823,DIAB_BLOOD_SUGAR,2025-07-12,2026-05-17,True,False
MOCK03829,DIAB_BLOOD_SUGAR,2025-07-19,2026-03-07,True,False
MOCK03835,DIAB_BLOOD_SUGAR,2025-07-03,2026-05-01,True,False
MOCK03841,DIAB_BLOOD_SUGAR,2025-07-30,,True,False
MOCK03847,DIAB_BLOOD_SUGAR,2025-07-24,,True,False
MOCK03853,DIAB_BLOOD_SUGAR,2025-08-02,,True,True
MOCK03859,DIAB_BLOOD_SUGAR,2025-08-02,,True,False
MOCK03865,DIAB_BLOOD_SUGAR,2025-07-13,,True,False
MOCK03871,DIAB_BLOOD_SUGAR,2025-07-01,,True,False
MOCK03877,DIAB_BLOOD_SUGAR,2025-07-13,,True,True
MOCK03883,DIAB_BLOOD_SUGAR,2025-07-05,2026-05-01,True,False
MOCK03889,DIAB_BLOOD_SUGAR,2025-07-20,,True,False
MOCK03895,DIAB_BLOOD_SUGAR,2025-07-05,,True,False
MOCK03901,DIAB_BLOOD_SUGAR,2025-08-04,,True,False
MOCK03907,DIAB_BLOOD_SUGAR,2025-07-23,,True,False
MOCK03913,DIAB_BLOOD_SUGAR,2025-07-09,,True,True
MOCK03919,DIAB_BLOOD_SUGAR,2025-08-04,,True,False
MOCK03925,DIAB_BLOOD_SUGAR,2025-07-30,2025-11-06,True,True
MOCK03931,DIAB_BLOOD_SUGAR,2025-07-17,2026-01-01,True,False
MOCK03937,DIAB_BLOOD_SUGAR,2025-07-05,,True,False
MOCK03943,DIAB_BLOOD_SUGAR,2025-07-13,,True,True
MOCK03949,DIAB_BLOOD_SUGAR,2025-07-22,2025-12-13,True,True
MOCK03955,DIAB_BLOOD_SUGAR,2025-07-29,2025-11-21,True,False
MOCK03961,DIAB_BLOOD_SUGAR,2025-07-10,,True,False
MOCK03967,DIAB_BLOOD_SUGAR,2025-07-28,,True,False
MOCK03973,DIAB_BLOOD_SUGAR,2025-07-11,,True,True
MOCK03979,DIAB_BLOOD_SUGAR,2025-07-09,,True,False
MOCK03985,DIAB_BLOOD_SUGAR,2025-07-17,,True,True
MOCK03991,DIAB_BLOOD_SUGAR,2025-07-06,,True,True
MOCK03997,DIAB_BLOOD_SUGAR,2025-07-15,2026-02-02,True,False
MOCK04003,DIAB_BLOOD_SUGAR,2025-07-13,,True,True
MOCK04009,DIAB_BLOOD_SUGAR,2025-07-10,,True,False
MOCK04015,DIAB_BLOOD_SUGAR,2025-07-30,,True,True
MOCK04021,DIAB_BLOOD_SUGAR,2025-07-12,2026-03-19,True,True
MOCK04027,DIAB_BLOOD_SUGAR,2025-07-27,,True,False
MOCK04033,DIAB_BLOOD_SUGAR,2025-07-28,,True,True
MOCK04039,DIAB_BLOOD_SUGAR,2025-07-25,2026-01-10,True,True
MOCK04045,DIAB_BLOOD_SUGAR,2025-07-10,,True,True
MOCK04051,DIAB_BLOOD_SUGAR,2025-08-01,,True,True
MOCK04057,DIAB_BLOOD_SUGAR,2025-07-09,2026-01-14,True,False
MOCK04063,DIAB_BLOOD_SUGAR,2025-07-10,,True,True
MOCK04069,DIAB_BLOOD_SUGAR,2025-08-03,,True,False
MOCK04075,DIAB_BLOOD_SUGAR,2025-07-13,,True,False
MOCK04081,DIAB_BLOOD_SUGAR,2025-07-27,,True,False
MOCK04087,DIAB_BLOOD_SUGAR,2025-07-01,,True,False
MOCK04093,DIAB_BLOOD_SUGAR,2025-07-23,2026-05-12,True,False
MOCK04099,DIAB_BLOOD_SUGAR,2025-08-02,,True,False
MOCK04105,DIAB_BLOOD_SUGAR,2025-07-27,2026-01-12,True,True
MOCK04111,DIAB_BLOOD_SUGAR,2025-07-22,2026-05-04,True,False
MOCK04117,DIAB_BLOOD_SUGAR,2025-08-02,,True,True
MOCK04123,DIAB_BLOOD_SUGAR,2025-07-11,,True,False
MOCK04129,DIAB_BLOOD_SUGAR,2025-07-14,2026-01-01,True,False
MOCK04135,DIAB_BLOOD_SUGAR,2025-07-02,2025-11-29,True,True
MOCK04141,DIAB_BLOOD_SUGAR,2025-07-27,2026-01-24,True,True
MOCK04147,DIAB_BLOOD_SUGAR,2025-07-28,,True,True
MOCK04153,DIAB_BLOOD_SUGAR,2025-07-29,,True,True
MOCK04159,DIAB_BLOOD_SUGAR,2025-07-29,2025-11-21,True,False
MOCK04165,DIAB_BLOOD_SUGAR,2025-07-04,,True,True
MOCK04171,DIAB_BLOOD_SUGAR,2025-07-25,,True,False
MOCK04177,DIAB_BLOOD_SUGAR,2025-07-29,2025-11-25,True,False
MOCK04183,DIAB_BLOOD_SUGAR,2025-07-07,,True,True
MOCK04189,DIAB_BLOOD_SUGAR,2025-07-18,,True,True
MOCK04195,DIAB_BLOOD_SUGAR,2025-08-04,2026-04-22,True,True
MOCK04201,DIAB_BLOOD_SUGAR,2025-07-16,2026-03-08,True,False
MOCK04207,DIAB_BLOOD_SUGAR,2025-07-29,,True,True
MOCK04213,DIAB_BLOOD_SUGAR,2025-07-20,,True,True
MOCK04219,DIAB_BLOOD_SUGAR,2025-07-25,2025-11-17,True,False
MOCK04225,DIAB_BLOOD_SUGAR,2025-07-24,,True,False
MOCK04231,DIAB_BLOOD_SUGAR,2025-07-25,2025-11-14,True,True
MOCK04237,DIAB_BLOOD_SUGAR,2025-07-30,,True,False
MOCK04243,DIAB_BLOOD_SUGAR,2025-08-04,,True,False
MOCK04249,DIAB_BLOOD_SUGAR,2025-07-11,,True,False
MOCK04255,DIAB_BLOOD_SUGAR,2025-08-05,,True,True
MOCK04261,DIAB_BLOOD_SUGAR,2025-07-24,,True,False
MOCK04267,DIAB_BLOOD_SUGAR,2025-07-23,,True,True
MOCK04273,DIAB_BLOOD_SUGAR,2025-07-12,,True,False
MOCK04279,DIAB_BLOOD_SUGAR,2025-07-16,2026-04-24,True,True
MOCK04285,DIAB_BLOOD_SUGAR,2025-07-25,2026-05-25,True,False
MOCK04291,DIAB_BLOOD_SUGAR,2025-07-14,,True,False
MOCK04297,DIAB_BLOOD_SUGAR,2025-07-11,,True,False
MOCK04303,DIAB_BLOOD_SUGAR,2025-07-31,,True,False
MOCK04309,DIAB_BLOOD_SUGAR,2025-07-16,,True,True
MOCK04315,DIAB_BLOOD_SUGAR,2025-07-25,,True,True
MOCK04321,DIAB_BLOOD_SUGAR,2025-07-01,,True,False
MOCK04327,DIAB_BLOOD_SUGAR,2025-07-03,2025-11-21,True,True
MOCK04333,DIAB_BLOOD_SUGAR,2025-08-02,,True,True
MOCK04339,DIAB_BLOOD_SUGAR,2025-07-05,,True,False
MOCK04345,DIAB_BLOOD_SUGAR,2025-07-31,,True,True
MOCK04351,DIAB_BLOOD_SUGAR,2025-08-04,,True,True
MOCK04357,DIAB_BLOOD_SUGAR,2025-07-18,,True,False
MOCK04363,DIAB_BLOOD_SUGAR,2025-08-03,,True,False
MOCK04369,DIAB_BLOOD_SUGAR,2025-07-16,,True,False
MOCK04375,DIAB_BLOOD_SUGAR,2025-08-06,2026-03-10,True,True
MOCK04381,DIAB_BLOOD_SUGAR,2025-07-09,,True,False
MOCK04387,DIAB_BLOOD_SUGAR,2025-07-16,2025-12-03,True,False
MOCK04393,DIAB_BLOOD_SUGAR,2025-07-15,,True,True
MOCK04399,DIAB_BLOOD_SUGAR,2025-07-30,2025-11-03,True,False
MOCK04405,DIAB_BLOOD_SUGAR,2025-07-01,,True,False
MOCK04411,DIAB_BLOOD_SUGAR,2025-08-01,,True,False
MOCK04417,DIAB_BLOOD_SUGAR,2025-06-30,2025-12-15,True,True
MOCK04423,DIAB_BLOOD_SUGAR,2025-07-12,,True,False
MOCK04429,DIAB_BLOOD_SUGAR,2025-07-23,,True,True
MOCK04435,DIAB_BLOOD_SUGAR,2025-07-05,,True,True
MOCK04441,DIAB_BLOOD_SUGAR,2025-07-19,2025-11-07,True,True
MOCK04447,DIAB_BLOOD_SUGAR,2025-08-07,,True,False
MOCK04453,DIAB_BLOOD_SUGAR,2025-08-01,2025-11-07,True,True
MOCK04459,DIAB_BLOOD_SUGAR,2025-07-01,2026-03-05,True,False
MOCK04465,DIAB_BLOOD_SUGAR,2025-07-23,2026-05-18,True,False
MOCK04471,DIAB_BLOOD_SUGAR,2025-07-23,,True,True
MOCK04477,DIAB_BLOOD_SUGAR,2025-07-02,2026-02-21,True,False
MOCK04483,DIAB_BLOOD_SUGAR,2025-07-25,,True,False
MOCK04489,DIAB_BLOOD_SUGAR,2025-07-20,2026-02-18,True,True
MOCK04495,DIAB_BLOOD_SUGAR,2025-07-26,,True,False
MOCK04501,DIAB_BLOOD_SUGAR,2025-07-11,2026-01-07,True,False
MOCK04507,DIAB_BLOOD_SUGAR,2025-07-09,,True,False
MOCK04513,DIAB_BLOOD_SUGAR,2025-07-28,,True,False
MOCK04519,DIAB_BLOOD_SUGAR,2025-07-28,,True,False
MOCK04525,DIAB_BLOOD_SUGAR,2025-07-06,,True,False
MOCK04531,DIAB_BLOOD_SUGAR,2025-07-08,,True,True
MOCK04537,DIAB_BLOOD_SUGAR,2025-07-22,,True,True
MOCK04543,DIAB_BLOOD_SUGAR,2025-08-01,,True,False
MOCK04549,DIAB_BLOOD_SUGAR,2025-07-07,,True,True
MOCK04555,DIAB_BLOOD_SUGAR,2025-07-08,,True,True
MOCK04561,DIAB_BLOOD_SUGAR,2025-07-31,,True,True
MOCK04567,DIAB_BLOOD_SUGAR,2025-07-27,,True,False
MOCK04573,DIAB_BLOOD_SUGAR,2025-08-04,,True,False
MOCK04579,DIAB_BLOOD_SUGAR,2025-07-30,,True,True
MOCK04585,DIAB_BLOOD_SUGAR,2025-08-06,,True,True
MOCK04591,DIAB_BLOOD_SUGAR,2025-07-07,2026-01-01,True,True
MOCK04597,DIAB_BLOOD_SUGAR,2025-07-10,,True,True
MOCK04603,DIAB_BLOOD_SUGAR,2025-07-09,,True,False
MOCK04609,DIAB_BLOOD_SUGAR,2025-07-02,,True,True
MOCK04615,DIAB_BLOOD_SUGAR,2025-07-30,,True,False
MOCK04621,DIAB_BLOOD_SUGAR,2025-07-25,2025-11-30,True,True
MOCK04627,DIAB_BLOOD_SUGAR,2025-07-03,2026-01-07,True,True
MOCK04633,DIAB_BLOOD_SUGAR,2025-07-07,2025-12-31,True,False
MOCK04639,DIAB_BLOOD_SUGAR,2025-07-07,2026-01-14,True,True
MOCK04645,DIAB_BLOOD_SUGAR,2025-07-15,2026-05-12,True,True
MOCK04651,DIAB_BLOOD_SUGAR,2025-07-17,,True,True
MOCK04657,DIAB_BLOOD_SUGAR,2025-07-11,2025-11-29,True,False
MOCK04663,DIAB_BLOOD_SUGAR,2025-08-05,,True,True
MOCK04669,DIAB_BLOOD_SUGAR,2025-07-08,2025-12-27,True,False
MOCK04675,DIAB_BLOOD_SUGAR,2025-07-21,,True,False
MOCK04681,DIAB_BLOOD_SUGAR,2025-07-17,,True,False
MOCK04687,DIAB_BLOOD_SUGAR,2025-07-15,,True,False
MOCK04693,DIAB_BLOOD_SUGAR,2025-08-01,,True,False
MOCK04699,DIAB_BLOOD_SUGAR,2025-08-07,,True,False
MOCK04705,DIAB_BLOOD_SUGAR,2025-06-30,,True,False
MOCK04711,DIAB_BLOOD_SUGAR,2025-07-18,,True,False
MOCK04717,DIAB_BLOOD_SUGAR,2025-07-04,,True,False
MOCK04723,DIAB_BLOOD_SUGAR,2025-07-16,2026-05-18,True,True
MOCK04729,DIAB_BLOOD_SUGAR,2025-07-24,2026-05-23,True,False
MOCK04735,DIAB_BLOOD_SUGAR,2025-07-16,,True,True
MOCK04741,DIAB_BLOOD_SUGAR,2025-07-12,,True,False
MOCK04747,DIAB_BLOOD_SUGAR,2025-07-12,,True,True
MOCK04753,DIAB_BLOOD_SUGAR,2025-07-11,,True,True
MOCK04759,DIAB_BLOOD_SUGAR,2025-07-12,,True,True
MOCK04765,DIAB_BLOOD_SUGAR,2025-07-14,,True,True
MOCK04771,DIAB_BLOOD_SUGAR,2025-07-26,,True,True
MOCK04777,DIAB_BLOOD_SUGAR,2025-07-03,2026-05-09,True,True
MOCK04783,DIAB_BLOOD_SUGAR,2025-07-01,,True,False
MOCK04789,DIAB_BLOOD_SUGAR,2025-07-20,,True,True
MOCK04795,DIAB_BLOOD_SUGAR,2025-07-26,,True,False
MOCK04801,DIAB_BLOOD_SUGAR,2025-07-10,2026-03-04,True,False
MOCK04807,DIAB_BLOOD_SUGAR,2025-07-07,,True,True
MOCK04813,DIAB_BLOOD_SUGAR,2025-07-24,,True,True
MOCK04819,DIAB_BLOOD_SUGAR,2025-07-14,2026-05-15,True,True
MOCK04825,DIAB_BLOOD_SUGAR,2025-07-28,,True,True
MOCK04831,DIAB_BLOOD_SUGAR,2025-07-05,,True,False
MOCK04837,DIAB_BLOOD_SUGAR,2025-07-04,2026-01-11,True,False
MOCK04843,DIAB_BLOOD_SUGAR,2025-07-21,2026-05-03,True,False
MOCK04849,DIAB_BLOOD_SUGAR,2025-07-15,,True,True
MOCK04855,DIAB_BLOOD_SUGAR,2025-07-28,2026-05-21,True,False
MOCK04861,DIAB_BLOOD_SUGAR,2025-07-19,,True,True
MOCK04867,DIAB_BLOOD_SUGAR,2025-07-13,,True,False
MOCK04873,DIAB_BLOOD_SUGAR,2025-07-06,2026-01-18,True,False
MOCK04879,DIAB_BLOOD_SUGAR,2025-07-06,,True,True
MOCK04885,DIAB_BLOOD_SUGAR,2025-07-29,2025-12-21,True,False
MOCK04891,DIAB_BLOOD_SUGAR,2025-07-08,2026-05-23,True,False
MOCK04897,DIAB_BLOOD_SUGAR,2025-07-19,,True,False
MOCK04903,DIAB_BLOOD_SUGAR,2025-07-31,2026-05-24,True,True
MOCK04909,DIAB_BLOOD_SUGAR,2025-08-04,,True,False
MOCK04915,DIAB_BLOOD_SUGAR,2025-07-10,,True,True
MOCK04921,DIAB_BLOOD_SUGAR,2025-07-04,,True,True
MOCK04927,DIAB_BLOOD_SUGAR,2025-07-30,,True,False
MOCK04933,DIAB_BLOOD_SUGAR,2025-07-26,2026-03-15,True,True
MOCK04939,DIAB_BLOOD_SUGAR,2025-07-12,,True,True
MOCK04945,DIAB_BLOOD_SUGAR,2025-07-23,,True,False
MOCK04951,DIAB_BLOOD_SUGAR,2025-07-07,2026-02-27,True,True
MOCK04957,DIAB_BLOOD_SUGAR,2025-07-27,,True,False
MOCK04963,DIAB_BLOOD_SUGAR,2025-07-28,,True,False
MOCK04969,DIAB_BLOOD_SUGAR,2025-07-11,,True,True
MOCK04975,DIAB_BLOOD_SUGAR,2025-07-18,,True,False
MOCK04981,DIAB_BLOOD_SUGAR,2025-07-13,,True,False
MOCK04987,DIAB_BLOOD_SUGAR,2025-07-01,2025-11-25,True,False
MOCK04993,DIAB_BLOOD_SUGAR,2025-07-04,2026-02-23,True,False
MOCK04999,DIAB_BLOOD_SUGAR,2025-08-06,2026-04-03,True,False
MOCK05005,DIAB_BLOOD_SUGAR,2025-07-17,2026-05-24,True,False
MOCK05011,DIAB_BLOOD_SUGAR,2025-07-05,,True,True
MOCK05017,DIAB_BLOOD_SUGAR,2025-07-01,,True,True
MOCK05023,DIAB_BLOOD_SUGAR,2025-07-13,2025-11-14,True,False
MOCK05029,DIAB_BLOOD_SUGAR,2025-08-07,,True,False
MOCK05035,DIAB_BLOOD_SUGAR,2025-07-15,,True,False
MOCK05041,DIAB_BLOOD_SUGAR,2025-08-07,2025-12-25,True,True
MOCK05047,DIAB_BLOOD_SUGAR,2025-07-19,2026-04-09,True,False
MOCK05053,DIAB_BLOOD_SUGAR,2025-07-29,,True,True
MOCK05059,DIAB_BLOOD_SUGAR,2025-07-30,,True,True
MOCK05065,DIAB_BLOOD_SUGAR,2025-07-01,,True,False
MOCK05071,DIAB_BLOOD_SUGAR,2025-06-30,,True,True
MOCK05077,DIAB_BLOOD_SUGAR,2025-08-04,,True,False
MOCK05083,DIAB_BLOOD_SUGAR,2025-08-05,,True,True
MOCK05089,DIAB_BLOOD_SUGAR,2025-07-05,,True,False
MOCK05095,DIAB_BLOOD_SUGAR,2025-07-25,,True,False
MOCK05101,DIAB_BLOOD_SUGAR,2025-08-05,,True,True
MOCK05107,DIAB_BLOOD_SUGAR,2025-08-06,,True,False
MOCK05113,DIAB_BLOOD_SUGAR,2025-07-11,,True,False
MOCK05119,DIAB_BLOOD_SUGAR,2025-07-31,,True,True
MOCK05125,DIAB_BLOOD_SUGAR,2025-07-25,,True,False
MOCK05131,DIAB_BLOOD_SUGAR,2025-08-05,,True,False
MOCK05137,DIAB_BLOOD_SUGAR,2025-07-05,,True,True
MOCK05143,DIAB_BLOOD_SUGAR,2025-07-23,,True,False
MOCK05149,DIAB_BLOOD_SUGAR,2025-06-30,,True,True
MOCK05155,DIAB_BLOOD_SUGAR,2025-07-13,,True,True
MOCK05161,DIAB_BLOOD_SUGAR,2025-06-30,,True,True
MOCK05167,DIAB_BLOOD_SUGAR,2025-07-17,2025-12-21,True,False
MOCK05173,DIAB_BLOOD_SUGAR,2025-07-31,,True,False
MOCK05179,DIAB_BLOOD_SUGAR,2025-07-25,2025-11-25,True,True
MOCK05185,DIAB_BLOOD_SUGAR,2025-07-12,,True,True
MOCK05191,DIAB_BLOOD_SUGAR,2025-07-16,,True,True
MOCK05197,DIAB_BLOOD_SUGAR,2025-07-14,2026-01-18,True,False
MOCK05203,DIAB_BLOOD_SUGAR,2025-07-28,2026-02-13,True,True
MOCK05209,DIAB_BLOOD_SUGAR,2025-07-10,2025-12-10,True,True
MOCK05215,DIAB_BLOOD_SUGAR,2025-07-03,,True,True
MOCK05221,DIAB_BLOOD_SUGAR,2025-07-19,,True,False
MOCK05227,DIAB_BLOOD_SUGAR,2025-08-01,,True,False
MOCK05233,DIAB_BLOOD_SUGAR,2025-07-18,,True,False
MOCK05239,DIAB_BLOOD_SUGAR,2025-07-07,,True,True
MOCK05245,DIAB_BLOOD_SUGAR,2025-07-01,,True,False
MOCK05251,DIAB_BLOOD_SUGAR,2025-08-05,2026-02-05,True,False
MOCK05257,DIAB_BLOOD_SUGAR,2025-07-29,,True,False
MOCK05263,DIAB_BLOOD_SUGAR,2025-07-06,,True,True
MOCK05269,DIAB_BLOOD_SUGAR,2025-07-02,,True,True
MOCK05275,DIAB_BLOOD_SUGAR,2025-07-05,,True,False
MOCK05281,DIAB_BLOOD_SUGAR,2025-07-14,,True,True
MOCK05287,DIAB_BLOOD_SUGAR,2025-07-31,,True,False
MOCK05293,DIAB_BLOOD_SUGAR,2025-07-06,,True,True
MOCK05299,DIAB_BLOOD_SUGAR,2025-07-31,,True,True
MOCK05305,DIAB_BLOOD_SUGAR,2025-06-30,,True,False
MOCK05311,DIAB_BLOOD_SUGAR,2025-07-28,2026-05-12,True,True
MOCK05317,DIAB_BLOOD_SUGAR,2025-07-11,2025-12-12,True,True
MOCK05323,DIAB_BLOOD_SUGAR,2025-08-06,,True,False
MOCK05329,DIAB_BLOOD_SUGAR,2025-07-18,2026-03-22,True,True
MOCK05335,DIAB_BLOOD_SUGAR,2025-07-10,2026-01-22,True,False
MOCK05341,DIAB_BLOOD_SUGAR,2025-07-09,2026-01-12,True,True
MOCK05347,DIAB_BLOOD_SUGAR,2025-08-01,,True,False
MOCK05353,DIAB_BLOOD_SUGAR,2025-07-15,2025-12-20,True,False
MOCK05359,DIAB_BLOOD_SUGAR,2025-07-13,2026-05-12,True,True
MOCK05365,DIAB_BLOOD_SUGAR,2025-07-28,,True,False
MOCK05371,DIAB_BLOOD_SUGAR,2025-07-20,2026-05-01,True,False
MOCK05377,DIAB_BLOOD_SUGAR,2025-07-25,2025-11-03,True,False
MOCK05383,DIAB_BLOOD_SUGAR,2025-07-17,,True,True
MOCK05389,DIAB_BLOOD_SUGAR,2025-07-02,,True,False
MOCK05395,DIAB_BLOOD_SUGAR,2025-06-30,,True,False
MOCK05401,DIAB_BLOOD_SUGAR,2025-07-01,,True,False
MOCK05407,DIAB_BLOOD_SUGAR,2025-07-22,,True,False
MOCK05413,DIAB_BLOOD_SUGAR,2025-07-20,,True,False
MOCK05419,DIAB_BLOOD_SUGAR,2025-07-29,,True,False
MOCK05425,DIAB_BLOOD_SUGAR,2025-08-03,2026-04-14,True,False
MOCK05431,DIAB_BLOOD_SUGAR,2025-07-06,,True,False
MOCK05437,DIAB_BLOOD_SUGAR,2025-08-06,,True,False
MOCK05443,DIAB_BLOOD_SUGAR,2025-08-05,2026-02-19,True,True
MOCK05449,DIAB_BLOOD_SUGAR,2025-07-24,,True,False
MOCK05455,DIAB_BLOOD_SUGAR,2025-07-20,,True,True
MOCK05461,DIAB_BLOOD_SUGAR,2025-07-06,,True,False
MOCK05467,DIAB_BLOOD_SUGAR,2025-07-06,,True,False
MOCK05473,DIAB_BLOOD_SUGAR,2025-06-30,,True,False
MOCK05479,DIAB_BLOOD_SUGAR,2025-07-25,2026-04-22,True,True
MOCK05485,DIAB_BLOOD_SUGAR,2025-07-16,2026-05-14,True,False
MOCK05491,DIAB_BLOOD_SUGAR,2025-07-07,,True,True
MOCK05497,DIAB_BLOOD_SUGAR,2025-07-05,,True,False
MOCK05503,DIAB_BLOOD_SUGAR,2025-07-02,,True,False
MOCK05509,DIAB_BLOOD_SUGAR,2025-07-24,,True,False
MOCK05515,DIAB_BLOOD_SUGAR,2025-07-26,,True,True
MOCK05521,DIAB_BLOOD_SUGAR,2025-07-24,2026-02-27,True,False
MOCK05527,DIAB_BLOOD_SUGAR,2025-07-04,2025-11-30,True,False
MOCK05533,DIAB_BLOOD_SUGAR,2025-07-01,2025-12-06,True,False
MOCK05539,DIAB_BLOOD_SUGAR,2025-07-04,2026-03-20,True,False
MOCK05545,DIAB_BLOOD_SUGAR,2025-07-29,2025-11-10,True,False
MOCK05551,DIAB_BLOOD_SUGAR,2025-07-28,2026-05-14,True,True
MOCK05557,DIAB_BLOOD_SUGAR,2025-07-11,,True,True
MOCK05563,DIAB_BLOOD_SUGAR,2025-07-02,,True,False
MOCK05569,DIAB_BLOOD_SUGAR,2025-07-12,2026-03-04,True,False
MOCK05575,DIAB_BLOOD_SUGAR,2025-07-31,,True,True
MOCK05581,DIAB_BLOOD_SUGAR,2025-07-05,2026-01-13,True,False
MOCK05587,DIAB_BLOOD_SUGAR,2025-07-31,2025-11-11,True,True
MOCK05593,DIAB_BLOOD_SUGAR,2025-07-18,2026-05-15,True,True
MOCK05599,DIAB_BLOOD_SUGAR,2025-07-05,,True,False
MOCK05605,DIAB_BLOOD_SUGAR,2025-08-05,,True,False
MOCK05611,DIAB_BLOOD_SUGAR,2025-07-20,2025-12-12,True,False
MOCK05617,DIAB_BLOOD_SUGAR,2025-07-26,2026-03-07,True,True
MOCK05623,DIAB_BLOOD_SUGAR,2025-07-03,,True,False
MOCK05629,DIAB_BLOOD_SUGAR,2025-07-14,2026-03-08,True,False
MOCK05635,DIAB_BLOOD_SUGAR,2025-07-24,2026-02-25,True,False
MOCK05641,DIAB_BLOOD_SUGAR,2025-07-25,,True,True
MOCK05647,DIAB_BLOOD_SUGAR,2025-07-02,2026-04-17,True,False
MOCK05653,DIAB_BLOOD_SUGAR,2025-07-23,,True,True
MOCK05659,DIAB_BLOOD_SUGAR,2025-08-05,,True,False
MOCK05665,DIAB_BLOOD_SUGAR,2025-07-30,,True,False
MOCK05671,DIAB_BLOOD_SUGAR,2025-07-08,2026-04-20,True,True
MOCK05677,DIAB_BLOOD_SUGAR,2025-08-04,2026-02-23,True,True
MOCK05683,DIAB_BLOOD_SUGAR,2025-07-26,,True,False
MOCK05689,DIAB_BLOOD_SUGAR,2025-07-02,,True,False
MOCK05695,DIAB_BLOOD_SUGAR,2025-07-05,2026-01-30,True,True
MOCK05701,DIAB_BLOOD_SUGAR,2025-08-04,,True,True
MOCK05707,DIAB_BLOOD_SUGAR,2025-07-08,,True,False
MOCK05713,DIAB_BLOOD_SUGAR,2025-07-03,,True,True
MOCK05719,DIAB_BLOOD_SUGAR,2025-07-17,,True,False
MOCK05725,DIAB_BLOOD_SUGAR,2025-07-20,2026-02-26,True,False
MOCK05731,DIAB_BLOOD_SUGAR,2025-07-22,,True,True
MOCK05737,DIAB_BLOOD_SUGAR,2025-07-25,,True,False
MOCK05743,DIAB_BLOOD_SUGAR,2025-08-07,2025-11-01,True,False
MOCK05749,DIAB_BLOOD_SUGAR,2025-07-29,,True,False
MOCK05755,DIAB_BLOOD_SUGAR,2025-07-01,,True,False
MOCK05761,DIAB_BLOOD_SUGAR,2025-07-03,,True,True
MOCK05767,DIAB_BLOOD_SUGAR,2025-06-30,,True,True
MOCK05773,DIAB_BLOOD_SUGAR,2025-07-15,,True,False
MOCK05779,DIAB_BLOOD_SUGAR,2025-07-13,,True,False
MOCK05785,DIAB_BLOOD_SUGAR,2025-08-05,2025-12-10,True,True
MOCK05791,DIAB_BLOOD_SUGAR,2025-07-14,,True,True
MOCK05797,DIAB_BLOOD_SUGAR,2025-07-01,,True,False
MOCK05803,DIAB_BLOOD_SUGAR,2025-08-03,,True,True
MOCK05809,DIAB_BLOOD_SUGAR,2025-07-10,,True,False
MOCK05815,DIAB_BLOOD_SUGAR,2025-08-04,,True,False
MOCK05821,DIAB_BLOOD_SUGAR,2025-07-30,,True,True
MOCK05827,DIAB_BLOOD_SUGAR,2025-08-03,,True,False
MOCK05833,DIAB_BLOOD_SUGAR,2025-07-31,,True,True
MOCK05839,DIAB_BLOOD_SUGAR,2025-07-05,,True,False
MOCK05845,DIAB_BLOOD_SUGAR,2025-07-24,,True,False
MOCK05851,DIAB_BLOOD_SUGAR,2025-07-16,,True,False
MOCK05857,DIAB_BLOOD_SUGAR,2025-07-24,,True,False
MOCK05863,DIAB_BLOOD_SUGAR,2025-07-29,,True,False
MOCK05869,DIAB_BLOOD_SUGAR,2025-07-19,2026-05-24,True,False
MOCK05875,DIAB_BLOOD_SUGAR,2025-07-12,,True,False
MOCK05881,DIAB_BLOOD_SUGAR,2025-08-04,2026-02-25,True,True
MOCK05887,DIAB_BLOOD_SUGAR,2025-07-25,,True,False
MOCK05893,DIAB_BLOOD_SUGAR,2025-08-03,2026-02-10,True,False
MOCK05899,DIAB_BLOOD_SUGAR,2025-07-09,,True,True
MOCK05905,DIAB_BLOOD_SUGAR,2025-08-01,2026-01-11,True,False
MOCK05911,DIAB_BLOOD_SUGAR,2025-07-12,,True,False
MOCK05917,DIAB_BLOOD_SUGAR,2025-07-17,2025-11-12,True,False
MOCK05923,DIAB_BLOOD_SUGAR,2025-08-02,2026-04-03,True,True
MOCK05929,DIAB_BLOOD_SUGAR,2025-07-13,,True,False
MOCK05935,DIAB_BLOOD_SUGAR,2025-07-09,,True,False
MOCK05941,DIAB_BLOOD_SUGAR,2025-08-04,,True,True
MOCK05947,DIAB_BLOOD_SUGAR,2025-08-06,,True,False
MOCK05953,DIAB_BLOOD_SUGAR,2025-07-12,,True,False
MOCK05959,DIAB_BLOOD_SUGAR,2025-07-11,,True,True
MOCK05965,DIAB_BLOOD_SUGAR,2025-07-08,2026-04-17,True,False
MOCK05971,DIAB_BLOOD_SUGAR,2025-06-30,,True,True
MOCK05977,DIAB_BLOOD_SUGAR,2025-07-21,2025-10-29,True,False
MOCK05983,DIAB_BLOOD_SUGAR,2025-07-09,,True,False
MOCK05989,DIAB_BLOOD_SUGAR,2025-08-02,,True,False
MOCK05995,DIAB_BLOOD_SUGAR,2025-07-06,,True,False
MOCK06001,DIAB_BLOOD_SUGAR,2025-07-24,,True,True
MOCK06007,DIAB_BLOOD_SUGAR,2025-07-19,,True,True
MOCK06013,DIAB_BLOOD_SUGAR,2025-07-23,,True,False
MOCK06019,DIAB_BLOOD_SUGAR,2025-07-04,,True,True
MOCK06025,DIAB_BLOOD_SUGAR,2025-07-18,,True,True
MOCK06031,DIAB_BLOOD_SUGAR,2025-07-24,,True,True
MOCK06037,DIAB_BLOOD_SUGAR,2025-07-13,,True,False
MOCK06043,DIAB_BLOOD_SUGAR,2025-08-03,,True,False
MOCK06049,DIAB_BLOOD_SUGAR,2025-07-20,2026-05-18,True,True
MOCK06055,DIAB_BLOOD_SUGAR,2025-07-14,,True,True
MOCK06061,DIAB_BLOOD_SUGAR,2025-07-01,,True,True
MOCK06067,DIAB_BLOOD_SUGAR,2025-07-06,,True,True
MOCK06073,DIAB_BLOOD_SUGAR,2025-07-18,,True,True
MOCK06079,DIAB_BLOOD_SUGAR,2025-07-15,,True,False
MOCK06085,DIAB_BLOOD_SUGAR,2025-08-02,,True,False
MOCK06091,DIAB_BLOOD_SUGAR,2025-07-30,,True,True
MOCK06097,DIAB_BLOOD_SUGAR,2025-07-06,,True,False
MOCK06103,DIAB_BLOOD_SUGAR,2025-07-23,,True,False
MOCK06109,DIAB_BLOOD_SUGAR,2025-07-17,2025-11-21,True,True
MOCK06115,DIAB_BLOOD_SUGAR,2025-07-03,,True,True
MOCK06121,DIAB_BLOOD_SUGAR,2025-07-25,,True,False
MOCK06127,DIAB_BLOOD_SUGAR,2025-07-20,,True,True
MOCK06133,DIAB_BLOOD_SUGAR,2025-07-03,,True,False
MOCK06139,DIAB_BLOOD_SUGAR,2025-07-18,2026-03-11,True,False
MOCK06145,DIAB_BLOOD_SUGAR,2025-07-28,2026-04-30,True,False
MOCK06151,DIAB_BLOOD_SUGAR,2025-07-12,2026-02-06,True,True
MOCK06157,DIAB_BLOOD_SUGAR,2025-07-13,2026-01-26,True,True
MOCK06163,DIAB_BLOOD_SUGAR,2025-07-04,,True,False
MOCK06169,DIAB_BLOOD_SUGAR,2025-07-07,,True,False
MOCK06175,DIAB_BLOOD_SUGAR,2025-08-07,2026-01-30,True,True
MOCK06181,DIAB_BLOOD_SUGAR,2025-07-24,,True,False
MOCK06187,DIAB_BLOOD_SUGAR,2025-07-06,2026-01-20,True,True
MOCK06193,DIAB_BLOOD_SUGAR,2025-07-18,,True,False
MOCK06199,DIAB_BLOOD_SUGAR,2025-07-07,,True,False
MOCK06205,DIAB_BLOOD_SUGAR,2025-07-17,2026-01-29,True,False
MOCK06211,DIAB_BLOOD_SUGAR,2025-07-05,,True,False
MOCK06217,DIAB_BLOOD_SUGAR,2025-07-24,2026-03-05,True,False
MOCK06223,DIAB_BLOOD_SUGAR,2025-07-22,,True,False
MOCK06229,DIAB_BLOOD_SUGAR,2025-07-24,,True,True
MOCK06235,DIAB_BLOOD_SUGAR,2025-07-17,,True,False
MOCK06241,DIAB_BLOOD_SUGAR,2025-07-11,,True,True
MOCK06247,DIAB_BLOOD_SUGAR,2025-07-09,,True,True
MOCK06253,DIAB_BLOOD_SUGAR,2025-07-08,2026-03-21,True,False
MOCK06259,DIAB_BLOOD_SUGAR,2025-07-16,2026-05-09,True,True
MOCK06265,DIAB_BLOOD_SUGAR,2025-07-17,,True,True
MOCK06271,DIAB_BLOOD_SUGAR,2025-07-26,2025-12-12,True,False
MOCK06277,DIAB_BLOOD_SUGAR,2025-07-02,2026-02-06,True,True
MOCK06283,DIAB_BLOOD_SUGAR,2025-07-10,2026-03-12,True,False
MOCK06289,DIAB_BLOOD_SUGAR,2025-08-02,,True,True
MOCK06295,DIAB_BLOOD_SUGAR,2025-08-04,,True,False
MOCK06301,DIAB_BLOOD_SUGAR,2025-08-05,,True,False
MOCK06307,DIAB_BLOOD_SUGAR,2025-07-11,2026-02-25,True,True
MOCK06313,DIAB_BLOOD_SUGAR,2025-07-05,,True,False
MOCK06319,DIAB_BLOOD_SUGAR,2025-07-07,2025-11-24,True,True
MOCK06325,DIAB_BLOOD_SUGAR,2025-07-05,2026-01-26,True,True
MOCK06331,DIAB_BLOOD_SUGAR,2025-08-06,,True,True
MOCK06337,DIAB_BLOOD_SUGAR,2025-08-03,,True,True
MOCK06343,DIAB_BLOOD_SUGAR,2025-07-31,2026-04-30,True,True
MOCK06349,DIAB_BLOOD_SUGAR,2025-07-28,2026-05-15,True,False
MOCK06355,DIAB_BLOOD_SUGAR,2025-07-13,,True,False
MOCK06361,DIAB_BLOOD_SUGAR,2025-07-18,,True,False
MOCK06367,DIAB_BLOOD_SUGAR,2025-08-01,,True,False
MOCK06373,DIAB_BLOOD_SUGAR,2025-07-31,,True,True
MOCK06379,DIAB_BLOOD_SUGAR,2025-07-20,,True,True
MOCK06385,DIAB_BLOOD_SUGAR,2025-08-01,,True,True
MOCK06391,DIAB_BLOOD_SUGAR,2025-07-13,,True,False
MOCK06397,DIAB_BLOOD_SUGAR,2025-07-16,,True,False
MOCK06403,DIAB_BLOOD_SUGAR,2025-08-01,2025-11-19,True,True
MOCK06409,DIAB_BLOOD_SUGAR,2025-07-14,,True,True
MOCK06415,DIAB_BLOOD_SUGAR,2025-07-29,,True,True
MOCK06421,DIAB_BLOOD_SUGAR,2025-07-17,2026-03-18,True,False
MOCK06427,DIAB_BLOOD_SUGAR,2025-07-11,2026-04-24,True,False
MOCK06433,DIAB_BLOOD_SUGAR,2025-07-08,,True,False
MOCK06439,DIAB_BLOOD_SUGAR,2025-07-23,,True,False
MOCK06445,DIAB_BLOOD_SUGAR,2025-07-18,2025-11-05,True,True
MOCK06451,DIAB_BLOOD_SUGAR,2025-07-14,2025-12-25,True,True
MOCK06457,DIAB_BLOOD_SUGAR,2025-07-28,,True,False
MOCK06463,DIAB_BLOOD_SUGAR,2025-06-30,2026-05-19,True,False
MOCK06469,DIAB_BLOOD_SUGAR,2025-07-03,2026-03-30,True,True
MOCK06475,DIAB_BLOOD_SUGAR,2025-08-06,,True,True
MOCK06481,DIAB_BLOOD_SUGAR,2025-07-25,,True,True
MOCK06487,DIAB_BLOOD_SUGAR,2025-07-21,,True,True
MOCK06493,DIAB_BLOOD_SUGAR,2025-06-30,,True,True
MOCK06499,DIAB_BLOOD_SUGAR,2025-07-23,,True,True
MOCK06505,DIAB_BLOOD_SUGAR,2025-07-16,,True,False
MOCK06511,DIAB_BLOOD_SUGAR,2025-07-23,,True,False
MOCK06517,DIAB_BLOOD_SUGAR,2025-07-01,,True,False
MOCK06523,DIAB_BLOOD_SUGAR,2025-07-21,,True,False
MOCK06529,DIAB_BLOOD_SUGAR,2025-07-22,2025-11-11,True,False
MOCK06535,DIAB_BLOOD_SUGAR,2025-07-11,,True,False
MOCK06541,DIAB_BLOOD_SUGAR,2025-07-02,2026-03-25,True,True
MOCK06547,DIAB_BLOOD_SUGAR,2025-08-06,,True,True
MOCK06553,DIAB_BLOOD_SUGAR,2025-07-27,,True,True
MOCK06559,DIAB_BLOOD_SUGAR,2025-07-24,,True,False
MOCK06565,DIAB_BLOOD_SUGAR,2025-07-29,,True,True
MOCK06571,DIAB_BLOOD_SUGAR,2025-07-26,,True,True
MOCK06577,DIAB_BLOOD_SUGAR,2025-07-05,,True,False
MOCK06583,DIAB_BLOOD_SUGAR,2025-07-17,,True,False
MOCK06589,DIAB_BLOOD_SUGAR,2025-08-03,,True,False
MOCK06595,DIAB_BLOOD_SUGAR,2025-07-11,,True,False
MOCK06601,DIAB_BLOOD_SUGAR,2025-08-06,,True,False
MOCK06607,DIAB_BLOOD_SUGAR,2025-07-02,2026-02-22,True,False
MOCK06613,DIAB_BLOOD_SUGAR,2025-07-12,,True,True
MOCK06619,DIAB_BLOOD_SUGAR,2025-07-13,2026-04-17,True,False
MOCK06625,DIAB_BLOOD_SUGAR,2025-07-24,,True,False
MOCK06631,DIAB_BLOOD_SUGAR,2025-07-06,2026-04-05,True,True
MOCK06637,DIAB_BLOOD_SUGAR,2025-07-08,,True,False
MOCK06643,DIAB_BLOOD_SUGAR,2025-07-25,,True,False
MOCK06649,DIAB_BLOOD_SUGAR,2025-07-11,2026-03-13,True,False
MOCK06655,DIAB_BLOOD_SUGAR,2025-08-03,,True,False
MOCK06661,DIAB_BLOOD_SUGAR,2025-08-02,,True,True
MOCK06667,DIAB_BLOOD_SUGAR,2025-07-11,,True,True
MOCK06673,DIAB_BLOOD_SUGAR,2025-07-21,,True,True
MOCK06679,DIAB_BLOOD_SUGAR,2025-07-12,,True,False
MOCK06685,DIAB_BLOOD_SUGAR,2025-07-13,2026-02-21,True,False
MOCK06691,DIAB_BLOOD_SUGAR,2025-07-26,,True,False
MOCK06697,DIAB_BLOOD_SUGAR,2025-07-11,2025-11-01,True,False
MOCK06703,DIAB_BLOOD_SUGAR,2025-07-05,2026-04-06,True,False
MOCK06709,DIAB_BLOOD_SUGAR,2025-07-10,,True,True
MOCK06715,DIAB_BLOOD_SUGAR,2025-08-05,2026-03-03,True,True
MOCK06721,DIAB_BLOOD_SUGAR,2025-07-10,,True,False
MOCK06727,DIAB_BLOOD_SUGAR,2025-07-14,2026-04-19,True,False
MOCK06733,DIAB_BLOOD_SUGAR,2025-07-24,,True,True
MOCK06739,DIAB_BLOOD_SUGAR,2025-07-03,,True,False
MOCK06745,DIAB_BLOOD_SUGAR,2025-07-10,,True,False
MOCK06751,DIAB_BLOOD_SUGAR,2025-07-06,2026-03-10,True,True
MOCK06757,DIAB_BLOOD_SUGAR,2025-08-05,,True,False
MOCK06763,DIAB_BLOOD_SUGAR,2025-08-05,,True,False
MOCK06769,DIAB_BLOOD_SUGAR,2025-07-29,,True,False
MOCK06775,DIAB_BLOOD_SUGAR,2025-07-09,,True,True
MOCK06781,DIAB_BLOOD_SUGAR,2025-07-24,2025-12-05,True,True
MOCK06787,DIAB_BLOOD_SUGAR,2025-07-25,2025-11-07,True,True
MOCK06793,DIAB_BLOOD_SUGAR,2025-08-02,,True,False
MOCK06799,DIAB_BLOOD_SUGAR,2025-07-06,,True,False
MOCK06805,DIAB_BLOOD_SUGAR,2025-07-28,,True,False
MOCK06811,DIAB_BLOOD_SUGAR,2025-07-07,,True,False
MOCK06817,DIAB_BLOOD_SUGAR,2025-07-22,2025-11-23,True,True
MOCK06823,DIAB_BLOOD_SUGAR,2025-08-03,2026-01-24,True,False
MOCK06829,DIAB_BLOOD_SUGAR,2025-07-02,,True,True
MOCK06835,DIAB_BLOOD_SUGAR,2025-07-05,,True,True
MOCK06841,DIAB_BLOOD_SUGAR,2025-07-31,2026-03-16,True,False
MOCK06847,DIAB_BLOOD_SUGAR,2025-06-30,,True,False
MOCK06853,DIAB_BLOOD_SUGAR,2025-07-26,,True,False
MOCK06859,DIAB_BLOOD_SUGAR,2025-07-19,,True,False
MOCK06865,DIAB_BLOOD_SUGAR,2025-07-13,,True,True
MOCK06871,DIAB_BLOOD_SUGAR,2025-08-02,2026-05-17,True,True
MOCK06877,DIAB_BLOOD_SUGAR,2025-08-02,,True,True
MOCK06883,DIAB_BLOOD_SUGAR,2025-07-12,,True,False
MOCK06889,DIAB_BLOOD_SUGAR,2025-06-30,,True,False
MOCK06895,DIAB_BLOOD_SUGAR,2025-07-04,,True,True
MOCK06901,DIAB_BLOOD_SUGAR,2025-07-04,,True,False
MOCK06907,DIAB_BLOOD_SUGAR,2025-08-07,,True,False
MOCK06913,DIAB_BLOOD_SUGAR,2025-07-23,2026-02-19,True,False
MOCK06919,DIAB_BLOOD_SUGAR,2025-07-26,,True,True
MOCK06925,DIAB_BLOOD_SUGAR,2025-07-09,,True,True
MOCK06931,DIAB_BLOOD_SUGAR,2025-08-02,2026-02-26,True,False
MOCK06937,DIAB_BLOOD_SUGAR,2025-07-28,2026-03-31,True,False
MOCK06943,DIAB_BLOOD_SUGAR,2025-07-29,2026-04-28,True,True
MOCK06949,DIAB_BLOOD_SUGAR,2025-07-18,,True,True
MOCK06955,DIAB_BLOOD_SUGAR,2025-07-27,,True,False
MOCK06961,DIAB_BLOOD_SUGAR,2025-07-21,,True,False
MOCK06967,DIAB_BLOOD_SUGAR,2025-07-14,2026-04-23,True,True
MOCK06973,DIAB_BLOOD_SUGAR,2025-07-23,2026-03-17,True,False
MOCK06979,DIAB_BLOOD_SUGAR,2025-07-12,2026-03-28,True,False
MOCK06985,DIAB_BLOOD_SUGAR,2025-08-06,,True,True
MOCK06991,DIAB_BLOOD_SUGAR,2025-07-27,,True,True
MOCK06997,DIAB_BLOOD_SUGAR,2025-07-28,,True,False
MOCK07003,DIAB_BLOOD_SUGAR,2025-07-27,,True,False
MOCK07009,DIAB_BLOOD_SUGAR,2025-07-17,,True,True
MOCK07015,DIAB_BLOOD_SUGAR,2025-08-06,,True,False
MOCK07021,DIAB_BLOOD_SUGAR,2025-07-08,,True,False
MOCK07027,DIAB_BLOOD_SUGAR,2025-07-22,,True,False
MOCK07033,DIAB_BLOOD_SUGAR,2025-07-02,,True,True
MOCK07039,DIAB_BLOOD_SUGAR,2025-07-11,,True,True
MOCK07045,DIAB_BLOOD_SUGAR,2025-07-22,,True,True
MOCK07051,DIAB_BLOOD_SUGAR,2025-07-19,,True,False
MOCK07057,DIAB_BLOOD_SUGAR,2025-08-05,2026-02-27,True,False
MOCK07063,DIAB_BLOOD_SUGAR,2025-07-23,2026-04-29,True,False
MOCK07069,DIAB_BLOOD_SUGAR,2025-07-16,,True,True
MOCK07075,DIAB_BLOOD_SUGAR,2025-07-16,,True,False
MOCK07081,DIAB_BLOOD_SUGAR,2025-07-23,2026-03-15,True,False
MOCK07087,DIAB_BLOOD_SUGAR,2025-07-30,,True,False
MOCK07093,DIAB_BLOOD_SUGAR,2025-07-10,,True,True
MOCK07099,DIAB_BLOOD_SUGAR,2025-07-22,2025-10-29,True,False
MOCK07105,DIAB_BLOOD_SUGAR,2025-07-22,2025-11-22,True,True
MOCK07111,DIAB_BLOOD_SUGAR,2025-06-30,,True,True
MOCK07117,DIAB_BLOOD_SUGAR,2025-08-04,,True,False
MOCK07123,DIAB_BLOOD_SUGAR,2025-07-22,,True,True
MOCK07129,DIAB_BLOOD_SUGAR,2025-07-09,2026-05-09,True,True
MOCK07135,DIAB_BLOOD_SUGAR,2025-07-24,,True,False
MOCK07141,DIAB_BLOOD_SUGAR,2025-07-26,,True,True
MOCK07147,DIAB_BLOOD_SUGAR,2025-08-04,2025-11-30,True,False
MOCK07153,DIAB_BLOOD_SUGAR,2025-07-01,,True,False
MOCK07159,DIAB_BLOOD_SUGAR,2025-07-16,2026-03-28,True,False
MOCK07165,DIAB_BLOOD_SUGAR,2025-07-07,2025-12-24,True,True
MOCK07171,DIAB_BLOOD_SUGAR,2025-07-22,2025-11-24,True,False
MOCK07177,DIAB_BLOOD_SUGAR,2025-07-19,,True,False
MOCK07183,DIAB_BLOOD_SUGAR,2025-07-18,,True,True
MOCK07189,DIAB_BLOOD_SUGAR,2025-08-07,,True,False
MOCK07195,DIAB_BLOOD_SUGAR,2025-07-20,,True,False
MOCK07201,DIAB_BLOOD_SUGAR,2025-07-16,,True,True
MOCK07207,DIAB_BLOOD_SUGAR,2025-07-02,,True,True
MOCK07213,DIAB_BLOOD_SUGAR,2025-07-11,,True,False
MOCK07219,DIAB_BLOOD_SUGAR,2025-08-03,2025-12-23,True,False
MOCK07225,DIAB_BLOOD_SUGAR,2025-07-17,,True,False
MOCK07231,DIAB_BLOOD_SUGAR,2025-08-04,,True,True
MOCK07237,DIAB_BLOOD_SUGAR,2025-07-20,2026-04-24,True,True
MOCK07243,DIAB_BLOOD_SUGAR,2025-07-21,,True,False
MOCK07249,DIAB_BLOOD_SUGAR,2025-07-16,,True,False
MOCK07255,DIAB_BLOOD_SUGAR,2025-07-21,,True,True
MOCK07261,DIAB_BLOOD_SUGAR,2025-07-02,,True,False
MOCK07267,DIAB_BLOOD_SUGAR,2025-07-02,2026-01-08,True,True
MOCK07273,DIAB_BLOOD_SUGAR,2025-07-18,,True,True
MOCK07279,DIAB_BLOOD_SUGAR,2025-07-23,,True,False
MOCK07285,DIAB_BLOOD_SUGAR,2025-07-21,,True,True
MOCK07291,DIAB_BLOOD_SUGAR,2025-07-16,2026-03-09,True,False
MOCK07297,DIAB_BLOOD_SUGAR,2025-07-11,,True,True
MOCK07303,DIAB_BLOOD_SUGAR,2025-07-27,,True,False
MOCK07309,DIAB_BLOOD_SUGAR,2025-07-23,,True,True
MOCK07315,DIAB_BLOOD_SUGAR,2025-07-01,,True,False
MOCK07321,DIAB_BLOOD_SUGAR,2025-07-17,,True,False
MOCK07327,DIAB_BLOOD_SUGAR,2025-07-27,,True,True
MOCK07333,DIAB_BLOOD_SUGAR,2025-07-30,,True,True
MOCK07339,DIAB_BLOOD_SUGAR,2025-07-11,,True,False
MOCK07345,DIAB_BLOOD_SUGAR,2025-08-05,,True,True
MOCK07351,DIAB_BLOOD_SUGAR,2025-07-25,,True,False
MOCK07357,DIAB_BLOOD_SUGAR,2025-07-17,2026-02-07,True,False
MOCK07363,DIAB_BLOOD_SUGAR,2025-07-24,,True,False
MOCK07369,DIAB_BLOOD_SUGAR,2025-08-02,,True,True
MOCK07375,DIAB_BLOOD_SUGAR,2025-07-08,,True,True
MOCK07381,DIAB_BLOOD_SUGAR,2025-07-05,,True,True
MOCK07387,DIAB_BLOOD_SUGAR,2025-07-17,,True,True
MOCK07393,DIAB_BLOOD_SUGAR,2025-07-03,,True,True
MOCK07399,DIAB_BLOOD_SUGAR,2025-08-01,,True,False
MOCK07405,DIAB_BLOOD_SUGAR,2025-08-06,,True,True
MOCK07411,DIAB_BLOOD_SUGAR,2025-07-23,,True,True
MOCK07417,DIAB_BLOOD_SUGAR,2025-08-07,,True,True
MOCK07423,DIAB_BLOOD_SUGAR,2025-07-02,2026-01-28,True,True
MOCK07429,DIAB_BLOOD_SUGAR,2025-07-24,,True,False
MOCK07435,DIAB_BLOOD_SUGAR,2025-07-17,2026-01-23,True,True
MOCK07441,DIAB_BLOOD_SUGAR,2025-07-10,2026-02-08,True,False
MOCK07447,DIAB_BLOOD_SUGAR,2025-07-12,,True,False
MOCK07453,DIAB_BLOOD_SUGAR,2025-07-21,,True,True
MOCK07459,DIAB_BLOOD_SUGAR,2025-07-25,,True,False
MOCK07465,DIAB_BLOOD_SUGAR,2025-07-06,,True,True
MOCK07471,DIAB_BLOOD_SUGAR,2025-07-23,,True,True
MOCK07477,DIAB_BLOOD_SUGAR,2025-08-05,2026-01-04,True,False
MOCK07483,DIAB_BLOOD_SUGAR,2025-06-30,,True,False
MOCK07489,DIAB_BLOOD_SUGAR,2025-08-03,2025-11-07,True,True
MOCK07495,DIAB_BLOOD_SUGAR,2025-07-23,,True,False
MOCK07501,DIAB_BLOOD_SUGAR,2025-07-13,2025-12-23,True,True
MOCK07507,DIAB_BLOOD_SUGAR,2025-07-28,2025-12-04,True,False
MOCK07513,DIAB_BLOOD_SUGAR,2025-07-24,2026-02-16,True,False
MOCK07519,DIAB_BLOOD_SUGAR,2025-07-29,,True,True
MOCK07525,DIAB_BLOOD_SUGAR,2025-07-03,2025-10-30,True,False
MOCK07531,DIAB_BLOOD_SUGAR,2025-07-02,2026-01-29,True,False
MOCK07537,DIAB_BLOOD_SUGAR,2025-07-25,2026-02-21,True,True
MOCK07543,DIAB_BLOOD_SUGAR,2025-07-11,,True,False
MOCK07549,DIAB_BLOOD_SUGAR,2025-07-09,2026-05-24,True,False
MOCK07555,DIAB_BLOOD_SUGAR,2025-07-16,,True,True
MOCK07561,DIAB_BLOOD_SUGAR,2025-07-28,,True,False
MOCK07567,DIAB_BLOOD_SUGAR,2025-07-07,2026-01-01,True,False
MOCK07573,DIAB_BLOOD_SUGAR,2025-08-06,2025-11-26,True,False
MOCK07579,DIAB_BLOOD_SUGAR,2025-07-16,,True,True
MOCK07585,DIAB_BLOOD_SUGAR,2025-07-05,2026-02-25,True,False
MOCK07591,DIAB_BLOOD_SUGAR,2025-07-02,,True,False
MOCK07597,DIAB_BLOOD_SUGAR,2025-08-02,,True,False
MOCK07603,DIAB_BLOOD_SUGAR,2025-07-04,,True,True
MOCK07609,DIAB_BLOOD_SUGAR,2025-07-16,,True,False
MOCK07615,DIAB_BLOOD_SUGAR,2025-07-26,,True,False
MOCK07621,DIAB_BLOOD_SUGAR,2025-07-20,,True,True
MOCK07627,DIAB_BLOOD_SUGAR,2025-07-10,,True,True
MOCK07633,DIAB_BLOOD_SUGAR,2025-07-04,,True,False
MOCK07639,DIAB_BLOOD_SUGAR,2025-07-27,,True,False
MOCK07645,DIAB_BLOOD_SUGAR,2025-07-19,,True,False
MOCK07651,DIAB_BLOOD_SUGAR,2025-07-01,2026-05-01,True,True
MOCK07657,DIAB_BLOOD_SUGAR,2025-07-07,,True,False
MOCK07663,DIAB_BLOOD_SUGAR,2025-07-21,2026-04-11,True,True
MOCK07669,DIAB_BLOOD_SUGAR,2025-07-06,,True,False
MOCK07675,DIAB_BLOOD_SUGAR,2025-07-15,2026-01-03,True,True
MOCK07681,DIAB_BLOOD_SUGAR,2025-07-04,,True,True
MOCK07687,DIAB_BLOOD_SUGAR,2025-07-31,2026-02-27,True,False
MOCK07693,DIAB_BLOOD_SUGAR,2025-07-24,2026-03-25,True,False
MOCK07699,DIAB_BLOOD_SUGAR,2025-07-30,,True,True
MOCK07705,DIAB_BLOOD_SUGAR,2025-07-02,2026-05-12,True,True
MOCK07711,DIAB_BLOOD_SUGAR,2025-07-14,,True,False
MOCK07717,DIAB_BLOOD_SUGAR,2025-07-10,,True,False
MOCK07723,DIAB_BLOOD_SUGAR,2025-07-24,2026-05-13,True,True
MOCK07729,DIAB_BLOOD_SUGAR,2025-08-01,2025-12-14,True,False
MOCK07735,DIAB_BLOOD_SUGAR,2025-07-08,2025-12-16,True,True
MOCK07741,DIAB_BLOOD_SUGAR,2025-07-30,2026-02-15,True,False
MOCK07747,DIAB_BLOOD_SUGAR,2025-07-22,,True,True
MOCK07753,DIAB_BLOOD_SUGAR,2025-08-01,2025-12-18,True,True
MOCK07759,DIAB_BLOOD_SUGAR,2025-07-03,2026-05-11,True,False
MOCK07765,DIAB_BLOOD_SUGAR,2025-08-07,2026-02-03,True,True
MOCK07771,DIAB_BLOOD_SUGAR,2025-07-16,2026-02-14,True,False
MOCK07777,DIAB_BLOOD_SUGAR,2025-07-10,2025-12-22,True,True
MOCK07783,DIAB_BLOOD_SUGAR,2025-07-07,,True,True
MOCK07789,DIAB_BLOOD_SUGAR,2025-08-07,,True,False
MOCK07795,DIAB_BLOOD_SUGAR,2025-08-03,,True,False
MOCK07801,DIAB_BLOOD_SUGAR,2025-07-05,,True,True
MOCK07807,DIAB_BLOOD_SUGAR,2025-07-17,,True,False
MOCK07813,DIAB_BLOOD_SUGAR,2025-07-28,,True,True
MOCK07819,DIAB_BLOOD_SUGAR,2025-07-23,,True,False
MOCK07825,DIAB_BLOOD_SUGAR,2025-07-07,,True,True
MOCK07831,DIAB_BLOOD_SUGAR,2025-07-14,2026-01-29,True,False
MOCK07837,DIAB_BLOOD_SUGAR,2025-07-14,2026-02-06,True,True
MOCK07843,DIAB_BLOOD_SUGAR,2025-07-11,,True,False
MOCK07849,DIAB_BLOOD_SUGAR,2025-08-06,,True,False
MOCK07855,DIAB_BLOOD_SUGAR,2025-07-07,,True,False
MOCK07861,DIAB_BLOOD_SUGAR,2025-07-27,,True,True
MOCK07867,DIAB_BLOOD_SUGAR,2025-08-04,,True,True
MOCK07873,DIAB_BLOOD_SUGAR,2025-07-30,2025-12-14,True,True
MOCK07879,DIAB_BLOOD_SUGAR,2025-07-31,2026-03-08,True,False
MOCK07885,DIAB_BLOOD_SUGAR,2025-07-06,2026-03-06,True,True
MOCK07891,DIAB_BLOOD_SUGAR,2025-07-05,2026-04-03,True,False
MOCK07897,DIAB_BLOOD_SUGAR,2025-07-30,,True,True
MOCK07903,DIAB_BLOOD_SUGAR,2025-07-29,,True,False
MOCK07909,DIAB_BLOOD_SUGAR,2025-07-28,,True,False
MOCK07915,DIAB_BLOOD_SUGAR,2025-07-16,2026-04-26,True,False
MOCK07921,DIAB_BLOOD_SUGAR,2025-07-20,,True,False
MOCK07927,DIAB_BLOOD_SUGAR,2025-06-30,2025-11-24,True,False
MOCK07933,DIAB_BLOOD_SUGAR,2025-07-11,,True,False
MOCK07939,DIAB_BLOOD_SUGAR,2025-07-20,,True,False
MOCK07945,DIAB_BLOOD_SUGAR,2025-07-04,,True,False
MOCK07951,DIAB_BLOOD_SUGAR,2025-07-05,2026-01-17,True,True
MOCK07957,DIAB_BLOOD_SUGAR,2025-07-01,,True,True
MOCK07963,DIAB_BLOOD_SUGAR,2025-07-08,,True,False
MOCK07969,DIAB_BLOOD_SUGAR,2025-08-07,,True,False
MOCK07975,DIAB_BLOOD_SUGAR,2025-07-27,2025-11-03,True,True
MOCK07981,DIAB_BLOOD_SUGAR,2025-08-05,,True,True
MOCK07987,DIAB_BLOOD_SUGAR,2025-07-10,,True,False
MOCK07993,DIAB_BLOOD_SUGAR,2025-07-23,,True,True
MOCK07999,DIAB_BLOOD_SUGAR,2025-08-03,,True,False
MOCK08005,DIAB_BLOOD_SUGAR,2025-07-13,,True,False
MOCK08011,DIAB_BLOOD_SUGAR,2025-07-25,,True,True
MOCK08017,DIAB_BLOOD_SUGAR,2025-07-27,2025-12-14,True,True
MOCK08023,DIAB_BLOOD_SUGAR,2025-08-01,2025-12-02,True,True
MOCK08029,DIAB_BLOOD_SUGAR,2025-08-06,2025-11-27,True,True
MOCK08035,DIAB_BLOOD_SUGAR,2025-07-23,,True,False
MOCK08041,DIAB_BLOOD_SUGAR,2025-07-22,,True,False
MOCK08047,DIAB_BLOOD_SUGAR,2025-08-02,2025-11-19,True,False
MOCK08053,DIAB_BLOOD_SUGAR,2025-07-26,2026-01-21,True,True
MOCK08059,DIAB_BLOOD_SUGAR,2025-07-14,2025-11-18,True,False
MOCK08065,DIAB_BLOOD_SUGAR,2025-07-24,2026-03-26,True,True
MOCK08071,DIAB_BLOOD_SUGAR,2025-07-21,,True,False
MOCK08077,DIAB_BLOOD_SUGAR,2025-07-08,2026-02-05,True,True
MOCK08083,DIAB_BLOOD_SUGAR,2025-07-20,,True,False
MOCK08089,DIAB_BLOOD_SUGAR,2025-07-24,,True,False
MOCK08095,DIAB_BLOOD_SUGAR,2025-08-04,,True,True
MOCK08101,DIAB_BLOOD_SUGAR,2025-07-22,,True,False
MOCK08107,DIAB_BLOOD_SUGAR,2025-07-06,,True,True
MOCK08113,DIAB_BLOOD_SUGAR,2025-08-07,,True,True
MOCK08119,DIAB_BLOOD_SUGAR,2025-07-22,,True,False
MOCK08125,DIAB_BLOOD_SUGAR,2025-07-11,,True,False
MOCK08131,DIAB_BLOOD_SUGAR,2025-07-29,,True,True
MOCK08137,DIAB_BLOOD_SUGAR,2025-07-15,,True,True
MOCK08143,DIAB_BLOOD_SUGAR,2025-07-14,,True,True
MOCK08149,DIAB_BLOOD_SUGAR,2025-08-01,,True,False
MOCK08155,DIAB_BLOOD_SUGAR,2025-08-02,2026-05-13,True,False
MOCK08161,DIAB_BLOOD_SUGAR,2025-07-20,2025-11-11,True,True
MOCK08167,DIAB_BLOOD_SUGAR,2025-07-14,,True,True
MOCK08173,DIAB_BLOOD_SUGAR,2025-08-02,,True,False
MOCK08179,DIAB_BLOOD_SUGAR,2025-07-06,,True,False
MOCK08185,DIAB_BLOOD_SUGAR,2025-07-29,,True,True
MOCK08191,DIAB_BLOOD_SUGAR,2025-07-22,2026-02-19,True,False
MOCK08197,DIAB_BLOOD_SUGAR,2025-08-02,,True,True
MOCK08203,DIAB_BLOOD_SUGAR,2025-07-16,,True,True
MOCK08209,DIAB_BLOOD_SUGAR,2025-08-01,,True,False
MOCK08215,DIAB_BLOOD_SUGAR,2025-06-30,,True,False
MOCK08221,DIAB_BLOOD_SUGAR,2025-07-29,2025-12-12,True,True
MOCK08227,DIAB_BLOOD_SUGAR,2025-07-02,,True,False
MOCK08233,DIAB_BLOOD_SUGAR,2025-07-25,,True,False
MOCK08239,DIAB_BLOOD_SUGAR,2025-07-07,,True,False
MOCK08245,DIAB_BLOOD_SUGAR,2025-08-06,,True,False
MOCK08251,DIAB_BLOOD_SUGAR,2025-07-30,2026-02-05,True,False
MOCK08257,DIAB_BLOOD_SUGAR,2025-07-04,2026-01-21,True,False
MOCK08263,DIAB_BLOOD_SUGAR,2025-08-03,,True,True
MOCK08269,DIAB_BLOOD_SUGAR,2025-07-09,,True,False
MOCK08275,DIAB_BLOOD_SUGAR,2025-07-21,,True,True
MOCK08281,DIAB_BLOOD_SUGAR,2025-07-03,2026-03-25,True,False
MOCK08287,DIAB_BLOOD_SUGAR,2025-07-04,2026-04-27,True,True
MOCK08293,DIAB_BLOOD_SUGAR,2025-07-09,2025-12-18,True,True
MOCK08299,DIAB_BLOOD_SUGAR,2025-07-20,,True,False
MOCK08305,DIAB_BLOOD_SUGAR,2025-07-21,,True,True
MOCK08311,DIAB_BLOOD_SUGAR,2025-08-02,2025-11-09,True,True
MOCK08317,DIAB_BLOOD_SUGAR,2025-07-06,,True,True
MOCK08323,DIAB_BLOOD_SUGAR,2025-07-29,2025-11-05,True,False
MOCK08329,DIAB_BLOOD_SUGAR,2025-06-30,,True,True
MOCK08335,DIAB_BLOOD_SUGAR,2025-07-11,2026-02-07,True,True
MOCK08341,DIAB_BLOOD_SUGAR,2025-07-06,,True,False
MOCK08347,DIAB_BLOOD_SUGAR,2025-07-04,,True,False
MOCK08353,DIAB_BLOOD_SUGAR,2025-07-22,2026-01-29,True,False
MOCK08359,DIAB_BLOOD_SUGAR,2025-08-04,,True,True
MOCK08365,DIAB_BLOOD_SUGAR,2025-07-26,,True,False
MOCK08371,DIAB_BLOOD_SUGAR,2025-08-02,2026-05-14,True,False
MOCK08377,DIAB_BLOOD_SUGAR,2025-07-23,,True,False
MOCK08383,DIAB_BLOOD_SUGAR,2025-07-02,,True,False
MOCK08389,DIAB_BLOOD_SUGAR,2025-07-13,,True,True
MOCK08395,DIAB_BLOOD_SUGAR,2025-08-01,,True,False
MOCK08401,DIAB_BLOOD_SUGAR,2025-07-01,2026-03-07,True,False
MOCK08407,DIAB_BLOOD_SUGAR,2025-07-03,2025-12-01,True,True
MOCK08413,DIAB_BLOOD_SUGAR,2025-08-01,,True,True
MOCK08419,DIAB_BLOOD_SUGAR,2025-07-02,,True,True
MOCK08425,DIAB_BLOOD_SUGAR,2025-08-06,,True,False
MOCK08431,DIAB_BLOOD_SUGAR,2025-07-29,2025-11-18,True,True
MOCK08437,DIAB_BLOOD_SUGAR,2025-07-25,,True,False
MOCK08443,DIAB_BLOOD_SUGAR,2025-07-20,,True,False
MOCK08449,DIAB_BLOOD_SUGAR,2025-07-03,,True,True
MOCK08455,DIAB_BLOOD_SUGAR,2025-07-16,2026-02-22,True,True
MOCK08461,DIAB_BLOOD_SUGAR,2025-07-31,,True,True
MOCK08467,DIAB_BLOOD_SUGAR,2025-08-04,,True,True
MOCK08473,DIAB_BLOOD_SUGAR,2025-07-17,,True,False
MOCK08479,DIAB_BLOOD_SUGAR,2025-08-01,,True,False
MOCK08485,DIAB_BLOOD_SUGAR,2025-07-30,2026-04-24,True,False
MOCK08491,DIAB_BLOOD_SUGAR,2025-07-02,,True,False
MOCK08497,DIAB_BLOOD_SUGAR,2025-07-24,,True,True
MOCK08503,DIAB_BLOOD_SUGAR,2025-07-24,2026-01-07,True,False
MOCK08509,DIAB_BLOOD_SUGAR,2025-07-21,2025-11-26,True,False
MOCK08515,DIAB_BLOOD_SUGAR,2025-07-30,,True,False
MOCK08521,DIAB_BLOOD_SUGAR,2025-08-03,,True,True
MOCK08527,DIAB_BLOOD_SUGAR,2025-07-21,,True,True
MOCK08533,DIAB_BLOOD_SUGAR,2025-07-12,2026-04-18,True,False
MOCK08539,DIAB_BLOOD_SUGAR,2025-08-07,2025-11-21,True,False
MOCK08545,DIAB_BLOOD_SUGAR,2025-08-06,,True,True
MOCK08551,DIAB_BLOOD_SUGAR,2025-07-26,,True,True
MOCK08557,DIAB_BLOOD_SUGAR,2025-07-24,,True,False
MOCK08563,DIAB_BLOOD_SUGAR,2025-07-04,,True,False
MOCK08569,DIAB_BLOOD_SUGAR,2025-07-15,,True,False
MOCK08575,DIAB_BLOOD_SUGAR,2025-07-07,,True,True
MOCK08581,DIAB_BLOOD_SUGAR,2025-07-20,,True,True
MOCK08587,DIAB_BLOOD_SUGAR,2025-08-01,,True,False
MOCK08593,DIAB_BLOOD_SUGAR,2025-07-08,,True,False
MOCK08599,DIAB_BLOOD_SUGAR,2025-08-07,2025-11-07,True,True
MOCK08605,DIAB_BLOOD_SUGAR,2025-07-05,2026-05-16,True,False
MOCK08611,DIAB_BLOOD_SUGAR,2025-07-03,,True,True
MOCK08617,DIAB_BLOOD_SUGAR,2025-08-07,,True,False
MOCK08623,DIAB_BLOOD_SUGAR,2025-07-03,,True,True
MOCK08629,DIAB_BLOOD_SUGAR,2025-07-28,,True,False
MOCK08635,DIAB_BLOOD_SUGAR,2025-07-29,2026-04-23,True,False
MOCK08641,DIAB_BLOOD_SUGAR,2025-07-12,,True,True
MOCK08647,DIAB_BLOOD_SUGAR,2025-07-02,2025-12-19,True,True
MOCK08653,DIAB_BLOOD_SUGAR,2025-07-12,,True,True
MOCK08659,DIAB_BLOOD_SUGAR,2025-07-02,,True,True
MOCK08665,DIAB_BLOOD_SUGAR,2025-07-26,,True,False
MOCK08671,DIAB_BLOOD_SUGAR,2025-08-03,,True,False
MOCK08677,DIAB_BLOOD_SUGAR,2025-08-07,,True,True
MOCK08683,DIAB_BLOOD_SUGAR,2025-07-31,2026-02-24,True,False
MOCK08689,DIAB_BLOOD_SUGAR,2025-07-30,,True,True
MOCK08695,DIAB_BLOOD_SUGAR,2025-08-03,,True,False
MOCK08701,DIAB_BLOOD_SUGAR,2025-07-30,,True,False
MOCK08707,DIAB_BLOOD_SUGAR,2025-07-25,2025-11-12,True,True
MOCK08713,DIAB_BLOOD_SUGAR,2025-08-07,2026-01-14,True,False
MOCK08719,DIAB_BLOOD_SUGAR,2025-07-12,2026-02-25,True,False
MOCK08725,DIAB_BLOOD_SUGAR,2025-07-16,2025-11-08,True,True
MOCK08731,DIAB_BLOOD_SUGAR,2025-08-04,,True,False
MOCK08737,DIAB_BLOOD_SUGAR,2025-07-12,,True,True
MOCK08743,DIAB_BLOOD_SUGAR,2025-07-11,,True,True
MOCK08749,DIAB_BLOOD_SUGAR,2025-07-05,,True,False
MOCK08755,DIAB_BLOOD_SUGAR,2025-07-10,2026-01-12,True,True
MOCK08761,DIAB_BLOOD_SUGAR,2025-07-23,,True,True
MOCK08767,DIAB_BLOOD_SUGAR,2025-08-03,2026-03-19,True,True
MOCK08773,DIAB_BLOOD_SUGAR,2025-07-05,,True,True
MOCK08779,DIAB_BLOOD_SUGAR,2025-07-26,2026-03-19,True,True
MOCK08785,DIAB_BLOOD_SUGAR,2025-07-29,,True,True
MOCK08791,DIAB_BLOOD_SUGAR,2025-08-03,2026-03-27,True,False
MOCK08797,DIAB_BLOOD_SUGAR,2025-07-29,,True,False
MOCK08803,DIAB_BLOOD_SUGAR,2025-07-06,,True,False
MOCK08809,DIAB_BLOOD_SUGAR,2025-07-19,2026-03-17,True,False
MOCK08815,DIAB_BLOOD_SUGAR,2025-08-06,,True,True
MOCK08821,DIAB_BLOOD_SUGAR,2025-08-04,2026-02-25,True,False
MOCK08827,DIAB_BLOOD_SUGAR,2025-07-23,,True,False
MOCK08833,DIAB_BLOOD_SUGAR,2025-08-06,,True,False
MOCK08839,DIAB_BLOOD_SUGAR,2025-07-26,,True,False
MOCK08845,DIAB_BLOOD_SUGAR,2025-07-02,,True,True
MOCK08851,DIAB_BLOOD_SUGAR,2025-08-04,,True,True
MOCK08857,DIAB_BLOOD_SUGAR,2025-07-06,2025-12-02,True,False
MOCK08863,DIAB_BLOOD_SUGAR,2025-07-14,,True,False
MOCK08869,DIAB_BLOOD_SUGAR,2025-07-09,2026-02-12,True,False
MOCK08875,DIAB_BLOOD_SUGAR,2025-07-28,,True,False
MOCK08881,DIAB_BLOOD_SUGAR,2025-07-01,,True,True
MOCK08887,DIAB_BLOOD_SUGAR,2025-07-24,,True,True
MOCK08893,DIAB_BLOOD_SUGAR,2025-08-02,,True,False
MOCK08899,DIAB_BLOOD_SUGAR,2025-07-30,2025-11-26,True,True
MOCK08905,DIAB_BLOOD_SUGAR,2025-07-11,2026-05-08,True,False
MOCK08911,DIAB_BLOOD_SUGAR,2025-08-03,,True,False
MOCK08917,DIAB_BLOOD_SUGAR,2025-07-14,,True,True
MOCK08923,DIAB_BLOOD_SUGAR,2025-07-26,2026-01-09,True,True
MOCK08929,DIAB_BLOOD_SUGAR,2025-07-19,,True,False
MOCK08935,DIAB_BLOOD_SUGAR,2025-07-02,2026-01-24,True,False
MOCK08941,DIAB_BLOOD_SUGAR,2025-06-30,,True,False
MOCK08947,DIAB_BLOOD_SUGAR,2025-07-07,2026-03-25,True,True
MOCK08953,DIAB_BLOOD_SUGAR,2025-08-05,,True,True
MOCK08959,DIAB_BLOOD_SUGAR,2025-08-06,,True,True
MOCK08965,DIAB_BLOOD_SUGAR,2025-07-15,2026-01-25,True,True
MOCK08971,DIAB_BLOOD_SUGAR,2025-08-06,,True,True
MOCK08977,DIAB_BLOOD_SUGAR,2025-07-01,2026-05-10,True,False
MOCK08983,DIAB_BLOOD_SUGAR,2025-08-06,,True,True
MOCK08989,DIAB_BLOOD_SUGAR,2025-07-09,,True,False
MOCK08995,DIAB_BLOOD_SUGAR,2025-07-01,2025-11-13,True,False
MOCK09001,DIAB_BLOOD_SUGAR,2025-07-29,,True,False
MOCK09007,DIAB_BLOOD_SUGAR,2025-07-14,2026-03-01,True,False
MOCK09013,DIAB_BLOOD_SUGAR,2025-07-11,,True,True
MOCK09019,DIAB_BLOOD_SUGAR,2025-07-29,2026-05-23,True,False
MOCK09025,DIAB_BLOOD_SUGAR,2025-07-12,,True,True
MOCK09031,DIAB_BLOOD_SUGAR,2025-07-29,,True,True
MOCK09037,DIAB_BLOOD_SUGAR,2025-07-07,2025-12-10,True,False
MOCK09043,DIAB_BLOOD_SUGAR,2025-07-03,,True,True
MOCK09049,DIAB_BLOOD_SUGAR,2025-07-12,2026-02-05,True,True
MOCK09055,DIAB_BLOOD_SUGAR,2025-07-23,,True,False
MOCK09061,DIAB_BLOOD_SUGAR,2025-07-08,,True,False
MOCK09067,DIAB_BLOOD_SUGAR,2025-07-05,2025-12-21,True,True
MOCK09073,DIAB_BLOOD_SUGAR,2025-07-29,2026-02-27,True,True
MOCK09079,DIAB_BLOOD_SUGAR,2025-07-19,2026-03-03,True,True
MOCK09085,DIAB_BLOOD_SUGAR,2025-07-16,,True,False
MOCK09091,DIAB_BLOOD_SUGAR,2025-07-09,,True,False
MOCK09097,DIAB_BLOOD_SUGAR,2025-06-30,,True,True
MOCK09103,DIAB_BLOOD_SUGAR,2025-07-02,,True,False
MOCK09109,DIAB_BLOOD_SUGAR,2025-07-26,,True,False
MOCK09115,DIAB_BLOOD_SUGAR,2025-07-03,2025-11-04,True,False
MOCK09121,DIAB_BLOOD_SUGAR,2025-07-09,,True,False
MOCK09127,DIAB_BLOOD_SUGAR,2025-08-04,2026-04-20,True,False
MOCK09133,DIAB_BLOOD_SUGAR,2025-07-13,2025-12-29,True,False
MOCK09139,DIAB_BLOOD_SUGAR,2025-07-29,2026-03-14,True,False
MOCK09145,DIAB_BLOOD_SUGAR,2025-07-13,,True,True
MOCK09151,DIAB_BLOOD_SUGAR,2025-08-05,,True,True
MOCK09157,DIAB_BLOOD_SUGAR,2025-08-01,2026-02-16,True,True
MOCK09163,DIAB_BLOOD_SUGAR,2025-07-18,,True,False
MOCK09169,DIAB_BLOOD_SUGAR,2025-07-26,,True,True
MOCK09175,DIAB_BLOOD_SUGAR,2025-07-16,2025-11-29,True,False
MOCK09181,DIAB_BLOOD_SUGAR,2025-08-05,,True,True
MOCK09187,DIAB_BLOOD_SUGAR,2025-07-13,,True,False
MOCK09193,DIAB_BLOOD_SUGAR,2025-08-01,2025-12-23,True,True
MOCK09199,DIAB_BLOOD_SUGAR,2025-07-24,2026-05-21,True,False
MOCK09205,DIAB_BLOOD_SUGAR,2025-07-25,,True,True
MOCK09211,DIAB_BLOOD_SUGAR,2025-07-13,2026-01-20,True,False
MOCK09217,DIAB_BLOOD_SUGAR,2025-08-01,2026-04-08,True,False
MOCK09223,DIAB_BLOOD_SUGAR,2025-07-29,,True,True
MOCK09229,DIAB_BLOOD_SUGAR,2025-07-31,,True,False
MOCK09235,DIAB_BLOOD_SUGAR,2025-07-31,2026-05-04,True,False
MOCK09241,DIAB_BLOOD_SUGAR,2025-07-06,2026-02-20,True,False
MOCK09247,DIAB_BLOOD_SUGAR,2025-08-03,,True,False
MOCK09253,DIAB_BLOOD_SUGAR,2025-08-01,,True,False
MOCK09259,DIAB_BLOOD_SUGAR,2025-07-09,2025-11-18,True,False
MOCK09265,DIAB_BLOOD_SUGAR,2025-08-07,,True,False
MOCK09271,DIAB_BLOOD_SUGAR,2025-07-20,,True,False
MOCK09277,DIAB_BLOOD_SUGAR,2025-07-12,,True,False
MOCK09283,DIAB_BLOOD_SUGAR,2025-07-08,,True,True
MOCK09289,DIAB_BLOOD_SUGAR,2025-07-14,,True,True
MOCK09295,DIAB_BLOOD_SUGAR,2025-07-01,,True,False
MOCK09301,DIAB_BLOOD_SUGAR,2025-07-26,,True,False
MOCK09307,DIAB_BLOOD_SUGAR,2025-07-27,,True,False
MOCK09313,DIAB_BLOOD_SUGAR,2025-07-26,,True,False
MOCK09319,DIAB_BLOOD_SUGAR,2025-07-21,,True,False
MOCK09325,DIAB_BLOOD_SUGAR,2025-07-14,,True,True
MOCK09331,DIAB_BLOOD_SUGAR,2025-07-28,,True,False
MOCK09337,DIAB_BLOOD_SUGAR,2025-08-02,,True,True
MOCK09343,DIAB_BLOOD_SUGAR,2025-07-03,2025-12-08,True,False
MOCK09349,DIAB_BLOOD_SUGAR,2025-07-14,,True,False
MOCK09355,DIAB_BLOOD_SUGAR,2025-08-07,,True,True
MOCK09361,DIAB_BLOOD_SUGAR,2025-08-02,,True,False
MOCK09367,DIAB_BLOOD_SUGAR,2025-08-07,2026-03-31,True,False
MOCK09373,DIAB_BLOOD_SUGAR,2025-07-07,,True,True
MOCK09379,DIAB_BLOOD_SUGAR,2025-07-18,,True,False
MOCK09385,DIAB_BLOOD_SUGAR,2025-07-05,,True,False
MOCK09391,DIAB_BLOOD_SUGAR,2025-08-02,,True,False
MOCK09397,DIAB_BLOOD_SUGAR,2025-07-20,,True,True
MOCK09403,DIAB_BLOOD_SUGAR,2025-07-09,,True,True
MOCK09409,DIAB_BLOOD_SUGAR,2025-07-03,,True,False
MOCK09415,DIAB_BLOOD_SUGAR,2025-07-28,,True,True
MOCK09421,DIAB_BLOOD_SUGAR,2025-07-31,,True,True
MOCK09427,DIAB_BLOOD_SUGAR,2025-08-03,,True,False
MOCK09433,DIAB_BLOOD_SUGAR,2025-08-06,2025-12-01,True,False
MOCK09439,DIAB_BLOOD_SUGAR,2025-07-31,,True,False
MOCK09445,DIAB_BLOOD_SUGAR,2025-07-30,,True,False
MOCK09451,DIAB_BLOOD_SUGAR,2025-07-31,,True,True
MOCK09457,DIAB_BLOOD_SUGAR,2025-08-07,,True,True
MOCK09463,DIAB_BLOOD_SUGAR,2025-07-18,,True,False
MOCK09469,DIAB_BLOOD_SUGAR,2025-07-29,2026-03-28,True,True
MOCK09475,DIAB_BLOOD_SUGAR,2025-07-31,2026-03-03,True,True
MOCK09481,DIAB_BLOOD_SUGAR,2025-07-04,,True,False
MOCK09487,DIAB_BLOOD_SUGAR,2025-07-26,2026-01-27,True,True
MOCK09493,DIAB_BLOOD_SUGAR,2025-07-13,,True,False
MOCK09499,DIAB_BLOOD_SUGAR,2025-07-05,,True,False
MOCK09505,DIAB_BLOOD_SUGAR,2025-07-06,2026-05-13,True,False
MOCK09511,DIAB_BLOOD_SUGAR,2025-07-04,,True,True
MOCK09517,DIAB_BLOOD_SUGAR,2025-08-04,,True,True
MOCK09523,DIAB_BLOOD_SUGAR,2025-07-30,,True,False
MOCK09529,DIAB_BLOOD_SUGAR,2025-07-03,2026-04-01,True,False
MOCK09535,DIAB_BLOOD_SUGAR,2025-07-24,2025-12-20,True,False
MOCK09541,DIAB_BLOOD_SUGAR,2025-07-25,,True,True
MOCK09547,DIAB_BLOOD_SUGAR,2025-07-20,2026-05-12,True,False
MOCK09553,DIAB_BLOOD_SUGAR,2025-07-23,,True,True
MOCK09559,DIAB_BLOOD_SUGAR,2025-08-04,,True,True
MOCK09565,DIAB_BLOOD_SUGAR,2025-07-20,2025-11-06,True,True
MOCK09571,DIAB_BLOOD_SUGAR,2025-07-25,,True,True
MOCK09577,DIAB_BLOOD_SUGAR,2025-07-22,,True,True
MOCK09583,DIAB_BLOOD_SUGAR,2025-07-15,,True,True
MOCK09589,DIAB_BLOOD_SUGAR,2025-08-03,,True,False
MOCK09595,DIAB_BLOOD_SUGAR,2025-07-16,2026-05-25,True,False
MOCK09601,DIAB_BLOOD_SUGAR,2025-07-31,2026-03-31,True,True
MOCK09607,DIAB_BLOOD_SUGAR,2025-07-23,2025-11-17,True,True
MOCK09613,DIAB_BLOOD_SUGAR,2025-07-26,2026-05-24,True,False
MOCK09619,DIAB_BLOOD_SUGAR,2025-07-29,,True,True
MOCK09625,DIAB_BLOOD_SUGAR,2025-07-28,2025-10-30,True,True
MOCK09631,DIAB_BLOOD_SUGAR,2025-07-22,2026-02-20,True,False
MOCK09637,DIAB_BLOOD_SUGAR,2025-07-24,2026-05-04,True,False
MOCK09643,DIAB_BLOOD_SUGAR,2025-07-19,2025-11-24,True,False
MOCK09649,DIAB_BLOOD_SUGAR,2025-07-13,,True,True
MOCK09655,DIAB_BLOOD_SUGAR,2025-07-28,,True,True
MOCK09661,DIAB_BLOOD_SUGAR,2025-08-03,,True,True
MOCK09667,DIAB_BLOOD_SUGAR,2025-07-27,,True,False
MOCK09673,DIAB_BLOOD_SUGAR,2025-07-30,2026-04-02,True,True
MOCK09679,DIAB_BLOOD_SUGAR,2025-08-01,,True,True
MOCK09685,DIAB_BLOOD_SUGAR,2025-07-14,,True,True
MOCK09691,DIAB_BLOOD_SUGAR,2025-07-02,,True,False
MOCK09697,DIAB_BLOOD_SUGAR,2025-07-13,,True,True
MOCK09703,DIAB_BLOOD_SUGAR,2025-07-29,,True,True
MOCK09709,DIAB_BLOOD_SUGAR,2025-07-31,,True,False
MOCK09715,DIAB_BLOOD_SUGAR,2025-07-20,2025-12-20,True,False
MOCK09721,DIAB_BLOOD_SUGAR,2025-07-30,,True,False
MOCK09727,DIAB_BLOOD_SUGAR,2025-07-02,,True,False
MOCK09733,DIAB_BLOOD_SUGAR,2025-07-25,2026-03-03,True,True
MOCK09739,DIAB_BLOOD_SUGAR,2025-07-26,,True,False
MOCK09745,DIAB_BLOOD_SUGAR,2025-07-19,,True,True
MOCK09751,DIAB_BLOOD_SUGAR,2025-07-27,2026-05-19,True,False
MOCK09757,DIAB_BLOOD_SUGAR,2025-07-19,,True,True
MOCK09763,DIAB_BLOOD_SUGAR,2025-07-20,,True,False
MOCK09769,DIAB_BLOOD_SUGAR,2025-07-23,2025-11-22,True,False
MOCK09775,DIAB_BLOOD_SUGAR,2025-07-30,,True,True
MOCK09781,DIAB_BLOOD_SUGAR,2025-07-09,,True,True
MOCK09787,DIAB_BLOOD_SUGAR,2025-07-11,,True,False
MOCK09793,DIAB_BLOOD_SUGAR,2025-07-16,,True,True
MOCK09799,DIAB_BLOOD_SUGAR,2025-07-07,2026-01-06,True,False
MOCK09805,DIAB_BLOOD_SUGAR,2025-07-13,,True,True
MOCK09811,DIAB_BLOOD_SUGAR,2025-07-13,,True,False
MOCK09817,DIAB_BLOOD_SUGAR,2025-07-12,,True,False
MOCK09823,DIAB_BLOOD_SUGAR,2025-07-15,2025-11-19,True,False
MOCK09829,DIAB_BLOOD_SUGAR,2025-07-19,,True,False
MOCK09835,DIAB_BLOOD_SUGAR,2025-07-27,,True,False
MOCK09841,DIAB_BLOOD_SUGAR,2025-07-11,,True,False
MOCK09847,DIAB_BLOOD_SUGAR,2025-08-01,,True,False
MOCK09853,DIAB_BLOOD_SUGAR,2025-07-18,2026-03-24,True,False
MOCK09859,DIAB_BLOOD_SUGAR,2025-07-28,,True,True
MOCK09865,DIAB_BLOOD_SUGAR,2025-07-04,,True,True
MOCK09871,DIAB_BLOOD_SUGAR,2025-07-06,,True,True
MOCK09877,DIAB_BLOOD_SUGAR,2025-07-17,,True,False
MOCK09883,DIAB_BLOOD_SUGAR,2025-07-14,,True,False
MOCK09889,DIAB_BLOOD_SUGAR,2025-07-19,,True,True
MOCK09895,DIAB_BLOOD_SUGAR,2025-07-06,,True,False
MOCK09901,DIAB_BLOOD_SUGAR,2025-07-18,,True,True
MOCK09907,DIAB_BLOOD_SUGAR,2025-07-26,2026-04-11,True,False
MOCK09913,DIAB_BLOOD_SUGAR,2025-07-28,,True,False
MOCK09919,DIAB_BLOOD_SUGAR,2025-07-09,,True,False
MOCK09925,DIAB_BLOOD_SUGAR,2025-07-13,2026-03-13,True,False
MOCK09931,DIAB_BLOOD_SUGAR,2025-07-20,2026-05-25,True,False
MOCK09937,DIAB_BLOOD_SUGAR,2025-07-20,2025-11-16,True,True
MOCK09943,DIAB_BLOOD_SUGAR,2025-07-30,,True,False
MOCK09949,DIAB_BLOOD_SUGAR,2025-07-15,,True,True
MOCK09955,DIAB_BLOOD_SUGAR,2025-07-26,,True,False
MOCK09961,DIAB_BLOOD_SUGAR,2025-08-03,,True,False
MOCK09967,DIAB_BLOOD_SUGAR,2025-07-11,,True,True
MOCK09973,DIAB_BLOOD_SUGAR,2025-08-01,2026-05-10,True,True
MOCK09979,DIAB_BLOOD_SUGAR,2025-07-12,2025-11-14,True,False
MOCK09985,DIAB_BLOOD_SUGAR,2025-07-13,,True,False
MOCK09991,DIAB_BLOOD_SUGAR,2025-07-25,2026-02-18,True,True
MOCK09997,DIAB_BLOOD_SUGAR,2025-07-24,2026-03-08,True,False
