member_id,care_gap_code,issued_at,amount,redeemed,source
MOCK00001,DIAB_A1C_TEST,,20.0,False,Research-simulated
MOCK00049,DIAB_A1C_TEST,,20.0,False,Research-simulated
MOCK00073,DIAB_A1C_TEST,,20.0,False,Research-simulated
MOCK00175,DIAB_A1C_TEST,,20.0,False,Research-simulated
MOCK00193,DIAB_A1C_TEST,,20.0,False,Research-simulated
MOCK00223,DIAB_A1C_TEST,,20.0,False,Research-simulated
MOCK00235,DIAB_A1C_TEST,,20.0,False,Research-simulated
MOCK00253,DIAB_A1C_TEST,,20.0,False,Research-simulated
MOCK00259,DIAB_A1C_TEST,,20.0,False,Research-simulated
MOCK00289,DIAB_A1C_TEST,,20.0,False,Research-simulated
MOCK00307,DIAB_A1C_TEST,,20.0,False,Research-simulated
MOCK00319,DIAB_A1C_TEST,,20.0,False,Research-simulated
MOCK00391,DIAB_A1C_TEST,,20.0,False,Research-simulated
MOCK00409,DIAB_A1C_TEST,,20.0,False,Research-simulated
MOCK00415,DIAB_A1C_TEST,,20.0,False,Research-simulated
MOCK00439,DIAB_A1C_TEST,,20.0,False,Research-simulated
MOCK00493,DIAB_A1C_TEST,,20.0,False,Research-simulated
MOCK00499,DIAB_A1C_TEST,,20.0,False,Research-simulated
MOCK00505,DIAB_A1C_TEST,,20.0,False,Research-simulated
MOCK00535,DIAB_A1C_TEST,,20.0,False,Research-simulated
MOCK00571,DIAB_A1C_TEST,,20.0,False,Research-simulated
MOCK00625,DIAB_A1C_TEST,,20.0,False,Research-simulated
MOCK00679,DIAB_A1C_TEST,,20.0,False,Research-simulated
MOCK00685,DIAB_A1C_TEST,,20.0,False,Research-simulated
MOCK00727,DIAB_A1C_TEST,,20.0,False,Research-simulated
MOCK00751,DIAB_A1C_TEST,,20.0,False,Research-simulated
MOCK00805,DIAB_A1C_TEST,,20.0,False,Research-simulated
MOCK00823,DIAB_A1C_TEST,,20.0,False,Research-simulated
MOCK00835,DIAB_A1C_TEST,,20.0,False,Research-simulated
MOCK00853,DIAB_A1C_TEST,,20.0,False,Research-simulated
MOCK00883,DIAB_A1C_TEST,,20.0,False,Research-simulated
MOCK00949,DIAB_A1C_TEST,,20.0,False,Research-simulated
MOCK00955,DIAB_A1C_TEST,,20.0,False,Research-simulated
MOCK00979,DIAB_A1C_TEST,,20.0,False,Research-simulated
MOCK00985,DIAB_A1C_TEST,,20.0,False,Research-simulated
MOCK00997,DIAB_A1C_TEST,,20.0,False,Research-simulated
MOCK01015,DIAB_A1C_TEST,,20.0,False,Research-simulated
MOCK01033,DIAB_A1C_TEST,,20.0,False,Research-simulated
MOCK01045,DIAB_A1C_TEST,,20.0,False,Research-simulated
MOCK01069,DIAB_A1C_TEST,,20.0,False,Research-simulated
MOCK01081,DIAB_A1C_TEST,,20.0,False,Research-simulated
MOCK01099,DIAB_A1C_TEST,,20.0,False,Research-simulated
MOCK01195,DIAB_A1C_TEST,,20.0,False,Research-simulated
MOCK01267,DIAB_A1C_TEST,,20.0,False,Research-simulated
MOCK01273,DIAB_A1C_TEST,,20.0,False,Research-simulated
MOCK01291,DIAB_A1C_TEST,,20.0,False,Research-simulated
MOCK01321,DIAB_A1C_TEST,,20.0,False,Research-simulated
MOCK01327,DIAB_A1C_TEST,,20.0,False,Research-simulated
MOCK01333,DIAB_A1C_TEST,,20.0,False,Research-simulated
MOCK01369,DIAB_A1C_TEST,,20.0,False,Research-simulated
MOCK01423,DIAB_A1C_TEST,,20.0,False,Research-simulated
MOCK01483,DIAB_A1C_TEST,,20.0,False,Research-simulated
MOCK01507,DIAB_A1C_TEST,,20.0,False,Research-simulated
MOCK01561,DIAB_A1C_TEST,,20.0,False,Research-simulated
MOCK01597,DIAB_A1C_TEST,,20.0,False,Research-simulated
MOCK01651,DIAB_A1C_TEST,,20.0,False,Research-simulated
MOCK01663,DIAB_A1C_TEST,,20.0,False,Research-simulated
MOCK01687,DIAB_A1C_TEST,,20.0,False,Research-simulated
MOCK01789,DIAB_A1C_TEST,,20.0,False,Research-simulated
MOCK01831,DIAB_A1C_TEST,,20.0,False,Research-simulated
MOCK01915,DIAB_A1C_TEST,,20.0,False,Research-simulated
MOCK01987,DIAB_A1C_TEST,,20.0,False,Research-simulated
MOCK02041,DIAB_A1C_TEST,,20.0,False,Research-simulated
MOCK02053,DIAB_A1C_TEST,,20.0,False,Research-simulated
MOCK02095,DIAB_A1C_TEST,,20.0,False,Research-simulated
MOCK02101,DIAB_A1C_TEST,,20.0,False,Research-simulated
MOCK02125,DIAB_A1C_TEST,,20.0,False,Research-simulated
MOCK02233,DIAB_A1C_TEST,,20.0,False,Research-simulated
MOCK02239,DIAB_A1C_TEST,,20.0,False,Research-simulated
MOCK02257,DIAB_A1C_TEST,,20.0,False,Research-simulated
MOCK02263,DIAB_A1C_TEST,,20.0,False,Research-simulated
MOCK02269,DIAB_A1C_TEST,,20.0,False,Research-simulated
MOCK02299,DIAB_A1C_TEST,,20.0,False,Research-simulated
MOCK02311,DIAB_A1C_TEST,,20.0,False,Research-simulated
MOCK02323,DIAB_A1C_TEST,,20.0,False,Research-simulated
MOCK02359,DIAB_A1C_TEST,,20.0,False,Research-simulated
MOCK02407,DIAB_A1C_TEST,,20.0,False,Research-simulated
MOCK02551,DIAB_A1C_TEST,,20.0,False,Research-simulated
MOCK02575,DIAB_A1C_TEST,,20.0,False,Research-simulated
MOCK02593,DIAB_A1C_TEST,,20.0,False,Research-simulated
MOCK02599,DIAB_A1C_TEST,,20.0,False,Research-simulated
MOCK02617,DIAB_A1C_TEST,,20.0,False,Research-simulated
MOCK02647,DIAB_A1C_TEST,,20.0,False,Research-simulated
MOCK02653,DIAB_A1C_TEST,,20.0,False,Research-simulated
MOCK02677,DIAB_A1C_TEST,,20.0,False,Research-simulated
MOCK02695,DIAB_A1C_TEST,,20.0,False,Research-simulated
MOCK02701,DIAB_A1C_TEST,,20.0,False,Research-simulated
MOCK02719,DIAB_A1C_TEST,,20.0,False,Research-simulated
MOCK02743,DIAB_A1C_TEST,,20.0,False,Research-simulated
MOCK02767,DIAB_A1C_TEST,,20.0,False,Research-simulated
MOCK02797,DIAB_A1C_TEST,,20.0,False,Research-simulated
MOCK02809,DIAB_A1C_TEST,,20.0,False,Research-simulated
MOCK02845,DIAB_A1C_TEST,,20.0,False,Research-simulated
MOCK02941,DIAB_A1C_TEST,,20.0,False,Research-simulated
MOCK02971,DIAB_A1C_TEST,,20.0,False,Research-simulated
MOCK03001,DIAB_A1C_TEST,,20.0,False,Research-simulated
MOCK03025,DIAB_A1C_TEST,,20.0,False,Research-simulated
MOCK03031,DIAB_A1C_TEST,,20.0,False,Research-simulated
MOCK03043,DIAB_A1C_TEST,,20.0,False,Research-simulated
MOCK03097,DIAB_A1C_TEST,,20.0,False,Research-simulated
MOCK03115,DIAB_A1C_TEST,,20.0,False,Research-simulated
MOCK03121,DIAB_A1C_TEST,,20.0,False,Research-simulated
MOCK03139,DIAB_A1C_TEST,,20.0,False,Research-simulated
MOCK03145,DIAB_A1C_TEST,,20.0,False,Research-simulated
MOCK03229,DIAB_A1C_TEST,,20.0,False,Research-simulated
MOCK03241,DIAB_A1C_TEST,,20.0,False,Research-simulated
MOCK03253,DIAB_A1C_TEST,,20.0,False,Research-simulated
MOCK03385,DIAB_A1C_TEST,,20.0,False,Research-simulated
MOCK03409,DIAB_A1C_TEST,,20.0,False,Research-simulated
MOCK03433,DIAB_A1C_TEST,,20.0,False,Research-simulated
MOCK03445,DIAB_A1C_TEST,,20.0,False,Research-simulated
MOCK03481,DIAB_A1C_TEST,,20.0,False,Research-simulated
MOCK03493,DIAB_A1C_TEST,,20.0,False,Research-simulated
MOCK03529,DIAB_A1C_TEST,,20.0,False,Research-simulated
MOCK03535,DIAB_A1C_TEST,,20.0,False,Research-simulated
MOCK03541,DIAB_A1C_TEST,,20.0,False,Research-simulated
MOCK03613,DIAB_A1C_TEST,,20.0,False,Research-simulated
MOCK03631,DIAB_A1C_TEST,,20.0,False,Research-simulated
MOCK03637,DIAB_A1C_TEST,,20.0,False,Research-simulated
MOCK03649,DIAB_A1C_TEST,,20.0,False,Research-simulated
MOCK03679,DIAB_A1C_TEST,,20.0,False,Research-simulated
MOCK03691,DIAB_A1C_TEST,,20.0,False,Research-simulated
MOCK03697,DIAB_A1C_TEST,,20.0,False,Research-simulated
MOCK03709,DIAB_A1C_TEST,,20.0,False,Research-simulated
MOCK03721,DIAB_A1C_TEST,,20.0,False,Research-simulated
MOCK03757,DIAB_A1C_TEST,,20.0,False,Research-simulated
MOCK03763,DIAB_A1C_TEST,,20.0,False,Research-simulated
MOCK03829,DIAB_A1C_TEST,,20.0,False,Research-simulated
MOCK03835,DIAB_A1C_TEST,,20.0,False,Research-simulated
MOCK03841,DIAB_A1C_TEST,,20.0,False,Research-simulated
MOCK03871,DIAB_A1C_TEST,,20.0,False,Research-simulated
MOCK03883,DIAB_A1C_TEST,,20.0,False,Research-simulated
MOCK03889,DIAB_A1C_TEST,,20.0,False,Research-simulated
MOCK03931,DIAB_A1C_TEST,,20.0,False,Research-simulated
MOCK03949,DIAB_A1C_TEST,,20.0,False,Research-simulated
MOCK03961,DIAB_A1C_TEST,,20.0,False,Research-simulated
MOCK04021,DIAB_A1C_TEST,,20.0,False,Research-simulated
MOCK04057,DIAB_A1C_TEST,,20.0,False,Research-simulated
MOCK04063,DIAB_A1C_TEST,,20.0,False,Research-simulated
MOCK04093,DIAB_A1C_TEST,,20.0,False,Research-simulated
MOCK04111,DIAB_A1C_TEST,,20.0,False,Research-simulated
MOCK04135,DIAB_A1C_TEST,,20.0,False,Research-simulated
MOCK04141,DIAB_A1C_TEST,,20.0,False,Research-simulated
MOCK04159,DIAB_A1C_TEST,,20.0,False,Research-simulated
MOCK04177,DIAB_A1C_TEST,,20.0,False,Research-simulated
MOCK04195,DIAB_A1C_TEST,,20.0,False,Research-simulated
MOCK04213,DIAB_A1C_TEST,,20.0,False,Research-simulated
MOCK04219,DIAB_A1C_TEST,,20.0,False,Research-simulated
MOCK04231,DIAB_A1C_TEST,,20.0,False,Research-simulated
MOCK04237,DIAB_A1C_TEST,,20.0,False,Research-simulated
MOCK04285,DIAB_A1C_TEST,,20.0,False,Research-simulated
MOCK04309,DIAB_A1C_TEST,,20.0,False,Research-simulated
MOCK04333,DIAB_A1C_TEST,,20.0,False,Research-simulated
MOCK04345,DIAB_A1C_TEST,,20.0,False,Research-simulated
MOCK04399,DIAB_A1C_TEST,,20.0,False,Research-simulated
MOCK04435,DIAB_A1C_TEST,,20.0,False,Research-simulated
MOCK04495,DIAB_A1C_TEST,,20.0,False,Research-simulated
MOCK04537,DIAB_A1C_TEST,,20.0,False,Research-simulated
MOCK04621,DIAB_A1C_TEST,,20.0,False,Research-simulated
MOCK04633,DIAB_A1C_TEST,,20.0,False,Research-simulated
MOCK04639,DIAB_A1C_TEST,,20.0,False,Research-simulated
MOCK04669,DIAB_A1C_TEST,,20.0,False,Research-simulated
MOCK04717,DIAB_A1C_TEST,,20.0,False,Research-simulated
MOCK04729,DIAB_A1C_TEST,,20.0,False,Research-simulated
MOCK04741,DIAB_A1C_TEST,,20.0,False,Research-simulated
MOCK04777,DIAB_A1C_TEST,,20.0,False,Research-simulated
MOCK04819,DIAB_A1C_TEST,,20.0,False,Research-simulated
MOCK04885,DIAB_A1C_TEST,,20.0,False,Research-simulated
MOCK04933,DIAB_A1C_TEST,,20.0,False,Research-simulated
MOCK04987,DIAB_A1C_TEST,,20.0,False,Research-simulated
MOCK05005,DIAB_A1C_TEST,,20.0,False,Research-simulated
MOCK05041,DIAB_A1C_TEST,,20.0,False,Research-simulated
MOCK05047,DIAB_A1C_TEST,,20.0,False,Research-simulated
MOCK05053,DIAB_A1C_TEST,,20.0,False,Research-simulated
MOCK05059,DIAB_A1C_TEST,,20.0,False,Research-simulated
MOCK05077,DIAB_A1C_TEST,,20.0,False,Research-simulated
MOCK05155,DIAB_A1C_TEST,,20.0,False,Research-simulated
MOCK05167,DIAB_A1C_TEST,,20.0,False,Research-simulated
MOCK05179,DIAB_A1C_TEST,,20.0,False,Research-simulated
MOCK05215,DIAB_A1C_TEST,,20.0,False,Research-simulated
MOCK05269,DIAB_A1C_TEST,,20.0,False,Research-simulated
MOCK05311,DIAB_A1C_TEST,,20.0,False,Research-simulated
MOCK05341,DIAB_A1C_TEST,,20.0,False,Research-simulated
MOCK05347,DIAB_A1C_TEST,,20.0,False,Research-simulated
MOCK05365,DIAB_A1C_TEST,,20.0,False,Research-simulated
MOCK05377,DIAB_A1C_TEST,,20.0,False,Research-simulated
MOCK05479,DIAB_A1C_TEST,,20.0,False,Research-simulated
MOCK05485,DIAB_A1C_TEST,,20.0,False,Research-simulated
MOCK05491,DIAB_A1C_TEST,,20.0,False,Research-simulated
MOCK05545,DIAB_A1C_TEST,,20.0,False,Research-simulated
MOCK05551,DIAB_A1C_TEST,,20.0,False,Research-simulated
MOCK05635,DIAB_A1C_TEST,,20.0,False,Research-simulated
MOCK05671,DIAB_A1C_TEST,,20.0,False,Research-simulated
MOCK05677,DIAB_A1C_TEST,,20.0,False,Research-simulated
MOCK05695,DIAB_A1C_TEST,,20.0,False,Research-simulated
MOCK05707,DIAB_A1C_TEST,,20.0,False,Research-simulated
MOCK05731,DIAB_A1C_TEST,,20.0,False,Research-simulated
MOCK05761,DIAB_A1C_TEST,,20.0,False,Research-simulated
MOCK05779,DIAB_A1C_TEST,,20.0,False,Research-simulated
MOCK05821,DIAB_A1C_TEST,,20.0,False,Research-simulated
MOCK05857,DIAB_A1C_TEST,,20.0,False,Research-simulated
MOCK05893,DIAB_A1C_TEST,,20.0,False,Research-simulated
MOCK05923,DIAB_A1C_TEST,,20.0,False,Research-simulated
MOCK05971,DIAB_A1C_TEST,,20.0,False,Research-simulated
MOCK06001,DIAB_A1C_TEST,,20.0,False,Research-simulated
MOCK06091,DIAB_A1C_TEST,,20.0,False,Research-simulated
MOCK06139,DIAB_A1C_TEST,,20.0,False,Research-simulated
MOCK06145,DIAB_A1C_TEST,,20.0,False,Research-simulated
MOCK06175,DIAB_A1C_TEST,,20.0,False,Research-simulated
MOCK06241,DIAB_A1C_TEST,,20.0,False,Research-simulated
MOCK06253,DIAB_A1C_TEST,,20.0,False,Research-simulated
MOCK06349,DIAB_A1C_TEST,,20.0,False,Research-simulated
MOCK06433,DIAB_A1C_TEST,,20.0,False,Research-simulated
MOCK06445,DIAB_A1C_TEST,,20.0,False,Research-simulated
MOCK06559,DIAB_A1C_TEST,,20.0,False,Research-simulated
MOCK06565,DIAB_A1C_TEST,,20.0,False,Research-simulated
MOCK06631,DIAB_A1C_TEST,,20.0,False,Research-simulated
MOCK06643,DIAB_A1C_TEST,,20.0,False,Research-simulated
MOCK06751,DIAB_A1C_TEST,,20.0,False,Research-simulated
MOCK06781,DIAB_A1C_TEST,,20.0,False,Research-simulated
MOCK06841,DIAB_A1C_TEST,,20.0,False,Research-simulated
MOCK06871,DIAB_A1C_TEST,,20.0,False,Research-simulated
MOCK06889,DIAB_A1C_TEST,,20.0,False,Research-simulated
MOCK06895,DIAB_A1C_TEST,,20.0,False,Research-simulated
MOCK06913,DIAB_A1C_TEST,,20.0,False,Research-simulated
MOCK06943,DIAB_A1C_TEST,,20.0,False,Research-simulated
MOCK06961,DIAB_A1C_TEST,,20.0,False,Research-simulated
MOCK06985,DIAB_A1C_TEST,,20.0,False,Research-simulated
MOCK07057,DIAB_A1C_TEST,,20.0,False,Research-simulated
MOCK07099,DIAB_A1C_TEST,,20.0,False,Research-simulated
MOCK07111,DIAB_A1C_TEST,,20.0,False,Research-simulated
MOCK07177,DIAB_A1C_TEST,,20.0,False,Research-simulated
MOCK07255,DIAB_A1C_TEST,,20.0,False,Research-simulated
MOCK07273,DIAB_A1C_TEST,,20.0,False,Research-simulated
MOCK07285,DIAB_A1C_TEST,,20.0,False,Research-simulated
MOCK07291,DIAB_A1C_TEST,,20.0,False,Research-simulated
MOCK07345,DIAB_A1C_TEST,,20.0,False,Research-simulated
MOCK07357,DIAB_A1C_TEST,,20.0,False,Research-simulated
MOCK07369,DIAB_A1C_TEST,,20.0,False,Research-simulated
MOCK07417,DIAB_A1C_TEST,,20.0,False,Research-simulated
MOCK07435,DIAB_A1C_TEST,,20.0,False,Research-simulated
MOCK07495,DIAB_A1C_TEST,,20.0,False,Research-simulated
MOCK07501,DIAB_A1C_TEST,,20.0,False,Research-simulated
MOCK07537,DIAB_A1C_TEST,,20.0,False,Research-simulated
MOCK07543,DIAB_A1C_TEST,,20.0,False,Research-simulated
MOCK07549,DIAB_A1C_TEST,,20.0,False,Research-simulated
MOCK07585,DIAB_A1C_TEST,,20.0,False,Research-simulated
MOCK07615,DIAB_A1C_TEST,,20.0,False,Research-simulated
MOCK07663,DIAB_A1C_TEST,,20.0,False,Research-simulated
MOCK07675,DIAB_A1C_TEST,,20.0,False,Research-simulated
MOCK07693,DIAB_A1C_TEST,,20.0,False,Research-simulated
MOCK07699,DIAB_A1C_TEST,,20.0,False,Research-simulated
MOCK07711,DIAB_A1C_TEST,,20.0,False,Research-simulated
MOCK07729,DIAB_A1C_TEST,,20.0,False,Research-simulated
MOCK07741,DIAB_A1C_TEST,,20.0,False,Research-simulated
MOCK07753,DIAB_A1C_TEST,,20.0,False,Research-simulated
MOCK07765,DIAB_A1C_TEST,,20.0,False,Research-simulated
MOCK07777,DIAB_A1C_TEST,,20.0,False,Research-simulated
MOCK07921,DIAB_A1C_TEST,,20.0,False,Research-simulated
MOCK08071,DIAB_A1C_TEST,,20.0,False,Research-simulated
MOCK08083,DIAB_A1C_TEST,,20.0,False,Research-simulated
MOCK08113,DIAB_A1C_TEST,,20.0,False,Research-simulated
MOCK08137,DIAB_A1C_TEST,,20.0,False,Research-simulated
MOCK08173,DIAB_A1C_TEST,,20.0,False,Research-simulated
MOCK08221,DIAB_A1C_TEST,,20.0,False,Research-simulated
MOCK08293,DIAB_A1C_TEST,,20.0,False,Research-simulated
MOCK08311,DIAB_A1C_TEST,,20.0,False,Research-simulated
MOCK08335,DIAB_A1C_TEST,,20.0,False,Research-simulated
MOCK08371,DIAB_A1C_TEST,,20.0,False,Research-simulated
MOCK08377,DIAB_A1C_TEST,,20.0,False,Research-simulated
MOCK08383,DIAB_A1C_TEST,,20.0,False,Research-simulated
MOCK08437,DIAB_A1C_TEST,,20.0,False,Research-simulated
MOCK08485,DIAB_A1C_TEST,,20.0,False,Research-simulated
MOCK08509,DIAB_A1C_TEST,,20.0,False,Research-simulated
MOCK08569,DIAB_A1C_TEST,,20.0,False,Research-simulated
MOCK08599,DIAB_A1C_TEST,,20.0,False,Research-simulated
MOCK08605,DIAB_A1C_TEST,,20.0,False,Research-simulated
MOCK08611,DIAB_A1C_TEST,,20.0,False,Research-simulated
MOCK08653,DIAB_A1C_TEST,,20.0,False,Research-simulated
MOCK08659,DIAB_A1C_TEST,,20.0,False,Research-simulated
MOCK08683,DIAB_A1C_TEST,,20.0,False,Research-simulated
MOCK08701,DIAB_A1C_TEST,,20.0,False,Research-simulated
MOCK08725,DIAB_A1C_TEST,,20.0,False,Research-simulated
MOCK08737,DIAB_A1C_TEST,,20.0,False,Research-simulated
MOCK08761,DIAB_A1C_TEST,,20.0,False,Research-simulated
MOCK08785,DIAB_A1C_TEST,,20.0,False,Research-simulated
MOCK08815,DIAB_A1C_TEST,,20.0,False,Research-simulated
MOCK08845,DIAB_A1C_TEST,,20.0,False,Research-simulated
MOCK08851,DIAB_A1C_TEST,,20.0,False,Research-simulated
MOCK08875,DIAB_A1C_TEST,,20.0,False,Research-simulated
MOCK08881,DIAB_A1C_TEST,,20.0,False,Research-simulated
MOCK08947,DIAB_A1C_TEST,,20.0,False,Research-simulated
MOCK08971,DIAB_A1C_TEST,,20.0,False,Research-simulated
MOCK08977,DIAB_A1C_TEST,,20.0,False,Research-simulated
MOCK08989,DIAB_A1C_TEST,,20.0,False,Research-simulated
MOCK09007,DIAB_A1C_TEST,,20.0,False,Research-simulated
MOCK09031,DIAB_A1C_TEST,,20.0,False,Research-simulated
MOCK09037,DIAB_A1C_TEST,,20.0,False,Research-simulated
MOCK09067,DIAB_A1C_TEST,,20.0,False,Research-simulated
MOCK09073,DIAB_A1C_TEST,,20.0,False,Research-simulated
MOCK09133,DIAB_A1C_TEST,,20.0,False,Research-simulated
MOCK09157,DIAB_A1C_TEST,,20.0,False,Research-simulated
MOCK09193,DIAB_A1C_TEST,,20.0,False,Research-simulated
MOCK09199,DIAB_A1C_TEST,,20.0,False,Research-simulated
MOCK09259,DIAB_A1C_TEST,,20.0,False,Research-simulated
MOCK09325,DIAB_A1C_TEST,,20.0,False,Research-simulated
MOCK09475,DIAB_A1C_TEST,,20.0,False,Research-simulated
MOCK09535,DIAB_A1C_TEST,,20.0,False,Research-simulated
MOCK09607,DIAB_A1C_TEST,,20.0,False,Research-simulated
MOCK09613,DIAB_A1C_TEST,,20.0,False,Research-simulated
MOCK09643,DIAB_A1C_TEST,,20.0,False,Research-simulated
MOCK09667,DIAB_A1C_TEST,,20.0,False,Research-simulated
MOCK09673,DIAB_A1C_TEST,,20.0,False,Research-simulated
MOCK09679,DIAB_A1C_TEST,,20.0,False,Research-simulated
MOCK09691,DIAB_A1C_TEST,,20.0,False,Research-simulated
MOCK09697,DIAB_A1C_TEST,,20.0,False,Research-simulated
MOCK09715,DIAB_A1C_TEST,,20.0,False,Research-simulated
MOCK09733,DIAB_A1C_TEST,,20.0,False,Research-simulated
MOCK09751,DIAB_A1C_TEST,,20.0,False,Research-simulated
MOCK09757,DIAB_A1C_TEST,,20.0,False,Research-simulated
MOCK09775,DIAB_A1C_TEST,,20.0,False,Research-simulated
MOCK09877,DIAB_A1C_TEST,,20.0,False,Research-simulated
MOCK09883,DIAB_A1C_TEST,,20.0,False,Research-simulated
MOCK09925,DIAB_A1C_TEST,,20.0,False,Research-simulated
MOCK09931,DIAB_A1C_TEST,,20.0,False,Research-simulated
MOCK09961,DIAB_A1C_TEST,,20.0,False,Research-simulated
MOCK09967,DIAB_A1C_TEST,,20.0,False,Research-simulated
MOCK09973,DIAB_A1C_TEST,,20.0,False,Research-simulated
MOCK09991,DIAB_A1C_TEST,,20.0,False,Research-simulated
MOCK09997,DIAB_A1C_TEST,,20.0,False,Research-simulated
MOCK00007,DIAB_EYE_EXAM,,25.0,False,Research-simulated
MOCK00031,DIAB_EYE_EXAM,,25.0,False,Research-simulated
MOCK00055,DIAB_EYE_EXAM,,25.0,False,Research-simulated
MOCK00067,DIAB_EYE_EXAM,,25.0,False,Research-simulated
MOCK00103,DIAB_EYE_EXAM,,25.0,False,Research-simulated
MOCK00109,DIAB_EYE_EXAM,,25.0,False,Research-simulated
MOCK00121,DIAB_EYE_EXAM,,25.0,False,Research-simulated
MOCK00127,DIAB_EYE_EXAM,,25.0,False,Research-simulated
MOCK00145,DIAB_EYE_EXAM,,25.0,False,Research-simulated
MOCK00181,DIAB_EYE_EXAM,,25.0,False,Research-simulated
MOCK00211,DIAB_EYE_EXAM,,25.0,False,Research-simulated
MOCK00217,DIAB_EYE_EXAM,,25.0,False,Research-simulated
MOCK00229,DIAB_EYE_EXAM,,25.0,False,Research-simulated
MOCK00241,DIAB_EYE_EXAM,,25.0,False,Research-simulated
MOCK00283,DIAB_EYE_EXAM,,25.0,False,Research-simulated
MOCK00301,DIAB_EYE_EXAM,,25.0,False,Research-simulated
MOCK00325,DIAB_EYE_EXAM,,25.0,False,Research-simulated
MOCK00379,DIAB_EYE_EXAM,,25.0,False,Research-simulated
MOCK00403,DIAB_EYE_EXAM,,25.0,False,Research-simulated
MOCK00433,DIAB_EYE_EXAM,,25.0,False,Research-simulated
MOCK00553,DIAB_EYE_EXAM,,25.0,False,Research-simulated
MOCK00577,DIAB_EYE_EXAM,,25.0,False,Research-simulated
MOCK00601,DIAB_EYE_EXAM,,25.0,False,Research-simulated
MOCK00613,DIAB_EYE_EXAM,,25.0,False,Research-simulated
MOCK00643,DIAB_EYE_EXAM,,25.0,False,Research-simulated
MOCK00655,DIAB_EYE_EXAM,,25.0,False,Research-simulated
MOCK00673,DIAB_EYE_EXAM,,25.0,False,Research-simulated
MOCK00703,DIAB_EYE_EXAM,,25.0,False,Research-simulated
MOCK00709,DIAB_EYE_EXAM,,25.0,False,Research-simulated
MOCK00715,DIAB_EYE_EXAM,,25.0,False,Research-simulated
MOCK00721,DIAB_EYE_EXAM,,25.0,False,Research-simulated
MOCK00739,DIAB_EYE_EXAM,,25.0,False,Research-simulated
MOCK00781,DIAB_EYE_EXAM,,25.0,False,Research-simulated
MOCK00787,DIAB_EYE_EXAM,,25.0,False,Research-simulated
MOCK00793,DIAB_EYE_EXAM,,25.0,False,Research-simulated
MOCK00811,DIAB_EYE_EXAM,,25.0,False,Research-simulated
MOCK00859,DIAB_EYE_EXAM,,25.0,False,Research-simulated
MOCK00877,DIAB_EYE_EXAM,,25.0,False,Research-simulated
MOCK00907,DIAB_EYE_EXAM,,25.0,False,Research-simulated
MOCK00937,DIAB_EYE_EXAM,,25.0,False,Research-simulated
MOCK00943,DIAB_EYE_EXAM,,25.0,False,Research-simulated
MOCK00967,DIAB_EYE_EXAM,,25.0,False,Research-simulated
MOCK00991,DIAB_EYE_EXAM,,25.0,False,Research-simulated
MOCK01009,DIAB_EYE_EXAM,,25.0,False,Research-simulated
MOCK01021,DIAB_EYE_EXAM,,25.0,False,Research-simulated
MOCK01063,DIAB_EYE_EXAM,,25.0,False,Research-simulated
MOCK01075,DIAB_EYE_EXAM,,25.0,False,Research-simulated
MOCK01087,DIAB_EYE_EXAM,,25.0,False,Research-simulated
MOCK01111,DIAB_EYE_EXAM,,25.0,False,Research-simulated
MOCK01135,DIAB_EYE_EXAM,,25.0,False,Research-simulated
MOCK01147,DIAB_EYE_EXAM,,25.0,False,Research-simulated
MOCK01171,DIAB_EYE_EXAM,,25.0,False,Research-simulated
MOCK01177,DIAB_EYE_EXAM,,25.0,False,Research-simulated
MOCK01189,DIAB_EYE_EXAM,,25.0,False,Research-simulated
MOCK01219,DIAB_EYE_EXAM,,25.0,False,Research-simulated
MOCK01225,DIAB_EYE_EXAM,,25.0,False,Research-simulated
MOCK01243,DIAB_EYE_EXAM,,25.0,False,Research-simulated
MOCK01261,DIAB_EYE_EXAM,,25.0,False,Research-simulated
MOCK01297,DIAB_EYE_EXAM,,25.0,False,Research-simulated
MOCK01303,DIAB_EYE_EXAM,,25.0,False,Research-simulated
MOCK01345,DIAB_EYE_EXAM,,25.0,False,Research-simulated
MOCK01351,DIAB_EYE_EXAM,,25.0,False,Research-simulated
MOCK01393,DIAB_EYE_EXAM,,25.0,False,Research-simulated
MOCK01399,DIAB_EYE_EXAM,,25.0,False,Research-simulated
MOCK01405,DIAB_EYE_EXAM,,25.0,False,Research-simulated
MOCK01441,DIAB_EYE_EXAM,,25.0,False,Research-simulated
MOCK01489,DIAB_EYE_EXAM,,25.0,False,Research-simulated
MOCK01525,DIAB_EYE_EXAM,,25.0,False,Research-simulated
MOCK01549,DIAB_EYE_EXAM,,25.0,False,Research-simulated
MOCK01573,DIAB_EYE_EXAM,,25.0,False,Research-simulated
MOCK01645,DIAB_EYE_EXAM,,25.0,False,Research-simulated
MOCK01657,DIAB_EYE_EXAM,,25.0,False,Research-simulated
MOCK01681,DIAB_EYE_EXAM,,25.0,False,Research-simulated
MOCK01693,DIAB_EYE_EXAM,,25.0,False,Research-simulated
MOCK01699,DIAB_EYE_EXAM,,25.0,False,Research-simulated
MOCK01711,DIAB_EYE_EXAM,,25.0,False,Research-simulated
MOCK01717,DIAB_EYE_EXAM,,25.0,False,Research-simulated
MOCK01729,DIAB_EYE_EXAM,,25.0,False,Research-simulated
MOCK01741,DIAB_EYE_EXAM,,25.0,False,Research-simulated
MOCK01777,DIAB_EYE_EXAM,,25.0,False,Research-simulated
MOCK01801,DIAB_EYE_EXAM,,25.0,False,Research-simulated
MOCK01807,DIAB_EYE_EXAM,,25.0,False,Research-simulated
MOCK01825,DIAB_EYE_EXAM,,25.0,False,Research-simulated
MOCK01837,DIAB_EYE_EXAM,,25.0,False,Research-simulated
MOCK01849,DIAB_EYE_EXAM,,25.0,False,Research-simulated
MOCK01861,DIAB_EYE_EXAM,,25.0,False,Research-simulated
MOCK01873,DIAB_EYE_EXAM,,25.0,False,Research-simulated
MOCK01891,DIAB_EYE_EXAM,,25.0,False,Research-simulated
MOCK01933,DIAB_EYE_EXAM,,25.0,False,Research-simulated
MOCK01945,DIAB_EYE_EXAM,,25.0,False,Research-simulated
MOCK01963,DIAB_EYE_EXAM,,25.0,False,Research-simulated
MOCK01975,DIAB_EYE_EXAM,,25.0,False,Research-simulated
MOCK01981,DIAB_EYE_EXAM,,25.0,False,Research-simulated
MOCK02005,DIAB_EYE_EXAM,,25.0,False,Research-simulated
MOCK02017,DIAB_EYE_EXAM,,25.0,False,Research-simulated
MOCK02023,DIAB_EYE_EXAM,,25.0,False,Research-simulated
MOCK02047,DIAB_EYE_EXAM,,25.0,False,Research-simulated
MOCK02113,DIAB_EYE_EXAM,,25.0,False,Research-simulated
MOCK02131,DIAB_EYE_EXAM,,25.0,False,Research-simulated
MOCK02143,DIAB_EYE_EXAM,,25.0,False,Research-simulated
MOCK02149,DIAB_EYE_EXAM,,25.0,False,Research-simulated
MOCK02155,DIAB_EYE_EXAM,,25.0,False,Research-simulated
MOCK02173,DIAB_EYE_EXAM,,25.0,False,Research-simulated
MOCK02215,DIAB_EYE_EXAM,,25.0,False,Research-simulated
MOCK02227,DIAB_EYE_EXAM,,25.0,False,Research-simulated
MOCK02245,DIAB_EYE_EXAM,,25.0,False,Research-simulated
MOCK02287,DIAB_EYE_EXAM,,25.0,False,Research-simulated
MOCK02329,DIAB_EYE_EXAM,,25.0,False,Research-simulated
MOCK02335,DIAB_EYE_EXAM,,25.0,False,Research-simulated
MOCK02341,DIAB_EYE_EXAM,,25.0,False,Research-simulated
MOCK02353,DIAB_EYE_EXAM,,25.0,False,Research-simulated
MOCK02371,DIAB_EYE_EXAM,,25.0,False,Research-simulated
MOCK02431,DIAB_EYE_EXAM,,25.0,False,Research-simulated
MOCK02455,DIAB_EYE_EXAM,,25.0,False,Research-simulated
MOCK02467,DIAB_EYE_EXAM,,25.0,False,Research-simulated
MOCK02485,DIAB_EYE_EXAM,,25.0,False,Research-simulated
MOCK02527,DIAB_EYE_EXAM,,25.0,False,Research-simulated
MOCK02533,DIAB_EYE_EXAM,,25.0,False,Research-simulated
MOCK02581,DIAB_EYE_EXAM,,25.0,False,Research-simulated
MOCK02587,DIAB_EYE_EXAM,,25.0,False,Research-simulated
MOCK02611,DIAB_EYE_EXAM,,25.0,False,Research-simulated
MOCK02629,DIAB_EYE_EXAM,,25.0,False,Research-simulated
MOCK02635,DIAB_EYE_EXAM,,25.0,False,Research-simulated
MOCK02659,DIAB_EYE_EXAM,,25.0,False,Research-simulated
MOCK02731,DIAB_EYE_EXAM,,25.0,False,Research-simulated
MOCK02737,DIAB_EYE_EXAM,,25.0,False,Research-simulated
MOCK02773,DIAB_EYE_EXAM,,25.0,False,Research-simulated
MOCK02785,DIAB_EYE_EXAM,,25.0,False,Research-simulated
MOCK02803,DIAB_EYE_EXAM,,25.0,False,Research-simulated
MOCK02833,DIAB_EYE_EXAM,,25.0,False,Research-simulated
MOCK02857,DIAB_EYE_EXAM,,25.0,False,Research-simulated
MOCK02863,DIAB_EYE_EXAM,,25.0,False,Research-simulated
MOCK02875,DIAB_EYE_EXAM,,25.0,False,Research-simulated
MOCK02905,DIAB_EYE_EXAM,,25.0,False,Research-simulated
MOCK02911,DIAB_EYE_EXAM,,25.0,False,Research-simulated
MOCK02917,DIAB_EYE_EXAM,,25.0,False,Research-simulated
MOCK02935,DIAB_EYE_EXAM,,25.0,False,Research-simulated
MOCK02953,DIAB_EYE_EXAM,,25.0,False,Research-simulated
MOCK02959,DIAB_EYE_EXAM,,25.0,False,Research-simulated
MOCK02995,DIAB_EYE_EXAM,,25.0,False,Research-simulated
MOCK03007,DIAB_EYE_EXAM,,25.0,False,Research-simulated
MOCK03013,DIAB_EYE_EXAM,,25.0,False,Research-simulated
MOCK03037,DIAB_EYE_EXAM,,25.0,False,Research-simulated
MOCK03055,DIAB_EYE_EXAM,,25.0,False,Research-simulated
MOCK03109,DIAB_EYE_EXAM,,25.0,False,Research-simulated
MOCK03193,DIAB_EYE_EXAM,,25.0,False,Research-simulated
MOCK03199,DIAB_EYE_EXAM,,25.0,False,Research-simulated
MOCK03211,DIAB_EYE_EXAM,,25.0,False,Research-simulated
MOCK03235,DIAB_EYE_EXAM,,25.0,False,Research-simulated
MOCK03247,DIAB_EYE_EXAM,,25.0,False,Research-simulated
MOCK03259,DIAB_EYE_EXAM,,25.0,False,Research-simulated
MOCK03265,DIAB_EYE_EXAM,,25.0,False,Research-simulated
MOCK03271,DIAB_EYE_EXAM,,25.0,False,Research-simulated
MOCK03283,DIAB_EYE_EXAM,,25.0,False,Research-simulated
MOCK03289,DIAB_EYE_EXAM,,25.0,False,Research-simulated
MOCK03307,DIAB_EYE_EXAM,,25.0,False,Research-simulated
MOCK03319,DIAB_EYE_EXAM,,25.0,False,Research-simulated
MOCK03349,DIAB_EYE_EXAM,,25.0,False,Research-simulated
MOCK03355,DIAB_EYE_EXAM,,25.0,False,Research-simulated
MOCK03361,DIAB_EYE_EXAM,,25.0,False,Research-simulated
MOCK03403,DIAB_EYE_EXAM,,25.0,False,Research-simulated
MOCK03457,DIAB_EYE_EXAM,,25.0,False,Research-simulated
MOCK03469,DIAB_EYE_EXAM,,25.0,False,Research-simulated
MOCK03475,DIAB_EYE_EXAM,,25.0,False,Research-simulated
MOCK03511,DIAB_EYE_EXAM,,25.0,False,Research-simulated
MOCK03517,DIAB_EYE_EXAM,,25.0,False,Research-simulated
MOCK03565,DIAB_EYE_EXAM,,25.0,False,Research-simulated
MOCK03577,DIAB_EYE_EXAM,,25.0,False,Research-simulated
MOCK03583,DIAB_EYE_EXAM,,25.0,False,Research-simulated
MOCK03607,DIAB_EYE_EXAM,,25.0,False,Research-simulated
MOCK03625,DIAB_EYE_EXAM,,25.0,False,Research-simulated
MOCK03667,DIAB_EYE_EXAM,,25.0,False,Research-simulated
MOCK03733,DIAB_EYE_EXAM,,25.0,False,Research-simulated
MOCK03745,DIAB_EYE_EXAM,,25.0,False,Research-simulated
MOCK03781,DIAB_EYE_EXAM,,25.0,False,Research-simulated
MOCK03793,DIAB_EYE_EXAM,,25.0,False,Research-simulated
MOCK03799,DIAB_EYE_EXAM,,25.0,False,Research-simulated
MOCK03805,DIAB_EYE_EXAM,,25.0,False,Research-simulated
MOCK03817,DIAB_EYE_EXAM,,25.0,False,Research-simulated
MOCK03895,DIAB_EYE_EXAM,,25.0,False,Research-simulated
MOCK03913,DIAB_EYE_EXAM,,25.0,False,Research-simulated
MOCK03919,DIAB_EYE_EXAM,,25.0,False,Research-simulated
MOCK03937,DIAB_EYE_EXAM,,25.0,False,Research-simulated
MOCK03985,DIAB_EYE_EXAM,,25.0,False,Research-simulated
MOCK04009,DIAB_EYE_EXAM,,25.0,False,Research-simulated
MOCK04027,DIAB_EYE_EXAM,,25.0,False,Research-simulated
MOCK04033,DIAB_EYE_EXAM,,25.0,False,Research-simulated
MOCK04045,DIAB_EYE_EXAM,,25.0,False,Research-simulated
MOCK04051,DIAB_EYE_EXAM,,25.0,False,Research-simulated
MOCK04075,DIAB_EYE_EXAM,,25.0,False,Research-simulated
MOCK04081,DIAB_EYE_EXAM,,25.0,False,Research-simulated
MOCK04117,DIAB_EYE_EXAM,,25.0,False,Research-simulated
MOCK04147,DIAB_EYE_EXAM,,25.0,False,Research-simulated
MOCK04165,DIAB_EYE_EXAM,,25.0,False,Research-simulated
MOCK04171,DIAB_EYE_EXAM,,25.0,False,Research-simulated
MOCK04189,DIAB_EYE_EXAM,,25.0,False,Research-simulated
MOCK04207,DIAB_EYE_EXAM,,25.0,False,Research-simulated
MOCK04243,DIAB_EYE_EXAM,,25.0,False,Research-simulated
MOCK04261,DIAB_EYE_EXAM,,25.0,False,Research-simulated
MOCK04267,DIAB_EYE_EXAM,,25.0,False,Research-simulated
MOCK04291,DIAB_EYE_EXAM,,25.0,False,Research-simulated
MOCK04303,DIAB_EYE_EXAM,,25.0,False,Research-simulated
MOCK04321,DIAB_EYE_EXAM,,25.0,False,Research-simulated
MOCK04369,DIAB_EYE_EXAM,,25.0,False,Research-simulated
MOCK04381,DIAB_EYE_EXAM,,25.0,False,Research-simulated
MOCK04429,DIAB_EYE_EXAM,,25.0,False,Research-simulated
MOCK04447,DIAB_EYE_EXAM,,25.0,False,Research-simulated
MOCK04483,DIAB_EYE_EXAM,,25.0,False,Research-simulated
MOCK04507,DIAB_EYE_EXAM,,25.0,False,Research-simulated
MOCK04519,DIAB_EYE_EXAM,,25.0,False,Research-simulated
MOCK04531,DIAB_EYE_EXAM,,25.0,False,Research-simulated
MOCK04555,DIAB_EYE_EXAM,,25.0,False,Research-simulated
MOCK04561,DIAB_EYE_EXAM,,25.0,False,Research-simulated
MOCK04567,DIAB_EYE_EXAM,,25.0,False,Research-simulated
MOCK04585,DIAB_EYE_EXAM,,25.0,False,Research-simulated
MOCK04663,DIAB_EYE_EXAM,,25.0,False,Research-simulated
MOCK04687,DIAB_EYE_EXAM,,25.0,False,Research-simulated
MOCK04699,DIAB_EYE_EXAM,,25.0,False,Research-simulated
MOCK04705,DIAB_EYE_EXAM,,25.0,False,Research-simulated
MOCK04711,DIAB_EYE_EXAM,,25.0,False,Research-simulated
MOCK04759,DIAB_EYE_EXAM,,25.0,False,Research-simulated
MOCK04783,DIAB_EYE_EXAM,,25.0,False,Research-simulated
MOCK04831,DIAB_EYE_EXAM,,25.0,False,Research-simulated
MOCK04861,DIAB_EYE_EXAM,,25.0,False,Research-simulated
MOCK04879,DIAB_EYE_EXAM,,25.0,False,Research-simulated
MOCK04897,DIAB_EYE_EXAM,,25.0,False,Research-simulated
MOCK04939,DIAB_EYE_EXAM,,25.0,False,Research-simulated
MOCK04945,DIAB_EYE_EXAM,,25.0,False,Research-simulated
MOCK04963,DIAB_EYE_EXAM,,25.0,False,Research-simulated
MOCK05011,DIAB_EYE_EXAM,,25.0,False,Research-simulated
MOCK05029,DIAB_EYE_EXAM,,25.0,False,Research-simulated
MOCK05035,DIAB_EYE_EXAM,,25.0,False,Research-simulated
MOCK05065,DIAB_EYE_EXAM,,25.0,False,Research-simulated
MOCK05089,DIAB_EYE_EXAM,,25.0,False,Research-simulated
MOCK05107,DIAB_EYE_EXAM,,25.0,False,Research-simulated
MOCK05125,DIAB_EYE_EXAM,,25.0,False,Research-simulated
MOCK05131,DIAB_EYE_EXAM,,25.0,False,Research-simulated
MOCK05137,DIAB_EYE_EXAM,,25.0,False,Research-simulated
MOCK05143,DIAB_EYE_EXAM,,25.0,False,Research-simulated
MOCK05149,DIAB_EYE_EXAM,,25.0,False,Research-simulated
MOCK05173,DIAB_EYE_EXAM,,25.0,False,Research-simulated
MOCK05191,DIAB_EYE_EXAM,,25.0,False,Research-simulated
MOCK05233,DIAB_EYE_EXAM,,25.0,False,Research-simulated
MOCK05245,DIAB_EYE_EXAM,,25.0,False,Research-simulated
MOCK05257,DIAB_EYE_EXAM,,25.0,False,Research-simulated
MOCK05263,DIAB_EYE_EXAM,,25.0,False,Research-simulated
MOCK05275,DIAB_EYE_EXAM,,25.0,False,Research-simulated
MOCK05281,DIAB_EYE_EXAM,,25.0,False,Research-simulated
MOCK05293,DIAB_EYE_EXAM,,25.0,False,Research-simulated
MOCK05323,DIAB_EYE_EXAM,,25.0,False,Research-simulated
MOCK05383,DIAB_EYE_EXAM,,25.0,False,Research-simulated
MOCK05389,DIAB_EYE_EXAM,,25.0,False,Research-simulated
MOCK05395,DIAB_EYE_EXAM,,25.0,False,Research-simulated
MOCK05407,DIAB_EYE_EXAM,,25.0,False,Research-simulated
MOCK05413,DIAB_EYE_EXAM,,25.0,False,Research-simulated
MOCK05419,DIAB_EYE_EXAM,,25.0,False,Research-simulated
MOCK05431,DIAB_EYE_EXAM,,25.0,False,Research-simulated
MOCK05437,DIAB_EYE_EXAM,,25.0,False,Research-simulated
MOCK05449,DIAB_EYE_EXAM,,25.0,False,Research-simulated
MOCK05473,DIAB_EYE_EXAM,,25.0,False,Research-simulated
MOCK05497,DIAB_EYE_EXAM,,25.0,False,Research-simulated
MOCK05503,DIAB_EYE_EXAM,,25.0,False,Research-simulated
MOCK05599,DIAB_EYE_EXAM,,25.0,False,Research-simulated
MOCK05641,DIAB_EYE_EXAM,,25.0,False,Research-simulated
MOCK05653,DIAB_EYE_EXAM,,25.0,False,Research-simulated
MOCK05683,DIAB_EYE_EXAM,,25.0,False,Research-simulated
MOCK05701,DIAB_EYE_EXAM,,25.0,False,Research-simulated
MOCK05713,DIAB_EYE_EXAM,,25.0,False,Research-simulated
MOCK05737,DIAB_EYE_EXAM,,25.0,False,Research-simulated
MOCK05749,DIAB_EYE_EXAM,,25.0,False,Research-simulated
MOCK05755,DIAB_EYE_EXAM,,25.0,False,Research-simulated
MOCK05767,DIAB_EYE_EXAM,,25.0,False,Research-simulated
MOCK05791,DIAB_EYE_EXAM,,25.0,False,Research-simulated
MOCK05797,DIAB_EYE_EXAM,,25.0,False,Research-simulated
MOCK05809,DIAB_EYE_EXAM,,25.0,False,Research-simulated
MOCK05827,DIAB_EYE_EXAM,,25.0,False,Research-simulated
MOCK05863,DIAB_EYE_EXAM,,25.0,False,Research-simulated
MOCK05887,DIAB_EYE_EXAM,,25.0,False,Research-simulated
MOCK05899,DIAB_EYE_EXAM,,25.0,False,Research-simulated
MOCK05941,DIAB_EYE_EXAM,,25.0,False,Research-simulated
MOCK05947,DIAB_EYE_EXAM,,25.0,False,Research-simulated
MOCK05953,DIAB_EYE_EXAM,,25.0,False,Research-simulated
MOCK05995,DIAB_EYE_EXAM,,25.0,False,Research-simulated
MOCK06013,DIAB_EYE_EXAM,,25.0,False,Research-simulated
MOCK06031,DIAB_EYE_EXAM,,25.0,False,Research-simulated
MOCK06037,DIAB_EYE_EXAM,,25.0,False,Research-simulated
MOCK06043,DIAB_EYE_EXAM,,25.0,False,Research-simulated
MOCK06067,DIAB_EYE_EXAM,,25.0,False,Research-simulated
MOCK06079,DIAB_EYE_EXAM,,25.0,False,Research-simulated
MOCK06085,DIAB_EYE_EXAM,,25.0,False,Research-simulated
MOCK06097,DIAB_EYE_EXAM,,25.0,False,Research-simulated
MOCK06103,DIAB_EYE_EXAM,,25.0,False,Research-simulated
MOCK06121,DIAB_EYE_EXAM,,25.0,False,Research-simulated
MOCK06127,DIAB_EYE_EXAM,,25.0,False,Research-simulated
MOCK06199,DIAB_EYE_EXAM,,25.0,False,Research-simulated
MOCK06211,DIAB_EYE_EXAM,,25.0,False,Research-simulated
MOCK06223,DIAB_EYE_EXAM,,25.0,False,Research-simulated
MOCK06235,DIAB_EYE_EXAM,,25.0,False,Research-simulated
MOCK06265,DIAB_EYE_EXAM,,25.0,False,Research-simulated
MOCK06289,DIAB_EYE_EXAM,,25.0,False,Research-simulated
MOCK06313,DIAB_EYE_EXAM,,25.0,False,Research-simulated
MOCK06355,DIAB_EYE_EXAM,,25.0,False,Research-simulated
MOCK06361,DIAB_EYE_EXAM,,25.0,False,Research-simulated
MOCK06367,DIAB_EYE_EXAM,,25.0,False,Research-simulated
MOCK06379,DIAB_EYE_EXAM,,25.0,False,Research-simulated
MOCK06385,DIAB_EYE_EXAM,,25.0,False,Research-simulated
MOCK06391,DIAB_EYE_EXAM,,25.0,False,Research-simulated
MOCK06397,DIAB_EYE_EXAM,,25.0,False,Research-simulated
MOCK06415,DIAB_EYE_EXAM,,25.0,False,Research-simulated
MOCK06439,DIAB_EYE_EXAM,,25.0,False,Research-simulated
MOCK06457,DIAB_EYE_EXAM,,25.0,False,Research-simulated
MOCK06487,DIAB_EYE_EXAM,,25.0,False,Research-simulated
MOCK06493,DIAB_EYE_EXAM,,25.0,False,Research-simulated
MOCK06517,DIAB_EYE_EXAM,,25.0,False,Research-simulated
MOCK06523,DIAB_EYE_EXAM,,25.0,False,Research-simulated
MOCK06547,DIAB_EYE_EXAM,,25.0,False,Research-simulated
MOCK06571,DIAB_EYE_EXAM,,25.0,False,Research-simulated
MOCK06577,DIAB_EYE_EXAM,,25.0,False,Research-simulated
MOCK06583,DIAB_EYE_EXAM,,25.0,False,Research-simulated
MOCK06589,DIAB_EYE_EXAM,,25.0,False,Research-simulated
MOCK06601,DIAB_EYE_EXAM,,25.0,False,Research-simulated
MOCK06625,DIAB_EYE_EXAM,,25.0,False,Research-simulated
MOCK06637,DIAB_EYE_EXAM,,25.0,False,Research-simulated
MOCK06655,DIAB_EYE_EXAM,,25.0,False,Research-simulated
MOCK06667,DIAB_EYE_EXAM,,25.0,False,Research-simulated
MOCK06679,DIAB_EYE_EXAM,,25.0,False,Research-simulated
MOCK06763,DIAB_EYE_EXAM,,25.0,False,Research-simulated
MOCK06769,DIAB_EYE_EXAM,,25.0,False,Research-simulated
MOCK06775,DIAB_EYE_EXAM,,25.0,False,Research-simulated
MOCK06793,DIAB_EYE_EXAM,,25.0,False,Research-simulated
MOCK06799,DIAB_EYE_EXAM,,25.0,False,Research-simulated
MOCK06829,DIAB_EYE_EXAM,,25.0,False,Research-simulated
MOCK06847,DIAB_EYE_EXAM,,25.0,False,Research-simulated
MOCK06853,DIAB_EYE_EXAM,,25.0,False,Research-simulated
MOCK06859,DIAB_EYE_EXAM,,25.0,False,Research-simulated
MOCK06865,DIAB_EYE_EXAM,,25.0,False,Research-simulated
MOCK06919,DIAB_EYE_EXAM,,25.0,False,Research-simulated
MOCK06949,DIAB_EYE_EXAM,,25.0,False,Research-simulated
MOCK06991,DIAB_EYE_EXAM,,25.0,False,Research-simulated
MOCK06997,DIAB_EYE_EXAM,,25.0,False,Research-simulated
MOCK07003,DIAB_EYE_EXAM,,25.0,False,Research-simulated
MOCK07009,DIAB_EYE_EXAM,,25.0,False,Research-simulated
MOCK07027,DIAB_EYE_EXAM,,25.0,False,Research-simulated
MOCK07033,DIAB_EYE_EXAM,,25.0,False,Research-simulated
MOCK07039,DIAB_EYE_EXAM,,25.0,False,Research-simulated
MOCK07075,DIAB_EYE_EXAM,,25.0,False,Research-simulated
MOCK07087,DIAB_EYE_EXAM,,25.0,False,Research-simulated
MOCK07117,DIAB_EYE_EXAM,,25.0,False,Research-simulated
MOCK07135,DIAB_EYE_EXAM,,25.0,False,Research-simulated
MOCK07141,DIAB_EYE_EXAM,,25.0,False,Research-simulated
MOCK07189,DIAB_EYE_EXAM,,25.0,False,Research-simulated
MOCK07195,DIAB_EYE_EXAM,,25.0,False,Research-simulated
MOCK07201,DIAB_EYE_EXAM,,25.0,False,Research-simulated
MOCK07207,DIAB_EYE_EXAM,,25.0,False,Research-simulated
MOCK07243,DIAB_EYE_EXAM,,25.0,False,Research-simulated
MOCK07279,DIAB_EYE_EXAM,,25.0,False,Research-simulated
MOCK07297,DIAB_EYE_EXAM,,25.0,False,Research-simulated
MOCK07333,DIAB_EYE_EXAM,,25.0,False,Research-simulated
MOCK07351,DIAB_EYE_EXAM,,25.0,False,Research-simulated
MOCK07363,DIAB_EYE_EXAM,,25.0,False,Research-simulated
MOCK07375,DIAB_EYE_EXAM,,25.0,False,Research-simulated
MOCK07387,DIAB_EYE_EXAM,,25.0,False,Research-simulated
MOCK07393,DIAB_EYE_EXAM,,25.0,False,Research-simulated
MOCK07411,DIAB_EYE_EXAM,,25.0,False,Research-simulated
MOCK07447,DIAB_EYE_EXAM,,25.0,False,Research-simulated
MOCK07453,DIAB_EYE_EXAM,,25.0,False,Research-simulated
MOCK07459,DIAB_EYE_EXAM,,25.0,False,Research-simulated
MOCK07465,DIAB_EYE_EXAM,,25.0,False,Research-simulated
MOCK07555,DIAB_EYE_EXAM,,25.0,False,Research-simulated
MOCK07579,DIAB_EYE_EXAM,,25.0,False,Research-simulated
MOCK07591,DIAB_EYE_EXAM,,25.0,False,Research-simulated
MOCK07597,DIAB_EYE_EXAM,,25.0,False,Research-simulated
MOCK07609,DIAB_EYE_EXAM,,25.0,False,Research-simulated
MOCK07639,DIAB_EYE_EXAM,,25.0,False,Research-simulated
MOCK07645,DIAB_EYE_EXAM,,25.0,False,Research-simulated
MOCK07657,DIAB_EYE_EXAM,,25.0,False,Research-simulated
MOCK07681,DIAB_EYE_EXAM,,25.0,False,Research-simulated
MOCK07807,DIAB_EYE_EXAM,,25.0,False,Research-simulated
MOCK07813,DIAB_EYE_EXAM,,25.0,False,Research-simulated
MOCK07825,DIAB_EYE_EXAM,,25.0,False,Research-simulated
MOCK07849,DIAB_EYE_EXAM,,25.0,False,Research-simulated
MOCK07861,DIAB_EYE_EXAM,,25.0,False,Research-simulated
MOCK07867,DIAB_EYE_EXAM,,25.0,False,Research-simulated
MOCK07897,DIAB_EYE_EXAM,,25.0,False,Research-simulated
MOCK07903,DIAB_EYE_EXAM,,25.0,False,Research-simulated
MOCK07909,DIAB_EYE_EXAM,,25.0,False,Research-simulated
MOCK07939,DIAB_EYE_EXAM,,25.0,False,Research-simulated
MOCK07957,DIAB_EYE_EXAM,,25.0,False,Research-simulated
MOCK07981,DIAB_EYE_EXAM,,25.0,False,Research-simulated
MOCK07999,DIAB_EYE_EXAM,,25.0,False,Research-simulated
MOCK08005,DIAB_EYE_EXAM,,25.0,False,Research-simulated
MOCK08035,DIAB_EYE_EXAM,,25.0,False,Research-simulated
MOCK08041,DIAB_EYE_EXAM,,25.0,False,Research-simulated
MOCK08089,DIAB_EYE_EXAM,,25.0,False,Research-simulated
MOCK08101,DIAB_EYE_EXAM,,25.0,False,Research-simulated
MOCK08119,DIAB_EYE_EXAM,,25.0,False,Research-simulated
MOCK08143,DIAB_EYE_EXAM,,25.0,False,Research-simulated
MOCK08179,DIAB_EYE_EXAM,,25.0,False,Research-simulated
MOCK08185,DIAB_EYE_EXAM,,25.0,False,Research-simulated
MOCK08203,DIAB_EYE_EXAM,,25.0,False,Research-simulated
MOCK08215,DIAB_EYE_EXAM,,25.0,False,Research-simulated
MOCK08245,DIAB_EYE_EXAM,,25.0,False,Research-simulated
MOCK08263,DIAB_EYE_EXAM,,25.0,False,Research-simulated
MOCK08269,DIAB_EYE_EXAM,,25.0,False,Research-simulated
MOCK08299,DIAB_EYE_EXAM,,25.0,False,Research-simulated
MOCK08341,DIAB_EYE_EXAM,,25.0,False,Research-simulated
MOCK08347,DIAB_EYE_EXAM,,25.0,False,Research-simulated
MOCK08359,DIAB_EYE_EXAM,,25.0,False,Research-simulated
MOCK08389,DIAB_EYE_EXAM,,25.0,False,Research-simulated
MOCK08425,DIAB_EYE_EXAM,,25.0,False,Research-simulated
MOCK08443,DIAB_EYE_EXAM,,25.0,False,Research-simulated
MOCK08449,DIAB_EYE_EXAM,,25.0,False,Research-simulated
MOCK08461,DIAB_EYE_EXAM,,25.0,False,Research-simulated
MOCK08467,DIAB_EYE_EXAM,,25.0,False,Research-simulated
MOCK08491,DIAB_EYE_EXAM,,25.0,False,Research-simulated
MOCK08551,DIAB_EYE_EXAM,,25.0,False,Research-simulated
MOCK08557,DIAB_EYE_EXAM,,25.0,False,Research-simulated
MOCK08563,DIAB_EYE_EXAM,,25.0,False,Research-simulated
MOCK08575,DIAB_EYE_EXAM,,25.0,False,Research-simulated
MOCK08581,DIAB_EYE_EXAM,,25.0,False,Research-simulated
MOCK08593,DIAB_EYE_EXAM,,25.0,False,Research-simulated
MOCK08641,DIAB_EYE_EXAM,,25.0,False,Research-simulated
MOCK08671,DIAB_EYE_EXAM,,25.0,False,Research-simulated
MOCK08677,DIAB_EYE_EXAM,,25.0,False,Research-simulated
MOCK08689,DIAB_EYE_EXAM,,25.0,False,Research-simulated
MOCK08695,DIAB_EYE_EXAM,,25.0,False,Research-simulated
MOCK08743,DIAB_EYE_EXAM,,25.0,False,Research-simulated
MOCK08749,DIAB_EYE_EXAM,,25.0,False,Research-simulated
MOCK08803,DIAB_EYE_EXAM,,25.0,False,Research-simulated
MOCK08911,DIAB_EYE_EXAM,,25.0,False,Research-simulated
MOCK08929,DIAB_EYE_EXAM,,25.0,False,Research-simulated
MOCK08983,DIAB_EYE_EXAM,,25.0,False,Research-simulated
MOCK09001,DIAB_EYE_EXAM,,25.0,False,Research-simulated
MOCK09013,DIAB_EYE_EXAM,,25.0,False,Research-simulated
MOCK09025,DIAB_EYE_EXAM,,25.0,False,Research-simulated
MOCK09043,DIAB_EYE_EXAM,,25.0,False,Research-simulated
MOCK09055,DIAB_EYE_EXAM,,25.0,False,Research-simulated
MOCK09085,DIAB_EYE_EXAM,,25.0,False,Research-simulated
MOCK09097,DIAB_EYE_EXAM,,25.0,False,Research-simulated
MOCK09103,DIAB_EYE_EXAM,,25.0,False,Research-simulated
MOCK09109,DIAB_EYE_EXAM,,25.0,False,Research-simulated
MOCK09121,DIAB_EYE_EXAM,,25.0,False,Research-simulated
MOCK09163,DIAB_EYE_EXAM,,25.0,False,Research-simulated
MOCK09169,DIAB_EYE_EXAM,,25.0,False,Research-simulated
MOCK09187,DIAB_EYE_EXAM,,25.0,False,Research-simulated
MOCK09223,DIAB_EYE_EXAM,,25.0,False,Research-simulated
MOCK09247,DIAB_EYE_EXAM,,25.0,False,Research-simulated
MOCK09271,DIAB_EYE_EXAM,,25.0,False,Research-simulated
MOCK09307,DIAB_EYE_EXAM,,25.0,False,Research-simulated
MOCK09313,DIAB_EYE_EXAM,,25.0,False,Research-simulated
MOCK09319,DIAB_EYE_EXAM,,25.0,False,Research-simulated
MOCK09337,DIAB_EYE_EXAM,,25.0,False,Research-simulated
MOCK09349,DIAB_EYE_EXAM,,25.0,False,Research-simulated
MOCK09361,DIAB_EYE_EXAM,,25.0,False,Research-simulated
MOCK09385,DIAB_EYE_EXAM,,25.0,False,Research-simulated
MOCK09391,DIAB_EYE_EXAM,,25.0,False,Research-simulated
MOCK09397,DIAB_EYE_EXAM,,25.0,False,Research-simulated
MOCK09403,DIAB_EYE_EXAM,,25.0,False,Research-simulated
MOCK09415,DIAB_EYE_EXAM,,25.0,False,Research-simulated
MOCK09421,DIAB_EYE_EXAM,,25.0,False,Research-simulated
MOCK09427,DIAB_EYE_EXAM,,25.0,False,Research-simulated
MOCK09445,DIAB_EYE_EXAM,,25.0,False,Research-simulated
MOCK09451,DIAB_EYE_EXAM,,25.0,False,Research-simulated
MOCK09493,DIAB_EYE_EXAM,,25.0,False,Research-simulated
MOCK09511,DIAB_EYE_EXAM,,25.0,False,Research-simulated
MOCK09541,DIAB_EYE_EXAM,,25.0,False,Research-simulated
MOCK09619,DIAB_EYE_EXAM,,25.0,False,Research-simulated
MOCK09649,DIAB_EYE_EXAM,,25.0,False,Research-simulated
MOCK09703,DIAB_EYE_EXAM,,25.0,False,Research-simulated
MOCK09721,DIAB_EYE_EXAM,,25.0,False,Research-simulated
MOCK09739,DIAB_EYE_EXAM,,25.0,False,Research-simulated
MOCK09763,DIAB_EYE_EXAM,,25.0,False,Research-simulated
MOCK09781,DIAB_EYE_EXAM,,25.0,False,Research-simulated
MOCK09793,DIAB_EYE_EXAM,,25.0,False,Research-simulated
MOCK09805,DIAB_EYE_EXAM,,25.0,False,Research-simulated
MOCK09811,DIAB_EYE_EXAM,,25.0,False,Research-simulated
MOCK09829,DIAB_EYE_EXAM,,25.0,False,Research-simulated
MOCK09841,DIAB_EYE_EXAM,,25.0,False,Research-simulated
MOCK09847,DIAB_EYE_EXAM,,25.0,False,Research-simulated
MOCK09859,DIAB_EYE_EXAM,,25.0,False,Research-simulated
MOCK09865,DIAB_EYE_EXAM,,25.0,False,Research-simulated
MOCK09901,DIAB_EYE_EXAM,,25.0,False,Research-simulated
MOCK09913,DIAB_EYE_EXAM,,25.0,False,Research-simulated
MOCK09919,DIAB_EYE_EXAM,,25.0,False,Research-simulated
MOCK09955,DIAB_EYE_EXAM,,25.0,False,Research-simulated
MOCK09985,DIAB_EYE_EXAM,,25.0,False,Research-simulated
MOCK00013,DIAB_NEPHRO_SCREEN,,20.0,False,Research-simulated
MOCK00019,DIAB_NEPHRO_SCREEN,,20.0,False,Research-simulated
MOCK00025,DIAB_NEPHRO_SCREEN,,20.0,False,Research-simulated
MOCK00037,DIAB_NEPHRO_SCREEN,,20.0,False,Research-simulated
MOCK00043,DIAB_NEPHRO_SCREEN,,20.0,False,Research-simulated
MOCK00061,DIAB_NEPHRO_SCREEN,,20.0,False,Research-simulated
MOCK00079,DIAB_NEPHRO_SCREEN,,20.0,False,Research-simulated
MOCK00085,DIAB_NEPHRO_SCREEN,,20.0,False,Research-simulated
MOCK00091,DIAB_NEPHRO_SCREEN,,20.0,False,Research-simulated
MOCK00115,DIAB_NEPHRO_SCREEN,,20.0,False,Research-simulated
MOCK00133,DIAB_NEPHRO_SCREEN,,20.0,False,Research-simulated
MOCK00139,DIAB_NEPHRO_SCREEN,,20.0,False,Research-simulated
MOCK00157,DIAB_NEPHRO_SCREEN,,20.0,False,Research-simulated
MOCK00187,DIAB_NEPHRO_SCREEN,,20.0,False,Research-simulated
MOCK00247,DIAB_NEPHRO_SCREEN,,20.0,False,Research-simulated
MOCK00271,DIAB_NEPHRO_SCREEN,,20.0,False,Research-simulated
MOCK00313,DIAB_NEPHRO_SCREEN,,20.0,False,Research-simulated
MOCK00331,DIAB_NEPHRO_SCREEN,,20.0,False,Research-simulated
MOCK00337,DIAB_NEPHRO_SCREEN,,20.0,False,Research-simulated
MOCK00343,DIAB_NEPHRO_SCREEN,,20.0,False,Research-simulated
MOCK00349,DIAB_NEPHRO_SCREEN,,20.0,False,Research-simulated
MOCK00361,DIAB_NEPHRO_SCREEN,,20.0,False,Research-simulated
MOCK00373,DIAB_NEPHRO_SCREEN,,20.0,False,Research-simulated
MOCK00421,DIAB_NEPHRO_SCREEN,,20.0,False,Research-simulated
MOCK00427,DIAB_NEPHRO_SCREEN,,20.0,False,Research-simulated
MOCK00445,DIAB_NEPHRO_SCREEN,,20.0,False,Research-simulated
MOCK00451,DIAB_NEPHRO_SCREEN,,20.0,False,Research-simulated
MOCK00463,DIAB_NEPHRO_SCREEN,,20.0,False,Research-simulated
MOCK00475,DIAB_NEPHRO_SCREEN,,20.0,False,Research-simulated
MOCK00511,DIAB_NEPHRO_SCREEN,,20.0,False,Research-simulated
MOCK00517,DIAB_NEPHRO_SCREEN,,20.0,False,Research-simulated
MOCK00523,DIAB_NEPHRO_SCREEN,,20.0,False,Research-simulated
MOCK00529,DIAB_NEPHRO_SCREEN,,20.0,False,Research-simulated
MOCK00547,DIAB_NEPHRO_SCREEN,,20.0,False,Research-simulated
MOCK00559,DIAB_NEPHRO_SCREEN,,20.0,False,Research-simulated
MOCK00565,DIAB_NEPHRO_SCREEN,,20.0,False,Research-simulated
MOCK00583,DIAB_NEPHRO_SCREEN,,20.0,False,Research-simulated
MOCK00619,DIAB_NEPHRO_SCREEN,,20.0,False,Research-simulated
MOCK00649,DIAB_NEPHRO_SCREEN,,20.0,False,Research-simulated
MOCK00667,DIAB_NEPHRO_SCREEN,,20.0,False,Research-simulated
MOCK00691,DIAB_NEPHRO_SCREEN,,20.0,False,Research-simulated
MOCK00697,DIAB_NEPHRO_SCREEN,,20.0,False,Research-simulated
MOCK00757,DIAB_NEPHRO_SCREEN,,20.0,False,Research-simulated
MOCK00763,DIAB_NEPHRO_SCREEN,,20.0,False,Research-simulated
MOCK00769,DIAB_NEPHRO_SCREEN,,20.0,False,Research-simulated
MOCK00775,DIAB_NEPHRO_SCREEN,,20.0,False,Research-simulated
MOCK00799,DIAB_NEPHRO_SCREEN,,20.0,False,Research-simulated
MOCK00841,DIAB_NEPHRO_SCREEN,,20.0,False,Research-simulated
MOCK00847,DIAB_NEPHRO_SCREEN,,20.0,False,Research-simulated
MOCK00865,DIAB_NEPHRO_SCREEN,,20.0,False,Research-simulated
MOCK00889,DIAB_NEPHRO_SCREEN,,20.0,False,Research-simulated
MOCK00901,DIAB_NEPHRO_SCREEN,,20.0,False,Research-simulated
MOCK00913,DIAB_NEPHRO_SCREEN,,20.0,False,Research-simulated
MOCK00919,DIAB_NEPHRO_SCREEN,,20.0,False,Research-simulated
MOCK00961,DIAB_NEPHRO_SCREEN,,20.0,False,Research-simulated
MOCK00973,DIAB_NEPHRO_SCREEN,,20.0,False,Research-simulated
MOCK01003,DIAB_NEPHRO_SCREEN,,20.0,False,Research-simulated
MOCK01027,DIAB_NEPHRO_SCREEN,,20.0,False,Research-simulated
MOCK01057,DIAB_NEPHRO_SCREEN,,20.0,False,Research-simulated
MOCK01123,DIAB_NEPHRO_SCREEN,,20.0,False,Research-simulated
MOCK01153,DIAB_NEPHRO_SCREEN,,20.0,False,Research-simulated
MOCK01165,DIAB_NEPHRO_SCREEN,,20.0,False,Research-simulated
MOCK01183,DIAB_NEPHRO_SCREEN,,20.0,False,Research-simulated
MOCK01207,DIAB_NEPHRO_SCREEN,,20.0,False,Research-simulated
MOCK01285,DIAB_NEPHRO_SCREEN,,20.0,False,Research-simulated
MOCK01309,DIAB_NEPHRO_SCREEN,,20.0,False,Research-simulated
MOCK01315,DIAB_NEPHRO_SCREEN,,20.0,False,Research-simulated
MOCK01339,DIAB_NEPHRO_SCREEN,,20.0,False,Research-simulated
MOCK01375,DIAB_NEPHRO_SCREEN,,20.0,False,Research-simulated
MOCK01381,DIAB_NEPHRO_SCREEN,,20.0,False,Research-simulated
MOCK01387,DIAB_NEPHRO_SCREEN,,20.0,False,Research-simulated
MOCK01417,DIAB_NEPHRO_SCREEN,,20.0,False,Research-simulated
MOCK01429,DIAB_NEPHRO_SCREEN,,20.0,False,Research-simulated
MOCK01459,DIAB_NEPHRO_SCREEN,,20.0,False,Research-simulated
MOCK01465,DIAB_NEPHRO_SCREEN,,20.0,False,Research-simulated
MOCK01477,DIAB_NEPHRO_SCREEN,,20.0,False,Research-simulated
MOCK01537,DIAB_NEPHRO_SCREEN,,20.0,False,Research-simulated
MOCK01543,DIAB_NEPHRO_SCREEN,,20.0,False,Research-simulated
MOCK01555,DIAB_NEPHRO_SCREEN,,20.0,False,Research-simulated
MOCK01579,DIAB_NEPHRO_SCREEN,,20.0,False,Research-simulated
MOCK01585,DIAB_NEPHRO_SCREEN,,20.0,False,Research-simulated
MOCK01591,DIAB_NEPHRO_SCREEN,,20.0,False,Research-simulated
MOCK01621,DIAB_NEPHRO_SCREEN,,20.0,False,Research-simulated
MOCK01633,DIAB_NEPHRO_SCREEN,,20.0,False,Research-simulated
MOCK01639,DIAB_NEPHRO_SCREEN,,20.0,False,Research-simulated
MOCK01669,DIAB_NEPHRO_SCREEN,,20.0,False,Research-simulated
MOCK01705,DIAB_NEPHRO_SCREEN,,20.0,False,Research-simulated
MOCK01723,DIAB_NEPHRO_SCREEN,,20.0,False,Research-simulated
MOCK01747,DIAB_NEPHRO_SCREEN,,20.0,False,Research-simulated
MOCK01753,DIAB_NEPHRO_SCREEN,,20.0,False,Research-simulated
MOCK01759,DIAB_NEPHRO_SCREEN,,20.0,False,Research-simulated
MOCK01783,DIAB_NEPHRO_SCREEN,,20.0,False,Research-simulated
MOCK01813,DIAB_NEPHRO_SCREEN,,20.0,False,Research-simulated
MOCK01819,DIAB_NEPHRO_SCREEN,,20.0,False,Research-simulated
MOCK01855,DIAB_NEPHRO_SCREEN,,20.0,False,Research-simulated
MOCK01885,DIAB_NEPHRO_SCREEN,,20.0,False,Research-simulated
MOCK01897,DIAB_NEPHRO_SCREEN,,20.0,False,Research-simulated
MOCK01921,DIAB_NEPHRO_SCREEN,,20.0,False,Research-simulated
MOCK01927,DIAB_NEPHRO_SCREEN,,20.0,False,Research-simulated
MOCK01951,DIAB_NEPHRO_SCREEN,,20.0,False,Research-simulated
MOCK01969,DIAB_NEPHRO_SCREEN,,20.0,False,Research-simulated
MOCK01993,DIAB_NEPHRO_SCREEN,,20.0,False,Research-simulated
MOCK02029,DIAB_NEPHRO_SCREEN,,20.0,False,Research-simulated
MOCK02059,DIAB_NEPHRO_SCREEN,,20.0,False,Research-simulated
MOCK02065,DIAB_NEPHRO_SCREEN,,20.0,False,Research-simulated
MOCK02077,DIAB_NEPHRO_SCREEN,,20.0,False,Research-simulated
MOCK02089,DIAB_NEPHRO_SCREEN,,20.0,False,Research-simulated
MOCK02119,DIAB_NEPHRO_SCREEN,,20.0,False,Research-simulated
MOCK02137,DIAB_NEPHRO_SCREEN,,20.0,False,Research-simulated
MOCK02161,DIAB_NEPHRO_SCREEN,,20.0,False,Research-simulated
MOCK02167,DIAB_NEPHRO_SCREEN,,20.0,False,Research-simulated
MOCK02179,DIAB_NEPHRO_SCREEN,,20.0,False,Research-simulated
MOCK02185,DIAB_NEPHRO_SCREEN,,20.0,False,Research-simulated
MOCK02203,DIAB_NEPHRO_SCREEN,,20.0,False,Research-simulated
MOCK02209,DIAB_NEPHRO_SCREEN,,20.0,False,Research-simulated
MOCK02221,DIAB_NEPHRO_SCREEN,,20.0,False,Research-simulated
MOCK02275,DIAB_NEPHRO_SCREEN,,20.0,False,Research-simulated
MOCK02281,DIAB_NEPHRO_SCREEN,,20.0,False,Research-simulated
MOCK02305,DIAB_NEPHRO_SCREEN,,20.0,False,Research-simulated
MOCK02317,DIAB_NEPHRO_SCREEN,,20.0,False,Research-simulated
MOCK02347,DIAB_NEPHRO_SCREEN,,20.0,False,Research-simulated
MOCK02365,DIAB_NEPHRO_SCREEN,,20.0,False,Research-simulated
MOCK02377,DIAB_NEPHRO_SCREEN,,20.0,False,Research-simulated
MOCK02383,DIAB_NEPHRO_SCREEN,,20.0,False,Research-simulated
MOCK02395,DIAB_NEPHRO_SCREEN,,20.0,False,Research-simulated
MOCK02401,DIAB_NEPHRO_SCREEN,,20.0,False,Research-simulated
MOCK02413,DIAB_NEPHRO_SCREEN,,20.0,False,Research-simulated
MOCK02419,DIAB_NEPHRO_SCREEN,,20.0,False,Research-simulated
MOCK02425,DIAB_NEPHRO_SCREEN,,20.0,False,Research-simulated
MOCK02443,DIAB_NEPHRO_SCREEN,,20.0,False,Research-simulated
MOCK02461,DIAB_NEPHRO_SCREEN,,20.0,False,Research-simulated
MOCK02473,DIAB_NEPHRO_SCREEN,,20.0,False,Research-simulated
MOCK02479,DIAB_NEPHRO_SCREEN,,20.0,False,Research-simulated
MOCK02497,DIAB_NEPHRO_SCREEN,,20.0,False,Research-simulated
MOCK02503,DIAB_NEPHRO_SCREEN,,20.0,False,Research-simulated
MOCK02545,DIAB_NEPHRO_SCREEN,,20.0,False,Research-simulated
MOCK02563,DIAB_NEPHRO_SCREEN,,20.0,False,Research-simulated
MOCK02569,DIAB_NEPHRO_SCREEN,,20.0,False,Research-simulated
MOCK02623,DIAB_NEPHRO_SCREEN,,20.0,False,Research-simulated
MOCK02641,DIAB_NEPHRO_SCREEN,,20.0,False,Research-simulated
MOCK02665,DIAB_NEPHRO_SCREEN,,20.0,False,Research-simulated
MOCK02671,DIAB_NEPHRO_SCREEN,,20.0,False,Research-simulated
MOCK02683,DIAB_NEPHRO_SCREEN,,20.0,False,Research-simulated
MOCK02689,DIAB_NEPHRO_SCREEN,,20.0,False,Research-simulated
MOCK02713,DIAB_NEPHRO_SCREEN,,20.0,False,Research-simulated
MOCK02725,DIAB_NEPHRO_SCREEN,,20.0,False,Research-simulated
MOCK02761,DIAB_NEPHRO_SCREEN,,20.0,False,Research-simulated
MOCK02779,DIAB_NEPHRO_SCREEN,,20.0,False,Research-simulated
MOCK02791,DIAB_NEPHRO_SCREEN,,20.0,False,Research-simulated
MOCK02815,DIAB_NEPHRO_SCREEN,,20.0,False,Research-simulated
MOCK02827,DIAB_NEPHRO_SCREEN,,20.0,False,Research-simulated
MOCK02839,DIAB_NEPHRO_SCREEN,,20.0,False,Research-simulated
MOCK02851,DIAB_NEPHRO_SCREEN,,20.0,False,Research-simulated
MOCK02869,DIAB_NEPHRO_SCREEN,,20.0,False,Research-simulated
MOCK02881,DIAB_NEPHRO_SCREEN,,20.0,False,Research-simulated
MOCK02923,DIAB_NEPHRO_SCREEN,,20.0,False,Research-simulated
MOCK02965,DIAB_NEPHRO_SCREEN,,20.0,False,Research-simulated
MOCK02977,DIAB_NEPHRO_SCREEN,,20.0,False,Research-simulated
MOCK02983,DIAB_NEPHRO_SCREEN,,20.0,False,Research-simulated
MOCK02989,DIAB_NEPHRO_SCREEN,,20.0,False,Research-simulated
MOCK03049,DIAB_NEPHRO_SCREEN,,20.0,False,Research-simulated
MOCK03067,DIAB_NEPHRO_SCREEN,,20.0,False,Research-simulated
MOCK03085,DIAB_NEPHRO_SCREEN,,20.0,False,Research-simulated
MOCK03091,DIAB_NEPHRO_SCREEN,,20.0,False,Research-simulated
MOCK03103,DIAB_NEPHRO_SCREEN,,20.0,False,Research-simulated
MOCK03127,DIAB_NEPHRO_SCREEN,,20.0,False,Research-simulated
MOCK03151,DIAB_NEPHRO_SCREEN,,20.0,False,Research-simulated
MOCK03157,DIAB_NEPHRO_SCREEN,,20.0,False,Research-simulated
MOCK03163,DIAB_NEPHRO_SCREEN,,20.0,False,Research-simulated
MOCK03181,DIAB_NEPHRO_SCREEN,,20.0,False,Research-simulated
MOCK03217,DIAB_NEPHRO_SCREEN,,20.0,False,Research-simulated
MOCK03223,DIAB_NEPHRO_SCREEN,,20.0,False,Research-simulated
MOCK03325,DIAB_NEPHRO_SCREEN,,20.0,False,Research-simulated
MOCK03331,DIAB_NEPHRO_SCREEN,,20.0,False,Research-simulated
MOCK03337,DIAB_NEPHRO_SCREEN,,20.0,False,Research-simulated
MOCK03367,DIAB_NEPHRO_SCREEN,,20.0,False,Research-simulated
MOCK03373,DIAB_NEPHRO_SCREEN,,20.0,False,Research-simulated
MOCK03379,DIAB_NEPHRO_SCREEN,,20.0,False,Research-simulated
MOCK03391,DIAB_NEPHRO_SCREEN,,20.0,False,Research-simulated
MOCK03427,DIAB_NEPHRO_SCREEN,,20.0,False,Research-simulated
MOCK03463,DIAB_NEPHRO_SCREEN,,20.0,False,Research-simulated
MOCK03487,DIAB_NEPHRO_SCREEN,,20.0,False,Research-simulated
MOCK03499,DIAB_NEPHRO_SCREEN,,20.0,False,Research-simulated
MOCK03505,DIAB_NEPHRO_SCREEN,,20.0,False,Research-simulated
MOCK03523,DIAB_NEPHRO_SCREEN,,20.0,False,Research-simulated
MOCK03547,DIAB_NEPHRO_SCREEN,,20.0,False,Research-simulated
MOCK03559,DIAB_NEPHRO_SCREEN,,20.0,False,Research-simulated
MOCK03595,DIAB_NEPHRO_SCREEN,,20.0,False,Research-simulated
MOCK03601,DIAB_NEPHRO_SCREEN,,20.0,False,Research-simulated
MOCK03619,DIAB_NEPHRO_SCREEN,,20.0,False,Research-simulated
MOCK03643,DIAB_NEPHRO_SCREEN,,20.0,False,Research-simulated
MOCK03655,DIAB_NEPHRO_SCREEN,,20.0,False,Research-simulated
MOCK03661,DIAB_NEPHRO_SCREEN,,20.0,False,Research-simulated
MOCK03685,DIAB_NEPHRO_SCREEN,,20.0,False,Research-simulated
MOCK03715,DIAB_NEPHRO_SCREEN,,20.0,False,Research-simulated
MOCK03727,DIAB_NEPHRO_SCREEN,,20.0,False,Research-simulated
MOCK03739,DIAB_NEPHRO_SCREEN,,20.0,False,Research-simulated
MOCK03769,DIAB_NEPHRO_SCREEN,,20.0,False,Research-simulated
MOCK03787,DIAB_NEPHRO_SCREEN,,20.0,False,Research-simulated
MOCK03847,DIAB_NEPHRO_SCREEN,,20.0,False,Research-simulated
MOCK03853,DIAB_NEPHRO_SCREEN,,20.0,False,Research-simulated
MOCK03859,DIAB_NEPHRO_SCREEN,,20.0,False,Research-simulated
MOCK03865,DIAB_NEPHRO_SCREEN,,20.0,False,Research-simulated
MOCK03877,DIAB_NEPHRO_SCREEN,,20.0,False,Research-simulated
MOCK03901,DIAB_NEPHRO_SCREEN,,20.0,False,Research-simulated
MOCK03907,DIAB_NEPHRO_SCREEN,,20.0,False,Research-simulated
MOCK03943,DIAB_NEPHRO_SCREEN,,20.0,False,Research-simulated
MOCK03967,DIAB_NEPHRO_SCREEN,,20.0,False,Research-simulated
MOCK03973,DIAB_NEPHRO_SCREEN,,20.0,False,Research-simulated
MOCK03979,DIAB_NEPHRO_SCREEN,,20.0,False,Research-simulated
MOCK03991,DIAB_NEPHRO_SCREEN,,20.0,False,Research-simulated
MOCK04003,DIAB_NEPHRO_SCREEN,,20.0,False,Research-simulated
MOCK04015,DIAB_NEPHRO_SCREEN,,20.0,False,Research-simulated
MOCK04069,DIAB_NEPHRO_SCREEN,,20.0,False,Research-simulated
MOCK04087,DIAB_NEPHRO_SCREEN,,20.0,False,Research-simulated
MOCK04099,DIAB_NEPHRO_SCREEN,,20.0,False,Research-simulated
MOCK04123,DIAB_NEPHRO_SCREEN,,20.0,False,Research-simulated
MOCK04153,DIAB_NEPHRO_SCREEN,,20.0,False,Research-simulated
MOCK04183,DIAB_NEPHRO_SCREEN,,20.0,False,Research-simulated
MOCK04225,DIAB_NEPHRO_SCREEN,,20.0,False,Research-simulated
MOCK04249,DIAB_NEPHRO_SCREEN,,20.0,False,Research-simulated
MOCK04255,DIAB_NEPHRO_SCREEN,,20.0,False,Research-simulated
MOCK04273,DIAB_NEPHRO_SCREEN,,20.0,False,Research-simulated
MOCK04297,DIAB_NEPHRO_SCREEN,,20.0,False,Research-simulated
MOCK04315,DIAB_NEPHRO_SCREEN,,20.0,False,Research-simulated
MOCK04339,DIAB_NEPHRO_SCREEN,,20.0,False,Research-simulated
MOCK04351,DIAB_NEPHRO_SCREEN,,20.0,False,Research-simulated
MOCK04357,DIAB_NEPHRO_SCREEN,,20.0,False,Research-simulated
MOCK04363,DIAB_NEPHRO_SCREEN,,20.0,False,Research-simulated
MOCK04393,DIAB_NEPHRO_SCREEN,,20.0,False,Research-simulated
MOCK04405,DIAB_NEPHRO_SCREEN,,20.0,False,Research-simulated
MOCK04411,DIAB_NEPHRO_SCREEN,,20.0,False,Research-simulated
MOCK04423,DIAB_NEPHRO_SCREEN,,20.0,False,Research-simulated
MOCK04471,DIAB_NEPHRO_SCREEN,,20.0,False,Research-simulated
MOCK04513,DIAB_NEPHRO_SCREEN,,20.0,False,Research-simulated
MOCK04525,DIAB_NEPHRO_SCREEN,,20.0,False,Research-simulated
MOCK04543,DIAB_NEPHRO_SCREEN,,20.0,False,Research-simulated
MOCK04549,DIAB_NEPHRO_SCREEN,,20.0,False,Research-simulated
MOCK04573,DIAB_NEPHRO_SCREEN,,20.0,False,Research-simulated
MOCK04579,DIAB_NEPHRO_SCREEN,,20.0,False,Research-simulated
MOCK04597,DIAB_NEPHRO_SCREEN,,20.0,False,Research-simulated
MOCK04603,DIAB_NEPHRO_SCREEN,,20.0,False,Research-simulated
MOCK04609,DIAB_NEPHRO_SCREEN,,20.0,False,Research-simulated
MOCK04615,DIAB_NEPHRO_SCREEN,,20.0,False,Research-simulated
MOCK04651,DIAB_NEPHRO_SCREEN,,20.0,False,Research-simulated
MOCK04675,DIAB_NEPHRO_SCREEN,,20.0,False,Research-simulated
MOCK04681,DIAB_NEPHRO_SCREEN,,20.0,False,Research-simulated
MOCK04693,DIAB_NEPHRO_SCREEN,,20.0,False,Research-simulated
MOCK04735,DIAB_NEPHRO_SCREEN,,20.0,False,Research-simulated
MOCK04747,DIAB_NEPHRO_SCREEN,,20.0,False,Research-simulated
MOCK04753,DIAB_NEPHRO_SCREEN,,20.0,False,Research-simulated
MOCK04765,DIAB_NEPHRO_SCREEN,,20.0,False,Research-simulated
MOCK04771,DIAB_NEPHRO_SCREEN,,20.0,False,Research-simulated
MOCK04789,DIAB_NEPHRO_SCREEN,,20.0,False,Research-simulated
MOCK04795,DIAB_NEPHRO_SCREEN,,20.0,False,Research-simulated
MOCK04807,DIAB_NEPHRO_SCREEN,,20.0,False,Research-simulated
MOCK04813,DIAB_NEPHRO_SCREEN,,20.0,False,Research-simulated
MOCK04825,DIAB_NEPHRO_SCREEN,,20.0,False,Research-simulated
MOCK04849,DIAB_NEPHRO_SCREEN,,20.0,False,Research-simulated
MOCK04867,DIAB_NEPHRO_SCREEN,,20.0,False,Research-simulated
MOCK04909,DIAB_NEPHRO_SCREEN,,20.0,False,Research-simulated
MOCK04915,DIAB_NEPHRO_SCREEN,,20.0,False,Research-simulated
MOCK04921,DIAB_NEPHRO_SCREEN,,20.0,False,Research-simulated
MOCK04927,DIAB_NEPHRO_SCREEN,,20.0,False,Research-simulated
MOCK04957,DIAB_NEPHRO_SCREEN,,20.0,False,Research-simulated
MOCK04969,DIAB_NEPHRO_SCREEN,,20.0,False,Research-simulated
MOCK04975,DIAB_NEPHRO_SCREEN,,20.0,False,Research-simulated
MOCK04981,DIAB_NEPHRO_SCREEN,,20.0,False,Research-simulated
MOCK05017,DIAB_NEPHRO_SCREEN,,20.0,False,Research-simulated
MOCK05071,DIAB_NEPHRO_SCREEN,,20.0,False,Research-simulated
MOCK05083,DIAB_NEPHRO_SCREEN,,20.0,False,Research-simulated
MOCK05095,DIAB_NEPHRO_SCREEN,,20.0,False,Research-simulated
MOCK05101,DIAB_NEPHRO_SCREEN,,20.0,False,Research-simulated
MOCK05113,DIAB_NEPHRO_SCREEN,,20.0,False,Research-simulated
MOCK05119,DIAB_NEPHRO_SCREEN,,20.0,False,Research-simulated
MOCK05161,DIAB_NEPHRO_SCREEN,,20.0,False,Research-simulated
MOCK05185,DIAB_NEPHRO_SCREEN,,20.0,False,Research-simulated
MOCK05221,DIAB_NEPHRO_SCREEN,,20.0,False,Research-simulated
MOCK05227,DIAB_NEPHRO_SCREEN,,20.0,False,Research-simulated
MOCK05239,DIAB_NEPHRO_SCREEN,,20.0,False,Research-simulated
MOCK05287,DIAB_NEPHRO_SCREEN,,20.0,False,Research-simulated
MOCK05299,DIAB_NEPHRO_SCREEN,,20.0,False,Research-simulated
MOCK05305,DIAB_NEPHRO_SCREEN,,20.0,False,Research-simulated
MOCK05401,DIAB_NEPHRO_SCREEN,,20.0,False,Research-simulated
MOCK05455,DIAB_NEPHRO_SCREEN,,20.0,False,Research-simulated
MOCK05461,DIAB_NEPHRO_SCREEN,,20.0,False,Research-simulated
MOCK05467,DIAB_NEPHRO_SCREEN,,20.0,False,Research-simulated
MOCK05509,DIAB_NEPHRO_SCREEN,,20.0,False,Research-simulated
MOCK05515,DIAB_NEPHRO_SCREEN,,20.0,False,Research-simulated
MOCK05557,DIAB_NEPHRO_SCREEN,,20.0,False,Research-simulated
MOCK05563,DIAB_NEPHRO_SCREEN,,20.0,False,Research-simulated
MOCK05575,DIAB_NEPHRO_SCREEN,,20.0,False,Research-simulated
MOCK05605,DIAB_NEPHRO_SCREEN,,20.0,False,Research-simulated
MOCK05623,DIAB_NEPHRO_SCREEN,,20.0,False,Research-simulated
MOCK05659,DIAB_NEPHRO_SCREEN,,20.0,False,Research-simulated
MOCK05665,DIAB_NEPHRO_SCREEN,,20.0,False,Research-simulated
MOCK05689,DIAB_NEPHRO_SCREEN,,20.0,False,Research-simulated
MOCK05719,DIAB_NEPHRO_SCREEN,,20.0,False,Research-simulated
MOCK05773,DIAB_NEPHRO_SCREEN,,20.0,False,Research-simulated
MOCK05803,DIAB_NEPHRO_SCREEN,,20.0,False,Research-simulated
MOCK05815,DIAB_NEPHRO_SCREEN,,20.0,False,Research-simulated
MOCK05833,DIAB_NEPHRO_SCREEN,,20.0,False,Research-simulated
MOCK05839,DIAB_NEPHRO_SCREEN,,20.0,False,Research-simulated
MOCK05845,DIAB_NEPHRO_SCREEN,,20.0,False,Research-simulated
MOCK05851,DIAB_NEPHRO_SCREEN,,20.0,False,Research-simulated
MOCK05875,DIAB_NEPHRO_SCREEN,,20.0,False,Research-simulated
MOCK05911,DIAB_NEPHRO_SCREEN,,20.0,False,Research-simulated
MOCK05929,DIAB_NEPHRO_SCREEN,,20.0,False,Research-simulated
MOCK05935,DIAB_NEPHRO_SCREEN,,20.0,False,Research-simulated
MOCK05959,DIAB_NEPHRO_SCREEN,,20.0,False,Research-simulated
MOCK05983,DIAB_NEPHRO_SCREEN,,20.0,False,Research-simulated
MOCK05989,DIAB_NEPHRO_SCREEN,,20.0,False,Research-simulated
MOCK06007,DIAB_NEPHRO_SCREEN,,20.0,False,Research-simulated
MOCK06019,DIAB_NEPHRO_SCREEN,,20.0,False,Research-simulated
MOCK06025,DIAB_NEPHRO_SCREEN,,20.0,False,Research-simulated
MOCK06055,DIAB_NEPHRO_SCREEN,,20.0,False,Research-simulated
MOCK06061,DIAB_NEPHRO_SCREEN,,20.0,False,Research-simulated
MOCK06073,DIAB_NEPHRO_SCREEN,,20.0,False,Research-simulated
MOCK06115,DIAB_NEPHRO_SCREEN,,20.0,False,Research-simulated
MOCK06133,DIAB_NEPHRO_SCREEN,,20.0,False,Research-simulated
MOCK06163,DIAB_NEPHRO_SCREEN,,20.0,False,Research-simulated
MOCK06169,DIAB_NEPHRO_SCREEN,,20.0,False,Research-simulated
MOCK06181,DIAB_NEPHRO_SCREEN,,20.0,False,Research-simulated
MOCK06193,DIAB_NEPHRO_SCREEN,,20.0,False,Research-simulated
MOCK06229,DIAB_NEPHRO_SCREEN,,20.0,False,Research-simulated
MOCK06247,DIAB_NEPHRO_SCREEN,,20.0,False,Research-simulated
MOCK06295,DIAB_NEPHRO_SCREEN,,20.0,False,Research-simulated
MOCK06301,DIAB_NEPHRO_SCREEN,,20.0,False,Research-simulated
MOCK06331,DIAB_NEPHRO_SCREEN,,20.0,False,Research-simulated
MOCK06337,DIAB_NEPHRO_SCREEN,,20.0,False,Research-simulated
MOCK06373,DIAB_NEPHRO_SCREEN,,20.0,False,Research-simulated
MOCK06409,DIAB_NEPHRO_SCREEN,,20.0,False,Research-simulated
MOCK06475,DIAB_NEPHRO_SCREEN,,20.0,False,Research-simulated
MOCK06481,DIAB_NEPHRO_SCREEN,,20.0,False,Research-simulated
MOCK06499,DIAB_NEPHRO_SCREEN,,20.0,False,Research-simulated
MOCK06505,DIAB_NEPHRO_SCREEN,,20.0,False,Research-simulated
MOCK06511,DIAB_NEPHRO_SCREEN,,20.0,False,Research-simulated
MOCK06535,DIAB_NEPHRO_SCREEN,,20.0,False,Research-simulated
MOCK06553,DIAB_NEPHRO_SCREEN,,20.0,False,Research-simulated
MOCK06595,DIAB_NEPHRO_SCREEN,,20.0,False,Research-simulated
MOCK06613,DIAB_NEPHRO_SCREEN,,20.0,False,Research-simulated
MOCK06661,DIAB_NEPHRO_SCREEN,,20.0,False,Research-simulated
MOCK06673,DIAB_NEPHRO_SCREEN,,20.0,False,Research-simulated
MOCK06691,DIAB_NEPHRO_SCREEN,,20.0,False,Research-simulated
MOCK06709,DIAB_NEPHRO_SCREEN,,20.0,False,Research-simulated
MOCK06721,DIAB_NEPHRO_SCREEN,,20.0,False,Research-simulated
MOCK06733,DIAB_NEPHRO_SCREEN,,20.0,False,Research-simulated
MOCK06739,DIAB_NEPHRO_SCREEN,,20.0,False,Research-simulated
MOCK06745,DIAB_NEPHRO_SCREEN,,20.0,False,Research-simulated
MOCK06757,DIAB_NEPHRO_SCREEN,,20.0,False,Research-simulated
MOCK06805,DIAB_NEPHRO_SCREEN,,20.0,False,Research-simulated
MOCK06811,DIAB_NEPHRO_SCREEN,,20.0,False,Research-simulated
MOCK06835,DIAB_NEPHRO_SCREEN,,20.0,False,Research-simulated
MOCK06877,DIAB_NEPHRO_SCREEN,,20.0,False,Research-simulated
MOCK06883,DIAB_NEPHRO_SCREEN,,20.0,False,Research-simulated
MOCK06901,DIAB_NEPHRO_SCREEN,,20.0,False,Research-simulated
MOCK06907,DIAB_NEPHRO_SCREEN,,20.0,False,Research-simulated
MOCK06925,DIAB_NEPHRO_SCREEN,,20.0,False,Research-simulated
MOCK06955,DIAB_NEPHRO_SCREEN,,20.0,False,Research-simulated
MOCK07015,DIAB_NEPHRO_SCREEN,,20.0,False,Research-simulated
MOCK07021,DIAB_NEPHRO_SCREEN,,20.0,False,Research-simulated
MOCK07045,DIAB_NEPHRO_SCREEN,,20.0,False,Research-simulated
MOCK07051,DIAB_NEPHRO_SCREEN,,20.0,False,Research-simulated
MOCK07069,DIAB_NEPHRO_SCREEN,,20.0,False,Research-simulated
MOCK07093,DIAB_NEPHRO_SCREEN,,20.0,False,Research-simulated
MOCK07123,DIAB_NEPHRO_SCREEN,,20.0,False,Research-simulated
MOCK07153,DIAB_NEPHRO_SCREEN,,20.0,False,Research-simulated
MOCK07183,DIAB_NEPHRO_SCREEN,,20.0,False,Research-simulated
MOCK07213,DIAB_NEPHRO_SCREEN,,20.0,False,Research-simulated
MOCK07225,DIAB_NEPHRO_SCREEN,,20.0,False,Research-simulated
MOCK07231,DIAB_NEPHRO_SCREEN,,20.0,False,Research-simulated
MOCK07249,DIAB_NEPHRO_SCREEN,,20.0,False,Research-simulated
MOCK07261,DIAB_NEPHRO_SCREEN,,20.0,False,Research-simulated
MOCK07303,DIAB_NEPHRO_SCREEN,,20.0,False,Research-simulated
MOCK07309,DIAB_NEPHRO_SCREEN,,20.0,False,Research-simulated
MOCK07315,DIAB_NEPHRO_SCREEN,,20.0,False,Research-simulated
MOCK07321,DIAB_NEPHRO_SCREEN,,20.0,False,Research-simulated
MOCK07327,DIAB_NEPHRO_SCREEN,,20.0,False,Research-simulated
MOCK07339,DIAB_NEPHRO_SCREEN,,20.0,False,Research-simulated
MOCK07381,DIAB_NEPHRO_SCREEN,,20.0,False,Research-simulated
MOCK07399,DIAB_NEPHRO_SCREEN,,20.0,False,Research-simulated
MOCK07405,DIAB_NEPHRO_SCREEN,,20.0,False,Research-simulated
MOCK07429,DIAB_NEPHRO_SCREEN,,20.0,False,Research-simulated
MOCK07471,DIAB_NEPHRO_SCREEN,,20.0,False,Research-simulated
MOCK07483,DIAB_NEPHRO_SCREEN,,20.0,False,Research-simulated
MOCK07519,DIAB_NEPHRO_SCREEN,,20.0,False,Research-simulated
MOCK07561,DIAB_NEPHRO_SCREEN,,20.0,False,Research-simulated
MOCK07603,DIAB_NEPHRO_SCREEN,,20.0,False,Research-simulated
MOCK07621,DIAB_NEPHRO_SCREEN,,20.0,False,Research-simulated
MOCK07627,DIAB_NEPHRO_SCREEN,,20.0,False,Research-simulated
MOCK07633,DIAB_NEPHRO_SCREEN,,20.0,False,Research-simulated
MOCK07669,DIAB_NEPHRO_SCREEN,,20.0,False,Research-simulated
MOCK07717,DIAB_NEPHRO_SCREEN,,20.0,False,Research-simulated
MOCK07747,DIAB_NEPHRO_SCREEN,,20.0,False,Research-simulated
MOCK07783,DIAB_NEPHRO_SCREEN,,20.0,False,Research-simulated
MOCK07789,DIAB_NEPHRO_SCREEN,,20.0,False,Research-simulated
MOCK07795,DIAB_NEPHRO_SCREEN,,20.0,False,Research-simulated
MOCK07801,DIAB_NEPHRO_SCREEN,,20.0,False,Research-simulated
MOCK07819,DIAB_NEPHRO_SCREEN,,20.0,False,Research-simulated
MOCK07843,DIAB_NEPHRO_SCREEN,,20.0,False,Research-simulated
MOCK07855,DIAB_NEPHRO_SCREEN,,20.0,False,Research-simulated
MOCK07933,DIAB_NEPHRO_SCREEN,,20.0,False,Research-simulated
MOCK07945,DIAB_NEPHRO_SCREEN,,20.0,False,Research-simulated
MOCK07963,DIAB_NEPHRO_SCREEN,,20.0,False,Research-simulated
MOCK07969,DIAB_NEPHRO_SCREEN,,20.0,False,Research-simulated
MOCK07987,DIAB_NEPHRO_SCREEN,,20.0,False,Research-simulated
MOCK07993,DIAB_NEPHRO_SCREEN,,20.0,False,Research-simulated
MOCK08011,DIAB_NEPHRO_SCREEN,,20.0,False,Research-simulated
MOCK08095,DIAB_NEPHRO_SCREEN,,20.0,False,Research-simulated
MOCK08107,DIAB_NEPHRO_SCREEN,,20.0,False,Research-simulated
MOCK08125,DIAB_NEPHRO_SCREEN,,20.0,False,Research-simulated
MOCK08131,DIAB_NEPHRO_SCREEN,,20.0,False,Research-simulated
MOCK08149,DIAB_NEPHRO_SCREEN,,20.0,False,Research-simulated
MOCK08167,DIAB_NEPHRO_SCREEN,,20.0,False,Research-simulated
MOCK08197,DIAB_NEPHRO_SCREEN,,20.0,False,Research-simulated
MOCK08209,DIAB_NEPHRO_SCREEN,,20.0,False,Research-simulated
MOCK08227,DIAB_NEPHRO_SCREEN,,20.0,False,Research-simulated
MOCK08233,DIAB_NEPHRO_SCREEN,,20.0,False,Research-simulated
MOCK08239,DIAB_NEPHRO_SCREEN,,20.0,False,Research-simulated
MOCK08275,DIAB_NEPHRO_SCREEN,,20.0,False,Research-simulated
MOCK08305,DIAB_NEPHRO_SCREEN,,20.0,False,Research-simulated
MOCK08317,DIAB_NEPHRO_SCREEN,,20.0,False,Research-simulated
MOCK08329,DIAB_NEPHRO_SCREEN,,20.0,False,Research-simulated
MOCK08365,DIAB_NEPHRO_SCREEN,,20.0,False,Research-simulated
MOCK08395,DIAB_NEPHRO_SCREEN,,20.0,False,Research-simulated
MOCK08413,DIAB_NEPHRO_SCREEN,,20.0,False,Research-simulated
MOCK08419,DIAB_NEPHRO_SCREEN,,20.0,False,Research-simulated
MOCK08473,DIAB_NEPHRO_SCREEN,,20.0,False,Research-simulated
MOCK08479,DIAB_NEPHRO_SCREEN,,20.0,False,Research-simulated
MOCK08497,DIAB_NEPHRO_SCREEN,,20.0,False,Research-simulated
MOCK08515,DIAB_NEPHRO_SCREEN,,20.0,False,Research-simulated
MOCK08521,DIAB_NEPHRO_SCREEN,,20.0,False,Research-simulated
MOCK08527,DIAB_NEPHRO_SCREEN,,20.0,False,Research-simulated
MOCK08545,DIAB_NEPHRO_SCREEN,,20.0,False,Research-simulated
MOCK08587,DIAB_NEPHRO_SCREEN,,20.0,False,Research-simulated
MOCK08617,DIAB_NEPHRO_SCREEN,,20.0,False,Research-simulated
MOCK08623,DIAB_NEPHRO_SCREEN,,20.0,False,Research-simulated
MOCK08629,DIAB_NEPHRO_SCREEN,,20.0,False,Research-simulated
MOCK08665,DIAB_NEPHRO_SCREEN,,20.0,False,Research-simulated
MOCK08731,DIAB_NEPHRO_SCREEN,,20.0,False,Research-simulated
MOCK08773,DIAB_NEPHRO_SCREEN,,20.0,False,Research-simulated
MOCK08797,DIAB_NEPHRO_SCREEN,,20.0,False,Research-simulated
MOCK08827,DIAB_NEPHRO_SCREEN,,20.0,False,Research-simulated
MOCK08833,DIAB_NEPHRO_SCREEN,,20.0,False,Research-simulated
MOCK08839,DIAB_NEPHRO_SCREEN,,20.0,False,Research-simulated
MOCK08863,DIAB_NEPHRO_SCREEN,,20.0,False,Research-simulated
MOCK08887,DIAB_NEPHRO_SCREEN,,20.0,False,Research-simulated
MOCK08893,DIAB_NEPHRO_SCREEN,,20.0,False,Research-simulated
MOCK08917,DIAB_NEPHRO_SCREEN,,20.0,False,Research-simulated
MOCK08941,DIAB_NEPHRO_SCREEN,,20.0,False,Research-simulated
MOCK08953,DIAB_NEPHRO_SCREEN,,20.0,False,Research-simulated
MOCK08959,DIAB_NEPHRO_SCREEN,,20.0,False,Research-simulated
MOCK09061,DIAB_NEPHRO_SCREEN,,20.0,False,Research-simulated
MOCK09091,DIAB_NEPHRO_SCREEN,,20.0,False,Research-simulated
MOCK09145,DIAB_NEPHRO_SCREEN,,20.0,False,Research-simulated
MOCK09151,DIAB_NEPHRO_SCREEN,,20.0,False,Research-simulated
MOCK09181,DIAB_NEPHRO_SCREEN,,20.0,False,Research-simulated
MOCK09205,DIAB_NEPHRO_SCREEN,,20.0,False,Research-simulated
MOCK09229,DIAB_NEPHRO_SCREEN,,20.0,False,Research-simulated
MOCK09253,DIAB_NEPHRO_SCREEN,,20.0,False,Research-simulated
MOCK09265,DIAB_NEPHRO_SCREEN,,20.0,False,Research-simulated
MOCK09277,DIAB_NEPHRO_SCREEN,,20.0,False,Research-simulated
MOCK09283,DIAB_NEPHRO_SCREEN,,20.0,False,Research-simulated
MOCK09289,DIAB_NEPHRO_SCREEN,,20.0,False,Research-simulated
MOCK09295,DIAB_NEPHRO_SCREEN,,20.0,False,Research-simulated
MOCK09301,DIAB_NEPHRO_SCREEN,,20.0,False,Research-simulated
MOCK09331,DIAB_NEPHRO_SCREEN,,20.0,False,Research-simulated
MOCK09355,DIAB_NEPHRO_SCREEN,,20.0,False,Research-simulated
MOCK09373,DIAB_NEPHRO_SCREEN,,20.0,False,Research-simulated
MOCK09379,DIAB_NEPHRO_SCREEN,,20.0,False,Research-simulated
MOCK09409,DIAB_NEPHRO_SCREEN,,20.0,False,Research-simulated
MOCK09439,DIAB_NEPHRO_SCREEN,,20.0,False,Research-simulated
MOCK09457,DIAB_NEPHRO_SCREEN,,20.0,False,Research-simulated
MOCK09463,DIAB_NEPHRO_SCREEN,,20.0,False,Research-simulated
MOCK09481,DIAB_NEPHRO_SCREEN,,20.0,False,Research-simulated
MOCK09499,DIAB_NEPHRO_SCREEN,,20.0,False,Research-simulated
MOCK09517,DIAB_NEPHRO_SCREEN,,20.0,False,Research-simulated
MOCK09523,DIAB_NEPHRO_SCREEN,,20.0,False,Research-simulated
MOCK09553,DIAB_NEPHRO_SCREEN,,20.0,False,Research-simulated
MOCK09559,DIAB_NEPHRO_SCREEN,,20.0,False,Research-simulated
MOCK09571,DIAB_NEPHRO_SCREEN,,20.0,False,Research-simulated
MOCK09577,DIAB_NEPHRO_SCREEN,,20.0,False,Research-simulated
MOCK09583,DIAB_NEPHRO_SCREEN,,20.0,False,Research-simulated
MOCK09589,DIAB_NEPHRO_SCREEN,,20.0,False,Research-simulated
MOCK09655,DIAB_NEPHRO_SCREEN,,20.0,False,Research-simulated
MOCK09661,DIAB_NEPHRO_SCREEN,,20.0,False,Research-simulated
MOCK09685,DIAB_NEPHRO_SCREEN,,20.0,False,Research-simulated
MOCK09709,DIAB_NEPHRO_SCREEN,,20.0,False,Research-simulated
MOCK09727,DIAB_NEPHRO_SCREEN,,20.0,False,Research-simulated
MOCK09745,DIAB_NEPHRO_SCREEN,,20.0,False,Research-simulated
MOCK09787,DIAB_NEPHRO_SCREEN,,20.0,False,Research-simulated
MOCK09817,DIAB_NEPHRO_SCREEN,,20.0,False,Research-simulated
MOCK09835,DIAB_NEPHRO_SCREEN,,20.0,False,Research-simulated
MOCK09871,DIAB_NEPHRO_SCREEN,,20.0,False,Research-simulated
MOCK09889,DIAB_NEPHRO_SCREEN,,20.0,False,Research-simulated
MOCK09895,DIAB_NEPHRO_SCREEN,,20.0,False,Research-simulated
MOCK09943,DIAB_NEPHRO_SCREEN,,20.0,False,Research-simulated
MOCK09949,DIAB_NEPHRO_SCREEN,,20.0,False,Research-simulated
MOCK00002,HTN_PCP_FOLLOWUP,,15.0,False,Research-simulated
MOCK00008,HTN_PCP_FOLLOWUP,,15.0,False,Research-simulated
MOCK00020,HTN_PCP_FOLLOWUP,,15.0,False,Research-simulated
MOCK00026,HTN_PCP_FOLLOWUP,,15.0,False,Research-simulated
MOCK00038,HTN_PCP_FOLLOWUP,,15.0,False,Research-simulated
MOCK00044,HTN_PCP_FOLLOWUP,,15.0,False,Research-simulated
MOCK00074,HTN_PCP_FOLLOWUP,,15.0,False,Research-simulated
MOCK00092,HTN_PCP_FOLLOWUP,,15.0,False,Research-simulated
MOCK00104,HTN_PCP_FOLLOWUP,,15.0,False,Research-simulated
MOCK00110,HTN_PCP_FOLLOWUP,,15.0,False,Research-simulated
MOCK00122,HTN_PCP_FOLLOWUP,,15.0,False,Research-simulated
MOCK00128,HTN_PCP_FOLLOWUP,,15.0,False,Research-simulated
MOCK00176,HTN_PCP_FOLLOWUP,,15.0,False,Research-simulated
MOCK00182,HTN_PCP_FOLLOWUP,,15.0,False,Research-simulated
MOCK00194,HTN_PCP_FOLLOWUP,,15.0,False,Research-simulated
MOCK00212,HTN_PCP_FOLLOWUP,,15.0,False,Research-simulated
MOCK00248,HTN_PCP_FOLLOWUP,,15.0,False,Research-simulated
MOCK00266,HTN_PCP_FOLLOWUP,,15.0,False,Research-simulated
MOCK00272,HTN_PCP_FOLLOWUP,,15.0,False,Research-simulated
MOCK00284,HTN_PCP_FOLLOWUP,,15.0,False,Research-simulated
MOCK00290,HTN_PCP_FOLLOWUP,,15.0,False,Research-simulated
MOCK00308,HTN_PCP_FOLLOWUP,,15.0,False,Research-simulated
MOCK00380,HTN_PCP_FOLLOWUP,,15.0,False,Research-simulated
MOCK00392,HTN_PCP_FOLLOWUP,,15.0,False,Research-simulated
MOCK00398,HTN_PCP_FOLLOWUP,,15.0,False,Research-simulated
MOCK00410,HTN_PCP_FOLLOWUP,,15.0,False,Research-simulated
MOCK00416,HTN_PCP_FOLLOWUP,,15.0,False,Research-simulated
MOCK00428,HTN_PCP_FOLLOWUP,,15.0,False,Research-simulated
MOCK00440,HTN_PCP_FOLLOWUP,,15.0,False,Research-simulated
MOCK00470,HTN_PCP_FOLLOWUP,,15.0,False,Research-simulated
MOCK00488,HTN_PCP_FOLLOWUP,,15.0,False,Research-simulated
MOCK00512,HTN_PCP_FOLLOWUP,,15.0,False,Research-simulated
MOCK00524,HTN_PCP_FOLLOWUP,,15.0,False,Research-simulated
MOCK00536,HTN_PCP_FOLLOWUP,,15.0,False,Research-simulated
MOCK00572,HTN_PCP_FOLLOWUP,,15.0,False,Research-simulated
MOCK00578,HTN_PCP_FOLLOWUP,,15.0,False,Research-simulated
MOCK00584,HTN_PCP_FOLLOWUP,,15.0,False,Research-simulated
MOCK00608,HTN_PCP_FOLLOWUP,,15.0,False,Research-simulated
MOCK00614,HTN_PCP_FOLLOWUP,,15.0,False,Research-simulated
MOCK00626,HTN_PCP_FOLLOWUP,,15.0,False,Research-simulated
MOCK00632,HTN_PCP_FOLLOWUP,,15.0,False,Research-simulated
MOCK00644,HTN_PCP_FOLLOWUP,,15.0,False,Research-simulated
MOCK00680,HTN_PCP_FOLLOWUP,,15.0,False,Research-simulated
MOCK00698,HTN_PCP_FOLLOWUP,,15.0,False,Research-simulated
MOCK00704,HTN_PCP_FOLLOWUP,,15.0,False,Research-simulated
MOCK00710,HTN_PCP_FOLLOWUP,,15.0,False,Research-simulated
MOCK00734,HTN_PCP_FOLLOWUP,,15.0,False,Research-simulated
MOCK00764,HTN_PCP_FOLLOWUP,,15.0,False,Research-simulated
MOCK00770,HTN_PCP_FOLLOWUP,,15.0,False,Research-simulated
MOCK00794,HTN_PCP_FOLLOWUP,,15.0,False,Research-simulated
MOCK00806,HTN_PCP_FOLLOWUP,,15.0,False,Research-simulated
MOCK00818,HTN_PCP_FOLLOWUP,,15.0,False,Research-simulated
MOCK00830,HTN_PCP_FOLLOWUP,,15.0,False,Research-simulated
MOCK00836,HTN_PCP_FOLLOWUP,,15.0,False,Research-simulated
MOCK00842,HTN_PCP_FOLLOWUP,,15.0,False,Research-simulated
MOCK00854,HTN_PCP_FOLLOWUP,,15.0,False,Research-simulated
MOCK00878,HTN_PCP_FOLLOWUP,,15.0,False,Research-simulated
MOCK00902,HTN_PCP_FOLLOWUP,,15.0,False,Research-simulated
MOCK00932,HTN_PCP_FOLLOWUP,,15.0,False,Research-simulated
MOCK00938,HTN_PCP_FOLLOWUP,,15.0,False,Research-simulated
MOCK00944,HTN_PCP_FOLLOWUP,,15.0,False,Research-simulated
MOCK00962,HTN_PCP_FOLLOWUP,,15.0,False,Research-simulated
MOCK00974,HTN_PCP_FOLLOWUP,,15.0,False,Research-simulated
MOCK00980,HTN_PCP_FOLLOWUP,,15.0,False,Research-simulated
MOCK00998,HTN_PCP_FOLLOWUP,,15.0,False,Research-simulated
MOCK01028,HTN_PCP_FOLLOWUP,,15.0,False,Research-simulated
MOCK01040,HTN_PCP_FOLLOWUP,,15.0,False,Research-simulated
MOCK01058,HTN_PCP_FOLLOWUP,,15.0,False,Research-simulated
MOCK01064,HTN_PCP_FOLLOWUP,,15.0,False,Research-simulated
MOCK01076,HTN_PCP_FOLLOWUP,,15.0,False,Research-simulated
MOCK01088,HTN_PCP_FOLLOWUP,,15.0,False,Research-simulated
MOCK01094,HTN_PCP_FOLLOWUP,,15.0,False,Research-simulated
MOCK01100,HTN_PCP_FOLLOWUP,,15.0,False,Research-simulated
MOCK01112,HTN_PCP_FOLLOWUP,,15.0,False,Research-simulated
MOCK01130,HTN_PCP_FOLLOWUP,,15.0,False,Research-simulated
MOCK01142,HTN_PCP_FOLLOWUP,,15.0,False,Research-simulated
MOCK01208,HTN_PCP_FOLLOWUP,,15.0,False,Research-simulated
MOCK01214,HTN_PCP_FOLLOWUP,,15.0,False,Research-simulated
MOCK01220,HTN_PCP_FOLLOWUP,,15.0,False,Research-simulated
MOCK01232,HTN_PCP_FOLLOWUP,,15.0,False,Research-simulated
MOCK01238,HTN_PCP_FOLLOWUP,,15.0,False,Research-simulated
MOCK01298,HTN_PCP_FOLLOWUP,,15.0,False,Research-simulated
MOCK01304,HTN_PCP_FOLLOWUP,,15.0,False,Research-simulated
MOCK01310,HTN_PCP_FOLLOWUP,,15.0,False,Research-simulated
MOCK01364,HTN_PCP_FOLLOWUP,,15.0,False,Research-simulated
MOCK01370,HTN_PCP_FOLLOWUP,,15.0,False,Research-simulated
MOCK01394,HTN_PCP_FOLLOWUP,,15.0,False,Research-simulated
MOCK01424,HTN_PCP_FOLLOWUP,,15.0,False,Research-simulated
MOCK01448,HTN_PCP_FOLLOWUP,,15.0,False,Research-simulated
MOCK01466,HTN_PCP_FOLLOWUP,,15.0,False,Research-simulated
MOCK01472,HTN_PCP_FOLLOWUP,,15.0,False,Research-simulated
MOCK01478,HTN_PCP_FOLLOWUP,,15.0,False,Research-simulated
MOCK01484,HTN_PCP_FOLLOWUP,,15.0,False,Research-simulated
MOCK01520,HTN_PCP_FOLLOWUP,,15.0,False,Research-simulated
MOCK01532,HTN_PCP_FOLLOWUP,,15.0,False,Research-simulated
MOCK01544,HTN_PCP_FOLLOWUP,,15.0,False,Research-simulated
MOCK01580,HTN_PCP_FOLLOWUP,,15.0,False,Research-simulated
MOCK01604,HTN_PCP_FOLLOWUP,,15.0,False,Research-simulated
MOCK01610,HTN_PCP_FOLLOWUP,,15.0,False,Research-simulated
MOCK01628,HTN_PCP_FOLLOWUP,,15.0,False,Research-simulated
MOCK01640,HTN_PCP_FOLLOWUP,,15.0,False,Research-simulated
MOCK01646,HTN_PCP_FOLLOWUP,,15.0,False,Research-simulated
MOCK01658,HTN_PCP_FOLLOWUP,,15.0,False,Research-simulated
MOCK01676,HTN_PCP_FOLLOWUP,,15.0,False,Research-simulated
MOCK01688,HTN_PCP_FOLLOWUP,,15.0,False,Research-simulated
MOCK01694,HTN_PCP_FOLLOWUP,,15.0,False,Research-simulated
MOCK01712,HTN_PCP_FOLLOWUP,,15.0,False,Research-simulated
MOCK01718,HTN_PCP_FOLLOWUP,,15.0,False,Research-simulated
MOCK01754,HTN_PCP_FOLLOWUP,,15.0,False,Research-simulated
MOCK01802,HTN_PCP_FOLLOWUP,,15.0,False,Research-simulated
MOCK01808,HTN_PCP_FOLLOWUP,,15.0,False,Research-simulated
MOCK01826,HTN_PCP_FOLLOWUP,,15.0,False,Research-simulated
MOCK01832,HTN_PCP_FOLLOWUP,,15.0,False,Research-simulated
MOCK01844,HTN_PCP_FOLLOWUP,,15.0,False,Research-simulated
MOCK01850,HTN_PCP_FOLLOWUP,,15.0,False,Research-simulated
MOCK01856,HTN_PCP_FOLLOWUP,,15.0,False,Research-simulated
MOCK01868,HTN_PCP_FOLLOWUP,,15.0,False,Research-simulated
MOCK01874,HTN_PCP_FOLLOWUP,,15.0,False,Research-simulated
MOCK01880,HTN_PCP_FOLLOWUP,,15.0,False,Research-simulated
MOCK01910,HTN_PCP_FOLLOWUP,,15.0,False,Research-simulated
MOCK01934,HTN_PCP_FOLLOWUP,,15.0,False,Research-simulated
MOCK01940,HTN_PCP_FOLLOWUP,,15.0,False,Research-simulated
MOCK01952,HTN_PCP_FOLLOWUP,,15.0,False,Research-simulated
MOCK01964,HTN_PCP_FOLLOWUP,,15.0,False,Research-simulated
MOCK01970,HTN_PCP_FOLLOWUP,,15.0,False,Research-simulated
MOCK01982,HTN_PCP_FOLLOWUP,,15.0,False,Research-simulated
MOCK01988,HTN_PCP_FOLLOWUP,,15.0,False,Research-simulated
MOCK02006,HTN_PCP_FOLLOWUP,,15.0,False,Research-simulated
MOCK02012,HTN_PCP_FOLLOWUP,,15.0,False,Research-simulated
MOCK02018,HTN_PCP_FOLLOWUP,,15.0,False,Research-simulated
MOCK02024,HTN_PCP_FOLLOWUP,,15.0,False,Research-simulated
MOCK02042,HTN_PCP_FOLLOWUP,,15.0,False,Research-simulated
MOCK02060,HTN_PCP_FOLLOWUP,,15.0,False,Research-simulated
MOCK02066,HTN_PCP_FOLLOWUP,,15.0,False,Research-simulated
MOCK02072,HTN_PCP_FOLLOWUP,,15.0,False,Research-simulated
MOCK02102,HTN_PCP_FOLLOWUP,,15.0,False,Research-simulated
MOCK02126,HTN_PCP_FOLLOWUP,,15.0,False,Research-simulated
MOCK02162,HTN_PCP_FOLLOWUP,,15.0,False,Research-simulated
MOCK02180,HTN_PCP_FOLLOWUP,,15.0,False,Research-simulated
MOCK02228,HTN_PCP_FOLLOWUP,,15.0,False,Research-simulated
MOCK02258,HTN_PCP_FOLLOWUP,,15.0,False,Research-simulated
MOCK02264,HTN_PCP_FOLLOWUP,,15.0,False,Research-simulated
MOCK02300,HTN_PCP_FOLLOWUP,,15.0,False,Research-simulated
MOCK02312,HTN_PCP_FOLLOWUP,,15.0,False,Research-simulated
MOCK02318,HTN_PCP_FOLLOWUP,,15.0,False,Research-simulated
MOCK02330,HTN_PCP_FOLLOWUP,,15.0,False,Research-simulated
MOCK02354,HTN_PCP_FOLLOWUP,,15.0,False,Research-simulated
MOCK02390,HTN_PCP_FOLLOWUP,,15.0,False,Research-simulated
MOCK02444,HTN_PCP_FOLLOWUP,,15.0,False,Research-simulated
MOCK02480,HTN_PCP_FOLLOWUP,,15.0,False,Research-simulated
MOCK02492,HTN_PCP_FOLLOWUP,,15.0,False,Research-simulated
MOCK02522,HTN_PCP_FOLLOWUP,,15.0,False,Research-simulated
MOCK02528,HTN_PCP_FOLLOWUP,,15.0,False,Research-simulated
MOCK02540,HTN_PCP_FOLLOWUP,,15.0,False,Research-simulated
MOCK02558,HTN_PCP_FOLLOWUP,,15.0,False,Research-simulated
MOCK02582,HTN_PCP_FOLLOWUP,,15.0,False,Research-simulated
MOCK02594,HTN_PCP_FOLLOWUP,,15.0,False,Research-simulated
MOCK02618,HTN_PCP_FOLLOWUP,,15.0,False,Research-simulated
MOCK02672,HTN_PCP_FOLLOWUP,,15.0,False,Research-simulated
MOCK02690,HTN_PCP_FOLLOWUP,,15.0,False,Research-simulated
MOCK02696,HTN_PCP_FOLLOWUP,,15.0,False,Research-simulated
MOCK02714,HTN_PCP_FOLLOWUP,,15.0,False,Research-simulated
MOCK02738,HTN_PCP_FOLLOWUP,,15.0,False,Research-simulated
MOCK02762,HTN_PCP_FOLLOWUP,,15.0,False,Research-simulated
MOCK02768,HTN_PCP_FOLLOWUP,,15.0,False,Research-simulated
MOCK02774,HTN_PCP_FOLLOWUP,,15.0,False,Research-simulated
MOCK02786,HTN_PCP_FOLLOWUP,,15.0,False,Research-simulated
MOCK02804,HTN_PCP_FOLLOWUP,,15.0,False,Research-simulated
MOCK02846,HTN_PCP_FOLLOWUP,,15.0,False,Research-simulated
MOCK02852,HTN_PCP_FOLLOWUP,,15.0,False,Research-simulated
MOCK02870,HTN_PCP_FOLLOWUP,,15.0,False,Research-simulated
MOCK02882,HTN_PCP_FOLLOWUP,,15.0,False,Research-simulated
MOCK02894,HTN_PCP_FOLLOWUP,,15.0,False,Research-simulated
MOCK02906,HTN_PCP_FOLLOWUP,,15.0,False,Research-simulated
MOCK02918,HTN_PCP_FOLLOWUP,,15.0,False,Research-simulated
MOCK02948,HTN_PCP_FOLLOWUP,,15.0,False,Research-simulated
MOCK02978,HTN_PCP_FOLLOWUP,,15.0,False,Research-simulated
MOCK02996,HTN_PCP_FOLLOWUP,,15.0,False,Research-simulated
MOCK03002,HTN_PCP_FOLLOWUP,,15.0,False,Research-simulated
MOCK03026,HTN_PCP_FOLLOWUP,,15.0,False,Research-simulated
MOCK03032,HTN_PCP_FOLLOWUP,,15.0,False,Research-simulated
MOCK03038,HTN_PCP_FOLLOWUP,,15.0,False,Research-simulated
MOCK03062,HTN_PCP_FOLLOWUP,,15.0,False,Research-simulated
MOCK03068,HTN_PCP_FOLLOWUP,,15.0,False,Research-simulated
MOCK03086,HTN_PCP_FOLLOWUP,,15.0,False,Research-simulated
MOCK03092,HTN_PCP_FOLLOWUP,,15.0,False,Research-simulated
MOCK03098,HTN_PCP_FOLLOWUP,,15.0,False,Research-simulated
MOCK03122,HTN_PCP_FOLLOWUP,,15.0,False,Research-simulated
MOCK03134,HTN_PCP_FOLLOWUP,,15.0,False,Research-simulated
MOCK03158,HTN_PCP_FOLLOWUP,,15.0,False,Research-simulated
MOCK03182,HTN_PCP_FOLLOWUP,,15.0,False,Research-simulated
MOCK03194,HTN_PCP_FOLLOWUP,,15.0,False,Research-simulated
MOCK03200,HTN_PCP_FOLLOWUP,,15.0,False,Research-simulated
MOCK03206,HTN_PCP_FOLLOWUP,,15.0,False,Research-simulated
MOCK03212,HTN_PCP_FOLLOWUP,,15.0,False,Research-simulated
MOCK03224,HTN_PCP_FOLLOWUP,,15.0,False,Research-simulated
MOCK03236,HTN_PCP_FOLLOWUP,,15.0,False,Research-simulated
MOCK03248,HTN_PCP_FOLLOWUP,,15.0,False,Research-simulated
MOCK03254,HTN_PCP_FOLLOWUP,,15.0,False,Research-simulated
MOCK03266,HTN_PCP_FOLLOWUP,,15.0,False,Research-simulated
MOCK03272,HTN_PCP_FOLLOWUP,,15.0,False,Research-simulated
MOCK03278,HTN_PCP_FOLLOWUP,,15.0,False,Research-simulated
MOCK03296,HTN_PCP_FOLLOWUP,,15.0,False,Research-simulated
MOCK03308,HTN_PCP_FOLLOWUP,,15.0,False,Research-simulated
MOCK03338,HTN_PCP_FOLLOWUP,,15.0,False,Research-simulated
MOCK03350,HTN_PCP_FOLLOWUP,,15.0,False,Research-simulated
MOCK03356,HTN_PCP_FOLLOWUP,,15.0,False,Research-simulated
MOCK03374,HTN_PCP_FOLLOWUP,,15.0,False,Research-simulated
MOCK03410,HTN_PCP_FOLLOWUP,,15.0,False,Research-simulated
MOCK03428,HTN_PCP_FOLLOWUP,,15.0,False,Research-simulated
MOCK03434,HTN_PCP_FOLLOWUP,,15.0,False,Research-simulated
MOCK03488,HTN_PCP_FOLLOWUP,,15.0,False,Research-simulated
MOCK03494,HTN_PCP_FOLLOWUP,,15.0,False,Research-simulated
MOCK03512,HTN_PCP_FOLLOWUP,,15.0,False,Research-simulated
MOCK03548,HTN_PCP_FOLLOWUP,,15.0,False,Research-simulated
MOCK03560,HTN_PCP_FOLLOWUP,,15.0,False,Research-simulated
MOCK03584,HTN_PCP_FOLLOWUP,,15.0,False,Research-simulated
MOCK03590,HTN_PCP_FOLLOWUP,,15.0,False,Research-simulated
MOCK03602,HTN_PCP_FOLLOWUP,,15.0,False,Research-simulated
MOCK03614,HTN_PCP_FOLLOWUP,,15.0,False,Research-simulated
MOCK03620,HTN_PCP_FOLLOWUP,,15.0,False,Research-simulated
MOCK03626,HTN_PCP_FOLLOWUP,,15.0,False,Research-simulated
MOCK03644,HTN_PCP_FOLLOWUP,,15.0,False,Research-simulated
MOCK03668,HTN_PCP_FOLLOWUP,,15.0,False,Research-simulated
MOCK03674,HTN_PCP_FOLLOWUP,,15.0,False,Research-simulated
MOCK03680,HTN_PCP_FOLLOWUP,,15.0,False,Research-simulated
MOCK03686,HTN_PCP_FOLLOWUP,,15.0,False,Research-simulated
MOCK03692,HTN_PCP_FOLLOWUP,,15.0,False,Research-simulated
MOCK03698,HTN_PCP_FOLLOWUP,,15.0,False,Research-simulated
MOCK03716,HTN_PCP_FOLLOWUP,,15.0,False,Research-simulated
MOCK03722,HTN_PCP_FOLLOWUP,,15.0,False,Research-simulated
MOCK03740,HTN_PCP_FOLLOWUP,,15.0,False,Research-simulated
MOCK03746,HTN_PCP_FOLLOWUP,,15.0,False,Research-simulated
MOCK03758,HTN_PCP_FOLLOWUP,,15.0,False,Research-simulated
MOCK03764,HTN_PCP_FOLLOWUP,,15.0,False,Research-simulated
MOCK03782,HTN_PCP_FOLLOWUP,,15.0,False,Research-simulated
MOCK03788,HTN_PCP_FOLLOWUP,,15.0,False,Research-simulated
MOCK03800,HTN_PCP_FOLLOWUP,,15.0,False,Research-simulated
MOCK03818,HTN_PCP_FOLLOWUP,,15.0,False,Research-simulated
MOCK03830,HTN_PCP_FOLLOWUP,,15.0,False,Research-simulated
MOCK03842,HTN_PCP_FOLLOWUP,,15.0,False,Research-simulated
MOCK03860,HTN_PCP_FOLLOWUP,,15.0,False,Research-simulated
MOCK03866,HTN_PCP_FOLLOWUP,,15.0,False,Research-simulated
MOCK03896,HTN_PCP_FOLLOWUP,,15.0,False,Research-simulated
MOCK03902,HTN_PCP_FOLLOWUP,,15.0,False,Research-simulated
MOCK03914,HTN_PCP_FOLLOWUP,,15.0,False,Research-simulated
MOCK03920,HTN_PCP_FOLLOWUP,,15.0,False,Research-simulated
MOCK03926,HTN_PCP_FOLLOWUP,,15.0,False,Research-simulated
MOCK03956,HTN_PCP_FOLLOWUP,,15.0,False,Research-simulated
MOCK03986,HTN_PCP_FOLLOWUP,,15.0,False,Research-simulated
MOCK04004,HTN_PCP_FOLLOWUP,,15.0,False,Research-simulated
MOCK04010,HTN_PCP_FOLLOWUP,,15.0,False,Research-simulated
MOCK04022,HTN_PCP_FOLLOWUP,,15.0,False,Research-simulated
MOCK04046,HTN_PCP_FOLLOWUP,,15.0,False,Research-simulated
MOCK04052,HTN_PCP_FOLLOWUP,,15.0,False,Research-simulated
MOCK04076,HTN_PCP_FOLLOWUP,,15.0,False,Research-simulated
MOCK04082,HTN_PCP_FOLLOWUP,,15.0,False,Research-simulated
MOCK04088,HTN_PCP_FOLLOWUP,,15.0,False,Research-simulated
MOCK04136,HTN_PCP_FOLLOWUP,,15.0,False,Research-simulated
MOCK04142,HTN_PCP_FOLLOWUP,,15.0,False,Research-simulated
MOCK04148,HTN_PCP_FOLLOWUP,,15.0,False,Research-simulated
MOCK04196,HTN_PCP_FOLLOWUP,,15.0,False,Research-simulated
MOCK04202,HTN_PCP_FOLLOWUP,,15.0,False,Research-simulated
MOCK04208,HTN_PCP_FOLLOWUP,,15.0,False,Research-simulated
MOCK04214,HTN_PCP_FOLLOWUP,,15.0,False,Research-simulated
MOCK04220,HTN_PCP_FOLLOWUP,,15.0,False,Research-simulated
MOCK04226,HTN_PCP_FOLLOWUP,,15.0,False,Research-simulated
MOCK04232,HTN_PCP_FOLLOWUP,,15.0,False,Research-simulated
MOCK04250,HTN_PCP_FOLLOWUP,,15.0,False,Research-simulated
MOCK04262,HTN_PCP_FOLLOWUP,,15.0,False,Research-simulated
MOCK04268,HTN_PCP_FOLLOWUP,,15.0,False,Research-simulated
MOCK04280,HTN_PCP_FOLLOWUP,,15.0,False,Research-simulated
MOCK04298,HTN_PCP_FOLLOWUP,,15.0,False,Research-simulated
MOCK04328,HTN_PCP_FOLLOWUP,,15.0,False,Research-simulated
MOCK04334,HTN_PCP_FOLLOWUP,,15.0,False,Research-simulated
MOCK04340,HTN_PCP_FOLLOWUP,,15.0,False,Research-simulated
MOCK04364,HTN_PCP_FOLLOWUP,,15.0,False,Research-simulated
MOCK04376,HTN_PCP_FOLLOWUP,,15.0,False,Research-simulated
MOCK04412,HTN_PCP_FOLLOWUP,,15.0,False,Research-simulated
MOCK04430,HTN_PCP_FOLLOWUP,,15.0,False,Research-simulated
MOCK04442,HTN_PCP_FOLLOWUP,,15.0,False,Research-simulated
MOCK04466,HTN_PCP_FOLLOWUP,,15.0,False,Research-simulated
MOCK04472,HTN_PCP_FOLLOWUP,,15.0,False,Research-simulated
MOCK04490,HTN_PCP_FOLLOWUP,,15.0,False,Research-simulated
MOCK04526,HTN_PCP_FOLLOWUP,,15.0,False,Research-simulated
MOCK04532,HTN_PCP_FOLLOWUP,,15.0,False,Research-simulated
MOCK04550,HTN_PCP_FOLLOWUP,,15.0,False,Research-simulated
MOCK04586,HTN_PCP_FOLLOWUP,,15.0,False,Research-simulated
MOCK04592,HTN_PCP_FOLLOWUP,,15.0,False,Research-simulated
MOCK04598,HTN_PCP_FOLLOWUP,,15.0,False,Research-simulated
MOCK04652,HTN_PCP_FOLLOWUP,,15.0,False,Research-simulated
MOCK04658,HTN_PCP_FOLLOWUP,,15.0,False,Research-simulated
MOCK04670,HTN_PCP_FOLLOWUP,,15.0,False,Research-simulated
MOCK04688,HTN_PCP_FOLLOWUP,,15.0,False,Research-simulated
MOCK04694,HTN_PCP_FOLLOWUP,,15.0,False,Research-simulated
MOCK04718,HTN_PCP_FOLLOWUP,,15.0,False,Research-simulated
MOCK04724,HTN_PCP_FOLLOWUP,,15.0,False,Research-simulated
MOCK04736,HTN_PCP_FOLLOWUP,,15.0,False,Research-simulated
MOCK04742,HTN_PCP_FOLLOWUP,,15.0,False,Research-simulated
MOCK04766,HTN_PCP_FOLLOWUP,,15.0,False,Research-simulated
MOCK04772,HTN_PCP_FOLLOWUP,,15.0,False,Research-simulated
MOCK04790,HTN_PCP_FOLLOWUP,,15.0,False,Research-simulated
MOCK04796,HTN_PCP_FOLLOWUP,,15.0,False,Research-simulated
MOCK04814,HTN_PCP_FOLLOWUP,,15.0,False,Research-simulated
MOCK04832,HTN_PCP_FOLLOWUP,,15.0,False,Research-simulated
MOCK04838,HTN_PCP_FOLLOWUP,,15.0,False,Research-simulated
MOCK04862,HTN_PCP_FOLLOWUP,,15.0,False,Research-simulated
MOCK04886,HTN_PCP_FOLLOWUP,,15.0,False,Research-simulated
MOCK04898,HTN_PCP_FOLLOWUP,,15.0,False,Research-simulated
MOCK04904,HTN_PCP_FOLLOWUP,,15.0,False,Research-simulated
MOCK04916,HTN_PCP_FOLLOWUP,,15.0,False,Research-simulated
MOCK04952,HTN_PCP_FOLLOWUP,,15.0,False,Research-simulated
MOCK04958,HTN_PCP_FOLLOWUP,,15.0,False,Research-simulated
MOCK04964,HTN_PCP_FOLLOWUP,,15.0,False,Research-simulated
MOCK04976,HTN_PCP_FOLLOWUP,,15.0,False,Research-simulated
MOCK04982,HTN_PCP_FOLLOWUP,,15.0,False,Research-simulated
MOCK04994,HTN_PCP_FOLLOWUP,,15.0,False,Research-simulated
MOCK05000,HTN_PCP_FOLLOWUP,,15.0,False,Research-simulated
MOCK05042,HTN_PCP_FOLLOWUP,,15.0,False,Research-simulated
MOCK05048,HTN_PCP_FOLLOWUP,,15.0,False,Research-simulated
MOCK05054,HTN_PCP_FOLLOWUP,,15.0,False,Research-simulated
MOCK05060,HTN_PCP_FOLLOWUP,,15.0,False,Research-simulated
MOCK05066,HTN_PCP_FOLLOWUP,,15.0,False,Research-simulated
MOCK05084,HTN_PCP_FOLLOWUP,,15.0,False,Research-simulated
MOCK05096,HTN_PCP_FOLLOWUP,,15.0,False,Research-simulated
MOCK05114,HTN_PCP_FOLLOWUP,,15.0,False,Research-simulated
MOCK05150,HTN_PCP_FOLLOWUP,,15.0,False,Research-simulated
MOCK05162,HTN_PCP_FOLLOWUP,,15.0,False,Research-simulated
MOCK05174,HTN_PCP_FOLLOWUP,,15.0,False,Research-simulated
MOCK05276,HTN_PCP_FOLLOWUP,,15.0,False,Research-simulated
MOCK05348,HTN_PCP_FOLLOWUP,,15.0,False,Research-simulated
MOCK05354,HTN_PCP_FOLLOWUP,,15.0,False,Research-simulated
MOCK05360,HTN_PCP_FOLLOWUP,,15.0,False,Research-simulated
MOCK05378,HTN_PCP_FOLLOWUP,,15.0,False,Research-simulated
MOCK05396,HTN_PCP_FOLLOWUP,,15.0,False,Research-simulated
MOCK05426,HTN_PCP_FOLLOWUP,,15.0,False,Research-simulated
MOCK05444,HTN_PCP_FOLLOWUP,,15.0,False,Research-simulated
MOCK05450,HTN_PCP_FOLLOWUP,,15.0,False,Research-simulated
MOCK05504,HTN_PCP_FOLLOWUP,,15.0,False,Research-simulated
MOCK05510,HTN_PCP_FOLLOWUP,,15.0,False,Research-simulated
MOCK05540,HTN_PCP_FOLLOWUP,,15.0,False,Research-simulated
MOCK05552,HTN_PCP_FOLLOWUP,,15.0,False,Research-simulated
MOCK05564,HTN_PCP_FOLLOWUP,,15.0,False,Research-simulated
MOCK05570,HTN_PCP_FOLLOWUP,,15.0,False,Research-simulated
MOCK05618,HTN_PCP_FOLLOWUP,,15.0,False,Research-simulated
MOCK05630,HTN_PCP_FOLLOWUP,,15.0,False,Research-simulated
MOCK05636,HTN_PCP_FOLLOWUP,,15.0,False,Research-simulated
MOCK05642,HTN_PCP_FOLLOWUP,,15.0,False,Research-simulated
MOCK05666,HTN_PCP_FOLLOWUP,,15.0,False,Research-simulated
MOCK05702,HTN_PCP_FOLLOWUP,,15.0,False,Research-simulated
MOCK05738,HTN_PCP_FOLLOWUP,,15.0,False,Research-simulated
MOCK05750,HTN_PCP_FOLLOWUP,,15.0,False,Research-simulated
MOCK05774,HTN_PCP_FOLLOWUP,,15.0,False,Research-simulated
MOCK05786,HTN_PCP_FOLLOWUP,,15.0,False,Research-simulated
MOCK05792,HTN_PCP_FOLLOWUP,,15.0,False,Research-simulated
MOCK05810,HTN_PCP_FOLLOWUP,,15.0,False,Research-simulated
MOCK05816,HTN_PCP_FOLLOWUP,,15.0,False,Research-simulated
MOCK05828,HTN_PCP_FOLLOWUP,,15.0,False,Research-simulated
MOCK05840,HTN_PCP_FOLLOWUP,,15.0,False,Research-simulated
MOCK05852,HTN_PCP_FOLLOWUP,,15.0,False,Research-simulated
MOCK05864,HTN_PCP_FOLLOWUP,,15.0,False,Research-simulated
MOCK05882,HTN_PCP_FOLLOWUP,,15.0,False,Research-simulated
MOCK05894,HTN_PCP_FOLLOWUP,,15.0,False,Research-simulated
MOCK05906,HTN_PCP_FOLLOWUP,,15.0,False,Research-simulated
MOCK05936,HTN_PCP_FOLLOWUP,,15.0,False,Research-simulated
MOCK05942,HTN_PCP_FOLLOWUP,,15.0,False,Research-simulated
MOCK05990,HTN_PCP_FOLLOWUP,,15.0,False,Research-simulated
MOCK06020,HTN_PCP_FOLLOWUP,,15.0,False,Research-simulated
MOCK06044,HTN_PCP_FOLLOWUP,,15.0,False,Research-simulated
MOCK06056,HTN_PCP_FOLLOWUP,,15.0,False,Research-simulated
MOCK06104,HTN_PCP_FOLLOWUP,,15.0,False,Research-simulated
MOCK06140,HTN_PCP_FOLLOWUP,,15.0,False,Research-simulated
MOCK06176,HTN_PCP_FOLLOWUP,,15.0,False,Research-simulated
MOCK06188,HTN_PCP_FOLLOWUP,,15.0,False,Research-simulated
MOCK06212,HTN_PCP_FOLLOWUP,,15.0,False,Research-simulated
MOCK06224,HTN_PCP_FOLLOWUP,,15.0,False,Research-simulated
MOCK06242,HTN_PCP_FOLLOWUP,,15.0,False,Research-simulated
MOCK06248,HTN_PCP_FOLLOWUP,,15.0,False,Research-simulated
MOCK06260,HTN_PCP_FOLLOWUP,,15.0,False,Research-simulated
MOCK06278,HTN_PCP_FOLLOWUP,,15.0,False,Research-simulated
MOCK06290,HTN_PCP_FOLLOWUP,,15.0,False,Research-simulated
MOCK06296,HTN_PCP_FOLLOWUP,,15.0,False,Research-simulated
MOCK06302,HTN_PCP_FOLLOWUP,,15.0,False,Research-simulated
MOCK06308,HTN_PCP_FOLLOWUP,,15.0,False,Research-simulated
MOCK06320,HTN_PCP_FOLLOWUP,,15.0,False,Research-simulated
MOCK06326,HTN_PCP_FOLLOWUP,,15.0,False,Research-simulated
MOCK06338,HTN_PCP_FOLLOWUP,,15.0,False,Research-simulated
MOCK06350,HTN_PCP_FOLLOWUP,,15.0,False,Research-simulated
MOCK06356,HTN_PCP_FOLLOWUP,,15.0,False,Research-simulated
MOCK06362,HTN_PCP_FOLLOWUP,,15.0,False,Research-simulated
MOCK06380,HTN_PCP_FOLLOWUP,,15.0,False,Research-simulated
MOCK06398,HTN_PCP_FOLLOWUP,,15.0,False,Research-simulated
MOCK06404,HTN_PCP_FOLLOWUP,,15.0,False,Research-simulated
MOCK06416,HTN_PCP_FOLLOWUP,,15.0,False,Research-simulated
MOCK06434,HTN_PCP_FOLLOWUP,,15.0,False,Research-simulated
MOCK06470,HTN_PCP_FOLLOWUP,,15.0,False,Research-simulated
MOCK06476,HTN_PCP_FOLLOWUP,,15.0,False,Research-simulated
MOCK06500,HTN_PCP_FOLLOWUP,,15.0,False,Research-simulated
MOCK06542,HTN_PCP_FOLLOWUP,,15.0,False,Research-simulated
MOCK06560,HTN_PCP_FOLLOWUP,,15.0,False,Research-simulated
MOCK06584,HTN_PCP_FOLLOWUP,,15.0,False,Research-simulated
MOCK06596,HTN_PCP_FOLLOWUP,,15.0,False,Research-simulated
MOCK06614,HTN_PCP_FOLLOWUP,,15.0,False,Research-simulated
MOCK06620,HTN_PCP_FOLLOWUP,,15.0,False,Research-simulated
MOCK06632,HTN_PCP_FOLLOWUP,,15.0,False,Research-simulated
MOCK06638,HTN_PCP_FOLLOWUP,,15.0,False,Research-simulated
MOCK06644,HTN_PCP_FOLLOWUP,,15.0,False,Research-simulated
MOCK06650,HTN_PCP_FOLLOWUP,,15.0,False,Research-simulated
MOCK06662,HTN_PCP_FOLLOWUP,,15.0,False,Research-simulated
MOCK06668,HTN_PCP_FOLLOWUP,,15.0,False,Research-simulated
MOCK06674,HTN_PCP_FOLLOWUP,,15.0,False,Research-simulated
MOCK06692,HTN_PCP_FOLLOWUP,,15.0,False,Research-simulated
MOCK06722,HTN_PCP_FOLLOWUP,,15.0,False,Research-simulated
MOCK06734,HTN_PCP_FOLLOWUP,,15.0,False,Research-simulated
MOCK06740,HTN_PCP_FOLLOWUP,,15.0,False,Research-simulated
MOCK06746,HTN_PCP_FOLLOWUP,,15.0,False,Research-simulated
MOCK06758,HTN_PCP_FOLLOWUP,,15.0,False,Research-simulated
MOCK06764,HTN_PCP_FOLLOWUP,,15.0,False,Research-simulated
MOCK06776,HTN_PCP_FOLLOWUP,,15.0,False,Research-simulated
MOCK06794,HTN_PCP_FOLLOWUP,,15.0,False,Research-simulated
MOCK06818,HTN_PCP_FOLLOWUP,,15.0,False,Research-simulated
MOCK06824,HTN_PCP_FOLLOWUP,,15.0,False,Research-simulated
MOCK06872,HTN_PCP_FOLLOWUP,,15.0,False,Research-simulated
MOCK06926,HTN_PCP_FOLLOWUP,,15.0,False,Research-simulated
MOCK06932,HTN_PCP_FOLLOWUP,,15.0,False,Research-simulated
MOCK06968,HTN_PCP_FOLLOWUP,,15.0,False,Research-simulated
MOCK06986,HTN_PCP_FOLLOWUP,,15.0,False,Research-simulated
MOCK06992,HTN_PCP_FOLLOWUP,,15.0,False,Research-simulated
MOCK06998,HTN_PCP_FOLLOWUP,,15.0,False,Research-simulated
MOCK07004,HTN_PCP_FOLLOWUP,,15.0,False,Research-simulated
MOCK07034,HTN_PCP_FOLLOWUP,,15.0,False,Research-simulated
MOCK07040,HTN_PCP_FOLLOWUP,,15.0,False,Research-simulated
MOCK07052,HTN_PCP_FOLLOWUP,,15.0,False,Research-simulated
MOCK07118,HTN_PCP_FOLLOWUP,,15.0,False,Research-simulated
MOCK07148,HTN_PCP_FOLLOWUP,,15.0,False,Research-simulated
MOCK07154,HTN_PCP_FOLLOWUP,,15.0,False,Research-simulated
MOCK07160,HTN_PCP_FOLLOWUP,,15.0,False,Research-simulated
MOCK07190,HTN_PCP_FOLLOWUP,,15.0,False,Research-simulated
MOCK07196,HTN_PCP_FOLLOWUP,,15.0,False,Research-simulated
MOCK07202,HTN_PCP_FOLLOWUP,,15.0,False,Research-simulated
MOCK07220,HTN_PCP_FOLLOWUP,,15.0,False,Research-simulated
MOCK07238,HTN_PCP_FOLLOWUP,,15.0,False,Research-simulated
MOCK07244,HTN_PCP_FOLLOWUP,,15.0,False,Research-simulated
MOCK07250,HTN_PCP_FOLLOWUP,,15.0,False,Research-simulated
MOCK07256,HTN_PCP_FOLLOWUP,,15.0,False,Research-simulated
MOCK07262,HTN_PCP_FOLLOWUP,,15.0,False,Research-simulated
MOCK07274,HTN_PCP_FOLLOWUP,,15.0,False,Research-simulated
MOCK07280,HTN_PCP_FOLLOWUP,,15.0,False,Research-simulated
MOCK07292,HTN_PCP_FOLLOWUP,,15.0,False,Research-simulated
MOCK07310,HTN_PCP_FOLLOWUP,,15.0,False,Research-simulated
MOCK07316,HTN_PCP_FOLLOWUP,,15.0,False,Research-simulated
MOCK07322,HTN_PCP_FOLLOWUP,,15.0,False,Research-simulated
MOCK07328,HTN_PCP_FOLLOWUP,,15.0,False,Research-simulated
MOCK07340,HTN_PCP_FOLLOWUP,,15.0,False,Research-simulated
MOCK07388,HTN_PCP_FOLLOWUP,,15.0,False,Research-simulated
MOCK07394,HTN_PCP_FOLLOWUP,,15.0,False,Research-simulated
MOCK07400,HTN_PCP_FOLLOWUP,,15.0,False,Research-simulated
MOCK07412,HTN_PCP_FOLLOWUP,,15.0,False,Research-simulated
MOCK07418,HTN_PCP_FOLLOWUP,,15.0,False,Research-simulated
MOCK07448,HTN_PCP_FOLLOWUP,,15.0,False,Research-simulated
MOCK07484,HTN_PCP_FOLLOWUP,,15.0,False,Research-simulated
MOCK07490,HTN_PCP_FOLLOWUP,,15.0,False,Research-simulated
MOCK07520,HTN_PCP_FOLLOWUP,,15.0,False,Research-simulated
MOCK07532,HTN_PCP_FOLLOWUP,,15.0,False,Research-simulated
MOCK07538,HTN_PCP_FOLLOWUP,,15.0,False,Research-simulated
MOCK07586,HTN_PCP_FOLLOWUP,,15.0,False,Research-simulated
MOCK07604,HTN_PCP_FOLLOWUP,,15.0,False,Research-simulated
MOCK07622,HTN_PCP_FOLLOWUP,,15.0,False,Research-simulated
MOCK07634,HTN_PCP_FOLLOWUP,,15.0,False,Research-simulated
MOCK07646,HTN_PCP_FOLLOWUP,,15.0,False,Research-simulated
MOCK07670,HTN_PCP_FOLLOWUP,,15.0,False,Research-simulated
MOCK07676,HTN_PCP_FOLLOWUP,,15.0,False,Research-simulated
MOCK07682,HTN_PCP_FOLLOWUP,,15.0,False,Research-simulated
MOCK07700,HTN_PCP_FOLLOWUP,,15.0,False,Research-simulated
MOCK07724,HTN_PCP_FOLLOWUP,,15.0,False,Research-simulated
MOCK07742,HTN_PCP_FOLLOWUP,,15.0,False,Research-simulated
MOCK07766,HTN_PCP_FOLLOWUP,,15.0,False,Research-simulated
MOCK07784,HTN_PCP_FOLLOWUP,,15.0,False,Research-simulated
MOCK07790,HTN_PCP_FOLLOWUP,,15.0,False,Research-simulated
MOCK07802,HTN_PCP_FOLLOWUP,,15.0,False,Research-simulated
MOCK07808,HTN_PCP_FOLLOWUP,,15.0,False,Research-simulated
MOCK07820,HTN_PCP_FOLLOWUP,,15.0,False,Research-simulated
MOCK07826,HTN_PCP_FOLLOWUP,,15.0,False,Research-simulated
MOCK07838,HTN_PCP_FOLLOWUP,,15.0,False,Research-simulated
MOCK07844,HTN_PCP_FOLLOWUP,,15.0,False,Research-simulated
MOCK07850,HTN_PCP_FOLLOWUP,,15.0,False,Research-simulated
MOCK07862,HTN_PCP_FOLLOWUP,,15.0,False,Research-simulated
MOCK07868,HTN_PCP_FOLLOWUP,,15.0,False,Research-simulated
MOCK07874,HTN_PCP_FOLLOWUP,,15.0,False,Research-simulated
MOCK07886,HTN_PCP_FOLLOWUP,,15.0,False,Research-simulated
MOCK07892,HTN_PCP_FOLLOWUP,,15.0,False,Research-simulated
MOCK07898,HTN_PCP_FOLLOWUP,,15.0,False,Research-simulated
MOCK07916,HTN_PCP_FOLLOWUP,,15.0,False,Research-simulated
MOCK07922,HTN_PCP_FOLLOWUP,,15.0,False,Research-simulated
MOCK07928,HTN_PCP_FOLLOWUP,,15.0,False,Research-simulated
MOCK07946,HTN_PCP_FOLLOWUP,,15.0,False,Research-simulated
MOCK07958,HTN_PCP_FOLLOWUP,,15.0,False,Research-simulated
MOCK07964,HTN_PCP_FOLLOWUP,,15.0,False,Research-simulated
MOCK07982,HTN_PCP_FOLLOWUP,,15.0,False,Research-simulated
MOCK08000,HTN_PCP_FOLLOWUP,,15.0,False,Research-simulated
MOCK08012,HTN_PCP_FOLLOWUP,,15.0,False,Research-simulated
MOCK08036,HTN_PCP_FOLLOWUP,,15.0,False,Research-simulated
MOCK08066,HTN_PCP_FOLLOWUP,,15.0,False,Research-simulated
MOCK08078,HTN_PCP_FOLLOWUP,,15.0,False,Research-simulated
MOCK08090,HTN_PCP_FOLLOWUP,,15.0,False,Research-simulated
MOCK08096,HTN_PCP_FOLLOWUP,,15.0,False,Research-simulated
MOCK08102,HTN_PCP_FOLLOWUP,,15.0,False,Research-simulated
MOCK08120,HTN_PCP_FOLLOWUP,,15.0,False,Research-simulated
MOCK08174,HTN_PCP_FOLLOWUP,,15.0,False,Research-simulated
MOCK08186,HTN_PCP_FOLLOWUP,,15.0,False,Research-simulated
MOCK08192,HTN_PCP_FOLLOWUP,,15.0,False,Research-simulated
MOCK08204,HTN_PCP_FOLLOWUP,,15.0,False,Research-simulated
MOCK08210,HTN_PCP_FOLLOWUP,,15.0,False,Research-simulated
MOCK08270,HTN_PCP_FOLLOWUP,,15.0,False,Research-simulated
MOCK08288,HTN_PCP_FOLLOWUP,,15.0,False,Research-simulated
MOCK08312,HTN_PCP_FOLLOWUP,,15.0,False,Research-simulated
MOCK08336,HTN_PCP_FOLLOWUP,,15.0,False,Research-simulated
MOCK08342,HTN_PCP_FOLLOWUP,,15.0,False,Research-simulated
MOCK08366,HTN_PCP_FOLLOWUP,,15.0,False,Research-simulated
MOCK08450,HTN_PCP_FOLLOWUP,,15.0,False,Research-simulated
MOCK08462,HTN_PCP_FOLLOWUP,,15.0,False,Research-simulated
MOCK08474,HTN_PCP_FOLLOWUP,,15.0,False,Research-simulated
MOCK08492,HTN_PCP_FOLLOWUP,,15.0,False,Research-simulated
MOCK08498,HTN_PCP_FOLLOWUP,,15.0,False,Research-simulated
MOCK08510,HTN_PCP_FOLLOWUP,,15.0,False,Research-simulated
MOCK08522,HTN_PCP_FOLLOWUP,,15.0,False,Research-simulated
MOCK08528,HTN_PCP_FOLLOWUP,,15.0,False,Research-simulated
MOCK08534,HTN_PCP_FOLLOWUP,,15.0,False,Research-simulated
MOCK08540,HTN_PCP_FOLLOWUP,,15.0,False,Research-simulated
MOCK08564,HTN_PCP_FOLLOWUP,,15.0,False,Research-simulated
MOCK08582,HTN_PCP_FOLLOWUP,,15.0,False,Research-simulated
MOCK08588,HTN_PCP_FOLLOWUP,,15.0,False,Research-simulated
MOCK08612,HTN_PCP_FOLLOWUP,,15.0,False,Research-simulated
MOCK08630,HTN_PCP_FOLLOWUP,,15.0,False,Research-simulated
MOCK08636,HTN_PCP_FOLLOWUP,,15.0,False,Research-simulated
MOCK08642,HTN_PCP_FOLLOWUP,,15.0,False,Research-simulated
MOCK08648,HTN_PCP_FOLLOWUP,,15.0,False,Research-simulated
MOCK08660,HTN_PCP_FOLLOWUP,,15.0,False,Research-simulated
MOCK08666,HTN_PCP_FOLLOWUP,,15.0,False,Research-simulated
MOCK08684,HTN_PCP_FOLLOWUP,,15.0,False,Research-simulated
MOCK08690,HTN_PCP_FOLLOWUP,,15.0,False,Research-simulated
MOCK08702,HTN_PCP_FOLLOWUP,,15.0,False,Research-simulated
MOCK08714,HTN_PCP_FOLLOWUP,,15.0,False,Research-simulated
MOCK08756,HTN_PCP_FOLLOWUP,,15.0,False,Research-simulated
MOCK08762,HTN_PCP_FOLLOWUP,,15.0,False,Research-simulated
MOCK08798,HTN_PCP_FOLLOWUP,,15.0,False,Research-simulated
MOCK08816,HTN_PCP_FOLLOWUP,,15.0,False,Research-simulated
MOCK08828,HTN_PCP_FOLLOWUP,,15.0,False,Research-simulated
MOCK08846,HTN_PCP_FOLLOWUP,,15.0,False,Research-simulated
MOCK08852,HTN_PCP_FOLLOWUP,,15.0,False,Research-simulated
MOCK08876,HTN_PCP_FOLLOWUP,,15.0,False,Research-simulated
MOCK08882,HTN_PCP_FOLLOWUP,,15.0,False,Research-simulated
MOCK08894,HTN_PCP_FOLLOWUP,,15.0,False,Research-simulated
MOCK08900,HTN_PCP_FOLLOWUP,,15.0,False,Research-simulated
MOCK08924,HTN_PCP_FOLLOWUP,,15.0,False,Research-simulated
MOCK08942,HTN_PCP_FOLLOWUP,,15.0,False,Research-simulated
MOCK08948,HTN_PCP_FOLLOWUP,,15.0,False,Research-simulated
MOCK08954,HTN_PCP_FOLLOWUP,,15.0,False,Research-simulated
MOCK08972,HTN_PCP_FOLLOWUP,,15.0,False,Research-simulated
MOCK08996,HTN_PCP_FOLLOWUP,,15.0,False,Research-simulated
MOCK09008,HTN_PCP_FOLLOWUP,,15.0,False,Research-simulated
MOCK09020,HTN_PCP_FOLLOWUP,,15.0,False,Research-simulated
MOCK09026,HTN_PCP_FOLLOWUP,,15.0,False,Research-simulated
MOCK09062,HTN_PCP_FOLLOWUP,,15.0,False,Research-simulated
MOCK09080,HTN_PCP_FOLLOWUP,,15.0,False,Research-simulated
MOCK09086,HTN_PCP_FOLLOWUP,,15.0,False,Research-simulated
MOCK09098,HTN_PCP_FOLLOWUP,,15.0,False,Research-simulated
MOCK09104,HTN_PCP_FOLLOWUP,,15.0,False,Research-simulated
MOCK09116,HTN_PCP_FOLLOWUP,,15.0,False,Research-simulated
MOCK09134,HTN_PCP_FOLLOWUP,,15.0,False,Research-simulated
MOCK09146,HTN_PCP_FOLLOWUP,,15.0,False,Research-simulated
MOCK09152,HTN_PCP_FOLLOWUP,,15.0,False,Research-simulated
MOCK09164,HTN_PCP_FOLLOWUP,,15.0,False,Research-simulated
MOCK09188,HTN_PCP_FOLLOWUP,,15.0,False,Research-simulated
MOCK09212,HTN_PCP_FOLLOWUP,,15.0,False,Research-simulated
MOCK09230,HTN_PCP_FOLLOWUP,,15.0,False,Research-simulated
MOCK09236,HTN_PCP_FOLLOWUP,,15.0,False,Research-simulated
MOCK09242,HTN_PCP_FOLLOWUP,,15.0,False,Research-simulated
MOCK09254,HTN_PCP_FOLLOWUP,,15.0,False,Research-simulated
MOCK09284,HTN_PCP_FOLLOWUP,,15.0,False,Research-simulated
MOCK09308,HTN_PCP_FOLLOWUP,,15.0,False,Research-simulated
MOCK09326,HTN_PCP_FOLLOWUP,,15.0,False,Research-simulated
MOCK09338,HTN_PCP_FOLLOWUP,,15.0,False,Research-simulated
MOCK09350,HTN_PCP_FOLLOWUP,,15.0,False,Research-simulated
MOCK09356,HTN_PCP_FOLLOWUP,,15.0,False,Research-simulated
MOCK09398,HTN_PCP_FOLLOWUP,,15.0,False,Research-simulated
MOCK09410,HTN_PCP_FOLLOWUP,,15.0,False,Research-simulated
MOCK09458,HTN_PCP_FOLLOWUP,,15.0,False,Research-simulated
MOCK09464,HTN_PCP_FOLLOWUP,,15.0,False,Research-simulated
MOCK09470,HTN_PCP_FOLLOWUP,,15.0,False,Research-simulated
MOCK09476,HTN_PCP_FOLLOWUP,,15.0,False,Research-simulated
MOCK09482,HTN_PCP_FOLLOWUP,,15.0,False,Research-simulated
MOCK09488,HTN_PCP_FOLLOWUP,,15.0,False,Research-simulated
MOCK09494,HTN_PCP_FOLLOWUP,,15.0,False,Research-simulated
MOCK09506,HTN_PCP_FOLLOWUP,,15.0,False,Research-simulated
MOCK09536,HTN_PCP_FOLLOWUP,,15.0,False,Research-simulated
MOCK09548,HTN_PCP_FOLLOWUP,,15.0,False,Research-simulated
MOCK09572,HTN_PCP_FOLLOWUP,,15.0,False,Research-simulated
MOCK09596,HTN_PCP_FOLLOWUP,,15.0,False,Research-simulated
MOCK09602,HTN_PCP_FOLLOWUP,,15.0,False,Research-simulated
MOCK09614,HTN_PCP_FOLLOWUP,,15.0,False,Research-simulated
MOCK09620,HTN_PCP_FOLLOWUP,,15.0,False,Research-simulated
MOCK09644,HTN_PCP_FOLLOWUP,,15.0,False,Research-simulated
MOCK09674,HTN_PCP_FOLLOWUP,,15.0,False,Research-simulated
MOCK09680,HTN_PCP_FOLLOWUP,,15.0,False,Research-simulated
MOCK09686,HTN_PCP_FOLLOWUP,,15.0,False,Research-simulated
MOCK09716,HTN_PCP_FOLLOWUP,,15.0,False,Research-simulated
MOCK09728,HTN_PCP_FOLLOWUP,,15.0,False,Research-simulated
MOCK09746,HTN_PCP_FOLLOWUP,,15.0,False,Research-simulated
MOCK09758,HTN_PCP_FOLLOWUP,,15.0,False,Research-simulated
MOCK09770,HTN_PCP_FOLLOWUP,,15.0,False,Research-simulated
MOCK09800,HTN_PCP_FOLLOWUP,,15.0,False,Research-simulated
MOCK09818,HTN_PCP_FOLLOWUP,,15.0,False,Research-simulated
MOCK09824,HTN_PCP_FOLLOWUP,,15.0,False,Research-simulated
MOCK09830,HTN_PCP_FOLLOWUP,,15.0,False,Research-simulated
MOCK09836,HTN_PCP_FOLLOWUP,,15.0,False,Research-simulated
MOCK09884,HTN_PCP_FOLLOWUP,,15.0,False,Research-simulated
MOCK09902,HTN_PCP_FOLLOWUP,,15.0,False,Research-simulated
MOCK09926,HTN_PCP_FOLLOWUP,,15.0,False,Research-simulated
MOCK09938,HTN_PCP_FOLLOWUP,,15.0,False,Research-simulated
MOCK09956,HTN_PCP_FOLLOWUP,,15.0,False,Research-simulated
MOCK09962,HTN_PCP_FOLLOWUP,,15.0,False,Research-simulated
MOCK00009,COPD_SPIROMETRY,,20.0,False,Research-simulated
MOCK00015,COPD_SPIROMETRY,,20.0,False,Research-simulated
MOCK00033,COPD_SPIROMETRY,,20.0,False,Research-simulated
MOCK00045,COPD_SPIROMETRY,,20.0,False,Research-simulated
MOCK00051,COPD_SPIROMETRY,,20.0,False,Research-simulated
MOCK00063,COPD_SPIROMETRY,,20.0,False,Research-simulated
MOCK00087,COPD_SPIROMETRY,,20.0,False,Research-simulated
MOCK00093,COPD_SPIROMETRY,,20.0,False,Research-simulated
MOCK00117,COPD_SPIROMETRY,,20.0,False,Research-simulated
MOCK00123,COPD_SPIROMETRY,,20.0,False,Research-simulated
MOCK00129,COPD_SPIROMETRY,,20.0,False,Research-simulated
MOCK00135,COPD_SPIROMETRY,,20.0,False,Research-simulated
MOCK00141,COPD_SPIROMETRY,,20.0,False,Research-simulated
MOCK00159,COPD_SPIROMETRY,,20.0,False,Research-simulated
MOCK00171,COPD_SPIROMETRY,,20.0,False,Research-simulated
MOCK00177,COPD_SPIROMETRY,,20.0,False,Research-simulated
MOCK00189,COPD_SPIROMETRY,,20.0,False,Research-simulated
MOCK00195,COPD_SPIROMETRY,,20.0,False,Research-simulated
MOCK00201,COPD_SPIROMETRY,,20.0,False,Research-simulated
MOCK00207,COPD_SPIROMETRY,,20.0,False,Research-simulated
MOCK00237,COPD_SPIROMETRY,,20.0,False,Research-simulated
MOCK00243,COPD_SPIROMETRY,,20.0,False,Research-simulated
MOCK00255,COPD_SPIROMETRY,,20.0,False,Research-simulated
MOCK00261,COPD_SPIROMETRY,,20.0,False,Research-simulated
MOCK00267,COPD_SPIROMETRY,,20.0,False,Research-simulated
MOCK00273,COPD_SPIROMETRY,,20.0,False,Research-simulated
MOCK00291,COPD_SPIROMETRY,,20.0,False,Research-simulated
MOCK00315,COPD_SPIROMETRY,,20.0,False,Research-simulated
MOCK00333,COPD_SPIROMETRY,,20.0,False,Research-simulated
MOCK00345,COPD_SPIROMETRY,,20.0,False,Research-simulated
MOCK00351,COPD_SPIROMETRY,,20.0,False,Research-simulated
MOCK00369,COPD_SPIROMETRY,,20.0,False,Research-simulated
MOCK00375,COPD_SPIROMETRY,,20.0,False,Research-simulated
MOCK00393,COPD_SPIROMETRY,,20.0,False,Research-simulated
MOCK00399,COPD_SPIROMETRY,,20.0,False,Research-simulated
MOCK00405,COPD_SPIROMETRY,,20.0,False,Research-simulated
MOCK00411,COPD_SPIROMETRY,,20.0,False,Research-simulated
MOCK00423,COPD_SPIROMETRY,,20.0,False,Research-simulated
MOCK00429,COPD_SPIROMETRY,,20.0,False,Research-simulated
MOCK00447,COPD_SPIROMETRY,,20.0,False,Research-simulated
MOCK00453,COPD_SPIROMETRY,,20.0,False,Research-simulated
MOCK00465,COPD_SPIROMETRY,,20.0,False,Research-simulated
MOCK00471,COPD_SPIROMETRY,,20.0,False,Research-simulated
MOCK00483,COPD_SPIROMETRY,,20.0,False,Research-simulated
MOCK00501,COPD_SPIROMETRY,,20.0,False,Research-simulated
MOCK00507,COPD_SPIROMETRY,,20.0,False,Research-simulated
MOCK00513,COPD_SPIROMETRY,,20.0,False,Research-simulated
MOCK00519,COPD_SPIROMETRY,,20.0,False,Research-simulated
MOCK00525,COPD_SPIROMETRY,,20.0,False,Research-simulated
MOCK00531,COPD_SPIROMETRY,,20.0,False,Research-simulated
MOCK00543,COPD_SPIROMETRY,,20.0,False,Research-simulated
MOCK00549,COPD_SPIROMETRY,,20.0,False,Research-simulated
MOCK00555,COPD_SPIROMETRY,,20.0,False,Research-simulated
MOCK00567,COPD_SPIROMETRY,,20.0,False,Research-simulated
MOCK00573,COPD_SPIROMETRY,,20.0,False,Research-simulated
MOCK00585,COPD_SPIROMETRY,,20.0,False,Research-simulated
MOCK00591,COPD_SPIROMETRY,,20.0,False,Research-simulated
MOCK00603,COPD_SPIROMETRY,,20.0,False,Research-simulated
MOCK00621,COPD_SPIROMETRY,,20.0,False,Research-simulated
MOCK00633,COPD_SPIROMETRY,,20.0,False,Research-simulated
MOCK00639,COPD_SPIROMETRY,,20.0,False,Research-simulated
MOCK00645,COPD_SPIROMETRY,,20.0,False,Research-simulated
MOCK00651,COPD_SPIROMETRY,,20.0,False,Research-simulated
MOCK00657,COPD_SPIROMETRY,,20.0,False,Research-simulated
MOCK00663,COPD_SPIROMETRY,,20.0,False,Research-simulated
MOCK00675,COPD_SPIROMETRY,,20.0,False,Research-simulated
MOCK00687,COPD_SPIROMETRY,,20.0,False,Research-simulated
MOCK00699,COPD_SPIROMETRY,,20.0,False,Research-simulated
MOCK00705,COPD_SPIROMETRY,,20.0,False,Research-simulated
MOCK00717,COPD_SPIROMETRY,,20.0,False,Research-simulated
MOCK00723,COPD_SPIROMETRY,,20.0,False,Research-simulated
MOCK00729,COPD_SPIROMETRY,,20.0,False,Research-simulated
MOCK00735,COPD_SPIROMETRY,,20.0,False,Research-simulated
MOCK00741,COPD_SPIROMETRY,,20.0,False,Research-simulated
MOCK00753,COPD_SPIROMETRY,,20.0,False,Research-simulated
MOCK00759,COPD_SPIROMETRY,,20.0,False,Research-simulated
MOCK00765,COPD_SPIROMETRY,,20.0,False,Research-simulated
MOCK00771,COPD_SPIROMETRY,,20.0,False,Research-simulated
MOCK00783,COPD_SPIROMETRY,,20.0,False,Research-simulated
MOCK00795,COPD_SPIROMETRY,,20.0,False,Research-simulated
MOCK00813,COPD_SPIROMETRY,,20.0,False,Research-simulated
MOCK00825,COPD_SPIROMETRY,,20.0,False,Research-simulated
MOCK00831,COPD_SPIROMETRY,,20.0,False,Research-simulated
MOCK00837,COPD_SPIROMETRY,,20.0,False,Research-simulated
MOCK00843,COPD_SPIROMETRY,,20.0,False,Research-simulated
MOCK00849,COPD_SPIROMETRY,,20.0,False,Research-simulated
MOCK00861,COPD_SPIROMETRY,,20.0,False,Research-simulated
MOCK00867,COPD_SPIROMETRY,,20.0,False,Research-simulated
MOCK00873,COPD_SPIROMETRY,,20.0,False,Research-simulated
MOCK00879,COPD_SPIROMETRY,,20.0,False,Research-simulated
MOCK00885,COPD_SPIROMETRY,,20.0,False,Research-simulated
MOCK00903,COPD_SPIROMETRY,,20.0,False,Research-simulated
MOCK00915,COPD_SPIROMETRY,,20.0,False,Research-simulated
MOCK00927,COPD_SPIROMETRY,,20.0,False,Research-simulated
MOCK00933,COPD_SPIROMETRY,,20.0,False,Research-simulated
MOCK00939,COPD_SPIROMETRY,,20.0,False,Research-simulated
MOCK00945,COPD_SPIROMETRY,,20.0,False,Research-simulated
MOCK00951,COPD_SPIROMETRY,,20.0,False,Research-simulated
MOCK00957,COPD_SPIROMETRY,,20.0,False,Research-simulated
MOCK00963,COPD_SPIROMETRY,,20.0,False,Research-simulated
MOCK00987,COPD_SPIROMETRY,,20.0,False,Research-simulated
MOCK00993,COPD_SPIROMETRY,,20.0,False,Research-simulated
MOCK01005,COPD_SPIROMETRY,,20.0,False,Research-simulated
MOCK01011,COPD_SPIROMETRY,,20.0,False,Research-simulated
MOCK01017,COPD_SPIROMETRY,,20.0,False,Research-simulated
MOCK01029,COPD_SPIROMETRY,,20.0,False,Research-simulated
MOCK01041,COPD_SPIROMETRY,,20.0,False,Research-simulated
MOCK01047,COPD_SPIROMETRY,,20.0,False,Research-simulated
MOCK01059,COPD_SPIROMETRY,,20.0,False,Research-simulated
MOCK01065,COPD_SPIROMETRY,,20.0,False,Research-simulated
MOCK01071,COPD_SPIROMETRY,,20.0,False,Research-simulated
MOCK01089,COPD_SPIROMETRY,,20.0,False,Research-simulated
MOCK01095,COPD_SPIROMETRY,,20.0,False,Research-simulated
MOCK01101,COPD_SPIROMETRY,,20.0,False,Research-simulated
MOCK01113,COPD_SPIROMETRY,,20.0,False,Research-simulated
MOCK01119,COPD_SPIROMETRY,,20.0,False,Research-simulated
MOCK01131,COPD_SPIROMETRY,,20.0,False,Research-simulated
MOCK01137,COPD_SPIROMETRY,,20.0,False,Research-simulated
MOCK01149,COPD_SPIROMETRY,,20.0,False,Research-simulated
MOCK01161,COPD_SPIROMETRY,,20.0,False,Research-simulated
MOCK01197,COPD_SPIROMETRY,,20.0,False,Research-simulated
MOCK01203,COPD_SPIROMETRY,,20.0,False,Research-simulated
MOCK01221,COPD_SPIROMETRY,,20.0,False,Research-simulated
MOCK01233,COPD_SPIROMETRY,,20.0,False,Research-simulated
MOCK01239,COPD_SPIROMETRY,,20.0,False,Research-simulated
MOCK01245,COPD_SPIROMETRY,,20.0,False,Research-simulated
MOCK01251,COPD_SPIROMETRY,,20.0,False,Research-simulated
MOCK01257,COPD_SPIROMETRY,,20.0,False,Research-simulated
MOCK01263,COPD_SPIROMETRY,,20.0,False,Research-simulated
MOCK01269,COPD_SPIROMETRY,,20.0,False,Research-simulated
MOCK01275,COPD_SPIROMETRY,,20.0,False,Research-simulated
MOCK01281,COPD_SPIROMETRY,,20.0,False,Research-simulated
MOCK01311,COPD_SPIROMETRY,,20.0,False,Research-simulated
MOCK01317,COPD_SPIROMETRY,,20.0,False,Research-simulated
MOCK01335,COPD_SPIROMETRY,,20.0,False,Research-simulated
MOCK01341,COPD_SPIROMETRY,,20.0,False,Research-simulated
MOCK01347,COPD_SPIROMETRY,,20.0,False,Research-simulated
MOCK01359,COPD_SPIROMETRY,,20.0,False,Research-simulated
MOCK01365,COPD_SPIROMETRY,,20.0,False,Research-simulated
MOCK01371,COPD_SPIROMETRY,,20.0,False,Research-simulated
MOCK01377,COPD_SPIROMETRY,,20.0,False,Research-simulated
MOCK01383,COPD_SPIROMETRY,,20.0,False,Research-simulated
MOCK01389,COPD_SPIROMETRY,,20.0,False,Research-simulated
MOCK01395,COPD_SPIROMETRY,,20.0,False,Research-simulated
MOCK01401,COPD_SPIROMETRY,,20.0,False,Research-simulated
MOCK01413,COPD_SPIROMETRY,,20.0,False,Research-simulated
MOCK01431,COPD_SPIROMETRY,,20.0,False,Research-simulated
MOCK01443,COPD_SPIROMETRY,,20.0,False,Research-simulated
MOCK01449,COPD_SPIROMETRY,,20.0,False,Research-simulated
MOCK01455,COPD_SPIROMETRY,,20.0,False,Research-simulated
MOCK01461,COPD_SPIROMETRY,,20.0,False,Research-simulated
MOCK01467,COPD_SPIROMETRY,,20.0,False,Research-simulated
MOCK01473,COPD_SPIROMETRY,,20.0,False,Research-simulated
MOCK01491,COPD_SPIROMETRY,,20.0,False,Research-simulated
MOCK01503,COPD_SPIROMETRY,,20.0,False,Research-simulated
MOCK01509,COPD_SPIROMETRY,,20.0,False,Research-simulated
MOCK01545,COPD_SPIROMETRY,,20.0,False,Research-simulated
MOCK01569,COPD_SPIROMETRY,,20.0,False,Research-simulated
MOCK01581,COPD_SPIROMETRY,,20.0,False,Research-simulated
MOCK01587,COPD_SPIROMETRY,,20.0,False,Research-simulated
MOCK01593,COPD_SPIROMETRY,,20.0,False,Research-simulated
MOCK01599,COPD_SPIROMETRY,,20.0,False,Research-simulated
MOCK01605,COPD_SPIROMETRY,,20.0,False,Research-simulated
MOCK01611,COPD_SPIROMETRY,,20.0,False,Research-simulated
MOCK01617,COPD_SPIROMETRY,,20.0,False,Research-simulated
MOCK01623,COPD_SPIROMETRY,,20.0,False,Research-simulated
MOCK01629,COPD_SPIROMETRY,,20.0,False,Research-simulated
MOCK01635,COPD_SPIROMETRY,,20.0,False,Research-simulated
MOCK01641,COPD_SPIROMETRY,,20.0,False,Research-simulated
MOCK01647,COPD_SPIROMETRY,,20.0,False,Research-simulated
MOCK01659,COPD_SPIROMETRY,,20.0,False,Research-simulated
MOCK01665,COPD_SPIROMETRY,,20.0,False,Research-simulated
MOCK01683,COPD_SPIROMETRY,,20.0,False,Research-simulated
MOCK01689,COPD_SPIROMETRY,,20.0,False,Research-simulated
MOCK01695,COPD_SPIROMETRY,,20.0,False,Research-simulated
MOCK01701,COPD_SPIROMETRY,,20.0,False,Research-simulated
MOCK01713,COPD_SPIROMETRY,,20.0,False,Research-simulated
MOCK01737,COPD_SPIROMETRY,,20.0,False,Research-simulated
MOCK01743,COPD_SPIROMETRY,,20.0,False,Research-simulated
MOCK01749,COPD_SPIROMETRY,,20.0,False,Research-simulated
MOCK01755,COPD_SPIROMETRY,,20.0,False,Research-simulated
MOCK01761,COPD_SPIROMETRY,,20.0,False,Research-simulated
MOCK01785,COPD_SPIROMETRY,,20.0,False,Research-simulated
MOCK01791,COPD_SPIROMETRY,,20.0,False,Research-simulated
MOCK01815,COPD_SPIROMETRY,,20.0,False,Research-simulated
MOCK01821,COPD_SPIROMETRY,,20.0,False,Research-simulated
MOCK01827,COPD_SPIROMETRY,,20.0,False,Research-simulated
MOCK01839,COPD_SPIROMETRY,,20.0,False,Research-simulated
MOCK01845,COPD_SPIROMETRY,,20.0,False,Research-simulated
MOCK01851,COPD_SPIROMETRY,,20.0,False,Research-simulated
MOCK01863,COPD_SPIROMETRY,,20.0,False,Research-simulated
MOCK01875,COPD_SPIROMETRY,,20.0,False,Research-simulated
MOCK01881,COPD_SPIROMETRY,,20.0,False,Research-simulated
MOCK01887,COPD_SPIROMETRY,,20.0,False,Research-simulated
MOCK01905,COPD_SPIROMETRY,,20.0,False,Research-simulated
MOCK01917,COPD_SPIROMETRY,,20.0,False,Research-simulated
MOCK01935,COPD_SPIROMETRY,,20.0,False,Research-simulated
MOCK01941,COPD_SPIROMETRY,,20.0,False,Research-simulated
MOCK01947,COPD_SPIROMETRY,,20.0,False,Research-simulated
MOCK01959,COPD_SPIROMETRY,,20.0,False,Research-simulated
MOCK01965,COPD_SPIROMETRY,,20.0,False,Research-simulated
MOCK01971,COPD_SPIROMETRY,,20.0,False,Research-simulated
MOCK01977,COPD_SPIROMETRY,,20.0,False,Research-simulated
MOCK01983,COPD_SPIROMETRY,,20.0,False,Research-simulated
MOCK01995,COPD_SPIROMETRY,,20.0,False,Research-simulated
MOCK02007,COPD_SPIROMETRY,,20.0,False,Research-simulated
MOCK02025,COPD_SPIROMETRY,,20.0,False,Research-simulated
MOCK02037,COPD_SPIROMETRY,,20.0,False,Research-simulated
MOCK02049,COPD_SPIROMETRY,,20.0,False,Research-simulated
MOCK02055,COPD_SPIROMETRY,,20.0,False,Research-simulated
MOCK02061,COPD_SPIROMETRY,,20.0,False,Research-simulated
MOCK02073,COPD_SPIROMETRY,,20.0,False,Research-simulated
MOCK02085,COPD_SPIROMETRY,,20.0,False,Research-simulated
MOCK02097,COPD_SPIROMETRY,,20.0,False,Research-simulated
MOCK02109,COPD_SPIROMETRY,,20.0,False,Research-simulated
MOCK02121,COPD_SPIROMETRY,,20.0,False,Research-simulated
MOCK02127,COPD_SPIROMETRY,,20.0,False,Research-simulated
MOCK02145,COPD_SPIROMETRY,,20.0,False,Research-simulated
MOCK02151,COPD_SPIROMETRY,,20.0,False,Research-simulated
MOCK02163,COPD_SPIROMETRY,,20.0,False,Research-simulated
MOCK02175,COPD_SPIROMETRY,,20.0,False,Research-simulated
MOCK02181,COPD_SPIROMETRY,,20.0,False,Research-simulated
MOCK02187,COPD_SPIROMETRY,,20.0,False,Research-simulated
MOCK02193,COPD_SPIROMETRY,,20.0,False,Research-simulated
MOCK02199,COPD_SPIROMETRY,,20.0,False,Research-simulated
MOCK02211,COPD_SPIROMETRY,,20.0,False,Research-simulated
MOCK02229,COPD_SPIROMETRY,,20.0,False,Research-simulated
MOCK02235,COPD_SPIROMETRY,,20.0,False,Research-simulated
MOCK02241,COPD_SPIROMETRY,,20.0,False,Research-simulated
MOCK02247,COPD_SPIROMETRY,,20.0,False,Research-simulated
MOCK02259,COPD_SPIROMETRY,,20.0,False,Research-simulated
MOCK02271,COPD_SPIROMETRY,,20.0,False,Research-simulated
MOCK02301,COPD_SPIROMETRY,,20.0,False,Research-simulated
MOCK02313,COPD_SPIROMETRY,,20.0,False,Research-simulated
MOCK02325,COPD_SPIROMETRY,,20.0,False,Research-simulated
MOCK02331,COPD_SPIROMETRY,,20.0,False,Research-simulated
MOCK02337,COPD_SPIROMETRY,,20.0,False,Research-simulated
MOCK02349,COPD_SPIROMETRY,,20.0,False,Research-simulated
MOCK02361,COPD_SPIROMETRY,,20.0,False,Research-simulated
MOCK02367,COPD_SPIROMETRY,,20.0,False,Research-simulated
MOCK02373,COPD_SPIROMETRY,,20.0,False,Research-simulated
MOCK02379,COPD_SPIROMETRY,,20.0,False,Research-simulated
MOCK02385,COPD_SPIROMETRY,,20.0,False,Research-simulated
MOCK02397,COPD_SPIROMETRY,,20.0,False,Research-simulated
MOCK02409,COPD_SPIROMETRY,,20.0,False,Research-simulated
MOCK02415,COPD_SPIROMETRY,,20.0,False,Research-simulated
MOCK02421,COPD_SPIROMETRY,,20.0,False,Research-simulated
MOCK02433,COPD_SPIROMETRY,,20.0,False,Research-simulated
MOCK02445,COPD_SPIROMETRY,,20.0,False,Research-simulated
MOCK02457,COPD_SPIROMETRY,,20.0,False,Research-simulated
MOCK02463,COPD_SPIROMETRY,,20.0,False,Research-simulated
MOCK02487,COPD_SPIROMETRY,,20.0,False,Research-simulated
MOCK02493,COPD_SPIROMETRY,,20.0,False,Research-simulated
MOCK02505,COPD_SPIROMETRY,,20.0,False,Research-simulated
MOCK02511,COPD_SPIROMETRY,,20.0,False,Research-simulated
MOCK02517,COPD_SPIROMETRY,,20.0,False,Research-simulated
MOCK02529,COPD_SPIROMETRY,,20.0,False,Research-simulated
MOCK02559,COPD_SPIROMETRY,,20.0,False,Research-simulated
MOCK02565,COPD_SPIROMETRY,,20.0,False,Research-simulated
MOCK02583,COPD_SPIROMETRY,,20.0,False,Research-simulated
MOCK02589,COPD_SPIROMETRY,,20.0,False,Research-simulated
MOCK02595,COPD_SPIROMETRY,,20.0,False,Research-simulated
MOCK02601,COPD_SPIROMETRY,,20.0,False,Research-simulated
MOCK02607,COPD_SPIROMETRY,,20.0,False,Research-simulated
MOCK02625,COPD_SPIROMETRY,,20.0,False,Research-simulated
MOCK02631,COPD_SPIROMETRY,,20.0,False,Research-simulated
MOCK02637,COPD_SPIROMETRY,,20.0,False,Research-simulated
MOCK02643,COPD_SPIROMETRY,,20.0,False,Research-simulated
MOCK02655,COPD_SPIROMETRY,,20.0,False,Research-simulated
MOCK02661,COPD_SPIROMETRY,,20.0,False,Research-simulated
MOCK02667,COPD_SPIROMETRY,,20.0,False,Research-simulated
MOCK02679,COPD_SPIROMETRY,,20.0,False,Research-simulated
MOCK02685,COPD_SPIROMETRY,,20.0,False,Research-simulated
MOCK02691,COPD_SPIROMETRY,,20.0,False,Research-simulated
MOCK02697,COPD_SPIROMETRY,,20.0,False,Research-simulated
MOCK02715,COPD_SPIROMETRY,,20.0,False,Research-simulated
MOCK02727,COPD_SPIROMETRY,,20.0,False,Research-simulated
MOCK02739,COPD_SPIROMETRY,,20.0,False,Research-simulated
MOCK02751,COPD_SPIROMETRY,,20.0,False,Research-simulated
MOCK02757,COPD_SPIROMETRY,,20.0,False,Research-simulated
MOCK02781,COPD_SPIROMETRY,,20.0,False,Research-simulated
MOCK02787,COPD_SPIROMETRY,,20.0,False,Research-simulated
MOCK02805,COPD_SPIROMETRY,,20.0,False,Research-simulated
MOCK02811,COPD_SPIROMETRY,,20.0,False,Research-simulated
MOCK02817,COPD_SPIROMETRY,,20.0,False,Research-simulated
MOCK02823,COPD_SPIROMETRY,,20.0,False,Research-simulated
MOCK02835,COPD_SPIROMETRY,,20.0,False,Research-simulated
MOCK02853,COPD_SPIROMETRY,,20.0,False,Research-simulated
MOCK02865,COPD_SPIROMETRY,,20.0,False,Research-simulated
MOCK02871,COPD_SPIROMETRY,,20.0,False,Research-simulated
MOCK02877,COPD_SPIROMETRY,,20.0,False,Research-simulated
MOCK02883,COPD_SPIROMETRY,,20.0,False,Research-simulated
MOCK02889,COPD_SPIROMETRY,,20.0,False,Research-simulated
MOCK02901,COPD_SPIROMETRY,,20.0,False,Research-simulated
MOCK02913,COPD_SPIROMETRY,,20.0,False,Research-simulated
MOCK02919,COPD_SPIROMETRY,,20.0,False,Research-simulated
MOCK02931,COPD_SPIROMETRY,,20.0,False,Research-simulated
MOCK02943,COPD_SPIROMETRY,,20.0,False,Research-simulated
MOCK02955,COPD_SPIROMETRY,,20.0,False,Research-simulated
MOCK02961,COPD_SPIROMETRY,,20.0,False,Research-simulated
MOCK02979,COPD_SPIROMETRY,,20.0,False,Research-simulated
MOCK02991,COPD_SPIROMETRY,,20.0,False,Research-simulated
MOCK02997,COPD_SPIROMETRY,,20.0,False,Research-simulated
MOCK03003,COPD_SPIROMETRY,,20.0,False,Research-simulated
MOCK03009,COPD_SPIROMETRY,,20.0,False,Research-simulated
MOCK03021,COPD_SPIROMETRY,,20.0,False,Research-simulated
MOCK03027,COPD_SPIROMETRY,,20.0,False,Research-simulated
MOCK03033,COPD_SPIROMETRY,,20.0,False,Research-simulated
MOCK03045,COPD_SPIROMETRY,,20.0,False,Research-simulated
MOCK03051,COPD_SPIROMETRY,,20.0,False,Research-simulated
MOCK03057,COPD_SPIROMETRY,,20.0,False,Research-simulated
MOCK03063,COPD_SPIROMETRY,,20.0,False,Research-simulated
MOCK03069,COPD_SPIROMETRY,,20.0,False,Research-simulated
MOCK03075,COPD_SPIROMETRY,,20.0,False,Research-simulated
MOCK03087,COPD_SPIROMETRY,,20.0,False,Research-simulated
MOCK03093,COPD_SPIROMETRY,,20.0,False,Research-simulated
MOCK03111,COPD_SPIROMETRY,,20.0,False,Research-simulated
MOCK03129,COPD_SPIROMETRY,,20.0,False,Research-simulated
MOCK03135,COPD_SPIROMETRY,,20.0,False,Research-simulated
MOCK03141,COPD_SPIROMETRY,,20.0,False,Research-simulated
MOCK03147,COPD_SPIROMETRY,,20.0,False,Research-simulated
MOCK03159,COPD_SPIROMETRY,,20.0,False,Research-simulated
MOCK03165,COPD_SPIROMETRY,,20.0,False,Research-simulated
MOCK03177,COPD_SPIROMETRY,,20.0,False,Research-simulated
MOCK03183,COPD_SPIROMETRY,,20.0,False,Research-simulated
MOCK03189,COPD_SPIROMETRY,,20.0,False,Research-simulated
MOCK03201,COPD_SPIROMETRY,,20.0,False,Research-simulated
MOCK03207,COPD_SPIROMETRY,,20.0,False,Research-simulated
MOCK03219,COPD_SPIROMETRY,,20.0,False,Research-simulated
MOCK03225,COPD_SPIROMETRY,,20.0,False,Research-simulated
MOCK03237,COPD_SPIROMETRY,,20.0,False,Research-simulated
MOCK03249,COPD_SPIROMETRY,,20.0,False,Research-simulated
MOCK03255,COPD_SPIROMETRY,,20.0,False,Research-simulated
MOCK03261,COPD_SPIROMETRY,,20.0,False,Research-simulated
MOCK03267,COPD_SPIROMETRY,,20.0,False,Research-simulated
MOCK03279,COPD_SPIROMETRY,,20.0,False,Research-simulated
MOCK03297,COPD_SPIROMETRY,,20.0,False,Research-simulated
MOCK03303,COPD_SPIROMETRY,,20.0,False,Research-simulated
MOCK03315,COPD_SPIROMETRY,,20.0,False,Research-simulated
MOCK03327,COPD_SPIROMETRY,,20.0,False,Research-simulated
MOCK03333,COPD_SPIROMETRY,,20.0,False,Research-simulated
MOCK03339,COPD_SPIROMETRY,,20.0,False,Research-simulated
MOCK03345,COPD_SPIROMETRY,,20.0,False,Research-simulated
MOCK03351,COPD_SPIROMETRY,,20.0,False,Research-simulated
MOCK03357,COPD_SPIROMETRY,,20.0,False,Research-simulated
MOCK03369,COPD_SPIROMETRY,,20.0,False,Research-simulated
MOCK03375,COPD_SPIROMETRY,,20.0,False,Research-simulated
MOCK03381,COPD_SPIROMETRY,,20.0,False,Research-simulated
MOCK03387,COPD_SPIROMETRY,,20.0,False,Research-simulated
MOCK03411,COPD_SPIROMETRY,,20.0,False,Research-simulated
MOCK03417,COPD_SPIROMETRY,,20.0,False,Research-simulated
MOCK03429,COPD_SPIROMETRY,,20.0,False,Research-simulated
MOCK03435,COPD_SPIROMETRY,,20.0,False,Research-simulated
MOCK03441,COPD_SPIROMETRY,,20.0,False,Research-simulated
MOCK03453,COPD_SPIROMETRY,,20.0,False,Research-simulated
MOCK03459,COPD_SPIROMETRY,,20.0,False,Research-simulated
MOCK03489,COPD_SPIROMETRY,,20.0,False,Research-simulated
MOCK03501,COPD_SPIROMETRY,,20.0,False,Research-simulated
MOCK03507,COPD_SPIROMETRY,,20.0,False,Research-simulated
MOCK03513,COPD_SPIROMETRY,,20.0,False,Research-simulated
MOCK03519,COPD_SPIROMETRY,,20.0,False,Research-simulated
MOCK03525,COPD_SPIROMETRY,,20.0,False,Research-simulated
MOCK03531,COPD_SPIROMETRY,,20.0,False,Research-simulated
MOCK03549,COPD_SPIROMETRY,,20.0,False,Research-simulated
MOCK03567,COPD_SPIROMETRY,,20.0,False,Research-simulated
MOCK03573,COPD_SPIROMETRY,,20.0,False,Research-simulated
MOCK03579,COPD_SPIROMETRY,,20.0,False,Research-simulated
MOCK03585,COPD_SPIROMETRY,,20.0,False,Research-simulated
MOCK03591,COPD_SPIROMETRY,,20.0,False,Research-simulated
MOCK03615,COPD_SPIROMETRY,,20.0,False,Research-simulated
MOCK03621,COPD_SPIROMETRY,,20.0,False,Research-simulated
MOCK03627,COPD_SPIROMETRY,,20.0,False,Research-simulated
MOCK03687,COPD_SPIROMETRY,,20.0,False,Research-simulated
MOCK03699,COPD_SPIROMETRY,,20.0,False,Research-simulated
MOCK03705,COPD_SPIROMETRY,,20.0,False,Research-simulated
MOCK03717,COPD_SPIROMETRY,,20.0,False,Research-simulated
MOCK03723,COPD_SPIROMETRY,,20.0,False,Research-simulated
MOCK03729,COPD_SPIROMETRY,,20.0,False,Research-simulated
MOCK03747,COPD_SPIROMETRY,,20.0,False,Research-simulated
MOCK03765,COPD_SPIROMETRY,,20.0,False,Research-simulated
MOCK03777,COPD_SPIROMETRY,,20.0,False,Research-simulated
MOCK03807,COPD_SPIROMETRY,,20.0,False,Research-simulated
MOCK03813,COPD_SPIROMETRY,,20.0,False,Research-simulated
MOCK03825,COPD_SPIROMETRY,,20.0,False,Research-simulated
MOCK03831,COPD_SPIROMETRY,,20.0,False,Research-simulated
MOCK03837,COPD_SPIROMETRY,,20.0,False,Research-simulated
MOCK03843,COPD_SPIROMETRY,,20.0,False,Research-simulated
MOCK03849,COPD_SPIROMETRY,,20.0,False,Research-simulated
MOCK03855,COPD_SPIROMETRY,,20.0,False,Research-simulated
MOCK03861,COPD_SPIROMETRY,,20.0,False,Research-simulated
MOCK03867,COPD_SPIROMETRY,,20.0,False,Research-simulated
MOCK03879,COPD_SPIROMETRY,,20.0,False,Research-simulated
MOCK03885,COPD_SPIROMETRY,,20.0,False,Research-simulated
MOCK03897,COPD_SPIROMETRY,,20.0,False,Research-simulated
MOCK03903,COPD_SPIROMETRY,,20.0,False,Research-simulated
MOCK03921,COPD_SPIROMETRY,,20.0,False,Research-simulated
MOCK03927,COPD_SPIROMETRY,,20.0,False,Research-simulated
MOCK03945,COPD_SPIROMETRY,,20.0,False,Research-simulated
MOCK03951,COPD_SPIROMETRY,,20.0,False,Research-simulated
MOCK03957,COPD_SPIROMETRY,,20.0,False,Research-simulated
MOCK03963,COPD_SPIROMETRY,,20.0,False,Research-simulated
MOCK03975,COPD_SPIROMETRY,,20.0,False,Research-simulated
MOCK03981,COPD_SPIROMETRY,,20.0,False,Research-simulated
MOCK03987,COPD_SPIROMETRY,,20.0,False,Research-simulated
MOCK03999,COPD_SPIROMETRY,,20.0,False,Research-simulated
MOCK04005,COPD_SPIROMETRY,,20.0,False,Research-simulated
MOCK04011,COPD_SPIROMETRY,,20.0,False,Research-simulated
MOCK04023,COPD_SPIROMETRY,,20.0,False,Research-simulated
MOCK04029,COPD_SPIROMETRY,,20.0,False,Research-simulated
MOCK04035,COPD_SPIROMETRY,,20.0,False,Research-simulated
MOCK04041,COPD_SPIROMETRY,,20.0,False,Research-simulated
MOCK04053,COPD_SPIROMETRY,,20.0,False,Research-simulated
MOCK04059,COPD_SPIROMETRY,,20.0,False,Research-simulated
MOCK04083,COPD_SPIROMETRY,,20.0,False,Research-simulated
MOCK04101,COPD_SPIROMETRY,,20.0,False,Research-simulated
MOCK04107,COPD_SPIROMETRY,,20.0,False,Research-simulated
MOCK04113,COPD_SPIROMETRY,,20.0,False,Research-simulated
MOCK04125,COPD_SPIROMETRY,,20.0,False,Research-simulated
MOCK04131,COPD_SPIROMETRY,,20.0,False,Research-simulated
MOCK04137,COPD_SPIROMETRY,,20.0,False,Research-simulated
MOCK04143,COPD_SPIROMETRY,,20.0,False,Research-simulated
MOCK04149,COPD_SPIROMETRY,,20.0,False,Research-simulated
MOCK04155,COPD_SPIROMETRY,,20.0,False,Research-simulated
MOCK04173,COPD_SPIROMETRY,,20.0,False,Research-simulated
MOCK04179,COPD_SPIROMETRY,,20.0,False,Research-simulated
MOCK04197,COPD_SPIROMETRY,,20.0,False,Research-simulated
MOCK04209,COPD_SPIROMETRY,,20.0,False,Research-simulated
MOCK04227,COPD_SPIROMETRY,,20.0,False,Research-simulated
MOCK04233,COPD_SPIROMETRY,,20.0,False,Research-simulated
MOCK04239,COPD_SPIROMETRY,,20.0,False,Research-simulated
MOCK04251,COPD_SPIROMETRY,,20.0,False,Research-simulated
MOCK04269,COPD_SPIROMETRY,,20.0,False,Research-simulated
MOCK04275,COPD_SPIROMETRY,,20.0,False,Research-simulated
MOCK04281,COPD_SPIROMETRY,,20.0,False,Research-simulated
MOCK04287,COPD_SPIROMETRY,,20.0,False,Research-simulated
MOCK04293,COPD_SPIROMETRY,,20.0,False,Research-simulated
MOCK04299,COPD_SPIROMETRY,,20.0,False,Research-simulated
MOCK04311,COPD_SPIROMETRY,,20.0,False,Research-simulated
MOCK04323,COPD_SPIROMETRY,,20.0,False,Research-simulated
MOCK04329,COPD_SPIROMETRY,,20.0,False,Research-simulated
MOCK04335,COPD_SPIROMETRY,,20.0,False,Research-simulated
MOCK04341,COPD_SPIROMETRY,,20.0,False,Research-simulated
MOCK04353,COPD_SPIROMETRY,,20.0,False,Research-simulated
MOCK04359,COPD_SPIROMETRY,,20.0,False,Research-simulated
MOCK04365,COPD_SPIROMETRY,,20.0,False,Research-simulated
MOCK04371,COPD_SPIROMETRY,,20.0,False,Research-simulated
MOCK04377,COPD_SPIROMETRY,,20.0,False,Research-simulated
MOCK04383,COPD_SPIROMETRY,,20.0,False,Research-simulated
MOCK04389,COPD_SPIROMETRY,,20.0,False,Research-simulated
MOCK04395,COPD_SPIROMETRY,,20.0,False,Research-simulated
MOCK04407,COPD_SPIROMETRY,,20.0,False,Research-simulated
MOCK04413,COPD_SPIROMETRY,,20.0,False,Research-simulated
MOCK04425,COPD_SPIROMETRY,,20.0,False,Research-simulated
MOCK04431,COPD_SPIROMETRY,,20.0,False,Research-simulated
MOCK04437,COPD_SPIROMETRY,,20.0,False,Research-simulated
MOCK04443,COPD_SPIROMETRY,,20.0,False,Research-simulated
MOCK04449,COPD_SPIROMETRY,,20.0,False,Research-simulated
MOCK04455,COPD_SPIROMETRY,,20.0,False,Research-simulated
MOCK04461,COPD_SPIROMETRY,,20.0,False,Research-simulated
MOCK04485,COPD_SPIROMETRY,,20.0,False,Research-simulated
MOCK04497,COPD_SPIROMETRY,,20.0,False,Research-simulated
MOCK04503,COPD_SPIROMETRY,,20.0,False,Research-simulated
MOCK04515,COPD_SPIROMETRY,,20.0,False,Research-simulated
MOCK04557,COPD_SPIROMETRY,,20.0,False,Research-simulated
MOCK04563,COPD_SPIROMETRY,,20.0,False,Research-simulated
MOCK04575,COPD_SPIROMETRY,,20.0,False,Research-simulated
MOCK04581,COPD_SPIROMETRY,,20.0,False,Research-simulated
MOCK04587,COPD_SPIROMETRY,,20.0,False,Research-simulated
MOCK04593,COPD_SPIROMETRY,,20.0,False,Research-simulated
MOCK04599,COPD_SPIROMETRY,,20.0,False,Research-simulated
MOCK04605,COPD_SPIROMETRY,,20.0,False,Research-simulated
MOCK04611,COPD_SPIROMETRY,,20.0,False,Research-simulated
MOCK04617,COPD_SPIROMETRY,,20.0,False,Research-simulated
MOCK04629,COPD_SPIROMETRY,,20.0,False,Research-simulated
MOCK04647,COPD_SPIROMETRY,,20.0,False,Research-simulated
MOCK04653,COPD_SPIROMETRY,,20.0,False,Research-simulated
MOCK04659,COPD_SPIROMETRY,,20.0,False,Research-simulated
MOCK04665,COPD_SPIROMETRY,,20.0,False,Research-simulated
MOCK04671,COPD_SPIROMETRY,,20.0,False,Research-simulated
MOCK04683,COPD_SPIROMETRY,,20.0,False,Research-simulated
MOCK04689,COPD_SPIROMETRY,,20.0,False,Research-simulated
MOCK04695,COPD_SPIROMETRY,,20.0,False,Research-simulated
MOCK04707,COPD_SPIROMETRY,,20.0,False,Research-simulated
MOCK04713,COPD_SPIROMETRY,,20.0,False,Research-simulated
MOCK04719,COPD_SPIROMETRY,,20.0,False,Research-simulated
MOCK04737,COPD_SPIROMETRY,,20.0,False,Research-simulated
MOCK04749,COPD_SPIROMETRY,,20.0,False,Research-simulated
MOCK04755,COPD_SPIROMETRY,,20.0,False,Research-simulated
MOCK04785,COPD_SPIROMETRY,,20.0,False,Research-simulated
MOCK04791,COPD_SPIROMETRY,,20.0,False,Research-simulated
MOCK04803,COPD_SPIROMETRY,,20.0,False,Research-simulated
MOCK04809,COPD_SPIROMETRY,,20.0,False,Research-simulated
MOCK04815,COPD_SPIROMETRY,,20.0,False,Research-simulated
MOCK04821,COPD_SPIROMETRY,,20.0,False,Research-simulated
MOCK04827,COPD_SPIROMETRY,,20.0,False,Research-simulated
MOCK04839,COPD_SPIROMETRY,,20.0,False,Research-simulated
MOCK04845,COPD_SPIROMETRY,,20.0,False,Research-simulated
MOCK04863,COPD_SPIROMETRY,,20.0,False,Research-simulated
MOCK04869,COPD_SPIROMETRY,,20.0,False,Research-simulated
MOCK04875,COPD_SPIROMETRY,,20.0,False,Research-simulated
MOCK04893,COPD_SPIROMETRY,,20.0,False,Research-simulated
MOCK04899,COPD_SPIROMETRY,,20.0,False,Research-simulated
MOCK04905,COPD_SPIROMETRY,,20.0,False,Research-simulated
MOCK04917,COPD_SPIROMETRY,,20.0,False,Research-simulated
MOCK04929,COPD_SPIROMETRY,,20.0,False,Research-simulated
MOCK04935,COPD_SPIROMETRY,,20.0,False,Research-simulated
MOCK04941,COPD_SPIROMETRY,,20.0,False,Research-simulated
MOCK04947,COPD_SPIROMETRY,,20.0,False,Research-simulated
MOCK04953,COPD_SPIROMETRY,,20.0,False,Research-simulated
MOCK04959,COPD_SPIROMETRY,,20.0,False,Research-simulated
MOCK04965,COPD_SPIROMETRY,,20.0,False,Research-simulated
MOCK04977,COPD_SPIROMETRY,,20.0,False,Research-simulated
MOCK04983,COPD_SPIROMETRY,,20.0,False,Research-simulated
MOCK04989,COPD_SPIROMETRY,,20.0,False,Research-simulated
MOCK05001,COPD_SPIROMETRY,,20.0,False,Research-simulated
MOCK05007,COPD_SPIROMETRY,,20.0,False,Research-simulated
MOCK05013,COPD_SPIROMETRY,,20.0,False,Research-simulated
MOCK05019,COPD_SPIROMETRY,,20.0,False,Research-simulated
MOCK05037,COPD_SPIROMETRY,,20.0,False,Research-simulated
MOCK05043,COPD_SPIROMETRY,,20.0,False,Research-simulated
MOCK05055,COPD_SPIROMETRY,,20.0,False,Research-simulated
MOCK05073,COPD_SPIROMETRY,,20.0,False,Research-simulated
MOCK05079,COPD_SPIROMETRY,,20.0,False,Research-simulated
MOCK05091,COPD_SPIROMETRY,,20.0,False,Research-simulated
MOCK05097,COPD_SPIROMETRY,,20.0,False,Research-simulated
MOCK05109,COPD_SPIROMETRY,,20.0,False,Research-simulated
MOCK05115,COPD_SPIROMETRY,,20.0,False,Research-simulated
MOCK05127,COPD_SPIROMETRY,,20.0,False,Research-simulated
MOCK05133,COPD_SPIROMETRY,,20.0,False,Research-simulated
MOCK05151,COPD_SPIROMETRY,,20.0,False,Research-simulated
MOCK05157,COPD_SPIROMETRY,,20.0,False,Research-simulated
MOCK05163,COPD_SPIROMETRY,,20.0,False,Research-simulated
MOCK05169,COPD_SPIROMETRY,,20.0,False,Research-simulated
MOCK05175,COPD_SPIROMETRY,,20.0,False,Research-simulated
MOCK05205,COPD_SPIROMETRY,,20.0,False,Research-simulated
MOCK05223,COPD_SPIROMETRY,,20.0,False,Research-simulated
MOCK05229,COPD_SPIROMETRY,,20.0,False,Research-simulated
MOCK05235,COPD_SPIROMETRY,,20.0,False,Research-simulated
MOCK05241,COPD_SPIROMETRY,,20.0,False,Research-simulated
MOCK05253,COPD_SPIROMETRY,,20.0,False,Research-simulated
MOCK05259,COPD_SPIROMETRY,,20.0,False,Research-simulated
MOCK05265,COPD_SPIROMETRY,,20.0,False,Research-simulated
MOCK05277,COPD_SPIROMETRY,,20.0,False,Research-simulated
MOCK05283,COPD_SPIROMETRY,,20.0,False,Research-simulated
MOCK05289,COPD_SPIROMETRY,,20.0,False,Research-simulated
MOCK05295,COPD_SPIROMETRY,,20.0,False,Research-simulated
MOCK05307,COPD_SPIROMETRY,,20.0,False,Research-simulated
MOCK05313,COPD_SPIROMETRY,,20.0,False,Research-simulated
MOCK05319,COPD_SPIROMETRY,,20.0,False,Research-simulated
MOCK05325,COPD_SPIROMETRY,,20.0,False,Research-simulated
MOCK05337,COPD_SPIROMETRY,,20.0,False,Research-simulated
MOCK05349,COPD_SPIROMETRY,,20.0,False,Research-simulated
MOCK05355,COPD_SPIROMETRY,,20.0,False,Research-simulated
MOCK05391,COPD_SPIROMETRY,,20.0,False,Research-simulated
MOCK05403,COPD_SPIROMETRY,,20.0,False,Research-simulated
MOCK05421,COPD_SPIROMETRY,,20.0,False,Research-simulated
MOCK05427,COPD_SPIROMETRY,,20.0,False,Research-simulated
MOCK05433,COPD_SPIROMETRY,,20.0,False,Research-simulated
MOCK05439,COPD_SPIROMETRY,,20.0,False,Research-simulated
MOCK05445,COPD_SPIROMETRY,,20.0,False,Research-simulated
MOCK05451,COPD_SPIROMETRY,,20.0,False,Research-simulated
MOCK05457,COPD_SPIROMETRY,,20.0,False,Research-simulated
MOCK05463,COPD_SPIROMETRY,,20.0,False,Research-simulated
MOCK05487,COPD_SPIROMETRY,,20.0,False,Research-simulated
MOCK05493,COPD_SPIROMETRY,,20.0,False,Research-simulated
MOCK05511,COPD_SPIROMETRY,,20.0,False,Research-simulated
MOCK05517,COPD_SPIROMETRY,,20.0,False,Research-simulated
MOCK05529,COPD_SPIROMETRY,,20.0,False,Research-simulated
MOCK05535,COPD_SPIROMETRY,,20.0,False,Research-simulated
MOCK05559,COPD_SPIROMETRY,,20.0,False,Research-simulated
MOCK05565,COPD_SPIROMETRY,,20.0,False,Research-simulated
MOCK05571,COPD_SPIROMETRY,,20.0,False,Research-simulated
MOCK05583,COPD_SPIROMETRY,,20.0,False,Research-simulated
MOCK05589,COPD_SPIROMETRY,,20.0,False,Research-simulated
MOCK05601,COPD_SPIROMETRY,,20.0,False,Research-simulated
MOCK05613,COPD_SPIROMETRY,,20.0,False,Research-simulated
MOCK05631,COPD_SPIROMETRY,,20.0,False,Research-simulated
MOCK05637,COPD_SPIROMETRY,,20.0,False,Research-simulated
MOCK05643,COPD_SPIROMETRY,,20.0,False,Research-simulated
MOCK05649,COPD_SPIROMETRY,,20.0,False,Research-simulated
MOCK05655,COPD_SPIROMETRY,,20.0,False,Research-simulated
MOCK05661,COPD_SPIROMETRY,,20.0,False,Research-simulated
MOCK05667,COPD_SPIROMETRY,,20.0,False,Research-simulated
MOCK05691,COPD_SPIROMETRY,,20.0,False,Research-simulated
MOCK05697,COPD_SPIROMETRY,,20.0,False,Research-simulated
MOCK05703,COPD_SPIROMETRY,,20.0,False,Research-simulated
MOCK05709,COPD_SPIROMETRY,,20.0,False,Research-simulated
MOCK05715,COPD_SPIROMETRY,,20.0,False,Research-simulated
MOCK05721,COPD_SPIROMETRY,,20.0,False,Research-simulated
MOCK05733,COPD_SPIROMETRY,,20.0,False,Research-simulated
MOCK05739,COPD_SPIROMETRY,,20.0,False,Research-simulated
MOCK05763,COPD_SPIROMETRY,,20.0,False,Research-simulated
MOCK05769,COPD_SPIROMETRY,,20.0,False,Research-simulated
MOCK05775,COPD_SPIROMETRY,,20.0,False,Research-simulated
MOCK05799,COPD_SPIROMETRY,,20.0,False,Research-simulated
MOCK05805,COPD_SPIROMETRY,,20.0,False,Research-simulated
MOCK05823,COPD_SPIROMETRY,,20.0,False,Research-simulated
MOCK05829,COPD_SPIROMETRY,,20.0,False,Research-simulated
MOCK05835,COPD_SPIROMETRY,,20.0,False,Research-simulated
MOCK05841,COPD_SPIROMETRY,,20.0,False,Research-simulated
MOCK05859,COPD_SPIROMETRY,,20.0,False,Research-simulated
MOCK05865,COPD_SPIROMETRY,,20.0,False,Research-simulated
MOCK05877,COPD_SPIROMETRY,,20.0,False,Research-simulated
MOCK05883,COPD_SPIROMETRY,,20.0,False,Research-simulated
MOCK05889,COPD_SPIROMETRY,,20.0,False,Research-simulated
MOCK05895,COPD_SPIROMETRY,,20.0,False,Research-simulated
MOCK05901,COPD_SPIROMETRY,,20.0,False,Research-simulated
MOCK05907,COPD_SPIROMETRY,,20.0,False,Research-simulated
MOCK05913,COPD_SPIROMETRY,,20.0,False,Research-simulated
MOCK05919,COPD_SPIROMETRY,,20.0,False,Research-simulated
MOCK05925,COPD_SPIROMETRY,,20.0,False,Research-simulated
MOCK05931,COPD_SPIROMETRY,,20.0,False,Research-simulated
MOCK05937,COPD_SPIROMETRY,,20.0,False,Research-simulated
MOCK05943,COPD_SPIROMETRY,,20.0,False,Research-simulated
MOCK05949,COPD_SPIROMETRY,,20.0,False,Research-simulated
MOCK05955,COPD_SPIROMETRY,,20.0,False,Research-simulated
MOCK05967,COPD_SPIROMETRY,,20.0,False,Research-simulated
MOCK05985,COPD_SPIROMETRY,,20.0,False,Research-simulated
MOCK05991,COPD_SPIROMETRY,,20.0,False,Research-simulated
MOCK06009,COPD_SPIROMETRY,,20.0,False,Research-simulated
MOCK06015,COPD_SPIROMETRY,,20.0,False,Research-simulated
MOCK06021,COPD_SPIROMETRY,,20.0,False,Research-simulated
MOCK06033,COPD_SPIROMETRY,,20.0,False,Research-simulated
MOCK06039,COPD_SPIROMETRY,,20.0,False,Research-simulated
MOCK06045,COPD_SPIROMETRY,,20.0,False,Research-simulated
MOCK06051,COPD_SPIROMETRY,,20.0,False,Research-simulated
MOCK06075,COPD_SPIROMETRY,,20.0,False,Research-simulated
MOCK06099,COPD_SPIROMETRY,,20.0,False,Research-simulated
MOCK06111,COPD_SPIROMETRY,,20.0,False,Research-simulated
MOCK06129,COPD_SPIROMETRY,,20.0,False,Research-simulated
MOCK06141,COPD_SPIROMETRY,,20.0,False,Research-simulated
MOCK06147,COPD_SPIROMETRY,,20.0,False,Research-simulated
MOCK06153,COPD_SPIROMETRY,,20.0,False,Research-simulated
MOCK06159,COPD_SPIROMETRY,,20.0,False,Research-simulated
MOCK06165,COPD_SPIROMETRY,,20.0,False,Research-simulated
MOCK06171,COPD_SPIROMETRY,,20.0,False,Research-simulated
MOCK06177,COPD_SPIROMETRY,,20.0,False,Research-simulated
MOCK06183,COPD_SPIROMETRY,,20.0,False,Research-simulated
MOCK06225,COPD_SPIROMETRY,,20.0,False,Research-simulated
MOCK06231,COPD_SPIROMETRY,,20.0,False,Research-simulated
MOCK06237,COPD_SPIROMETRY,,20.0,False,Research-simulated
MOCK06255,COPD_SPIROMETRY,,20.0,False,Research-simulated
MOCK06261,COPD_SPIROMETRY,,20.0,False,Research-simulated
MOCK06273,COPD_SPIROMETRY,,20.0,False,Research-simulated
MOCK06279,COPD_SPIROMETRY,,20.0,False,Research-simulated
MOCK06285,COPD_SPIROMETRY,,20.0,False,Research-simulated
MOCK06291,COPD_SPIROMETRY,,20.0,False,Research-simulated
MOCK06297,COPD_SPIROMETRY,,20.0,False,Research-simulated
MOCK06303,COPD_SPIROMETRY,,20.0,False,Research-simulated
MOCK06315,COPD_SPIROMETRY,,20.0,False,Research-simulated
MOCK06327,COPD_SPIROMETRY,,20.0,False,Research-simulated
MOCK06333,COPD_SPIROMETRY,,20.0,False,Research-simulated
MOCK06339,COPD_SPIROMETRY,,20.0,False,Research-simulated
MOCK06381,COPD_SPIROMETRY,,20.0,False,Research-simulated
MOCK06387,COPD_SPIROMETRY,,20.0,False,Research-simulated
MOCK06393,COPD_SPIROMETRY,,20.0,False,Research-simulated
MOCK06411,COPD_SPIROMETRY,,20.0,False,Research-simulated
MOCK06417,COPD_SPIROMETRY,,20.0,False,Research-simulated
MOCK06423,COPD_SPIROMETRY,,20.0,False,Research-simulated
MOCK06453,COPD_SPIROMETRY,,20.0,False,Research-simulated
MOCK06459,COPD_SPIROMETRY,,20.0,False,Research-simulated
MOCK06465,COPD_SPIROMETRY,,20.0,False,Research-simulated
MOCK06471,COPD_SPIROMETRY,,20.0,False,Research-simulated
MOCK06483,COPD_SPIROMETRY,,20.0,False,Research-simulated
MOCK06501,COPD_SPIROMETRY,,20.0,False,Research-simulated
MOCK06525,COPD_SPIROMETRY,,20.0,False,Research-simulated
MOCK06537,COPD_SPIROMETRY,,20.0,False,Research-simulated
MOCK06543,COPD_SPIROMETRY,,20.0,False,Research-simulated
MOCK06561,COPD_SPIROMETRY,,20.0,False,Research-simulated
MOCK06573,COPD_SPIROMETRY,,20.0,False,Research-simulated
MOCK06591,COPD_SPIROMETRY,,20.0,False,Research-simulated
MOCK06597,COPD_SPIROMETRY,,20.0,False,Research-simulated
MOCK06603,COPD_SPIROMETRY,,20.0,False,Research-simulated
MOCK06609,COPD_SPIROMETRY,,20.0,False,Research-simulated
MOCK06615,COPD_SPIROMETRY,,20.0,False,Research-simulated
MOCK06639,COPD_SPIROMETRY,,20.0,False,Research-simulated
MOCK06651,COPD_SPIROMETRY,,20.0,False,Research-simulated
MOCK06657,COPD_SPIROMETRY,,20.0,False,Research-simulated
MOCK06675,COPD_SPIROMETRY,,20.0,False,Research-simulated
MOCK06699,COPD_SPIROMETRY,,20.0,False,Research-simulated
MOCK06705,COPD_SPIROMETRY,,20.0,False,Research-simulated
MOCK06723,COPD_SPIROMETRY,,20.0,False,Research-simulated
MOCK06729,COPD_SPIROMETRY,,20.0,False,Research-simulated
MOCK06759,COPD_SPIROMETRY,,20.0,False,Research-simulated
MOCK06765,COPD_SPIROMETRY,,20.0,False,Research-simulated
MOCK06771,COPD_SPIROMETRY,,20.0,False,Research-simulated
MOCK06783,COPD_SPIROMETRY,,20.0,False,Research-simulated
MOCK06801,COPD_SPIROMETRY,,20.0,False,Research-simulated
MOCK06807,COPD_SPIROMETRY,,20.0,False,Research-simulated
MOCK06813,COPD_SPIROMETRY,,20.0,False,Research-simulated
MOCK06819,COPD_SPIROMETRY,,20.0,False,Research-simulated
MOCK06825,COPD_SPIROMETRY,,20.0,False,Research-simulated
MOCK06831,COPD_SPIROMETRY,,20.0,False,Research-simulated
MOCK06849,COPD_SPIROMETRY,,20.0,False,Research-simulated
MOCK06867,COPD_SPIROMETRY,,20.0,False,Research-simulated
MOCK06873,COPD_SPIROMETRY,,20.0,False,Research-simulated
MOCK06879,COPD_SPIROMETRY,,20.0,False,Research-simulated
MOCK06885,COPD_SPIROMETRY,,20.0,False,Research-simulated
MOCK06897,COPD_SPIROMETRY,,20.0,False,Research-simulated
MOCK06909,COPD_SPIROMETRY,,20.0,False,Research-simulated
MOCK06915,COPD_SPIROMETRY,,20.0,False,Research-simulated
MOCK06921,COPD_SPIROMETRY,,20.0,False,Research-simulated
MOCK06933,COPD_SPIROMETRY,,20.0,False,Research-simulated
MOCK06945,COPD_SPIROMETRY,,20.0,False,Research-simulated
MOCK06951,COPD_SPIROMETRY,,20.0,False,Research-simulated
MOCK06957,COPD_SPIROMETRY,,20.0,False,Research-simulated
MOCK06963,COPD_SPIROMETRY,,20.0,False,Research-simulated
MOCK06969,COPD_SPIROMETRY,,20.0,False,Research-simulated
MOCK06981,COPD_SPIROMETRY,,20.0,False,Research-simulated
MOCK06993,COPD_SPIROMETRY,,20.0,False,Research-simulated
MOCK06999,COPD_SPIROMETRY,,20.0,False,Research-simulated
MOCK07023,COPD_SPIROMETRY,,20.0,False,Research-simulated
MOCK07029,COPD_SPIROMETRY,,20.0,False,Research-simulated
MOCK07041,COPD_SPIROMETRY,,20.0,False,Research-simulated
MOCK07047,COPD_SPIROMETRY,,20.0,False,Research-simulated
MOCK07065,COPD_SPIROMETRY,,20.0,False,Research-simulated
MOCK07071,COPD_SPIROMETRY,,20.0,False,Research-simulated
MOCK07077,COPD_SPIROMETRY,,20.0,False,Research-simulated
MOCK07083,COPD_SPIROMETRY,,20.0,False,Research-simulated
MOCK07089,COPD_SPIROMETRY,,20.0,False,Research-simulated
MOCK07107,COPD_SPIROMETRY,,20.0,False,Research-simulated
MOCK07119,COPD_SPIROMETRY,,20.0,False,Research-simulated
MOCK07125,COPD_SPIROMETRY,,20.0,False,Research-simulated
MOCK07131,COPD_SPIROMETRY,,20.0,False,Research-simulated
MOCK07137,COPD_SPIROMETRY,,20.0,False,Research-simulated
MOCK07143,COPD_SPIROMETRY,,20.0,False,Research-simulated
MOCK07149,COPD_SPIROMETRY,,20.0,False,Research-simulated
MOCK07155,COPD_SPIROMETRY,,20.0,False,Research-simulated
MOCK07161,COPD_SPIROMETRY,,20.0,False,Research-simulated
MOCK07173,COPD_SPIROMETRY,,20.0,False,Research-simulated
MOCK07179,COPD_SPIROMETRY,,20.0,False,Research-simulated
MOCK07185,COPD_SPIROMETRY,,20.0,False,Research-simulated
MOCK07197,COPD_SPIROMETRY,,20.0,False,Research-simulated
MOCK07215,COPD_SPIROMETRY,,20.0,False,Research-simulated
MOCK07227,COPD_SPIROMETRY,,20.0,False,Research-simulated
MOCK07239,COPD_SPIROMETRY,,20.0,False,Research-simulated
MOCK07251,COPD_SPIROMETRY,,20.0,False,Research-simulated
MOCK07263,COPD_SPIROMETRY,,20.0,False,Research-simulated
MOCK07275,COPD_SPIROMETRY,,20.0,False,Research-simulated
MOCK07281,COPD_SPIROMETRY,,20.0,False,Research-simulated
MOCK07287,COPD_SPIROMETRY,,20.0,False,Research-simulated
MOCK07293,COPD_SPIROMETRY,,20.0,False,Research-simulated
MOCK07305,COPD_SPIROMETRY,,20.0,False,Research-simulated
MOCK07311,COPD_SPIROMETRY,,20.0,False,Research-simulated
MOCK07317,COPD_SPIROMETRY,,20.0,False,Research-simulated
MOCK07323,COPD_SPIROMETRY,,20.0,False,Research-simulated
MOCK07335,COPD_SPIROMETRY,,20.0,False,Research-simulated
MOCK07365,COPD_SPIROMETRY,,20.0,False,Research-simulated
MOCK07377,COPD_SPIROMETRY,,20.0,False,Research-simulated
MOCK07389,COPD_SPIROMETRY,,20.0,False,Research-simulated
MOCK07395,COPD_SPIROMETRY,,20.0,False,Research-simulated
MOCK07401,COPD_SPIROMETRY,,20.0,False,Research-simulated
MOCK07413,COPD_SPIROMETRY,,20.0,False,Research-simulated
MOCK07425,COPD_SPIROMETRY,,20.0,False,Research-simulated
MOCK07431,COPD_SPIROMETRY,,20.0,False,Research-simulated
MOCK07443,COPD_SPIROMETRY,,20.0,False,Research-simulated
MOCK07455,COPD_SPIROMETRY,,20.0,False,Research-simulated
MOCK07473,COPD_SPIROMETRY,,20.0,False,Research-simulated
MOCK07479,COPD_SPIROMETRY,,20.0,False,Research-simulated
MOCK07485,COPD_SPIROMETRY,,20.0,False,Research-simulated
MOCK07497,COPD_SPIROMETRY,,20.0,False,Research-simulated
MOCK07503,COPD_SPIROMETRY,,20.0,False,Research-simulated
MOCK07515,COPD_SPIROMETRY,,20.0,False,Research-simulated
MOCK07539,COPD_SPIROMETRY,,20.0,False,Research-simulated
MOCK07545,COPD_SPIROMETRY,,20.0,False,Research-simulated
MOCK07551,COPD_SPIROMETRY,,20.0,False,Research-simulated
MOCK07557,COPD_SPIROMETRY,,20.0,False,Research-simulated
MOCK07569,COPD_SPIROMETRY,,20.0,False,Research-simulated
MOCK07575,COPD_SPIROMETRY,,20.0,False,Research-simulated
MOCK07581,COPD_SPIROMETRY,,20.0,False,Research-simulated
MOCK07593,COPD_SPIROMETRY,,20.0,False,Research-simulated
MOCK07605,COPD_SPIROMETRY,,20.0,False,Research-simulated
MOCK07611,COPD_SPIROMETRY,,20.0,False,Research-simulated
MOCK07629,COPD_SPIROMETRY,,20.0,False,Research-simulated
MOCK07635,COPD_SPIROMETRY,,20.0,False,Research-simulated
MOCK07641,COPD_SPIROMETRY,,20.0,False,Research-simulated
MOCK07647,COPD_SPIROMETRY,,20.0,False,Research-simulated
MOCK07653,COPD_SPIROMETRY,,20.0,False,Research-simulated
MOCK07665,COPD_SPIROMETRY,,20.0,False,Research-simulated
MOCK07671,COPD_SPIROMETRY,,20.0,False,Research-simulated
MOCK07689,COPD_SPIROMETRY,,20.0,False,Research-simulated
MOCK07707,COPD_SPIROMETRY,,20.0,False,Research-simulated
MOCK07737,COPD_SPIROMETRY,,20.0,False,Research-simulated
MOCK07749,COPD_SPIROMETRY,,20.0,False,Research-simulated
MOCK07755,COPD_SPIROMETRY,,20.0,False,Research-simulated
MOCK07761,COPD_SPIROMETRY,,20.0,False,Research-simulated
MOCK07767,COPD_SPIROMETRY,,20.0,False,Research-simulated
MOCK07773,COPD_SPIROMETRY,,20.0,False,Research-simulated
MOCK07779,COPD_SPIROMETRY,,20.0,False,Research-simulated
MOCK07791,COPD_SPIROMETRY,,20.0,False,Research-simulated
MOCK07797,COPD_SPIROMETRY,,20.0,False,Research-simulated
MOCK07803,COPD_SPIROMETRY,,20.0,False,Research-simulated
MOCK07809,COPD_SPIROMETRY,,20.0,False,Research-simulated
MOCK07821,COPD_SPIROMETRY,,20.0,False,Research-simulated
MOCK07839,COPD_SPIROMETRY,,20.0,False,Research-simulated
MOCK07845,COPD_SPIROMETRY,,20.0,False,Research-simulated
MOCK07851,COPD_SPIROMETRY,,20.0,False,Research-simulated
MOCK07857,COPD_SPIROMETRY,,20.0,False,Research-simulated
MOCK07869,COPD_SPIROMETRY,,20.0,False,Research-simulated
MOCK07881,COPD_SPIROMETRY,,20.0,False,Research-simulated
MOCK07893,COPD_SPIROMETRY,,20.0,False,Research-simulated
MOCK07905,COPD_SPIROMETRY,,20.0,False,Research-simulated
MOCK07911,COPD_SPIROMETRY,,20.0,False,Research-simulated
MOCK07923,COPD_SPIROMETRY,,20.0,False,Research-simulated
MOCK07929,COPD_SPIROMETRY,,20.0,False,Research-simulated
MOCK07935,COPD_SPIROMETRY,,20.0,False,Research-simulated
MOCK07947,COPD_SPIROMETRY,,20.0,False,Research-simulated
MOCK07953,COPD_SPIROMETRY,,20.0,False,Research-simulated
MOCK07971,COPD_SPIROMETRY,,20.0,False,Research-simulated
MOCK07977,COPD_SPIROMETRY,,20.0,False,Research-simulated
MOCK07983,COPD_SPIROMETRY,,20.0,False,Research-simulated
MOCK08001,COPD_SPIROMETRY,,20.0,False,Research-simulated
MOCK08007,COPD_SPIROMETRY,,20.0,False,Research-simulated
MOCK08013,COPD_SPIROMETRY,,20.0,False,Research-simulated
MOCK08019,COPD_SPIROMETRY,,20.0,False,Research-simulated
MOCK08025,COPD_SPIROMETRY,,20.0,False,Research-simulated
MOCK08031,COPD_SPIROMETRY,,20.0,False,Research-simulated
MOCK08049,COPD_SPIROMETRY,,20.0,False,Research-simulated
MOCK08055,COPD_SPIROMETRY,,20.0,False,Research-simulated
MOCK08061,COPD_SPIROMETRY,,20.0,False,Research-simulated
MOCK08073,COPD_SPIROMETRY,,20.0,False,Research-simulated
MOCK08079,COPD_SPIROMETRY,,20.0,False,Research-simulated
MOCK08109,COPD_SPIROMETRY,,20.0,False,Research-simulated
MOCK08115,COPD_SPIROMETRY,,20.0,False,Research-simulated
MOCK08133,COPD_SPIROMETRY,,20.0,False,Research-simulated
MOCK08139,COPD_SPIROMETRY,,20.0,False,Research-simulated
MOCK08151,COPD_SPIROMETRY,,20.0,False,Research-simulated
MOCK08157,COPD_SPIROMETRY,,20.0,False,Research-simulated
MOCK08181,COPD_SPIROMETRY,,20.0,False,Research-simulated
MOCK08193,COPD_SPIROMETRY,,20.0,False,Research-simulated
MOCK08199,COPD_SPIROMETRY,,20.0,False,Research-simulated
MOCK08217,COPD_SPIROMETRY,,20.0,False,Research-simulated
MOCK08223,COPD_SPIROMETRY,,20.0,False,Research-simulated
MOCK08229,COPD_SPIROMETRY,,20.0,False,Research-simulated
MOCK08265,COPD_SPIROMETRY,,20.0,False,Research-simulated
MOCK08283,COPD_SPIROMETRY,,20.0,False,Research-simulated
MOCK08289,COPD_SPIROMETRY,,20.0,False,Research-simulated
MOCK08313,COPD_SPIROMETRY,,20.0,False,Research-simulated
MOCK08325,COPD_SPIROMETRY,,20.0,False,Research-simulated
MOCK08331,COPD_SPIROMETRY,,20.0,False,Research-simulated
MOCK08343,COPD_SPIROMETRY,,20.0,False,Research-simulated
MOCK08349,COPD_SPIROMETRY,,20.0,False,Research-simulated
MOCK08355,COPD_SPIROMETRY,,20.0,False,Research-simulated
MOCK08367,COPD_SPIROMETRY,,20.0,False,Research-simulated
MOCK08373,COPD_SPIROMETRY,,20.0,False,Research-simulated
MOCK08379,COPD_SPIROMETRY,,20.0,False,Research-simulated
MOCK08385,COPD_SPIROMETRY,,20.0,False,Research-simulated
MOCK08391,COPD_SPIROMETRY,,20.0,False,Research-simulated
MOCK08397,COPD_SPIROMETRY,,20.0,False,Research-simulated
MOCK08409,COPD_SPIROMETRY,,20.0,False,Research-simulated
MOCK08421,COPD_SPIROMETRY,,20.0,False,Research-simulated
MOCK08427,COPD_SPIROMETRY,,20.0,False,Research-simulated
MOCK08433,COPD_SPIROMETRY,,20.0,False,Research-simulated
MOCK08439,COPD_SPIROMETRY,,20.0,False,Research-simulated
MOCK08451,COPD_SPIROMETRY,,20.0,False,Research-simulated
MOCK08457,COPD_SPIROMETRY,,20.0,False,Research-simulated
MOCK08463,COPD_SPIROMETRY,,20.0,False,Research-simulated
MOCK08475,COPD_SPIROMETRY,,20.0,False,Research-simulated
MOCK08481,COPD_SPIROMETRY,,20.0,False,Research-simulated
MOCK08487,COPD_SPIROMETRY,,20.0,False,Research-simulated
MOCK08499,COPD_SPIROMETRY,,20.0,False,Research-simulated
MOCK08517,COPD_SPIROMETRY,,20.0,False,Research-simulated
MOCK08523,COPD_SPIROMETRY,,20.0,False,Research-simulated
MOCK08541,COPD_SPIROMETRY,,20.0,False,Research-simulated
MOCK08547,COPD_SPIROMETRY,,20.0,False,Research-simulated
MOCK08559,COPD_SPIROMETRY,,20.0,False,Research-simulated
MOCK08565,COPD_SPIROMETRY,,20.0,False,Research-simulated
MOCK08571,COPD_SPIROMETRY,,20.0,False,Research-simulated
MOCK08577,COPD_SPIROMETRY,,20.0,False,Research-simulated
MOCK08595,COPD_SPIROMETRY,,20.0,False,Research-simulated
MOCK08601,COPD_SPIROMETRY,,20.0,False,Research-simulated
MOCK08607,COPD_SPIROMETRY,,20.0,False,Research-simulated
MOCK08631,COPD_SPIROMETRY,,20.0,False,Research-simulated
MOCK08637,COPD_SPIROMETRY,,20.0,False,Research-simulated
MOCK08643,COPD_SPIROMETRY,,20.0,False,Research-simulated
MOCK08649,COPD_SPIROMETRY,,20.0,False,Research-simulated
MOCK08655,COPD_SPIROMETRY,,20.0,False,Research-simulated
MOCK08673,COPD_SPIROMETRY,,20.0,False,Research-simulated
MOCK08679,COPD_SPIROMETRY,,20.0,False,Research-simulated
MOCK08685,COPD_SPIROMETRY,,20.0,False,Research-simulated
MOCK08691,COPD_SPIROMETRY,,20.0,False,Research-simulated
MOCK08703,COPD_SPIROMETRY,,20.0,False,Research-simulated
MOCK08715,COPD_SPIROMETRY,,20.0,False,Research-simulated
MOCK08745,COPD_SPIROMETRY,,20.0,False,Research-simulated
MOCK08751,COPD_SPIROMETRY,,20.0,False,Research-simulated
MOCK08757,COPD_SPIROMETRY,,20.0,False,Research-simulated
MOCK08763,COPD_SPIROMETRY,,20.0,False,Research-simulated
MOCK08769,COPD_SPIROMETRY,,20.0,False,Research-simulated
MOCK08775,COPD_SPIROMETRY,,20.0,False,Research-simulated
MOCK08781,COPD_SPIROMETRY,,20.0,False,Research-simulated
MOCK08787,COPD_SPIROMETRY,,20.0,False,Research-simulated
MOCK08793,COPD_SPIROMETRY,,20.0,False,Research-simulated
MOCK08799,COPD_SPIROMETRY,,20.0,False,Research-simulated
MOCK08817,COPD_SPIROMETRY,,20.0,False,Research-simulated
MOCK08835,COPD_SPIROMETRY,,20.0,False,Research-simulated
MOCK08841,COPD_SPIROMETRY,,20.0,False,Research-simulated
MOCK08847,COPD_SPIROMETRY,,20.0,False,Research-simulated
MOCK08853,COPD_SPIROMETRY,,20.0,False,Research-simulated
MOCK08859,COPD_SPIROMETRY,,20.0,False,Research-simulated
MOCK08871,COPD_SPIROMETRY,,20.0,False,Research-simulated
MOCK08883,COPD_SPIROMETRY,,20.0,False,Research-simulated
MOCK08889,COPD_SPIROMETRY,,20.0,False,Research-simulated
MOCK08895,COPD_SPIROMETRY,,20.0,False,Research-simulated
MOCK08901,COPD_SPIROMETRY,,20.0,False,Research-simulated
MOCK08907,COPD_SPIROMETRY,,20.0,False,Research-simulated
MOCK08913,COPD_SPIROMETRY,,20.0,False,Research-simulated
MOCK08931,COPD_SPIROMETRY,,20.0,False,Research-simulated
MOCK08937,COPD_SPIROMETRY,,20.0,False,Research-simulated
MOCK08949,COPD_SPIROMETRY,,20.0,False,Research-simulated
MOCK08955,COPD_SPIROMETRY,,20.0,False,Research-simulated
MOCK08961,COPD_SPIROMETRY,,20.0,False,Research-simulated
MOCK08973,COPD_SPIROMETRY,,20.0,False,Research-simulated
MOCK08985,COPD_SPIROMETRY,,20.0,False,Research-simulated
MOCK08991,COPD_SPIROMETRY,,20.0,False,Research-simulated
MOCK09021,COPD_SPIROMETRY,,20.0,False,Research-simulated
MOCK09027,COPD_SPIROMETRY,,20.0,False,Research-simulated
MOCK09033,COPD_SPIROMETRY,,20.0,False,Research-simulated
MOCK09039,COPD_SPIROMETRY,,20.0,False,Research-simulated
MOCK09045,COPD_SPIROMETRY,,20.0,False,Research-simulated
MOCK09057,COPD_SPIROMETRY,,20.0,False,Research-simulated
MOCK09063,COPD_SPIROMETRY,,20.0,False,Research-simulated
MOCK09069,COPD_SPIROMETRY,,20.0,False,Research-simulated
MOCK09081,COPD_SPIROMETRY,,20.0,False,Research-simulated
MOCK09099,COPD_SPIROMETRY,,20.0,False,Research-simulated
MOCK09105,COPD_SPIROMETRY,,20.0,False,Research-simulated
MOCK09111,COPD_SPIROMETRY,,20.0,False,Research-simulated
MOCK09117,COPD_SPIROMETRY,,20.0,False,Research-simulated
MOCK09123,COPD_SPIROMETRY,,20.0,False,Research-simulated
MOCK09129,COPD_SPIROMETRY,,20.0,False,Research-simulated
MOCK09141,COPD_SPIROMETRY,,20.0,False,Research-simulated
MOCK09147,COPD_SPIROMETRY,,20.0,False,Research-simulated
MOCK09153,COPD_SPIROMETRY,,20.0,False,Research-simulated
MOCK09159,COPD_SPIROMETRY,,20.0,False,Research-simulated
MOCK09165,COPD_SPIROMETRY,,20.0,False,Research-simulated
MOCK09177,COPD_SPIROMETRY,,20.0,False,Research-simulated
MOCK09195,COPD_SPIROMETRY,,20.0,False,Research-simulated
MOCK09207,COPD_SPIROMETRY,,20.0,False,Research-simulated
MOCK09213,COPD_SPIROMETRY,,20.0,False,Research-simulated
MOCK09231,COPD_SPIROMETRY,,20.0,False,Research-simulated
MOCK09237,COPD_SPIROMETRY,,20.0,False,Research-simulated
MOCK09255,COPD_SPIROMETRY,,20.0,False,Research-simulated
MOCK09267,COPD_SPIROMETRY,,20.0,False,Research-simulated
MOCK09285,COPD_SPIROMETRY,,20.0,False,Research-simulated
MOCK09303,COPD_SPIROMETRY,,20.0,False,Research-simulated
MOCK09315,COPD_SPIROMETRY,,20.0,False,Research-simulated
MOCK09339,COPD_SPIROMETRY,,20.0,False,Research-simulated
MOCK09357,COPD_SPIROMETRY,,20.0,False,Research-simulated
MOCK09369,COPD_SPIROMETRY,,20.0,False,Research-simulated
MOCK09375,COPD_SPIROMETRY,,20.0,False,Research-simulated
MOCK09381,COPD_SPIROMETRY,,20.0,False,Research-simulated
MOCK09387,COPD_SPIROMETRY,,20.0,False,Research-simulated
MOCK09399,COPD_SPIROMETRY,,20.0,False,Research-simulated
MOCK09411,COPD_SPIROMETRY,,20.0,False,Research-simulated
MOCK09417,COPD_SPIROMETRY,,20.0,False,Research-simulated
MOCK09423,COPD_SPIROMETRY,,20.0,False,Research-simulated
MOCK09429,COPD_SPIROMETRY,,20.0,False,Research-simulated
MOCK09435,COPD_SPIROMETRY,,20.0,False,Research-simulated
MOCK09441,COPD_SPIROMETRY,,20.0,False,Research-simulated
MOCK09453,COPD_SPIROMETRY,,20.0,False,Research-simulated
MOCK09483,COPD_SPIROMETRY,,20.0,False,Research-simulated
MOCK09495,COPD_SPIROMETRY,,20.0,False,Research-simulated
MOCK09501,COPD_SPIROMETRY,,20.0,False,Research-simulated
MOCK09507,COPD_SPIROMETRY,,20.0,False,Research-simulated
MOCK09519,COPD_SPIROMETRY,,20.0,False,Research-simulated
MOCK09531,COPD_SPIROMETRY,,20.0,False,Research-simulated
MOCK09549,COPD_SPIROMETRY,,20.0,False,Research-simulated
MOCK09555,COPD_SPIROMETRY,,20.0,False,Research-simulated
MOCK09561,COPD_SPIROMETRY,,20.0,False,Research-simulated
MOCK09567,COPD_SPIROMETRY,,20.0,False,Research-simulated
MOCK09579,COPD_SPIROMETRY,,20.0,False,Research-simulated
MOCK09597,COPD_SPIROMETRY,,20.0,False,Research-simulated
MOCK09603,COPD_SPIROMETRY,,20.0,False,Research-simulated
MOCK09615,COPD_SPIROMETRY,,20.0,False,Research-simulated
MOCK09627,COPD_SPIROMETRY,,20.0,False,Research-simulated
MOCK09633,COPD_SPIROMETRY,,20.0,False,Research-simulated
MOCK09639,COPD_SPIROMETRY,,20.0,False,Research-simulated
MOCK09645,COPD_SPIROMETRY,,20.0,False,Research-simulated
MOCK09657,COPD_SPIROMETRY,,20.0,False,Research-simulated
MOCK09669,COPD_SPIROMETRY,,20.0,False,Research-simulated
MOCK09675,COPD_SPIROMETRY,,20.0,False,Research-simulated
MOCK09687,COPD_SPIROMETRY,,20.0,False,Research-simulated
MOCK09699,COPD_SPIROMETRY,,20.0,False,Research-simulated
MOCK09711,COPD_SPIROMETRY,,20.0,False,Research-simulated
MOCK09717,COPD_SPIROMETRY,,20.0,False,Research-simulated
MOCK09723,COPD_SPIROMETRY,,20.0,False,Research-simulated
MOCK09747,COPD_SPIROMETRY,,20.0,False,Research-simulated
MOCK09753,COPD_SPIROMETRY,,20.0,False,Research-simulated
MOCK09771,COPD_SPIROMETRY,,20.0,False,Research-simulated
MOCK09777,COPD_SPIROMETRY,,20.0,False,Research-simulated
MOCK09783,COPD_SPIROMETRY,,20.0,False,Research-simulated
MOCK09795,COPD_SPIROMETRY,,20.0,False,Research-simulated
MOCK09813,COPD_SPIROMETRY,,20.0,False,Research-simulated
MOCK09819,COPD_SPIROMETRY,,20.0,False,Research-simulated
MOCK09843,COPD_SPIROMETRY,,20.0,False,Research-simulated
MOCK09849,COPD_SPIROMETRY,,20.0,False,Research-simulated
MOCK09855,COPD_SPIROMETRY,,20.0,False,Research-simulated
MOCK09861,COPD_SPIROMETRY,,20.0,False,Research-simulated
MOCK09867,COPD_SPIROMETRY,,20.0,False,Research-simulated
MOCK09873,COPD_SPIROMETRY,,20.0,False,Research-simulated
MOCK09885,COPD_SPIROMETRY,,20.0,False,Research-simulated
MOCK09891,COPD_SPIROMETRY,,20.0,False,Research-simulated
MOCK09897,COPD_SPIROMETRY,,20.0,False,Research-simulated
MOCK09903,COPD_SPIROMETRY,,20.0,False,Research-simulated
MOCK09909,COPD_SPIROMETRY,,20.0,False,Research-simulated
MOCK09915,COPD_SPIROMETRY,,20.0,False,Research-simulated
MOCK09933,COPD_SPIROMETRY,,20.0,False,Research-simulated
MOCK09963,COPD_SPIROMETRY,,20.0,False,Research-simulated
MOCK09975,COPD_SPIROMETRY,,20.0,False,Research-simulated
MOCK09981,COPD_SPIROMETRY,,20.0,False,Research-simulated
MOCK09987,COPD_SPIROMETRY,,20.0,False,Research-simulated
MOCK09993,COPD_SPIROMETRY,,20.0,False,Research-simulated
MOCK00004,BH_POST_DISCHARGE_7D,,30.0,False,Research-simulated
MOCK00010,BH_POST_DISCHARGE_7D,,30.0,False,Research-simulated
MOCK00016,BH_POST_DISCHARGE_7D,,30.0,False,Research-simulated
MOCK00022,BH_POST_DISCHARGE_7D,,30.0,False,Research-simulated
MOCK00028,BH_POST_DISCHARGE_7D,,30.0,False,Research-simulated
MOCK00034,BH_POST_DISCHARGE_7D,,30.0,False,Research-simulated
MOCK00040,BH_POST_DISCHARGE_7D,,30.0,False,Research-simulated
MOCK00052,BH_POST_DISCHARGE_7D,,30.0,False,Research-simulated
MOCK00058,BH_POST_DISCHARGE_7D,,30.0,False,Research-simulated
MOCK00064,BH_POST_DISCHARGE_7D,,30.0,False,Research-simulated
MOCK00070,BH_POST_DISCHARGE_7D,,30.0,False,Research-simulated
MOCK00076,BH_POST_DISCHARGE_7D,,30.0,False,Research-simulated
MOCK00082,BH_POST_DISCHARGE_7D,,30.0,False,Research-simulated
MOCK00088,BH_POST_DISCHARGE_7D,,30.0,False,Research-simulated
MOCK00094,BH_POST_DISCHARGE_7D,,30.0,False,Research-simulated
MOCK00100,BH_POST_DISCHARGE_7D,,30.0,False,Research-simulated
MOCK00106,BH_POST_DISCHARGE_7D,,30.0,False,Research-simulated
MOCK00112,BH_POST_DISCHARGE_7D,,30.0,False,Research-simulated
MOCK00124,BH_POST_DISCHARGE_7D,,30.0,False,Research-simulated
MOCK00130,BH_POST_DISCHARGE_7D,,30.0,False,Research-simulated
MOCK00142,BH_POST_DISCHARGE_7D,,30.0,False,Research-simulated
MOCK00148,BH_POST_DISCHARGE_7D,,30.0,False,Research-simulated
MOCK00154,BH_POST_DISCHARGE_7D,,30.0,False,Research-simulated
MOCK00160,BH_POST_DISCHARGE_7D,,30.0,False,Research-simulated
MOCK00166,BH_POST_DISCHARGE_7D,,30.0,False,Research-simulated
MOCK00172,BH_POST_DISCHARGE_7D,,30.0,False,Research-simulated
MOCK00178,BH_POST_DISCHARGE_7D,,30.0,False,Research-simulated
MOCK00184,BH_POST_DISCHARGE_7D,,30.0,False,Research-simulated
MOCK00190,BH_POST_DISCHARGE_7D,,30.0,False,Research-simulated
MOCK00202,BH_POST_DISCHARGE_7D,,30.0,False,Research-simulated
MOCK00208,BH_POST_DISCHARGE_7D,,30.0,False,Research-simulated
MOCK00214,BH_POST_DISCHARGE_7D,,30.0,False,Research-simulated
MOCK00232,BH_POST_DISCHARGE_7D,,30.0,False,Research-simulated
MOCK00238,BH_POST_DISCHARGE_7D,,30.0,False,Research-simulated
MOCK00244,BH_POST_DISCHARGE_7D,,30.0,False,Research-simulated
MOCK00256,BH_POST_DISCHARGE_7D,,30.0,False,Research-simulated
MOCK00262,BH_POST_DISCHARGE_7D,,30.0,False,Research-simulated
MOCK00268,BH_POST_DISCHARGE_7D,,30.0,False,Research-simulated
MOCK00274,BH_POST_DISCHARGE_7D,,30.0,False,Research-simulated
MOCK00280,BH_POST_DISCHARGE_7D,,30.0,False,Research-simulated
MOCK00292,BH_POST_DISCHARGE_7D,,30.0,False,Research-simulated
MOCK00298,BH_POST_DISCHARGE_7D,,30.0,False,Research-simulated
MOCK00304,BH_POST_DISCHARGE_7D,,30.0,False,Research-simulated
MOCK00310,BH_POST_DISCHARGE_7D,,30.0,False,Research-simulated
MOCK00322,BH_POST_DISCHARGE_7D,,30.0,False,Research-simulated
MOCK00328,BH_POST_DISCHARGE_7D,,30.0,False,Research-simulated
MOCK00334,BH_POST_DISCHARGE_7D,,30.0,False,Research-simulated
MOCK00340,BH_POST_DISCHARGE_7D,,30.0,False,Research-simulated
MOCK00352,BH_POST_DISCHARGE_7D,,30.0,False,Research-simulated
MOCK00358,BH_POST_DISCHARGE_7D,,30.0,False,Research-simulated
MOCK00364,BH_POST_DISCHARGE_7D,,30.0,False,Research-simulated
MOCK00376,BH_POST_DISCHARGE_7D,,30.0,False,Research-simulated
MOCK00382,BH_POST_DISCHARGE_7D,,30.0,False,Research-simulated
MOCK00388,BH_POST_DISCHARGE_7D,,30.0,False,Research-simulated
MOCK00400,BH_POST_DISCHARGE_7D,,30.0,False,Research-simulated
MOCK00406,BH_POST_DISCHARGE_7D,,30.0,False,Research-simulated
MOCK00418,BH_POST_DISCHARGE_7D,,30.0,False,Research-simulated
MOCK00424,BH_POST_DISCHARGE_7D,,30.0,False,Research-simulated
MOCK00430,BH_POST_DISCHARGE_7D,,30.0,False,Research-simulated
MOCK00436,BH_POST_DISCHARGE_7D,,30.0,False,Research-simulated
MOCK00448,BH_POST_DISCHARGE_7D,,30.0,False,Research-simulated
MOCK00454,BH_POST_DISCHARGE_7D,,30.0,False,Research-simulated
MOCK00460,BH_POST_DISCHARGE_7D,,30.0,False,Research-simulated
MOCK00466,BH_POST_DISCHARGE_7D,,30.0,False,Research-simulated
MOCK00472,BH_POST_DISCHARGE_7D,,30.0,False,Research-simulated
MOCK00478,BH_POST_DISCHARGE_7D,,30.0,False,Research-simulated
MOCK00496,BH_POST_DISCHARGE_7D,,30.0,False,Research-simulated
MOCK00508,BH_POST_DISCHARGE_7D,,30.0,False,Research-simulated
MOCK00514,BH_POST_DISCHARGE_7D,,30.0,False,Research-simulated
MOCK00520,BH_POST_DISCHARGE_7D,,30.0,False,Research-simulated
MOCK00526,BH_POST_DISCHARGE_7D,,30.0,False,Research-simulated
MOCK00532,BH_POST_DISCHARGE_7D,,30.0,False,Research-simulated
MOCK00538,BH_POST_DISCHARGE_7D,,30.0,False,Research-simulated
MOCK00544,BH_POST_DISCHARGE_7D,,30.0,False,Research-simulated
MOCK00568,BH_POST_DISCHARGE_7D,,30.0,False,Research-simulated
MOCK00574,BH_POST_DISCHARGE_7D,,30.0,False,Research-simulated
MOCK00580,BH_POST_DISCHARGE_7D,,30.0,False,Research-simulated
MOCK00592,BH_POST_DISCHARGE_7D,,30.0,False,Research-simulated
MOCK00598,BH_POST_DISCHARGE_7D,,30.0,False,Research-simulated
MOCK00622,BH_POST_DISCHARGE_7D,,30.0,False,Research-simulated
MOCK00640,BH_POST_DISCHARGE_7D,,30.0,False,Research-simulated
MOCK00646,BH_POST_DISCHARGE_7D,,30.0,False,Research-simulated
MOCK00652,BH_POST_DISCHARGE_7D,,30.0,False,Research-simulated
MOCK00670,BH_POST_DISCHARGE_7D,,30.0,False,Research-simulated
MOCK00676,BH_POST_DISCHARGE_7D,,30.0,False,Research-simulated
MOCK00682,BH_POST_DISCHARGE_7D,,30.0,False,Research-simulated
MOCK00694,BH_POST_DISCHARGE_7D,,30.0,False,Research-simulated
MOCK00700,BH_POST_DISCHARGE_7D,,30.0,False,Research-simulated
MOCK00712,BH_POST_DISCHARGE_7D,,30.0,False,Research-simulated
MOCK00718,BH_POST_DISCHARGE_7D,,30.0,False,Research-simulated
MOCK00724,BH_POST_DISCHARGE_7D,,30.0,False,Research-simulated
MOCK00736,BH_POST_DISCHARGE_7D,,30.0,False,Research-simulated
MOCK00742,BH_POST_DISCHARGE_7D,,30.0,False,Research-simulated
MOCK00748,BH_POST_DISCHARGE_7D,,30.0,False,Research-simulated
MOCK00754,BH_POST_DISCHARGE_7D,,30.0,False,Research-simulated
MOCK00760,BH_POST_DISCHARGE_7D,,30.0,False,Research-simulated
MOCK00766,BH_POST_DISCHARGE_7D,,30.0,False,Research-simulated
MOCK00772,BH_POST_DISCHARGE_7D,,30.0,False,Research-simulated
MOCK00784,BH_POST_DISCHARGE_7D,,30.0,False,Research-simulated
MOCK00790,BH_POST_DISCHARGE_7D,,30.0,False,Research-simulated
MOCK00796,BH_POST_DISCHARGE_7D,,30.0,False,Research-simulated
MOCK00802,BH_POST_DISCHARGE_7D,,30.0,False,Research-simulated
MOCK00814,BH_POST_DISCHARGE_7D,,30.0,False,Research-simulated
MOCK00832,BH_POST_DISCHARGE_7D,,30.0,False,Research-simulated
MOCK00838,BH_POST_DISCHARGE_7D,,30.0,False,Research-simulated
MOCK00850,BH_POST_DISCHARGE_7D,,30.0,False,Research-simulated
MOCK00856,BH_POST_DISCHARGE_7D,,30.0,False,Research-simulated
MOCK00862,BH_POST_DISCHARGE_7D,,30.0,False,Research-simulated
MOCK00868,BH_POST_DISCHARGE_7D,,30.0,False,Research-simulated
MOCK00874,BH_POST_DISCHARGE_7D,,30.0,False,Research-simulated
MOCK00886,BH_POST_DISCHARGE_7D,,30.0,False,Research-simulated
MOCK00898,BH_POST_DISCHARGE_7D,,30.0,False,Research-simulated
MOCK00910,BH_POST_DISCHARGE_7D,,30.0,False,Research-simulated
MOCK00916,BH_POST_DISCHARGE_7D,,30.0,False,Research-simulated
MOCK00922,BH_POST_DISCHARGE_7D,,30.0,False,Research-simulated
MOCK00934,BH_POST_DISCHARGE_7D,,30.0,False,Research-simulated
MOCK00940,BH_POST_DISCHARGE_7D,,30.0,False,Research-simulated
MOCK00946,BH_POST_DISCHARGE_7D,,30.0,False,Research-simulated
MOCK00952,BH_POST_DISCHARGE_7D,,30.0,False,Research-simulated
MOCK00958,BH_POST_DISCHARGE_7D,,30.0,False,Research-simulated
MOCK00970,BH_POST_DISCHARGE_7D,,30.0,False,Research-simulated
MOCK00988,BH_POST_DISCHARGE_7D,,30.0,False,Research-simulated
MOCK00994,BH_POST_DISCHARGE_7D,,30.0,False,Research-simulated
MOCK01000,BH_POST_DISCHARGE_7D,,30.0,False,Research-simulated
MOCK01006,BH_POST_DISCHARGE_7D,,30.0,False,Research-simulated
MOCK01012,BH_POST_DISCHARGE_7D,,30.0,False,Research-simulated
MOCK01024,BH_POST_DISCHARGE_7D,,30.0,False,Research-simulated
MOCK01030,BH_POST_DISCHARGE_7D,,30.0,False,Research-simulated
MOCK01036,BH_POST_DISCHARGE_7D,,30.0,False,Research-simulated
MOCK01042,BH_POST_DISCHARGE_7D,,30.0,False,Research-simulated
MOCK01048,BH_POST_DISCHARGE_7D,,30.0,False,Research-simulated
MOCK01054,BH_POST_DISCHARGE_7D,,30.0,False,Research-simulated
MOCK01060,BH_POST_DISCHARGE_7D,,30.0,False,Research-simulated
MOCK01072,BH_POST_DISCHARGE_7D,,30.0,False,Research-simulated
MOCK01078,BH_POST_DISCHARGE_7D,,30.0,False,Research-simulated
MOCK01084,BH_POST_DISCHARGE_7D,,30.0,False,Research-simulated
MOCK01096,BH_POST_DISCHARGE_7D,,30.0,False,Research-simulated
MOCK01102,BH_POST_DISCHARGE_7D,,30.0,False,Research-simulated
MOCK01108,BH_POST_DISCHARGE_7D,,30.0,False,Research-simulated
MOCK01114,BH_POST_DISCHARGE_7D,,30.0,False,Research-simulated
MOCK01126,BH_POST_DISCHARGE_7D,,30.0,False,Research-simulated
MOCK01132,BH_POST_DISCHARGE_7D,,30.0,False,Research-simulated
MOCK01138,BH_POST_DISCHARGE_7D,,30.0,False,Research-simulated
MOCK01150,BH_POST_DISCHARGE_7D,,30.0,False,Research-simulated
MOCK01156,BH_POST_DISCHARGE_7D,,30.0,False,Research-simulated
MOCK01168,BH_POST_DISCHARGE_7D,,30.0,False,Research-simulated
MOCK01174,BH_POST_DISCHARGE_7D,,30.0,False,Research-simulated
MOCK01186,BH_POST_DISCHARGE_7D,,30.0,False,Research-simulated
MOCK01198,BH_POST_DISCHARGE_7D,,30.0,False,Research-simulated
MOCK01204,BH_POST_DISCHARGE_7D,,30.0,False,Research-simulated
MOCK01210,BH_POST_DISCHARGE_7D,,30.0,False,Research-simulated
MOCK01216,BH_POST_DISCHARGE_7D,,30.0,False,Research-simulated
MOCK01222,BH_POST_DISCHARGE_7D,,30.0,False,Research-simulated
MOCK01228,BH_POST_DISCHARGE_7D,,30.0,False,Research-simulated
MOCK01234,BH_POST_DISCHARGE_7D,,30.0,False,Research-simulated
MOCK01240,BH_POST_DISCHARGE_7D,,30.0,False,Research-simulated
MOCK01246,BH_POST_DISCHARGE_7D,,30.0,False,Research-simulated
MOCK01252,BH_POST_DISCHARGE_7D,,30.0,False,Research-simulated
MOCK01264,BH_POST_DISCHARGE_7D,,30.0,False,Research-simulated
MOCK01270,BH_POST_DISCHARGE_7D,,30.0,False,Research-simulated
MOCK01276,BH_POST_DISCHARGE_7D,,30.0,False,Research-simulated
MOCK01288,BH_POST_DISCHARGE_7D,,30.0,False,Research-simulated
MOCK01294,BH_POST_DISCHARGE_7D,,30.0,False,Research-simulated
MOCK01300,BH_POST_DISCHARGE_7D,,30.0,False,Research-simulated
MOCK01312,BH_POST_DISCHARGE_7D,,30.0,False,Research-simulated
MOCK01318,BH_POST_DISCHARGE_7D,,30.0,False,Research-simulated
MOCK01324,BH_POST_DISCHARGE_7D,,30.0,False,Research-simulated
MOCK01330,BH_POST_DISCHARGE_7D,,30.0,False,Research-simulated
MOCK01336,BH_POST_DISCHARGE_7D,,30.0,False,Research-simulated
MOCK01342,BH_POST_DISCHARGE_7D,,30.0,False,Research-simulated
MOCK01354,BH_POST_DISCHARGE_7D,,30.0,False,Research-simulated
MOCK01366,BH_POST_DISCHARGE_7D,,30.0,False,Research-simulated
MOCK01372,BH_POST_DISCHARGE_7D,,30.0,False,Research-simulated
MOCK01384,BH_POST_DISCHARGE_7D,,30.0,False,Research-simulated
MOCK01390,BH_POST_DISCHARGE_7D,,30.0,False,Research-simulated
MOCK01396,BH_POST_DISCHARGE_7D,,30.0,False,Research-simulated
MOCK01402,BH_POST_DISCHARGE_7D,,30.0,False,Research-simulated
MOCK01408,BH_POST_DISCHARGE_7D,,30.0,False,Research-simulated
MOCK01432,BH_POST_DISCHARGE_7D,,30.0,False,Research-simulated
MOCK01444,BH_POST_DISCHARGE_7D,,30.0,False,Research-simulated
MOCK01450,BH_POST_DISCHARGE_7D,,30.0,False,Research-simulated
MOCK01456,BH_POST_DISCHARGE_7D,,30.0,False,Research-simulated
MOCK01462,BH_POST_DISCHARGE_7D,,30.0,False,Research-simulated
MOCK01480,BH_POST_DISCHARGE_7D,,30.0,False,Research-simulated
MOCK01498,BH_POST_DISCHARGE_7D,,30.0,False,Research-simulated
MOCK01504,BH_POST_DISCHARGE_7D,,30.0,False,Research-simulated
MOCK01510,BH_POST_DISCHARGE_7D,,30.0,False,Research-simulated
MOCK01528,BH_POST_DISCHARGE_7D,,30.0,False,Research-simulated
MOCK01540,BH_POST_DISCHARGE_7D,,30.0,False,Research-simulated
MOCK01546,BH_POST_DISCHARGE_7D,,30.0,False,Research-simulated
MOCK01558,BH_POST_DISCHARGE_7D,,30.0,False,Research-simulated
MOCK01564,BH_POST_DISCHARGE_7D,,30.0,False,Research-simulated
MOCK01576,BH_POST_DISCHARGE_7D,,30.0,False,Research-simulated
MOCK01594,BH_POST_DISCHARGE_7D,,30.0,False,Research-simulated
MOCK01600,BH_POST_DISCHARGE_7D,,30.0,False,Research-simulated
MOCK01606,BH_POST_DISCHARGE_7D,,30.0,False,Research-simulated
MOCK01612,BH_POST_DISCHARGE_7D,,30.0,False,Research-simulated
MOCK01624,BH_POST_DISCHARGE_7D,,30.0,False,Research-simulated
MOCK01630,BH_POST_DISCHARGE_7D,,30.0,False,Research-simulated
MOCK01642,BH_POST_DISCHARGE_7D,,30.0,False,Research-simulated
MOCK01648,BH_POST_DISCHARGE_7D,,30.0,False,Research-simulated
MOCK01654,BH_POST_DISCHARGE_7D,,30.0,False,Research-simulated
MOCK01660,BH_POST_DISCHARGE_7D,,30.0,False,Research-simulated
MOCK01666,BH_POST_DISCHARGE_7D,,30.0,False,Research-simulated
MOCK01678,BH_POST_DISCHARGE_7D,,30.0,False,Research-simulated
MOCK01684,BH_POST_DISCHARGE_7D,,30.0,False,Research-simulated
MOCK01690,BH_POST_DISCHARGE_7D,,30.0,False,Research-simulated
MOCK01696,BH_POST_DISCHARGE_7D,,30.0,False,Research-simulated
MOCK01702,BH_POST_DISCHARGE_7D,,30.0,False,Research-simulated
MOCK01708,BH_POST_DISCHARGE_7D,,30.0,False,Research-simulated
MOCK01714,BH_POST_DISCHARGE_7D,,30.0,False,Research-simulated
MOCK01726,BH_POST_DISCHARGE_7D,,30.0,False,Research-simulated
MOCK01738,BH_POST_DISCHARGE_7D,,30.0,False,Research-simulated
MOCK01744,BH_POST_DISCHARGE_7D,,30.0,False,Research-simulated
MOCK01750,BH_POST_DISCHARGE_7D,,30.0,False,Research-simulated
MOCK01756,BH_POST_DISCHARGE_7D,,30.0,False,Research-simulated
MOCK01762,BH_POST_DISCHARGE_7D,,30.0,False,Research-simulated
MOCK01768,BH_POST_DISCHARGE_7D,,30.0,False,Research-simulated
MOCK01774,BH_POST_DISCHARGE_7D,,30.0,False,Research-simulated
MOCK01786,BH_POST_DISCHARGE_7D,,30.0,False,Research-simulated
MOCK01792,BH_POST_DISCHARGE_7D,,30.0,False,Research-simulated
MOCK01798,BH_POST_DISCHARGE_7D,,30.0,False,Research-simulated
MOCK01804,BH_POST_DISCHARGE_7D,,30.0,False,Research-simulated
MOCK01810,BH_POST_DISCHARGE_7D,,30.0,False,Research-simulated
MOCK01816,BH_POST_DISCHARGE_7D,,30.0,False,Research-simulated
MOCK01840,BH_POST_DISCHARGE_7D,,30.0,False,Research-simulated
MOCK01852,BH_POST_DISCHARGE_7D,,30.0,False,Research-simulated
MOCK01858,BH_POST_DISCHARGE_7D,,30.0,False,Research-simulated
MOCK01864,BH_POST_DISCHARGE_7D,,30.0,False,Research-simulated
MOCK01870,BH_POST_DISCHARGE_7D,,30.0,False,Research-simulated
MOCK01876,BH_POST_DISCHARGE_7D,,30.0,False,Research-simulated
MOCK01882,BH_POST_DISCHARGE_7D,,30.0,False,Research-simulated
MOCK01900,BH_POST_DISCHARGE_7D,,30.0,False,Research-simulated
MOCK01912,BH_POST_DISCHARGE_7D,,30.0,False,Research-simulated
MOCK01930,BH_POST_DISCHARGE_7D,,30.0,False,Research-simulated
MOCK01936,BH_POST_DISCHARGE_7D,,30.0,False,Research-simulated
MOCK01942,BH_POST_DISCHARGE_7D,,30.0,False,Research-simulated
MOCK01948,BH_POST_DISCHARGE_7D,,30.0,False,Research-simulated
MOCK01960,BH_POST_DISCHARGE_7D,,30.0,False,Research-simulated
MOCK01966,BH_POST_DISCHARGE_7D,,30.0,False,Research-simulated
MOCK01972,BH_POST_DISCHARGE_7D,,30.0,False,Research-simulated
MOCK01978,BH_POST_DISCHARGE_7D,,30.0,False,Research-simulated
MOCK01990,BH_POST_DISCHARGE_7D,,30.0,False,Research-simulated
MOCK02002,BH_POST_DISCHARGE_7D,,30.0,False,Research-simulated
MOCK02008,BH_POST_DISCHARGE_7D,,30.0,False,Research-simulated
MOCK02020,BH_POST_DISCHARGE_7D,,30.0,False,Research-simulated
MOCK02026,BH_POST_DISCHARGE_7D,,30.0,False,Research-simulated
MOCK02038,BH_POST_DISCHARGE_7D,,30.0,False,Research-simulated
MOCK02044,BH_POST_DISCHARGE_7D,,30.0,False,Research-simulated
MOCK02056,BH_POST_DISCHARGE_7D,,30.0,False,Research-simulated
MOCK02062,BH_POST_DISCHARGE_7D,,30.0,False,Research-simulated
MOCK02068,BH_POST_DISCHARGE_7D,,30.0,False,Research-simulated
MOCK02074,BH_POST_DISCHARGE_7D,,30.0,False,Research-simulated
MOCK02086,BH_POST_DISCHARGE_7D,,30.0,False,Research-simulated
MOCK02098,BH_POST_DISCHARGE_7D,,30.0,False,Research-simulated
MOCK02104,BH_POST_DISCHARGE_7D,,30.0,False,Research-simulated
MOCK02110,BH_POST_DISCHARGE_7D,,30.0,False,Research-simulated
MOCK02146,BH_POST_DISCHARGE_7D,,30.0,False,Research-simulated
MOCK02152,BH_POST_DISCHARGE_7D,,30.0,False,Research-simulated
MOCK02158,BH_POST_DISCHARGE_7D,,30.0,False,Research-simulated
MOCK02176,BH_POST_DISCHARGE_7D,,30.0,False,Research-simulated
MOCK02182,BH_POST_DISCHARGE_7D,,30.0,False,Research-simulated
MOCK02188,BH_POST_DISCHARGE_7D,,30.0,False,Research-simulated
MOCK02194,BH_POST_DISCHARGE_7D,,30.0,False,Research-simulated
MOCK02200,BH_POST_DISCHARGE_7D,,30.0,False,Research-simulated
MOCK02206,BH_POST_DISCHARGE_7D,,30.0,False,Research-simulated
MOCK02212,BH_POST_DISCHARGE_7D,,30.0,False,Research-simulated
MOCK02218,BH_POST_DISCHARGE_7D,,30.0,False,Research-simulated
MOCK02224,BH_POST_DISCHARGE_7D,,30.0,False,Research-simulated
MOCK02230,BH_POST_DISCHARGE_7D,,30.0,False,Research-simulated
MOCK02236,BH_POST_DISCHARGE_7D,,30.0,False,Research-simulated
MOCK02248,BH_POST_DISCHARGE_7D,,30.0,False,Research-simulated
MOCK02254,BH_POST_DISCHARGE_7D,,30.0,False,Research-simulated
MOCK02266,BH_POST_DISCHARGE_7D,,30.0,False,Research-simulated
MOCK02272,BH_POST_DISCHARGE_7D,,30.0,False,Research-simulated
MOCK02278,BH_POST_DISCHARGE_7D,,30.0,False,Research-simulated
MOCK02284,BH_POST_DISCHARGE_7D,,30.0,False,Research-simulated
MOCK02296,BH_POST_DISCHARGE_7D,,30.0,False,Research-simulated
MOCK02302,BH_POST_DISCHARGE_7D,,30.0,False,Research-simulated
MOCK02308,BH_POST_DISCHARGE_7D,,30.0,False,Research-simulated
MOCK02320,BH_POST_DISCHARGE_7D,,30.0,False,Research-simulated
MOCK02332,BH_POST_DISCHARGE_7D,,30.0,False,Research-simulated
MOCK02338,BH_POST_DISCHARGE_7D,,30.0,False,Research-simulated
MOCK02350,BH_POST_DISCHARGE_7D,,30.0,False,Research-simulated
MOCK02356,BH_POST_DISCHARGE_7D,,30.0,False,Research-simulated
MOCK02362,BH_POST_DISCHARGE_7D,,30.0,False,Research-simulated
MOCK02368,BH_POST_DISCHARGE_7D,,30.0,False,Research-simulated
MOCK02374,BH_POST_DISCHARGE_7D,,30.0,False,Research-simulated
MOCK02380,BH_POST_DISCHARGE_7D,,30.0,False,Research-simulated
MOCK02386,BH_POST_DISCHARGE_7D,,30.0,False,Research-simulated
MOCK02392,BH_POST_DISCHARGE_7D,,30.0,False,Research-simulated
MOCK02410,BH_POST_DISCHARGE_7D,,30.0,False,Research-simulated
MOCK02416,BH_POST_DISCHARGE_7D,,30.0,False,Research-simulated
MOCK02422,BH_POST_DISCHARGE_7D,,30.0,False,Research-simulated
MOCK02428,BH_POST_DISCHARGE_7D,,30.0,False,Research-simulated
MOCK02434,BH_POST_DISCHARGE_7D,,30.0,False,Research-simulated
MOCK02440,BH_POST_DISCHARGE_7D,,30.0,False,Research-simulated
MOCK02452,BH_POST_DISCHARGE_7D,,30.0,False,Research-simulated
MOCK02458,BH_POST_DISCHARGE_7D,,30.0,False,Research-simulated
MOCK02470,BH_POST_DISCHARGE_7D,,30.0,False,Research-simulated
MOCK02476,BH_POST_DISCHARGE_7D,,30.0,False,Research-simulated
MOCK02482,BH_POST_DISCHARGE_7D,,30.0,False,Research-simulated
MOCK02488,BH_POST_DISCHARGE_7D,,30.0,False,Research-simulated
MOCK02494,BH_POST_DISCHARGE_7D,,30.0,False,Research-simulated
MOCK02500,BH_POST_DISCHARGE_7D,,30.0,False,Research-simulated
MOCK02524,BH_POST_DISCHARGE_7D,,30.0,False,Research-simulated
MOCK02530,BH_POST_DISCHARGE_7D,,30.0,False,Research-simulated
MOCK02536,BH_POST_DISCHARGE_7D,,30.0,False,Research-simulated
MOCK02542,BH_POST_DISCHARGE_7D,,30.0,False,Research-simulated
MOCK02548,BH_POST_DISCHARGE_7D,,30.0,False,Research-simulated
MOCK02554,BH_POST_DISCHARGE_7D,,30.0,False,Research-simulated
MOCK02560,BH_POST_DISCHARGE_7D,,30.0,False,Research-simulated
MOCK02572,BH_POST_DISCHARGE_7D,,30.0,False,Research-simulated
MOCK02578,BH_POST_DISCHARGE_7D,,30.0,False,Research-simulated
MOCK02584,BH_POST_DISCHARGE_7D,,30.0,False,Research-simulated
MOCK02590,BH_POST_DISCHARGE_7D,,30.0,False,Research-simulated
MOCK02596,BH_POST_DISCHARGE_7D,,30.0,False,Research-simulated
MOCK02602,BH_POST_DISCHARGE_7D,,30.0,False,Research-simulated
MOCK02608,BH_POST_DISCHARGE_7D,,30.0,False,Research-simulated
MOCK02614,BH_POST_DISCHARGE_7D,,30.0,False,Research-simulated
MOCK02626,BH_POST_DISCHARGE_7D,,30.0,False,Research-simulated
MOCK02632,BH_POST_DISCHARGE_7D,,30.0,False,Research-simulated
MOCK02638,BH_POST_DISCHARGE_7D,,30.0,False,Research-simulated
MOCK02644,BH_POST_DISCHARGE_7D,,30.0,False,Research-simulated
MOCK02650,BH_POST_DISCHARGE_7D,,30.0,False,Research-simulated
MOCK02656,BH_POST_DISCHARGE_7D,,30.0,False,Research-simulated
MOCK02662,BH_POST_DISCHARGE_7D,,30.0,False,Research-simulated
MOCK02668,BH_POST_DISCHARGE_7D,,30.0,False,Research-simulated
MOCK02704,BH_POST_DISCHARGE_7D,,30.0,False,Research-simulated
MOCK02710,BH_POST_DISCHARGE_7D,,30.0,False,Research-simulated
MOCK02728,BH_POST_DISCHARGE_7D,,30.0,False,Research-simulated
MOCK02734,BH_POST_DISCHARGE_7D,,30.0,False,Research-simulated
MOCK02746,BH_POST_DISCHARGE_7D,,30.0,False,Research-simulated
MOCK02752,BH_POST_DISCHARGE_7D,,30.0,False,Research-simulated
MOCK02764,BH_POST_DISCHARGE_7D,,30.0,False,Research-simulated
MOCK02770,BH_POST_DISCHARGE_7D,,30.0,False,Research-simulated
MOCK02776,BH_POST_DISCHARGE_7D,,30.0,False,Research-simulated
MOCK02788,BH_POST_DISCHARGE_7D,,30.0,False,Research-simulated
MOCK02794,BH_POST_DISCHARGE_7D,,30.0,False,Research-simulated
MOCK02806,BH_POST_DISCHARGE_7D,,30.0,False,Research-simulated
MOCK02818,BH_POST_DISCHARGE_7D,,30.0,False,Research-simulated
MOCK02824,BH_POST_DISCHARGE_7D,,30.0,False,Research-simulated
MOCK02830,BH_POST_DISCHARGE_7D,,30.0,False,Research-simulated
MOCK02836,BH_POST_DISCHARGE_7D,,30.0,False,Research-simulated
MOCK02860,BH_POST_DISCHARGE_7D,,30.0,False,Research-simulated
MOCK02878,BH_POST_DISCHARGE_7D,,30.0,False,Research-simulated
MOCK02902,BH_POST_DISCHARGE_7D,,30.0,False,Research-simulated
MOCK02920,BH_POST_DISCHARGE_7D,,30.0,False,Research-simulated
MOCK02932,BH_POST_DISCHARGE_7D,,30.0,False,Research-simulated
MOCK02938,BH_POST_DISCHARGE_7D,,30.0,False,Research-simulated
MOCK02944,BH_POST_DISCHARGE_7D,,30.0,False,Research-simulated
MOCK02950,BH_POST_DISCHARGE_7D,,30.0,False,Research-simulated
MOCK02962,BH_POST_DISCHARGE_7D,,30.0,False,Research-simulated
MOCK02968,BH_POST_DISCHARGE_7D,,30.0,False,Research-simulated
MOCK02974,BH_POST_DISCHARGE_7D,,30.0,False,Research-simulated
MOCK02980,BH_POST_DISCHARGE_7D,,30.0,False,Research-simulated
MOCK02986,BH_POST_DISCHARGE_7D,,30.0,False,Research-simulated
MOCK02998,BH_POST_DISCHARGE_7D,,30.0,False,Research-simulated
MOCK03004,BH_POST_DISCHARGE_7D,,30.0,False,Research-simulated
MOCK03022,BH_POST_DISCHARGE_7D,,30.0,False,Research-simulated
MOCK03028,BH_POST_DISCHARGE_7D,,30.0,False,Research-simulated
MOCK03034,BH_POST_DISCHARGE_7D,,30.0,False,Research-simulated
MOCK03040,BH_POST_DISCHARGE_7D,,30.0,False,Research-simulated
MOCK03046,BH_POST_DISCHARGE_7D,,30.0,False,Research-simulated
MOCK03058,BH_POST_DISCHARGE_7D,,30.0,False,Research-simulated
MOCK03064,BH_POST_DISCHARGE_7D,,30.0,False,Research-simulated
MOCK03070,BH_POST_DISCHARGE_7D,,30.0,False,Research-simulated
MOCK03076,BH_POST_DISCHARGE_7D,,30.0,False,Research-simulated
MOCK03082,BH_POST_DISCHARGE_7D,,30.0,False,Research-simulated
MOCK03088,BH_POST_DISCHARGE_7D,,30.0,False,Research-simulated
MOCK03094,BH_POST_DISCHARGE_7D,,30.0,False,Research-simulated
MOCK03100,BH_POST_DISCHARGE_7D,,30.0,False,Research-simulated
MOCK03112,BH_POST_DISCHARGE_7D,,30.0,False,Research-simulated
MOCK03118,BH_POST_DISCHARGE_7D,,30.0,False,Research-simulated
MOCK03130,BH_POST_DISCHARGE_7D,,30.0,False,Research-simulated
MOCK03148,BH_POST_DISCHARGE_7D,,30.0,False,Research-simulated
MOCK03154,BH_POST_DISCHARGE_7D,,30.0,False,Research-simulated
MOCK03160,BH_POST_DISCHARGE_7D,,30.0,False,Research-simulated
MOCK03166,BH_POST_DISCHARGE_7D,,30.0,False,Research-simulated
MOCK03172,BH_POST_DISCHARGE_7D,,30.0,False,Research-simulated
MOCK03178,BH_POST_DISCHARGE_7D,,30.0,False,Research-simulated
MOCK03184,BH_POST_DISCHARGE_7D,,30.0,False,Research-simulated
MOCK03190,BH_POST_DISCHARGE_7D,,30.0,False,Research-simulated
MOCK03196,BH_POST_DISCHARGE_7D,,30.0,False,Research-simulated
MOCK03202,BH_POST_DISCHARGE_7D,,30.0,False,Research-simulated
MOCK03220,BH_POST_DISCHARGE_7D,,30.0,False,Research-simulated
MOCK03226,BH_POST_DISCHARGE_7D,,30.0,False,Research-simulated
MOCK03232,BH_POST_DISCHARGE_7D,,30.0,False,Research-simulated
MOCK03238,BH_POST_DISCHARGE_7D,,30.0,False,Research-simulated
MOCK03244,BH_POST_DISCHARGE_7D,,30.0,False,Research-simulated
MOCK03250,BH_POST_DISCHARGE_7D,,30.0,False,Research-simulated
MOCK03256,BH_POST_DISCHARGE_7D,,30.0,False,Research-simulated
MOCK03262,BH_POST_DISCHARGE_7D,,30.0,False,Research-simulated
MOCK03268,BH_POST_DISCHARGE_7D,,30.0,False,Research-simulated
MOCK03274,BH_POST_DISCHARGE_7D,,30.0,False,Research-simulated
MOCK03298,BH_POST_DISCHARGE_7D,,30.0,False,Research-simulated
MOCK03304,BH_POST_DISCHARGE_7D,,30.0,False,Research-simulated
MOCK03310,BH_POST_DISCHARGE_7D,,30.0,False,Research-simulated
MOCK03316,BH_POST_DISCHARGE_7D,,30.0,False,Research-simulated
MOCK03322,BH_POST_DISCHARGE_7D,,30.0,False,Research-simulated
MOCK03328,BH_POST_DISCHARGE_7D,,30.0,False,Research-simulated
MOCK03334,BH_POST_DISCHARGE_7D,,30.0,False,Research-simulated
MOCK03340,BH_POST_DISCHARGE_7D,,30.0,False,Research-simulated
MOCK03358,BH_POST_DISCHARGE_7D,,30.0,False,Research-simulated
MOCK03364,BH_POST_DISCHARGE_7D,,30.0,False,Research-simulated
MOCK03370,BH_POST_DISCHARGE_7D,,30.0,False,Research-simulated
MOCK03376,BH_POST_DISCHARGE_7D,,30.0,False,Research-simulated
MOCK03382,BH_POST_DISCHARGE_7D,,30.0,False,Research-simulated
MOCK03388,BH_POST_DISCHARGE_7D,,30.0,False,Research-simulated
MOCK03400,BH_POST_DISCHARGE_7D,,30.0,False,Research-simulated
MOCK03406,BH_POST_DISCHARGE_7D,,30.0,False,Research-simulated
MOCK03412,BH_POST_DISCHARGE_7D,,30.0,False,Research-simulated
MOCK03424,BH_POST_DISCHARGE_7D,,30.0,False,Research-simulated
MOCK03430,BH_POST_DISCHARGE_7D,,30.0,False,Research-simulated
MOCK03442,BH_POST_DISCHARGE_7D,,30.0,False,Research-simulated
MOCK03448,BH_POST_DISCHARGE_7D,,30.0,False,Research-simulated
MOCK03460,BH_POST_DISCHARGE_7D,,30.0,False,Research-simulated
MOCK03466,BH_POST_DISCHARGE_7D,,30.0,False,Research-simulated
MOCK03478,BH_POST_DISCHARGE_7D,,30.0,False,Research-simulated
MOCK03490,BH_POST_DISCHARGE_7D,,30.0,False,Research-simulated
MOCK03496,BH_POST_DISCHARGE_7D,,30.0,False,Research-simulated
MOCK03502,BH_POST_DISCHARGE_7D,,30.0,False,Research-simulated
MOCK03514,BH_POST_DISCHARGE_7D,,30.0,False,Research-simulated
MOCK03520,BH_POST_DISCHARGE_7D,,30.0,False,Research-simulated
MOCK03526,BH_POST_DISCHARGE_7D,,30.0,False,Research-simulated
MOCK03538,BH_POST_DISCHARGE_7D,,30.0,False,Research-simulated
MOCK03544,BH_POST_DISCHARGE_7D,,30.0,False,Research-simulated
MOCK03550,BH_POST_DISCHARGE_7D,,30.0,False,Research-simulated
MOCK03556,BH_POST_DISCHARGE_7D,,30.0,False,Research-simulated
MOCK03562,BH_POST_DISCHARGE_7D,,30.0,False,Research-simulated
MOCK03568,BH_POST_DISCHARGE_7D,,30.0,False,Research-simulated
MOCK03580,BH_POST_DISCHARGE_7D,,30.0,False,Research-simulated
MOCK03586,BH_POST_DISCHARGE_7D,,30.0,False,Research-simulated
MOCK03592,BH_POST_DISCHARGE_7D,,30.0,False,Research-simulated
MOCK03604,BH_POST_DISCHARGE_7D,,30.0,False,Research-simulated
MOCK03616,BH_POST_DISCHARGE_7D,,30.0,False,Research-simulated
MOCK03622,BH_POST_DISCHARGE_7D,,30.0,False,Research-simulated
MOCK03634,BH_POST_DISCHARGE_7D,,30.0,False,Research-simulated
MOCK03640,BH_POST_DISCHARGE_7D,,30.0,False,Research-simulated
MOCK03646,BH_POST_DISCHARGE_7D,,30.0,False,Research-simulated
MOCK03652,BH_POST_DISCHARGE_7D,,30.0,False,Research-simulated
MOCK03658,BH_POST_DISCHARGE_7D,,30.0,False,Research-simulated
MOCK03670,BH_POST_DISCHARGE_7D,,30.0,False,Research-simulated
MOCK03676,BH_POST_DISCHARGE_7D,,30.0,False,Research-simulated
MOCK03682,BH_POST_DISCHARGE_7D,,30.0,False,Research-simulated
MOCK03688,BH_POST_DISCHARGE_7D,,30.0,False,Research-simulated
MOCK03694,BH_POST_DISCHARGE_7D,,30.0,False,Research-simulated
MOCK03712,BH_POST_DISCHARGE_7D,,30.0,False,Research-simulated
MOCK03718,BH_POST_DISCHARGE_7D,,30.0,False,Research-simulated
MOCK03724,BH_POST_DISCHARGE_7D,,30.0,False,Research-simulated
MOCK03730,BH_POST_DISCHARGE_7D,,30.0,False,Research-simulated
MOCK03736,BH_POST_DISCHARGE_7D,,30.0,False,Research-simulated
MOCK03748,BH_POST_DISCHARGE_7D,,30.0,False,Research-simulated
MOCK03754,BH_POST_DISCHARGE_7D,,30.0,False,Research-simulated
MOCK03760,BH_POST_DISCHARGE_7D,,30.0,False,Research-simulated
MOCK03766,BH_POST_DISCHARGE_7D,,30.0,False,Research-simulated
MOCK03772,BH_POST_DISCHARGE_7D,,30.0,False,Research-simulated
MOCK03778,BH_POST_DISCHARGE_7D,,30.0,False,Research-simulated
MOCK03784,BH_POST_DISCHARGE_7D,,30.0,False,Research-simulated
MOCK03790,BH_POST_DISCHARGE_7D,,30.0,False,Research-simulated
MOCK03796,BH_POST_DISCHARGE_7D,,30.0,False,Research-simulated
MOCK03808,BH_POST_DISCHARGE_7D,,30.0,False,Research-simulated
MOCK03814,BH_POST_DISCHARGE_7D,,30.0,False,Research-simulated
MOCK03820,BH_POST_DISCHARGE_7D,,30.0,False,Research-simulated
MOCK03826,BH_POST_DISCHARGE_7D,,30.0,False,Research-simulated
MOCK03832,BH_POST_DISCHARGE_7D,,30.0,False,Research-simulated
MOCK03844,BH_POST_DISCHARGE_7D,,30.0,False,Research-simulated
MOCK03850,BH_POST_DISCHARGE_7D,,30.0,False,Research-simulated
MOCK03856,BH_POST_DISCHARGE_7D,,30.0,False,Research-simulated
MOCK03868,BH_POST_DISCHARGE_7D,,30.0,False,Research-simulated
MOCK03880,BH_POST_DISCHARGE_7D,,30.0,False,Research-simulated
MOCK03886,BH_POST_DISCHARGE_7D,,30.0,False,Research-simulated
MOCK03892,BH_POST_DISCHARGE_7D,,30.0,False,Research-simulated
MOCK03898,BH_POST_DISCHARGE_7D,,30.0,False,Research-simulated
MOCK03904,BH_POST_DISCHARGE_7D,,30.0,False,Research-simulated
MOCK03910,BH_POST_DISCHARGE_7D,,30.0,False,Research-simulated
MOCK03934,BH_POST_DISCHARGE_7D,,30.0,False,Research-simulated
MOCK03940,BH_POST_DISCHARGE_7D,,30.0,False,Research-simulated
MOCK03946,BH_POST_DISCHARGE_7D,,30.0,False,Research-simulated
MOCK03952,BH_POST_DISCHARGE_7D,,30.0,False,Research-simulated
MOCK03964,BH_POST_DISCHARGE_7D,,30.0,False,Research-simulated
MOCK03970,BH_POST_DISCHARGE_7D,,30.0,False,Research-simulated
MOCK03976,BH_POST_DISCHARGE_7D,,30.0,False,Research-simulated
MOCK03994,BH_POST_DISCHARGE_7D,,30.0,False,Research-simulated
MOCK04000,BH_POST_DISCHARGE_7D,,30.0,False,Research-simulated
MOCK04006,BH_POST_DISCHARGE_7D,,30.0,False,Research-simulated
MOCK04012,BH_POST_DISCHARGE_7D,,30.0,False,Research-simulated
MOCK04024,BH_POST_DISCHARGE_7D,,30.0,False,Research-simulated
MOCK04030,BH_POST_DISCHARGE_7D,,30.0,False,Research-simulated
MOCK04036,BH_POST_DISCHARGE_7D,,30.0,False,Research-simulated
MOCK04042,BH_POST_DISCHARGE_7D,,30.0,False,Research-simulated
MOCK04048,BH_POST_DISCHARGE_7D,,30.0,False,Research-simulated
MOCK04054,BH_POST_DISCHARGE_7D,,30.0,False,Research-simulated
MOCK04060,BH_POST_DISCHARGE_7D,,30.0,False,Research-simulated
MOCK04066,BH_POST_DISCHARGE_7D,,30.0,False,Research-simulated
MOCK04072,BH_POST_DISCHARGE_7D,,30.0,False,Research-simulated
MOCK04078,BH_POST_DISCHARGE_7D,,30.0,False,Research-simulated
MOCK04090,BH_POST_DISCHARGE_7D,,30.0,False,Research-simulated
MOCK04102,BH_POST_DISCHARGE_7D,,30.0,False,Research-simulated
MOCK04108,BH_POST_DISCHARGE_7D,,30.0,False,Research-simulated
MOCK04114,BH_POST_DISCHARGE_7D,,30.0,False,Research-simulated
MOCK04126,BH_POST_DISCHARGE_7D,,30.0,False,Research-simulated
MOCK04132,BH_POST_DISCHARGE_7D,,30.0,False,Research-simulated
MOCK04144,BH_POST_DISCHARGE_7D,,30.0,False,Research-simulated
MOCK04150,BH_POST_DISCHARGE_7D,,30.0,False,Research-simulated
MOCK04156,BH_POST_DISCHARGE_7D,,30.0,False,Research-simulated
MOCK04162,BH_POST_DISCHARGE_7D,,30.0,False,Research-simulated
MOCK04168,BH_POST_DISCHARGE_7D,,30.0,False,Research-simulated
MOCK04180,BH_POST_DISCHARGE_7D,,30.0,False,Research-simulated
MOCK04210,BH_POST_DISCHARGE_7D,,30.0,False,Research-simulated
MOCK04222,BH_POST_DISCHARGE_7D,,30.0,False,Research-simulated
MOCK04240,BH_POST_DISCHARGE_7D,,30.0,False,Research-simulated
MOCK04246,BH_POST_DISCHARGE_7D,,30.0,False,Research-simulated
MOCK04252,BH_POST_DISCHARGE_7D,,30.0,False,Research-simulated
MOCK04258,BH_POST_DISCHARGE_7D,,30.0,False,Research-simulated
MOCK04264,BH_POST_DISCHARGE_7D,,30.0,False,Research-simulated
MOCK04270,BH_POST_DISCHARGE_7D,,30.0,False,Research-simulated
MOCK04282,BH_POST_DISCHARGE_7D,,30.0,False,Research-simulated
MOCK04288,BH_POST_DISCHARGE_7D,,30.0,False,Research-simulated
MOCK04300,BH_POST_DISCHARGE_7D,,30.0,False,Research-simulated
MOCK04330,BH_POST_DISCHARGE_7D,,30.0,False,Research-simulated
MOCK04348,BH_POST_DISCHARGE_7D,,30.0,False,Research-simulated
MOCK04360,BH_POST_DISCHARGE_7D,,30.0,False,Research-simulated
MOCK04366,BH_POST_DISCHARGE_7D,,30.0,False,Research-simulated
MOCK04372,BH_POST_DISCHARGE_7D,,30.0,False,Research-simulated
MOCK04378,BH_POST_DISCHARGE_7D,,30.0,False,Research-simulated
MOCK04384,BH_POST_DISCHARGE_7D,,30.0,False,Research-simulated
MOCK04390,BH_POST_DISCHARGE_7D,,30.0,False,Research-simulated
MOCK04402,BH_POST_DISCHARGE_7D,,30.0,False,Research-simulated
MOCK04408,BH_POST_DISCHARGE_7D,,30.0,False,Research-simulated
MOCK04420,BH_POST_DISCHARGE_7D,,30.0,False,Research-simulated
MOCK04426,BH_POST_DISCHARGE_7D,,30.0,False,Research-simulated
MOCK04432,BH_POST_DISCHARGE_7D,,30.0,False,Research-simulated
MOCK04438,BH_POST_DISCHARGE_7D,,30.0,False,Research-simulated
MOCK04450,BH_POST_DISCHARGE_7D,,30.0,False,Research-simulated
MOCK04456,BH_POST_DISCHARGE_7D,,30.0,False,Research-simulated
MOCK04462,BH_POST_DISCHARGE_7D,,30.0,False,Research-simulated
MOCK04468,BH_POST_DISCHARGE_7D,,30.0,False,Research-simulated
MOCK04474,BH_POST_DISCHARGE_7D,,30.0,False,Research-simulated
MOCK04492,BH_POST_DISCHARGE_7D,,30.0,False,Research-simulated
MOCK04498,BH_POST_DISCHARGE_7D,,30.0,False,Research-simulated
MOCK04504,BH_POST_DISCHARGE_7D,,30.0,False,Research-simulated
MOCK04510,BH_POST_DISCHARGE_7D,,30.0,False,Research-simulated
MOCK04516,BH_POST_DISCHARGE_7D,,30.0,False,Research-simulated
MOCK04522,BH_POST_DISCHARGE_7D,,30.0,False,Research-simulated
MOCK04534,BH_POST_DISCHARGE_7D,,30.0,False,Research-simulated
MOCK04540,BH_POST_DISCHARGE_7D,,30.0,False,Research-simulated
MOCK04552,BH_POST_DISCHARGE_7D,,30.0,False,Research-simulated
MOCK04558,BH_POST_DISCHARGE_7D,,30.0,False,Research-simulated
MOCK04564,BH_POST_DISCHARGE_7D,,30.0,False,Research-simulated
MOCK04570,BH_POST_DISCHARGE_7D,,30.0,False,Research-simulated
MOCK04576,BH_POST_DISCHARGE_7D,,30.0,False,Research-simulated
MOCK04582,BH_POST_DISCHARGE_7D,,30.0,False,Research-simulated
MOCK04588,BH_POST_DISCHARGE_7D,,30.0,False,Research-simulated
MOCK04594,BH_POST_DISCHARGE_7D,,30.0,False,Research-simulated
MOCK04600,BH_POST_DISCHARGE_7D,,30.0,False,Research-simulated
MOCK04612,BH_POST_DISCHARGE_7D,,30.0,False,Research-simulated
MOCK04618,BH_POST_DISCHARGE_7D,,30.0,False,Research-simulated
MOCK04624,BH_POST_DISCHARGE_7D,,30.0,False,Research-simulated
MOCK04630,BH_POST_DISCHARGE_7D,,30.0,False,Research-simulated
MOCK04636,BH_POST_DISCHARGE_7D,,30.0,False,Research-simulated
MOCK04642,BH_POST_DISCHARGE_7D,,30.0,False,Research-simulated
MOCK04648,BH_POST_DISCHARGE_7D,,30.0,False,Research-simulated
MOCK04654,BH_POST_DISCHARGE_7D,,30.0,False,Research-simulated
MOCK04660,BH_POST_DISCHARGE_7D,,30.0,False,Research-simulated
MOCK04666,BH_POST_DISCHARGE_7D,,30.0,False,Research-simulated
MOCK04678,BH_POST_DISCHARGE_7D,,30.0,False,Research-simulated
MOCK04690,BH_POST_DISCHARGE_7D,,30.0,False,Research-simulated
MOCK04696,BH_POST_DISCHARGE_7D,,30.0,False,Research-simulated
MOCK04702,BH_POST_DISCHARGE_7D,,30.0,False,Research-simulated
MOCK04708,BH_POST_DISCHARGE_7D,,30.0,False,Research-simulated
MOCK04714,BH_POST_DISCHARGE_7D,,30.0,False,Research-simulated
MOCK04720,BH_POST_DISCHARGE_7D,,30.0,False,Research-simulated
MOCK04726,BH_POST_DISCHARGE_7D,,30.0,False,Research-simulated
MOCK04732,BH_POST_DISCHARGE_7D,,30.0,False,Research-simulated
MOCK04738,BH_POST_DISCHARGE_7D,,30.0,False,Research-simulated
MOCK04744,BH_POST_DISCHARGE_7D,,30.0,False,Research-simulated
MOCK04756,BH_POST_DISCHARGE_7D,,30.0,False,Research-simulated
MOCK04762,BH_POST_DISCHARGE_7D,,30.0,False,Research-simulated
MOCK04768,BH_POST_DISCHARGE_7D,,30.0,False,Research-simulated
MOCK04774,BH_POST_DISCHARGE_7D,,30.0,False,Research-simulated
MOCK04780,BH_POST_DISCHARGE_7D,,30.0,False,Research-simulated
MOCK04786,BH_POST_DISCHARGE_7D,,30.0,False,Research-simulated
MOCK04792,BH_POST_DISCHARGE_7D,,30.0,False,Research-simulated
MOCK04798,BH_POST_DISCHARGE_7D,,30.0,False,Research-simulated
MOCK04804,BH_POST_DISCHARGE_7D,,30.0,False,Research-simulated
MOCK04810,BH_POST_DISCHARGE_7D,,30.0,False,Research-simulated
MOCK04816,BH_POST_DISCHARGE_7D,,30.0,False,Research-simulated
MOCK04822,BH_POST_DISCHARGE_7D,,30.0,False,Research-simulated
MOCK04828,BH_POST_DISCHARGE_7D,,30.0,False,Research-simulated
MOCK04834,BH_POST_DISCHARGE_7D,,30.0,False,Research-simulated
MOCK04846,BH_POST_DISCHARGE_7D,,30.0,False,Research-simulated
MOCK04852,BH_POST_DISCHARGE_7D,,30.0,False,Research-simulated
MOCK04858,BH_POST_DISCHARGE_7D,,30.0,False,Research-simulated
MOCK04864,BH_POST_DISCHARGE_7D,,30.0,False,Research-simulated
MOCK04870,BH_POST_DISCHARGE_7D,,30.0,False,Research-simulated
MOCK04876,BH_POST_DISCHARGE_7D,,30.0,False,Research-simulated
MOCK04882,BH_POST_DISCHARGE_7D,,30.0,False,Research-simulated
MOCK04888,BH_POST_DISCHARGE_7D,,30.0,False,Research-simulated
MOCK04894,BH_POST_DISCHARGE_7D,,30.0,False,Research-simulated
MOCK04906,BH_POST_DISCHARGE_7D,,30.0,False,Research-simulated
MOCK04912,BH_POST_DISCHARGE_7D,,30.0,False,Research-simulated
MOCK04918,BH_POST_DISCHARGE_7D,,30.0,False,Research-simulated
MOCK04924,BH_POST_DISCHARGE_7D,,30.0,False,Research-simulated
MOCK04942,BH_POST_DISCHARGE_7D,,30.0,False,Research-simulated
MOCK04948,BH_POST_DISCHARGE_7D,,30.0,False,Research-simulated
MOCK04954,BH_POST_DISCHARGE_7D,,30.0,False,Research-simulated
MOCK04966,BH_POST_DISCHARGE_7D,,30.0,False,Research-simulated
MOCK04978,BH_POST_DISCHARGE_7D,,30.0,False,Research-simulated
MOCK04990,BH_POST_DISCHARGE_7D,,30.0,False,Research-simulated
MOCK04996,BH_POST_DISCHARGE_7D,,30.0,False,Research-simulated
MOCK05008,BH_POST_DISCHARGE_7D,,30.0,False,Research-simulated
MOCK05014,BH_POST_DISCHARGE_7D,,30.0,False,Research-simulated
MOCK05020,BH_POST_DISCHARGE_7D,,30.0,False,Research-simulated
MOCK05026,BH_POST_DISCHARGE_7D,,30.0,False,Research-simulated
MOCK05038,BH_POST_DISCHARGE_7D,,30.0,False,Research-simulated
MOCK05044,BH_POST_DISCHARGE_7D,,30.0,False,Research-simulated
MOCK05050,BH_POST_DISCHARGE_7D,,30.0,False,Research-simulated
MOCK05056,BH_POST_DISCHARGE_7D,,30.0,False,Research-simulated
MOCK05062,BH_POST_DISCHARGE_7D,,30.0,False,Research-simulated
MOCK05074,BH_POST_DISCHARGE_7D,,30.0,False,Research-simulated
MOCK05080,BH_POST_DISCHARGE_7D,,30.0,False,Research-simulated
MOCK05086,BH_POST_DISCHARGE_7D,,30.0,False,Research-simulated
MOCK05092,BH_POST_DISCHARGE_7D,,30.0,False,Research-simulated
MOCK05098,BH_POST_DISCHARGE_7D,,30.0,False,Research-simulated
MOCK05104,BH_POST_DISCHARGE_7D,,30.0,False,Research-simulated
MOCK05116,BH_POST_DISCHARGE_7D,,30.0,False,Research-simulated
MOCK05122,BH_POST_DISCHARGE_7D,,30.0,False,Research-simulated
MOCK05134,BH_POST_DISCHARGE_7D,,30.0,False,Research-simulated
MOCK05164,BH_POST_DISCHARGE_7D,,30.0,False,Research-simulated
MOCK05182,BH_POST_DISCHARGE_7D,,30.0,False,Research-simulated
MOCK05188,BH_POST_DISCHARGE_7D,,30.0,False,Research-simulated
MOCK05194,BH_POST_DISCHARGE_7D,,30.0,False,Research-simulated
MOCK05200,BH_POST_DISCHARGE_7D,,30.0,False,Research-simulated
MOCK05206,BH_POST_DISCHARGE_7D,,30.0,False,Research-simulated
MOCK05212,BH_POST_DISCHARGE_7D,,30.0,False,Research-simulated
MOCK05218,BH_POST_DISCHARGE_7D,,30.0,False,Research-simulated
MOCK05224,BH_POST_DISCHARGE_7D,,30.0,False,Research-simulated
MOCK05242,BH_POST_DISCHARGE_7D,,30.0,False,Research-simulated
MOCK05254,BH_POST_DISCHARGE_7D,,30.0,False,Research-simulated
MOCK05260,BH_POST_DISCHARGE_7D,,30.0,False,Research-simulated
MOCK05266,BH_POST_DISCHARGE_7D,,30.0,False,Research-simulated
MOCK05272,BH_POST_DISCHARGE_7D,,30.0,False,Research-simulated
MOCK05284,BH_POST_DISCHARGE_7D,,30.0,False,Research-simulated
MOCK05290,BH_POST_DISCHARGE_7D,,30.0,False,Research-simulated
MOCK05296,BH_POST_DISCHARGE_7D,,30.0,False,Research-simulated
MOCK05302,BH_POST_DISCHARGE_7D,,30.0,False,Research-simulated
MOCK05308,BH_POST_DISCHARGE_7D,,30.0,False,Research-simulated
MOCK05314,BH_POST_DISCHARGE_7D,,30.0,False,Research-simulated
MOCK05320,BH_POST_DISCHARGE_7D,,30.0,False,Research-simulated
MOCK05326,BH_POST_DISCHARGE_7D,,30.0,False,Research-simulated
MOCK05332,BH_POST_DISCHARGE_7D,,30.0,False,Research-simulated
MOCK05344,BH_POST_DISCHARGE_7D,,30.0,False,Research-simulated
MOCK05350,BH_POST_DISCHARGE_7D,,30.0,False,Research-simulated
MOCK05356,BH_POST_DISCHARGE_7D,,30.0,False,Research-simulated
MOCK05368,BH_POST_DISCHARGE_7D,,30.0,False,Research-simulated
MOCK05374,BH_POST_DISCHARGE_7D,,30.0,False,Research-simulated
MOCK05398,BH_POST_DISCHARGE_7D,,30.0,False,Research-simulated
MOCK05410,BH_POST_DISCHARGE_7D,,30.0,False,Research-simulated
MOCK05416,BH_POST_DISCHARGE_7D,,30.0,False,Research-simulated
MOCK05422,BH_POST_DISCHARGE_7D,,30.0,False,Research-simulated
MOCK05428,BH_POST_DISCHARGE_7D,,30.0,False,Research-simulated
MOCK05434,BH_POST_DISCHARGE_7D,,30.0,False,Research-simulated
MOCK05446,BH_POST_DISCHARGE_7D,,30.0,False,Research-simulated
MOCK05452,BH_POST_DISCHARGE_7D,,30.0,False,Research-simulated
MOCK05458,BH_POST_DISCHARGE_7D,,30.0,False,Research-simulated
MOCK05464,BH_POST_DISCHARGE_7D,,30.0,False,Research-simulated
MOCK05470,BH_POST_DISCHARGE_7D,,30.0,False,Research-simulated
MOCK05476,BH_POST_DISCHARGE_7D,,30.0,False,Research-simulated
MOCK05482,BH_POST_DISCHARGE_7D,,30.0,False,Research-simulated
MOCK05488,BH_POST_DISCHARGE_7D,,30.0,False,Research-simulated
MOCK05494,BH_POST_DISCHARGE_7D,,30.0,False,Research-simulated
MOCK05500,BH_POST_DISCHARGE_7D,,30.0,False,Research-simulated
MOCK05512,BH_POST_DISCHARGE_7D,,30.0,False,Research-simulated
MOCK05518,BH_POST_DISCHARGE_7D,,30.0,False,Research-simulated
MOCK05524,BH_POST_DISCHARGE_7D,,30.0,False,Research-simulated
MOCK05530,BH_POST_DISCHARGE_7D,,30.0,False,Research-simulated
MOCK05536,BH_POST_DISCHARGE_7D,,30.0,False,Research-simulated
MOCK05542,BH_POST_DISCHARGE_7D,,30.0,False,Research-simulated
MOCK05554,BH_POST_DISCHARGE_7D,,30.0,False,Research-simulated
MOCK05572,BH_POST_DISCHARGE_7D,,30.0,False,Research-simulated
MOCK05578,BH_POST_DISCHARGE_7D,,30.0,False,Research-simulated
MOCK05584,BH_POST_DISCHARGE_7D,,30.0,False,Research-simulated
MOCK05590,BH_POST_DISCHARGE_7D,,30.0,False,Research-simulated
MOCK05608,BH_POST_DISCHARGE_7D,,30.0,False,Research-simulated
MOCK05614,BH_POST_DISCHARGE_7D,,30.0,False,Research-simulated
MOCK05620,BH_POST_DISCHARGE_7D,,30.0,False,Research-simulated
MOCK05626,BH_POST_DISCHARGE_7D,,30.0,False,Research-simulated
MOCK05632,BH_POST_DISCHARGE_7D,,30.0,False,Research-simulated
MOCK05638,BH_POST_DISCHARGE_7D,,30.0,False,Research-simulated
MOCK05656,BH_POST_DISCHARGE_7D,,30.0,False,Research-simulated
MOCK05668,BH_POST_DISCHARGE_7D,,30.0,False,Research-simulated
MOCK05674,BH_POST_DISCHARGE_7D,,30.0,False,Research-simulated
MOCK05680,BH_POST_DISCHARGE_7D,,30.0,False,Research-simulated
MOCK05686,BH_POST_DISCHARGE_7D,,30.0,False,Research-simulated
MOCK05692,BH_POST_DISCHARGE_7D,,30.0,False,Research-simulated
MOCK05698,BH_POST_DISCHARGE_7D,,30.0,False,Research-simulated
MOCK05704,BH_POST_DISCHARGE_7D,,30.0,False,Research-simulated
MOCK05722,BH_POST_DISCHARGE_7D,,30.0,False,Research-simulated
MOCK05728,BH_POST_DISCHARGE_7D,,30.0,False,Research-simulated
MOCK05752,BH_POST_DISCHARGE_7D,,30.0,False,Research-simulated
MOCK05758,BH_POST_DISCHARGE_7D,,30.0,False,Research-simulated
MOCK05770,BH_POST_DISCHARGE_7D,,30.0,False,Research-simulated
MOCK05782,BH_POST_DISCHARGE_7D,,30.0,False,Research-simulated
MOCK05788,BH_POST_DISCHARGE_7D,,30.0,False,Research-simulated
MOCK05794,BH_POST_DISCHARGE_7D,,30.0,False,Research-simulated
MOCK05800,BH_POST_DISCHARGE_7D,,30.0,False,Research-simulated
MOCK05806,BH_POST_DISCHARGE_7D,,30.0,False,Research-simulated
MOCK05812,BH_POST_DISCHARGE_7D,,30.0,False,Research-simulated
MOCK05818,BH_POST_DISCHARGE_7D,,30.0,False,Research-simulated
MOCK05824,BH_POST_DISCHARGE_7D,,30.0,False,Research-simulated
MOCK05830,BH_POST_DISCHARGE_7D,,30.0,False,Research-simulated
MOCK05836,BH_POST_DISCHARGE_7D,,30.0,False,Research-simulated
MOCK05848,BH_POST_DISCHARGE_7D,,30.0,False,Research-simulated
MOCK05854,BH_POST_DISCHARGE_7D,,30.0,False,Research-simulated
MOCK05860,BH_POST_DISCHARGE_7D,,30.0,False,Research-simulated
MOCK05866,BH_POST_DISCHARGE_7D,,30.0,False,Research-simulated
MOCK05872,BH_POST_DISCHARGE_7D,,30.0,False,Research-simulated
MOCK05896,BH_POST_DISCHARGE_7D,,30.0,False,Research-simulated
MOCK05902,BH_POST_DISCHARGE_7D,,30.0,False,Research-simulated
MOCK05908,BH_POST_DISCHARGE_7D,,30.0,False,Research-simulated
MOCK05914,BH_POST_DISCHARGE_7D,,30.0,False,Research-simulated
MOCK05920,BH_POST_DISCHARGE_7D,,30.0,False,Research-simulated
MOCK05926,BH_POST_DISCHARGE_7D,,30.0,False,Research-simulated
MOCK05932,BH_POST_DISCHARGE_7D,,30.0,False,Research-simulated
MOCK05938,BH_POST_DISCHARGE_7D,,30.0,False,Research-simulated
MOCK05944,BH_POST_DISCHARGE_7D,,30.0,False,Research-simulated
MOCK05950,BH_POST_DISCHARGE_7D,,30.0,False,Research-simulated
MOCK05962,BH_POST_DISCHARGE_7D,,30.0,False,Research-simulated
MOCK05968,BH_POST_DISCHARGE_7D,,30.0,False,Research-simulated
MOCK05986,BH_POST_DISCHARGE_7D,,30.0,False,Research-simulated
MOCK05992,BH_POST_DISCHARGE_7D,,30.0,False,Research-simulated
MOCK05998,BH_POST_DISCHARGE_7D,,30.0,False,Research-simulated
MOCK06004,BH_POST_DISCHARGE_7D,,30.0,False,Research-simulated
MOCK06016,BH_POST_DISCHARGE_7D,,30.0,False,Research-simulated
MOCK06028,BH_POST_DISCHARGE_7D,,30.0,False,Research-simulated
MOCK06052,BH_POST_DISCHARGE_7D,,30.0,False,Research-simulated
MOCK06058,BH_POST_DISCHARGE_7D,,30.0,False,Research-simulated
MOCK06064,BH_POST_DISCHARGE_7D,,30.0,False,Research-simulated
MOCK06070,BH_POST_DISCHARGE_7D,,30.0,False,Research-simulated
MOCK06076,BH_POST_DISCHARGE_7D,,30.0,False,Research-simulated
MOCK06082,BH_POST_DISCHARGE_7D,,30.0,False,Research-simulated
MOCK06094,BH_POST_DISCHARGE_7D,,30.0,False,Research-simulated
MOCK06100,BH_POST_DISCHARGE_7D,,30.0,False,Research-simulated
MOCK06106,BH_POST_DISCHARGE_7D,,30.0,False,Research-simulated
MOCK06112,BH_POST_DISCHARGE_7D,,30.0,False,Research-simulated
MOCK06124,BH_POST_DISCHARGE_7D,,30.0,False,Research-simulated
MOCK06130,BH_POST_DISCHARGE_7D,,30.0,False,Research-simulated
MOCK06136,BH_POST_DISCHARGE_7D,,30.0,False,Research-simulated
MOCK06142,BH_POST_DISCHARGE_7D,,30.0,False,Research-simulated
MOCK06154,BH_POST_DISCHARGE_7D,,30.0,False,Research-simulated
MOCK06160,BH_POST_DISCHARGE_7D,,30.0,False,Research-simulated
MOCK06166,BH_POST_DISCHARGE_7D,,30.0,False,Research-simulated
MOCK06172,BH_POST_DISCHARGE_7D,,30.0,False,Research-simulated
MOCK06178,BH_POST_DISCHARGE_7D,,30.0,False,Research-simulated
MOCK06184,BH_POST_DISCHARGE_7D,,30.0,False,Research-simulated
MOCK06196,BH_POST_DISCHARGE_7D,,30.0,False,Research-simulated
MOCK06226,BH_POST_DISCHARGE_7D,,30.0,False,Research-simulated
MOCK06232,BH_POST_DISCHARGE_7D,,30.0,False,Research-simulated
MOCK06244,BH_POST_DISCHARGE_7D,,30.0,False,Research-simulated
MOCK06256,BH_POST_DISCHARGE_7D,,30.0,False,Research-simulated
MOCK06262,BH_POST_DISCHARGE_7D,,30.0,False,Research-simulated
MOCK06268,BH_POST_DISCHARGE_7D,,30.0,False,Research-simulated
MOCK06280,BH_POST_DISCHARGE_7D,,30.0,False,Research-simulated
MOCK06286,BH_POST_DISCHARGE_7D,,30.0,False,Research-simulated
MOCK06292,BH_POST_DISCHARGE_7D,,30.0,False,Research-simulated
MOCK06304,BH_POST_DISCHARGE_7D,,30.0,False,Research-simulated
MOCK06310,BH_POST_DISCHARGE_7D,,30.0,False,Research-simulated
MOCK06322,BH_POST_DISCHARGE_7D,,30.0,False,Research-simulated
MOCK06328,BH_POST_DISCHARGE_7D,,30.0,False,Research-simulated
MOCK06346,BH_POST_DISCHARGE_7D,,30.0,False,Research-simulated
MOCK06352,BH_POST_DISCHARGE_7D,,30.0,False,Research-simulated
MOCK06358,BH_POST_DISCHARGE_7D,,30.0,False,Research-simulated
MOCK06370,BH_POST_DISCHARGE_7D,,30.0,False,Research-simulated
MOCK06382,BH_POST_DISCHARGE_7D,,30.0,False,Research-simulated
MOCK06394,BH_POST_DISCHARGE_7D,,30.0,False,Research-simulated
MOCK06400,BH_POST_DISCHARGE_7D,,30.0,False,Research-simulated
MOCK06406,BH_POST_DISCHARGE_7D,,30.0,False,Research-simulated
MOCK06412,BH_POST_DISCHARGE_7D,,30.0,False,Research-simulated
MOCK06418,BH_POST_DISCHARGE_7D,,30.0,False,Research-simulated
MOCK06430,BH_POST_DISCHARGE_7D,,30.0,False,Research-simulated
MOCK06436,BH_POST_DISCHARGE_7D,,30.0,False,Research-simulated
MOCK06442,BH_POST_DISCHARGE_7D,,30.0,False,Research-simulated
MOCK06454,BH_POST_DISCHARGE_7D,,30.0,False,Research-simulated
MOCK06460,BH_POST_DISCHARGE_7D,,30.0,False,Research-simulated
MOCK06466,BH_POST_DISCHARGE_7D,,30.0,False,Research-simulated
MOCK06472,BH_POST_DISCHARGE_7D,,30.0,False,Research-simulated
MOCK06478,BH_POST_DISCHARGE_7D,,30.0,False,Research-simulated
MOCK06490,BH_POST_DISCHARGE_7D,,30.0,False,Research-simulated
MOCK06496,BH_POST_DISCHARGE_7D,,30.0,False,Research-simulated
MOCK06502,BH_POST_DISCHARGE_7D,,30.0,False,Research-simulated
MOCK06508,BH_POST_DISCHARGE_7D,,30.0,False,Research-simulated
MOCK06514,BH_POST_DISCHARGE_7D,,30.0,False,Research-simulated
MOCK06520,BH_POST_DISCHARGE_7D,,30.0,False,Research-simulated
MOCK06532,BH_POST_DISCHARGE_7D,,30.0,False,Research-simulated
MOCK06538,BH_POST_DISCHARGE_7D,,30.0,False,Research-simulated
MOCK06544,BH_POST_DISCHARGE_7D,,30.0,False,Research-simulated
MOCK06550,BH_POST_DISCHARGE_7D,,30.0,False,Research-simulated
MOCK06556,BH_POST_DISCHARGE_7D,,30.0,False,Research-simulated
MOCK06562,BH_POST_DISCHARGE_7D,,30.0,False,Research-simulated
MOCK06580,BH_POST_DISCHARGE_7D,,30.0,False,Research-simulated
MOCK06586,BH_POST_DISCHARGE_7D,,30.0,False,Research-simulated
MOCK06604,BH_POST_DISCHARGE_7D,,30.0,False,Research-simulated
MOCK06610,BH_POST_DISCHARGE_7D,,30.0,False,Research-simulated
MOCK06616,BH_POST_DISCHARGE_7D,,30.0,False,Research-simulated
MOCK06622,BH_POST_DISCHARGE_7D,,30.0,False,Research-simulated
MOCK06628,BH_POST_DISCHARGE_7D,,30.0,False,Research-simulated
MOCK06640,BH_POST_DISCHARGE_7D,,30.0,False,Research-simulated
MOCK06646,BH_POST_DISCHARGE_7D,,30.0,False,Research-simulated
MOCK06652,BH_POST_DISCHARGE_7D,,30.0,False,Research-simulated
MOCK06658,BH_POST_DISCHARGE_7D,,30.0,False,Research-simulated
MOCK06664,BH_POST_DISCHARGE_7D,,30.0,False,Research-simulated
MOCK06676,BH_POST_DISCHARGE_7D,,30.0,False,Research-simulated
MOCK06688,BH_POST_DISCHARGE_7D,,30.0,False,Research-simulated
MOCK06694,BH_POST_DISCHARGE_7D,,30.0,False,Research-simulated
MOCK06706,BH_POST_DISCHARGE_7D,,30.0,False,Research-simulated
MOCK06718,BH_POST_DISCHARGE_7D,,30.0,False,Research-simulated
MOCK06724,BH_POST_DISCHARGE_7D,,30.0,False,Research-simulated
MOCK06730,BH_POST_DISCHARGE_7D,,30.0,False,Research-simulated
MOCK06736,BH_POST_DISCHARGE_7D,,30.0,False,Research-simulated
MOCK06748,BH_POST_DISCHARGE_7D,,30.0,False,Research-simulated
MOCK06754,BH_POST_DISCHARGE_7D,,30.0,False,Research-simulated
MOCK06766,BH_POST_DISCHARGE_7D,,30.0,False,Research-simulated
MOCK06772,BH_POST_DISCHARGE_7D,,30.0,False,Research-simulated
MOCK06778,BH_POST_DISCHARGE_7D,,30.0,False,Research-simulated
MOCK06784,BH_POST_DISCHARGE_7D,,30.0,False,Research-simulated
MOCK06790,BH_POST_DISCHARGE_7D,,30.0,False,Research-simulated
MOCK06796,BH_POST_DISCHARGE_7D,,30.0,False,Research-simulated
MOCK06808,BH_POST_DISCHARGE_7D,,30.0,False,Research-simulated
MOCK06814,BH_POST_DISCHARGE_7D,,30.0,False,Research-simulated
MOCK06820,BH_POST_DISCHARGE_7D,,30.0,False,Research-simulated
MOCK06826,BH_POST_DISCHARGE_7D,,30.0,False,Research-simulated
MOCK06832,BH_POST_DISCHARGE_7D,,30.0,False,Research-simulated
MOCK06838,BH_POST_DISCHARGE_7D,,30.0,False,Research-simulated
MOCK06844,BH_POST_DISCHARGE_7D,,30.0,False,Research-simulated
MOCK06850,BH_POST_DISCHARGE_7D,,30.0,False,Research-simulated
MOCK06856,BH_POST_DISCHARGE_7D,,30.0,False,Research-simulated
MOCK06868,BH_POST_DISCHARGE_7D,,30.0,False,Research-simulated
MOCK06874,BH_POST_DISCHARGE_7D,,30.0,False,Research-simulated
MOCK06886,BH_POST_DISCHARGE_7D,,30.0,False,Research-simulated
MOCK06898,BH_POST_DISCHARGE_7D,,30.0,False,Research-simulated
MOCK06904,BH_POST_DISCHARGE_7D,,30.0,False,Research-simulated
MOCK06910,BH_POST_DISCHARGE_7D,,30.0,False,Research-simulated
MOCK06916,BH_POST_DISCHARGE_7D,,30.0,False,Research-simulated
MOCK06922,BH_POST_DISCHARGE_7D,,30.0,False,Research-simulated
MOCK06934,BH_POST_DISCHARGE_7D,,30.0,False,Research-simulated
MOCK06940,BH_POST_DISCHARGE_7D,,30.0,False,Research-simulated
MOCK06946,BH_POST_DISCHARGE_7D,,30.0,False,Research-simulated
MOCK06952,BH_POST_DISCHARGE_7D,,30.0,False,Research-simulated
MOCK06958,BH_POST_DISCHARGE_7D,,30.0,False,Research-simulated
MOCK06970,BH_POST_DISCHARGE_7D,,30.0,False,Research-simulated
MOCK06976,BH_POST_DISCHARGE_7D,,30.0,False,Research-simulated
MOCK06982,BH_POST_DISCHARGE_7D,,30.0,False,Research-simulated
MOCK06988,BH_POST_DISCHARGE_7D,,30.0,False,Research-simulated
MOCK06994,BH_POST_DISCHARGE_7D,,30.0,False,Research-simulated
MOCK07000,BH_POST_DISCHARGE_7D,,30.0,False,Research-simulated
MOCK07006,BH_POST_DISCHARGE_7D,,30.0,False,Research-simulated
MOCK07012,BH_POST_DISCHARGE_7D,,30.0,False,Research-simulated
MOCK07018,BH_POST_DISCHARGE_7D,,30.0,False,Research-simulated
MOCK07024,BH_POST_DISCHARGE_7D,,30.0,False,Research-simulated
MOCK07030,BH_POST_DISCHARGE_7D,,30.0,False,Research-simulated
MOCK07036,BH_POST_DISCHARGE_7D,,30.0,False,Research-simulated
MOCK07042,BH_POST_DISCHARGE_7D,,30.0,False,Research-simulated
MOCK07054,BH_POST_DISCHARGE_7D,,30.0,False,Research-simulated
MOCK07060,BH_POST_DISCHARGE_7D,,30.0,False,Research-simulated
MOCK07066,BH_POST_DISCHARGE_7D,,30.0,False,Research-simulated
MOCK07072,BH_POST_DISCHARGE_7D,,30.0,False,Research-simulated
MOCK07078,BH_POST_DISCHARGE_7D,,30.0,False,Research-simulated
MOCK07090,BH_POST_DISCHARGE_7D,,30.0,False,Research-simulated
MOCK07108,BH_POST_DISCHARGE_7D,,30.0,False,Research-simulated
MOCK07114,BH_POST_DISCHARGE_7D,,30.0,False,Research-simulated
MOCK07120,BH_POST_DISCHARGE_7D,,30.0,False,Research-simulated
MOCK07126,BH_POST_DISCHARGE_7D,,30.0,False,Research-simulated
MOCK07132,BH_POST_DISCHARGE_7D,,30.0,False,Research-simulated
MOCK07138,BH_POST_DISCHARGE_7D,,30.0,False,Research-simulated
MOCK07144,BH_POST_DISCHARGE_7D,,30.0,False,Research-simulated
MOCK07150,BH_POST_DISCHARGE_7D,,30.0,False,Research-simulated
MOCK07162,BH_POST_DISCHARGE_7D,,30.0,False,Research-simulated
MOCK07168,BH_POST_DISCHARGE_7D,,30.0,False,Research-simulated
MOCK07174,BH_POST_DISCHARGE_7D,,30.0,False,Research-simulated
MOCK07180,BH_POST_DISCHARGE_7D,,30.0,False,Research-simulated
MOCK07186,BH_POST_DISCHARGE_7D,,30.0,False,Research-simulated
MOCK07192,BH_POST_DISCHARGE_7D,,30.0,False,Research-simulated
MOCK07198,BH_POST_DISCHARGE_7D,,30.0,False,Research-simulated
MOCK07204,BH_POST_DISCHARGE_7D,,30.0,False,Research-simulated
MOCK07216,BH_POST_DISCHARGE_7D,,30.0,False,Research-simulated
MOCK07222,BH_POST_DISCHARGE_7D,,30.0,False,Research-simulated
MOCK07228,BH_POST_DISCHARGE_7D,,30.0,False,Research-simulated
MOCK07234,BH_POST_DISCHARGE_7D,,30.0,False,Research-simulated
MOCK07240,BH_POST_DISCHARGE_7D,,30.0,False,Research-simulated
MOCK07252,BH_POST_DISCHARGE_7D,,30.0,False,Research-simulated
MOCK07258,BH_POST_DISCHARGE_7D,,30.0,False,Research-simulated
MOCK07270,BH_POST_DISCHARGE_7D,,30.0,False,Research-simulated
MOCK07276,BH_POST_DISCHARGE_7D,,30.0,False,Research-simulated
MOCK07282,BH_POST_DISCHARGE_7D,,30.0,False,Research-simulated
MOCK07288,BH_POST_DISCHARGE_7D,,30.0,False,Research-simulated
MOCK07294,BH_POST_DISCHARGE_7D,,30.0,False,Research-simulated
MOCK07306,BH_POST_DISCHARGE_7D,,30.0,False,Research-simulated
MOCK07312,BH_POST_DISCHARGE_7D,,30.0,False,Research-simulated
MOCK07330,BH_POST_DISCHARGE_7D,,30.0,False,Research-simulated
MOCK07336,BH_POST_DISCHARGE_7D,,30.0,False,Research-simulated
MOCK07348,BH_POST_DISCHARGE_7D,,30.0,False,Research-simulated
MOCK07354,BH_POST_DISCHARGE_7D,,30.0,False,Research-simulated
MOCK07360,BH_POST_DISCHARGE_7D,,30.0,False,Research-simulated
MOCK07366,BH_POST_DISCHARGE_7D,,30.0,False,Research-simulated
MOCK07372,BH_POST_DISCHARGE_7D,,30.0,False,Research-simulated
MOCK07378,BH_POST_DISCHARGE_7D,,30.0,False,Research-simulated
MOCK07384,BH_POST_DISCHARGE_7D,,30.0,False,Research-simulated
MOCK07390,BH_POST_DISCHARGE_7D,,30.0,False,Research-simulated
MOCK07396,BH_POST_DISCHARGE_7D,,30.0,False,Research-simulated
MOCK07402,BH_POST_DISCHARGE_7D,,30.0,False,Research-simulated
MOCK07408,BH_POST_DISCHARGE_7D,,30.0,False,Research-simulated
MOCK07420,BH_POST_DISCHARGE_7D,,30.0,False,Research-simulated
MOCK07426,BH_POST_DISCHARGE_7D,,30.0,False,Research-simulated
MOCK07432,BH_POST_DISCHARGE_7D,,30.0,False,Research-simulated
MOCK07450,BH_POST_DISCHARGE_7D,,30.0,False,Research-simulated
MOCK07456,BH_POST_DISCHARGE_7D,,30.0,False,Research-simulated
MOCK07462,BH_POST_DISCHARGE_7D,,30.0,False,Research-simulated
MOCK07468,BH_POST_DISCHARGE_7D,,30.0,False,Research-simulated
MOCK07474,BH_POST_DISCHARGE_7D,,30.0,False,Research-simulated
MOCK07480,BH_POST_DISCHARGE_7D,,30.0,False,Research-simulated
MOCK07486,BH_POST_DISCHARGE_7D,,30.0,False,Research-simulated
MOCK07492,BH_POST_DISCHARGE_7D,,30.0,False,Research-simulated
MOCK07498,BH_POST_DISCHARGE_7D,,30.0,False,Research-simulated
MOCK07504,BH_POST_DISCHARGE_7D,,30.0,False,Research-simulated
MOCK07516,BH_POST_DISCHARGE_7D,,30.0,False,Research-simulated
MOCK07522,BH_POST_DISCHARGE_7D,,30.0,False,Research-simulated
MOCK07534,BH_POST_DISCHARGE_7D,,30.0,False,Research-simulated
MOCK07540,BH_POST_DISCHARGE_7D,,30.0,False,Research-simulated
MOCK07552,BH_POST_DISCHARGE_7D,,30.0,False,Research-simulated
MOCK07564,BH_POST_DISCHARGE_7D,,30.0,False,Research-simulated
MOCK07570,BH_POST_DISCHARGE_7D,,30.0,False,Research-simulated
MOCK07576,BH_POST_DISCHARGE_7D,,30.0,False,Research-simulated
MOCK07582,BH_POST_DISCHARGE_7D,,30.0,False,Research-simulated
MOCK07588,BH_POST_DISCHARGE_7D,,30.0,False,Research-simulated
MOCK07606,BH_POST_DISCHARGE_7D,,30.0,False,Research-simulated
MOCK07618,BH_POST_DISCHARGE_7D,,30.0,False,Research-simulated
MOCK07624,BH_POST_DISCHARGE_7D,,30.0,False,Research-simulated
MOCK07630,BH_POST_DISCHARGE_7D,,30.0,False,Research-simulated
MOCK07636,BH_POST_DISCHARGE_7D,,30.0,False,Research-simulated
MOCK07642,BH_POST_DISCHARGE_7D,,30.0,False,Research-simulated
MOCK07648,BH_POST_DISCHARGE_7D,,30.0,False,Research-simulated
MOCK07654,BH_POST_DISCHARGE_7D,,30.0,False,Research-simulated
MOCK07666,BH_POST_DISCHARGE_7D,,30.0,False,Research-simulated
MOCK07672,BH_POST_DISCHARGE_7D,,30.0,False,Research-simulated
MOCK07678,BH_POST_DISCHARGE_7D,,30.0,False,Research-simulated
MOCK07684,BH_POST_DISCHARGE_7D,,30.0,False,Research-simulated
MOCK07690,BH_POST_DISCHARGE_7D,,30.0,False,Research-simulated
MOCK07696,BH_POST_DISCHARGE_7D,,30.0,False,Research-simulated
MOCK07702,BH_POST_DISCHARGE_7D,,30.0,False,Research-simulated
MOCK07708,BH_POST_DISCHARGE_7D,,30.0,False,Research-simulated
MOCK07714,BH_POST_DISCHARGE_7D,,30.0,False,Research-simulated
MOCK07720,BH_POST_DISCHARGE_7D,,30.0,False,Research-simulated
MOCK07738,BH_POST_DISCHARGE_7D,,30.0,False,Research-simulated
MOCK07744,BH_POST_DISCHARGE_7D,,30.0,False,Research-simulated
MOCK07750,BH_POST_DISCHARGE_7D,,30.0,False,Research-simulated
MOCK07768,BH_POST_DISCHARGE_7D,,30.0,False,Research-simulated
MOCK07780,BH_POST_DISCHARGE_7D,,30.0,False,Research-simulated
MOCK07786,BH_POST_DISCHARGE_7D,,30.0,False,Research-simulated
MOCK07792,BH_POST_DISCHARGE_7D,,30.0,False,Research-simulated
MOCK07798,BH_POST_DISCHARGE_7D,,30.0,False,Research-simulated
MOCK07804,BH_POST_DISCHARGE_7D,,30.0,False,Research-simulated
MOCK07810,BH_POST_DISCHARGE_7D,,30.0,False,Research-simulated
MOCK07822,BH_POST_DISCHARGE_7D,,30.0,False,Research-simulated
MOCK07828,BH_POST_DISCHARGE_7D,,30.0,False,Research-simulated
MOCK07834,BH_POST_DISCHARGE_7D,,30.0,False,Research-simulated
MOCK07840,BH_POST_DISCHARGE_7D,,30.0,False,Research-simulated
MOCK07846,BH_POST_DISCHARGE_7D,,30.0,False,Research-simulated
MOCK07852,BH_POST_DISCHARGE_7D,,30.0,False,Research-simulated
MOCK07858,BH_POST_DISCHARGE_7D,,30.0,False,Research-simulated
MOCK07864,BH_POST_DISCHARGE_7D,,30.0,False,Research-simulated
MOCK07876,BH_POST_DISCHARGE_7D,,30.0,False,Research-simulated
MOCK07882,BH_POST_DISCHARGE_7D,,30.0,False,Research-simulated
MOCK07888,BH_POST_DISCHARGE_7D,,30.0,False,Research-simulated
MOCK07894,BH_POST_DISCHARGE_7D,,30.0,False,Research-simulated
MOCK07900,BH_POST_DISCHARGE_7D,,30.0,False,Research-simulated
MOCK07906,BH_POST_DISCHARGE_7D,,30.0,False,Research-simulated
MOCK07912,BH_POST_DISCHARGE_7D,,30.0,False,Research-simulated
MOCK07918,BH_POST_DISCHARGE_7D,,30.0,False,Research-simulated
MOCK07924,BH_POST_DISCHARGE_7D,,30.0,False,Research-simulated
MOCK07930,BH_POST_DISCHARGE_7D,,30.0,False,Research-simulated
MOCK07936,BH_POST_DISCHARGE_7D,,30.0,False,Research-simulated
MOCK07942,BH_POST_DISCHARGE_7D,,30.0,False,Research-simulated
MOCK07948,BH_POST_DISCHARGE_7D,,30.0,False,Research-simulated
MOCK07960,BH_POST_DISCHARGE_7D,,30.0,False,Research-simulated
MOCK07966,BH_POST_DISCHARGE_7D,,30.0,False,Research-simulated
MOCK07972,BH_POST_DISCHARGE_7D,,30.0,False,Research-simulated
MOCK07984,BH_POST_DISCHARGE_7D,,30.0,False,Research-simulated
MOCK07996,BH_POST_DISCHARGE_7D,,30.0,False,Research-simulated
MOCK08002,BH_POST_DISCHARGE_7D,,30.0,False,Research-simulated
MOCK08008,BH_POST_DISCHARGE_7D,,30.0,False,Research-simulated
MOCK08014,BH_POST_DISCHARGE_7D,,30.0,False,Research-simulated
MOCK08020,BH_POST_DISCHARGE_7D,,30.0,False,Research-simulated
MOCK08026,BH_POST_DISCHARGE_7D,,30.0,False,Research-simulated
MOCK08038,BH_POST_DISCHARGE_7D,,30.0,False,Research-simulated
MOCK08050,BH_POST_DISCHARGE_7D,,30.0,False,Research-simulated
MOCK08056,BH_POST_DISCHARGE_7D,,30.0,False,Research-simulated
MOCK08062,BH_POST_DISCHARGE_7D,,30.0,False,Research-simulated
MOCK08074,BH_POST_DISCHARGE_7D,,30.0,False,Research-simulated
MOCK08098,BH_POST_DISCHARGE_7D,,30.0,False,Research-simulated
MOCK08110,BH_POST_DISCHARGE_7D,,30.0,False,Research-simulated
MOCK08116,BH_POST_DISCHARGE_7D,,30.0,False,Research-simulated
MOCK08128,BH_POST_DISCHARGE_7D,,30.0,False,Research-simulated
MOCK08134,BH_POST_DISCHARGE_7D,,30.0,False,Research-simulated
MOCK08140,BH_POST_DISCHARGE_7D,,30.0,False,Research-simulated
MOCK08146,BH_POST_DISCHARGE_7D,,30.0,False,Research-simulated
MOCK08158,BH_POST_DISCHARGE_7D,,30.0,False,Research-simulated
MOCK08164,BH_POST_DISCHARGE_7D,,30.0,False,Research-simulated
MOCK08170,BH_POST_DISCHARGE_7D,,30.0,False,Research-simulated
MOCK08176,BH_POST_DISCHARGE_7D,,30.0,False,Research-simulated
MOCK08188,BH_POST_DISCHARGE_7D,,30.0,False,Research-simulated
MOCK08194,BH_POST_DISCHARGE_7D,,30.0,False,Research-simulated
MOCK08200,BH_POST_DISCHARGE_7D,,30.0,False,Research-simulated
MOCK08206,BH_POST_DISCHARGE_7D,,30.0,False,Research-simulated
MOCK08212,BH_POST_DISCHARGE_7D,,30.0,False,Research-simulated
MOCK08218,BH_POST_DISCHARGE_7D,,30.0,False,Research-simulated
MOCK08224,BH_POST_DISCHARGE_7D,,30.0,False,Research-simulated
MOCK08230,BH_POST_DISCHARGE_7D,,30.0,False,Research-simulated
MOCK08236,BH_POST_DISCHARGE_7D,,30.0,False,Research-simulated
MOCK08242,BH_POST_DISCHARGE_7D,,30.0,False,Research-simulated
MOCK08248,BH_POST_DISCHARGE_7D,,30.0,False,Research-simulated
MOCK08254,BH_POST_DISCHARGE_7D,,30.0,False,Research-simulated
MOCK08260,BH_POST_DISCHARGE_7D,,30.0,False,Research-simulated
MOCK08272,BH_POST_DISCHARGE_7D,,30.0,False,Research-simulated
MOCK08278,BH_POST_DISCHARGE_7D,,30.0,False,Research-simulated
MOCK08284,BH_POST_DISCHARGE_7D,,30.0,False,Research-simulated
MOCK08290,BH_POST_DISCHARGE_7D,,30.0,False,Research-simulated
MOCK08302,BH_POST_DISCHARGE_7D,,30.0,False,Research-simulated
MOCK08314,BH_POST_DISCHARGE_7D,,30.0,False,Research-simulated
MOCK08320,BH_POST_DISCHARGE_7D,,30.0,False,Research-simulated
MOCK08326,BH_POST_DISCHARGE_7D,,30.0,False,Research-simulated
MOCK08338,BH_POST_DISCHARGE_7D,,30.0,False,Research-simulated
MOCK08344,BH_POST_DISCHARGE_7D,,30.0,False,Research-simulated
MOCK08350,BH_POST_DISCHARGE_7D,,30.0,False,Research-simulated
MOCK08362,BH_POST_DISCHARGE_7D,,30.0,False,Research-simulated
MOCK08368,BH_POST_DISCHARGE_7D,,30.0,False,Research-simulated
MOCK08374,BH_POST_DISCHARGE_7D,,30.0,False,Research-simulated
MOCK08380,BH_POST_DISCHARGE_7D,,30.0,False,Research-simulated
MOCK08386,BH_POST_DISCHARGE_7D,,30.0,False,Research-simulated
MOCK08392,BH_POST_DISCHARGE_7D,,30.0,False,Research-simulated
MOCK08410,BH_POST_DISCHARGE_7D,,30.0,False,Research-simulated
MOCK08416,BH_POST_DISCHARGE_7D,,30.0,False,Research-simulated
MOCK08422,BH_POST_DISCHARGE_7D,,30.0,False,Research-simulated
MOCK08428,BH_POST_DISCHARGE_7D,,30.0,False,Research-simulated
MOCK08440,BH_POST_DISCHARGE_7D,,30.0,False,Research-simulated
MOCK08446,BH_POST_DISCHARGE_7D,,30.0,False,Research-simulated
MOCK08452,BH_POST_DISCHARGE_7D,,30.0,False,Research-simulated
MOCK08458,BH_POST_DISCHARGE_7D,,30.0,False,Research-simulated
MOCK08470,BH_POST_DISCHARGE_7D,,30.0,False,Research-simulated
MOCK08476,BH_POST_DISCHARGE_7D,,30.0,False,Research-simulated
MOCK08488,BH_POST_DISCHARGE_7D,,30.0,False,Research-simulated
MOCK08494,BH_POST_DISCHARGE_7D,,30.0,False,Research-simulated
MOCK08500,BH_POST_DISCHARGE_7D,,30.0,False,Research-simulated
MOCK08506,BH_POST_DISCHARGE_7D,,30.0,False,Research-simulated
MOCK08518,BH_POST_DISCHARGE_7D,,30.0,False,Research-simulated
MOCK08524,BH_POST_DISCHARGE_7D,,30.0,False,Research-simulated
MOCK08530,BH_POST_DISCHARGE_7D,,30.0,False,Research-simulated
MOCK08548,BH_POST_DISCHARGE_7D,,30.0,False,Research-simulated
MOCK08554,BH_POST_DISCHARGE_7D,,30.0,False,Research-simulated
MOCK08560,BH_POST_DISCHARGE_7D,,30.0,False,Research-simulated
MOCK08566,BH_POST_DISCHARGE_7D,,30.0,False,Research-simulated
MOCK08572,BH_POST_DISCHARGE_7D,,30.0,False,Research-simulated
MOCK08578,BH_POST_DISCHARGE_7D,,30.0,False,Research-simulated
MOCK08584,BH_POST_DISCHARGE_7D,,30.0,False,Research-simulated
MOCK08590,BH_POST_DISCHARGE_7D,,30.0,False,Research-simulated
MOCK08596,BH_POST_DISCHARGE_7D,,30.0,False,Research-simulated
MOCK08602,BH_POST_DISCHARGE_7D,,30.0,False,Research-simulated
MOCK08608,BH_POST_DISCHARGE_7D,,30.0,False,Research-simulated
MOCK08614,BH_POST_DISCHARGE_7D,,30.0,False,Research-simulated
MOCK08626,BH_POST_DISCHARGE_7D,,30.0,False,Research-simulated
MOCK08632,BH_POST_DISCHARGE_7D,,30.0,False,Research-simulated
MOCK08638,BH_POST_DISCHARGE_7D,,30.0,False,Research-simulated
MOCK08644,BH_POST_DISCHARGE_7D,,30.0,False,Research-simulated
MOCK08656,BH_POST_DISCHARGE_7D,,30.0,False,Research-simulated
MOCK08668,BH_POST_DISCHARGE_7D,,30.0,False,Research-simulated
MOCK08674,BH_POST_DISCHARGE_7D,,30.0,False,Research-simulated
MOCK08680,BH_POST_DISCHARGE_7D,,30.0,False,Research-simulated
MOCK08710,BH_POST_DISCHARGE_7D,,30.0,False,Research-simulated
MOCK08716,BH_POST_DISCHARGE_7D,,30.0,False,Research-simulated
MOCK08722,BH_POST_DISCHARGE_7D,,30.0,False,Research-simulated
MOCK08728,BH_POST_DISCHARGE_7D,,30.0,False,Research-simulated
MOCK08740,BH_POST_DISCHARGE_7D,,30.0,False,Research-simulated
MOCK08746,BH_POST_DISCHARGE_7D,,30.0,False,Research-simulated
MOCK08752,BH_POST_DISCHARGE_7D,,30.0,False,Research-simulated
MOCK08758,BH_POST_DISCHARGE_7D,,30.0,False,Research-simulated
MOCK08764,BH_POST_DISCHARGE_7D,,30.0,False,Research-simulated
MOCK08770,BH_POST_DISCHARGE_7D,,30.0,False,Research-simulated
MOCK08776,BH_POST_DISCHARGE_7D,,30.0,False,Research-simulated
MOCK08788,BH_POST_DISCHARGE_7D,,30.0,False,Research-simulated
MOCK08794,BH_POST_DISCHARGE_7D,,30.0,False,Research-simulated
MOCK08806,BH_POST_DISCHARGE_7D,,30.0,False,Research-simulated
MOCK08812,BH_POST_DISCHARGE_7D,,30.0,False,Research-simulated
MOCK08818,BH_POST_DISCHARGE_7D,,30.0,False,Research-simulated
MOCK08824,BH_POST_DISCHARGE_7D,,30.0,False,Research-simulated
MOCK08830,BH_POST_DISCHARGE_7D,,30.0,False,Research-simulated
MOCK08836,BH_POST_DISCHARGE_7D,,30.0,False,Research-simulated
MOCK08848,BH_POST_DISCHARGE_7D,,30.0,False,Research-simulated
MOCK08854,BH_POST_DISCHARGE_7D,,30.0,False,Research-simulated
MOCK08860,BH_POST_DISCHARGE_7D,,30.0,False,Research-simulated
MOCK08866,BH_POST_DISCHARGE_7D,,30.0,False,Research-simulated
MOCK08878,BH_POST_DISCHARGE_7D,,30.0,False,Research-simulated
MOCK08884,BH_POST_DISCHARGE_7D,,30.0,False,Research-simulated
MOCK08896,BH_POST_DISCHARGE_7D,,30.0,False,Research-simulated
MOCK08902,BH_POST_DISCHARGE_7D,,30.0,False,Research-simulated
MOCK08914,BH_POST_DISCHARGE_7D,,30.0,False,Research-simulated
MOCK08920,BH_POST_DISCHARGE_7D,,30.0,False,Research-simulated
MOCK08926,BH_POST_DISCHARGE_7D,,30.0,False,Research-simulated
MOCK08932,BH_POST_DISCHARGE_7D,,30.0,False,Research-simulated
MOCK08944,BH_POST_DISCHARGE_7D,,30.0,False,Research-simulated
MOCK08950,BH_POST_DISCHARGE_7D,,30.0,False,Research-simulated
MOCK08956,BH_POST_DISCHARGE_7D,,30.0,False,Research-simulated
MOCK08968,BH_POST_DISCHARGE_7D,,30.0,False,Research-simulated
MOCK08974,BH_POST_DISCHARGE_7D,,30.0,False,Research-simulated
MOCK08986,BH_POST_DISCHARGE_7D,,30.0,False,Research-simulated
MOCK09004,BH_POST_DISCHARGE_7D,,30.0,False,Research-simulated
MOCK09016,BH_POST_DISCHARGE_7D,,30.0,False,Research-simulated
MOCK09022,BH_POST_DISCHARGE_7D,,30.0,False,Research-simulated
MOCK09034,BH_POST_DISCHARGE_7D,,30.0,False,Research-simulated
MOCK09040,BH_POST_DISCHARGE_7D,,30.0,False,Research-simulated
MOCK09052,BH_POST_DISCHARGE_7D,,30.0,False,Research-simulated
MOCK09058,BH_POST_DISCHARGE_7D,,30.0,False,Research-simulated
MOCK09064,BH_POST_DISCHARGE_7D,,30.0,False,Research-simulated
MOCK09070,BH_POST_DISCHARGE_7D,,30.0,False,Research-simulated
MOCK09076,BH_POST_DISCHARGE_7D,,30.0,False,Research-simulated
MOCK09082,BH_POST_DISCHARGE_7D,,30.0,False,Research-simulated
MOCK09088,BH_POST_DISCHARGE_7D,,30.0,False,Research-simulated
MOCK09094,BH_POST_DISCHARGE_7D,,30.0,False,Research-simulated
MOCK09100,BH_POST_DISCHARGE_7D,,30.0,False,Research-simulated
MOCK09106,BH_POST_DISCHARGE_7D,,30.0,False,Research-simulated
MOCK09112,BH_POST_DISCHARGE_7D,,30.0,False,Research-simulated
MOCK09118,BH_POST_DISCHARGE_7D,,30.0,False,Research-simulated
MOCK09124,BH_POST_DISCHARGE_7D,,30.0,False,Research-simulated
MOCK09136,BH_POST_DISCHARGE_7D,,30.0,False,Research-simulated
MOCK09142,BH_POST_DISCHARGE_7D,,30.0,False,Research-simulated
MOCK09166,BH_POST_DISCHARGE_7D,,30.0,False,Research-simulated
MOCK09172,BH_POST_DISCHARGE_7D,,30.0,False,Research-simulated
MOCK09178,BH_POST_DISCHARGE_7D,,30.0,False,Research-simulated
MOCK09184,BH_POST_DISCHARGE_7D,,30.0,False,Research-simulated
MOCK09196,BH_POST_DISCHARGE_7D,,30.0,False,Research-simulated
MOCK09202,BH_POST_DISCHARGE_7D,,30.0,False,Research-simulated
MOCK09208,BH_POST_DISCHARGE_7D,,30.0,False,Research-simulated
MOCK09214,BH_POST_DISCHARGE_7D,,30.0,False,Research-simulated
MOCK09226,BH_POST_DISCHARGE_7D,,30.0,False,Research-simulated
MOCK09232,BH_POST_DISCHARGE_7D,,30.0,False,Research-simulated
MOCK09238,BH_POST_DISCHARGE_7D,,30.0,False,Research-simulated
MOCK09244,BH_POST_DISCHARGE_7D,,30.0,False,Research-simulated
MOCK09256,BH_POST_DISCHARGE_7D,,30.0,False,Research-simulated
MOCK09262,BH_POST_DISCHARGE_7D,,30.0,False,Research-simulated
MOCK09268,BH_POST_DISCHARGE_7D,,30.0,False,Research-simulated
MOCK09274,BH_POST_DISCHARGE_7D,,30.0,False,Research-simulated
MOCK09280,BH_POST_DISCHARGE_7D,,30.0,False,Research-simulated
MOCK09286,BH_POST_DISCHARGE_7D,,30.0,False,Research-simulated
MOCK09292,BH_POST_DISCHARGE_7D,,30.0,False,Research-simulated
MOCK09298,BH_POST_DISCHARGE_7D,,30.0,False,Research-simulated
MOCK09304,BH_POST_DISCHARGE_7D,,30.0,False,Research-simulated
MOCK09310,BH_POST_DISCHARGE_7D,,30.0,False,Research-simulated
MOCK09322,BH_POST_DISCHARGE_7D,,30.0,False,Research-simulated
MOCK09328,BH_POST_DISCHARGE_7D,,30.0,False,Research-simulated
MOCK09340,BH_POST_DISCHARGE_7D,,30.0,False,Research-simulated
MOCK09346,BH_POST_DISCHARGE_7D,,30.0,False,Research-simulated
MOCK09352,BH_POST_DISCHARGE_7D,,30.0,False,Research-simulated
MOCK09358,BH_POST_DISCHARGE_7D,,30.0,False,Research-simulated
MOCK09370,BH_POST_DISCHARGE_7D,,30.0,False,Research-simulated
MOCK09376,BH_POST_DISCHARGE_7D,,30.0,False,Research-simulated
MOCK09382,BH_POST_DISCHARGE_7D,,30.0,False,Research-simulated
MOCK09388,BH_POST_DISCHARGE_7D,,30.0,False,Research-simulated
MOCK09394,BH_POST_DISCHARGE_7D,,30.0,False,Research-simulated
MOCK09400,BH_POST_DISCHARGE_7D,,30.0,False,Research-simulated
MOCK09406,BH_POST_DISCHARGE_7D,,30.0,False,Research-simulated
MOCK09412,BH_POST_DISCHARGE_7D,,30.0,False,Research-simulated
MOCK09424,BH_POST_DISCHARGE_7D,,30.0,False,Research-simulated
MOCK09430,BH_POST_DISCHARGE_7D,,30.0,False,Research-simulated
MOCK09436,BH_POST_DISCHARGE_7D,,30.0,False,Research-simulated
MOCK09442,BH_POST_DISCHARGE_7D,,30.0,False,Research-simulated
MOCK09448,BH_POST_DISCHARGE_7D,,30.0,False,Research-simulated
MOCK09460,BH_POST_DISCHARGE_7D,,30.0,False,Research-simulated
MOCK09466,BH_POST_DISCHARGE_7D,,30.0,False,Research-simulated
MOCK09478,BH_POST_DISCHARGE_7D,,30.0,False,Research-simulated
MOCK09484,BH_POST_DISCHARGE_7D,,30.0,False,Research-simulated
MOCK09490,BH_POST_DISCHARGE_7D,,30.0,False,Research-simulated
MOCK09496,BH_POST_DISCHARGE_7D,,30.0,False,Research-simulated
MOCK09502,BH_POST_DISCHARGE_7D,,30.0,False,Research-simulated
MOCK09514,BH_POST_DISCHARGE_7D,,30.0,False,Research-simulated
MOCK09526,BH_POST_DISCHARGE_7D,,30.0,False,Research-simulated
MOCK09532,BH_POST_DISCHARGE_7D,,30.0,False,Research-simulated
MOCK09538,BH_POST_DISCHARGE_7D,,30.0,False,Research-simulated
MOCK09544,BH_POST_DISCHARGE_7D,,30.0,False,Research-simulated
MOCK09550,BH_POST_DISCHARGE_7D,,30.0,False,Research-simulated
MOCK09556,BH_POST_DISCHARGE_7D,,30.0,False,Research-simulated
MOCK09568,BH_POST_DISCHARGE_7D,,30.0,False,Research-simulated
MOCK09574,BH_POST_DISCHARGE_7D,,30.0,False,Research-simulated
MOCK09580,BH_POST_DISCHARGE_7D,,30.0,False,Research-simulated
MOCK09586,BH_POST_DISCHARGE_7D,,30.0,False,Research-simulated
MOCK09592,BH_POST_DISCHARGE_7D,,30.0,False,Research-simulated
MOCK09598,BH_POST_DISCHARGE_7D,,30.0,False,Research-simulated
MOCK09610,BH_POST_DISCHARGE_7D,,30.0,False,Research-simulated
MOCK09616,BH_POST_DISCHARGE_7D,,30.0,False,Research-simulated
MOCK09628,BH_POST_DISCHARGE_7D,,30.0,False,Research-simulated
MOCK09640,BH_POST_DISCHARGE_7D,,30.0,False,Research-simulated
MOCK09646,BH_POST_DISCHARGE_7D,,30.0,False,Research-simulated
MOCK09652,BH_POST_DISCHARGE_7D,,30.0,False,Research-simulated
MOCK09658,BH_POST_DISCHARGE_7D,,30.0,False,Research-simulated
MOCK09664,BH_POST_DISCHARGE_7D,,30.0,False,Research-simulated
MOCK09670,BH_POST_DISCHARGE_7D,,30.0,False,Research-simulated
MOCK09676,BH_POST_DISCHARGE_7D,,30.0,False,Research-simulated
MOCK09682,BH_POST_DISCHARGE_7D,,30.0,False,Research-simulated
MOCK09688,BH_POST_DISCHARGE_7D,,30.0,False,Research-simulated
MOCK09694,BH_POST_DISCHARGE_7D,,30.0,False,Research-simulated
MOCK09700,BH_POST_DISCHARGE_7D,,30.0,False,Research-simulated
MOCK09706,BH_POST_DISCHARGE_7D,,30.0,False,Research-simulated
MOCK09718,BH_POST_DISCHARGE_7D,,30.0,False,Research-simulated
MOCK09730,BH_POST_DISCHARGE_7D,,30.0,False,Research-simulated
MOCK09736,BH_POST_DISCHARGE_7D,,30.0,False,Research-simulated
MOCK09742,BH_POST_DISCHARGE_7D,,30.0,False,Research-simulated
MOCK09748,BH_POST_DISCHARGE_7D,,30.0,False,Research-simulated
MOCK09760,BH_POST_DISCHARGE_7D,,30.0,False,Research-simulated
MOCK09766,BH_POST_DISCHARGE_7D,,30.0,False,Research-simulated
MOCK09772,BH_POST_DISCHARGE_7D,,30.0,False,Research-simulated
MOCK09778,BH_POST_DISCHARGE_7D,,30.0,False,Research-simulated
MOCK09784,BH_POST_DISCHARGE_7D,,30.0,False,Research-simulated
MOCK09790,BH_POST_DISCHARGE_7D,,30.0,False,Research-simulated
MOCK09796,BH_POST_DISCHARGE_7D,,30.0,False,Research-simulated
MOCK09802,BH_POST_DISCHARGE_7D,,30.0,False,Research-simulated
MOCK09808,BH_POST_DISCHARGE_7D,,30.0,False,Research-simulated
MOCK09814,BH_POST_DISCHARGE_7D,,30.0,False,Research-simulated
MOCK09820,BH_POST_DISCHARGE_7D,,30.0,False,Research-simulated
MOCK09826,BH_POST_DISCHARGE_7D,,30.0,False,Research-simulated
MOCK09832,BH_POST_DISCHARGE_7D,,30.0,False,Research-simulated
MOCK09838,BH_POST_DISCHARGE_7D,,30.0,False,Research-simulated
MOCK09844,BH_POST_DISCHARGE_7D,,30.0,False,Research-simulated
MOCK09850,BH_POST_DISCHARGE_7D,,30.0,False,Research-simulated
MOCK09874,BH_POST_DISCHARGE_7D,,30.0,False,Research-simulated
MOCK09880,BH_POST_DISCHARGE_7D,,30.0,False,Research-simulated
MOCK09886,BH_POST_DISCHARGE_7D,,30.0,False,Research-simulated
MOCK09892,BH_POST_DISCHARGE_7D,,30.0,False,Research-simulated
MOCK09898,BH_POST_DISCHARGE_7D,,30.0,False,Research-simulated
MOCK09904,BH_POST_DISCHARGE_7D,,30.0,False,Research-simulated
MOCK09910,BH_POST_DISCHARGE_7D,,30.0,False,Research-simulated
MOCK09928,BH_POST_DISCHARGE_7D,,30.0,False,Research-simulated
MOCK09940,BH_POST_DISCHARGE_7D,,30.0,False,Research-simulated
MOCK09946,BH_POST_DISCHARGE_7D,,30.0,False,Research-simulated
MOCK09952,BH_POST_DISCHARGE_7D,,30.0,False,Research-simulated
MOCK09958,BH_POST_DISCHARGE_7D,,30.0,False,Research-simulated
MOCK09964,BH_POST_DISCHARGE_7D,,30.0,False,Research-simulated
MOCK09970,BH_POST_DISCHARGE_7D,,30.0,False,Research-simulated
MOCK09976,BH_POST_DISCHARGE_7D,,30.0,False,Research-simulated
MOCK09988,BH_POST_DISCHARGE_7D,,30.0,False,Research-simulated
MOCK09994,BH_POST_DISCHARGE_7D,,30.0,False,Research-simulated
MOCK00049,DIAB_BLOOD_SUGAR,,15.0,False,Research-simulated
MOCK00097,DIAB_BLOOD_SUGAR,,15.0,False,Research-simulated
MOCK00151,DIAB_BLOOD_SUGAR,,15.0,False,Research-simulated
MOCK00163,DIAB_BLOOD_SUGAR,,15.0,False,Research-simulated
MOCK00169,DIAB_BLOOD_SUGAR,,15.0,False,Research-simulated
MOCK00199,DIAB_BLOOD_SUGAR,,15.0,False,Research-simulated
MOCK00205,DIAB_BLOOD_SUGAR,,15.0,False,Research-simulated
MOCK00253,DIAB_BLOOD_SUGAR,,15.0,False,Research-simulated
MOCK00265,DIAB_BLOOD_SUGAR,,15.0,False,Research-simulated
MOCK00277,DIAB_BLOOD_SUGAR,,15.0,False,Research-simulated
MOCK00289,DIAB_BLOOD_SUGAR,,15.0,False,Research-simulated
MOCK00295,DIAB_BLOOD_SUGAR,,15.0,False,Research-simulated
MOCK00319,DIAB_BLOOD_SUGAR,,15.0,False,Research-simulated
MOCK00355,DIAB_BLOOD_SUGAR,,15.0,False,Research-simulated
MOCK00367,DIAB_BLOOD_SUGAR,,15.0,False,Research-simulated
MOCK00385,DIAB_BLOOD_SUGAR,,15.0,False,Research-simulated
MOCK00397,DIAB_BLOOD_SUGAR,,15.0,False,Research-simulated
MOCK00457,DIAB_BLOOD_SUGAR,,15.0,False,Research-simulated
MOCK00469,DIAB_BLOOD_SUGAR,,15.0,False,Research-simulated
MOCK00481,DIAB_BLOOD_SUGAR,,15.0,False,Research-simulated
MOCK00487,DIAB_BLOOD_SUGAR,,15.0,False,Research-simulated
MOCK00493,DIAB_BLOOD_SUGAR,,15.0,False,Research-simulated
MOCK00541,DIAB_BLOOD_SUGAR,,15.0,False,Research-simulated
MOCK00571,DIAB_BLOOD_SUGAR,,15.0,False,Research-simulated
MOCK00589,DIAB_BLOOD_SUGAR,,15.0,False,Research-simulated
MOCK00595,DIAB_BLOOD_SUGAR,,15.0,False,Research-simulated
MOCK00607,DIAB_BLOOD_SUGAR,,15.0,False,Research-simulated
MOCK00631,DIAB_BLOOD_SUGAR,,15.0,False,Research-simulated
MOCK00637,DIAB_BLOOD_SUGAR,,15.0,False,Research-simulated
MOCK00661,DIAB_BLOOD_SUGAR,,15.0,False,Research-simulated
MOCK00685,DIAB_BLOOD_SUGAR,,15.0,False,Research-simulated
MOCK00733,DIAB_BLOOD_SUGAR,,15.0,False,Research-simulated
MOCK00745,DIAB_BLOOD_SUGAR,,15.0,False,Research-simulated
MOCK00805,DIAB_BLOOD_SUGAR,,15.0,False,Research-simulated
MOCK00817,DIAB_BLOOD_SUGAR,,15.0,False,Research-simulated
MOCK00829,DIAB_BLOOD_SUGAR,,15.0,False,Research-simulated
MOCK00853,DIAB_BLOOD_SUGAR,,15.0,False,Research-simulated
MOCK00871,DIAB_BLOOD_SUGAR,,15.0,False,Research-simulated
MOCK00883,DIAB_BLOOD_SUGAR,,15.0,False,Research-simulated
MOCK00895,DIAB_BLOOD_SUGAR,,15.0,False,Research-simulated
MOCK00925,DIAB_BLOOD_SUGAR,,15.0,False,Research-simulated
MOCK00931,DIAB_BLOOD_SUGAR,,15.0,False,Research-simulated
MOCK00949,DIAB_BLOOD_SUGAR,,15.0,False,Research-simulated
MOCK00955,DIAB_BLOOD_SUGAR,,15.0,False,Research-simulated
MOCK00985,DIAB_BLOOD_SUGAR,,15.0,False,Research-simulated
MOCK00997,DIAB_BLOOD_SUGAR,,15.0,False,Research-simulated
MOCK01033,DIAB_BLOOD_SUGAR,,15.0,False,Research-simulated
MOCK01039,DIAB_BLOOD_SUGAR,,15.0,False,Research-simulated
MOCK01051,DIAB_BLOOD_SUGAR,,15.0,False,Research-simulated
MOCK01081,DIAB_BLOOD_SUGAR,,15.0,False,Research-simulated
MOCK01093,DIAB_BLOOD_SUGAR,,15.0,False,Research-simulated
MOCK01099,DIAB_BLOOD_SUGAR,,15.0,False,Research-simulated
MOCK01105,DIAB_BLOOD_SUGAR,,15.0,False,Research-simulated
MOCK01117,DIAB_BLOOD_SUGAR,,15.0,False,Research-simulated
MOCK01129,DIAB_BLOOD_SUGAR,,15.0,False,Research-simulated
MOCK01141,DIAB_BLOOD_SUGAR,,15.0,False,Research-simulated
MOCK01159,DIAB_BLOOD_SUGAR,,15.0,False,Research-simulated
MOCK01195,DIAB_BLOOD_SUGAR,,15.0,False,Research-simulated
MOCK01201,DIAB_BLOOD_SUGAR,,15.0,False,Research-simulated
MOCK01213,DIAB_BLOOD_SUGAR,,15.0,False,Research-simulated
MOCK01231,DIAB_BLOOD_SUGAR,,15.0,False,Research-simulated
MOCK01237,DIAB_BLOOD_SUGAR,,15.0,False,Research-simulated
MOCK01249,DIAB_BLOOD_SUGAR,,15.0,False,Research-simulated
MOCK01255,DIAB_BLOOD_SUGAR,,15.0,False,Research-simulated
MOCK01267,DIAB_BLOOD_SUGAR,,15.0,False,Research-simulated
MOCK01273,DIAB_BLOOD_SUGAR,,15.0,False,Research-simulated
MOCK01279,DIAB_BLOOD_SUGAR,,15.0,False,Research-simulated
MOCK01291,DIAB_BLOOD_SUGAR,,15.0,False,Research-simulated
MOCK01321,DIAB_BLOOD_SUGAR,,15.0,False,Research-simulated
MOCK01327,DIAB_BLOOD_SUGAR,,15.0,False,Research-simulated
MOCK01333,DIAB_BLOOD_SUGAR,,15.0,False,Research-simulated
MOCK01357,DIAB_BLOOD_SUGAR,,15.0,False,Research-simulated
MOCK01363,DIAB_BLOOD_SUGAR,,15.0,False,Research-simulated
MOCK01411,DIAB_BLOOD_SUGAR,,15.0,False,Research-simulated
MOCK01435,DIAB_BLOOD_SUGAR,,15.0,False,Research-simulated
MOCK01447,DIAB_BLOOD_SUGAR,,15.0,False,Research-simulated
MOCK01453,DIAB_BLOOD_SUGAR,,15.0,False,Research-simulated
MOCK01471,DIAB_BLOOD_SUGAR,,15.0,False,Research-simulated
MOCK01483,DIAB_BLOOD_SUGAR,,15.0,False,Research-simulated
MOCK01495,DIAB_BLOOD_SUGAR,,15.0,False,Research-simulated
MOCK01501,DIAB_BLOOD_SUGAR,,15.0,False,Research-simulated
MOCK01507,DIAB_BLOOD_SUGAR,,15.0,False,Research-simulated
MOCK01513,DIAB_BLOOD_SUGAR,,15.0,False,Research-simulated
MOCK01519,DIAB_BLOOD_SUGAR,,15.0,False,Research-simulated
MOCK01531,DIAB_BLOOD_SUGAR,,15.0,False,Research-simulated
MOCK01561,DIAB_BLOOD_SUGAR,,15.0,False,Research-simulated
MOCK01567,DIAB_BLOOD_SUGAR,,15.0,False,Research-simulated
MOCK01603,DIAB_BLOOD_SUGAR,,15.0,False,Research-simulated
MOCK01609,DIAB_BLOOD_SUGAR,,15.0,False,Research-simulated
MOCK01615,DIAB_BLOOD_SUGAR,,15.0,False,Research-simulated
MOCK01627,DIAB_BLOOD_SUGAR,,15.0,False,Research-simulated
MOCK01651,DIAB_BLOOD_SUGAR,,15.0,False,Research-simulated
MOCK01663,DIAB_BLOOD_SUGAR,,15.0,False,Research-simulated
MOCK01675,DIAB_BLOOD_SUGAR,,15.0,False,Research-simulated
MOCK01735,DIAB_BLOOD_SUGAR,,15.0,False,Research-simulated
MOCK01765,DIAB_BLOOD_SUGAR,,15.0,False,Research-simulated
MOCK01771,DIAB_BLOOD_SUGAR,,15.0,False,Research-simulated
MOCK01789,DIAB_BLOOD_SUGAR,,15.0,False,Research-simulated
MOCK01795,DIAB_BLOOD_SUGAR,,15.0,False,Research-simulated
MOCK01831,DIAB_BLOOD_SUGAR,,15.0,False,Research-simulated
MOCK01843,DIAB_BLOOD_SUGAR,,15.0,False,Research-simulated
MOCK01867,DIAB_BLOOD_SUGAR,,15.0,False,Research-simulated
MOCK01879,DIAB_BLOOD_SUGAR,,15.0,False,Research-simulated
MOCK01903,DIAB_BLOOD_SUGAR,,15.0,False,Research-simulated
MOCK01909,DIAB_BLOOD_SUGAR,,15.0,False,Research-simulated
MOCK01915,DIAB_BLOOD_SUGAR,,15.0,False,Research-simulated
MOCK01939,DIAB_BLOOD_SUGAR,,15.0,False,Research-simulated
MOCK01957,DIAB_BLOOD_SUGAR,,15.0,False,Research-simulated
MOCK01987,DIAB_BLOOD_SUGAR,,15.0,False,Research-simulated
MOCK01999,DIAB_BLOOD_SUGAR,,15.0,False,Research-simulated
MOCK02011,DIAB_BLOOD_SUGAR,,15.0,False,Research-simulated
MOCK02035,DIAB_BLOOD_SUGAR,,15.0,False,Research-simulated
MOCK02053,DIAB_BLOOD_SUGAR,,15.0,False,Research-simulated
MOCK02071,DIAB_BLOOD_SUGAR,,15.0,False,Research-simulated
MOCK02083,DIAB_BLOOD_SUGAR,,15.0,False,Research-simulated
MOCK02095,DIAB_BLOOD_SUGAR,,15.0,False,Research-simulated
MOCK02107,DIAB_BLOOD_SUGAR,,15.0,False,Research-simulated
MOCK02191,DIAB_BLOOD_SUGAR,,15.0,False,Research-simulated
MOCK02197,DIAB_BLOOD_SUGAR,,15.0,False,Research-simulated
MOCK02239,DIAB_BLOOD_SUGAR,,15.0,False,Research-simulated
MOCK02251,DIAB_BLOOD_SUGAR,,15.0,False,Research-simulated
MOCK02269,DIAB_BLOOD_SUGAR,,15.0,False,Research-simulated
MOCK02293,DIAB_BLOOD_SUGAR,,15.0,False,Research-simulated
MOCK02299,DIAB_BLOOD_SUGAR,,15.0,False,Research-simulated
MOCK02311,DIAB_BLOOD_SUGAR,,15.0,False,Research-simulated
MOCK02359,DIAB_BLOOD_SUGAR,,15.0,False,Research-simulated
MOCK02389,DIAB_BLOOD_SUGAR,,15.0,False,Research-simulated
MOCK02437,DIAB_BLOOD_SUGAR,,15.0,False,Research-simulated
MOCK02449,DIAB_BLOOD_SUGAR,,15.0,False,Research-simulated
MOCK02491,DIAB_BLOOD_SUGAR,,15.0,False,Research-simulated
MOCK02509,DIAB_BLOOD_SUGAR,,15.0,False,Research-simulated
MOCK02515,DIAB_BLOOD_SUGAR,,15.0,False,Research-simulated
MOCK02521,DIAB_BLOOD_SUGAR,,15.0,False,Research-simulated
MOCK02539,DIAB_BLOOD_SUGAR,,15.0,False,Research-simulated
MOCK02557,DIAB_BLOOD_SUGAR,,15.0,False,Research-simulated
MOCK02575,DIAB_BLOOD_SUGAR,,15.0,False,Research-simulated
MOCK02605,DIAB_BLOOD_SUGAR,,15.0,False,Research-simulated
MOCK02617,DIAB_BLOOD_SUGAR,,15.0,False,Research-simulated
MOCK02647,DIAB_BLOOD_SUGAR,,15.0,False,Research-simulated
MOCK02653,DIAB_BLOOD_SUGAR,,15.0,False,Research-simulated
MOCK02677,DIAB_BLOOD_SUGAR,,15.0,False,Research-simulated
MOCK02701,DIAB_BLOOD_SUGAR,,15.0,False,Research-simulated
MOCK02707,DIAB_BLOOD_SUGAR,,15.0,False,Research-simulated
MOCK02719,DIAB_BLOOD_SUGAR,,15.0,False,Research-simulated
MOCK02743,DIAB_BLOOD_SUGAR,,15.0,False,Research-simulated
MOCK02749,DIAB_BLOOD_SUGAR,,15.0,False,Research-simulated
MOCK02755,DIAB_BLOOD_SUGAR,,15.0,False,Research-simulated
MOCK02767,DIAB_BLOOD_SUGAR,,15.0,False,Research-simulated
MOCK02797,DIAB_BLOOD_SUGAR,,15.0,False,Research-simulated
MOCK02809,DIAB_BLOOD_SUGAR,,15.0,False,Research-simulated
MOCK02821,DIAB_BLOOD_SUGAR,,15.0,False,Research-simulated
MOCK02887,DIAB_BLOOD_SUGAR,,15.0,False,Research-simulated
MOCK02893,DIAB_BLOOD_SUGAR,,15.0,False,Research-simulated
MOCK02899,DIAB_BLOOD_SUGAR,,15.0,False,Research-simulated
MOCK02929,DIAB_BLOOD_SUGAR,,15.0,False,Research-simulated
MOCK02941,DIAB_BLOOD_SUGAR,,15.0,False,Research-simulated
MOCK02947,DIAB_BLOOD_SUGAR,,15.0,False,Research-simulated
MOCK03001,DIAB_BLOOD_SUGAR,,15.0,False,Research-simulated
MOCK03019,DIAB_BLOOD_SUGAR,,15.0,False,Research-simulated
MOCK03043,DIAB_BLOOD_SUGAR,,15.0,False,Research-simulated
MOCK03061,DIAB_BLOOD_SUGAR,,15.0,False,Research-simulated
MOCK03073,DIAB_BLOOD_SUGAR,,15.0,False,Research-simulated
MOCK03079,DIAB_BLOOD_SUGAR,,15.0,False,Research-simulated
MOCK03133,DIAB_BLOOD_SUGAR,,15.0,False,Research-simulated
MOCK03139,DIAB_BLOOD_SUGAR,,15.0,False,Research-simulated
MOCK03145,DIAB_BLOOD_SUGAR,,15.0,False,Research-simulated
MOCK03169,DIAB_BLOOD_SUGAR,,15.0,False,Research-simulated
MOCK03175,DIAB_BLOOD_SUGAR,,15.0,False,Research-simulated
MOCK03187,DIAB_BLOOD_SUGAR,,15.0,False,Research-simulated
MOCK03205,DIAB_BLOOD_SUGAR,,15.0,False,Research-simulated
MOCK03229,DIAB_BLOOD_SUGAR,,15.0,False,Research-simulated
MOCK03241,DIAB_BLOOD_SUGAR,,15.0,False,Research-simulated
MOCK03277,DIAB_BLOOD_SUGAR,,15.0,False,Research-simulated
MOCK03295,DIAB_BLOOD_SUGAR,,15.0,False,Research-simulated
MOCK03301,DIAB_BLOOD_SUGAR,,15.0,False,Research-simulated
MOCK03313,DIAB_BLOOD_SUGAR,,15.0,False,Research-simulated
MOCK03343,DIAB_BLOOD_SUGAR,,15.0,False,Research-simulated
MOCK03397,DIAB_BLOOD_SUGAR,,15.0,False,Research-simulated
MOCK03409,DIAB_BLOOD_SUGAR,,15.0,False,Research-simulated
MOCK03415,DIAB_BLOOD_SUGAR,,15.0,False,Research-simulated
MOCK03421,DIAB_BLOOD_SUGAR,,15.0,False,Research-simulated
MOCK03439,DIAB_BLOOD_SUGAR,,15.0,False,Research-simulated
MOCK03445,DIAB_BLOOD_SUGAR,,15.0,False,Research-simulated
MOCK03451,DIAB_BLOOD_SUGAR,,15.0,False,Research-simulated
MOCK03553,DIAB_BLOOD_SUGAR,,15.0,False,Research-simulated
MOCK03571,DIAB_BLOOD_SUGAR,,15.0,False,Research-simulated
MOCK03589,DIAB_BLOOD_SUGAR,,15.0,False,Research-simulated
MOCK03613,DIAB_BLOOD_SUGAR,,15.0,False,Research-simulated
MOCK03631,DIAB_BLOOD_SUGAR,,15.0,False,Research-simulated
MOCK03649,DIAB_BLOOD_SUGAR,,15.0,False,Research-simulated
MOCK03673,DIAB_BLOOD_SUGAR,,15.0,False,Research-simulated
MOCK03679,DIAB_BLOOD_SUGAR,,15.0,False,Research-simulated
MOCK03703,DIAB_BLOOD_SUGAR,,15.0,False,Research-simulated
MOCK03721,DIAB_BLOOD_SUGAR,,15.0,False,Research-simulated
MOCK03751,DIAB_BLOOD_SUGAR,,15.0,False,Research-simulated
MOCK03757,DIAB_BLOOD_SUGAR,,15.0,False,Research-simulated
MOCK03775,DIAB_BLOOD_SUGAR,,15.0,False,Research-simulated
MOCK03811,DIAB_BLOOD_SUGAR,,15.0,False,Research-simulated
MOCK03823,DIAB_BLOOD_SUGAR,,15.0,False,Research-simulated
MOCK03829,DIAB_BLOOD_SUGAR,,15.0,False,Research-simulated
MOCK03835,DIAB_BLOOD_SUGAR,,15.0,False,Research-simulated
MOCK03883,DIAB_BLOOD_SUGAR,,15.0,False,Research-simulated
MOCK03925,DIAB_BLOOD_SUGAR,,15.0,False,Research-simulated
MOCK03931,DIAB_BLOOD_SUGAR,,15.0,False,Research-simulated
MOCK03949,DIAB_BLOOD_SUGAR,,15.0,False,Research-simulated
MOCK03955,DIAB_BLOOD_SUGAR,,15.0,False,Research-simulated
MOCK03997,DIAB_BLOOD_SUGAR,,15.0,False,Research-simulated
MOCK04021,DIAB_BLOOD_SUGAR,,15.0,False,Research-simulated
MOCK04039,DIAB_BLOOD_SUGAR,,15.0,False,Research-simulated
MOCK04057,DIAB_BLOOD_SUGAR,,15.0,False,Research-simulated
MOCK04093,DIAB_BLOOD_SUGAR,,15.0,False,Research-simulated
MOCK04105,DIAB_BLOOD_SUGAR,,15.0,False,Research-simulated
MOCK04111,DIAB_BLOOD_SUGAR,,15.0,False,Research-simulated
MOCK04129,DIAB_BLOOD_SUGAR,,15.0,False,Research-simulated
MOCK04135,DIAB_BLOOD_SUGAR,,15.0,False,Research-simulated
MOCK04141,DIAB_BLOOD_SUGAR,,15.0,False,Research-simulated
MOCK04159,DIAB_BLOOD_SUGAR,,15.0,False,Research-simulated
MOCK04177,DIAB_BLOOD_SUGAR,,15.0,False,Research-simulated
MOCK04195,DIAB_BLOOD_SUGAR,,15.0,False,Research-simulated
MOCK04201,DIAB_BLOOD_SUGAR,,15.0,False,Research-simulated
MOCK04219,DIAB_BLOOD_SUGAR,,15.0,False,Research-simulated
MOCK04231,DIAB_BLOOD_SUGAR,,15.0,False,Research-simulated
MOCK04279,DIAB_BLOOD_SUGAR,,15.0,False,Research-simulated
MOCK04285,DIAB_BLOOD_SUGAR,,15.0,False,Research-simulated
MOCK04327,DIAB_BLOOD_SUGAR,,15.0,False,Research-simulated
MOCK04375,DIAB_BLOOD_SUGAR,,15.0,False,Research-simulated
MOCK04387,DIAB_BLOOD_SUGAR,,15.0,False,Research-simulated
MOCK04399,DIAB_BLOOD_SUGAR,,15.0,False,Research-simulated
MOCK04417,DIAB_BLOOD_SUGAR,,15.0,False,Research-simulated
MOCK04441,DIAB_BLOOD_SUGAR,,15.0,False,Research-simulated
MOCK04453,DIAB_BLOOD_SUGAR,,15.0,False,Research-simulated
MOCK04459,DIAB_BLOOD_SUGAR,,15.0,False,Research-simulated
MOCK04465,DIAB_BLOOD_SUGAR,,15.0,False,Research-simulated
MOCK04477,DIAB_BLOOD_SUGAR,,15.0,False,Research-simulated
MOCK04489,DIAB_BLOOD_SUGAR,,15.0,False,Research-simulated
MOCK04501,DIAB_BLOOD_SUGAR,,15.0,False,Research-simulated
MOCK04591,DIAB_BLOOD_SUGAR,,15.0,False,Research-simulated
MOCK04621,DIAB_BLOOD_SUGAR,,15.0,False,Research-simulated
MOCK04627,DIAB_BLOOD_SUGAR,,15.0,False,Research-simulated
MOCK04633,DIAB_BLOOD_SUGAR,,15.0,False,Research-simulated
MOCK04639,DIAB_BLOOD_SUGAR,,15.0,False,Research-simulated
MOCK04645,DIAB_BLOOD_SUGAR,,15.0,False,Research-simulated
MOCK04657,DIAB_BLOOD_SUGAR,,15.0,False,Research-simulated
MOCK04669,DIAB_BLOOD_SUGAR,,15.0,False,Research-simulated
MOCK04723,DIAB_BLOOD_SUGAR,,15.0,False,Research-simulated
MOCK04729,DIAB_BLOOD_SUGAR,,15.0,False,Research-simulated
MOCK04777,DIAB_BLOOD_SUGAR,,15.0,False,Research-simulated
MOCK04801,DIAB_BLOOD_SUGAR,,15.0,False,Research-simulated
MOCK04819,DIAB_BLOOD_SUGAR,,15.0,False,Research-simulated
MOCK04837,DIAB_BLOOD_SUGAR,,15.0,False,Research-simulated
MOCK04843,DIAB_BLOOD_SUGAR,,15.0,False,Research-simulated
MOCK04855,DIAB_BLOOD_SUGAR,,15.0,False,Research-simulated
MOCK04873,DIAB_BLOOD_SUGAR,,15.0,False,Research-simulated
MOCK04885,DIAB_BLOOD_SUGAR,,15.0,False,Research-simulated
MOCK04891,DIAB_BLOOD_SUGAR,,15.0,False,Research-simulated
MOCK04903,DIAB_BLOOD_SUGAR,,15.0,False,Research-simulated
MOCK04933,DIAB_BLOOD_SUGAR,,15.0,False,Research-simulated
MOCK04951,DIAB_BLOOD_SUGAR,,15.0,False,Research-simulated
MOCK04987,DIAB_BLOOD_SUGAR,,15.0,False,Research-simulated
MOCK04993,DIAB_BLOOD_SUGAR,,15.0,False,Research-simulated
MOCK04999,DIAB_BLOOD_SUGAR,,15.0,False,Research-simulated
MOCK05005,DIAB_BLOOD_SUGAR,,15.0,False,Research-simulated
MOCK05023,DIAB_BLOOD_SUGAR,,15.0,False,Research-simulated
MOCK05041,DIAB_BLOOD_SUGAR,,15.0,False,Research-simulated
MOCK05047,DIAB_BLOOD_SUGAR,,15.0,False,Research-simulated
MOCK05167,DIAB_BLOOD_SUGAR,,15.0,False,Research-simulated
MOCK05179,DIAB_BLOOD_SUGAR,,15.0,False,Research-simulated
MOCK05197,DIAB_BLOOD_SUGAR,,15.0,False,Research-simulated
MOCK05203,DIAB_BLOOD_SUGAR,,15.0,False,Research-simulated
MOCK05209,DIAB_BLOOD_SUGAR,,15.0,False,Research-simulated
MOCK05251,DIAB_BLOOD_SUGAR,,15.0,False,Research-simulated
MOCK05311,DIAB_BLOOD_SUGAR,,15.0,False,Research-simulated
MOCK05317,DIAB_BLOOD_SUGAR,,15.0,False,Research-simulated
MOCK05329,DIAB_BLOOD_SUGAR,,15.0,False,Research-simulated
MOCK05335,DIAB_BLOOD_SUGAR,,15.0,False,Research-simulated
MOCK05341,DIAB_BLOOD_SUGAR,,15.0,False,Research-simulated
MOCK05353,DIAB_BLOOD_SUGAR,,15.0,False,Research-simulated
MOCK05359,DIAB_BLOOD_SUGAR,,15.0,False,Research-simulated
MOCK05371,DIAB_BLOOD_SUGAR,,15.0,False,Research-simulated
MOCK05377,DIAB_BLOOD_SUGAR,,15.0,False,Research-simulated
MOCK05425,DIAB_BLOOD_SUGAR,,15.0,False,Research-simulated
MOCK05443,DIAB_BLOOD_SUGAR,,15.0,False,Research-simulated
MOCK05479,DIAB_BLOOD_SUGAR,,15.0,False,Research-simulated
MOCK05485,DIAB_BLOOD_SUGAR,,15.0,False,Research-simulated
MOCK05521,DIAB_BLOOD_SUGAR,,15.0,False,Research-simulated
MOCK05527,DIAB_BLOOD_SUGAR,,15.0,False,Research-simulated
MOCK05533,DIAB_BLOOD_SUGAR,,15.0,False,Research-simulated
MOCK05539,DIAB_BLOOD_SUGAR,,15.0,False,Research-simulated
MOCK05545,DIAB_BLOOD_SUGAR,,15.0,False,Research-simulated
MOCK05551,DIAB_BLOOD_SUGAR,,15.0,False,Research-simulated
MOCK05569,DIAB_BLOOD_SUGAR,,15.0,False,Research-simulated
MOCK05581,DIAB_BLOOD_SUGAR,,15.0,False,Research-simulated
MOCK05587,DIAB_BLOOD_SUGAR,,15.0,False,Research-simulated
MOCK05593,DIAB_BLOOD_SUGAR,,15.0,False,Research-simulated
MOCK05611,DIAB_BLOOD_SUGAR,,15.0,False,Research-simulated
MOCK05617,DIAB_BLOOD_SUGAR,,15.0,False,Research-simulated
MOCK05629,DIAB_BLOOD_SUGAR,,15.0,False,Research-simulated
MOCK05635,DIAB_BLOOD_SUGAR,,15.0,False,Research-simulated
MOCK05647,DIAB_BLOOD_SUGAR,,15.0,False,Research-simulated
MOCK05671,DIAB_BLOOD_SUGAR,,15.0,False,Research-simulated
MOCK05677,DIAB_BLOOD_SUGAR,,15.0,False,Research-simulated
MOCK05695,DIAB_BLOOD_SUGAR,,15.0,False,Research-simulated
MOCK05725,DIAB_BLOOD_SUGAR,,15.0,False,Research-simulated
MOCK05743,DIAB_BLOOD_SUGAR,,15.0,False,Research-simulated
MOCK05785,DIAB_BLOOD_SUGAR,,15.0,False,Research-simulated
MOCK05869,DIAB_BLOOD_SUGAR,,15.0,False,Research-simulated
MOCK05881,DIAB_BLOOD_SUGAR,,15.0,False,Research-simulated
MOCK05893,DIAB_BLOOD_SUGAR,,15.0,False,Research-simulated
MOCK05905,DIAB_BLOOD_SUGAR,,15.0,False,Research-simulated
MOCK05917,DIAB_BLOOD_SUGAR,,15.0,False,Research-simulated
MOCK05923,DIAB_BLOOD_SUGAR,,15.0,False,Research-simulated
MOCK05965,DIAB_BLOOD_SUGAR,,15.0,False,Research-simulated
MOCK05977,DIAB_BLOOD_SUGAR,,15.0,False,Research-simulated
MOCK06049,DIAB_BLOOD_SUGAR,,15.0,False,Research-simulated
MOCK06109,DIAB_BLOOD_SUGAR,,15.0,False,Research-simulated
MOCK06139,DIAB_BLOOD_SUGAR,,15.0,False,Research-simulated
MOCK06145,DIAB_BLOOD_SUGAR,,15.0,False,Research-simulated
MOCK06151,DIAB_BLOOD_SUGAR,,15.0,False,Research-simulated
MOCK06157,DIAB_BLOOD_SUGAR,,15.0,False,Research-simulated
MOCK06175,DIAB_BLOOD_SUGAR,,15.0,False,Research-simulated
MOCK06187,DIAB_BLOOD_SUGAR,,15.0,False,Research-simulated
MOCK06205,DIAB_BLOOD_SUGAR,,15.0,False,Research-simulated
MOCK06217,DIAB_BLOOD_SUGAR,,15.0,False,Research-simulated
MOCK06253,DIAB_BLOOD_SUGAR,,15.0,False,Research-simulated
MOCK06259,DIAB_BLOOD_SUGAR,,15.0,False,Research-simulated
MOCK06271,DIAB_BLOOD_SUGAR,,15.0,False,Research-simulated
MOCK06277,DIAB_BLOOD_SUGAR,,15.0,False,Research-simulated
MOCK06283,DIAB_BLOOD_SUGAR,,15.0,False,Research-simulated
MOCK06307,DIAB_BLOOD_SUGAR,,15.0,False,Research-simulated
MOCK06319,DIAB_BLOOD_SUGAR,,15.0,False,Research-simulated
MOCK06325,DIAB_BLOOD_SUGAR,,15.0,False,Research-simulated
MOCK06343,DIAB_BLOOD_SUGAR,,15.0,False,Research-simulated
MOCK06349,DIAB_BLOOD_SUGAR,,15.0,False,Research-simulated
MOCK06403,DIAB_BLOOD_SUGAR,,15.0,False,Research-simulated
MOCK06421,DIAB_BLOOD_SUGAR,,15.0,False,Research-simulated
MOCK06427,DIAB_BLOOD_SUGAR,,15.0,False,Research-simulated
MOCK06445,DIAB_BLOOD_SUGAR,,15.0,False,Research-simulated
MOCK06451,DIAB_BLOOD_SUGAR,,15.0,False,Research-simulated
MOCK06463,DIAB_BLOOD_SUGAR,,15.0,False,Research-simulated
MOCK06469,DIAB_BLOOD_SUGAR,,15.0,False,Research-simulated
MOCK06529,DIAB_BLOOD_SUGAR,,15.0,False,Research-simulated
MOCK06541,DIAB_BLOOD_SUGAR,,15.0,False,Research-simulated
MOCK06607,DIAB_BLOOD_SUGAR,,15.0,False,Research-simulated
MOCK06619,DIAB_BLOOD_SUGAR,,15.0,False,Research-simulated
MOCK06631,DIAB_BLOOD_SUGAR,,15.0,False,Research-simulated
MOCK06649,DIAB_BLOOD_SUGAR,,15.0,False,Research-simulated
MOCK06685,DIAB_BLOOD_SUGAR,,15.0,False,Research-simulated
MOCK06697,DIAB_BLOOD_SUGAR,,15.0,False,Research-simulated
MOCK06703,DIAB_BLOOD_SUGAR,,15.0,False,Research-simulated
MOCK06715,DIAB_BLOOD_SUGAR,,15.0,False,Research-simulated
MOCK06727,DIAB_BLOOD_SUGAR,,15.0,False,Research-simulated
MOCK06751,DIAB_BLOOD_SUGAR,,15.0,False,Research-simulated
MOCK06781,DIAB_BLOOD_SUGAR,,15.0,False,Research-simulated
MOCK06787,DIAB_BLOOD_SUGAR,,15.0,False,Research-simulated
MOCK06817,DIAB_BLOOD_SUGAR,,15.0,False,Research-simulated
MOCK06823,DIAB_BLOOD_SUGAR,,15.0,False,Research-simulated
MOCK06841,DIAB_BLOOD_SUGAR,,15.0,False,Research-simulated
MOCK06871,DIAB_BLOOD_SUGAR,,15.0,False,Research-simulated
MOCK06913,DIAB_BLOOD_SUGAR,,15.0,False,Research-simulated
MOCK06931,DIAB_BLOOD_SUGAR,,15.0,False,Research-simulated
MOCK06937,DIAB_BLOOD_SUGAR,,15.0,False,Research-simulated
MOCK06943,DIAB_BLOOD_SUGAR,,15.0,False,Research-simulated
MOCK06967,DIAB_BLOOD_SUGAR,,15.0,False,Research-simulated
MOCK06973,DIAB_BLOOD_SUGAR,,15.0,False,Research-simulated
MOCK06979,DIAB_BLOOD_SUGAR,,15.0,False,Research-simulated
MOCK07057,DIAB_BLOOD_SUGAR,,15.0,False,Research-simulated
MOCK07063,DIAB_BLOOD_SUGAR,,15.0,False,Research-simulated
MOCK07081,DIAB_BLOOD_SUGAR,,15.0,False,Research-simulated
MOCK07099,DIAB_BLOOD_SUGAR,,15.0,False,Research-simulated
MOCK07105,DIAB_BLOOD_SUGAR,,15.0,False,Research-simulated
MOCK07129,DIAB_BLOOD_SUGAR,,15.0,False,Research-simulated
MOCK07147,DIAB_BLOOD_SUGAR,,15.0,False,Research-simulated
MOCK07159,DIAB_BLOOD_SUGAR,,15.0,False,Research-simulated
MOCK07165,DIAB_BLOOD_SUGAR,,15.0,False,Research-simulated
MOCK07171,DIAB_BLOOD_SUGAR,,15.0,False,Research-simulated
MOCK07219,DIAB_BLOOD_SUGAR,,15.0,False,Research-simulated
MOCK07237,DIAB_BLOOD_SUGAR,,15.0,False,Research-simulated
MOCK07267,DIAB_BLOOD_SUGAR,,15.0,False,Research-simulated
MOCK07291,DIAB_BLOOD_SUGAR,,15.0,False,Research-simulated
MOCK07357,DIAB_BLOOD_SUGAR,,15.0,False,Research-simulated
MOCK07423,DIAB_BLOOD_SUGAR,,15.0,False,Research-simulated
MOCK07435,DIAB_BLOOD_SUGAR,,15.0,False,Research-simulated
MOCK07441,DIAB_BLOOD_SUGAR,,15.0,False,Research-simulated
MOCK07477,DIAB_BLOOD_SUGAR,,15.0,False,Research-simulated
MOCK07489,DIAB_BLOOD_SUGAR,,15.0,False,Research-simulated
MOCK07501,DIAB_BLOOD_SUGAR,,15.0,False,Research-simulated
MOCK07507,DIAB_BLOOD_SUGAR,,15.0,False,Research-simulated
MOCK07513,DIAB_BLOOD_SUGAR,,15.0,False,Research-simulated
MOCK07525,DIAB_BLOOD_SUGAR,,15.0,False,Research-simulated
MOCK07531,DIAB_BLOOD_SUGAR,,15.0,False,Research-simulated
MOCK07537,DIAB_BLOOD_SUGAR,,15.0,False,Research-simulated
MOCK07549,DIAB_BLOOD_SUGAR,,15.0,False,Research-simulated
MOCK07567,DIAB_BLOOD_SUGAR,,15.0,False,Research-simulated
MOCK07573,DIAB_BLOOD_SUGAR,,15.0,False,Research-simulated
MOCK07585,DIAB_BLOOD_SUGAR,,15.0,False,Research-simulated
MOCK07651,DIAB_BLOOD_SUGAR,,15.0,False,Research-simulated
MOCK07663,DIAB_BLOOD_SUGAR,,15.0,False,Research-simulated
MOCK07675,DIAB_BLOOD_SUGAR,,15.0,False,Research-simulated
MOCK07687,DIAB_BLOOD_SUGAR,,15.0,False,Research-simulated
MOCK07693,DIAB_BLOOD_SUGAR,,15.0,False,Research-simulated
MOCK07705,DIAB_BLOOD_SUGAR,,15.0,False,Research-simulated
MOCK07723,DIAB_BLOOD_SUGAR,,15.0,False,Research-simulated
MOCK07729,DIAB_BLOOD_SUGAR,,15.0,False,Research-simulated
MOCK07735,DIAB_BLOOD_SUGAR,,15.0,False,Research-simulated
MOCK07741,DIAB_BLOOD_SUGAR,,15.0,False,Research-simulated
MOCK07753,DIAB_BLOOD_SUGAR,,15.0,False,Research-simulated
MOCK07759,DIAB_BLOOD_SUGAR,,15.0,False,Research-simulated
MOCK07765,DIAB_BLOOD_SUGAR,,15.0,False,Research-simulated
MOCK07771,DIAB_BLOOD_SUGAR,,15.0,False,Research-simulated
MOCK07777,DIAB_BLOOD_SUGAR,,15.0,False,Research-simulated
MOCK07831,DIAB_BLOOD_SUGAR,,15.0,False,Research-simulated
MOCK07837,DIAB_BLOOD_SUGAR,,15.0,False,Research-simulated
MOCK07873,DIAB_BLOOD_SUGAR,,15.0,False,Research-simulated
MOCK07879,DIAB_BLOOD_SUGAR,,15.0,False,Research-simulated
MOCK07885,DIAB_BLOOD_SUGAR,,15.0,False,Research-simulated
MOCK07891,DIAB_BLOOD_SUGAR,,15.0,False,Research-simulated
MOCK07915,DIAB_BLOOD_SUGAR,,15.0,False,Research-simulated
MOCK07927,DIAB_BLOOD_SUGAR,,15.0,False,Research-simulated
MOCK07951,DIAB_BLOOD_SUGAR,,15.0,False,Research-simulated
MOCK07975,DIAB_BLOOD_SUGAR,,15.0,False,Research-simulated
MOCK08017,DIAB_BLOOD_SUGAR,,15.0,False,Research-simulated
MOCK08023,DIAB_BLOOD_SUGAR,,15.0,False,Research-simulated
MOCK08029,DIAB_BLOOD_SUGAR,,15.0,False,Research-simulated
MOCK08047,DIAB_BLOOD_SUGAR,,15.0,False,Research-simulated
MOCK08053,DIAB_BLOOD_SUGAR,,15.0,False,Research-simulated
MOCK08059,DIAB_BLOOD_SUGAR,,15.0,False,Research-simulated
MOCK08065,DIAB_BLOOD_SUGAR,,15.0,False,Research-simulated
MOCK08077,DIAB_BLOOD_SUGAR,,15.0,False,Research-simulated
MOCK08155,DIAB_BLOOD_SUGAR,,15.0,False,Research-simulated
MOCK08161,DIAB_BLOOD_SUGAR,,15.0,False,Research-simulated
MOCK08191,DIAB_BLOOD_SUGAR,,15.0,False,Research-simulated
MOCK08221,DIAB_BLOOD_SUGAR,,15.0,False,Research-simulated
MOCK08251,DIAB_BLOOD_SUGAR,,15.0,False,Research-simulated
MOCK08257,DIAB_BLOOD_SUGAR,,15.0,False,Research-simulated
MOCK08281,DIAB_BLOOD_SUGAR,,15.0,False,Research-simulated
MOCK08287,DIAB_BLOOD_SUGAR,,15.0,False,Research-simulated
MOCK08293,DIAB_BLOOD_SUGAR,,15.0,False,Research-simulated
MOCK08311,DIAB_BLOOD_SUGAR,,15.0,False,Research-simulated
MOCK08323,DIAB_BLOOD_SUGAR,,15.0,False,Research-simulated
MOCK08335,DIAB_BLOOD_SUGAR,,15.0,False,Research-simulated
MOCK08353,DIAB_BLOOD_SUGAR,,15.0,False,Research-simulated
MOCK08371,DIAB_BLOOD_SUGAR,,15.0,False,Research-simulated
MOCK08401,DIAB_BLOOD_SUGAR,,15.0,False,Research-simulated
MOCK08407,DIAB_BLOOD_SUGAR,,15.0,False,Research-simulated
MOCK08431,DIAB_BLOOD_SUGAR,,15.0,False,Research-simulated
MOCK08455,DIAB_BLOOD_SUGAR,,15.0,False,Research-simulated
MOCK08485,DIAB_BLOOD_SUGAR,,15.0,False,Research-simulated
MOCK08503,DIAB_BLOOD_SUGAR,,15.0,False,Research-simulated
MOCK08509,DIAB_BLOOD_SUGAR,,15.0,False,Research-simulated
MOCK08533,DIAB_BLOOD_SUGAR,,15.0,False,Research-simulated
MOCK08539,DIAB_BLOOD_SUGAR,,15.0,False,Research-simulated
MOCK08599,DIAB_BLOOD_SUGAR,,15.0,False,Research-simulated
MOCK08605,DIAB_BLOOD_SUGAR,,15.0,False,Research-simulated
MOCK08635,DIAB_BLOOD_SUGAR,,15.0,False,Research-simulated
MOCK08647,DIAB_BLOOD_SUGAR,,15.0,False,Research-simulated
MOCK08683,DIAB_BLOOD_SUGAR,,15.0,False,Research-simulated
MOCK08707,DIAB_BLOOD_SUGAR,,15.0,False,Research-simulated
MOCK08713,DIAB_BLOOD_SUGAR,,15.0,False,Research-simulated
MOCK08719,DIAB_BLOOD_SUGAR,,15.0,False,Research-simulated
MOCK08725,DIAB_BLOOD_SUGAR,,15.0,False,Research-simulated
MOCK08755,DIAB_BLOOD_SUGAR,,15.0,False,Research-simulated
MOCK08767,DIAB_BLOOD_SUGAR,,15.0,False,Research-simulated
MOCK08779,DIAB_BLOOD_SUGAR,,15.0,False,Research-simulated
MOCK08791,DIAB_BLOOD_SUGAR,,15.0,False,Research-simulated
MOCK08809,DIAB_BLOOD_SUGAR,,15.0,False,Research-simulated
MOCK08821,DIAB_BLOOD_SUGAR,,15.0,False,Research-simulated
MOCK08857,DIAB_BLOOD_SUGAR,,15.0,False,Research-simulated
MOCK08869,DIAB_BLOOD_SUGAR,,15.0,False,Research-simulated
MOCK08899,DIAB_BLOOD_SUGAR,,15.0,False,Research-simulated
MOCK08905,DIAB_BLOOD_SUGAR,,15.0,False,Research-simulated
MOCK08923,DIAB_BLOOD_SUGAR,,15.0,False,Research-simulated
MOCK08935,DIAB_BLOOD_SUGAR,,15.0,False,Research-simulated
MOCK08947,DIAB_BLOOD_SUGAR,,15.0,False,Research-simulated
MOCK08965,DIAB_BLOOD_SUGAR,,15.0,False,Research-simulated
MOCK08977,DIAB_BLOOD_SUGAR,,15.0,False,Research-simulated
MOCK08995,DIAB_BLOOD_SUGAR,,15.0,False,Research-simulated
MOCK09007,DIAB_BLOOD_SUGAR,,15.0,False,Research-simulated
MOCK09019,DIAB_BLOOD_SUGAR,,15.0,False,Research-simulated
MOCK09037,DIAB_BLOOD_SUGAR,,15.0,False,Research-simulated
MOCK09049,DIAB_BLOOD_SUGAR,,15.0,False,Research-simulated
MOCK09067,DIAB_BLOOD_SUGAR,,15.0,False,Research-simulated
MOCK09073,DIAB_BLOOD_SUGAR,,15.0,False,Research-simulated
MOCK09079,DIAB_BLOOD_SUGAR,,15.0,False,Research-simulated
MOCK09115,DIAB_BLOOD_SUGAR,,15.0,False,Research-simulated
MOCK09127,DIAB_BLOOD_SUGAR,,15.0,False,Research-simulated
MOCK09133,DIAB_BLOOD_SUGAR,,15.0,False,Research-simulated
MOCK09139,DIAB_BLOOD_SUGAR,,15.0,False,Research-simulated
MOCK09157,DIAB_BLOOD_SUGAR,,15.0,False,Research-simulated
MOCK09175,DIAB_BLOOD_SUGAR,,15.0,False,Research-simulated
MOCK09193,DIAB_BLOOD_SUGAR,,15.0,False,Research-simulated
MOCK09199,DIAB_BLOOD_SUGAR,,15.0,False,Research-simulated
MOCK09211,DIAB_BLOOD_SUGAR,,15.0,False,Research-simulated
MOCK09217,DIAB_BLOOD_SUGAR,,15.0,False,Research-simulated
MOCK09235,DIAB_BLOOD_SUGAR,,15.0,False,Research-simulated
MOCK09241,DIAB_BLOOD_SUGAR,,15.0,False,Research-simulated
MOCK09259,DIAB_BLOOD_SUGAR,,15.0,False,Research-simulated
MOCK09343,DIAB_BLOOD_SUGAR,,15.0,False,Research-simulated
MOCK09367,DIAB_BLOOD_SUGAR,,15.0,False,Research-simulated
MOCK09433,DIAB_BLOOD_SUGAR,,15.0,False,Research-simulated
MOCK09469,DIAB_BLOOD_SUGAR,,15.0,False,Research-simulated
MOCK09475,DIAB_BLOOD_SUGAR,,15.0,False,Research-simulated
MOCK09487,DIAB_BLOOD_SUGAR,,15.0,False,Research-simulated
MOCK09505,DIAB_BLOOD_SUGAR,,15.0,False,Research-simulated
MOCK09529,DIAB_BLOOD_SUGAR,,15.0,False,Research-simulated
MOCK09535,DIAB_BLOOD_SUGAR,,15.0,False,Research-simulated
MOCK09547,DIAB_BLOOD_SUGAR,,15.0,False,Research-simulated
MOCK09565,DIAB_BLOOD_SUGAR,,15.0,False,Research-simulated
MOCK09595,DIAB_BLOOD_SUGAR,,15.0,False,Research-simulated
MOCK09601,DIAB_BLOOD_SUGAR,,15.0,False,Research-simulated
MOCK09607,DIAB_BLOOD_SUGAR,,15.0,False,Research-simulated
MOCK09613,DIAB_BLOOD_SUGAR,,15.0,False,Research-simulated
MOCK09625,DIAB_BLOOD_SUGAR,,15.0,False,Research-simulated
MOCK09631,DIAB_BLOOD_SUGAR,,15.0,False,Research-simulated
MOCK09637,DIAB_BLOOD_SUGAR,,15.0,False,Research-simulated
MOCK09643,DIAB_BLOOD_SUGAR,,15.0,False,Research-simulated
MOCK09673,DIAB_BLOOD_SUGAR,,15.0,False,Research-simulated
MOCK09715,DIAB_BLOOD_SUGAR,,15.0,False,Research-simulated
MOCK09733,DIAB_BLOOD_SUGAR,,15.0,False,Research-simulated
MOCK09751,DIAB_BLOOD_SUGAR,,15.0,False,Research-simulated
MOCK09769,DIAB_BLOOD_SUGAR,,15.0,False,Research-simulated
MOCK09799,DIAB_BLOOD_SUGAR,,15.0,False,Research-simulated
MOCK09823,DIAB_BLOOD_SUGAR,,15.0,False,Research-simulated
MOCK09853,DIAB_BLOOD_SUGAR,,15.0,False,Research-simulated
MOCK09907,DIAB_BLOOD_SUGAR,,15.0,False,Research-simulated
MOCK09925,DIAB_BLOOD_SUGAR,,15.0,False,Research-simulated
MOCK09931,DIAB_BLOOD_SUGAR,,15.0,False,Research-simulated
MOCK09937,DIAB_BLOOD_SUGAR,,15.0,False,Research-simulated
MOCK09973,DIAB_BLOOD_SUGAR,,15.0,False,Research-simulated
MOCK09979,DIAB_BLOOD_SUGAR,,15.0,False,Research-simulated
MOCK09991,DIAB_BLOOD_SUGAR,,15.0,False,Research-simulated
MOCK09997,DIAB_BLOOD_SUGAR,,15.0,False,Research-simulated
